Actual_Price,GRU_General_Pred,GRU_Optimized_Pred,LSTM_General_Pred,LSTM_Optimized_Pred,Ensemble_Pred
1745.0,2541.3202771544456,2667.8377652168274,2502.4207002669573,2647.5140953063965,2589.7732094861567
2700.0,2579.781633168459,2659.47275146842,2495.146696269512,2643.917644843459,2594.5796814374626
2850.0000000000005,2577.6063860207796,2691.059672385454,2496.0317273437977,2673.6854453384876,2609.59580777213
2700.0,2601.702257245779,2739.419237077236,2521.4439129829407,2708.453720957041,2642.754782065749
1745.0,2623.80672596395,2769.64871391654,2545.4667749255896,2723.407079130411,2665.5823234841228
2225.0000000000005,2684.333568364382,2759.8241752386093,2565.2171072363853,2708.2284162938595,2679.400816783309
2300.0000000000005,2686.6125481575727,2734.5599903166294,2567.7699544280767,2692.9270251840353,2670.4673795215786
2850.0000000000005,2734.565276056528,2705.676725357771,2539.967127740383,2689.458753913641,2667.416970767081
2600.0,2741.7543778568506,2733.682887852192,2551.4997863024473,2722.183925881982,2687.280244473368
2850.0000000000005,2759.4452537596226,2769.7745805978775,2550.2455793321133,2749.4481026381254,2707.2283790819347
2975.0,2769.9612332880497,2776.2027010321617,2519.2199379205704,2736.2714137881994,2700.4138215072453
2550.0,2717.362670376897,2737.411977350712,2470.903485044837,2682.9655528068542,2652.160921394825
2700.0,2672.603685632348,2721.764535456896,2434.9867172539234,2657.6176219433546,2621.7431400716305
1599.9999999999998,2637.3261620104313,2712.2019712626934,2479.03031013906,2634.0651908516884,2615.6559085659683
2030.0,2615.284626632929,2692.451143413782,2520.9221113473177,2609.746492654085,2609.6010935120285
2500.0,2595.223096385598,2677.3312844336033,2540.6364345550537,2601.34563498199,2603.6341125890613
2890.0,2572.2803423553705,2677.639839500189,2475.3506092727184,2608.528294786811,2583.449771478772
2600.0,2526.360311806202,2664.2200066149235,2412.9846597462893,2597.2404320538044,2550.2013525553048
1800.0,2514.1112703084946,2680.7696582376957,2367.4255461245775,2616.226644590497,2544.633279815316
2500.0,2550.57676397264,2707.548207640648,2395.3202125430107,2632.707746773958,2571.538232732564
2850.0000000000005,2585.5741433799267,2728.4097015857697,2467.9300911724567,2644.5474737882614,2606.6153524816036
2600.0,2627.9267950356007,2760.9738236665726,2483.0758833140135,2667.0273952186108,2634.7509743086994
2600.0,2665.7353621721268,2774.6794168651104,2540.584568232298,2669.2011557519436,2662.5501257553697
2975.0,2707.7951508015394,2792.1226888895035,2504.673251360655,2683.3081348240376,2671.974806468934
1725.0,2688.7260182201862,2765.3586752712727,2479.6209915727377,2648.9422361552715,2645.661980304867
2550.0,2689.496414810419,2717.044700086117,2425.893427655101,2616.555847078562,2612.2475974075496
1599.9999999999998,2681.0796999186277,2709.7629326581955,2439.300541728735,2620.445656105876,2612.6472076028585
1800.0,2676.987546160817,2697.9367503523827,2475.3852969408035,2612.1848705410957,2615.6236159987748
2920.0,2677.9204792529345,2708.8656783103943,2489.9681577831507,2631.7592868208885,2627.128400541842
2030.0,2653.768777400255,2684.7623740136623,2484.2050494998693,2616.8285582214594,2609.8911897838116
2300.0000000000005,2646.2212363630533,2663.8582637906075,2464.533012211323,2602.829276099801,2594.360447116196
2225.0000000000005,2658.392643555999,2635.0331419706345,2400.998748987913,2593.967072442174,2572.09790173918
2975.0,2629.8836750537157,2615.037187933922,2393.0883088707924,2586.001297235489,2556.0026172734797
2850.0000000000005,2589.721301868558,2593.543717712164,2387.5739607214928,2577.242165505886,2537.020286452025
1800.0,2567.5306095182896,2618.7140807509422,2392.046027034521,2605.851728245616,2546.035611387342
2910.0,2623.089186772704,2655.9111538529396,2451.3120552897453,2633.1933741271496,2590.8764425106347
2700.0,2633.685773834586,2651.1695148050785,2491.320316120982,2621.9975163042545,2599.5432802662253
2550.0,2635.1074726879597,2675.645133405924,2473.149759322405,2642.335391640663,2606.559439264238
2030.0,2629.9079564213753,2704.2211647331715,2504.4867638498545,2651.669843122363,2622.571432031691
1599.9999999999998,2648.3669164031744,2697.2548899054527,2514.4284147024155,2633.7439169734716,2623.4485344961286
2500.0,2659.676417633891,2695.052388161421,2512.713522464037,2625.7594764977694,2623.3004511892796
2700.0,2652.5160570442677,2697.7709102630615,2481.2460262328386,2633.7660510092974,2616.3247611373663
2500.0,2635.0859993696213,2713.647621124983,2464.7340355068445,2637.2105364501476,2612.669548112899
2225.0000000000005,2633.792314529419,2713.412075340748,2461.4912340790033,2637.631578668952,2611.5818006545305
2500.0,2629.351467117667,2697.529087662697,2457.9646544903517,2626.437868177891,2602.8207693621516
1705.0000000000002,2590.8853209018707,2703.4012143313885,2438.3021976053715,2642.803675159812,2593.8481019996107
2500.0,2629.5658699423075,2690.4012674093246,2439.0306386351585,2638.4209708869457,2599.354686718434
1599.9999999999998,2622.4489515274763,2714.7781087458134,2436.0299901664257,2669.748229831457,2610.751320067793
2975.0,2645.6703631579876,2729.3224827945232,2475.6158873438835,2669.751533418894,2630.090066678822
2030.0,2628.588173240423,2705.338768362999,2451.3409616798162,2646.939271092415,2608.0517935939133
2300.0000000000005,2612.2912460565567,2682.0283250510693,2428.2204746454954,2633.767372444272,2589.0768545493484
2850.0000000000005,2663.092492222786,2652.8731748461723,2412.9356014728546,2628.2944843173027,2589.298938214779
2830.0,2667.295646518469,2683.908066302538,2446.569590345025,2662.5862174481153,2615.089880153537
2700.0,2656.901734545827,2677.6907147467136,2457.6704700291157,2652.2730781883,2611.133999377489
2975.0,2631.1659625172615,2679.1063019633293,2449.6282167732716,2652.5609858334064,2603.115366771817
2920.0,2596.0805425047874,2656.345905959606,2411.606237888336,2630.4286018013954,2573.6153220385313
1599.9999999999998,2582.895264327526,2621.8425780534744,2394.2419216036797,2607.96073846519,2551.7351256124675
2400.0000000000005,2555.5047253519297,2616.737544387579,2395.4853919148445,2607.64276817441,2543.8426074571908
2500.0,2559.470021352172,2634.6393543481827,2427.8210709244013,2620.293360725045,2560.5559518374503
2030.0,2570.5859323590994,2642.2686591744423,2459.4537465274334,2631.079078167677,2575.846854057163
2850.0000000000005,2587.68397949636,2647.6432655751705,2481.489996165037,2633.648938834667,2587.6165450178087
2225.0000000000005,2588.0450616031885,2688.1046134233475,2497.120589762926,2667.8265330195427,2610.274199452251
2930.0,2593.8976971060038,2693.795042783022,2532.3029700666666,2665.2140560746193,2621.302441507578
1700.0000000000002,2572.957742959261,2672.340224534273,2492.1628960967064,2651.5818025171757,2597.260666526854
2850.0000000000005,2607.140788063407,2642.802849262953,2462.2802959382534,2633.4556789696217,2586.4199030585587
2300.0000000000005,2598.859685435891,2673.9490716159344,2501.9456443935633,2669.877565279603,2611.157991681248
2500.0,2649.4323233515024,2669.4664338231087,2519.405269175768,2670.2556608617306,2627.1399218030274
2850.0000000000005,2665.683495849371,2712.443793863058,2581.4725743979216,2708.964455574751,2667.1410799212754
2500.0,2678.7024383991957,2763.272129446268,2606.235274747014,2738.2104544341564,2696.6050742566586
2550.0,2712.4323964864016,2788.0804193019867,2641.0787069797516,2743.990080654621,2721.3954008556902
1709.9999999999998,2673.9071160554886,2778.5911947488785,2575.1437267661095,2713.8090013712645,2685.3627597354352
2030.0,2666.44365131855,2723.6997769773006,2548.0301935970783,2663.3035914599895,2650.3693033382297
2600.0,2642.4396198242903,2692.0124270021915,2538.6199247837067,2640.031800121069,2628.2759429328144
2225.0000000000005,2629.3749225884676,2704.247263073921,2460.488925650716,2654.9273455142975,2612.2596142068505
2500.0,2634.8046988993883,2689.5129327476025,2490.3578159213066,2636.982754096389,2612.9145504161716
2600.0,2654.3829143047333,2689.897139966488,2468.271682113409,2638.653047904372,2612.8011960722506
2750.0000000000005,2673.140353411436,2707.4355553090572,2450.749949887395,2637.6598243415356,2617.246420737356
1599.9999999999998,2700.146850347519,2728.2398971915245,2459.5290683209896,2645.506174862385,2633.3554976806045
2300.0000000000005,2749.061748087406,2727.5910726189613,2525.49543261528,2633.3486427366734,2658.8742240145802
2975.0,2786.838931143284,2695.0447899103165,2503.849336653948,2620.4610177874565,2651.548518873751
2870.0,2736.5971475094557,2656.358789950609,2406.2509574741125,2591.059915497899,2597.566702608019
2500.0,2687.028634995222,2612.1297006309032,2337.4554008990526,2562.482397556305,2549.7740335203707
2550.0,2667.564888894558,2628.629137724638,2305.4796477407217,2584.192252755165,2546.4664817787707
2975.0,2680.4776211082935,2660.916749536991,2388.6458096653223,2603.137335628271,2583.2943789847195
2800.0,2629.1831493377686,2634.569318294525,2422.7320596575737,2576.0462668538094,2565.632698535919
2840.0000000000005,2608.7952246516943,2652.387547492981,2450.567922219634,2595.1405066996813,2576.7228002659976
2500.0,2584.9998147040606,2635.701457709074,2449.501689374447,2580.966299623251,2562.792315352708
2500.0,2559.511646553874,2663.4664583206177,2442.6982814073563,2608.5178884863853,2568.5485686920583
2975.0,2564.345786049962,2683.270143568516,2456.4007361978292,2620.7124207913876,2581.1822716519237
2750.0000000000005,2539.182030186057,2665.3907980024815,2431.593107059598,2598.1786508858204,2558.586146533489
1800.0,2525.832398533821,2687.275082617998,2427.2037956118584,2615.152483135462,2563.865939974785
2225.0000000000005,2547.2824265807867,2715.1329140365124,2451.0416566580534,2638.546837568283,2588.000958710909
2300.0000000000005,2577.2783397883177,2704.655916839838,2513.0993814766407,2628.415395617485,2605.8622584305704
1730.0,2626.6986864060163,2677.765045464039,2510.333287715912,2621.0317125171423,2608.9571830257773
1740.0,2656.4080134034157,2648.761860281229,2480.213159620762,2605.48189163208,2597.7162312343717
1599.9999999999998,2696.164540871978,2629.7107322514057,2500.3752841055393,2601.05921395123,2606.827442795038
2225.0000000000005,2709.7090841829777,2633.5491704940796,2488.7588796019554,2608.472629338503,2610.122440904379
2859.9999999999995,2731.31735406816,2618.8191348314285,2519.818713143468,2606.066296249628,2619.005374573171
1800.0,2708.726927638054,2590.18628180027,2427.4390110373497,2592.820232063532,2579.7931131348014
2975.0,2778.7520794570446,2609.5145808160305,2441.7556027323008,2612.439081594348,2610.615336149931
2500.0,2784.0485560148954,2593.5810482501984,2437.9691959917545,2598.331111446023,2603.482477925718
2850.0000000000005,2777.911977171898,2598.337883800268,2437.799556776881,2604.837031364441,2604.721612278372
2300.0000000000005,2779.8554776608944,2644.0393820405006,2460.215388610959,2640.6185172498226,2631.182191390544
2030.0,2818.9977030456066,2645.5831484496593,2473.6433152854443,2638.4599532186985,2644.171029999852
2225.0000000000005,2816.8718445301056,2650.6227710843086,2501.1831764131784,2633.169918656349,2650.4619276709855
2790.0,2799.4176706671715,2648.4721356630325,2495.240518152714,2630.235176756978,2643.341375309974
1599.9999999999998,2761.4260847866535,2625.2574963867664,2408.435124307871,2614.4911049306393,2602.4024526029825
1800.0,2742.522296756506,2626.7847448587418,2393.7660398334265,2617.0639388263226,2595.034255068749
2550.0,2763.3415047824383,2656.21475353837,2398.6609653383493,2643.968520089984,2615.5464359372854
2750.0000000000005,2773.8066090643406,2688.91729593277,2428.9061342179775,2660.475390255451,2638.026357367635
2300.0000000000005,2767.863785624504,2724.502548724413,2480.252967849374,2678.639505058527,2662.8147018142045
2700.0,2778.9052007347345,2709.620217680931,2467.1025425195694,2664.471739977598,2655.0249252282083
2030.0,2756.346158385277,2736.3310435414314,2428.510199263692,2684.6143732964993,2651.450443621725
2975.0,2717.1107718348503,2748.438691496849,2444.0578728169203,2681.8989896029234,2647.8765814378858
1750.0,2646.9904766976833,2721.864964514971,2390.5389304459095,2655.26893645525,2603.6658270284534
2500.0,2656.5650989860296,2684.573078453541,2369.9280136078596,2635.924284681678,2586.747618932277
2700.0,2649.3855775892735,2684.3348897993565,2395.5352760851383,2650.7968701422215,2595.0131534039974
2300.0000000000005,2682.6513816416264,2726.394843608141,2447.0890794694424,2692.084445208311,2637.05493748188
2850.0000000000005,2742.7981463074684,2731.932647228241,2498.7770085036755,2698.1686621904373,2667.9191160574555
2225.0000000000005,2740.88239595294,2769.6232762932777,2512.2923150658607,2726.511129885912,2687.3272792994976
2500.0,2762.9049357026815,2764.9870216846466,2564.6028051525354,2711.1809975653887,2700.918940026313
1750.0,2742.2533847391605,2769.031603783369,2530.1145085692406,2719.8309457302094,2690.307610705495
2800.0,2767.735441252589,2750.8516317605972,2502.0011446624994,2707.1640004217625,2681.938054524362
2500.0,2727.1267534047365,2712.6588574051857,2396.6540359705687,2682.2562725842,2629.6739798411727
2770.0,2727.9615699499846,2714.0364533662796,2410.8170108497143,2693.6344884335995,2636.6123806498945
2030.0,2737.5188484042883,2692.8779669106007,2399.0882843732834,2679.4936475902796,2627.244686819613
2850.0000000000005,2760.5245357751846,2685.9936210513115,2433.3605263382196,2677.696496024728,2639.393794797361
7009.0,2772.7801844477654,2724.350583702326,2487.8148794919252,2714.9669087678194,2674.978139102459
2600.0,2742.8478652983904,2712.186444401741,2470.9855791926384,2721.0096657276154,2661.7573886550963
1755.0,2731.5636365115643,2727.1011506021023,2485.650534182787,2700.552200525999,2661.216880455613
2975.0,2734.931974261999,2702.701184153557,2503.8825377076864,2661.6977176070213,2650.803353432566
3000.0,2683.054419308901,2663.723477423191,2449.378300383687,2616.925518512726,2603.270428907126
2030.0,2632.0057344436646,2625.7854096591473,2429.6524146199226,2585.9500916302204,2568.3484125882387
2700.0,2616.5353648364544,2611.512590497732,2400.9439094364643,2573.4004236757755,2550.5980721116066
2700.0,2620.5198216438293,2645.041029751301,2424.826038554311,2605.4657040536404,2573.9631485007703
1800.0,2605.9128446131945,2683.148571550846,2502.8528095036745,2616.4227125048637,2602.0842345431447
2225.0000000000005,2638.88974994421,2709.598414003849,2569.7626783698797,2628.522762209177,2636.693401131779
2700.0,2644.1936595737934,2693.1984148919582,2627.2393184900284,2609.184056892991,2643.453862462193
2300.0000000000005,2645.6434389203787,2713.3040480315685,2579.678065702319,2628.2558323442936,2641.72034624964
2500.0,2666.7992825061083,2701.0735066235065,2567.3596488684416,2622.679046392441,2639.4778710976243
2750.0000000000005,2667.495348379016,2705.4398581385612,2510.4527124017477,2623.752381950617,2626.7850752174854
1599.9999999999998,2679.127444922924,2742.611493617296,2523.3304265886545,2644.7818633168936,2647.462807111442
2900.0,2703.8604129850864,2754.5414085686207,2551.375075876713,2638.304519429803,2662.0203542150557
2225.0000000000005,2709.135416224599,2734.5329008996487,2546.6296377032995,2621.7647785693407,2653.015683349222
2750.0000000000005,2716.0542845726013,2702.4451561272144,2509.568672403693,2603.652199730277,2632.9300782084465
2600.0,2733.483020812273,2719.5276764035225,2495.990762859583,2627.2076040506363,2644.0522660315037
2700.0,2746.5526734292507,2742.359099537134,2516.5802063792944,2642.7523043751717,2662.0610709302127
1745.0,2785.468272715807,2765.8228293061256,2557.229858711362,2658.307080641389,2691.707010343671
2500.0,2788.506582081318,2742.2484293580055,2575.2591871470213,2636.9513700157404,2685.7413921505213
2975.0,2736.151493564248,2737.906854748726,2478.292784243822,2638.5473331063986,2647.7246164157987
2030.0,2678.2483603060246,2707.766574770212,2439.725878611207,2611.850877851248,2609.397922884673
1800.0,2686.732633560896,2692.2681246697903,2435.0830168277025,2602.5425247102976,2604.1565749421716
2700.0,2670.657872632146,2710.4101054370403,2426.6471411287785,2625.088022351265,2608.2007853873074
2300.0000000000005,2668.396567031741,2745.4866057634354,2445.3385084867477,2659.5758233964443,2629.699376169592
2700.0,2712.987564355135,2735.9871400892735,2502.3944367468357,2653.218399733305,2651.1468852311373
1800.0,2730.439756065607,2766.844298541546,2518.43896985054,2675.8271610736847,2672.8875463828444
2975.0,2746.536320671439,2796.8682922422886,2559.3423376977444,2692.3434464633465,2698.7725992687047
1735.0,2740.6435465812683,2769.6414460241795,2574.007127508521,2657.985971942544,2685.569523014128
2850.0000000000005,2747.828518897295,2724.3360479176044,2557.78453104198,2629.364516288042,2664.8284035362303
2225.0000000000005,2695.3439297527075,2674.248376637697,2445.6675457954407,2604.461413472891,2604.930316414684
2850.0000000000005,2685.002214461565,2638.3654706180096,2415.349532812834,2590.607984736562,2582.3313006572425
2650.0000000000005,2673.3336132764816,2662.6762402057648,2410.544795244932,2625.2256167680025,2592.9450663737953
1599.9999999999998,2657.18485198915,2689.610718935728,2448.659935295582,2635.287848562002,2607.6858386956155
2030.0,2687.0917335152626,2692.0134180784225,2501.8480233848095,2625.7188423722982,2626.668004337698
2700.0,2665.4213561862707,2690.864100009203,2506.871623620391,2624.8666819930077,2622.005940452218
2500.0,2661.883874759078,2721.6406509280205,2487.7816784381866,2656.745640039444,2632.0129610411823
2300.0000000000005,2657.7408457547426,2740.0538562238216,2492.339307665825,2665.7954874634743,2638.982374276966
2600.0,2687.4782532453537,2729.3548579514027,2489.9655149132013,2659.326898083091,2641.531381048262
2750.0000000000005,2686.121304705739,2747.5903302431107,2467.1897572278976,2663.1975463032722,2641.024734620005
2600.0,2721.4090694487095,2777.115812599659,2525.4751155525446,2675.490855872631,2674.872713368386
2859.9999999999995,2734.6941159665585,2799.561046361923,2555.7006280869246,2681.5412110835314,2692.8742503747344
1800.0,2682.1460979431868,2764.14064258337,2540.1357758790255,2648.8788072764874,2658.8253309205174
2300.0000000000005,2659.1812098771334,2765.6999358534813,2512.367802038789,2655.833189189434,2648.2705342397094
2975.0,2673.140353411436,2739.727461785078,2492.827412709594,2648.978575617075,2638.6684508807957
2225.0000000000005,2612.1216068416834,2700.298815369606,2426.7616104334593,2621.5921661257744,2590.1935496926308
2750.0000000000005,2594.931885153055,2665.7284246385098,2394.243408218026,2605.200756341219,2565.0261185877025
2850.0000000000005,2582.2138994187117,2686.9853579998016,2413.557501807809,2633.120364844799,2578.9692810177803
1725.0,2622.0156860351562,2728.23857575655,2454.0432962030172,2669.564550369978,2618.4655270911753
2500.0,2650.1744742691517,2723.520392179489,2488.337672203779,2661.148331016302,2630.7952174171805
2650.0000000000005,2674.4915206730366,2732.1629072725773,2505.4824651032686,2670.3075271844864,2645.611105058342
1599.9999999999998,2667.7749970555305,2754.96922314167,2500.98876029253,2673.244746774435,2649.2444318160415
2030.0,2693.510603904724,2752.579407989979,2518.9842269569635,2660.0707007944584,2656.286234911531
1715.0,2700.466637611389,2741.5847386419773,2506.1740711331367,2653.920081704855,2650.5363822728395
2850.0000000000005,2728.055391833186,2718.463590890169,2499.235546439886,2646.712314635515,2648.116710949689
2450.0,2724.899970293045,2687.5928877294064,2460.7563510537148,2633.877547085285,2626.781689040363
1800.0,2734.3890296667814,2710.045719742775,2472.8080032020807,2660.626529380679,2644.467320498079
2975.0,2761.395691782236,2743.409970700741,2488.0350635945797,2685.2830193936825,2669.5309363678098
2500.0,2733.2988458126783,2722.820031642914,2481.521049886942,2659.7495920956135,2649.347379859537
2300.0000000000005,2721.5973739326,2718.5468412935734,2479.886104464531,2660.2804785966873,2645.077699571848
2225.0000000000005,2748.1668062508106,2698.1964123249054,2470.8023952692747,2656.6585905104876,2643.4560510888696
2500.0,2727.460250556469,2678.915684968233,2463.748740553856,2645.4417549073696,2628.891607746482
1690.0,2723.135689422488,2706.710417866707,2469.768702760339,2678.3468072116375,2644.490404315293
2030.0,2725.7346216589212,2705.052347332239,2449.5877478271723,2675.010844618082,2638.8463903591037
1599.9999999999998,2744.762624576688,2708.0705048143864,2445.3129056841135,2672.1301163733006,2642.569037862122
2700.0,2763.048806935549,2716.3611878454685,2447.473947405815,2673.5760965943336,2650.1150096952915
2750.0000000000005,2756.0063844174147,2749.530196785927,2450.5016852915287,2705.2008435875177,2665.309777520597
2500.0,2776.7989985644817,2790.362207144499,2508.1928934156895,2727.3173703998327,2700.6678673811257
2300.0000000000005,2792.5260569155216,2824.623382091522,2510.087831169367,2750.60055911541,2719.459457322955
1715.0,2808.050770536065,2812.206187993288,2500.629164800048,2737.6518177986145,2714.634485282004
2225.0000000000005,2811.7020605504513,2786.9704139232635,2505.222472772002,2718.280902504921,2705.5439624376595
2850.0000000000005,2779.4461631774902,2754.6378733217716,2468.567848727107,2700.2882438898087,2675.7350322790444
2850.0000000000005,2750.643010213971,2767.3087829351425,2451.645387262106,2724.2513108998537,2673.4621228277683
2300.0000000000005,2781.8691793829203,2804.60132971406,2493.9469984918833,2752.6572074741125,2708.268678765744
2830.0,2814.5621413737535,2763.193504065275,2438.1560138612986,2715.451214686036,2682.840718496591
2750.0000000000005,2794.3042128533125,2713.1421722471714,2403.5446586459875,2668.6190636456013,2644.902526848018
2040.0000000000002,2782.1352833509445,2719.411720484495,2402.544497549534,2665.0627517700195,2642.2885632887483
2975.0,2781.0142109543085,2714.7857069969177,2426.2543445825577,2650.519038438797,2643.1433252431452
4899.0,2751.028869226575,2681.763377338648,2405.088590234518,2613.9958971738815,2612.9691834934056
2500.0,2689.2783780395985,2660.288737565279,2314.4911735504866,2617.2915560007095,2570.3374612890184
2600.0,2650.751445814967,2668.6170814931393,2299.321265220642,2620.3676914423704,2559.7643709927797
2650.0000000000005,2647.3991304636,2708.7602938711643,2335.2144123613834,2649.625418037176,2585.249813683331
1800.0,2664.3075516819954,2744.1972155869007,2427.6188913732767,2656.0356990993023,2623.039839435369
2975.0,2704.6427024900913,2762.4013037979603,2458.1628697365522,2656.957399994135,2645.5410690046847
2300.0000000000005,2691.036877632141,2737.759845107794,2539.5792865753174,2625.7104182243347,2648.5216068848968
2600.0,2683.875360786915,2696.349046230316,2509.162496328354,2605.7699644565582,2623.789216950536
1700.0000000000002,2668.8491585105658,2710.4923647642136,2508.9134058356285,2629.4580078125,2629.428234230727
2500.0,2675.4753290116787,2693.6622385680676,2507.678524851799,2616.225488334894,2623.26039519161
2750.0000000000005,2670.010699853301,2694.754074215889,2492.488464638591,2621.812185049057,2619.7663559392095
1800.0,2674.7904953360558,2727.0872755348682,2498.161219805479,2642.9273945093155,2635.7415962964296
2225.0000000000005,2699.483820348978,2758.0775685608387,2542.272866591811,2663.6395663022995,2665.868455450982
2890.0,2712.1514263749123,2745.2986316382885,2665.427137464285,2647.7902752161026,2692.666867673397
2500.0,2685.3806404024363,2707.413090914488,2645.6445951759815,2622.658894509077,2665.2743052504957
2040.0000000000002,2674.7700130939484,2698.1316620111465,2541.370822042227,2611.9924365729094,2631.5662334300578
2850.0000000000005,2677.855398580432,2676.7260672152042,2497.8358164429665,2597.9011495411396,2612.5796079449356
2650.0000000000005,2698.396609723568,2699.9473136663437,2498.365216329694,2624.4643050432205,2630.2933611907065
2040.0000000000002,2704.625193476677,2729.5874305069447,2541.9522534310818,2635.341531857848,2652.876602318138
2500.0,2699.614146873355,2723.2230693101883,2558.5384096950293,2624.4614969938993,2651.459280718118
2300.0000000000005,2708.1924071907997,2725.5745628476143,2551.91256955266,2630.8420457690954,2654.1303963400424
2975.0,2705.078115314245,2710.088336020708,2525.0747207552195,2630.2872082591057,2642.6320950873196
2790.0,2638.304189071059,2680.5479875206947,2419.802933856845,2607.0735600590706,2586.4321676269174
2225.0000000000005,2599.365629851818,2639.023875594139,2364.4845274090767,2581.054670587182,2545.982175860554
3700.0,2594.9214788526297,2605.834714770317,2331.257375329733,2566.5585289150476,2524.643024466932
1709.9999999999998,2573.697251006961,2595.869443267584,2359.469186142087,2573.561803922057,2525.649421084672
2750.0000000000005,2635.4901932924986,2584.7730234265327,2387.4537101387978,2574.136297777295,2545.463306158781
2850.0000000000005,2607.16539978981,2627.6753920316696,2438.803516998887,2611.978726685047,2571.4057588763535
2600.0,2620.161217227578,2682.129084467888,2484.2108307778835,2651.9151344895363,2609.6040667407215
2700.0,2650.6280568242073,2729.3578311800957,2503.1228777766228,2680.1058023422956,2640.8036420308053
2650.0000000000005,2696.769427731633,2781.664852499962,2563.1378293037415,2708.8316513597965,2687.6009402237833
2300.0000000000005,2708.9431474357843,2812.0380353927612,2605.774093940854,2699.4722577929497,2706.5568836405873
2225.0000000000005,2732.8635981678963,2780.701856762171,2588.748065009713,2672.0594196021557,2693.593234885484
7000.0,2727.8571765869856,2746.5381376445293,2573.4275130927563,2647.4295234680176,2673.813087698072
1800.0,2650.5961772054434,2742.4390463531017,2496.0707096755505,2677.8208760917187,2641.7317023314536
2830.0,2639.133389517665,2770.252279341221,2473.8041999936104,2696.404876857996,2644.898686427623
1720.0,2646.4813938736916,2752.438014447689,2483.7080247700214,2672.90381655097,2638.882812410593
2975.0,2722.9070811718702,2721.0830053687096,2539.8235868662596,2649.9450401216745,2658.4396783821285
2600.0,2722.1541935950518,2676.3996727764606,2496.383063867688,2621.0621055215597,2628.99975894019
2900.0,2744.0967865288258,2664.826545268297,2550.1808290183544,2624.935066252947,2646.009806767106
1599.9999999999998,2795.6695855408907,2700.229440033436,2640.871572047472,2657.932288646698,2698.675721567124
6639.0,2825.1043844223022,2719.5138013362885,2680.428397655487,2659.96366456151,2721.252561993897
2600.0,2801.15056745708,2736.207159012556,2736.062131524086,2699.0074430406094,2743.106825258583
2300.0000000000005,2767.2382513433695,2778.508274704218,2730.190335214138,2727.5332598388195,2750.8675302751362
2040.0000000000002,2780.8569601923227,2780.425346493721,2793.536459133029,2722.2974041104317,2769.279042482376
2975.0,2786.358754709363,2783.2641191780567,2848.793418854475,2714.116400182247,2783.1331732310355
2820.0,2739.6736133098602,2748.6431835591793,2705.5845552682877,2680.691032856703,2718.6480962485075
2500.0,2732.7489636838436,2700.272056311369,2708.234693109989,2649.7056952118874,2697.7403520792723
1800.0,2738.2861065864563,2685.080839842558,2690.7185769826174,2651.460230499506,2691.3864384777844
2850.0000000000005,2766.29160836339,2709.5921371877193,2703.996851146221,2676.1989798396826,2714.0198941342533
2225.0000000000005,2794.074117988348,2751.710564494133,2743.872803300619,2707.3813764750957,2749.259715564549
2600.0,2800.7686727494,2747.2622840106487,2820.309392437339,2692.6214433461428,2765.2404481358826
1730.0,2771.7385633289814,2753.4763319790363,2805.0260058790445,2686.7511336505413,2754.248008709401
2650.0000000000005,2778.2441528886557,2721.1031572520733,2805.336708277464,2663.6912674456835,2742.093821465969
2850.0000000000005,2747.164663001895,2724.933997243643,2762.147092744708,2669.5290368050337,2725.94369744882
2225.0000000000005,2686.212979257107,2690.922573506832,2590.821231305599,2643.5783664137125,2652.8837876208127
2300.0000000000005,2678.25876660645,2660.3627379238605,2580.397752225399,2625.739820152521,2636.1897692270577
1750.0,2700.592999830842,2639.59143191576,2558.9913315325975,2629.9512334167957,2632.281749173999
2850.0000000000005,2733.9524605870247,2626.673413962126,2607.716107815504,2630.0784215331078,2649.6051009744406
2830.0,2712.034314200282,2672.8367537260056,2630.5110263079405,2675.524552464485,2672.7266616746783
2300.0000000000005,2704.0888560563326,2669.390781670809,2581.0206436365843,2666.667304188013,2655.2918963879347
1800.0,2709.0762820094824,2615.493413358927,2475.756620168686,2627.472386583686,2606.9496755301952
1599.9999999999998,2731.527131870389,2622.6324658095837,2505.1445081084967,2629.7338573634624,2622.259490787983
2040.0000000000002,2739.993730932474,2632.734836190939,2485.088924318552,2618.7036744505167,2619.1302914731205
2600.0,2764.3160630762577,2639.431538283825,2503.3635441213846,2612.025637626648,2629.784195777029
5829.0,2787.35742919147,2656.173128336668,2504.674903154373,2620.99818110466,2642.300910446793
2800.0,2784.146342203021,2666.7674028873444,2470.6497695297003,2641.029813885689,2640.6483321264386
2225.0000000000005,2766.906736344099,2710.38664996624,2391.938825622201,2664.895094707608,2633.531826660037
2650.0000000000005,2757.5043961405754,2714.1002126038074,2405.463382229209,2646.9415836036205,2631.002393644303
2550.0,2759.055100083351,2731.4093589782715,2388.057936280966,2645.9230875968933,2631.1113707348704
1740.0,2777.4142917245626,2736.8060994148254,2427.4969889968634,2630.1251672953367,2642.960636857897
2040.0000000000002,2772.8548455238342,2693.047440946102,2406.2626852095127,2595.347311273217,2616.8780707381666
2800.0,2745.377752557397,2679.1010162234306,2428.6405257880688,2591.852941662073,2611.2430590577424
2225.0000000000005,2680.339861512184,2646.6739930212498,2382.2015016525984,2573.2644810527563,2570.619959309697
2900.0,2657.2849506884813,2618.557490706444,2346.4578418433666,2562.1517084538937,2546.1129979230464
2800.0,2632.3932452499866,2643.6647552251816,2356.3198762387037,2594.640839099884,2556.754678953439
1750.0,2623.702332600951,2687.3959939181805,2383.6631739139557,2634.0618872642517,2582.2058469243348
2300.0000000000005,2649.420760795474,2684.310443252325,2444.0606808662415,2622.754368185997,2600.1365632750094
1800.0,2674.77645508945,2665.97255975008,2445.192985460162,2614.8488834500313,2600.197720937431
2600.0,2693.010936304927,2688.693312704563,2487.2243632376194,2633.7349972873926,2625.6659023836255
2850.0000000000005,2704.3103615939617,2702.0992705225945,2497.0289152115583,2640.22373855114,2635.9155714698136
2300.0000000000005,2711.282087340951,2744.4776901602745,2521.3040060549974,2670.5787517130375,2661.910633817315
2500.0,2759.8416842520237,2739.88438218832,2553.0290169268847,2665.5982632935047,2679.5883366651833
2750.0000000000005,2784.053181037307,2744.0416166186333,2559.6503972262144,2666.7076079547405,2688.6132007092237
2850.0000000000005,2834.4622913748026,2774.901417940855,2615.6032576411963,2683.01560215652,2726.9956422783434
1755.0,2834.3788757920265,2751.7485557496548,2624.0379770845175,2657.89644472301,2717.015463337302
2650.0000000000005,2820.893466696143,2710.7625982165337,2558.472998663783,2631.4314057677984,2680.3901173360646
1800.0,2754.8866334557533,2708.284577280283,2441.5483026206493,2629.7528529912233,2633.6180915869772
2040.0000000000002,2740.4355857521296,2715.6974971294403,2427.988232448697,2639.801374897361,2630.980672556907
2225.0000000000005,2734.5669278502464,2713.9806227386,2477.906099334359,2637.035281136632,2640.8722327649593
2700.0,2713.5070534795523,2690.216266512871,2476.2779262661934,2622.2945088148117,2625.573938768357
1745.0,2700.3183065354824,2709.597422927618,2455.7862689346075,2651.1617513746023,2629.2159374430776
2750.0000000000005,2740.760328397155,2703.6050456762314,2516.217637658119,2645.790283381939,2651.593323778361
2300.0000000000005,2750.3993706405163,2733.7003968656063,2549.7660636156797,2668.5374650359154,2675.6008240394294
2800.0,2761.362821087241,2721.4407838881016,2549.2999274283648,2665.9322559833527,2674.508947096765
2500.0,2744.438377469778,2733.626066148281,2560.929876640439,2665.508570894599,2676.1257227882743
2700.0,2730.010454878211,2728.5636487603188,2501.740987151861,2659.206647500396,2654.8804345726967
1599.9999999999998,2722.3291185498238,2752.2308795154095,2459.3037636578083,2680.660970211029,2653.6311829835176
2225.0000000000005,2737.059980109334,2766.8568521738052,2521.830102354288,2675.9417955577374,2675.422182548791
2820.0,2736.5086113661528,2748.86122033,2550.1577039062977,2662.05698274076,2674.3961295858026
2975.0,2718.36910828948,2708.1590409576893,2491.3716869056225,2639.676168933511,2639.3940012715757
2040.0000000000002,2675.4408065229654,2656.5470944344997,2393.5166189819574,2606.92126467824,2583.1064461544156
1800.0,2678.9061045646667,2634.5121662318707,2365.25046415627,2600.005699917674,2569.6686087176204
2800.0,2714.4282588362694,2661.7882359027863,2411.2999953329563,2631.6519202291965,2604.792102575302
2600.0,2746.052345111966,2706.644676476717,2464.9358846992254,2669.0871819853783,2646.6800220683217
2700.0,2757.2192965447903,2729.2527770996094,2503.0546586960554,2681.372562944889,2667.724823821336
2790.0,2759.1241450607777,2769.5638117194176,2511.359712332487,2711.1362339556217,2687.795975767076
1205.0,2747.908796072006,2756.0960768163204,2516.9350116699934,2686.1576441675425,2676.7743821814656
2800.0,2720.875705257058,2719.47250649333,2473.315434232354,2657.5718672573566,2642.8088783100247
2300.0000000000005,2718.059066608548,2746.0865372419357,2491.202212870121,2685.926558226347,2660.318593736738
2225.0000000000005,2748.941662684083,2733.434458076954,2519.3631484359503,2684.952660650015,2671.6729824617505
2750.0000000000005,2733.0710634589195,2710.364515930414,2552.263410538435,2672.144652158022,2666.9609105214477
1750.0,2696.1597506701946,2669.2976205050945,2446.4528085291386,2651.0154024511576,2615.7313955388963
2831.0,2728.5292914509773,2630.6720761954784,2452.845085039735,2635.185437351465,2611.807972509414
2600.0,2684.131388813257,2589.105017632246,2387.3881339281797,2613.0251380056143,2568.4124195948243
2850.0000000000005,2695.5654352903366,2615.054696947336,2429.2341804504395,2647.1194817870855,2596.7434486187994
2780.0,2721.3750424981117,2669.719488620758,2505.036645978689,2687.514592707157,2645.911442451179
2300.0000000000005,2727.3824510723352,2666.1816768348217,2495.254393219948,2671.262924671173,2640.0203614495695
2750.0000000000005,2721.080527678132,2606.8251302838326,2367.1530001610518,2625.321420803666,2580.0950197316706
2550.0,2725.1797841489315,2605.4554629325867,2404.1954653710127,2609.501366466284,2586.0830197297037
2750.0000000000005,2718.1613126397133,2585.5790987610817,2440.4001408070326,2585.5206252634525,2582.41529436782
2600.0,2708.1390542536974,2620.949618369341,2478.8188805431128,2606.148720756173,2603.514068480581
2975.0,2681.43120162189,2646.479742079973,2510.056777447462,2618.196408599615,2614.041032437235
2225.0000000000005,2616.9645008444786,2632.83130094409,2496.5239618718624,2590.8080169558525,2584.281945154071
1725.0,2585.8874886482954,2602.670208364725,2449.9394147098064,2563.9894941449165,2550.621651466936
1800.0,2590.37722915411,2569.8226384818554,2367.5857701152563,2544.8379370570183,2518.15589370206
2790.0,2601.9244235008955,2593.135063946247,2350.025385916233,2568.216929808259,2528.3254507929087
2600.0,2603.5644894838333,2579.327389895916,2342.066548243165,2552.0113468170166,2519.2424436099827
2040.0000000000002,2597.7602515369654,2607.809599339962,2337.9137736558914,2577.0895397663116,2530.1432910747826
1800.0,2637.762565910816,2621.7193542420864,2422.449437752366,2578.056004270911,2564.996840544045
2975.0,2679.0066988021135,2653.963689059019,2426.664484962821,2596.0688147693872,2588.925921898335
2600.0,2675.7292097061872,2638.58978420496,2452.0879027992487,2578.286759853363,2586.1734141409397
2600.0,2679.3606781959534,2655.1866771280766,2440.250653475523,2598.090775460005,2593.2221960648894
1715.0,2673.399850204587,2669.2487274110317,2464.333971068263,2608.7754031270742,2603.939487952739
2650.0000000000005,2703.2898834347725,2651.180747002363,2491.5368662774563,2594.3314581364393,2610.084738712758
2700.0,2694.418099373579,2666.4211869239807,2474.968549385667,2606.1710199713707,2610.4947139136493
1279.0,2703.541616797447,2675.5483382940292,2483.944066092372,2602.4581180512905,2616.3730348087847
2300.0000000000005,2741.6144709289074,2633.528027534485,2468.807193636894,2573.464513272047,2604.3535513430834
2225.0000000000005,2711.0429076105356,2594.8420275747776,2391.230040937662,2559.050630927086,2564.0414017625153
2760.0000000000005,2674.4968064129353,2570.3792929649353,2371.512909680605,2548.9971536397934,2541.346540674567
1705.0000000000002,2610.987154915929,2540.176905542612,2344.933731779456,2535.6496693193913,2507.936865389347
7369.0,2618.3824005723,2515.63851878047,2315.0965559482574,2524.2109978199005,2493.332118280232
1800.0,2523.862469345331,2530.2955451607704,2242.4985702335835,2558.5359320044518,2463.798129186034
2800.0,2531.6592660546303,2581.4397037029266,2297.351666390896,2587.4119290709496,2499.4656413048506
2800.0,2548.4641198068857,2642.367436438799,2358.9112102240324,2624.579269886017,2543.5805090889335
2300.0000000000005,2564.6566536277533,2640.6284280121326,2390.0422360748053,2608.1766279041767,2550.875986404717
2040.0000000000002,2624.8547890782356,2614.9321338534355,2379.658565223217,2591.023245677352,2552.61718345806
2850.0000000000005,2655.928828045726,2610.103280097246,2421.2725347280502,2584.664500579238,2567.992285862565
2225.0000000000005,2669.0250745415688,2648.1269107759,2447.1029545366764,2618.6570938676596,2595.728008430451
2900.0,2674.699811860919,2640.12826487422,2477.5014098733664,2605.5985082685947,2599.481998719275
2650.0000000000005,2694.4425459206104,2657.500179409981,2503.3032536506653,2613.050080090761,2617.0740147680044
2000.0,2720.5612037330866,2679.311454743147,2504.882863983512,2630.754996240139,2633.877629674971
2300.0000000000005,2740.082432255149,2697.9033841192722,2511.561396345496,2638.439801335335,2646.996753513813
2600.0,2748.3559366315603,2677.281730622053,2491.095011457801,2617.6146468520164,2633.5868313908577
2850.0000000000005,2738.081449344754,2703.717698007822,2474.3438410013914,2638.3248364925385,2638.6169562116265
2225.0000000000005,2749.9380246549845,2748.368985801935,2524.1824217885733,2667.665317952633,2672.5386875495315
2975.0,2735.2786857634783,2739.8450694978237,2574.9220560491085,2648.6131988465786,2674.6647525392473
1700.0000000000002,2663.8721388578415,2697.6827044785023,2497.1171209961176,2615.4578997939825,2618.532466031611
2300.0000000000005,2691.2828297168016,2653.8797779381275,2508.028209581971,2595.353422909975,2612.136060036719
1709.9999999999998,2728.2924242317677,2626.888807862997,2507.4783274531364,2597.725729048252,2615.0963221490383
2600.0,2752.184464111924,2606.873362660408,2574.646206498146,2594.7605941444635,2632.1161568537354
2900.0,2755.7052624225616,2640.584490299225,2599.787167608738,2634.356732442975,2657.608413193375
2850.0000000000005,2784.0771320462227,2677.0329704880714,2682.008503526449,2649.3110816925764,2698.10742193833
2800.0,2779.884549230337,2706.128656119108,2535.826741605997,2664.073492512107,2671.4783598668873
2600.0,2769.8969785124063,2683.06333899498,2537.8706711530685,2636.44691221416,2656.8194752186537
2600.0,2731.7671374976635,2679.9123772978783,2488.598160073161,2633.064699396491,2633.3355935662985
2810.0,2729.0656288713217,2719.7942759096622,2490.504495203495,2669.2520309984684,2652.154107745737
1709.9999999999998,2717.440965399146,2711.153742969036,2491.5983130037785,2654.704023003578,2643.7242610938847
2850.0000000000005,2749.808193668723,2681.778243482113,2497.7038381248713,2634.648934751749,2640.984802506864
3049.0,2743.1321389973164,2705.084392130375,2494.716404005885,2662.0512014627457,2651.2460341490805
1800.0,2720.4938105493784,2689.3170300126076,2494.7545604407787,2645.375683158636,2637.48527104035
2800.0,2709.1416930407286,2701.609678864479,2499.93128195405,2659.373313486576,2642.5139918364584
2300.0000000000005,2721.416502520442,2735.8259250223637,2518.844815567136,2684.9939554929733,2665.2702996507287
2225.0000000000005,2777.4986983835697,2724.9660420417786,2555.6398420780897,2679.7729659080505,2684.469387102872
2850.0000000000005,2769.171015173197,2706.0222806036472,2571.388208568096,2665.627665221691,2678.052292391658
2790.0,2769.4338155537844,2735.2150917053223,2536.9575595855713,2694.4253672659397,2684.0079585276544
1599.9999999999998,2749.520286023617,2715.734497308731,2462.9899065196514,2672.80652590096,2650.26280393824
2800.0,2722.034768909216,2679.472339451313,2425.6243504583836,2636.8729098141193,2616.001092158258
2790.0,2698.149005845189,2686.9985723495483,2404.6616015583277,2646.6685421019793,2609.119430463761
2600.0,2687.710495442152,2660.7066413760185,2429.33692201972,2618.4752313792706,2599.0573225542903
2650.0000000000005,2691.8472476303577,2661.3564570248127,2454.113167077303,2615.302300825715,2605.654793139547
2625.0,2718.9434369653463,2686.892527192831,2518.902132809162,2620.546085163951,2636.3210455328226
2225.0000000000005,2742.943834513426,2672.9768258333206,2550.858064442873,2598.8235111534595,2641.4005589857697
2850.0000000000005,2738.2821422815323,2647.589086741209,2568.031268194318,2581.268247514963,2633.7926861830056
2800.0,2729.978575259447,2670.835440456867,2498.9398753643036,2605.519882887602,2626.318443492055
2600.0,2677.86514416337,2654.634647667408,2454.80196505785,2589.007561802864,2594.077329672873
2300.0000000000005,2655.1120160520077,2673.2074162364006,2394.1978187114,2604.7319772839546,2581.8123070709407
2010.0,2667.18315936625,2656.455585062504,2362.309775799513,2592.400511279702,2569.587257876992
2900.0,2644.3365397304296,2657.016864567995,2396.148917451501,2587.8481677919626,2571.337622385472
1720.0,2657.993074655533,2678.265869319439,2453.2099662721157,2593.16595248878,2595.658715683967
1800.0,2691.749791800976,2643.418637961149,2432.697331160307,2567.757565975189,2583.9058317244053
2800.0,2690.594857633114,2652.1057514846325,2429.9877287447453,2584.1263461858034,2589.2036710120738
2300.0000000000005,2742.035182788968,2689.2522796988487,2535.8274023234844,2608.827104270458,2643.98549227044
1730.0,2770.240221247077,2672.7594497799873,2523.8044913858175,2602.2105141729116,2642.2536691464484
2225.0000000000005,2766.074893027544,2648.045312166214,2492.7031978219748,2587.172749340534,2623.4990380890667
2010.0,2742.6164489984512,2621.990909129381,2471.254326030612,2574.863912910223,2602.681399267167
2850.0000000000005,2727.704881206155,2612.1861919760704,2422.498330846429,2574.257869794965,2584.1618184559047
2900.0,2721.4336811751127,2644.630393832922,2400.4724875092506,2606.4306819438934,2593.2418111152947
2500.0,2724.4093875586987,2626.809191405773,2419.0637561678886,2582.825888991356,2588.277056030929
2600.0,2708.163170441985,2623.052351772785,2399.2204278707504,2581.873795092106,2578.0774362944067
1800.0,2722.545668706298,2656.259682327509,2409.4043968617916,2612.2210448235273,2600.1076981797814
2810.0,2759.407923221588,2692.9846727848053,2447.703546732664,2631.7414474487305,2632.959397546947
1019.0,2742.8118561953306,2675.4981237649918,2478.3418425172567,2607.0679439604282,2625.929941609502
4399.0,2752.2130401432514,2643.7162911891937,2481.7636983841658,2572.575022354722,2612.5670130178332
2500.0,2745.7479195296764,2634.9647577106953,2462.646663784981,2593.2581225782633,2609.154365900904
2010.0,2718.8198827952147,2649.4955870509148,2415.025450885296,2607.4305126816034,2597.692858353257
2300.0000000000005,2709.536967277527,2664.598267376423,2410.7106353342533,2614.8029635846615,2599.912208393216
2650.0000000000005,2738.278673514724,2649.163246154785,2361.035582125187,2609.0137569606304,2589.3728146888316
2225.0000000000005,2753.5668502748013,2633.390928655863,2345.483448728919,2607.2407215833664,2584.9204873107374
2650.0000000000005,2760.3188874572515,2619.4075037539005,2376.0104136168957,2597.3425129055977,2588.2698294334114
2800.0,2726.0950430482626,2636.6628016531467,2386.7194878309965,2610.0424940884113,2589.8799566552043
1599.9999999999998,2698.850687816739,2603.9348216354847,2398.1956550478935,2582.0042867958546,2570.746362823993
1740.0,2684.576712399721,2590.563881844282,2414.171803891659,2571.589231863618,2565.22540749982
2850.0000000000005,2648.044486269355,2562.4989154934883,2386.4611472934484,2558.4255921840668,2538.8575353100896
2611.0,2622.619251459837,2597.932533621788,2408.9623768627644,2596.2078958004713,2556.430514436215
2850.0000000000005,2592.032821998,2589.9880665540695,2428.3453502506018,2585.3088653087616,2548.9187760278583
2700.0,2568.496082946658,2608.29853028059,2455.0982968509197,2588.163825571537,2555.0141839124262
2700.0,2575.607385262847,2635.8015564084053,2464.2160329967737,2608.397142365575,2571.0055292584
2225.0000000000005,2583.7604738771915,2678.1512348353863,2486.6450791805983,2636.18658952415,2596.1858443543315
1599.9999999999998,2576.3234378397465,2680.4350048303604,2533.3535108715296,2625.465622395277,2603.8943939842284
2300.0000000000005,2575.902395620942,2687.0471350848675,2512.5620529800653,2622.1298249810934,2599.410352166742
5209.0,2618.0049657076597,2667.590656876564,2455.046430528164,2616.8183171004057,2589.3650925531983
2850.0000000000005,2604.6624367684126,2670.4324027895927,2409.9701362103224,2637.262898311019,2580.5819685198367
1750.0,2595.8428493887186,2696.2165723741055,2396.2356366217136,2642.7625454962254,2582.7644009701908
2500.0,2686.5322709828615,2673.986402153969,2428.0964249372482,2621.034025028348,2602.4122807756066
2010.0,2688.309601023793,2675.2576225996017,2418.7120892852545,2626.4571941643953,2602.184126768261
2700.0,2705.104378834367,2679.561866670847,2432.6193664968014,2626.5705072134733,2610.964029803872
2730.0000000000005,2738.193110600114,2711.534316241741,2467.80339859426,2652.46220856905,2642.4982585012913
2850.0000000000005,2727.44323708117,2695.021334439516,2464.4644627720118,2634.798091724515,2630.431781504303
1330.0,2729.0837986022234,2715.75960457325,2474.7044275701046,2653.519521728158,2643.266838118434
2850.0000000000005,2749.250713288784,2706.789703965187,2500.8818892389536,2645.0851326435804,2650.5018597841263
2600.0,2751.017967388034,2722.240252047777,2522.7040664106607,2648.5299484431744,2661.1230585724115
1599.9999999999998,2762.9257483035326,2744.2916981875896,2573.3564859628677,2658.4682957082987,2684.760557040572
2800.0,2765.038392469287,2745.337944328785,2621.5386480093002,2655.1100338995457,2696.7562546767294
2300.0000000000005,2749.2391507327557,2767.628239840269,2619.4245172291994,2685.218929797411,2705.377709399909
1755.0,2746.78408972919,2750.276477187872,2599.770319312811,2678.6114245653152,2693.860577698797
2225.0000000000005,2721.294269785285,2726.7797115445137,2579.010410681367,2663.77022318542,2672.7136537991464
2600.0,2697.1187821030617,2697.337149232626,2561.8078050017357,2649.2506260424852,2651.378590594977
1800.0,2697.920562773943,2696.7325927317142,2486.21197886765,2659.8546461761,2635.1799451373518
2850.0000000000005,2741.646680906415,2720.229028016329,2451.030094102025,2678.4161825478077,2647.830496393144
2740.0000000000005,2787.4821396172047,2757.2688503563404,2487.807116061449,2704.191597625613,2684.187425915152
2010.0,2810.1731602847576,2736.575178653002,2495.4070189595222,2676.140010803938,2679.573842175305
2850.0000000000005,2822.684506624937,2721.0205675661564,2482.5750594586134,2660.695243999362,2671.743844412267
2800.0,2796.7975954711437,2745.770053565502,2436.401313394308,2685.3069704025984,2666.068983208388
2600.0,2796.55676394701,2779.007116407156,2453.8693623244762,2714.4033167511225,2685.959139857441
2700.0,2832.3306515812874,2818.7066569924355,2555.3298003971577,2724.8457914590836,2732.803225107491
2225.0000000000005,2833.713368102908,2845.206383615732,2565.9665260463953,2738.7094613164663,2745.8989347703755
2300.0000000000005,2812.1700137108564,2825.8952632546425,2603.307305201888,2715.9021543711424,2739.3186841346323
2850.0000000000005,2800.65156057477,2786.577287018299,2533.67511510849,2703.309374600649,2706.053334325552
1755.0,2706.7404805123806,2742.191277295351,2423.0989230424166,2673.5585875809193,2636.397317107767
2850.0000000000005,2721.0123085975647,2694.9503073096275,2372.6164730638266,2652.9456885904074,2610.3811943903565
2850.0000000000005,2743.0556609481573,2720.5435295403004,2456.5536922961473,2687.947858199477,2652.0251852460206
2010.0,2734.920246526599,2727.2491513192654,2439.7998789697886,2688.718089610338,2647.6718416064978
1800.0,2745.36272123456,2714.38597291708,2450.1343263685703,2663.1288316845894,2643.2529630512
2650.0000000000005,2797.6030100882053,2726.6396394371986,2484.4511667639017,2662.385028973222,2667.769711315632
2669.0,2789.7540166974068,2697.8673750162125,2421.681023314595,2626.46660938859,2633.942256104201
2300.0000000000005,2798.2708302885294,2671.820570230484,2440.099679529667,2602.9392855614424,2628.2825914025307
2750.0000000000005,2831.0254041850567,2643.929702937603,2438.8619904965162,2594.240279123187,2627.0143441855907
2655.0,2850.862620845437,2672.3118136823177,2500.7319063693285,2614.8059368133545,2659.6780694276094
1599.9999999999998,2816.6561202704906,2652.595012784004,2462.961495667696,2594.121184796095,2631.5834533795714
2600.0,2818.7899073958397,2647.6868729293346,2492.4588975310326,2583.5407853126526,2635.619115792215
2600.0,2789.543247818947,2653.191640675068,2464.382864162326,2593.2249215245247,2625.0856685452163
4869.0,2734.9702958762646,2685.5981816351414,2436.929226666689,2622.4585319310427,2619.9890590272844
2850.0000000000005,2677.289824411273,2693.2525937259197,2454.619772210717,2637.5465112924576,2615.677175410092
1745.0,2636.389099434018,2713.416039645672,2426.7218022048473,2628.3879758417606,2601.2287292815745
2225.0000000000005,2630.5883302539587,2681.7230735719204,2374.6746080368757,2596.562866270542,2570.8872195333242
1241.0,2617.4217173457146,2644.04202491045,2371.857639029622,2573.0895560979843,2551.6027343459427
2800.0,2605.296064838767,2614.8667228221893,2385.467593371868,2554.0032448619604,2539.9084064736962
2500.0,2608.0438236892223,2640.8890810608864,2434.396861717105,2584.710255265236,2567.0100054331124
2000.0,2627.8949154168367,2659.7674314677715,2460.00561080873,2607.206199094653,2588.718539196998
2720.0,2653.8308848440647,2679.8595198988914,2444.404088780284,2619.423030614853,2599.3793810345232
1599.9999999999998,2662.555824443698,2651.0066479444504,2451.8046201765537,2589.6869445592165,2588.7635092809796
1800.0,2681.234472990036,2638.962428867817,2446.474281847477,2575.974909365177,2585.6615232676268
2850.0000000000005,2701.7903850972652,2655.653474032879,2439.8664462566376,2594.7525003552437,2598.0157014355063
2700.0,2732.570735141635,2678.5532814264297,2505.6326131522655,2603.1441079825163,2629.9751844257116
2600.0,2758.242417573929,2697.9099912941456,2543.526412844658,2616.1306753754616,2653.9523742720485
2010.0,2741.238357499242,2714.6486081182957,2572.896131053567,2620.291378572583,2662.268618810922
2500.0,2707.392278313637,2704.6284970641136,2577.060303017497,2604.4486946612597,2648.382443264127
2300.0000000000005,2664.138903543353,2717.422960847616,2536.6490045189857,2608.4490086883307,2631.6649693995714
2850.0000000000005,2632.49532610178,2684.0844778716564,2461.295992061496,2593.408435806632,2592.821057960391
2225.0000000000005,2583.508740514517,2705.821752846241,2429.530842602253,2616.578311473131,2583.8599118590355
1735.0,2567.0385401695967,2693.119128793478,2453.470949679613,2603.9361430704594,2579.391190428287
2800.0,2562.0601990818977,2663.7727008759975,2417.9238533228636,2588.862369135022,2558.1547806039453
2850.0000000000005,2552.2112138569355,2681.710519939661,2387.599728703499,2615.4925874620676,2559.2535124905407
1599.9999999999998,2544.26790304482,2709.2588052153587,2430.9713719040155,2624.2479200661182,2577.186500057578
2600.0,2538.8496892899275,2708.757651001215,2457.0462571829557,2613.16438421607,2579.454495422542
1800.0,2572.326757758856,2713.60863879323,2460.841418430209,2622.804252356291,2592.3952668346465
2800.0,2609.559674784541,2735.2435025572777,2452.056849077344,2642.1404799818993,2609.7501266002655
2600.0,2678.9698638021946,2765.718105584383,2466.132113710046,2669.226428195834,2645.0116278231144
1800.0,2702.1179357916117,2793.5736244916916,2497.542127519846,2683.002552986145,2669.0590601973236
2760.0000000000005,2745.192916840315,2816.493583768606,2513.862510174513,2689.017394632101,2691.1416013538837
1599.9999999999998,2762.130079269409,2784.709769040346,2512.9089296609163,2655.701045691967,2678.8624559156597
1800.0,2755.3159346431494,2772.186199426651,2491.79751932621,2642.245864421129,2665.386379454285
2655.0,2793.8002505898476,2779.9109779298306,2481.7440420389175,2658.1912899017334,2678.4116401150823
1800.0,2768.7080173939466,2739.884712547064,2470.5273716151714,2629.256323799491,2652.094106338918
2900.0,2732.142259851098,2731.059178709984,2453.598468154669,2636.302710622549,2638.275654334575
2275.0,2709.826031178236,2733.538851439953,2485.8290930837393,2636.4781311154366,2641.418026704341
2400.0000000000005,2711.7901790887117,2693.157120049,2468.6689385026693,2619.567067027092,2623.295826166868
2600.0,2685.1835814118385,2697.7560441195965,2485.8439592272043,2624.002463519573,2623.196512069553
2225.0000000000005,2654.5081202685833,2703.084730654955,2500.4468067735434,2626.4360512048006,2621.1189272254705
2600.0,2621.700688973069,2675.7359820604324,2501.2687393277884,2606.320672482252,2601.2565207108855
2730.0000000000005,2597.255958914757,2663.678878992796,2460.5080864578485,2610.2711023390293,2582.9285066761076
2700.0,2556.879678443074,2636.425934433937,2411.0502441227436,2595.4213116317987,2549.9442921578884
2700.0,2539.2452938854694,2660.026432722807,2427.030357271433,2612.525470405817,2559.7068885713816
1715.0,2548.873269110918,2691.74747928977,2427.094777226448,2644.248829483986,2577.9910887777805
2750.0000000000005,2563.6764792352915,2680.836060345173,2447.195620164275,2632.91058704257,2581.1546866968274
1515.0,2575.797341540456,2707.8603966534138,2483.807793110609,2650.9060537070036,2604.5928962528706
2740.0000000000005,2613.262170404196,2703.0351768434048,2469.5376168191433,2644.770631119609,2607.651398796588
2600.0,2626.8752631545067,2679.6946708858013,2427.0067366212606,2626.4263056218624,2590.0007440708578
2700.0,2644.2693117260933,2696.9113168120384,2412.3044510930777,2647.0160795003176,2600.1252897828817
2700.0,2679.155525416136,2731.082634180784,2451.029103025794,2670.4933539777994,2632.9401541501284
2010.0,2744.101576730609,2768.7821829319,2532.0903842151165,2683.290956169367,2682.066275011748
2275.0,2748.6438442766666,2771.6549825668335,2540.5303893983364,2678.52900005877,2684.8395540751517
2740.0000000000005,2788.058285266161,2743.650141507387,2500.479016751051,2668.540768623352,2675.182053036988
2225.0000000000005,2750.121208578348,2700.4613518714905,2418.150149062276,2639.8441563546658,2627.144216466695
2500.0,2715.947248339653,2662.9897506535053,2377.530559375882,2620.8861894905567,2594.3384369648993
2900.0,2716.815100759268,2662.091835588217,2401.4178090542555,2633.779265359044,2603.526002690196
1705.0000000000002,2699.287091717124,2681.6903680562973,2419.8313447088003,2642.0608635246754,2610.7174170017242
2300.0000000000005,2740.6534573435783,2659.336643666029,2434.5323088020086,2626.2401484698057,2615.1906395703554
1500.0,2735.91115757823,2677.1819622814655,2457.635286822915,2646.525661945343,2629.3135171569884
2400.0000000000005,2729.1325265169144,2691.044806241989,2483.5302917659283,2647.8651014715433,2637.8931814990938
2225.0000000000005,2730.594859495759,2722.330770343542,2516.5709563344717,2665.5490398406982,2658.7614065036178
1705.0000000000002,2740.2796564251184,2707.3420637845993,2558.0569118261337,2652.059501260519,2664.4345333240926
2730.0000000000005,2739.9137841165066,2679.4333571195602,2533.5573422163725,2642.276752963662,2648.7953091040254
2700.0,2697.6090344786644,2639.15007263422,2443.0978503078222,2622.9862800240517,2600.7108093611896
2275.0,2685.24767100811,2658.256370574236,2417.032049894333,2647.5220239162445,2602.014528848231
1800.0,2738.2542269676924,2654.935934841633,2447.666051015258,2650.073880031705,2622.732523214072
2300.0000000000005,2758.3321099728346,2682.9143472015858,2467.416878864169,2667.4591740965843,2644.0306275337934
2300.0000000000005,2804.9546483904123,2726.1943158507347,2517.7060689777136,2693.684537783265,2685.6348927505314
2700.0,2833.1626600772142,2773.2588742673397,2542.5399616360664,2720.2215949445963,2717.295772731304
2620.0000000000005,2858.5409839451313,2813.9409017562866,2590.7802668213844,2729.519376605749,2748.195382282138
2300.0000000000005,2761.519245952368,2753.2219557464123,2492.578817754984,2669.708586782217,2669.2571515589952
2850.0000000000005,2665.0865375995636,2735.6230847537518,2416.3544841110706,2654.204190224409,2617.8170741721988
2030.0,2622.7183590829372,2739.115307033062,2444.8763366043568,2638.804352208972,2611.378588732332
2225.0000000000005,2594.6044996380806,2720.8137629926205,2471.595421433449,2615.474087372422,2600.621942859143
2275.0,2555.635547414422,2689.711147993803,2440.139157399535,2593.908433765173,2569.8485716432333
2550.0,2574.903555959463,2657.6934392750263,2365.283334851265,2586.210083961487,2546.0226035118103
1700.0000000000002,2585.848341137171,2671.0438968241215,2357.6844230294228,2595.104827955365,2552.42037223652
2400.0000000000005,2600.600015297532,2643.312592804432,2332.3848897218704,2574.6627244353294,2537.740055564791
1599.9999999999998,2626.645168289542,2658.106057345867,2386.848988458514,2584.697206094861,2564.074355047196
2425.0,2664.731401950121,2658.4753984212875,2441.444239616394,2578.788574784994,2585.859903693199
1800.0,2692.2788613289595,2643.460593521595,2466.96659989655,2570.2250154316425,2593.232767544687
2700.0,2705.956704393029,2662.583739757538,2435.8326008170843,2591.2815862149,2598.913657795638
2600.0,2722.11801931262,2697.999848872423,2428.558927178383,2622.4430050700903,2617.779950108379
2700.0,2748.7621127068996,2719.9422766268253,2480.922439843416,2630.5078878998756,2645.033679269254
2750.0000000000005,2750.0893289595842,2754.0706473588943,2493.0143957585096,2647.8560166060925,2661.25759717077
2500.0,2772.1330116689205,2786.3024285435677,2524.835541024804,2657.5553493201733,2685.2065826393664
2530.0000000000005,2724.3299362808466,2761.072931289673,2516.7939484864473,2625.5414397269487,2656.934563945979
1271.0,2685.529962554574,2712.9333855211735,2446.0416770726442,2589.9134054780006,2608.604607656598
2700.0,2658.4058579057455,2667.874104678631,2394.1150638461113,2559.866286665201,2570.065328273922
1599.9999999999998,2645.946377888322,2678.3957003057003,2381.973388940096,2589.8278425633907,2574.035827424377
2300.0000000000005,2635.4612869024277,2683.1343661248684,2426.6915743798018,2596.599701270461,2585.4717321693897
2550.0,2639.869924336672,2711.959818303585,2443.6264242976904,2625.466613471508,2605.230695102364
2400.0000000000005,2649.633677005768,2732.464524805546,2479.6081075817347,2633.6135904490948,2623.8299749605358
4329.0,2630.490709245205,2741.640899628401,2512.1671091020107,2629.396230727434,2628.4237371757627
2225.0000000000005,2620.6816974282265,2721.852741241455,2499.320944175124,2628.323886245489,2617.5448172725737
2400.0000000000005,2589.476671218872,2695.3153537213802,2448.853525519371,2607.498731762171,2585.2860705554485
1755.0,2562.9510114341974,2699.6793927252293,2427.9330625385046,2606.376503109932,2574.234992451966
2275.0,2555.4928324371576,2662.3485243320465,2383.8668400794268,2585.429941788316,2546.7845346592367
2700.0,2583.337449505925,2630.2796100080013,2357.9999156296253,2578.4126265347004,2537.507400419563
1800.0,2565.9830439835787,2653.1440690159798,2374.996212273836,2607.2205697000027,2550.3359737433493
2500.0,2596.866135597229,2689.045144766569,2439.6061235666275,2628.587182164192,2588.5261465236545
2030.0,2617.207479700446,2710.5161505937576,2496.9768837094307,2636.345657259226,2615.261542815715
2700.0,2645.7706270366907,2712.702134400606,2541.106204688549,2627.2381622344255,2631.704282090068
2620.0000000000005,2658.360598757863,2738.2491064071655,2541.3812283426523,2637.5702971220016,2643.8903076574206
1800.0,2616.1336486041546,2705.64963594079,2500.244627222419,2606.73213429749,2607.1900115162134
2700.0,2597.022230103612,2707.4768501520157,2454.6293526142836,2616.979862526059,2594.0270738489926
2600.0,2586.4208528399467,2732.721543908119,2491.512089371681,2634.1436510533094,2611.199534293264
2300.0000000000005,2599.857534021139,2755.272492468357,2515.8050195872784,2646.0393738746643,2629.2436049878597
2225.0000000000005,2607.5487811118364,2774.271423816681,2509.4613058120012,2659.1174506396055,2637.599740345031
2600.0,2634.0111771970987,2759.504387974739,2543.103718832135,2644.829930514097,2645.3623036295176
2550.0,2614.4423770159483,2766.58166334033,2508.967749848962,2651.3933328539133,2635.3462807647884
2650.0000000000005,2639.7498389333487,2771.9149748981,2510.3714441508055,2651.843777000904,2643.4700087457895
2700.0,2661.0287411510944,2782.999501824379,2497.2910548746586,2665.0359927117825,2651.5888226404786
2100.0,2677.206408828497,2808.6792780458927,2550.673228725791,2672.388952448964,2677.236967012286
1800.0,2701.3330034166574,2815.779017806053,2552.804207801819,2674.7521737217903,2686.16710068658
2700.0,2708.275822773576,2823.703332990408,2528.804966509342,2676.041398718953,2684.2063802480698
2030.0,2728.076534792781,2842.6180228590965,2545.7946559786797,2689.210158959031,2701.424843147397
1745.0,2722.202591150999,2831.2659053504467,2561.128752604127,2675.033969730139,2697.407804708928
2300.0000000000005,2741.8042620271444,2797.4778041243553,2533.142411634326,2656.04990452528,2682.1185955777764
2400.0000000000005,2737.764800488949,2805.6373347342014,2496.750092431903,2674.9558398872614,2678.7770168855786
2620.0000000000005,2720.978281646967,2767.8304193913937,2448.8320522010326,2649.44471180439,2646.771366260946
2600.0,2702.9289665073156,2707.9462899267673,2405.453471466899,2609.937440007925,2606.5665419772267
2350.0,2684.7172800451517,2686.1746576428413,2384.876581579447,2610.993762090802,2591.6905703395605
2275.0,2694.729132130742,2694.6807345747948,2429.574449956417,2616.054692864418,2608.759752381593
2400.0000000000005,2704.8471945524216,2660.055173933506,2416.9418619573116,2606.324801966548,2597.042258102447
2300.0000000000005,2656.4540984481573,2627.8078658878803,2417.4070070683956,2589.305710569024,2572.7436704933643
1800.0,2640.127273797989,2650.4400826990604,2437.4840641766787,2614.384233877063,2585.6089136376977
2620.0000000000005,2632.0207657665014,2676.556262820959,2486.0973443835974,2628.5519989579916,2605.8065929822624
1599.9999999999998,2586.2956468760967,2641.3529047369957,2489.9722872674465,2599.4419427216053,2579.265695400536
2800.0,2554.39323335886,2627.9756881296635,2481.442424505949,2591.6814854741096,2563.8732078671455
2030.0,2535.580293983221,2645.7906137406826,2501.699527129531,2605.727678537369,2572.199528347701
2265.0000000000005,2532.2056794166565,2636.387282460928,2500.0898541510105,2600.8031859248877,2567.3715004883707
1735.0,2562.8256402909756,2615.397609323263,2455.6222458183765,2598.1845973432064,2558.0075231939554
1599.9999999999998,2574.9825116991997,2599.28204908967,2429.139202311635,2591.442470923066,2548.7115585058928
2600.0,2576.2499330192804,2584.927631318569,2408.7990144640207,2585.728916451335,2538.9263738133013
2750.0000000000005,2581.0659027844667,2609.204043596983,2418.2469441741705,2607.339498847723,2553.964097350836
1800.0,2607.1779534220695,2660.6273552775383,2444.264842569828,2645.4609157145023,2589.3827667459846
2225.0000000000005,2633.809162825346,2706.972722709179,2476.632070839405,2666.565058156848,2620.9947536326945
2550.0,2650.74269130826,2704.230745136738,2522.2689839452505,2652.681566774845,2632.4809967912734
1750.0,2652.191644757986,2716.947904974222,2514.0783996134996,2659.6382611989975,2635.7140526361763
2225.0000000000005,2676.53561539948,2689.505334496498,2504.908466786146,2638.4112253040075,2627.340160496533
1800.0,2664.8967465013266,2661.5454222261906,2479.4802587479353,2627.913580685854,2608.4590020403266
2300.0000000000005,2659.1376025229692,2668.943475931883,2455.921716019511,2640.475802272558,2606.1196491867304
2600.0,2662.3673547804356,2693.444201797247,2459.00396309793,2662.46414989233,2619.3199173919857
2800.0,2673.2881889492273,2708.256827145815,2459.7008548676968,2672.104018032551,2628.3374722488225
2265.0000000000005,2680.96820384264,2750.1476372778416,2499.2789886146784,2690.768791511655,2655.2909053117037
2650.0000000000005,2730.924887880683,2739.9329449236393,2481.798386052251,2687.664575576782,2660.080198608339
1800.0,2727.0185609161854,2763.5965417325497,2457.0563331246376,2708.488078266382,2664.0398785099387
2300.0000000000005,2750.521107837558,2791.1884343624115,2483.4305234253407,2710.3033995628357,2683.8608662970364
1725.0,2760.15932418406,2817.197578251362,2501.1015778034925,2723.8015274703503,2700.565001927316
2550.0,2749.823390170932,2758.3719182014465,2464.355114027858,2672.6061633229256,2661.2891464307904
2735.0,2699.6703078597784,2735.554370135069,2407.6749688386917,2651.1247511953115,2623.5060995072126
2800.0,2660.7492576539516,2682.7713018655777,2367.5348948687315,2606.9652023911476,2579.505164194852
2800.0,2634.993664100766,2676.01678699255,2399.084485247731,2593.3744088560343,2575.8673362992704
2225.0000000000005,2644.283517152071,2692.476911395788,2481.3195310533047,2599.0141281485558,2604.27352193743
2735.0,2622.433424666524,2669.284406155348,2524.7475004196167,2583.8011080026627,2600.066609811038
1800.0,2531.2387193739414,2625.024263113737,2455.5786384642124,2555.4819305986166,2541.830887887627
1599.9999999999998,2480.195320248604,2629.3344536423683,2382.0374785363674,2567.936620414257,2514.875968210399
2030.0,2482.5440057367086,2638.3895868062973,2398.8477832078934,2570.8256076276302,2522.6517458446324
2600.0,2496.169486939907,2640.060541331768,2409.776545986533,2572.528276592493,2529.6337127126753
2965.0,2493.781158402562,2613.967486321926,2373.546267747879,2553.6244885623455,2508.729850258678
2500.0,2520.5943954735994,2597.125467211008,2347.2449215501547,2545.7768166065216,2502.685400210321
2300.0000000000005,2597.0894581079483,2612.35731780529,2357.275769263506,2563.2549414783716,2532.494371663779
2265.0000000000005,2664.2058011889458,2642.401133030653,2385.001622363925,2583.5559818148613,2568.7911345995963
2800.0,2711.252024695277,2627.8554375469685,2393.3904219418764,2575.630345195532,2577.0320573449135
2650.0000000000005,2728.8449492305517,2658.6019258201122,2444.41812902689,2598.419482409954,2607.571121621877
2500.0,2729.2725986242294,2693.531416505575,2478.573258817196,2622.584563791752,2630.990459434688
2750.0000000000005,2710.645981580019,2715.758283138275,2541.067387536168,2627.442654296756,2648.7285766378045
1715.0,2693.6254035681486,2748.6630050837994,2560.1290870457888,2639.09060806036,2660.377025939524
1311.0,2690.9151404350996,2732.4965696036816,2561.188217177987,2622.4256612360477,2651.756397113204
2800.0,2639.7737899422646,2701.5208123624325,2510.363020002842,2595.289663672447,2611.7368214949965
2600.0,2619.209453687072,2717.5002647936344,2453.6582630872726,2622.598438858986,2603.241605106741
2300.0000000000005,2608.8269390910864,2724.706049710512,2444.5834735780954,2633.8481451570988,2602.991151884198
2800.0,2620.907002091408,2752.5767651200294,2436.1117539554834,2653.7866167724133,2615.8455344848335
2735.0,2640.567476823926,2782.8538136184216,2500.9245055168867,2662.9904113709927,2646.8340518325567
2225.0000000000005,2581.436234936118,2745.211747288704,2483.120977282524,2624.15261156857,2608.480392768979
2850.0000000000005,2574.0705563873053,2696.1974115669727,2435.840033888817,2595.2354848384857,2575.335871670395
2265.0000000000005,2570.2250154316425,2690.37021368742,2419.5764729380608,2596.4870489388704,2569.1646877489984
1800.0,2615.3089080005884,2648.6508597433567,2374.670313373208,2580.8009550720453,2554.8577590472996
2030.0,2644.807466119528,2660.0287452340126,2419.8647109419107,2597.148592323065,2580.462378654629
2610.0,2652.156957089901,2662.415587157011,2487.8353617340326,2595.880179926753,2599.5720214769244
1599.9999999999998,2608.5755360871553,2637.69715487957,2469.680166617036,2575.8650650829077,2572.954480666667
2650.0000000000005,2594.1504215449095,2632.214190810919,2454.608870372176,2570.933139398694,2562.9766555316746
2300.0000000000005,2581.99305459857,2659.366375952959,2470.6864393502474,2603.5879449546337,2578.9084537141025
1599.9999999999998,2629.7117233276367,2699.723330438137,2512.3990209400654,2632.753666639328,2618.646935336292
1705.0000000000002,2659.191450998187,2721.573588103056,2592.6842894405127,2634.1106151789427,2651.8899859301746
2750.0000000000005,2697.041973695159,2696.5674133598804,2567.327273711562,2618.3080698549747,2644.811182655394
2030.0,2701.511231958866,2711.0410906374454,2487.2172605246305,2642.051283121109,2635.455216560513
1800.0,2703.161208704114,2710.279283374548,2476.4715164899826,2635.8978559821844,2631.4524661377072
2800.0,2697.4550873041153,2724.357190877199,2435.7120198756456,2646.807127594948,2626.082856412977
2550.0,2734.43214148283,2754.020102471113,2461.7992936074734,2668.2662405073643,2654.629444517195
2550.0,2789.324550330639,2771.311739832163,2514.3798519670963,2667.94248893857,2685.739657767117
2850.0000000000005,2741.53452411294,2724.4034411013126,2485.978415235877,2625.1469913870096,2644.265842959285
2265.0000000000005,2699.3971011787653,2709.4471096992493,2478.6541967093945,2610.102289021015,2624.400174152106
2225.0000000000005,2679.8236759752035,2660.909812003374,2422.1866373717785,2588.6752209067345,2587.8988365642726
2600.0,2605.4026055336,2622.4230183660984,2390.5083722621202,2571.2038683891296,2547.384466137737
2800.0,2552.8843197971582,2627.4203550815582,2377.8721503168344,2587.933235168457,2536.527515091002
2600.0,2540.955395922065,2669.08553019166,2422.3465310037136,2615.5651012063026,2561.9881395809352
1900.0,2536.8240946531296,2694.0946781635284,2437.7229135483503,2634.876717105508,2575.879600867629
2950.0,2579.3885062634945,2718.182455599308,2439.969518184662,2646.2846652418375,2595.9562863223255
1599.9999999999998,2608.1150159984827,2728.6217918992043,2482.705551162362,2637.7949410676956,2614.309325031936
2300.0000000000005,2627.4507480859756,2719.162299633026,2509.371283054352,2620.643210634589,2619.1568853519857
2600.0,2619.040475189686,2733.7796829640865,2502.04623863101,2639.5877979695797,2623.6135486885905
2800.0,2650.243849605322,2757.6048251986504,2511.31313174963,2664.699522331357,2645.96533222124
2550.0,2675.0191035866737,2789.3714612722397,2559.332757294178,2674.8810136318207,2674.651083946228
1700.0000000000002,2646.5418495237827,2757.3679579794407,2529.6979261934757,2644.4278839230537,2644.508904404938
2225.0000000000005,2651.6019544005394,2710.490052253008,2476.8254958838224,2617.0302422344685,2613.9869361929595
2030.0,2632.918846011162,2672.9421381652355,2451.9250359386206,2603.6077664792538,2590.348446648568
2800.0,2623.3410853147507,2653.995403498411,2417.0272596925497,2603.5263330489397,2574.472520388663
2735.0,2635.3740721940994,2680.2648700773716,2426.54010489583,2633.559576794505,2593.9346559904516
2265.0000000000005,2634.120360761881,2655.670322328806,2412.652979567647,2609.9179488420486,2578.0904028750956
2600.0,2667.912591472268,2617.176591157913,2374.022314697504,2593.680651411414,2563.198037184775
1709.9999999999998,2677.5924330204725,2643.8309256732464,2420.2190206944942,2623.7923553586006,2591.3586836867034
2600.0,2693.614997267723,2639.974978417158,2459.391473904252,2618.973742723465,2602.9887980781496
1815.0000000000002,2673.4579933434725,2650.949165523052,2461.385023742914,2631.552151888609,2604.336083624512
2530.0000000000005,2685.4480335861444,2644.5197236537933,2435.2389461547136,2627.6694455742836,2598.2190372422338
2500.0,2665.8379385620356,2620.778492540121,2388.7467342615128,2609.7891089320183,2571.288068573922
2800.0,2659.925177767873,2641.979595273733,2389.8185832053423,2628.9994698762894,2580.1807065308094
1599.9999999999998,2672.286541238427,2676.4327086508274,2432.9906897246838,2654.5596562325954,2609.0673989616334
2000.0,2693.014900609851,2693.6374616622925,2477.6644419133663,2652.9217375814915,2629.3096354417503
2800.0,2743.6151234805584,2706.009396612644,2467.4464459717274,2660.0398122519255,2644.277694579214
2205.0,2758.4307220578194,2726.100824326277,2508.2872108370066,2663.572503477335,2664.0978151746094
2225.0000000000005,2798.3562280237675,2699.6893034875393,2525.018724948168,2651.111536845565,2668.54394832626
2600.0,2757.256296724081,2668.593295663595,2493.205838650465,2630.5972499400377,2637.4131702445447
2950.0,2708.7350214272738,2672.48855561018,2432.074109390378,2635.6013590097427,2612.2247613593936
2205.0,2660.0756561756134,2675.546686500311,2438.206063210964,2627.3169527947903,2600.2863396704197
2800.0,2679.10184212029,2646.177794188261,2416.1648581922054,2613.7464763224125,2588.797742705792
2600.0,2661.3206131011248,2672.629618793726,2446.8208281695843,2639.840852767229,2605.152978207916
2800.0,2664.467775672674,2712.1580335497856,2471.689408496022,2670.9067979454994,2629.8055039159954
2225.0000000000005,2689.489477276802,2756.7756247520447,2541.4735636115074,2685.750477015972,2668.3722856640816
1800.0,2685.6426148861647,2741.9127848744392,2546.843710169196,2666.0128635168076,2660.102993361652
2030.0,2674.2371444404125,2752.22460269928,2510.217992514372,2681.2488435953856,2654.4821458123624
1720.0,2670.06917335093,2748.7366750836372,2494.476893916726,2677.6381877064705,2647.730232514441
2500.0,2709.363033398986,2716.353919953108,2457.35018722713,2659.0938299894333,2635.5402426421642
2800.0,2742.068218663335,2733.1553049385548,2474.8317808657885,2682.5020594894886,2658.1393409892917
2600.0,2796.7432514578104,2768.8812905550003,2524.185890555382,2700.0865598767996,2697.474248111248
1720.0,2852.4455347657204,2788.935718089342,2556.4559933543205,2705.657564550638,2725.8737026900053
5750.0,2841.1989668756723,2720.0357681512833,2484.1123838722706,2650.6538248062134,2674.00023592636
2205.0,2768.408712372184,2678.7680146098137,2378.887342736125,2645.9389448165894,2618.000753633678
2225.0000000000005,2745.8077144622803,2645.856024771929,2277.8352280706167,2622.4051789939404,2572.9760365746915
1900.0,2756.609123945236,2624.559448361397,2316.4817501604557,2599.289316982031,2574.23490986228
2865.0,2817.517365515232,2631.882180273533,2336.2049930542707,2600.559215992689,2596.540938708931
2800.0,2858.686341792345,2613.763985335827,2356.3218583911657,2578.7908872962,2601.8907682038844
2865.0,2912.266565710306,2640.1692293584347,2412.5381799042225,2598.8671185076237,2640.9602733701468
2600.0,2880.508518964052,2617.4458335340023,2451.109545379877,2572.00647495687,2630.2675932087004
2600.0,2848.133692443371,2609.493437856436,2414.7375432401896,2568.703052699566,2610.2669315598905
2700.0,2794.0022649616003,2621.8713192641735,2384.2806144058704,2579.4111358374357,2594.89133361727
2800.0,2759.193520396948,2658.096476942301,2437.404282540083,2605.9853583574295,2615.1699095591903
2950.0,2772.3536913096905,2697.239693403244,2547.5904861092567,2618.2657839357853,2658.862413689494
2500.0,2731.452801153064,2713.9066223800182,2575.1627223938704,2614.0115892142057,2658.6334337852895
3000.0,2670.3301567584276,2719.8246689140797,2534.473261833191,2615.222023651004,2634.9625277891755
2600.0,2579.3856982141733,2697.282309681177,2486.2590549886227,2598.618523553014,2590.3863966092467
2700.0,2548.2842394709587,2682.4307020008564,2420.9912342578173,2588.435380458832,2560.035389047116
2865.0,2511.429583206773,2691.531755030155,2390.6522434949875,2596.2592665851116,2547.468212079257
1371.0,2476.072443127632,2659.217384159565,2402.245192527771,2568.0035180598497,2526.3846344687045
2500.0,2474.548828601837,2616.8307055532932,2384.661848396063,2537.5852411985397,2503.4066559374332
2600.0,2481.313419416547,2608.6430944502354,2383.3452036231756,2550.1699271798134,2505.867911167443
2225.0000000000005,2498.686820566654,2626.438859254122,2419.3652085214853,2567.445872500539,2527.9841902107
2700.0,2541.9517578929663,2612.187513411045,2456.778501421213,2559.817889109254,2542.6839154586196
2500.0,2551.8970426917076,2630.8755771815777,2430.3037168830633,2585.7703764736652,2549.7116783075035
2700.0,2588.968744650483,2652.778031527996,2469.4700584560633,2601.092910543084,2578.0774362944067
1900.0,2620.357945859432,2687.8558532893658,2493.0157171934843,2624.048218205571,2606.3194336369634
2865.0,2683.107937425375,2716.1187045276165,2530.9754234552383,2638.767682388425,2642.2424369491637
1599.9999999999998,2656.7410150170326,2687.6335218548775,2517.536760121584,2606.136001944542,2617.011824734509
2205.0,2634.685604572296,2668.9847707748413,2491.5555315464735,2589.641685411334,2596.2168980762362
3000.0,2651.87582179904,2634.837899953127,2456.769581735134,2582.577459216118,2581.5151906758547
2500.0,2655.505473315716,2640.9703493118286,2473.237965106964,2587.393759340048,2589.276886768639
1730.0,2669.238486289978,2656.4975406229496,2467.2693736851215,2600.7468597590923,2598.4380650892854
3199.9999999999995,2683.421778231859,2632.684291303158,2478.1700559705496,2584.7046391665936,2594.74519116804
5204.0,2664.878246411681,2615.0054734945297,2480.1750031858683,2574.4636832922697,2583.630601596087
2600.0,2631.818255856633,2621.9555607438087,2423.919368982315,2601.433840766549,2569.7817565873265
2500.0,2636.691377684474,2645.8672569692135,2400.91021284461,2609.535888954997,2573.2511841133237
2650.0000000000005,2650.0791657716036,2673.9388304948807,2403.405082076788,2624.069195985794,2587.8730685822666
2800.0,2691.290262788534,2701.9013856351376,2443.9871760457754,2644.1596326231956,2620.3346142731607
1900.0,2732.729472517967,2732.749624401331,2536.9194031506777,2650.8427900075912,2663.310322519392
2800.0,2752.35344260931,2751.5787513554096,2548.6519287526608,2661.03733047843,2678.4053632989526
2500.0,2794.701138883829,2771.6338396072388,2632.952377423644,2673.121688142419,2718.1022610142827
1740.0,2792.6433342695236,2777.6001185178757,2634.2825669050217,2671.867481172085,2719.0983752161264
1599.9999999999998,2794.9902027845383,2748.6213798820972,2631.4434638619423,2649.0737189352512,2706.0321913659573
2800.0,2802.874874919653,2738.4529377520084,2626.125679165125,2640.991822630167,2702.1113286167383
2285.0,2828.7366788089275,2753.415876328945,2569.1445771604776,2662.7875711023808,2703.5211758501828
2700.0,2881.612743064761,2730.5933728814125,2555.2762822806835,2657.2917230427265,2706.193530317396
2630.0000000000005,2905.5290643125772,2739.9732486903667,2519.3411795794964,2673.316269442439,2709.53994050622
2500.0,2914.7997565567493,2707.5505201518536,2510.2313720434904,2643.691018745303,2694.068166874349
2230.0,2892.162914723158,2711.6803348064423,2489.774237200618,2650.7790307700634,2686.0991293750703
1750.0,2906.63725271821,2685.271787196398,2622.843730226159,2633.9457661658525,2712.174634076655
1860.0,2906.4403589069843,2649.5761945843697,2664.168635830283,2621.269405633211,2710.363648738712
2600.0,2857.5687381625175,2612.6628996431828,2585.434731990099,2609.8674039542675,2666.3834434375167
2230.0,2842.95069411397,2619.264788776636,2531.8776331841946,2616.839790418744,2652.733226623386
2950.0,2858.36341612041,2603.1122283637524,2658.55848364532,2607.2086767852306,2681.810701228678
2800.0,2822.199539989233,2585.729081630707,2590.077098235488,2600.59621617198,2649.650484006852
1755.0,2776.0568476468325,2612.65364959836,2437.962753996253,2628.971224203706,2613.911118861288
2620.0000000000005,2783.156422227621,2603.5512751340866,2460.721167847514,2623.4344116598368,2617.7158192172647
1900.0,2742.633792832494,2571.955764889717,2393.7434102594852,2601.419965699315,2577.438233420253
2950.0,2738.6544565856457,2585.5235984921455,2383.0222779512405,2612.3061122000217,2579.8766113072634
2800.0,2745.705633610487,2604.587610512972,2419.6124820411205,2614.4204081594944,2596.0815335810184
2285.0,2783.6557594686747,2631.459651440382,2504.692907705903,2622.1437000483274,2635.488004665822
3010.0,2795.962448567152,2612.800989598036,2482.5748942792416,2611.8171812593937,2625.7888784259558
2600.0,2715.278271883726,2583.514686971903,2407.177778929472,2585.5923131108284,2572.8907627239823
2500.0,2674.5632085204124,2591.265894174576,2414.5717031508684,2592.453203499317,2568.2135023362935
2700.0,2672.227902561426,2618.0735151469707,2455.9669751673937,2608.9480155706406,2588.804102111608
2285.0,2693.593358770013,2653.62870529294,2473.0377677083015,2631.9647699594498,2613.056150432676
2600.0,2745.9755367040634,2657.3660537600517,2509.214858189225,2633.88250246644,2636.609737779945
2230.0,2791.3949085772038,2667.041931003332,2490.9493232518435,2636.2394469231367,2646.406402438879
2800.0,2804.0838227421045,2648.793574720621,2477.6981385052204,2619.329704269767,2637.476310059428
3000.0,2823.9950397610664,2666.299614906311,2497.919727563858,2631.7700234800577,2654.9961014278233
1755.0,2805.3320832550526,2656.12919062376,2453.9319653064013,2632.4766608327627,2636.967475004494
2550.0,2805.133868008852,2623.8191144168377,2443.5993348807096,2615.6217577308416,2622.0435187593102
1900.0,2797.630099505186,2641.90724670887,2500.467949733138,2643.421611189842,2645.856726784259
2800.0,2784.7124119102955,2633.974011838436,2471.0232400894165,2631.6332549601793,2630.335729699582
2800.0,2806.470664665103,2643.9577834308147,2516.9957976788282,2632.196186259389,2649.9051080085337
2230.0,2855.0444670021534,2665.8129964768887,2623.4933806955814,2627.3536226153374,2692.92611669749
2285.0,2836.863999441266,2643.4820668399334,2664.7211608290672,2599.883302003145,2686.237632278353
2600.0,2821.0414674133062,2611.254249960184,2605.877496227622,2584.315806925297,2655.6222551316023
2550.0,2779.825249835849,2607.2585609555244,2450.6906504929066,2583.09199295938,2605.216613560915
2865.0,2752.451889514923,2569.134501218796,2377.6840110123158,2545.725611001253,2561.249003186822
2500.0,2731.250951960683,2538.8785956799984,2323.2223899662495,2524.07852396369,2529.357615392655
2700.0,2742.12272785604,2554.1722233593464,2334.8318569362164,2538.334164470434,2542.3652431555092
2600.0,2779.3174884468317,2585.338267236948,2383.27533274889,2566.35155916214,2578.5706618987024
2950.0,2793.444949761033,2611.2298034131527,2467.3689768463373,2579.1859963536263,2612.8074315935373
1599.9999999999998,2813.3816044032574,2627.902678847313,2523.5570526868105,2574.2124454677105,2634.763445351273
2840.0000000000005,2834.3542640656233,2625.7295790314674,2563.5392151772976,2559.133055433631,2645.689028427005
7600.0,2776.8675480037928,2584.802425354719,2490.466669127345,2531.1292054504156,2595.816461984068
2600.0,2674.6424946188927,2599.787167608738,2386.9302567094564,2557.089786604047,2554.6124263852835
2500.0,2606.238247975707,2611.1264011263847,2325.34279756248,2548.841554671526,2522.8872503340244
2900.0,2592.9089333862066,2625.4411758482456,2336.133140027523,2553.768029436469,2527.062819674611
1450.0,2596.013479679823,2617.7748708426952,2360.1830913871527,2542.617926299572,2529.1473420523107
3000.0,2562.427558004856,2599.0580658614635,2377.515858411789,2528.218910098076,2516.805098094046
2600.0,2546.271528825164,2584.3815483152866,2381.5412797033787,2533.6546328663826,2511.462247427553
2800.0,2540.781462043524,2540.0232887268066,2345.1631659269333,2508.203464895487,2483.5428453981876
2230.0,2573.203034326434,2548.1382209062576,2396.3322665542364,2525.042510777712,2510.67900814116
3050.0,2597.439803555608,2533.9479914307594,2452.6367938518524,2520.0369150936604,2526.01537598297
2600.0,2607.771938443184,2542.1491472423077,2499.7233211249113,2527.3733568936586,2544.2544409260154
1599.9999999999998,2630.021599829197,2558.421297520399,2516.1665972322226,2545.3126625716686,2562.480539288372
1745.0,2653.511427938938,2577.260995954275,2596.8674570322037,2550.4201739281416,2594.5150137133896
6346.0,2673.619538769126,2560.466548502445,2641.4363203197718,2539.3467140197754,2603.7172804027796
6650.0,2650.332220569253,2570.5629724264145,2622.6139657199383,2558.4156814217567,2600.4812100343406
2600.0,2590.2085810154676,2611.2387230992317,2490.5786607414484,2588.2188303023577,2570.0611987896264
2500.0,2575.666023939848,2634.4110764563084,2429.934375807643,2578.6688197404146,2554.6700739860535
2285.0,2592.7302093058825,2653.759196996689,2423.378902077675,2581.625034958124,2562.8733358345926
2840.0000000000005,2634.7098859399557,2633.512831032276,2464.288381561637,2568.5235027223825,2575.258650314063
2600.0,2635.216656252742,2594.4852401316166,2540.3434063494205,2538.0873864889145,2577.0331723056734
2800.0,2701.8478675186634,2578.326733261347,2612.8310522437096,2533.5183598846197,2606.631003227085
2600.0,2771.1617569625378,2593.004902601242,2712.6709154993296,2544.779793918133,2655.4043422453105
2600.0,2754.248875901103,2614.0616385638714,2539.5232907682657,2569.6594412624836,2619.373311623931
2300.0000000000005,2772.582795098424,2631.791661977768,2605.8758444339037,2578.320786803961,2647.142772078514
2700.0,2775.529429912567,2603.3120954036713,2591.609797626734,2560.478606596589,2632.7324823848903
2630.0000000000005,2753.569162786007,2616.701535284519,2575.841774791479,2574.0690697729588,2630.045385658741
2500.0,2738.0860743671656,2590.485586822033,2618.3026189357042,2553.285210132599,2625.0398725643754
7650.0,2691.996239423752,2600.6256181001663,2606.0610105097294,2563.965047597885,2615.661978907883
2050.0,2624.148812443018,2634.247548878193,2606.9595862925053,2601.1700493097305,2616.6314992308617
2600.0,2596.333432123065,2644.45365190506,2574.7273095697165,2589.103200659156,2601.1543985642493
2800.0,2616.7598436027765,2655.0158816576004,2625.790860578418,2586.4728843420744,2621.0098675452173
1735.0,2664.1337829828262,2678.3795127272606,2726.9377882033587,2595.3517711162567,2666.2007137574255
2500.0,2709.3673280626535,2654.8926578462124,2786.0807578265667,2581.4398688822985,2682.945153154433
2840.0000000000005,2741.466800570488,2618.884215503931,2843.304177969694,2568.605762049556,2693.0652390234172
1599.9999999999998,2725.2057173103094,2580.389823615551,2786.1892806738615,2544.933741092682,2659.179640673101
2235.0000000000005,2715.4221431165934,2569.8992817103863,2624.6687971055508,2540.386848524213,2612.594267614186
1725.0,2679.0025693178177,2545.141536742449,2485.488493219018,2533.613338023424,2560.811484325677
2300.0000000000005,2731.8746692687273,2522.776249796152,2547.341560795903,2530.872186347842,2583.216166552156
2800.0,2786.7758326232433,2503.1816816329956,2572.5476025789976,2528.9817084372044,2597.8717063181102
2560.0,2835.1750403642654,2538.737862855196,2654.395963475108,2557.5104984641075,2646.4548412896693
2350.0,2800.740096718073,2521.583654731512,2608.8028229027987,2546.093465462327,2619.3050099536777
1599.9999999999998,2784.6227195113897,2541.8670208752155,2612.1442364156246,2561.300539150834,2624.983628988266
2700.0,2762.630242407322,2560.5336113274097,2635.1147405803204,2564.433165937662,2630.6779400631785
2600.0,2751.3739289343357,2592.9219825565815,2639.1110903024673,2587.5103759765625,2642.7293444424868
2600.0,2745.4169000685215,2618.1987211108208,2691.460232362151,2601.610747873783,2664.171650353819
2235.0000000000005,2749.1806772351265,2651.9399113953114,2706.751877889037,2625.273023247719,2683.2863724417984
5800.0,2743.19821074605,2643.52137953043,2761.3892497867346,2606.6094060242176,2688.679561521858
2300.0000000000005,2693.1267270445824,2657.5827690958977,2683.483390137553,2625.6948913633823,2664.971944410354
1715.0,2713.9520467072725,2642.3386952281,2649.7362533956766,2605.4237484931946,2652.862685956061
2600.0,2685.2390816807747,2616.5393291413784,2313.6722142249346,2580.6836777180433,2549.0335756912827
1900.0,2725.5587056279182,2635.769181251526,2371.2210377305746,2605.1224613189697,2584.417846482247
2050.0,2765.044173747301,2660.9411960840225,2392.719958871603,2620.3675262629986,2609.7682137414813
2500.0,2785.6925863027573,2668.6068403720856,2388.214691504836,2617.8799249231815,2615.098510775715
1945.0,2832.796127051115,2673.2084073126316,2440.5165922641754,2620.331517159939,2641.713160946965
2350.0,2843.414517790079,2651.5272933244705,2407.6153390854597,2606.638807952404,2627.2989895381033
2700.0,2846.8061458319426,2668.773341178894,2373.7127685546875,2625.6202302873135,2628.7281214632094
2800.0,2880.1543743908405,2693.532407581806,2431.1813148856163,2643.8296042382717,2662.1744252741337
2235.0000000000005,2899.279998317361,2721.381649672985,2528.5732198506594,2655.5983041226864,2701.208292990923
2400.0000000000005,2871.482292190194,2698.7946920096874,2629.701482206583,2640.466882586479,2710.111337248236
2840.0000000000005,2768.481226116419,2644.931681007147,2535.133318603039,2611.1338341981173,2639.9200149811804
2989.0,2642.709192559123,2576.3336789608,2403.8887272775173,2570.171001777053,2548.2756501436234
2600.0,2551.649273633957,2524.698607325554,2350.814447775483,2546.3615515828133,2493.380970079452
2800.0,2564.1863879561424,2523.0907513201237,2395.926090478897,2554.1738751530647,2509.344276227057
2700.0,2622.6785508543253,2553.5607293248177,2533.74449044466,2575.854823961854,2571.4596486464143
1599.9999999999998,2675.4439449310303,2590.6847931444645,2584.8784078657627,2604.7488255798817,2613.938992880285
2300.0000000000005,2701.4502807706594,2617.1187783777714,2608.8378409296274,2610.6615863740444,2634.5171216130257
7849.999999999999,2743.1565855443478,2606.876335889101,2589.867485612631,2606.785982772708,2636.671597454697
2600.0,2695.527113676071,2645.8064709603786,2565.030454546213,2646.1880353093147,2638.1380186229944
1705.0000000000002,2645.804984346032,2683.586957603693,2421.0812570154667,2653.3956371992826,2600.9672090411186
2950.0,2683.1609600037336,2681.531795859337,2451.81420058012,2637.027352526784,2613.3835772424936
2235.0000000000005,2726.3895578682423,2690.2952222526073,2520.113723501563,2634.5182778686285,2642.8291953727603
2600.0,2778.359943628311,2657.520992010832,2528.5918851196766,2610.6453987956047,2643.779554888606
4650.0,2835.1558795571327,2656.297343224287,2570.6376335024834,2617.1146488934755,2669.8013762943447
2800.0,2865.096788033843,2655.184034258127,2577.214250192046,2627.7213118970394,2681.304096095264
2825.0,2883.2113490253687,2677.1380245685577,2599.599193483591,2631.897046416998,2697.961403373629
2825.0,2788.464956879616,2617.790067344904,2522.120487689972,2585.2046371251345,2628.3950372599065
1700.0000000000002,2679.2412535101175,2548.668446689844,2434.6717201918364,2534.4838333129883,2549.2663134261966
2950.0,2628.8134779036045,2498.0581478774548,2396.01280964911,2506.557287275791,2507.36043067649
5689.000000000001,2632.638371437788,2505.567532479763,2468.623514175415,2511.5950929373503,2529.606127757579
2600.0,2618.2168908417225,2513.848304748535,2474.9868842959404,2532.155630066991,2534.801927488297
6600.000000000001,2592.6633116602898,2502.1232122182846,2475.4966278374195,2512.4527042359114,2520.6839639879763
2600.0,2542.236196771264,2536.4161016047,2423.8891411572695,2535.1942697912455,2509.43392733112
2600.0,2515.1489271223545,2577.622078061104,2396.874550431967,2549.8598854988813,2509.8763602785766
2770.0,2556.0057143867016,2610.787122696638,2478.719112202525,2560.0250240415335,2551.3842433318496
2700.0,2607.673656716943,2612.2922371327877,2556.4013189822435,2548.8180992007256,2581.296328008175
2235.0000000000005,2663.6256912350655,2639.4867081940174,2588.4096124768257,2567.924562320113,2614.8616435565054
2600.0,2711.7255939543247,2628.643012791872,2697.1635457128286,2556.7919681966305,2648.581030163914
1599.9999999999998,2751.518791243434,2634.3862995505333,2675.807009190321,2562.6923405379057,2656.1011101305485
1900.0,2767.8831116110086,2626.945629566908,2551.4470940828323,2552.4087683856487,2624.6711509115994
2350.0,2827.6483119279146,2633.9310652017593,2540.783444195986,2563.8960026204586,2641.5647059865296
2300.0000000000005,2891.139298155904,2654.0251357853413,2591.779436841607,2582.4187218397856,2679.8406481556594
1331.0,2922.4525168538094,2628.9674250781536,2692.518041059375,2570.0140813738108,2703.488016091287
2600.0,2967.0960412174463,2607.3599810898304,2767.4021092802286,2547.0123583078384,2722.217622473836
2700.0,3011.131705492735,2610.100637227297,2782.360588014126,2554.9992764741182,2739.648051802069
2735.0,3005.8697514235973,2621.904685497284,2667.7702068537474,2570.223693996668,2716.442084442824
2050.0,2938.8262524455786,2579.999009221792,2641.160635948181,2539.5901884138584,2674.8940215073526
2700.0,2886.538391932845,2565.7658331096172,2612.322795316577,2536.344413757324,2650.242858529091
1709.9999999999998,2831.7155236005783,2576.832851022482,2646.0254988074303,2551.9826056063175,2651.639119759202
5884.0,2820.264298468828,2557.670061737299,2811.900936514139,2537.9981896281242,2681.9583715870976
1900.0,2716.2050933390856,2559.863643795252,2944.4038642942905,2558.653044179082,2694.7814114019275
2235.0000000000005,2651.623097360134,2587.5691798329353,2707.612627595663,2571.2151005864143,2629.5050013437867
2500.0,2606.9433987140656,2584.367342889309,2779.5599717646837,2561.7177822440863,2633.147123903036
1599.9999999999998,2576.857793107629,2592.9437862336636,2428.692061752081,2569.262515231967,2541.939039081335
2700.0,2601.131892874837,2607.269132435322,2443.329762145877,2570.886558815837,2555.654336567968
2295.0,2632.7452424913645,2635.084347575903,2475.304359048605,2586.553822234273,2582.4219428375363
2700.0,2671.336594671011,2615.0725363194942,2446.6189789772034,2581.1047199368477,2578.533207476139
2350.0,2629.311824068427,2576.0389989614487,2376.9390520453453,2553.0721287429333,2533.8405009545386
2710.0,2615.4620292782784,2586.0125294327736,2357.8971740603447,2563.498085513711,2530.717454571277
1500.0,2604.20373365283,2570.796205699444,2337.170962020755,2558.196983933449,2517.5919713266194
2350.0,2644.2005971074104,2584.61874589324,2406.76053583622,2560.5070174485445,2549.0217240713537
2235.0000000000005,2673.968232423067,2616.0206659138203,2434.7602563351393,2584.7026570141315,2577.3629529215395
1720.0,2676.3331054896116,2603.4491942822933,2471.291161030531,2573.309575021267,2581.0957589559257
2675.0000000000005,2701.806737855077,2574.2005525529385,2461.1582324653864,2561.0337744653225,2574.549824334681
2630.0000000000005,2702.863059937954,2528.9665119349957,2440.7622139900923,2536.3597754389048,2552.2378903254867
2700.0,2656.784292012453,2476.1345505714417,2358.7691559642553,2507.982785254717,2499.9176959507167
1900.0,2633.287361189723,2490.704362243414,2340.5364917218685,2526.641447097063,2497.792415563017
2500.0,2649.999053776264,2529.2268346250057,2402.245192527771,2554.598055779934,2534.0172841772437
2800.0,2695.502501949668,2561.5507858991623,2515.8565555512905,2571.6524955630302,2586.1405847407877
2700.0,2702.6519607007504,2590.0924599170685,2522.314408272505,2574.3046155571938,2597.3408611118793
2295.0,2722.050791308284,2616.099291294813,2575.5322286486626,2588.9583383500576,2625.6601624004543
2600.0,2695.089057981968,2593.928255289793,2447.346759289503,2572.55503565073,2577.2297770529985
2800.0,2674.2759615927935,2604.230492711067,2442.9503451287746,2574.1767667233944,2573.9083915390074
2800.0,2677.6423171907663,2630.2934850752354,2491.2352487444878,2584.826541543007,2595.999398138374
1900.0,2674.368792399764,2663.0046167969704,2530.40538944304,2601.6254488378763,2617.3510618694127
1500.0,2676.271328404546,2685.1208132505417,2529.3979604542255,2617.6873257756233,2627.119356971234
2295.0,2643.487352579832,2692.697921395302,2523.2351180911064,2611.5885730087757,2617.752241268754
2640.0000000000005,2657.3425982892513,2667.310512661934,2474.4193279743195,2604.7043923288584,2600.9442078135908
2600.0,2648.528296649456,2639.401805996895,2414.188321828842,2596.711197346449,2574.7074054554105
2500.0,2668.9426500350237,2643.509486615658,2399.815073609352,2599.5542646944523,2577.9553687386215
2050.0,2715.8375692367554,2650.494261533022,2402.1652457118034,2604.696959257126,2593.2985089346766
2620.0000000000005,2797.079721838236,2656.9032211601734,2425.0967675447464,2606.6004863381386,2621.4200492203236
2350.0,2816.5578385442495,2613.847566097975,2404.374850168824,2570.765317156911,2601.38639299199
8669.0,2831.2551686912775,2619.622567296028,2420.551361590624,2580.725963637233,2613.0387653037906
2700.0,2843.7105192244053,2644.334392398596,2456.2135879695415,2621.28460213542,2641.3857754319906
2235.0000000000005,2788.3471839874983,2688.553240597248,2445.5248308181763,2644.701090604067,2641.7815865017474
2675.0000000000005,2720.220769047737,2689.042171537876,2469.614590406418,2629.3610475212336,2627.059644628316
2600.0,2631.4700577408075,2647.271942347288,2405.2215596288443,2593.844839707017,2569.452099855989
2800.0,2613.313706368208,2641.4774499833584,2443.240400105715,2593.5143157839775,2572.8864680603147
2350.0,2632.33229406178,2657.7469573915005,2499.8135090619326,2605.460913851857,2598.8384185917675
2800.0,2654.937916994095,2677.611759006977,2544.8587496578693,2626.8090262264013,2626.0543629713356
2235.0000000000005,2694.4782246649265,2711.2426094710827,2612.9336286336184,2645.4468754678965,2666.025334559381
1730.0,2706.341737508774,2698.301136046648,2662.3623993992805,2636.2782640755177,2675.820884257555
2700.0,2720.302367657423,2662.8467053174973,2647.330746203661,2622.0442620664835,2663.131020311266
2700.0,2707.526238784194,2659.6062164008617,2589.3511348962784,2627.1625100821257,2645.911525040865
2350.0,2715.359870493412,2673.3276668190956,2587.9269583523273,2639.8193794488907,2654.1084687784314
2295.0,2757.6732094585896,2699.0021573007107,2637.3479656875134,2655.3845620155334,2687.3519736155868
2600.0,2823.4502781927586,2681.22852653265,2736.123578250408,2644.956457912922,2721.4397102221847
2800.0,2851.8867329508066,2693.645720630884,2750.441326200962,2650.8246202766895,2736.6996000148356
1599.9999999999998,2896.691802740097,2715.3991831839085,2788.4462916105986,2658.158914744854,2764.6740480698645
2850.0000000000005,2868.145834058523,2686.454471498728,2809.9841950833797,2627.038790732622,2747.905822843313
2600.0,2806.9701670855284,2646.4625634253025,2791.6953698545694,2597.4264240264893,2710.6386310979724
2700.0,2779.2968410253525,2643.9092206954956,2812.8142132610083,2601.427894309163,2709.362042322755
2295.0,2743.608351126313,2670.941815972328,2762.2731246054173,2618.1909576803446,2698.753562346101
1900.0,2759.807657301426,2654.021501839161,2750.489228218794,2605.3699000179768,2692.4220718443394
2650.0000000000005,2778.4063590317965,2664.322748184204,2398.56103181839,2606.836527660489,2612.03166667372
2350.0,2836.288514509797,2674.9655854701996,2430.0458718836308,2596.904126852751,2634.5510246790946
2865.0,2898.5011775791645,2682.3870946466923,2452.2261579334736,2597.796590998769,2657.727755289525
2865.0,2839.3869491666555,2644.4387857615948,2441.612227037549,2568.109563216567,2623.3868812955916
2600.0,2767.8921964764595,2586.924319565296,2385.862372070551,2528.239557519555,2567.2296114079654
4549.0,2708.999308422208,2569.531922787428,2363.403758779168,2523.2899576425552,2541.30623690784
2720.0,2634.3783709406853,2553.389273136854,2291.183373108506,2530.513581931591,2502.366149779409
2235.0000000000005,2549.15539547801,2523.268153965473,2281.010140776634,2507.6402032375336,2465.268473364413
3000.0,2501.5232807397842,2498.8268926739693,2253.7314282357693,2494.159914702177,2437.060379087925
2700.0,2474.989361986518,2497.876120209694,2278.9754612743855,2500.6542720645666,2438.123803883791
1740.0,2459.497684240341,2521.365287601948,2298.2228223979473,2520.8842852711678,2449.992519877851
2965.0,2487.07850985229,2510.532824397087,2324.3561811745167,2510.011187940836,2457.9946758411825
2700.0,2517.5235457718372,2504.610483199358,2384.5655488222837,2505.174075216055,2477.9684132523835
2500.0,2548.355596959591,2545.5888424813747,2435.5192555487156,2538.58870588243,2517.013100218028
2600.0,2576.5659211575985,2577.6663461327553,2486.690833866596,2558.910228461027,2549.9583324044943
1259.0,2592.146465405822,2611.348732560873,2482.8680876642466,2581.1298272013664,2566.873278208077
6319.0,2630.7526837289333,2607.548285573721,2549.7634207457304,2558.7866742908955,2586.71276608482
2865.0,2622.172110900283,2612.783810943365,2525.0600197911263,2574.550072103739,2583.6415034346282
2800.0,2558.8405227661133,2587.2487318515778,2422.1060298383236,2548.439012542367,2529.1585742495954
2600.0,2528.994096890092,2601.1062900722027,2386.409776508808,2556.4113949239254,2518.230389598757
2235.0000000000005,2541.2180311232805,2615.338144749403,2403.262862637639,2567.8140573203564,2531.9082739576697
1900.0,2584.853465780616,2583.267908990383,2389.42116163671,2551.6933765262365,2527.3089782334864
2730.0000000000005,2611.1919773370028,2593.4647619724274,2460.235210135579,2562.4549777805805,2556.8367318063974
2295.0,2607.5129371881485,2569.312234222889,2495.0548565387726,2541.1664951592684,2553.2616307772696
2350.0,2602.9936295747757,2541.364545226097,2524.581329971552,2524.3702307343483,2548.3274338766932
1599.9999999999998,2609.5395229011774,2560.205565094948,2573.405048698187,2546.3037388026714,2572.363468874246
2800.0,2632.9868999123573,2578.222009539604,2688.2027299702168,2553.681805804372,2613.2733613066375
2235.0000000000005,2656.297343224287,2616.232756227255,2645.5174070596695,2577.5181802362204,2623.891421686858
2500.0,2662.2662650048733,2606.0656355321407,2678.4959641844034,2572.2357439249754,2629.765902161598
2650.0000000000005,2658.5221441835165,2613.7226904928684,2639.880826175213,2585.048872977495,2624.2936334572732
5985.0,2646.8659314513206,2640.46423971653,2559.879335835576,2608.6938045173883,2613.9758278802037
2865.0,2618.201694339514,2653.339641392231,2507.770860120654,2630.916211307049,2602.557101789862
2700.0,2595.8312868326902,2632.434540092945,2494.5907025039196,2597.7571131289005,2580.153410639614
2630.0000000000005,2597.839207276702,2642.9125283658504,2479.7265411913395,2603.3824618160725,2580.965184662491
1755.0,2595.4751601070166,2611.7210468649864,2472.4840864539146,2576.871668174863,2564.137990400195
2600.0,2634.0899677574635,2572.53521412611,2491.8280775099993,2554.1244865208864,2563.144436478615
1500.0,2674.5949229598045,2575.3036203980446,2537.2884138673544,2560.729183703661,2586.979035232216
2000.0,2757.5043961405754,2581.7122496664524,2705.5647337436676,2561.308632940054,2651.5225031226873
2000.0,2755.1340721547604,2585.3765888512135,2513.166609480977,2567.25591622293,2605.23329667747
2350.0,2773.9957394450903,2589.763752967119,2522.835218831897,2567.309599518776,2613.4760776907206
2750.0000000000005,2792.788196578622,2601.6553463041782,2539.5363399386406,2573.8857206702232,2626.966400872916
2430.0000000000005,2782.6590671390295,2576.9735838472843,2532.619618922472,2560.243060812354,2613.123832680285
2610.0,2760.3927226364613,2563.5762153565884,2502.91095264256,2554.4303987175226,2595.327572338283
2700.0,2717.867458537221,2536.984649002552,2440.1198314130306,2535.7230089604855,2557.6737369783223
2650.0000000000005,2675.2516761422157,2559.9396263062954,2409.381271749735,2558.136363103986,2550.677234325558
2350.0,2653.691308274865,2580.2979838848114,2451.5134089440107,2567.8309056162834,2563.3334016799927
2265.0000000000005,2642.9463901370764,2598.4736612439156,2464.892607703805,2580.448462292552,2571.690280344337
2865.0,2661.4671272039413,2576.720529049635,2485.859155729413,2569.76449534297,2573.45282683149
1750.0,2597.7799078822136,2537.882233709097,2444.1391410678625,2540.0421191751957,2529.960850458592
1900.0,2597.507196739316,2501.9233451783657,2407.761357650161,2520.6408108770847,2506.958177611232
8374.0,2608.9955872297287,2519.491823166609,2421.7693942785263,2539.860091507435,2522.5292240455747
2800.0,2597.257610708475,2559.3879272043705,2415.4461627453566,2582.1970511227846,2538.5721879452467
2500.0,2592.485083118081,2617.961853891611,2412.4081837385893,2599.271477609873,2555.5316495895386
2600.0,2595.6918754428625,2653.891340494156,2425.535649135709,2614.4679798185825,2572.3967112228274
2235.0000000000005,2590.13854496181,2677.4386510252953,2439.1538624465466,2615.694932192564,2580.606497656554
2350.0,2590.779771283269,2655.1440608501434,2442.1853994578123,2594.619035422802,2570.6820667535067
2000.0,2616.3008101284504,2673.3722652494907,2488.4694853425026,2615.7233430445194,2598.466475941241
2865.0,2663.2370241731405,2682.824489623308,2509.441649466753,2623.2051426917315,2619.6770764887333
2700.0,2688.3827754855156,2638.9419466257095,2518.874382674694,2585.2779767662287,2607.869270388037
2630.0000000000005,2714.7563050687313,2640.6730264425278,2543.5587880015373,2594.968059435487,2623.489044737071
1740.0,2707.312331497669,2605.5301240086555,2552.3065223544836,2573.413968384266,2609.6407365612686
2800.0,2707.910776361823,2566.4093719422817,2532.9311472177505,2553.1296111643314,2590.0952266715467
1500.0,2709.2677249014378,2591.2242689728737,2567.74501234293,2578.708297610283,2611.736325956881
2500.0,2707.726105824113,2609.245668798685,2598.735800907016,2591.362028568983,2626.767401024699
2600.0,2683.7268645316362,2629.4774989783764,2596.582027077675,2612.234424352646,2630.5052037350833
1900.0,2676.4398113638163,2650.810084491968,2580.562601238489,2620.807564109564,2632.1550153009593
2235.0000000000005,2693.7927302718163,2667.8318187594414,2601.0240307450294,2629.0680193156004,2647.929149772972
2550.0,2703.8870068639517,2648.1232768297195,2649.278871715069,2610.7198946923018,2653.0022625252604
2265.0000000000005,2706.8290166556835,2647.7218909561634,2624.003619775176,2608.819506019354,2646.843508351594
2350.0,2716.5708004683256,2610.3850761055946,2578.416921198368,2593.3076763898134,2624.6701185405254
2500.0,2723.0537604540586,2637.1140716969967,2599.175012856722,2618.037340864539,2644.345046468079
2600.0,2732.819330096245,2662.7988032996655,2621.7570151388645,2634.3225403130054,2662.924422211945
2200.0000000000005,2711.0982427001,2685.970165580511,2496.849365234375,2640.7605715095997,2633.6695862561464
2350.0,2723.209524601698,2702.660219669342,2530.587086752057,2643.9050912111998,2650.090480558574
2600.0,2737.668335735798,2726.829265356064,2562.092904597521,2656.664041429758,2670.813636779785
2861.0000000000005,2741.8888338655233,2742.6517973840237,2595.600861608982,2661.1778981238604,2685.3298477455974
2600.0,2691.196936443448,2687.969827055931,2538.972252383828,2615.1341482251883,2633.318291027099
2750.0000000000005,2648.9719684422016,2673.9546877145767,2476.570458933711,2601.5071804076433,2600.251073874533
1900.0,2642.177645340562,2685.426395088434,2435.927248597145,2611.980708837509,2593.8779994659126
2700.0,2640.232493057847,2709.4170470535755,2452.3682121932507,2621.3437363505363,2605.8403721638024
2660.0,2669.246249720454,2743.360086530447,2500.9933853149414,2637.233000844717,2637.70818060264
1500.0,2643.086131885648,2720.328135639429,2498.5223019123077,2607.2157794982195,2617.288087233901
1900.0,2650.3168588876724,2709.185795933008,2482.583318427205,2591.3635151833296,2608.362372107804
2000.0,2662.125532180071,2715.9399804472923,2447.106258124113,2606.041684523225,2607.8033638186753
2750.0000000000005,2708.143348917365,2721.9716703891754,2449.8720215260983,2612.982852086425,2623.242473229766
2265.0000000000005,2744.4387078285217,2733.986157178879,2457.3207852989435,2625.430934727192,2640.294146258384
2350.0,2765.0517719984055,2701.74578666687,2450.6293689459562,2606.933983489871,2631.0902277752757
2600.0,2798.2797499746084,2714.92643982172,2463.312171474099,2617.737209945917,2648.563892804086
1720.0,2806.6710272431374,2729.7218865156174,2501.5409549325705,2620.96035502851,2664.723555929959
2235.0000000000005,2793.7021340429783,2687.2618682682514,2489.1544841974974,2591.017134040594,2640.2839051373303
2785.0000000000005,2746.0064252465963,2644.591411501169,2470.3494734317064,2570.287122875452,2607.808608263731
2785.0000000000005,2670.104191377759,2586.844042390585,2409.9828550219536,2541.9185568392277,2552.2124114073813
2710.0,2585.8904618769884,2528.8720293343067,2333.6382707953453,2515.78354626894,2491.046077068895
2265.0000000000005,2550.064873099327,2489.525642246008,2258.998007327318,2503.425816744566,2450.503584854305
2950.0,2564.124115332961,2471.838895827532,2263.4928683936596,2500.8898178488016,2450.0864243507385
2640.0000000000005,2592.431399822235,2473.6393509805202,2338.165672197938,2501.8987334519625,2476.533789113164
2600.0,2575.4170986264944,2457.2803163528442,2348.642173856497,2492.9149577766657,2468.5636366531253
1709.9999999999998,2583.462985828519,2498.022138774395,2377.204495295882,2525.6582994759083,2496.086979843676
2235.0000000000005,2606.7635183781385,2495.2458038926125,2418.1774036586285,2519.81260150671,2509.9998318590224
2785.0000000000005,2609.860796779394,2483.498577326536,2441.270140558481,2510.429752469063,2511.2648167833686
2265.0000000000005,2589.106834605336,2453.5284321010113,2415.9677992016077,2491.3545082509518,2487.4893935397267
2500.0,2604.107434079051,2428.095764219761,2351.797595396638,2477.182613685727,2465.2958518452942
2350.0,2606.7836702615023,2456.057328283787,2376.9747307896614,2498.778495118022,2484.648556113243
2700.0,2655.100783854723,2519.399322718382,2443.616678714752,2537.090859338641,2538.8019111566246
1700.0000000000002,2694.699565023184,2582.684495449066,2495.8757980167866,2573.8516937196255,2586.7778880521655
2950.0,2730.0887499004602,2582.6342809200287,2556.367952749133,2559.7617281228304,2607.213177923113
2650.0000000000005,2709.6139408648014,2572.7443312108517,2532.6551324874163,2542.237353026867,2589.312689397484
2900.0,2666.3924457132816,2544.667141586542,2448.658944219351,2527.2952270507812,2546.753439642489
9950.0,2661.907660588622,2576.7271362245083,2460.798802152276,2546.8699736893177,2561.575893163681
2200.0000000000005,2612.468813881278,2612.434952110052,2437.983731776476,2594.09640789032,2564.2459764145315
2700.0,2603.27955506742,2622.2855891287327,2414.6253864467144,2588.688435256481,2557.219741474837
2235.0000000000005,2590.5475290864706,2670.699332654476,2509.8747497797012,2615.349046587944,2596.617664527148
2000.0,2604.9853624403477,2669.1314500570297,2599.6525464206934,2604.755432754755,2619.6311979182065
2865.0,2654.566924124956,2685.1221346855164,2631.552977785468,2614.9562500417233,2646.549571659416
2610.0,2669.919520840049,2642.228025048971,2587.8007613122463,2580.4281452298164,2620.0941131077707
1599.9999999999998,2677.904126495123,2589.731047451496,2553.5248854011297,2551.0105250030756,2593.042646087706
2600.0,2694.4740951806307,2579.66732904315,2553.478800356388,2549.5136695355177,2594.2834735289216
2500.0,2727.493781968951,2607.7844920754433,2595.3041994571686,2577.4983587116003,2627.020208053291
1705.0000000000002,2753.1958574056625,2620.0080959498882,2610.273580029607,2587.983780056238,2642.865328360349
10339.0,2787.659542262554,2603.2529611885548,2682.6911898702383,2579.8120261728764,2663.353929873556
2265.0000000000005,2765.354380607605,2628.4167170524597,2678.460615798831,2612.9712895303965,2671.300750747323
2235.0000000000005,2738.415772393346,2622.068543434143,2584.779630601406,2603.1358490139246,2637.099948860705
2600.0,2712.105836868286,2612.720382064581,2604.2022470384836,2592.0174603164196,2630.2614815719426
2700.0,2746.7953219264746,2651.6346599161625,2689.2554181069136,2625.5766229331493,2678.315505720675
2000.0,2820.8037742972374,2688.182578086853,2760.1621322333813,2632.850296571851,2725.4996952973306
2350.0,2900.2652932703495,2702.054011374712,2777.1379466354847,2629.835607856512,2752.3232147842646
2900.0,2973.967833444476,2726.0126185417175,2837.742423340678,2642.1117387712,2794.958653524518
2700.0,3017.3668964207172,2760.3953655064106,2911.7592998594046,2655.047926455736,2836.142372060567
2665.0,3008.8591676950455,2792.600387632847,2922.491829544306,2675.7823974639177,2849.933445584029
2235.0000000000005,2866.9755382090807,2750.4525583982468,2853.174471333623,2633.714680224657,2776.079312041402
2700.0,2731.075696647167,2699.592178016901,2607.250136807561,2604.818200916052,2660.6840530969203
2350.0,2660.2216747403145,2717.8471414744854,2575.5262821912766,2637.468546628952,2647.765911258757
1100.0,2644.2762492597103,2753.4911981225014,2591.390109062195,2664.702330380678,2663.464971706271
2265.0000000000005,2675.2272295951843,2762.6249566674232,2617.9605324566364,2663.0322017520666,2679.7112301178277
2900.0,2731.1916525661945,2732.637302428484,2678.9658994972706,2652.6123566180468,2698.851802777499
2600.0,2750.9733689576387,2758.604160398245,2717.4047911167145,2670.1195530593395,2724.2754683829844
1500.0,2767.8495801985264,2777.9592184722424,2710.4466100782156,2678.6616390943527,2733.7292619608343
1709.9999999999998,2795.8141174912453,2768.092393875122,2740.1810443401337,2660.921044200659,2741.25214997679
2700.0,2806.0567251592875,2722.6016645133495,2747.773679345846,2639.7361290454865,2729.0420495159924
2000.0,2787.1177539229393,2735.8437643945217,2695.0996294617653,2663.272537738085,2720.333421379328
2600.0,2808.125431612134,2762.957297563553,2711.2227879464626,2679.395035505295,2740.425138156861
2900.0,2787.97173127532,2771.292909383774,2580.848857089877,2677.689393311739,2704.4507227651775
2400.0000000000005,2803.0602061748505,2797.420652061701,2645.5970235168934,2684.2774073779583,2732.5888222828507
2900.0,2742.165344133973,2747.2741769254208,2565.7286677509546,2648.4285283088684,2675.8991792798042
2600.0,2694.7408598661423,2742.714895904064,2553.2774467021227,2634.9376682937145,2656.417717691511
2650.0000000000005,2636.450050622225,2731.4513145387173,2527.4947637319565,2626.1808490753174,2630.394244492054
2700.0,2593.928420469165,2746.7574958503246,2521.0734156519175,2618.4516107290983,2620.0527356751263
1700.0000000000002,2569.5900659263134,2764.133044332266,2484.9057403951883,2629.1732385754585,2611.9505223073065
6089.0,2546.3813731074333,2727.8104308247566,2468.20511482656,2598.769332319498,2585.291562769562
1900.0,2482.9257352650166,2705.09925827384,2370.6298607587814,2606.7892863601446,2541.3610351644456
2265.0000000000005,2469.5303489267826,2733.185697942972,2355.676667764783,2621.641389578581,2545.0085260532796
2785.0000000000005,2516.6008538007736,2713.172234892845,2324.7618617117405,2607.284659296274,2540.4549024254084
1599.9999999999998,2537.9193990677595,2667.256664186716,2330.718725398183,2568.1883537769318,2526.0207856073976
2600.0,2589.145982116461,2644.603634774685,2356.2683402746916,2553.724256902933,2535.9355535171926
2350.0,2631.4660934358835,2599.2397631704807,2365.3135626763105,2531.602774709463,2531.9055484980345
2914.9999999999995,2660.7018511742353,2619.1901277005672,2392.7252446115017,2557.4288998544216,2557.5115308351815
2235.0000000000005,2651.1903274059296,2585.7333762943745,2415.879097878933,2538.8964350521564,2547.9248091578484
2800.0,2647.807949408889,2546.686954945326,2404.4518237560987,2518.6890514194965,2529.4089448824525
2786.0,2694.8343513906,2577.8242576122284,2449.9840131402016,2551.0116812586784,2568.413575850427
1709.9999999999998,2692.5251437723637,2576.631001830101,2507.1431785076857,2547.5557984411716,2580.9637806378305
6168.999999999999,2693.3434423804283,2556.804191470146,2479.446892514825,2536.821616962552,2566.604035831988
2000.0,2630.370293483138,2557.4252659082413,2413.819641470909,2560.003550723195,2540.404687896371
2350.0,2626.284581720829,2592.3795334994793,2407.670674175024,2576.0449454188347,2550.5949337035418
2900.0,2641.7853443324566,2634.364826232195,2420.7525500655174,2594.0696488320827,2572.743092365563
1271.0,2706.0351645946503,2687.1445909142494,2549.3636866658926,2614.2591930925846,2639.200658816844
2800.0,2706.788712888956,2668.111302256584,2614.112678989768,2582.2657657414675,2642.819614969194
1599.9999999999998,2697.831035554409,2691.3642631471157,2582.580102086067,2606.925063803792,2644.675116147846
2785.0000000000005,2686.7887945473194,2695.0788168609142,2637.8638208657503,2601.8965081870556,2655.40698511526
2600.0,2609.086766242981,2651.202881038189,2538.2941910624504,2567.521359473467,2591.526299454272
2600.0,2589.799596890807,2637.751664072275,2510.0701569765806,2567.25773319602,2576.2197877839208
2265.0000000000005,2579.8567897826433,2658.559309542179,2437.3144249618053,2581.397582963109,2564.282026812434
2620.0000000000005,2626.0942950844765,2624.095294326544,2409.4311559200287,2563.3704018592834,2555.747786797583
2235.0000000000005,2636.518434882164,2583.431106209755,2408.593035787344,2537.1699802577496,2541.428139284253
2400.0000000000005,2637.9021424800158,2546.830991357565,2393.4024800360203,2519.515278637409,2524.4127231277525
2600.0,2689.0904039144516,2535.9010723233223,2425.5401089787483,2523.921273201704,2543.6132146045566
2700.0,2699.0968050807714,2574.502170085907,2457.3047628998756,2556.166268736124,2571.7675017006695
2600.0,2726.868082508445,2630.3291638195515,2550.3220573812723,2591.2698584795,2624.697290547192
2290.0000000000005,2721.2830375880003,2675.668919235468,2610.192972496152,2609.457593932748,2654.150630813092
2600.0,2713.8773856312037,2648.1183214485645,2608.6799294501543,2588.3689783513546,2639.7611537203193
2680.0,2667.153592258692,2670.0032667815685,2549.1200470924377,2608.165395706892,2623.6105754598975
2900.0,2629.7906790673733,2652.106081843376,2505.338098332286,2596.1578464508057,2595.8481764234602
1500.0,2630.0187917798758,2693.5628005862236,2548.4561911970377,2616.9697865843773,2622.2518925368786
2000.0,2597.3000618070364,2702.075815051794,2499.6684815734625,2611.7924043536186,2602.709190696478
2630.0000000000005,2611.9527935236692,2717.9267579317093,2491.124908924103,2620.8528232574463,2610.464320909232
2350.0,2582.347529530525,2667.538129836321,2455.685344338417,2582.6960580050945,2572.0667654275894
1900.0,2557.964411377907,2673.8863034546375,2441.732477620244,2594.4346952438354,2567.004471924156
4091.0000000000005,2622.64204621315,2703.3952678740025,2488.5073114186525,2618.108037635684,2608.1631657853723
1720.0,2608.102792724967,2686.0534159839153,2481.6598005592823,2619.174600839615,2598.747652526945
1575.0,2645.132208764553,2654.506468474865,2469.005078524351,2596.1241498589516,2591.19197640568
2785.0000000000005,2673.036290407181,2648.3178581297398,2460.9484546631575,2595.384146273136,2594.4216873683035
2650.0000000000005,2658.0591464042664,2608.901765346527,2417.2225017100573,2566.9450486451387,2562.7821155264974
2800.0,2664.5670484751463,2612.520515024662,2441.4230966567993,2568.3862386643887,2571.724224705249
2785.0000000000005,2667.7513764053583,2584.401039481163,2449.974763095379,2551.810158342123,2563.484334331006
2600.0,2599.58647467196,2540.1821912825108,2416.937732473016,2530.734261572361,2521.860164999962
2235.0000000000005,2574.7213631123304,2557.880830615759,2431.7515140771866,2550.276633054018,2528.6575852148235
2700.0,2557.6000256836414,2534.461038559675,2419.5625978708267,2538.931453078985,2512.638778798282
2250.0,2560.2357929199934,2557.5564183294773,2455.8173226565123,2555.67139133811,2532.3202313110232
2640.0000000000005,2586.3701427727938,2528.806948661804,2414.194268286228,2542.100254148245,2517.8679034672678
1599.9999999999998,2559.0977070480585,2493.6924570798874,2391.376059502363,2518.8071546703577,2490.7433445751667
3100.0,2548.444133102894,2500.690776705742,2389.6623235195875,2520.423765182495,2489.8052496276796
2450.0,2518.32995146513,2481.715631186962,2370.750606879592,2508.072973191738,2469.7172906808555
2700.0,2531.0963347554207,2461.6787126660347,2335.359935387969,2503.6192417889833,2457.938556149602
2350.0,2542.8323291242123,2513.2140159606934,2411.90835095942,2543.0009772628546,2502.738918326795
1900.0,2601.601993367076,2582.350833117962,2488.1923143565655,2584.2693915218115,2564.1036330908537
7965.0,2669.710568934679,2641.067474782467,2553.8122975081205,2613.6858554929495,2619.569049179554
2000.0,2674.04867477715,2674.2084032297134,2574.647032395005,2643.0742389708757,2641.494587343186
2550.0,2688.9333183318377,2713.018287718296,2546.9299338012934,2644.8337296396494,2648.428817372769
1730.0,2707.924981787801,2752.008548080921,2539.8495200276375,2656.1914632469416,2663.9936282858253
2800.0,2706.3775814324617,2731.3201621174812,2539.7451266646385,2628.087679743767,2651.382637489587
2350.0,2740.706314742565,2762.422446757555,2592.499949261546,2646.1832451075315,2685.4529889672995
9799.0,2788.013686835766,2794.4599770009518,2613.1374599784613,2670.3065361082554,2716.4794149808586
2800.0,2768.099496588111,2798.855730444193,2610.0751996040344,2682.7955832332373,2714.956502467394
2700.0,2690.274574831128,2827.7221471071243,2568.576690480113,2683.347282335162,2692.480173688382
2250.0,2661.0275848954916,2857.919248789549,2558.765200972557,2700.0578186661005,2694.4424633309245
1720.0,2702.7043225616217,2828.5500261187553,2600.0517849624157,2684.2275232076645,2703.8834142126143
2700.0,2761.7590864002705,2779.508931338787,2688.158957436681,2657.114155218005,2721.635282598436
2235.0000000000005,2841.8608406186104,2780.4606948792934,2757.844500467181,2664.3293553590775,2761.1238478310406
2350.0,2926.2308298051357,2732.0902283489704,2864.727281779051,2636.26587562263,2789.8285538889468
2700.0,3013.814879208803,2743.200192898512,2933.5201954841614,2658.4912556409836,2837.256630808115
2700.0,3058.2117907702923,2766.7415569722652,2956.4646013081074,2674.055777490139,2863.868431635201
2600.0,3106.0642547905445,2757.483913898468,3066.548724025488,2661.0791208595037,2897.794003393501
1500.0,3052.980394884944,2752.179673910141,3132.3578375577927,2643.5943888127804,2895.2780737914145
2750.0000000000005,3008.700595498085,2727.7873057127,3249.4752979278564,2609.729644358158,2898.9232108742
2350.0,2930.231804549694,2724.3370389938354,3215.552079975605,2599.015945121646,2867.284217160195
2765.0,2858.4096663445234,2731.2900994718075,3133.6272410303354,2605.1165148615837,2832.1108804270625
2765.0,2728.4176301956177,2677.4145348370075,3072.206778228283,2561.9690200686455,2760.0019908323884
2400.0000000000005,2560.940943658352,2603.48223015666,2613.9988704025745,2520.5317924916744,2574.7384591773152
2235.0000000000005,2484.655824005604,2580.562601238489,2529.572555050254,2516.698805168271,2527.8724463656545
2150.0,2464.5273961126804,2546.8237234652042,2446.440585255623,2504.4021920114756,2490.548474211246
2500.0,2504.219668805599,2566.8378472328186,2438.4374795109034,2527.036225795746,2509.1328053362668
2250.0,2589.691239222884,2598.7263856828213,2453.0403270572424,2553.2178169488907,2548.6689422279596
1900.0,2644.0286453813314,2573.0106003582478,2478.184426575899,2536.042465865612,2557.8165345452726
2800.0,2703.2512314617634,2594.259274750948,2446.5672778338194,2552.094266861677,2574.043012727052
2710.0,2787.1998480707407,2637.6869137585163,2567.274911850691,2572.9105016589165,2641.268043834716
1740.0,2750.9538777917624,2603.760722577572,2569.3079395592213,2543.0100621283054,2616.7581505142152
2819.0,2693.2050220668316,2552.7477164566517,2474.307501539588,2513.2146766781807,2558.368729185313
2250.0,2637.7551328390837,2520.1052993535995,2409.429669305682,2500.2071315050125,2516.8743082508445
2800.0,2600.7040783017874,2488.7063525617123,2324.817196801305,2492.4035624414682,2476.657797526568
2600.0,2597.8605154156685,2537.431954741478,2389.4844253361225,2529.3898666650057,2513.5416905395687
2750.0000000000005,2602.2491661459208,2577.3690232634544,2430.2936409413815,2553.858547732234,2540.9425945207477
1167.0,2581.3990695774555,2598.8482880592346,2480.0383998453617,2558.7083792686462,2554.7485341876745
1900.0,2556.560882255435,2559.5808567106724,2484.9871738255024,2519.669721350074,2530.199658535421
2700.0,2547.9375279694796,2572.7367329597473,2458.4626702964306,2540.447138994932,2529.8960175551474
1750.0,2582.633785381913,2613.0755177140236,2473.8157625496387,2573.404883518815,2560.7324872910976
2500.0,2584.9619886279106,2589.3382509052753,2472.573283314705,2553.5889749974012,2550.115624461323
2235.0000000000005,2594.9852380901575,2615.984987169504,2452.942210510373,2575.7251581549644,2559.90939848125
2000.0,2600.291955769062,2598.669233620167,2463.156076967716,2558.490177318454,2555.1518609188497
2350.0,2585.088681206107,2550.205275565386,2409.7088224440813,2526.03408254683,2517.759215440601
2700.0,2607.0707520097494,2567.6640744507313,2388.6119478940964,2545.800272077322,2527.2867616079748
2350.0,2601.49247944355,2536.2647973001003,2377.889659330249,2525.534414947033,2510.295337755233
1900.0,2635.809650197625,2567.0882591605186,2402.8758473694324,2550.4608080536127,2539.0586411952972
1755.0,2680.9475564211607,2607.755750864744,2447.6387964189053,2577.4337735772133,2578.443969320506
2600.0,2706.039459258318,2588.3124870061874,2471.760270446539,2561.456798836589,2581.8922538869083
2500.0,2716.5681575983763,2553.7708374857903,2432.671397998929,2544.4712388515472,2561.8704079836607
1599.9999999999998,2696.5254577994347,2585.536152124405,2421.061931028962,2569.2689572274685,2568.0981245450675
2750.0000000000005,2722.791125252843,2605.0900861620903,2455.49555324018,2572.0357117056847,2588.8531190901995
2800.0,2772.2017262876034,2648.2825097441673,2506.4614832401276,2600.870579108596,2631.9540745951235
2250.0,2797.806180715561,2691.285307407379,2566.5248323231936,2622.0092440396547,2669.406391121447
2700.0,2791.4251364022493,2660.5424530804157,2525.4156509786844,2606.400288939476,2645.9458823502064
6124.999999999999,2735.8857199549675,2677.6672592759132,2480.2083694189787,2621.494214758277,2628.813890852034
2765.0,2635.762904435396,2670.4324027895927,2386.112618818879,2633.5782420635223,2581.4715420268476
2720.0,2518.9992582798004,2627.880875170231,2269.394066631794,2588.7277479469776,2501.2504870072007
2235.0000000000005,2488.8708712160587,2572.1341586112976,2246.168360337615,2549.806532561779,2464.2449806816876
1850.0,2496.6529669612646,2521.0577236115932,2248.388866633177,2523.3613151311874,2447.3652180843055
2765.0,2539.492071866989,2517.912378013134,2347.7150220423937,2529.279361665249,2483.5997083969414
2600.0,2559.0412157028913,2487.6683653891087,2376.6556042432785,2517.6206712424755,2485.2464641444385
1900.0,2596.188239455223,2518.0778877437115,2419.8508358746767,2548.3626996725798,2520.6199156865478
3049.0,2663.515021055937,2568.872857093811,2517.501907274127,2583.0209658294916,2583.2276878133416
1950.0,2690.2889454364777,2555.8335974812508,2574.414790198207,2563.5144382715225,2596.0129428468645
2315.0,2700.303935930133,2514.2536549270153,2555.7125210016966,2535.3371499478817,2576.4018154516816
2800.0,2696.894964054227,2478.7453757226467,2501.359587982297,2524.42804351449,2550.356992818415
2245.0000000000005,2714.477317109704,2521.163438409567,2533.45625244081,2554.2518398165703,2580.837211944163
2600.0,2741.4456576108932,2507.8750883042812,2521.2840193510056,2546.8494914472103,2579.3635641783476
2000.0,2734.2020466178656,2544.145505130291,2547.1770421415567,2568.317524045706,2598.4605294838548
2200.0000000000005,2737.699059098959,2572.6320092380047,2537.2900656610727,2579.5654133707285,2606.796636842191
2000.0,2731.6667084395885,2542.542604506016,2540.228441506624,2548.1185645610094,2590.6390797533095
2600.0,2749.9666006863117,2556.7004588246346,2561.199119016528,2557.049648016691,2606.2289566360414
2350.0,2706.063245087862,2513.713188022375,2511.0820458084345,2522.8223348408937,2563.4202034398913
1700.0000000000002,2674.4337078928947,2538.1511457264423,2495.7258151471615,2538.9502835273743,2561.815238073468
2700.0,2680.5065274983644,2555.6601591408253,2507.922990322113,2549.139538258314,2573.307303804904
2750.0000000000005,2685.0815005600452,2602.4792610108852,2523.7128168344498,2579.014209806919,2597.571947053075
2350.0,2695.3748182952404,2656.040984839201,2540.903694778681,2606.2656677514315,2624.6462914161384
2800.0,2724.7455275803804,2707.2574919462204,2560.2425652742386,2637.3907471448183,2657.4090829864144
1745.0,2746.1316312104464,2754.1102904081345,2607.3707177489996,2656.028926745057,2690.9103915281594
2245.0000000000005,2744.780298769474,2722.97100558877,2591.376894712448,2631.7791083455086,2672.72682685405
5255.0,2749.701157435775,2670.5470372736454,2517.2427408397198,2610.209985971451,2636.9252303801477
2200.0000000000005,2679.720769226551,2648.5127697885036,2412.747296988964,2622.455063164234,2590.8589747920632
2700.0,2673.8276647776365,2616.9767241179943,2364.6457424759865,2599.813926666975,2563.816014509648
2600.0,2717.4703673273325,2645.554737597704,2442.195805758238,2625.420032888651,2607.6602358929813
2765.0,2753.1463035941124,2677.6101072132587,2483.068615421653,2640.487860366702,2638.5782216489315
2000.0,2747.7008352428675,2629.9238136410713,2451.199237778783,2597.7658676356077,2606.6474385745823
2600.0,2751.3669914007187,2623.7077835202217,2474.0605583786964,2595.1073056459427,2611.060659736395
1500.0,2746.6701159626245,2641.5260127186775,2500.6471693515778,2612.9313161224127,2625.443653538823
2610.0,2765.3794878721237,2650.454618483782,2550.244753435254,2608.4191112220287,2643.624492753297
1720.0,2728.746337145567,2608.4134951233864,2504.192249029875,2580.254872068763,2605.4017383418977
2800.0,2736.7312731593847,2563.0651503801346,2476.0643493384123,2558.493150547147,2583.5884808562696
2600.0,2737.038176432252,2599.138012677431,2536.0142201930285,2591.505404263735,2615.9239533916116
2000.0,2740.6304974108934,2632.467575967312,2573.23689609766,2614.873825535178,2640.302198752761
2200.0000000000005,2719.6112571656704,2652.829897850752,2586.1975303292274,2623.038476705551,2645.4192905128
2600.0,2705.3899739682674,2611.0114362835884,2581.564414128661,2590.8329590409994,2622.199695855379
2245.0000000000005,2689.82528693974,2633.585509955883,2571.7299646884203,2617.3183150589466,2628.1147691607475
3089.0,2699.6742721647024,2608.0537344515324,2535.5160392075777,2603.4597657620907,2611.675952896476
2700.0,2657.178079634905,2569.675959199667,2458.545590341091,2572.7671259641647,2564.541688784957
2350.0,2646.2476650625467,2597.352093309164,2464.967103600502,2595.317744165659,2575.971151534468
2600.0,2657.483991831541,2641.850425004959,2506.6644886881113,2621.572509780526,2606.8928538262844
2800.0,2706.9664458930492,2683.884280472994,2574.204021319747,2642.334565743804,2651.8473283573985
2245.0000000000005,2764.2884781211615,2722.939291149378,2642.092247605324,2656.5423042327166,2696.465580277145
2350.0,2723.875197470188,2651.6128562390804,2532.9661652445793,2610.6961088627577,2629.7875819541514
2800.0,2684.4313545525074,2624.9135929346085,2489.5190350711346,2593.9783046394587,2598.2105717994273
1900.0,2701.4162538200617,2650.665057003498,2529.4546169787645,2600.4944656789303,2620.5075983703136
2700.0,2729.7925832867622,2677.788831293583,2529.02366399765,2612.7180695533752,2637.3307870328426
2750.0000000000005,2749.025078266859,2712.2135338187218,2550.907783433795,2628.275158330798,2660.1053884625435
2830.0,2780.3832257539034,2729.588091224432,2580.2996356785297,2616.609200015664,2676.7200381681323
6650.0,2725.4473747313023,2665.0799304246902,2524.0748900175095,2559.2946008592844,2618.4741990081966
2600.0,2648.90606187284,2625.535328090191,2369.81453537941,2559.086474850774,2550.8356000483036
2350.0,2572.3450926691294,2649.902919381857,2305.734849870205,2578.7264673411846,2526.677332315594
2765.0,2577.6722925901413,2691.4518082141876,2350.482602417469,2600.279071778059,2554.9714437499642
1599.9999999999998,2595.4386554658413,2677.00852394104,2403.103794902563,2580.0393129885197,2563.897571824491
1950.0,2627.275657951832,2672.981450855732,2455.4118072986603,2571.009617447853,2581.6696333885193
2200.0000000000005,2678.587969094515,2678.6606480181217,2459.6466760337353,2578.99537935853,2598.9726681262255
1735.0,2713.191065341234,2632.9878909885883,2498.26759532094,2550.3357672691345,2598.6955797299743
2830.0,2756.959139034152,2570.269283503294,2480.7245549559593,2521.7698118835688,2582.4306973442435
6440.0,2761.1347083747387,2514.3709322810173,2452.4907752871513,2498.5275876522064,2556.6310008987784
2600.0,2696.35928735137,2504.6775460243225,2349.71435315907,2518.981914445758,2517.43327524513
2800.0,2705.3290227800608,2535.394302010536,2376.039815545082,2534.746633693576,2537.8774435073137
2000.0,2749.6788582205772,2577.3250855505466,2458.5135455429554,2554.1163927316666,2584.9084705114365
2350.0,2736.240194886923,2597.7739614248276,2508.0883348733187,2563.7816984951496,2601.4710474200547
2500.0,2706.0221154242754,2617.361592054367,2519.8984947800636,2575.304281115532,2604.6466208435595
1213.0,2699.404534250498,2649.033415168524,2552.6175551116467,2596.39603510499,2624.3628849089146
2700.0,2691.0375383496284,2628.407467007637,2613.2030361890793,2562.834229618311,2623.870567791164
2245.0000000000005,2679.085819721222,2644.261713474989,2582.4076548218727,2581.5023066848516,2621.814373675734
2830.0,2683.818704262376,2608.847256153822,2582.700683027506,2564.402607753873,2609.942312799394
2200.0000000000005,2628.223787546158,2555.4137115180492,2502.930939346552,2527.5651301443577,2553.533392138779
1500.0,2599.1138964891434,2499.330029040575,2503.430772125721,2498.483154401183,2525.0894630141556
1900.0,2609.802158102393,2491.034390628338,2523.8979829102755,2501.9633185863495,2531.674462556839
2700.0,2637.654373422265,2518.9635795354843,2421.4578659832478,2530.9437090158463,2527.254881989211
1599.9999999999998,2685.52418127656,2568.6435881257057,2481.7060507833958,2566.91812440753,2575.697986148298
2600.0,2716.7866899073124,2588.9652758836746,2548.28704752028,2566.786806806922,2605.206455029547
2350.0,2730.4115103930235,2623.6770601570606,2530.0309278070927,2593.756468743086,2619.4689917750657
2800.0,2776.311884596944,2661.297322809696,2560.0937386602163,2613.2613445073366,2652.7410726435483
1900.0,2840.1142339408398,2699.7497591376305,2654.398936703801,2624.808538854122,2704.7678671590984
2830.0,2845.5004028975964,2722.995782494545,2656.9189132004976,2636.5544439852238,2715.4923856444657
2950.0,2763.187722787261,2675.7617500424385,2625.7642666995525,2593.908433765173,2664.6555433236063
2200.0000000000005,2664.5905039459467,2625.2479159832,2535.614155754447,2562.3593389242887,2596.9529786519706
2630.0000000000005,2575.1627223938704,2570.6234280765057,2355.4363317787647,2540.3802413493395,2510.40068089962
2000.0,2506.7132166028023,2512.7934692800045,2283.539862856269,2517.333093956113,2455.094910673797
1715.0,2512.3311322182417,2514.0554396808147,2310.224260017276,2526.106926649809,2465.6794396415353
2600.0,2548.327681645751,2475.457315146923,2300.3845248371363,2504.6497958898544,2457.204829379916
2245.0000000000005,2600.3887508809566,2493.0832755565643,2383.904500976205,2520.1251208782196,2499.3754120729864
2750.0000000000005,2636.763726249337,2460.60009136796,2350.156703516841,2500.242314711213,2486.940708961338
2780.0,2693.69758695364,2503.0277344584465,2462.199358046055,2529.1219457238913,2547.011656295508
2800.0,2674.1438180953264,2493.5421438515186,2422.611313536763,2520.2993851155043,2527.649165149778
960.0,2680.023047477007,2551.849801391363,2480.184418410063,2554.462939053774,2566.6300515830517
2830.0,2650.9617191553116,2571.488637626171,2463.066054210067,2560.3390300273895,2561.4638602547348
2600.0,2568.5581903904676,2537.741831243038,2403.8966558873653,2535.1855152845383,2511.3455482013524
2245.0000000000005,2543.986272215843,2545.669119656086,2414.113000035286,2543.086209818721,2511.713650431484
2200.0000000000005,2560.824492201209,2503.9689265191555,2370.6300259381533,2521.4115378260612,2489.2087456211448
3789.0,2560.932849869132,2466.919854134321,2367.470970451832,2500.1328007876873,2473.864118810743
2000.0,2585.1278287172318,2457.8785960376263,2367.0012003183365,2507.4561934173107,2479.3659546226263
3161.0,2636.9609504193068,2490.8041305840015,2407.015737965703,2525.382449924946,2515.0408172234893
2350.0,2652.8260987251997,2468.7711845338345,2385.146815031767,2499.4169133901596,2501.54025292024
2750.0000000000005,2656.5185184031725,2497.0036427676678,2405.9130004793406,2516.1505748331547,2518.896434120834
2700.0,2674.5362842828035,2532.310403138399,2477.349775210023,2532.5862526893616,2554.195678830147
1705.0000000000002,2685.646414011717,2570.405391305685,2506.7419578135014,2560.481745004654,2580.8188770338893
1900.0,2664.975867420435,2544.9271339178085,2502.386012598872,2539.5703668892384,2562.9648452065885
2630.0000000000005,2651.2240239977837,2571.3730120658875,2500.788893252611,2563.084806725383,2571.6176840104163
2600.0,2605.9007865190506,2543.9320933818817,2460.0591289252043,2542.583238631487,2538.118811864406
1599.9999999999998,2601.722243949771,2569.773415029049,2444.5534109324217,2563.0134492367506,2544.765629786998
950.0,2630.119055658579,2588.3907820284367,2487.4749403446913,2566.5608414262533,2568.13640486449
1700.0000000000002,2655.9552567452192,2561.0965426266193,2483.971981406212,2538.8683545589447,2559.973033834249
2200.0000000000005,2697.74646371603,2526.0643103718758,2467.385329604149,2530.196767896414,2555.348217897117
2750.0000000000005,2710.584369674325,2487.498891353607,2447.6098900288343,2515.5377593636513,2540.3077276051044
2620.0000000000005,2730.9491692483425,2507.8499810397625,2454.185515642166,2539.19309720397,2558.0444407835603
1900.0,2700.713085234165,2462.1438577771187,2405.4779180139303,2509.3509659916162,2519.4214567542076
2000.0,2739.3660493195057,2486.246831715107,2428.372935205698,2529.909355789423,2545.9737930074334
2600.0,2748.927952796221,2519.689377695322,2464.614115282893,2553.22045981884,2571.612976398319
2350.0,2768.8773262500763,2548.8369296491146,2516.367950886488,2561.9292118400335,2599.002854656428
6038.999999999999,2786.965788900852,2587.433402389288,2551.8654934316874,2583.043430224061,2627.327028736472
2830.0,2719.7951018065214,2597.712845057249,2523.477931767702,2603.0086608976126,2610.9986348822713
2245.0000000000005,2598.8595202565193,2566.56596198678,2406.3173595815897,2567.812240347266,2534.888770543039
2400.0000000000005,2574.374156072736,2524.23346221447,2317.9976012557745,2543.3466976881027,2489.9879793077707
1500.0,2545.8253793418407,2559.8986618220806,2376.247446015477,2574.2899145931005,2514.0653504431248
2750.0000000000005,2575.6433943659067,2583.32076638937,2440.2747696638107,2577.2309333086014,2544.117465931922
2800.0,2612.972776144743,2627.755338847637,2498.879915252328,2604.9894919246435,2586.149380542338
2700.0,2650.948339626193,2672.329322695732,2562.6218089461327,2624.48676943779,2627.596560176462
3330.0,2666.7396527528763,2710.36055162549,2589.3737644702196,2651.334033459425,2654.4520005770028
2200.0000000000005,2612.7365696430206,2682.2556118667126,2554.2615853995085,2619.607701152563,2617.215367015451
2400.0000000000005,2575.0122439861298,2633.2141867280006,2483.9184632897377,2592.3516181856394,2571.124128047377
2800.0,2574.8855514079332,2646.4896528422832,2466.355601400137,2616.0223177075386,2575.938280839473
2800.0,2620.5482324957848,2685.8485935628414,2517.9766327887774,2645.8253014087677,2617.549690064043
2350.0,2648.515412658453,2658.630997389555,2513.616062551737,2620.4314506798983,2610.2984808199108
2800.0,2679.1490834206343,2678.3098070323467,2543.044419437647,2635.885137170553,2634.0971117652953
1700.0000000000002,2734.946179687977,2716.097561568022,2624.5548233389854,2653.8520278036594,2682.362648099661
2600.0,2762.4240985512733,2679.4934824109077,2644.653353765607,2630.6829780340195,2679.313478190452
2245.0000000000005,2753.081057742238,2684.3477737903595,2604.6764770150185,2637.696328982711,2669.9504093825817
2000.0,2783.9471358805895,2635.6413324177265,2586.1180790513754,2613.30577775836,2654.753081277013
2600.0,2818.020171523094,2643.8438096642494,2604.0900902450085,2621.2244768440723,2671.794637069106
2780.0,2843.613558933139,2657.205829769373,2625.6905966997147,2625.8052311837673,2688.0788041464984
1950.0,2813.507140725851,2604.1825906932354,2575.9367529302835,2586.971230506897,2645.1494287140667
6049.0,2734.8031343519688,2566.698435842991,2431.004738137126,2562.7275237441063,2573.808458019048
2800.0,2654.7849608957767,2541.4497777819633,2311.4313908666372,2563.637166544795,2517.825824022293
2914.9999999999995,2657.2510889172554,2580.9041921794415,2377.6475063711405,2581.961009800434,2549.440949317068
2830.0,2651.148371845484,2562.1470834314823,2375.2074766904116,2552.253499776125,2535.1891079358757
2865.0,2628.4566904604435,2518.8363914191723,2373.4853165596724,2511.798098385334,2508.1441242061555
2245.0000000000005,2601.0129637271166,2484.4116888940334,2342.770377546549,2490.1520024240017,2479.586758147925
2790.0,2593.9517107605934,2448.5988189280033,2306.4030004292727,2476.5987046062946,2456.388058681041
1900.0,2579.970433190465,2419.8648761212826,2324.748482182622,2459.181035384536,2445.9412067197263
2400.0000000000005,2583.4396955370903,2456.7421619594097,2376.0674005001783,2487.4699849635363,2475.9298107400537
2750.0000000000005,2625.113955512643,2511.895554214716,2455.1529712229967,2526.0299530625343,2529.5481085032225
1599.9999999999998,2703.919547200203,2569.5781730115414,2596.296597123146,2554.214509278536,2606.0022066533566
2200.0000000000005,2744.3158143758774,2586.557621359825,2700.298980548978,2548.138716444373,2644.8277831822634
2350.0,2715.512165874243,2558.4936460852623,2687.8432996571064,2528.2975354790688,2622.53666177392
1709.9999999999998,2705.11726282537,2579.498185366392,2575.760341361165,2548.3547710627317,2602.1826401539147
2350.0,2678.5476653277874,2546.9575187563896,2502.394271567464,2524.523682370782,2563.1057845056057
1900.0,2681.691854670644,2580.4033683240414,2461.4861135184765,2553.81675735116,2569.3495234660804
1720.0,2713.3230436593294,2616.6384367644787,2466.2356811761856,2576.4199025928974,2593.154266048223
2800.0,2725.01212708652,2591.3098318874836,2472.2161655128,2555.50654232502,2586.011166702956
6289.0,2772.5315894931555,2613.6661991477013,2512.740446701646,2575.617130845785,2618.638841547072
2000.0,2732.9200895130634,2611.5499210357666,2526.137815192342,2591.563877761364,2615.542925875634
1206.0,2724.802514463663,2632.421656101942,2499.766267761588,2596.165609881282,2613.289012052119
2750.0000000000005,2785.869823768735,2603.6619453132153,2624.9832986295223,2554.6591721475124,2642.2935599647462
2200.0000000000005,2734.314038231969,2547.9059787094593,2396.989845633507,2521.843151524663,2550.2632535248995
2000.0,2714.899845942855,2491.85698390007,2358.293604552746,2495.386371538043,2515.1092014834285
1599.9999999999998,2728.853703737259,2502.733054459095,2399.8725560307503,2515.7723140716553,2536.80790707469
3000.0,2764.453987851739,2506.8413957953453,2456.1290161311626,2518.0430348962545,2561.3668586686254
2245.0000000000005,2717.9814323037863,2497.735057026148,2436.505706757307,2518.8776862621307,2542.774970587343
2800.0,2698.6772494763136,2459.4279785454273,2368.814374282956,2497.890821173787,2506.202605869621
2600.0,2701.9152607023716,2502.213400155306,2450.241197422147,2526.950662881136,2545.33013029024
2700.0,2698.4507885575294,2541.6572430729866,2504.8445423692465,2548.231051713228,2573.2959064282477
2914.9999999999995,2670.2047856152058,2578.360429853201,2503.7375102192163,2570.8201567083597,2580.7807205989957
2900.0,2557.0014156401157,2545.3793950378895,2493.8753106445074,2534.286443963647,2532.63564132154
2850.0000000000005,2522.6726823300123,2575.395460128784,2502.8328227996826,2550.458495542407,2537.8398652002215
6079.0,2473.442622348666,2553.939981162548,2440.7200932502747,2543.332327082753,2502.8587559610605
2914.9999999999995,2393.90148691833,2555.6855967640877,2311.383819207549,2558.968867138028,2454.984942506999
2600.0,2348.005737736821,2532.682056725025,2281.111891269684,2533.7324323505163,2423.8830295205116
2950.0,2377.5488942861557,2549.694210588932,2321.6949763149023,2540.5659029632807,2447.3759960383177
2200.0000000000005,2423.848837390542,2530.9057177603245,2330.9663292765617,2523.556391969323,2452.319319099188
2350.0,2466.382525637746,2498.8695089519024,2354.299071803689,2511.1215236783028,2457.66815751791
1730.0,2510.2270773798227,2530.4068760573864,2425.1580490916967,2542.1820179373026,2501.993505116552
2750.0000000000005,2540.0042930990458,2509.126487225294,2427.1696034818888,2527.8652610629797,2501.041411217302
1950.0,2607.619808241725,2549.244922697544,2509.6854542195797,2556.795602142811,2555.836446825415
2800.0,2702.4372275173664,2581.4192214608192,2550.382017493248,2575.3502009809017,2602.397166863084
2660.0,2756.3066805154085,2619.366208910942,2584.92680542171,2595.1073056459427,2638.926750123501
2600.0,2733.233765140176,2587.356759160757,2582.086380943656,2562.4273928254843,2616.2760745175183
2240.0,2730.020200461149,2604.939112216234,2565.264018177986,2577.0596423000097,2619.320743288845
1500.0,2732.694784849882,2573.068082779646,2563.1011594831944,2556.862995326519,2606.4317556098104
1740.0,2729.464702233672,2571.030430048704,2567.1490451693535,2552.7690245956182,2605.103300511837
1599.9999999999998,2734.511757940054,2545.8095221221447,2575.4687997698784,2539.1518023610115,2598.735470548272
2690.0,2744.827209711075,2543.7721997499466,2569.34477455914,2539.6496529877186,2599.39845925197
2200.0000000000005,2729.6601094305515,2505.843712389469,2532.1192906051874,2520.8697494864464,2572.1232154779136
3015.0000000000005,2728.680595755577,2459.0906822681427,2487.7790355682373,2497.097629830241,2543.1619858555496
2900.0,2690.303646400571,2416.887022405863,2429.606494754553,2482.9785926640034,2504.9439390562475
2000.0,2681.4376436173916,2452.1316753327847,2470.9396593272686,2510.3245332092047,2528.7083778716624
1900.0,2688.9883230626583,2492.444361746311,2490.8312200009823,2539.447473436594,2552.9278445616364
2000.0,2690.3693877905607,2532.108884304762,2479.676326662302,2560.1423013955355,2565.57422503829
2914.9999999999995,2707.808530330658,2564.6541759371758,2506.7574846744537,2575.810060352087,2588.7575628235936
2800.0,2678.0625335127115,2523.1069388985634,2492.8493815660477,2534.129193201661,2557.037011794746
2600.0,2647.0829771459103,2545.4738776385784,2487.1176573634148,2550.575772896409,2557.562571261078
2600.0,2631.261105835438,2590.8714458346367,2497.949790209532,2583.649803698063,2575.9330363944173
2750.0000000000005,2626.5584491193295,2627.3671673238277,2529.7180780768394,2594.133903607726,2594.4443995319307
1025.0,2639.0474962443113,2666.8893052637577,2569.782334715128,2610.1766197383404,2621.4739389903843
2245.0000000000005,2635.928248986602,2663.007920384407,2555.327653065324,2596.1304266750813,2612.5985622778535
2350.0,2635.408099144697,2620.6370989978313,2490.8398093283176,2574.947493672371,2580.4581252858043
2245.0000000000005,2615.5314046144485,2642.234301865101,2460.7376857846975,2593.0800592154264,2577.8958628699183
2200.0000000000005,2621.7314123362303,2622.223481684923,2433.740604072809,2585.396905913949,2565.773101001978
2600.0,2620.6219024956226,2587.372946739197,2413.9544278383255,2561.4941293746233,2545.860851611942
2350.0,2643.128417804837,2606.338842213154,2440.1565012335777,2582.0070948451757,2567.907714024186
1750.0,2703.175083771348,2638.116380125284,2470.2389684319496,2604.62345443666,2604.0384716913104
2914.9999999999995,2735.1293636113405,2608.327601850033,2479.2873292416334,2585.3926112502813,2602.034226488322
2400.0000000000005,2711.810991689563,2555.724909454584,2433.6362107098103,2553.701627328992,2563.7184347957373
1950.0,2688.267149925232,2575.2847899496555,2426.415229290724,2578.132812678814,2567.0249954611063
2330.0,2715.124489888549,2603.0114689469337,2478.5019013285637,2596.1788242310286,2598.2041710987687
2245.0000000000005,2718.4422827512026,2585.273516923189,2461.320603787899,2578.528086915612,2585.8911225944757
3175.0,2738.4347680211067,2553.85276645422,2450.289594978094,2561.838528364897,2576.1039144545794
2350.0,2748.027394860983,2529.6923100948334,2432.8369077295065,2545.1983584463596,2563.9387427829206
2500.0,2764.1878838837147,2565.350572168827,2472.3350946605206,2573.2839722186327,2593.7893807329237
2200.0000000000005,2796.5366120636463,2617.1980644762516,2533.7033607810736,2611.75738632679,2639.7988559119403
1720.0,2775.114003792405,2605.2390779554844,2564.0453247725964,2598.339040055871,2635.684361644089
2900.0,2771.556205302477,2563.6974570155144,2528.0643022060394,2573.7116216123104,2609.2573965340853
2900.0,2777.7266459167004,2597.5532817840576,2542.784096747637,2598.1049808859825,2629.0422513335943
2600.0,2787.7498953789473,2652.288109511137,2574.2679457366467,2630.2315428107977,2661.134373359382
2700.0,2757.966072484851,2685.176313519478,2572.2993379831314,2641.2993866205215,2664.1852776519954
2960.0000000000005,2706.736185848713,2674.113259911537,2564.054574817419,2612.548430338502,2639.3631127290428
2600.0,2583.823737576604,2605.5648116767406,2493.4808623045683,2557.989849001169,2560.2148151397705
2750.0000000000005,2524.9176351726055,2596.9857254624367,2457.871823683381,2547.5093830376863,2531.8211418390274
2700.0,2531.7854630947113,2629.6473033726215,2478.2080472260714,2565.0976825505495,2551.1846240609884
2350.0,2560.923930183053,2672.7587890625,2514.4274236261845,2590.4176981002092,2584.6319602429867
2960.0000000000005,2601.2027548253536,2714.5234021544456,2542.969593182206,2609.107578843832,2616.9508322514594
2859.0,2591.994170024991,2692.0236591994762,2527.079007253051,2578.9392183721066,2597.509013712406
2245.0000000000005,2591.721789240837,2668.2900263369083,2474.9381563812494,2556.728704497218,2572.9196691140532
10000.0,2579.993227943778,2626.6208869218826,2370.8474019914865,2539.9755518883467,2529.3592671863735
2800.0,2686.0831482708454,2717.8101412951946,2429.9140587449074,2610.468987226486,2611.0690838843584
2200.0000000000005,2637.1243128180504,2717.3750588297844,2379.282782152295,2586.096440553665,2579.9696485884488
6159.999999999999,2564.0459854900837,2680.724729448557,2289.095340669155,2554.9979550391436,2522.216002661735
1599.9999999999998,2476.568311601877,2669.986748844385,2211.379272118211,2574.2611733824015,2483.0488764867187
1755.0,2459.623220562935,2675.9484027326107,2306.8869759887457,2570.8262683451176,2503.321216907352
2600.0,2513.9386578649282,2642.4341689050198,2349.935858696699,2553.3920811861753,2514.9251916632056
2750.0000000000005,2587.434393465519,2666.362052708864,2451.863919571042,2582.8453801572323,2572.1264364756644
2900.0,2685.5304580926895,2717.7258998155594,2600.328955948353,2614.246804639697,2654.4580296240747
2840.0000000000005,2790.792169049382,2766.3408318161964,2745.6415440142155,2633.800243139267,2734.1436970047653
2245.0000000000005,2784.111819714308,2731.3802874088287,2728.650863468647,2603.0228663235903,2711.7914592288435
2200.0000000000005,2764.9751287698746,2668.122534453869,2611.770105138421,2573.5753486305475,2654.610779248178
1599.9999999999998,2719.3684434890747,2616.093344837427,2595.1851051300764,2549.810496866703,2620.1143475808203
2750.0000000000005,2714.1707441955805,2605.7190892100334,2729.6792702376842,2550.9746810793877,2650.1359461806715
2960.0000000000005,2711.3612082600594,2632.0635472238064,2721.491163596511,2568.7441823631525,2658.4150253608823
3065.0,2673.9991209656,2587.877404540777,2712.139863818884,2538.8197918236256,2628.2090452872217
2600.0,2612.509778365493,2532.280670851469,2612.016717940569,2509.1770321130753,2566.4960498176515
1900.0,2601.6095916181803,2543.221161365509,2577.2813130170107,2522.6825930923223,2561.1986647732556
1251.0,2635.5985509604216,2574.892654120922,2618.5540219396353,2547.6342586427927,2594.169871415943
2600.0,2659.7028463333845,2569.6762895584106,2676.4743338525295,2532.5583373755217,2609.6029517799616
2350.0,2685.4888328909874,2607.035238444805,2683.6857348680496,2568.2096619158983,2636.104867029935
3000.0,2725.1578152924776,2660.411961376667,2724.079028815031,2600.4832334816456,2677.5330097414553
2900.0,2709.1705994307995,2659.033704698086,2614.149679169059,2588.3499827235937,2642.6759915053844
2850.0000000000005,2734.955099374056,2704.454067647457,2617.6594104617834,2611.864752918482,2667.2333326004446
1500.0,2726.1237842589617,2685.537065267563,2572.885064035654,2605.601316317916,2647.5368074700236
2400.0000000000005,2683.7949184328318,2684.4283813238144,2467.8765730559826,2598.295267522335,2608.598785083741
2700.0,2695.366063788533,2710.8382503688335,2471.3362549990416,2611.935945227742,2622.3691285960376
3000.0,2703.9496098458767,2729.752279520035,2504.574804455042,2612.7606858313084,2637.7593449130654
2245.0000000000005,2674.4089309871197,2699.4018913805485,2479.657496213913,2593.5083693265915,2611.744171977043
1735.0,2641.132885813713,2635.385634750128,2394.5086862891912,2561.707210764289,2558.1836044043303
2350.0,2604.3931943923235,2581.836794912815,2358.105630427599,2537.604071646929,2520.4849228449166
2610.0,2601.0018967092037,2613.7464763224125,2411.2957006692886,2571.1252430081367,2549.2923291772604
2960.0000000000005,2580.821272134781,2598.5661616921425,2424.428451806307,2558.860674649477,2540.669140070677
2700.0,2533.3018097281456,2558.8306120038033,2398.3735532313585,2531.60789526999,2505.5284675583243
2200.0000000000005,2522.5570567697287,2582.1793769299984,2400.3922103345394,2558.7467008829117,2515.9688362292945
2750.0000000000005,2500.8671882748604,2560.9534972906113,2424.5807471871376,2545.9419959783554,2508.085857182741
2245.0000000000005,2513.661486878991,2602.6011633872986,2479.0864711254835,2577.7862663567066,2543.28384693712
6430.0,2543.9961829781532,2589.633921980858,2467.845519334078,2574.9640116095543,2544.109908975661
2950.0,2499.833826124668,2599.0451818704605,2407.9417335242033,2601.80863276124,2527.157343570143
2750.0000000000005,2511.6793344169855,2639.182117432356,2427.2541753202677,2608.597670122981,2546.6783243231475
2914.9999999999995,2561.876849979162,2683.048472851515,2468.3524548262358,2623.887498676777,2584.2913190834224
2650.0000000000005,2529.447349086404,2652.3951457440853,2443.5420176386833,2589.964611083269,2553.8372808881104
2900.0,2498.3713279664516,2598.301213979721,2389.678676277399,2554.3677957355976,2510.1797534897923
2600.0,2519.2752730101347,2623.3097012341022,2404.085621088743,2574.603590220213,2530.3185463882983
2700.0,2556.3636580854654,2660.3937916457653,2434.981101155281,2609.47130382061,2565.3024636767805
2350.0,2612.236076146364,2711.249216645956,2494.3255896121264,2639.659155458212,2614.3675094656646
1900.0,2686.5370611846447,2756.2189702689648,2551.8524442613125,2659.529242813587,2663.5344296321273
2200.0000000000005,2753.3450143784285,2788.914905488491,2609.619469717145,2670.583211556077,2705.6156502850354
1599.9999999999998,2781.5051240473986,2758.1462831795216,2685.4581095278263,2638.990013822913,2716.024882644415
1725.0,2808.570590019226,2743.410961776972,2671.415880769491,2626.17209456861,2712.392381783575
3060.0,2847.6976189017296,2698.593503534794,2644.169213026762,2607.3636150360107,2699.455987624824
2650.0000000000005,2850.0281346589327,2651.72451749444,2579.3409346044064,2584.045243114233,2666.284707468003
2700.0,2882.84844994545,2652.729468792677,2549.3141328543425,2592.179996818304,2669.2680121026933
2950.0,2926.6327112168074,2683.9470486342907,2587.8760831058025,2618.976715952158,2704.3581397272646
2350.0,2927.7627032995224,2710.5491864681244,2641.859675049782,2625.8716332912445,2726.5107995271683
2600.0,2917.311804443598,2730.596015751362,2647.8798024356365,2637.42692142725,2733.3036360144615
2245.0000000000005,2900.0305733829737,2759.3273156881332,2679.1421458870173,2659.634627252817,2749.5336655527353
2750.0000000000005,2862.759334743023,2725.253784507513,2678.552951067686,2639.227872118354,2726.448485609144
2690.0,2842.5712770968676,2753.144651800394,2691.484183371067,2654.337655156851,2735.384441856295
1715.0,2757.5541151314974,2718.892066180706,2549.064216464758,2625.567042529583,2662.769360076636
2650.0000000000005,2722.7726251631975,2661.9530849158764,2505.9971640259027,2595.319561138749,2621.5106088109314
1500.0,2706.749069839716,2664.6385711431503,2511.379864215851,2605.3619714081287,2622.0323691517115
2960.0000000000005,2703.2542046904564,2663.9973448216915,2518.989512696862,2601.169553771615,2621.8526539951563
2200.0000000000005,2646.3664290308952,2623.000815808773,2475.781231895089,2576.692613735795,2580.460272617638
2050.0,2646.0700972378254,2567.406724989414,2428.9915319532156,2553.4226393699646,2548.972748387605
1900.0,2648.846432119608,2534.3774577975273,2410.33832103014,2547.1821627020836,2535.1860934123397
2350.0,2686.636003628373,2571.2854669988155,2468.7246039509773,2580.495042875409,2576.785279363394
2650.0000000000005,2747.5974329560995,2631.851456910372,2542.367514371872,2619.8776042461395,2635.4235021211207
2200.0000000000005,2802.7939370274544,2676.354413628578,2603.5839806497097,2636.569310128689,2679.8254103586078
3010.0,2813.193134739995,2649.98154476285,2625.0625847280025,2610.5342330783606,2674.692874327302
1709.9999999999998,2761.179967522621,2605.031612664461,2560.462749376893,2581.856616437435,2627.1327365003526
2245.0000000000005,2736.0885602235794,2555.7444006204605,2497.5953152775764,2561.7912870645523,2587.804890796542
2700.0,2710.833955705166,2516.9992664456367,2457.379093617201,2555.3060145676136,2560.1295825839043
1900.0,2704.4747150689363,2560.0777162611485,2518.794105499983,2592.0352996885777,2593.8454591296613
2800.0,2732.22980491817,2613.6579401791096,2568.9916210621595,2622.6603811234236,2634.3849368207157
2600.0,2770.436949878931,2670.4961620271206,2632.716996818781,2644.4668662548065,2679.5292437449098
2925.0,2788.0130261182785,2712.950894534588,2637.1637906879187,2668.1000700592995,2701.556945350021
2850.0000000000005,2702.0487256348133,2662.3891584575176,2543.2048086076975,2613.7385477125645,2630.345310103148
2245.0000000000005,2652.711464241147,2660.9035351872444,2520.0668125599623,2595.083189457655,2607.191250361502
2650.0000000000005,2618.5310620069504,2606.262198984623,2439.369917064905,2558.925424963236,2555.7721507549286
1599.9999999999998,2622.4216969311237,2622.355955541134,2470.57230040431,2565.082486048341,2570.108109731227
3000.0,2660.3032733500004,2630.160680860281,2536.269091963768,2557.5301548093557,2596.0658002458513
2600.0,2681.5104877203703,2614.7970171272755,2569.740379154682,2543.667641207576,2602.428881302476
2000.0,2709.7938212007284,2647.650863826275,2538.7694121152163,2574.875805824995,2617.7724757418036
2350.0,2705.0373160094023,2678.9979442954063,2502.3377802222967,2590.568837225437,2619.2354694381356
2869.0,2743.8543032109737,2712.2627572715282,2516.2323386222124,2604.42259632051,2644.192998856306
1705.0000000000002,2777.9782141000032,2698.9089961349964,2563.655996993184,2584.71421957016,2656.314356699586
2200.0000000000005,2804.017916172743,2656.393807977438,2517.7488504350185,2558.803852945566,2634.2411068826914
2700.0,2800.5445243418217,2611.4901261031628,2453.4210655093193,2538.1838512420654,2600.9098917990923
2850.0000000000005,2793.0987337976694,2632.757630944252,2428.465600833297,2566.424898803234,2605.186716094613
2750.0000000000005,2736.055359169841,2607.3173648118973,2411.71195268631,2548.792000859976,2575.969169382006
1900.0,2684.3330728262663,2633.7391267716885,2423.9069805294275,2567.6312037557364,2577.4025959707797
1700.0000000000002,2679.291468039155,2667.3835219442844,2461.0589596629143,2590.9968169778585,2599.682691656053
1900.0,2651.9952464848757,2647.639961987734,2486.8376783281565,2575.724827796221,2590.5494286492467
2650.0000000000005,2660.2715589106083,2667.162181586027,2489.3353556096554,2594.8322819918394,2602.9003445245326
2925.0,2684.6148688346148,2693.8720163702965,2529.756069332361,2606.2227211147547,2628.616418913007
1120.0,2649.9949242919683,2644.451669752598,2517.298075929284,2564.337692260742,2594.020590558648
2200.0000000000005,2620.808224827051,2589.960646778345,2466.958671286702,2525.778054520488,2550.8763993531466
2700.0,2584.3039140105247,2545.693896561861,2400.73545306921,2514.500267729163,2511.3083828426898
2000.0,2575.8143550157547,2571.9653452932835,2396.3311102986336,2553.831623494625,2524.485608525574
1599.9999999999998,2610.8791276067495,2612.7458196878433,2440.769647061825,2576.9466596096754,2560.3353134915233
2750.0000000000005,2651.8204867094755,2622.8683419525623,2491.933792307973,2569.7578881680965,2584.095127284527
2800.0,2718.193357437849,2661.220018863678,2555.087812617421,2592.7761291712523,2631.81932952255
2245.0000000000005,2757.637035176158,2705.6939040124416,2607.5882589817047,2612.9404009878635,2670.964899789542
2700.0,2746.1920868605375,2675.408266186714,2563.3485981822014,2597.3117895424366,2645.5651851929724
2820.0,2711.4086147397757,2700.561120212078,2527.738898843527,2616.0292552411556,2638.934472259134
2350.0,2615.7512583583593,2670.719154179096,2470.978806838393,2586.6952157765627,2586.036108788103
3000.0,2554.134066924453,2691.450486779213,2429.5737892389297,2600.235299244523,2568.8484105467796
1110.0,2504.8357878625393,2683.0755622684956,2407.8976306319237,2591.877718567848,2546.9216748327017
1500.0,2501.1213993281126,2669.2807722091675,2401.5641579777002,2577.057494968176,2537.255956120789
2245.0000000000005,2527.8147161751986,2669.3719512224197,2437.5032249838114,2577.1242274343967,2552.9535299539566
2000.0,2566.8209989368916,2638.602668195963,2422.0791056007147,2573.6746214330196,2550.294348541647
1709.9999999999998,2616.1319968104362,2649.7344364225864,2455.921716019511,2588.947106152773,2577.6838138513267
2350.0,2663.4309447556734,2612.6024439930916,2460.266098678112,2565.4268850386143,2575.431593116373
2925.0,2705.358755066991,2639.0235452353954,2501.4060033857822,2590.933718457818,2609.1805055364966
2700.0,2682.756105363369,2605.786152034998,2510.921656638384,2564.263196364045,2590.931777600199
2800.0,2646.422259658575,2624.3698224425316,2498.364060074091,2583.570352420211,2588.181623648852
2400.0000000000005,2563.7509751319885,2594.9863943457603,2461.749079078436,2562.3091243952513,2545.698893237859
2700.0,2553.4961441904306,2620.5214734375477,2447.8256142884493,2585.9231673926115,2551.94159982726
2800.0,2527.2113159298897,2604.905745983124,2414.3442511558533,2578.1927727907896,2531.163521464914
1900.0,2548.641522452235,2648.2613667845726,2463.117424994707,2599.7699889540672,2564.9475757963955
2650.0000000000005,2591.5405874699354,2689.28300306201,2501.8323313444853,2624.4902382045984,2601.7865400202572
3188.9999999999995,2626.53598472476,2726.152360290289,2559.589115679264,2636.923785060644,2637.3003114387393
2400.0000000000005,2584.8490059375763,2687.5291284918785,2544.85610678792,2597.5711211562157,2603.7013405933976
2700.0,2549.352289289236,2693.6982476711273,2504.317124634981,2610.9475118666887,2589.5787933655083
2800.0,2556.720941066742,2724.676317423582,2529.8033106327057,2627.104532122612,2609.5762753114104
1900.0,2588.0161552131176,2756.5034091472626,2560.318878144026,2638.4254307299852,2635.815968308598
3068.9999999999995,2628.5250747203827,2791.8425446748734,2574.68799687922,2663.5997580736876,2664.663843587041
2700.0,2594.80172380805,2762.6454389095306,2547.974032610655,2634.289008900523,2634.9275510571897
1705.0000000000002,2576.1921202391386,2778.7937046587467,2518.7478552758694,2653.74400049448,2631.8694201670587
2800.0,2618.34457449615,2745.885348767042,2499.629168882966,2636.4583095908165,2625.0793504342437
2245.0000000000005,2655.308414325118,2770.734272748232,2531.1500180512667,2656.421558111906,2653.4035658091307
2925.0,2709.5848692953587,2742.627681195736,2523.5511062294245,2650.8903616666794,2656.6635045967996
2200.0000000000005,2696.63133777678,2694.799663722515,2482.09736071527,2619.869345277548,2623.3494268730283
2400.0000000000005,2707.7018244564533,2647.6234440505505,2463.8437186926603,2598.4042859077454,2604.3933182768524
2800.0,2743.5545026510954,2670.5876713991165,2530.9851690381765,2632.8772208094597,2644.501140974462
2000.0,2794.758951663971,2731.4731182157993,2626.4571941643953,2666.3706420361996,2704.7649765200913
2856.0,2836.7055924236774,2764.8786640167236,2656.0563465207815,2679.72787193954,2734.3421187251806
2200.0000000000005,2815.056523233652,2716.215499639511,2619.7811394929886,2633.0863378942013,2696.0348750650883
2550.0,2783.32028016448,2656.9788733124733,2576.997865214944,2594.972684457898,2653.067425787449
2245.0000000000005,2778.4641718119383,2678.9163456857204,2561.0666451603174,2613.5449574887753,2657.998030036688
1900.0,2777.489448338747,2650.5861012637615,2543.871307373047,2599.3015402555466,2642.8120993077755
2700.0,2827.684651389718,2680.580693036318,2588.2827547192574,2614.6328288316727,2677.7952319942415
1720.0,2883.21779102087,2725.0945515930653,2666.0876897722483,2634.971034526825,2727.342766728252
2800.0,2880.1860888302326,2704.349013566971,2702.176244109869,2608.746661916375,2723.864502105862
1599.9999999999998,2851.240220889449,2661.604556441307,2627.6753920316696,2575.4975409805775,2679.004427585751
2925.0,2840.4006549715996,2648.6472257971764,2562.5742372870445,2563.990815579891,2653.903233408928
2650.0000000000005,2778.649337887764,2608.782505840063,2474.7353161126375,2543.5871988534927,2601.4385896734893
2925.0,2761.2136641144753,2623.092325180769,2454.4365882873535,2554.656694456935,2598.349818009883
2750.0000000000005,2671.3349428772926,2583.619741052389,2432.164462506771,2526.2536059319973,2553.3431880921125
2750.0000000000005,2634.3435180932283,2603.295577466488,2441.177144572139,2545.3186090290546,2556.0337122902274
2700.0,2604.469342082739,2635.5587427318096,2493.9180921018124,2560.8083046227694,2573.6886203847826
2650.0000000000005,2577.644707635045,2660.2864250540733,2486.9371163100004,2582.9547289013863,2576.9557444751263
1900.0,2567.3626220971346,2697.4101585149765,2522.496931478381,2597.0780607312918,2596.086943205446
2850.0000000000005,2557.8783529251814,2726.612550020218,2518.728529289365,2609.881774559617,2603.2753016985953
3000.0,2564.877663627267,2757.9655769467354,2548.679678887129,2614.792557284236,2621.5788691863418
1730.0,2559.0896132588387,2734.0925326943398,2516.182949990034,2590.8415483683348,2600.051661077887
1084.0,2557.9545006155968,2681.8096275627613,2421.1174312978983,2568.3513858169317,2557.308236323297
2200.0000000000005,2547.339578643441,2643.7404073774815,2378.9681154489517,2549.594772607088,2529.9107185192406
2850.0000000000005,2542.6504666358232,2605.2043902873993,2328.6957736313343,2543.7015029788017,2505.0630333833396
1900.0,2568.445538058877,2571.584111303091,2305.894908681512,2545.845035687089,2497.942398432642
2000.0,2621.229597404599,2608.628558665514,2384.1415333747864,2579.901718571782,2548.4753520041704
2700.0,2689.262851178646,2654.9881315231323,2461.3054072856903,2602.8099501132965,2602.0915850251913
2245.0000000000005,2774.28034350276,2696.2694297730923,2526.9463682174683,2623.7477569282055,2655.3109746053815
2600.0,2791.4061407744884,2666.808697730303,2533.0682460963726,2604.1994389891624,2648.8706308975816
2925.0,2809.2280039191246,2698.944014161825,2543.1283305585384,2628.4307572990656,2669.9327764846385
2750.0000000000005,2747.5050976872444,2677.1839444339275,2537.315833643079,2598.159985616803,2640.0412153452635
2890.0,2731.1359871178865,2700.3041011095047,2532.4093455821276,2611.226334646344,2643.7689421139657
2550.0,2624.774016365409,2671.413237899542,2498.24959076941,2588.6879397183657,2595.7811961881816
3039.0,2555.885133445263,2692.1188025176525,2470.5511574447155,2608.199257478118,2581.688587721437
1740.0,2486.459417566657,2676.930228918791,2462.4900737404823,2590.4433009028435,2554.0807552821934
2850.0000000000005,2480.6023222208023,2629.255167543888,2399.759408161044,2568.4310022741556,2519.5119750499725
1900.0,2470.676858946681,2588.2589688897133,2379.44085881114,2553.1664461642504,2497.885783202946
1599.9999999999998,2505.5949522554874,2615.88191524148,2401.69745773077,2581.405676752329,2526.1450004950166
2200.0000000000005,2556.919651851058,2639.057572185993,2456.855970546603,2591.700811460614,2561.133501511067
2800.0,2594.165618047118,2617.818808555603,2478.138837069273,2580.1237196475267,2567.5617458298802
2750.0000000000005,2629.727415367961,2655.5811254680157,2525.3758427500725,2608.082806020975,2604.691797401756
2700.0,2657.079632729292,2706.0288877785206,2556.0504779964685,2639.243564158678,2639.60064066574
2750.0000000000005,2686.6008204221725,2755.576752871275,2579.2494252324104,2667.235851585865,2672.1657125279307
2300.0000000000005,2704.21472273767,2788.7672351300716,2611.113021597266,2663.8353038579226,2691.9825708307326
2925.0,2686.106438562274,2746.2867346405983,2570.9635324031115,2631.5617322921753,2658.7296094745398
2550.0,2609.1569674760103,2695.5981408059597,2484.831574857235,2594.5418966561556,2596.03214494884
2245.0000000000005,2591.870120316744,2710.9195186197758,2455.4851469397545,2613.706998452544,2592.9954460822046
2650.0000000000005,2625.085049122572,2680.3643080592155,2447.037873864174,2604.0284783393145,2589.128927346319
2600.0,2651.8564958125353,2703.8713148236275,2488.663075566292,2617.8642328828573,2615.563779771328
1150.0,2700.3212797641754,2744.0056075155735,2524.9174699932337,2644.1619451344013,2653.351575601846
1750.0,2747.898885309696,2755.333278477192,2563.894516006112,2639.48423050344,2676.65272757411
2820.0,2769.527802616358,2731.520359516144,2573.4489864110947,2623.809699192643,2674.57671193406
1900.0,2743.675083592534,2691.391022205353,2519.125950857997,2603.6824275553226,2639.4686210528016
2650.0000000000005,2751.488893777132,2713.6291210353374,2510.2941402047873,2628.139215707779,2650.887842681259
2365.0000000000005,2773.655304759741,2744.1169384121895,2551.5713089704514,2645.106440782547,2678.612498231232
2245.0000000000005,2762.8137566894293,2723.39617729187,2537.580946534872,2631.296784579754,2663.7719162739813
2800.0,2775.276044756174,2687.5512625277042,2506.799935773015,2618.7705720961094,2647.0994537882507
2850.0000000000005,2787.658881545067,2727.1196506917477,2541.552354171872,2643.699112534523,2675.0074997358024
2800.0,2786.0430969297886,2760.099694430828,2574.5793088525534,2653.1194572895765,2693.4603893756866
2700.0,2778.276528045535,2788.461983650923,2590.6925565749407,2674.2143496870995,2707.9113544896245
1599.9999999999998,2755.6872578710318,2827.298296838999,2620.4051871597767,2692.5603269785643,2723.987767212093
2925.0,2719.628600999713,2831.3980488479137,2624.47058185935,2676.001590490341,2712.8747055493295
2550.0,2632.83130094409,2785.4031920433044,2555.8137759566307,2637.192366719246,2652.8101589158177
2200.0000000000005,2592.9479157179594,2794.0585911273956,2517.0361014455557,2652.6186334341764,2639.165310431272
3110.0,2579.6347887068987,2757.5750929117203,2504.3176201730967,2633.261758387089,2618.697315044701
2650.0000000000005,2565.4704923927784,2724.215136617422,2465.2617835998535,2616.3145200163126,2592.8154831565917
2700.0,2596.1193596571684,2739.7717298567295,2478.460936844349,2632.599719464779,2611.7379364557564
2235.0000000000005,2654.581790268421,2771.5565356612206,2510.672070607543,2659.3452329933643,2649.0389073826373
2800.0,2708.0772771686316,2748.153591901064,2513.554450646043,2650.595516487956,2655.0952090509236
1720.0,2739.9595388025045,2782.5607854127884,2561.366115361452,2669.685792028904,2688.3930579014122
2840.0000000000005,2753.5300152748823,2755.2265726029873,2554.815597012639,2653.015559464693,2679.1469360888004
2200.0000000000005,2715.7171534746885,2716.959137171507,2508.901017382741,2632.122351080179,2643.424914777279
2550.0,2687.042675241828,2675.1446399092674,2476.0164473205805,2612.6898238807917,2612.723396588117
1900.0,2678.35605725646,2708.1854696571827,2517.6594883948565,2648.345277905464,2638.136573303491
2800.0,2735.3827487677336,2753.023410141468,2583.6370848864317,2679.3801693618298,2687.8558532893658
5890.0,2795.561888590455,2810.0492757558823,2666.0777790099382,2702.6030676066875,2743.573002740741
2650.0000000000005,2747.880385220051,2789.7411327064037,2623.002963140607,2698.0781438946724,2714.6756562404335
2840.0000000000005,2706.231232509017,2802.5174267590046,2579.229768887162,2679.3555576354265,2691.8334964476526
1755.0,2649.9827010184526,2761.316075325012,2522.0942241698503,2631.102038100362,2641.1237596534193
2550.0,2640.7615625858307,2704.1950663924217,2473.6877485364676,2591.9528751820326,2602.649313174188
3020.0,2673.551980406046,2726.120645850897,2493.422719165683,2612.409184128046,2626.376132387668
1599.9999999999998,2674.0004424005747,2705.3582595288754,2523.8215048611164,2586.979159116745,2622.539841476828
3020.0,2716.3512770831585,2702.0586363971233,2563.49709443748,2578.452599942684,2640.0899019651115
2700.0,2677.2662037611008,2675.196836590767,2535.525784790516,2563.951172530651,2612.9849994182587
2245.0000000000005,2688.534575328231,2700.826728641987,2516.744725033641,2588.977829515934,2623.770964629948
1900.0,2692.329241037369,2675.317087173462,2486.8731918931007,2579.5949804782867,2608.5286251455545
2750.0000000000005,2696.3536712527275,2705.2337142825127,2495.0242983549833,2602.7247175574303,2624.8341003619134
2850.0000000000005,2745.968103632331,2751.2787856161594,2569.3325512856245,2626.352965980768,2673.2331016287208
2200.0000000000005,2753.2756390422583,2782.1105064451694,2616.6691601276398,2626.341073065996,2694.599094670266
3000.0,2711.1094748973846,2741.0938255488873,2600.315741598606,2590.750699713826,2660.817435439676
2700.0,2628.9020140469074,2702.3265573382378,2503.190436139703,2575.5023311823606,2602.480334676802
2245.0000000000005,2573.392825424671,2726.9865161180496,2445.4323303699493,2598.740591108799,2586.1380657553673
1500.0,2538.659567832947,2699.368525147438,2386.223123818636,2589.0815621614456,2553.3331947401166
2200.0000000000005,2539.416750073433,2706.1094953119755,2414.583265706897,2590.751690790057,2562.7153004705906
1900.0,2536.576325595379,2675.860857665539,2407.1933057904243,2577.581939473748,2549.3031071312726
2600.0,2577.745962589979,2698.723664879799,2440.535092353821,2605.8829471468925,2580.721916742623
2850.0000000000005,2609.402589201927,2736.0608100891113,2475.899665504694,2638.7970843166113,2615.040037278086
2800.0,2621.0664001852274,2771.741866916418,2534.411484748125,2640.3056675195694,2641.881354842335
4525.0,2659.6096851676702,2800.0902810692787,2600.756935700774,2641.8033488839865,2675.5650627054274
1900.0,2635.1058208942413,2784.128337651491,2573.3426108956337,2644.504196792841,2659.270241558552
6159.999999999999,2624.7368510067463,2812.9931025207043,2516.3755491375923,2660.9702676534653,2653.768942579627
2800.0,2548.2915073633194,2818.6432281136513,2426.0270577669144,2680.3183881938457,2618.3200453594327
2810.0,2530.2321162819862,2856.9215653836727,2406.0938718914986,2700.2216766029596,2623.3673075400293
2000.0,2564.98602129519,2840.921961069107,2400.135191231966,2682.9860350489616,2622.257302161306
2930.0,2613.521502017975,2858.002499192953,2450.732936412096,2683.300536572933,2651.3893685489893
2700.0,2632.9946633428335,2819.517026990652,2456.418080031872,2645.2042269706726,2638.5334993340075
2650.0000000000005,2679.0803688019514,2833.1661288440228,2493.3089105784893,2656.797176003456,2665.58814605698
3020.0,2725.3598296642303,2849.70091432333,2561.8794928491116,2660.784606039524,2699.431210719049
1500.0,2677.6195224374533,2800.830284655094,2563.8773373514414,2618.3966059982777,2665.1809376105666
2800.0,2641.706223413348,2771.846260279417,2558.5374186187983,2603.4888373315334,2643.8946849107742
1740.0,2636.116057932377,2797.0489984750748,2564.4320096820593,2627.2462560236454,2656.210830528289
2230.0,2622.8832080960274,2759.0187606215477,2544.8237316310406,2613.372345045209,2635.024511348456
2280.0000000000005,2575.843756943941,2708.1854696571827,2473.855405598879,2595.679486989975,2588.3910297974944
2850.0000000000005,2585.5037769675255,2663.494869172573,2415.622409135103,2589.0746246278286,2563.4239199757576
2750.0000000000005,2601.5962120890617,2686.798044592142,2457.4592056125402,2604.245689213276,2587.524787876755
2550.0,2631.5724689513445,2728.5309432446957,2493.774386048317,2626.886660531163,2620.19111469388
1900.0,2677.8446619212627,2770.1544931530952,2534.5173647254705,2651.6673654317856,2658.5459713079035
2900.0,2722.1614614874125,2811.3974697887897,2573.478388339281,2672.6818154752254,2694.929783772677
2280.0000000000005,2692.6852025836706,2792.1018762886524,2593.5361194610596,2646.853708177805,2681.294226627797
1730.0,2679.2186239361763,2739.569550305605,2529.9177799373865,2621.544759646058,2642.5626784563065
2600.0,2676.8659741431475,2692.757385969162,2467.0975871384144,2599.8882573843002,2609.152301158756
2800.0,2706.0221154242754,2719.9204729497433,2496.59581489861,2634.21847730875,2639.1892201453447
3020.0,2744.1508001834154,2770.4346373677254,2543.5356628894806,2658.2329151034355,2679.088503886014
1599.9999999999998,2694.155794531107,2748.757818043232,2528.3155400305986,2630.0349793583155,2650.3160329908133
2550.0,2656.5256211161613,2741.280808597803,2502.306726500392,2620.0782971829176,2630.0478633493185
3110.0,2667.1278242766857,2769.0728986263275,2511.546530202031,2648.351554721594,2649.0247019566596
2230.0,2606.341650262475,2752.1155843138695,2505.5270635336637,2627.8983841836452,2622.9706705734134
2650.0000000000005,2580.3485287725925,2703.6823496222496,2454.2588552832603,2602.8715620189905,2585.2903239242733
2700.0,2590.6958601623774,2716.0681596398354,2473.5238905996084,2618.4524366259575,2599.6850867569447
2900.0,2617.6311647892,2751.732368171215,2499.154278188944,2644.53112103045,2628.262233044952
3020.0,2606.4562847465277,2728.1873701512814,2503.0444175750017,2619.9808413535357,2614.4172284565866
2230.0,2551.8800292164087,2687.735272347927,2461.0734954476357,2588.7118907272816,2572.3501719348133
2280.0000000000005,2538.5573218017817,2644.820019751787,2401.0388875752687,2569.9514783918858,2538.591926880181
2700.0,2570.140939131379,2606.7230494320393,2378.7049847096205,2568.7076777219772,2531.069162748754
2920.0,2592.379863858223,2656.233914345503,2456.0426273196936,2613.230290785432,2579.471674077213
2050.0,2581.561440899968,2654.832202196121,2477.8116167336702,2608.1254222989082,2580.582670532167
2650.0000000000005,2614.8794416338205,2679.082846492529,2511.0613983869553,2621.1973874270916,2606.555268485099
2850.0000000000005,2652.0796531438828,2710.0014516711235,2563.097690716386,2630.020608752966,2638.7998510710895
2550.0,2684.022370427847,2733.658110946417,2619.0885423868895,2628.7597946077585,2666.382204592228
1599.9999999999998,2682.8538915514946,2762.139990031719,2630.955689176917,2645.3277811408043,2680.319337975234
2800.0,2673.2919880747795,2778.0973084270954,2633.315276503563,2643.7077018618584,2682.103068716824
1720.0,2673.3326222002506,2814.337001889944,2602.062183097005,2676.365645825863,2691.5243632532656
1900.0,2673.431729823351,2788.2023216784,2558.532793596387,2655.6467016786337,2668.953386694193
3000.0,2677.922956943512,2806.1702033877373,2530.9157937020063,2674.2607650905848,2672.31742978096
2200.0000000000005,2682.5288185477257,2803.65914657712,2525.035408064723,2664.3503331393003,2668.893426582217
2650.0000000000005,2712.3280031234026,2775.022659599781,2502.3462043702602,2650.0428263098,2659.934923350811
2000.0,2736.4917630702257,2789.9687498807907,2509.5176319777966,2665.5886828899384,2675.391706954688
2800.0,2769.7450134903193,2805.1510466635227,2541.030552536249,2671.8033915758133,2696.932501066476
2245.0000000000005,2801.55410066247,2831.539772748947,2572.0788235217333,2692.8393149375916,2724.5030029676855
1900.0,2824.081924110651,2797.4001698195934,2573.5905451327562,2674.614414125681,2717.4217632971704
1720.0,2824.83216881752,2816.8900142610073,2579.7051551193,2690.416629090905,2727.960991822183
3020.0,2813.1083977222443,2789.484443962574,2575.4440228641033,2670.763091892004,2712.1999891102314
2700.0,2738.0054668337107,2749.0353193879128,2517.230682745576,2643.1239579617977,2661.8488567322493
2800.0,2702.044265791774,2767.376836836338,2517.79493547976,2665.640549212694,2663.2141468301415
2917.0,2708.018968850374,2811.695453375578,2566.0586961358786,2686.5479630231857,2693.080270346254
2800.0,2643.968520089984,2787.6882834732533,2546.05861261487,2660.7882399857044,2659.625914040953
2825.0,2610.9080339968204,2818.001341074705,2555.0027452409267,2678.259757682681,2665.5429694987833
2280.0000000000005,2550.594603344798,2781.7996388673782,2514.522236585617,2649.033415168524,2623.9874734915793
2965.0,2545.3734485805035,2725.656491816044,2443.553084656596,2626.0655538737774,2585.16214473173
2000.0,2542.5049436092377,2691.9110068678856,2415.7134229689837,2596.0676585137844,2561.549257989973
2230.0,2622.96811029315,2707.877244949341,2437.800713032484,2601.9650576263666,2592.6527814753354
1709.9999999999998,2706.5021266788244,2678.7253983318806,2474.497127458453,2575.976230800152,2608.9252208173275
2550.0,2772.2752311080694,2637.1279467642307,2486.6995883733034,2555.79478032887,2612.9743866436183
2650.0000000000005,2852.0923812687397,2679.7349746525288,2544.4393592327833,2590.7632533460855,2666.7574921250343
2500.0,2923.095064610243,2727.103463113308,2620.503468886018,2611.1653834581375,2720.4668450169265
2000.0,2949.7469214349985,2768.226849883795,2639.6026641130447,2632.689081504941,2747.5663792341948
2650.0000000000005,2945.379248484969,2807.3727092146873,2666.498490869999,2644.1312217712402,2765.845417585224
2979.9999999999995,2932.6615931093693,2834.012838304043,2689.8370146751404,2642.779724150896,2774.822792559862
2280.0000000000005,2875.724263638258,2800.1926922798157,2671.791829019785,2607.8201708197594,2738.8822389394045
2230.0,2779.3156714737415,2737.9319620132446,2540.5880369991064,2579.8486959934235,2659.421091619879
2700.0,2677.3261638730764,2694.010436683893,2427.069009244442,2561.845300719142,2590.0627276301384
2550.0,2633.737805336714,2724.910872131586,2391.845334097743,2603.249657601118,2588.4359172917902
2000.0,2621.567884758115,2781.927157342434,2422.414915263653,2640.2159751206636,2616.5314831212163
2700.0,2621.7130774259567,2827.681512981653,2486.3475911319256,2656.2025302648544,2647.9861779510975
2230.0,2640.755285769701,2860.5257792770863,2512.383494079113,2675.053791254759,2672.179587595165
1599.9999999999998,2630.234350860119,2827.998987734318,2529.3992818892,2643.6639293283224,2657.82413745299
2990.0,2634.7407744824886,2827.2358590364456,2525.0408589839935,2640.2656941115856,2656.8207966536283
2650.0000000000005,2580.965143367648,2794.379039108753,2481.40377253294,2624.123044461012,2620.2177498675883
1705.0000000000002,2571.843773275614,2753.3986976742744,2401.9835484027863,2613.158768117428,2585.0961968675256
2965.0,2584.876095354557,2714.304374307394,2365.6059301644564,2597.6337241381407,2565.605030991137
2280.0000000000005,2562.1401458978653,2687.400618940592,2378.703498095274,2584.1180872172117,2553.0905875377357
2500.0,2610.5619832128286,2642.0417027175426,2343.2933354377747,2572.8915060311556,2542.1971318498254
2965.0,2645.8385157585144,2685.5502796173096,2434.0978870540857,2611.0150702297688,2594.1254381649196
2900.0,2637.946740910411,2703.8194485008717,2500.914099216461,2613.3665637671947,2614.0117130987346
1900.0,2642.026341035962,2755.035955607891,2542.3154828697443,2651.7775400727987,2647.788829896599
2750.0000000000005,2671.3726037740707,2807.71793410182,2586.983288601041,2684.9919733405113,2687.7664499543607
2800.0,2693.7081584334373,2859.4772206246853,2640.568467900157,2704.7401583194733,2724.623501319438
2890.0,2730.7134582847357,2906.5553237497807,2693.821967020631,2716.015797778964,2761.776636708528
2230.0,2629.7426118701696,2852.238399833441,2638.037094026804,2664.5378117263317,2696.1389793641865
2000.0,2538.2581819593906,2787.7355247735977,2528.3591473847628,2622.6195818185806,2619.243108984083
2000.0,2548.418199941516,2795.5356250703335,2479.0816809237003,2631.5257231891155,2613.6403072811663
2280.0000000000005,2595.7901571691036,2821.434098780155,2494.2449820786715,2636.27578638494,2636.9362561032176
2635.0,2631.825358569622,2783.3856911957264,2457.7910509705544,2613.1951075792313,2621.5493020787835
2900.0,2674.7577898204327,2767.6199808716774,2479.1130650043488,2600.437974333763,2630.4822025075555
1715.0,2734.3569848686457,2812.1252501010895,2515.787510573864,2633.852935358882,2674.0306702256203
2965.0,2740.9104764461517,2795.3301419317722,2515.332111045718,2618.5310620069504,2667.525947857648
1599.9999999999998,2689.697272926569,2772.458415031433,2495.469952300191,2595.5516381561756,2638.294319603592
2750.0000000000005,2687.1929884701967,2779.927495867014,2490.2715922892094,2598.7808948755264,2639.0432428754866
2550.0,2622.817962244153,2759.0230552852154,2467.121703326702,2588.045557141304,2609.2520694993436
1900.0,2607.597839385271,2792.835603058338,2449.8708652704954,2616.868861988187,2616.793292425573
2900.0,2640.9108847379684,2836.8975308537483,2482.543840557337,2645.095538944006,2651.361948773265
2900.0,2638.807160258293,2844.586300253868,2508.9908749610186,2647.153673917055,2659.8845023475587
2550.0,2623.164013028145,2826.1615324020386,2505.6882786005735,2620.86124740541,2643.9687678590417
1500.0,2631.210230588913,2851.9615592062473,2489.5679281651974,2641.7546209692955,2653.6235847324133
1050.0,2637.368282750249,2877.1778421103954,2524.55143250525,2647.749971449375,2671.7118822038174
2800.0,2637.861343175173,2859.812534749508,2524.380471855402,2627.526730597019,2662.3952700942755
2750.0000000000005,2658.911306783557,2890.1883605122566,2520.915008634329,2652.3191632330418,2680.583459790796
1715.0,2577.7249848097563,2861.4805160462856,2502.6101610064507,2629.3123196065426,2642.781995367259
2500.0,2533.8616026192904,2800.980597883463,2424.274174273014,2605.382453650236,2591.124707106501
1900.0,2515.0853330641985,2822.1542808413506,2432.5793930888176,2624.588024392724,2598.6017578467727
2700.0,2539.8267252743244,2856.035543233156,2448.052570745349,2650.851048976183,2623.691472057253
2230.0,2578.1750985980034,2896.4450247585773,2482.9235879331827,2681.3324243575335,2659.719033911824
2295.0,2574.5950008928776,2877.170243859291,2514.1760206222534,2656.24085187912,2655.5455293133855
2900.0,2576.985641941428,2839.549650847912,2462.6461682468653,2641.967702358961,2630.2872908487916
2650.0000000000005,2580.1892958581448,2871.418698132038,2463.9053305983543,2669.0592666715384,2646.143147815019
3000.0,2576.8533332645893,2906.900878995657,2502.0698592811823,2678.4991025924683,2666.080793533474
4629.0,2567.5056674331427,2914.17108386755,2509.735833927989,2668.0404403060675,2664.8632563836873
2900.0,2518.4437600523233,2896.4694713056087,2433.5387548804283,2667.7530281990767,2629.0512536093593
2750.0000000000005,2540.775350406766,2891.4169646799564,2416.0417995601892,2665.6937369704247,2628.481962904334
1599.9999999999998,2548.5280442237854,2918.758445382118,2448.931159824133,2670.336598753929,2646.6385620459914
2900.0,2564.750475510955,2929.163424372673,2477.0210682600737,2665.248083025217,2659.0457627922297
2850.0000000000005,2587.1289768069983,2958.2386277616024,2498.3665377646685,2690.920756533742,2683.6637247167528
2450.0,2584.461825489998,2988.101736754179,2546.034661605954,2689.4927808642387,2702.0227511785924
2930.0,2580.9380539506674,2948.995190113783,2514.5646876841784,2668.6648183315992,2678.290687520057
2050.0,2529.2162631452084,2905.785587877035,2458.410803973675,2642.464561909437,2633.969304226339
2550.0,2553.4295769035816,2910.8169515430927,2446.2440218031406,2652.699736505747,2640.7975716888905
2800.0,2600.291955769062,2940.6529711186886,2455.872327387333,2674.4249533861876,2667.810551915318
2400.0000000000005,2635.9188337624073,2975.4869881272316,2514.2323467880487,2688.583963960409,2703.555533159524
2750.0000000000005,2657.278178334236,3005.3167308866978,2555.814436674118,2693.755399733782,2728.0411864072084
2800.0,2608.588750436902,2967.1444387733936,2545.36684140563,2652.58113771677,2693.420292083174
2295.0,2565.306964814663,2966.1527018249035,2501.316806524992,2671.4046485722065,2676.045280434191
2900.0,2566.4057379961014,2931.127407103777,2459.2439687252045,2663.8780853152275,2655.1637997850776
2550.0,2555.9203166514635,2959.1239891946316,2455.607710033655,2693.0958385020494,2665.93696359545
2700.0,2579.478363841772,3003.5618652403355,2482.2399105131626,2718.6770026385784,2695.989285558462
2230.0,2616.4896101504564,3044.916172772646,2512.773978114128,2741.9653119146824,2729.036268237978
1735.0,2615.3029615432024,3017.209976017475,2530.1356515288353,2710.4575119167566,2718.2765252515674
2750.0000000000005,2631.1481231451035,2963.6013412475586,2507.504590973258,2684.76485170424,2696.75472676754
2979.9999999999995,2605.6693702191114,2913.1615075469017,2473.662310913205,2656.2831377983093,2662.194081619382
2850.0000000000005,2572.3718517273664,2863.078130930662,2425.245263800025,2635.0093561410904,2623.926150649786
1599.9999999999998,2595.4535216093063,2874.3294890224934,2451.677927598357,2641.7597415298223,2640.805169939995
1900.0,2635.131093338132,2879.557416141033,2476.1155549436808,2645.877498090267,2659.1703906282783
2230.0,2717.8829853981733,2907.458524554968,2507.8214050084352,2675.7638973742723,2702.231703083962
2750.0000000000005,2730.2730900794268,2887.6089194417,2527.829086780548,2666.043421700597,2702.938629500568
2300.0000000000005,2692.678760588169,2851.962880641222,2508.173567429185,2645.527648180723,2674.585714209825
2850.0000000000005,2705.0520169734955,2876.3486416637897,2495.956901088357,2676.5331377089024,2688.472674358636
2700.0,2711.1461447179317,2915.074615031481,2543.5845559835434,2685.331251770258,2713.7841418758035
1599.9999999999998,2757.138854190707,2946.8508315086365,2574.1678470373154,2708.552993759513,2746.677631624043
2400.0000000000005,2777.277853563428,2967.0083309710026,2603.3438098430634,2704.527902826667,2763.03947430104
1745.0,2778.4222162514925,2993.3141370117664,2612.359465137124,2711.0140012204647,2773.777454905212
2550.0,2782.4790216237307,2952.0516692101955,2596.997122839093,2685.586453899741,2754.27856689319
2930.0,2765.113879442215,2971.4410845935345,2578.702185973525,2708.7949815392494,2756.013032887131
2295.0,2712.6132678985596,2947.81944334507,2548.404985591769,2689.4699861109257,2724.576920736581
1800.0,2703.855787962675,2904.546412229538,2486.3743501901627,2674.401663094759,2692.2945533692837
2900.0,2693.5030056536198,2876.039095520973,2457.484312877059,2669.441161379218,2674.1168938577175
1745.0,2707.0467230677605,2914.876730144024,2497.3090594261885,2704.986936300993,2706.0548622347414
3039.0,2730.4972384870052,2903.0449317395687,2530.7882752269506,2697.4349354207516,2715.441345218569
2700.0,2691.0700786858797,2883.673025369644,2520.4323545098305,2679.172373712063,2693.5869580693543
2900.0,2693.93627114594,2910.636906027794,2536.927992478013,2710.383511558175,2712.9711703024805
2900.0,2720.137188285589,2919.7610841691494,2564.22669172287,2717.5541132688522,2730.419769361615
1900.0,2725.4642230272293,2953.6677841842175,2593.5412400215864,2734.2149306088686,2751.7220444604754
2200.0000000000005,2754.3763943761587,2984.4218707084656,2629.339574202895,2748.371959030628,2779.127449579537
2800.0,2762.9832307249308,2960.2402713894844,2646.569434478879,2722.2630468010902,2773.013995848596
2550.0,2755.6834587454796,2981.4004096388817,2643.806479126215,2731.5167255699635,2778.101768270135
2245.0000000000005,2748.514178469777,3013.9110136032104,2636.714998334646,2752.413237541914,2787.888356987387
2650.0000000000005,2754.621685743332,2985.919056534767,2628.0909833312035,2738.6881531774998,2776.8299696967006
2750.0000000000005,2755.1745411008596,3012.9727947711945,2622.5591261684895,2765.2437104284763,2788.987543117255
2000.0,2766.2394116818905,3044.106133133173,2663.0612733215094,2766.9947769492865,2810.100398771465
2850.0000000000005,2795.7465591281652,3057.0069724321365,2693.0058157444,2757.0260366797447,2825.6963459961116
1900.0,2802.4797658622265,3032.86270365119,2698.271238580346,2709.4566901028156,2810.7675995491445
2295.0,2798.969704210758,3012.3077826201916,2687.52565972507,2694.22814309597,2798.2578224129975
2550.0,2775.936101526022,2957.6310980319977,2660.121906399727,2666.4301066100597,2765.0298031419516
2810.0,2764.409224241972,2969.330752938986,2613.6648777127266,2679.7531443834305,2756.7894998192787
4600.0,2717.7196229994297,2947.5505313277245,2591.79232083261,2652.7197232097387,2727.4455495923758
2936.0,2666.8856713175774,2937.664876282215,2508.036468550563,2663.099594935775,2693.9216527715325
1755.0,2649.976424202323,2926.520884782076,2461.9172316789627,2649.8754996061325,2672.0725100673735
2600.0,2655.009109303355,2889.6141970157623,2407.1265733242035,2633.6515817046165,2646.3503653369844
2810.0,2689.3049719184637,2919.7706645727158,2434.305517524481,2667.8724528849125,2677.813401725143
2750.0000000000005,2671.378219872713,2904.953083842993,2472.0339726656675,2649.0951922535896,2674.3651171587408
2600.0,2689.831233397126,2921.6959953308105,2514.003408178687,2652.260194197297,2694.4477077759802
2250.0,2698.9169247448444,2946.4682760834694,2545.151117146015,2671.2285673618317,2715.44122133404
2900.0,2687.496753334999,2912.623683512211,2583.273855447769,2644.2184364795685,2706.903182193637
2600.0,2697.7907317876816,2931.7151153087616,2573.329561725259,2666.4839550852776,2717.329840976745
2800.0,2707.7312263846397,2970.061176121235,2565.506831854582,2696.2932156026363,2734.898112490773
2800.0,2718.491506204009,3003.0815236270428,2561.5066830068827,2717.6282788068056,2750.176997911185
2250.0,2745.933085605502,3040.38398116827,2598.7072248756886,2716.6563633829355,2775.420163758099
2295.0,2716.702778786421,3013.628226518631,2585.645170509815,2684.5663060992956,2750.1356204785407
1900.0,2707.223960533738,2956.327832788229,2492.2134409844875,2666.912760734558,2705.669498760253
2810.0,2695.8338517695665,2960.776443630457,2458.9299627393484,2683.7058867514133,2699.8115362226963
2900.0,2654.4650084525347,2925.976123213768,2460.568046569824,2651.443547382951,2673.1131814047694
3040.0,2644.575719460845,2935.778527855873,2468.8737609237432,2668.2066107541323,2679.3586547486484
2850.0000000000005,2618.850353732705,2904.9890929460526,2483.019557148218,2642.1292477846146,2662.2470629028976
1500.0,2620.9408638626337,2918.010182827711,2500.2547031641006,2640.0730949640274,2669.819711204618
1081.0,2644.5007280260324,2915.547358393669,2517.889418080449,2635.8312886953354,2678.4421982988715
2750.0000000000005,2654.0808012336493,2887.64856249094,2532.159264013171,2614.1739605367184,2672.0156470686197
2500.0,2665.8331483602524,2902.282463759184,2510.984259620309,2635.617051050067,2678.679230697453
2800.0,2651.205854266882,2865.3397668898106,2487.6445795595646,2613.067258745432,2654.3143648654222
2295.0,2689.4871647655964,2895.574529469013,2497.968620657921,2635.415036678314,2679.611337892711
2840.0000000000005,2708.8990445435047,2867.2925174236298,2465.4016905277967,2636.2795855104923,2669.468209501356
1500.0,2645.936467126012,2839.9328669905663,2446.5385366231203,2621.3168121129274,2638.4311707131565
2850.0000000000005,2623.9595168828964,2846.6916765272617,2450.798347443342,2628.0979208648205,2637.38686542958
2750.0000000000005,2610.898453593254,2878.12762349844,2477.8281346708536,2643.1718599796295,2652.5065179355443
2750.0000000000005,2612.243178859353,2852.770938128233,2453.56345012784,2637.0995359122753,2638.9192757569253
3000.0,2607.302829027176,2875.3212259709835,2473.27182687819,2651.2659795582294,2651.7904653586447
2550.0,2587.8096809983253,2876.5329818427563,2465.6909196078777,2648.6706812679768,2644.676065929234
1900.0,2561.716956347227,2900.370347350836,2454.0507292747498,2665.189444348216,2645.331869330257
2810.0,2569.510119110346,2929.4105327129364,2482.4667017906904,2685.746512711048,2666.783466581255
2250.0,2540.2281111478806,2909.7498928010464,2501.1940782517195,2654.001349955797,2651.293358039111
2100.0,2517.2209371626377,2868.8006050884724,2445.709170997143,2629.9784880131483,2615.4273003153503
2900.0,2534.335006698966,2880.77313631773,2453.359618782997,2643.7465190142393,2628.053570203483
2920.0,2558.444257453084,2914.327013194561,2468.13755646348,2672.749043479562,2653.4144676476717
2550.0,2532.1807373315096,2896.4668284356594,2480.95431946218,2655.693117082119,2641.323750577867
1900.0,2529.1117046028376,2921.5916019678116,2465.3992128372192,2681.414353325963,2649.379218183458
3219.0,2553.8051947951317,2954.2234475910664,2488.46023529768,2702.0811007916927,2674.6424946188927
2850.0000000000005,2547.892268821597,2938.8852214813232,2498.653454333544,2673.3468276262283,2664.694443065673
1900.0,2569.473284110427,2950.317946523428,2504.7389927506447,2667.91275665164,2673.110745009035
1599.9999999999998,2612.114008590579,2948.6892779171467,2522.4430830031633,2669.990713149309,2688.3092706650496
2295.0,2644.4924690574408,2950.7239574193954,2536.0611311346292,2663.0531795322895,2698.5826842859387
2800.0,2660.2606570720673,2910.3151366114616,2495.5665822327137,2659.028418958187,2681.2926987186074
1730.0,2667.8108409792185,2937.2621689736843,2479.775599464774,2692.3782993108034,2694.30672718212
2810.0,2668.7880421429873,2923.3748784661293,2476.765370592475,2681.0620257258415,2687.4975792318583
2900.0,2636.477800756693,2886.3988153636456,2456.7613227665424,2651.886393278837,2657.8810830414295
2550.0,2612.405385002494,2901.137440353632,2458.35001796484,2674.7640666365623,2661.664227489382
2250.0,2623.024766817689,2940.8987580239773,2489.1287162154913,2701.0576494038105,2688.527472615242
2550.0,2621.875613927841,2924.6758311986923,2515.7670283317566,2685.0217056274414,2686.835044771433
2850.0000000000005,2644.022038206458,2952.303732931614,2532.0533840358257,2715.7001399993896,2711.019823793322
2900.0,2661.1537819355726,2982.0723593235016,2575.668831989169,2713.8953901827335,2733.197590857744
1720.0,2690.3190080821514,3005.069952905178,2597.780403420329,2724.3327443301678,2754.3755271844566
2550.0,2702.089690119028,2978.1863494217396,2598.452187925577,2701.7495857924223,2745.119453314692
2295.0,2699.1224078834057,2996.3322944939137,2575.6029254198074,2720.05889326334,2747.7791302651167
1599.9999999999998,2726.675978899002,2968.8272862136364,2559.7638754546642,2713.5676743090153,2742.2087037190795
2250.0,2722.068630680442,2971.1913333833218,2550.1188867539167,2709.8570849001408,2738.3089839294553
2400.0000000000005,2715.9657484292984,2948.9466273784637,2539.3655444681644,2697.1179562062025,2725.3489691205323
1870.0000000000002,2732.173148393631,2961.329133808613,2543.432756140828,2705.8528065681458,2735.6969612278044
2750.0000000000005,2761.177324652672,2930.6962889432907,2532.627712711692,2692.990949600935,2729.3730689771473
2950.0,2766.484537869692,2949.9697484076023,2554.7893334925175,2702.1042259037495,2743.3369614183903
2810.0,2742.56590411067,2912.6349157094955,2548.851630613208,2673.622511997819,2719.418740607798
1900.0,2712.034314200282,2861.4028817415237,2514.5574197918177,2637.721105888486,2681.4289304055274
2800.0,2716.639845445752,2869.669448584318,2512.852603495121,2659.2355538904667,2689.5993628539145
2550.0,2726.2669947743416,2910.2606274187565,2540.407495945692,2698.250591158867,2718.7964273244143
2810.0,2751.8133060634136,2959.8435105383396,2587.225441560149,2728.118325173855,2756.7501458339393
2750.0000000000005,2717.819721698761,2948.2244631648064,2599.860507249832,2697.1767600625753,2740.7703630439937
1709.9999999999998,2684.2146392166615,2959.052962064743,2614.1944427788258,2697.63744533062,2738.7748723477125
3158.0000000000005,2677.265873402357,2917.692377716303,2585.092975869775,2677.3066727072,2714.3394749239087
1900.0,2616.7955223470926,2876.4371778070927,2530.247312784195,2654.989618137479,2669.6174077689648
2900.0,2612.967820763588,2893.221053779125,2514.548334926367,2681.16096816957,2675.4745444096625
2250.0,2637.4898547679186,2933.9651887118816,2539.1331370919943,2715.071632489562,2706.414953265339
2800.0,2653.2089845091105,2923.169395327568,2557.7054101228714,2703.1793784350157,2709.3157920986414
2295.0,2671.4424746483564,2948.697867244482,2556.9748217612505,2732.6496908813715,2727.441213633865
2850.0000000000005,2717.627122551203,2937.744492739439,2562.2719590365887,2727.64591217041,2736.32237162441
2800.0,2722.76833049953,2957.3737485706806,2579.475555792451,2722.143126577139,2745.44019035995
2910.0,2740.6184393167496,2988.312505632639,2610.094525590539,2724.4117000699043,2765.859292652458
2700.0,2702.357941418886,2956.9532018899918,2594.126966074109,2697.1425679326057,2737.645169328898
2550.0,2683.0605309456587,2978.0581702291965,2583.310690447688,2723.4863652288914,2741.9789392128587
2295.0,2667.160199433565,2982.3059229552746,2553.8677977770567,2718.1988083571196,2730.383182130754
3030.0,2684.383948072791,2946.5885266661644,2524.701580554247,2694.7616724669933,2712.608931940049
2900.0,2677.9303900152445,2904.727448821068,2511.9743447750807,2651.761517673731,2686.598425321281
1709.9999999999998,2704.008083343506,2922.506695687771,2510.384823679924,2663.970916122198,2700.2176297083497
3030.0,2733.044799938798,2900.4014010727406,2531.904887780547,2646.903261989355,2703.06358769536
1900.0,2746.757000312209,2868.117092847824,2523.460257574916,2626.2485726177692,2691.1457308381796
2968.9999999999995,2781.215564608574,2883.692846894264,2511.6226778924465,2643.031457513571,2704.890636727214
2000.0,2804.836545139551,2876.150756776333,2547.9803094267845,2636.8392132222652,2716.4517061412334
2250.0,2808.532763943076,2901.0792972147465,2557.4687080830336,2647.5555553287268,2728.6590811423957
2850.0000000000005,2804.8340674489737,2872.801249474287,2560.834568142891,2627.326202839613,2716.449021976441
2920.0,2807.8657696396112,2888.1011539697647,2568.2838274538517,2630.0946091115475,2723.586340043694
2550.0,2725.6102415919304,2850.108246654272,2542.4852872639894,2603.932509124279,2680.5340711586177
2800.0,2662.255693525076,2796.805193722248,2460.539305359125,2579.5981188863516,2624.7995778732
3300.0000000000005,2612.9324723780155,2811.368398219347,2415.8107136189938,2614.7857849299908,2613.7243422865868
1599.9999999999998,2552.8154399991035,2826.6435258090496,2415.0826029479504,2624.400050267577,2604.73540475592
1800.0,2529.1624146699905,2842.404941469431,2411.3614420592785,2623.122883364558,2601.5129203908145
1720.0,2550.810492783785,2879.7787564992905,2449.4881446659565,2637.5934222340584,2629.4177040457726
2250.0,2573.0348817259073,2852.8310634195805,2452.559489905834,2625.4880867898464,2625.978380460292
2550.0,2574.0186900645494,2818.1060647964478,2439.999415650964,2615.2173986285925,2611.8353922851384
2800.0,2586.6507825255394,2846.9873476028442,2445.3545308858156,2647.866257727146,2631.7147296853364
1036.0,2612.3013219982386,2886.5418606996536,2461.1273439228535,2682.445072606206,2660.603899806738
3030.0,2621.5434382110834,2883.9531695842743,2507.4552023410797,2655.0816230475903,2667.008358296007
2900.0,2575.6756043434143,2859.3615950644016,2481.9586100429296,2628.571324944496,2636.3917835988104
799.9999999999999,2563.63039419055,2880.481099188328,2457.003310546279,2651.391515880823,2638.126579951495
2500.0,2582.0701933652163,2891.998726427555,2473.909749612212,2656.878939792514,2651.2144022993743
1900.0,2576.6374438256025,2871.6221991181374,2472.283889055252,2636.4077647030354,2639.237824175507
2800.0,2600.4308716207743,2890.3363612294197,2467.4213387072086,2654.7015453130007,2653.222529217601
2600.0,2654.4103340804577,2928.640466481447,2526.0615023225546,2671.755819916725,2695.217030700296
1500.0,2689.715277478099,2961.419321745634,2538.555009290576,2698.0236347019672,2721.928310804069
2295.0,2719.038084745407,2981.3845524191856,2582.2875694185495,2690.939421802759,2743.4124070964754
1800.0,2714.9809490144253,2953.670096695423,2544.995187819004,2679.800220504403,2723.361613508314
2250.0,2695.4650062322617,2966.626436263323,2540.487277582288,2681.5996845811605,2721.044601164758
900.0,2662.0066030323505,2938.088396191597,2526.577027142048,2662.0404648035765,2697.178122792393
2910.0,2628.9733715355396,2900.3052666783333,2510.5693290382624,2636.79461479187,2669.1606455110013
2295.0,2605.447369143367,2859.532390534878,2452.66091004014,2643.565977960825,2640.3016619198024
2900.0,2608.8844215124846,2830.87707310915,2411.61829598248,2647.679770216346,2624.764890205115
3000.0,2590.563881844282,2807.306637465954,2409.637464955449,2635.6195287406445,2610.7818782515824
5200.0,2587.726430594921,2806.2970611453056,2408.767134845257,2638.6067976802588,2610.3493560664356
1900.0,2555.1400092989206,2831.495174318552,2370.8365001529455,2669.2708614468575,2606.685636304319
2550.0,2582.0632558315992,2873.5382798314095,2435.6165461987257,2689.6939693391323,2645.2280128002167
2900.0,2622.9119493067265,2919.5361098647118,2502.021296545863,2711.134912520647,2688.901067059487
2800.0,2659.289732724428,2966.3268008828163,2589.6076584607363,2717.7047568559647,2733.2322372309864
3030.0,2716.321049258113,3002.740593403578,2616.5583247691393,2735.6513304263353,2767.8178244642913
1730.0,2633.9261098206043,2981.8975995481014,2612.9546064138412,2692.0016903430223,2730.1950015313923
2600.0,2574.7233452647924,2929.365273565054,2535.072367414832,2661.773534938693,2675.233630295843
2900.0,2573.818492665887,2948.0962839722633,2509.7926556319,2692.8312211483717,2681.1346633546054
3030.0,2577.27404512465,2994.4112583994865,2552.151088565588,2709.9804738909006,2708.4542164951563
2250.0,2520.7445435225964,2971.4044147729874,2542.2996256500483,2678.636366650462,2678.2712376490235
1000.0,2481.5332731604576,2920.160818248987,2479.6399872004986,2653.4582401812077,2633.6980796977878
2750.0000000000005,2505.3376027941704,2912.3627001047134,2465.385668128729,2662.9107949137688,2636.4991914853454
1900.0,2545.7512138038874,2937.209641933441,2497.997196689248,2681.4961171150208,2665.6135423853993
2550.0,2600.5787071585655,2965.6479136645794,2526.4131692051888,2699.301792681217,2697.9853956773877
2700.0,2662.681856304407,2996.6781800985336,2576.2600089609623,2718.197486922145,2738.454383071512
2295.0,2704.2778212577105,3030.038136392832,2608.3657582849264,2738.406687527895,2770.272100865841
2000.0,2760.554102882743,3006.802354156971,2629.4333960860968,2721.3585245609283,2779.5370944216847
1740.0,2775.124079734087,3015.8918446302414,2613.033231794834,2721.0293220728636,2781.2696195580065
3000.0,2779.745633378625,2977.856981754303,2600.7944314181805,2691.179262250662,2762.3940772004426
2920.0,2775.499697625637,2993.926622122526,2606.645910665393,2710.6991693377495,2771.6928499378264
1590.0000000000002,2740.1207538694143,2966.160960793495,2617.41048514843,2686.2539437413216,2752.4865358881652
1800.0,2701.878921240568,2929.6906769275665,2541.9088112562895,2672.866155654192,2711.586141269654
2800.0,2711.3887932151556,2946.5039548277855,2547.261448800564,2683.2483398914337,2722.1006341837347
2305.0,2681.598032787442,2913.22262391448,2537.4633388221264,2664.159716144204,2699.1109279170632
2900.0,2684.269974306226,2859.945669323206,2489.940903186798,2654.6957640349865,2672.213077712804
2750.0000000000005,2689.4742807745934,2877.3707716166973,2514.6002012491226,2676.7627370357513,2689.551997669041
2550.0,2700.3141770511866,2904.751234650612,2566.4118496328592,2677.961608916521,2712.3597175627947
2800.0,2715.0293465703726,2933.9820370078087,2594.243417531252,2694.708154350519,2734.490738864988
2900.0,2713.609464690089,2965.0228749215603,2611.727323681116,2720.630413889885,2752.7475192956626
2250.0,2707.655243873596,3003.6216601729393,2646.91449418664,2728.0915661156178,2771.5707410871983
2050.0,2659.4522692263126,2983.020158559084,2627.757651358843,2704.4289603829384,2743.6647598817945
3030.0,2645.1946465671062,2987.938539534807,2584.9948593229055,2711.3152883946896,2732.360833454877
1500.0,2598.959288597107,2948.79135876894,2543.711083382368,2673.8367496430874,2691.3246200978756
2250.0,2576.5005101263523,2943.552860170603,2518.4325278550386,2671.426782608032,2677.4781701900065
1750.0,2585.304405465722,2916.274147629738,2492.2464768588543,2666.007247418165,2664.95806934312
1900.0,2630.85146099329,2878.018935471773,2467.862367630005,2663.286412805319,2660.0047942250967
2550.0,2674.7630755603313,2900.2167305350304,2496.3967737555504,2697.181219905615,2692.1394499391317
2800.0,2719.4662296772003,2948.7054654955864,2545.668128579855,2729.7207302600145,2735.890138503164
3169.0000000000005,2784.783439040184,2992.869143784046,2597.660152837634,2757.7346561849117,2783.261847961694
2295.0,2760.7384430617094,2986.5170058608055,2609.2322892695665,2723.635026663542,2770.030691213906
2700.0,2755.6041726469994,2939.612010717392,2566.7813558876514,2705.8349671959877,2741.9581266120076
2900.0,2742.9212049394846,2969.1206447780132,2574.770421385765,2738.5938357561827,2756.3515267148614
2965.0,2770.6582902371883,3022.1323212981224,2626.484283581376,2753.777784332633,2793.26316986233
1755.0,2737.0137298852205,2987.792520970106,2612.437925338745,2716.0523024201393,2763.3241196535528
2600.0,2685.0317815691233,2935.9232249855995,2562.882957533002,2682.608104646206,2716.6115171834826
3085.0,2667.6299695670605,2952.703136652708,2537.9385598748922,2700.5925042927265,2714.716042596847
1400.0,2640.943920612335,2936.1627350747585,2552.5608985871077,2676.135055422783,2701.450652424246
2900.0,2677.4274188280106,2947.6248620450497,2589.3886306136847,2665.059448182583,2719.875089917332
2000.0,2687.3589937388897,2914.9576680362225,2608.3994548767805,2636.066999658942,2711.6957790777087
3000.0,2712.9191800951958,2918.3755595982075,2605.5390436947346,2636.8857938051224,2718.429894298315
2850.0000000000005,2689.699255079031,2911.6491252183914,2601.275929287076,2633.908435627818,2709.133186303079
2550.0,2688.661433085799,2925.1743425428867,2590.27366168797,2628.4715566039085,2708.145248480141
3000.0,2708.868156000972,2941.3189743459225,2585.7753318548203,2644.4599287211895,2720.105597730726
1900.0,2692.4390853196383,2971.006332486868,2594.408431723714,2668.016984835267,2731.467708591372
3085.0,2709.594449698925,2996.799091398716,2593.0623850226402,2683.0032137036324,2745.6147849559784
2305.0,2621.145190745592,2977.1985767781734,2568.191987723112,2649.6032840013504,2704.034759812057
2250.0,2561.349432244897,2927.3817996680737,2462.720829322934,2629.098081961274,2645.1375357992947
2965.0,2519.0139592438936,2882.84217312932,2387.931739240885,2611.933302357793,2600.430293492973
3000.0,2496.0637721419334,2867.125355899334,2370.6904815882444,2618.565419316292,2588.111257236451
2550.0,2506.3354513794184,2906.968602538109,2380.698369368911,2659.5360151678324,2613.3846096135676
1900.0,2542.791860178113,2956.140849739313,2418.9704298228025,2690.142431333661,2652.0113927684724
1500.0,2598.0088464915752,2997.814944535494,2465.224618241191,2707.3440459370613,2692.0981138013303
1079.0,2644.937627464533,3022.395947575569,2527.2544277459383,2703.03385540843,2724.4054645486176
2305.0,2651.6706690192223,2998.787851035595,2549.896224960685,2671.69139996171,2718.011536244303
2250.0,2683.9660442620516,2952.038124501705,2499.8135090619326,2663.7178613245487,2699.8838847875595
2700.0,2697.272729277611,2912.5556296110153,2468.5633888840675,2648.604939877987,2681.74917191267
3500.0,2718.476474881172,2930.302501320839,2461.1123126000166,2681.878342181444,2697.942407745868
1745.0,2725.8656089007854,2969.646575897932,2522.718932554126,2687.7844958007336,2726.503903288394
2900.0,2776.5130730718374,2931.6526775062084,2517.64990799129,2657.9319582879543,2720.9369042143226
2890.0,2755.9754958748817,2943.8858617842197,2529.3353574723005,2663.792192041874,2723.247226793319
2305.0,2714.053136482835,2910.664656162262,2522.892866432667,2637.123817279935,2696.1836190894246
2550.0,2674.167108386755,2868.738497644663,2465.4616506397724,2626.300273761153,2658.666882608086
2800.0,2637.683114632964,2900.3597758710384,2472.794954031706,2659.601921737194,2667.6099415682256
2250.0,2631.241119131446,2948.1844897568226,2495.7874270528555,2697.387859299779,2693.1502238102257
2600.0,2596.3139409571886,2936.690978705883,2515.211034566164,2678.149583041668,2681.591384317726
1735.0,2599.8064935952425,2964.2125049233437,2519.2268754541874,2704.968931749463,2697.053701430559
2850.0000000000005,2594.7348261624575,2944.0787912905216,2536.2946947664022,2685.4392790794373,2690.1368978247046
4399.0,2600.6664174050093,2918.21004986763,2505.0146771222353,2679.7290281951427,2675.9050431475043
2910.0,2591.92743755877,2929.2873089015484,2488.2189082354307,2707.3149743676186,2679.187157265842
1725.0,2584.4464638084173,2921.108287125826,2456.2781731039286,2689.7453401237726,2662.894566040486
2600.0,2624.0819147974253,2883.0000846087933,2426.13475471735,2669.60435859859,2650.7052781805396
2900.0,2674.408765807748,2910.9127555787563,2480.652371570468,2701.8617425858974,2691.9589088857174
2250.0,2727.9754450172186,2952.438849657774,2562.8305956721306,2714.4467589259148,2739.4229123182595
2650.0000000000005,2765.3867557644844,2925.3553791344166,2592.5361235439777,2685.6394764781,2742.2294337302446
1120.0,2821.065418422222,2949.2885486781597,2597.884796783328,2711.6013790667057,2769.960035737604
2305.0,2841.0131400823593,2976.683217138052,2619.7424875199795,2716.440143585205,2788.469747081399
2550.0,2842.351258173585,2953.0037631094456,2603.774597644806,2706.5118722617626,2776.4103727973998
3119.0,2834.7136943787336,2981.394132822752,2596.676344498992,2726.138320043683,2784.73062293604
2000.0,2760.173199251294,2967.146090567112,2602.464560046792,2697.2380416095257,2756.755472868681
1599.9999999999998,2763.042695298791,2981.61283031106,2603.09851847589,2697.3733235150576,2761.2818419001997
2000.0,2768.6723386496305,2991.816951185465,2632.4100935459137,2695.0736963003874,2771.993269920349
1715.0,2781.7002008855343,3009.229169487953,2647.4572736024857,2702.987274825573,2785.3434797003865
3085.0,2784.057806059718,2966.7499904334545,2631.458825543523,2678.397021740675,2765.1659109443426
2250.0,2713.23483787477,2917.592939734459,2572.554374933243,2652.425208389759,2713.9518402330577
1900.0,2661.629333347082,2862.186823040247,2490.8607871085405,2634.828649908304,2662.3763983510435
2700.0,2664.0619299560785,2881.775775104761,2487.3811184614897,2668.6136127263308,2675.458109062165
2305.0,2680.9201366454363,2923.1512255966663,2514.516455307603,2708.2046304643154,2706.6981120035052
2930.0,2704.5878629386425,2910.957684367895,2531.532408297062,2702.0872124284506,2712.2912920080125
1520.0,2668.4059822559357,2892.624756246805,2513.296936005354,2681.2476873397827,2688.8938404619694
3000.0,2651.2760554999113,2866.6816841065884,2481.7552742362022,2668.686126470566,2667.099785078317
2550.0,2667.896899431944,2911.2563286721706,2530.335518568754,2693.1313520669937,2700.6550246849656
2900.0,2703.5065987706184,2961.1147309839725,2574.171150624752,2722.9852110147476,2740.4444228485227
2900.0,2727.0562218129635,3003.5020703077316,2620.2117621153593,2744.1896173357964,2773.7399178929627
2305.0,2739.103248938918,3043.3106292784214,2661.8567853420973,2760.800385326147,2801.267762221396
2250.0,2745.060608163476,3014.825776964426,2656.82905562222,2739.8629088699818,2789.144587405026
1900.0,2706.4486085623503,2966.174835860729,2607.253935933113,2709.2213094979525,2747.2746724635363
3010.0,2732.950152158737,2976.432805210352,2587.4813044071198,2727.7787163853645,2756.1607445403934
3000.0,2690.339159965515,2956.372761577368,2559.439297989011,2701.4849684387445,2726.9090469926596
2800.0,2695.366394147277,2974.4486705958843,2568.600641489029,2711.47204361856,2737.4719374626875
2550.0,2717.293955758214,3003.4069269895554,2586.0197973251343,2739.958878085017,2761.66988953948
1715.0,2771.145569384098,3037.7615934610367,2624.070352241397,2755.4522076249123,2797.107430677861
3000.0,2814.596663862467,3003.1366935372353,2639.397511333227,2726.340334415436,2795.8678007870913
1900.0,2856.8901813030243,3027.3024356365204,2669.3813664466143,2737.8523455560207,2822.856582235545
1500.0,2871.6093151271343,3023.473247438669,2654.939568787813,2727.255593314767,2819.319431167096
2950.0,2863.6442006379366,3014.4653555750847,2697.867705374956,2702.7669255435467,2819.686046782881
2865.0,2865.00461794436,3023.7659452855587,2713.050002157688,2686.2552651762962,2822.0189576409757
2820.0,2872.1212060004473,2986.502470076084,2741.90023124218,2656.2543965876102,2814.1945759765804
3085.0,2808.388727530837,2938.317004442215,2658.069552704692,2626.710083782673,2757.871342115104
3000.0,2719.777427613735,2893.551412522793,2555.313612818718,2595.7100451737642,2691.0881245322526
2920.0,2654.015390202403,2908.414582759142,2500.4826506972313,2620.988435521722,2670.9752647951245
2550.0,2592.572793364525,2887.394186258316,2492.8130421042442,2607.017564252019,2644.949396494776
2600.0,2583.9700865000486,2904.2395089566708,2472.0478477329016,2629.8787196725607,2647.5340407155454
1900.0,2610.863600745797,2935.080810189247,2494.7400246560574,2660.2989786863327,2675.2458535693586
2000.0,2661.338287293911,2966.7149724066257,2543.7315656244755,2678.1618063151836,2712.486657910049
2550.0,2697.649338245392,2984.541790932417,2582.6256915926933,2677.4971245229244,2735.5784863233566
1700.0000000000002,2730.4125014692545,3003.5985350608826,2598.443268239498,2682.736118659377,2753.797605857253
2950.0,2730.632520392537,2956.5488427877426,2596.101024746895,2650.5157348513603,2733.4495306946337
2870.0,2723.7306655198336,2952.4560283124447,2581.321270093322,2645.766167193651,2725.818532779813
2320.0000000000005,2652.3782974481583,2904.134785234928,2540.3804065287113,2616.2309392541647,2678.2811071164906
3085.0,2618.920059427619,2830.6735721230507,2427.406801059842,2595.49349501729,2618.1234819069505
3000.0,2551.2430975586176,2785.8455424010754,2384.262279495597,2576.9795303046703,2574.58261243999
3000.0,2539.7611490637064,2808.876832574606,2383.253529071808,2601.6571632772684,2583.387168496847
2800.0,2549.6580363065004,2851.8214870989323,2406.624262854457,2638.3694349229336,2611.618305295706
1599.9999999999998,2565.1402988284826,2885.981902629137,2428.9061342179775,2669.379714652896,2637.3520125821233
2250.0,2599.0552578121424,2913.0422480404377,2485.9201069176197,2667.28672683239,2666.3260849006474
1121.0,2611.742189824581,2882.992486357689,2478.4018026292324,2642.086135968566,2653.805653695017
3000.0,2617.3006408661604,2850.1653987169266,2476.2548011541367,2618.514544069767,2640.5588462017477
1900.0,2653.2289712131023,2878.9706990122795,2470.18495477736,2655.0713819265366,2664.3640017323196
2720.0,2714.5774158090353,2915.6524124741554,2498.238688930869,2680.8078146725893,2702.3190829716623
1709.9999999999998,2735.865402892232,2893.184714317322,2499.653285071254,2671.3735948503017,2700.0192492827773
2780.0,2746.9246573746204,2848.0405312776566,2477.0483228564262,2647.303821966052,2679.829333368689
2800.0,2738.288419097662,2814.72847700119,2460.570193901658,2628.22576969862,2660.4532149247825
2950.0,2767.663918584585,2834.0746153891087,2470.4814517498016,2655.6448847055435,2681.9662176072598
2320.0000000000005,2790.8821918070316,2865.790376216173,2539.791376888752,2658.9962089806795,2713.865038473159
2250.0,2811.318679228425,2820.8989176154137,2516.2320082634687,2636.448068469763,2696.2244183942676
3000.0,2797.0075384527445,2774.4389156997204,2505.4000405967236,2612.853351458907,2672.424961552024
2450.0,2775.2169105410576,2802.8603391349316,2530.4463539272547,2636.551140397787,2686.2686860002577
1500.0,2761.2779188901186,2848.213969618082,2544.583891183138,2666.9390242546797,2705.2537009865046
3175.0,2726.118333339691,2873.2042871415615,2594.988872036338,2668.511036336422,2715.705632213503
2250.0,2621.755528524518,2853.361289203167,2563.642287105322,2640.9924833476543,2669.9378970451653
2910.0,2579.694913998246,2812.839155346155,2498.5047928988934,2618.6800538003445,2627.42972901091
3085.0,2532.567752599716,2777.6090382039547,2452.9565811157227,2606.9803988933563,2592.5284427031875
2600.0,2504.748738333583,2737.8602741658688,2401.7484981566668,2588.428277745843,2558.1964471004903
1900.0,2527.058855369687,2762.6309031248093,2396.7433980107307,2622.855788320303,2577.3222362063825
2450.0,2594.760098606348,2807.1477349102497,2452.449150085449,2654.5598214119673,2627.2292012535036
2899.0,2681.3510896265507,2857.732265740633,2525.297878086567,2682.2675047814846,2686.662184558809
2950.0,2691.802318841219,2852.953626513481,2560.010488256812,2655.2662935853004,2690.008181799203
1599.9999999999998,2721.7004458606243,2869.8263689875603,2583.47570464015,2650.7747361063957,2706.4443138986826
2800.0,2709.3831852823496,2873.1537422537804,2577.8855391591787,2646.5005546808243,2701.7307553440332
2320.0000000000005,2703.82110029459,2891.429187953472,2581.6055437922478,2657.547751069069,2708.6008957773447
1709.9999999999998,2693.2897590845823,2849.9021027982235,2524.3324046581984,2641.226212158799,2677.187619674951
1599.9999999999998,2680.6208316236734,2805.751969218254,2469.19685177505,2622.119253501296,2644.4222265295684
2600.0,2674.522904753685,2825.2649387717247,2480.8633056282997,2639.2997251451015,2654.9877185747027
2910.0,2696.2135991454124,2866.3457092642784,2498.20994772017,2681.410389021039,2685.544911287725
2250.0,2669.3633618950844,2855.658273547888,2508.3995328098536,2666.1638374626637,2674.8962514288723
2800.0,2659.5972967147827,2820.22663757205,2473.4730153530836,2642.4584502726793,2648.938849978149
3085.0,2671.0110261291265,2846.844302266836,2495.4218851029873,2676.7336654663086,2672.5027197413146
5130.0,2626.8068788945675,2826.9775184988976,2489.9404076486826,2654.3994322419167,2649.531059321016
2800.0,2591.2890192866325,2813.7730795145035,2419.1942478716373,2669.619224742055,2623.468892853707
2320.0000000000005,2613.0497497320175,2844.7637028992176,2459.663854688406,2678.51908929646,2648.9990991540253
2000.0,2639.0554248541594,2816.250439733267,2444.2025699466467,2663.124206662178,2640.6581602990627
2450.0,2686.274591162801,2836.555939912796,2512.4695525318384,2673.6497665941715,2677.2374625504017
2950.0,2726.3188610970974,2875.0318317115307,2567.2187508642673,2691.5575230121613,2715.031741671264
1900.0,2745.954889282584,2908.5800924897194,2633.8526050001383,2688.859648332,2744.3118087761104
1900.0,2758.1353813409805,2925.7240594923496,2648.980557769537,2695.103098228574,2756.9857742078602
2800.0,2744.7343789041042,2902.51272380352,2635.981601923704,2679.770323038101,2740.7497569173574
2320.0000000000005,2734.688499867916,2932.842960059643,2614.523314908147,2710.5571150779724,2748.1529724784195
2000.0,2732.009290456772,2910.9887380898,2589.199500232935,2700.991742834449,2733.297317903489
3000.0,2736.08591735363,2923.8605058193207,2593.6054947972298,2705.100249350071,2739.663041830063
3210.0,2797.2430842369795,2953.6905789375305,2635.8430164307356,2711.298770457506,2774.518862515688
1720.0,2738.9369133114815,2924.047158509493,2618.2079711556435,2680.5821796506643,2740.4435556568205
2250.0,2702.800456956029,2866.623210608959,2550.614755228162,2655.4352720826864,2693.868423718959
3000.0,2662.71092787385,2816.299993544817,2500.006768926978,2641.5497985482216,2655.1418722234666
2950.0,2668.464290574193,2840.7168082892895,2521.7907896637917,2679.402633756399,2677.5936305709183
2450.0,2681.165758371353,2875.4246282577515,2555.960620418191,2688.744187951088,2700.323798749596
2700.0,2705.037481188774,2908.7330485880375,2583.336623609066,2704.5513582974672,2725.414627920836
3000.0,2748.038131520152,2950.6760554015636,2624.9743789434433,2732.1356526762247,2763.956054635346
2950.0,2794.8279966413975,2996.1525793373585,2675.8155985176563,2739.893632233143,2801.672451682389
2925.0,2746.8688267469406,2992.097095400095,2663.65674495697,2702.7720461040735,2776.34867830202
2700.0,2659.802779853344,2943.103241920471,2603.4886721521616,2660.6815341115,2716.769057009369
2965.0,2620.393129065633,2945.636763125658,2545.7185082882643,2672.358394265175,2696.0266986861825
2965.0,2576.186669319868,2924.241739809513,2506.80307418108,2645.1616106927395,2663.0982735008
1900.0,2561.208203881979,2884.6826016902924,2463.3605690300465,2606.7882952839136,2629.009917471558
1730.0,2595.1692479103804,2889.5068304240704,2439.6606327593327,2619.6608889102936,2635.9994000010192
1500.0,2630.9793098270893,2846.355701684952,2444.067948758602,2602.265023365617,2630.916995909065
3000.0,2715.0007705390453,2851.4564406871796,2490.0457920879126,2615.360939502716,2667.9659857042134
2320.0000000000005,2805.431025698781,2891.2283298373222,2543.6498018354177,2646.944887191057,2721.8135111406446
3327.0,2845.414509624243,2860.2046705782413,2546.973045617342,2635.089302957058,2721.920382194221
2250.0,2835.585015565157,2846.524515002966,2529.2967054992914,2640.3023639321327,2712.9271499998868
2450.0,2839.295935332775,2812.6201274991035,2521.449529081583,2617.838795259595,2697.801096793264
1599.9999999999998,2834.7278998047113,2832.604188621044,2514.847144410014,2641.4348337054253,2705.9035166352987
2890.0,2829.32240486145,2859.080790132284,2574.8217921704054,2647.299692481756,2727.631169911474
2965.0,2785.404513478279,2841.398999094963,2573.6955992132425,2626.655244231224,2706.788589004427
2850.0000000000005,2695.3351752460003,2808.3274459838867,2522.702910155058,2598.5116524994373,2656.2192959710956
2450.0,2630.206435546279,2777.7543960511684,2464.1965418308973,2586.8750961124897,2614.7581173852086
1154.0,2598.5838358849287,2803.240582048893,2443.7139693647623,2621.4073304086924,2616.736429426819
3000.0,2592.2203005850315,2796.25052139163,2461.8052400648594,2609.455281421542,2614.932835865766
1900.0,2610.476255118847,2832.553643733263,2485.927539989352,2636.3223669677973,2641.319951452315
2950.0,2640.9188133478165,2861.591516584158,2498.023295029998,2661.659065634012,2665.548172648996
1740.0,2647.0023696124554,2890.4519867897034,2549.375084042549,2660.8290392905474,2686.914619933814
2250.0,2647.4138314276934,2844.4795943796635,2517.481259852648,2627.038955911994,2659.1034103929996
2900.0,2616.5750078856945,2790.718664228916,2468.3484905213118,2602.076058164239,2619.4295552000403
2800.0,2608.3895441144705,2815.554704219103,2459.142218232155,2632.7044431865215,2628.9477274380624
2320.0000000000005,2611.3989470899105,2852.842295616865,2492.537853270769,2648.169527053833,2651.2371557578444
2800.0,2621.4511029422283,2816.0750192403793,2448.785967156291,2627.9609871655703,2628.5682691261172
2660.0,2627.7193297445774,2845.3649558126926,2459.731247872114,2652.6553032547235,2646.367709171027
3000.0,2611.6941226273775,2831.6349160671234,2482.3436431586742,2629.935045838356,2638.901931922883
2965.0,2605.67102201283,2865.740822404623,2506.275986805558,2644.8487609624863,2655.6341480463743
2700.0,2540.0203154981136,2849.3841002881527,2496.826570481062,2621.584402695298,2626.9538472406566
2320.0000000000005,2499.4648154079914,2866.2013424932957,2459.7614756971598,2645.505183786154,2617.73320434615
2450.0,2499.9578758329153,2834.6494396030903,2419.2756813019514,2636.0138119012117,2597.474202159792
2950.0,2520.3031842410564,2861.749428063631,2442.5301288068295,2660.1131518930197,2621.173973251134
2940.0,2565.853708535433,2895.7390481233597,2510.4837661236525,2663.3813909441233,2658.864478431642
2260.0,2550.7749792188406,2866.0721722245216,2507.9664324969053,2632.4850849807262,2639.3246672302485
1599.9999999999998,2530.585104599595,2813.670337945223,2448.6283860355616,2604.210836365819,2599.2736662365496
2876.0,2552.6345685869455,2818.213101029396,2444.6014781296253,2616.140090599656,2607.8973095864058
2965.0,2566.378483399749,2789.718007594347,2404.792588800192,2620.184342339635,2595.2683555334806
1755.0,2574.09979313612,2775.658600181341,2407.5590129196644,2608.2076816260815,2591.3812719658017
2900.0,2591.55809648335,2732.200898528099,2370.968148112297,2594.402485266328,2572.2824070975184
2260.0,2635.3263353556395,2767.41482809186,2434.8722479492426,2637.2323401272297,2618.711437880993
1900.0,2637.8922317177057,2753.961628973484,2480.0327837467194,2628.607334047556,2625.1234946213663
2919.0,2688.7227146327496,2790.8038967847824,2531.231286302209,2656.9699536263943,2666.931962836534
2320.0000000000005,2671.6920606791973,2785.2403251826763,2544.46066737175,2638.1500767171383,2659.8857824876904
1050.0,2670.6094750761986,2740.948798060417,2491.4939196407795,2623.923177421093,2631.743842549622
2450.0,2692.6744659245014,2750.850640684366,2514.805519208312,2635.1307629793882,2648.365347199142
2700.0,2721.783365905285,2802.3803278803825,2552.562550380826,2668.580576851964,2686.3267052546144
1500.0,2753.49830083549,2850.500712841749,2594.2886766791344,2699.7743708640337,2724.515515305102
2965.0,2792.7250980585814,2888.768808990717,2659.8179763555527,2697.2025280445814,2759.628602862358
2320.0000000000005,2731.422573328018,2868.559443205595,2635.5636981129646,2667.0247523486614,2725.64261674881
2900.0,2714.189244285226,2816.2788505852222,2567.4977388232946,2648.0002181977034,2686.4915129728615
2000.0,2690.152342095971,2838.2341623306274,2547.222466468811,2674.533971771598,2687.535735666752
2235.0000000000005,2697.4963821470737,2871.262768805027,2569.8702101409435,2685.721735805273,2706.0877742245793
3000.0,2684.637663587928,2834.6282966434956,2561.8824660778046,2656.700711250305,2684.4622843898833
2800.0,2680.9896771609783,2855.9559267759323,2584.0627521276474,2671.571975275874,2698.145082835108
1599.9999999999998,2674.6882493048906,2890.9151497483253,2582.264113947749,2702.3797450959682,2712.5618145242333
2143.0,2662.599431797862,2918.697989732027,2599.674680456519,2700.6432143598795,2720.403829086572
2450.0,2671.061405837536,2881.699462234974,2576.6972387582064,2683.573247715831,2703.2578386366367
2920.0,2665.2764938771725,2906.503457427025,2561.405097693205,2702.9083190858364,2709.0233420208097
2000.0,2626.921678557992,2887.261051684618,2543.065066859126,2681.1353653669357,2684.595790617168
2235.0000000000005,2657.6296800374985,2894.964356869459,2556.261577233672,2682.449202090502,2697.826204057783
2900.0,2665.9415060281754,2853.3916822075844,2546.057786718011,2656.2909012287855,2680.420469045639
2950.0,2700.9862919151783,2879.0968960523605,2577.8609274327755,2675.5790616571903,2708.380794264376
2320.0000000000005,2708.0315224826336,2901.212101429701,2604.302345737815,2681.5787068009377,2723.7811691127717
2450.0,2698.878768309951,2853.235092163086,2567.4850200116634,2663.4387081861496,2695.7593971677125
3057.9999999999995,2668.986092209816,2876.256141215563,2556.7265571653843,2685.657976567745,2696.906691789627
1745.0,2629.0232557058334,2860.113491564989,2542.5924886763096,2664.2798015475273,2674.002259373665
2110.0,2619.1769133508205,2810.109070688486,2489.677442088723,2642.6460940390825,2640.402380041778
2800.0,2616.105568110943,2783.7451215088367,2467.398213595152,2643.6781347543,2627.731759492308
2700.0,2657.2905667871237,2824.596953392029,2524.2987080663443,2685.1716884970665,2672.839479185641
2900.0,2714.2062577605247,2884.7090303897858,2599.505041241646,2724.6868889033794,2730.776804573834
1900.0,2787.9413382709026,2947.079770117998,2680.396848395467,2737.4608704447746,2788.2197068072855
2256.0000000000005,2796.598554328084,2946.7034915089607,2674.4399847090244,2720.77230297029,2784.62858337909
2700.0,2780.1275280863047,2887.4374632537365,2685.1657420396805,2681.742564737797,2758.6183245293796
2235.0000000000005,2777.580131813884,2898.3548286557198,2690.4957500100136,2684.559038206935,2762.747437171638
2320.0000000000005,2754.4252874702215,2859.753730893135,2719.0354418754578,2651.5880793333054,2746.20063489303
2000.0,2752.1444907039404,2808.002042621374,2637.45665371418,2632.0227479189634,2707.4064837396145
2600.0,2806.352561414242,2818.8249254226685,2597.3755487799644,2635.7515070587397,2714.5761356689036
6592.0,2859.9014012515545,2850.157800465822,2592.5452084094286,2653.597816750407,2739.050556719303
2600.0,2838.6979860067368,2851.2536004185677,2601.050294265151,2671.302567720413,2740.576112102717
2450.0,2819.987127482891,2881.1831115186214,2585.9709042310715,2664.236524552107,2737.8444169461727
2950.0,2859.8716689646244,2908.785245269537,2586.541929319501,2667.8802163153887,2755.7697649672627
2815.0,2842.066984474659,2932.12211728096,2621.913605183363,2655.94633705914,2763.0122609995306
2815.0,2751.2738302350044,2885.2878189086914,2590.6122794002295,2617.5647626817226,2711.184672806412
2765.0,2621.720675677061,2826.824232041836,2520.8436511456966,2578.387188911438,2636.943936944008
2800.0,2535.1655285805464,2790.502939969301,2433.534129858017,2566.675310730934,2581.4694772846997
2650.0000000000005,2468.6281391978264,2755.5503241717815,2378.7484268844128,2558.1594882160425,2540.271594617516
2000.0,2451.472279280424,2779.7448074817657,2348.5153160989285,2594.209720939398,2543.485530950129
1599.9999999999998,2511.630110964179,2812.5586807727814,2405.1092376559973,2614.5763374865055,2585.968591719866
1735.0,2594.9256083369255,2834.5668499171734,2468.920506685972,2614.678253158927,2628.2728045247495
2320.0000000000005,2645.6127155572176,2793.150765299797,2463.201170936227,2594.351444840431,2624.079024158418
2600.0,2673.3775509893894,2746.699352711439,2425.2188351005316,2587.3481698334217,2608.1609771586955
1900.0,2696.2294563651085,2772.5512458384037,2445.21710164845,2622.8922929614782,2634.22252420336
2235.0000000000005,2740.7396809756756,2815.16983628273,2502.383204549551,2648.7839943170547,2676.769179031253
2815.0,2728.6075864732265,2798.729203045368,2540.740332379937,2627.976183667779,2674.0133263915777
1599.9999999999998,2645.756586790085,2761.265530437231,2507.9702316224575,2600.296745970845,2628.8222737051547
2950.0,2614.1696658730507,2764.2139822244644,2485.374189093709,2602.0745715498924,2616.458102185279
2700.0,2585.1200652867556,2793.0698274075985,2494.8832351714373,2613.988298922777,2621.765356697142
2450.0,2594.2159977555275,2819.3805888295174,2500.166827738285,2634.721613675356,2637.1212569996715
1725.0,2594.680812507868,2851.7306384444237,2512.3293152451515,2654.794706478715,2653.3838681690395
1176.0,2574.9446856230497,2818.444682508707,2490.8768095076084,2630.683308392763,2628.737371508032
2730.0000000000005,2581.1712872236967,2792.3922616243362,2475.941290706396,2606.6092408448458,2614.0285200998187
2750.0000000000005,2558.329953327775,2760.729688555002,2431.0498321056366,2593.715504258871,2585.956244561821
2950.0,2555.837561786175,2724.1034753620625,2367.0398522913456,2590.366327315569,2559.336804188788
2235.0000000000005,2581.702669262886,2760.2929542958736,2419.063425809145,2607.9632161557674,2592.255566380918
2800.0,2592.591623812914,2732.626400589943,2403.691172748804,2591.3002514839172,2580.0523621588945
2800.0,2626.830995082855,2766.104625314474,2460.5203097313643,2616.500181630254,2617.489027939737
2650.0000000000005,2644.6416260302067,2809.316209703684,2487.393506914377,2654.2373912781477,2648.897183481604
1715.0,2657.2438210248947,2852.3090966045856,2512.03645221889,2681.8112793564796,2675.8501623012125
2450.0,2659.2486030608416,2831.412584632635,2524.5854594558477,2655.658429414034,2667.7262691408396
2700.0,2671.098240837455,2856.963190585375,2529.310250207782,2671.677524894476,2682.262301631272
2000.0,2700.087220594287,2898.355489373207,2560.449700206518,2690.45941054821,2712.3379551805556
2815.0,2719.4500420987606,2926.1019898951054,2584.263114705682,2688.5446512699127,2729.589949492365
2890.0,2683.3730503171682,2886.9402733445168,2571.24714538455,2642.863470092416,2696.1059847846627
1599.9999999999998,2631.0290288180113,2831.080904453993,2513.4991155564785,2608.310423195362,2645.979868005961
2305.0,2619.0956450998783,2826.238505989313,2475.9878712892532,2608.9103546738625,2632.558094263077
1705.0000000000002,2613.725994080305,2784.7163762152195,2415.8926425874233,2605.9602510929108,2605.0738159939647
2430.0000000000005,2635.904297977686,2746.7218171060085,2403.652520775795,2598.9477260410786,2596.306590475142
2990.0,2634.9503871053457,2709.656887501478,2407.501530498266,2598.558563441038,2587.666842136532
2235.0000000000005,2610.210977047682,2688.197444230318,2414.340617209673,2594.4662445038557,2576.803820747882
2305.0,2604.252461567521,2655.2207040786743,2397.636688053608,2582.2527165710926,2559.840642567724
2700.0,2637.291639521718,2625.5624175071716,2408.64853605628,2583.0282337218523,2563.6327067017555
1599.9999999999998,2682.588117942214,2675.6035082042217,2507.189759090543,2626.7094230651855,2623.022702075541
2950.0,2711.655723080039,2726.6439341008663,2584.2107528448105,2643.0060198903084,2666.379107479006
2700.0,2717.185598090291,2777.2377149760723,2622.4150897562504,2652.833696976304,2692.4180249497294
2700.0,2705.532688945532,2811.188683062792,2648.033419251442,2668.8007609546185,2708.388888053596
2450.0,2705.5918231606483,2850.83767876029,2655.5347100645304,2691.5900633484125,2725.8885688334703
2815.0,2699.223497658968,2888.694147914648,2661.7243114858866,2704.1354366391897,2738.444348424673
2000.0,2628.600396513939,2869.6489663422108,2628.388636559248,2665.256011635065,2697.9735027626157
2000.0,2603.9571208506823,2870.0576201081276,2584.5974377542734,2657.9559092968702,2679.1420220024884
1900.0,2629.534320682287,2884.4437523186207,2590.883999466896,2659.7842797636986,2691.1615880578756
2800.0,2672.6709136366844,2899.938898831606,2593.8709380477667,2671.5068946033716,2709.496911279857
3020.0,2708.703967705369,2925.5093263089657,2597.9011495411396,2695.9324638545513,2732.0117268525064
2235.0000000000005,2685.2014207839966,2901.7225056886673,2585.6567330658436,2663.4396992623806,2709.005089700222
2870.0,2638.381823375821,2847.91202172637,2508.926620185375,2633.576425090432,2657.1992225944996
2600.0,2570.940242111683,2803.011973798275,2443.6315448582172,2618.103082254529,2608.921710755676
2950.0,2564.5150949060917,2821.810047030449,2437.0689684152603,2646.3621343672276,2617.439061179757
1550.0,2574.617300108075,2857.2122810781,2481.7640287429094,2657.5560100376606,2642.7874049916863
2450.0,2605.5608473718166,2870.836606025696,2502.661696970463,2661.255697607994,2660.0787119939923
1599.9999999999998,2635.013650804758,2903.670961558819,2527.748644426465,2684.600498229265,2687.758438754827
2305.0,2662.8830447793007,2926.3216784596443,2562.9042656719685,2686.528637036681,2709.6594064868987
2600.0,2694.4225592166185,2890.517728179693,2540.9634897112846,2676.1793234944344,2700.5207751505077
2000.0,2716.13703943789,2911.922001540661,2558.9209651201963,2687.063487842679,2718.5108734853566
2950.0,2752.6882611960173,2923.8915595412254,2588.673734292388,2689.1024620085955,2738.5890042595565
2600.0,2783.8396041095257,2932.614021450281,2633.3327855169773,2679.7709837555885,2757.389348708093
2000.0,2776.320473924279,2935.2274894714355,2673.07675935328,2678.6011834442616,2765.806476548314
2600.0,2719.9151872098446,2901.2372086942196,2622.4449872225523,2651.246488392353,2723.7109678797424
2889.0,2685.345292016864,2890.1008154451847,2569.2549169808626,2652.584110945463,2699.3212838470936
2810.0,2663.0146927386522,2866.848184913397,2541.384697109461,2631.1540696024895,2675.600411091
1599.9999999999998,2593.725745379925,2835.246067494154,2471.421487554908,2600.169888213277,2625.140797160566
1709.9999999999998,2583.835630491376,2835.9791335463524,2424.032516852021,2599.1822807490826,2610.757390409708
6529.0,2577.9175839573145,2794.12565395236,2371.669830083847,2585.3757629543543,2582.272207736969
2235.0000000000005,2518.571113348007,2788.9016911387444,2292.1838645637035,2618.4007354825735,2554.514351133257
2305.0,2507.9495842009783,2765.2764159440994,2287.712128609419,2601.477613300085,2540.6039355136454
2950.0,2536.700210124254,2732.0641300082207,2294.590693190694,2593.907607868314,2539.3156602978706
2450.0,2588.562568575144,2764.6543504297733,2420.998502150178,2605.182916969061,2594.849584531039
2810.0,2627.083884701133,2801.374055147171,2478.4303786605597,2625.3608986735344,2633.0623042955995
1900.0,2605.2630289644003,2782.52940133214,2527.1729943156242,2603.626431748271,2629.647964090109
2810.0,2600.758917853236,2797.620188742876,2532.769766971469,2616.93311676383,2637.020497582853
2450.0,2580.45457392931,2777.4663232266903,2535.1187828183174,2598.447232544422,2622.871728129685
1599.9999999999998,2576.258522346616,2805.1312251389027,2511.7052675783634,2620.822430253029,2628.4793613292277
2305.0,2611.8213107436895,2831.0277166962624,2534.419578537345,2628.0245812237263,2651.323296800256
1720.0,2610.114181935787,2801.058232188225,2473.9510444551706,2619.204498305917,2626.081989221275
2500.0,2610.2592094242573,2755.7211196422577,2418.5209767520428,2600.80070823431,2596.325503513217
2600.0,2641.8401838839054,2780.0094248354435,2425.1839822530746,2632.579567581415,2619.9032896384597
2900.0,2692.0185386389494,2825.0307144224644,2509.3686401844025,2650.5771815776825,2669.2487687058747
1900.0,2651.390855163336,2806.353222131729,2520.6847485899925,2629.662665054202,2652.022872734815
2000.0,2643.3459590375423,2821.3604287803173,2511.5222488343716,2640.4117126762867,2654.1600873321295
2600.0,2626.358086541295,2839.968876093626,2526.4453791826963,2644.9595963209867,2659.432984534651
6872.0,2637.513145059347,2862.6592360436916,2532.4569172412157,2660.7770077884197,2673.3515765331686
2815.0,2653.2529222220182,2874.0509966015816,2567.435796558857,2668.6061796545982,2690.8364737592638
2235.0000000000005,2583.325721770525,2851.9328179955482,2506.63376532495,2631.030515432358,2643.2307051308453
6299.0,2511.576592847705,2806.7057149112225,2404.5314402133226,2601.7407440394163,2581.1386230029166
2810.0,2401.0689502209425,2800.8210346102715,2273.409081622958,2634.409589841962,2527.4271640740335
2840.0000000000005,2363.8058053702116,2786.3642056286335,2292.892814427614,2613.7288021296263,2514.1979068890214
2305.0,2364.552746489644,2759.7343176603317,2295.8928021788597,2594.9475771933794,2503.7818608805537
2600.0,2414.5320601016283,2712.1563817560673,2272.3402059078217,2584.9920512735844,2496.0051747597754
2400.0000000000005,2493.6594212055206,2738.6217510700226,2398.7580908089876,2606.112216114998,2559.287869799882
2000.0,2569.851049333811,2780.598454475403,2470.5240680277348,2637.0655089616776,2614.5097701996565
1500.0,2647.27210752666,2814.6356461942196,2563.096699640155,2646.780038177967,2667.9461228847504
1730.0,2711.45585604012,2834.160839021206,2632.1550565958023,2640.690865814686,2704.6156543679535
2035.0,2721.6655930131674,2792.738147228956,2620.619589984417,2619.0817700326443,2688.526275064796
2600.0,2717.1286112070084,2745.650794059038,2580.0913444906473,2600.8073154091835,2660.9195162914693
2500.0,2722.866777405143,2776.455755829811,2560.013626664877,2625.574971139431,2671.2277827598155
2700.0,2732.525971531868,2819.057167619467,2555.481600239873,2656.6058982908726,2690.91765942052
2450.0,2729.733283892274,2858.131669461727,2546.798946559429,2684.1279200464487,2704.6979549899697
1599.9999999999998,2730.8033158630133,2896.59930229187,2565.877329185605,2697.1597465872765,2722.609923481941
2500.0,2739.9236948788166,2927.7395781874657,2603.259568363428,2691.4638663083315,2740.5966769345105
2810.0,2770.782670304179,2954.7886914014816,2593.003911525011,2709.439346268773,2757.0036548748612
1740.0,2743.661373704672,2928.4382869303226,2592.21385858953,2671.336594671011,2733.912528473884
2235.0000000000005,2719.7848606854677,2864.1332967579365,2532.277697622776,2638.220112770796,2688.603991959244
1900.0,2668.3276872336864,2801.526350528002,2457.772385701537,2618.1224082410336,2636.4372079260647
2830.0,2696.7652982473373,2815.2160865068436,2486.0060001909733,2646.7232164740562,2661.1776503548026
2739.0000000000005,2676.495807170868,2797.533634752035,2490.743179395795,2635.304036140442,2650.019164364785
2450.0,2621.145190745592,2760.432696044445,2449.929008409381,2609.180918484926,2610.171953421086
2950.0,2609.261691197753,2783.615620881319,2461.108843833208,2634.0384317934513,2622.006146926433
2400.0000000000005,2604.7579104453325,2817.8331884741783,2520.427729487419,2643.783684372902,2646.700628194958
2305.0,2616.1744479089975,2838.946085423231,2558.846964761615,2645.954141318798,2664.9804098531604
2235.0000000000005,2615.494074076414,2788.815467506647,2526.0603460669518,2624.650462195277,2638.7550874613225
2850.0000000000005,2589.5893235504627,2748.9401760697365,2482.4625723063946,2608.0238369852304,2607.253977227956
2500.0,2554.5884753763676,2719.52206030488,2447.854851037264,2599.5768942683935,2580.3855702467263
2950.0,2570.3365115076303,2754.654391258955,2461.8708162754774,2624.031369909644,2602.7232722379267
1599.9999999999998,2574.915448874235,2795.5118392407894,2501.1630245298147,2639.898500367999,2627.8722032532096
2810.0,2580.521801933646,2813.5913822054863,2515.1618111133575,2641.153698414564,2637.6071734167635
1900.0,2535.4796997457743,2780.7530623674393,2488.655807673931,2617.412467300892,2605.575259272009
1750.0,2547.362703755498,2794.5564417541027,2474.999272748828,2637.883972749114,2613.7005977518857
5400.0,2577.5297427922487,2763.856534063816,2456.608697026968,2626.001299098134,2605.9990682452917
2450.0,2567.828427925706,2767.5373911857605,2412.681885957718,2650.491288304329,2599.6347483433783
2700.0,2618.0029835551977,2811.529613286257,2464.7029817849398,2679.1490834206343,2643.346165511757
1700.0000000000002,2687.2896184027195,2860.5763241648674,2521.9757905602455,2708.666967526078,2694.6271751634777
2500.0,2761.9150157272816,2895.971290320158,2582.710593789816,2706.4443138986826,2736.7603034339845
2500.0,2823.834485411644,2924.9999131262302,2621.2798119336367,2715.454353094101,2771.392140891403
2305.0,2862.2071401029825,2955.8550894260406,2667.651112526655,2722.0270054787397,2801.9350868836045
1429.9999999999998,2858.9504636079073,2917.6239934563637,2658.510581627488,2699.545432254672,2783.657617736608
2950.0,2823.422197699547,2890.44537961483,2603.419792354107,2688.172667324543,2751.3650092482567
