Actual_Price,GRU_General_Pred,GRU_Optimized_Pred,LSTM_General_Pred,LSTM_Optimized_Pred,Ensemble_Pred
5500.0,6166.714856028558,7072.755914688111,6429.683947324754,7104.247615337373,6693.350583344699
8000.0,6179.402709960938,7090.669929504395,6396.363400340081,7106.120684623719,6693.139181107284
5000.0,6237.661281585694,7057.572977066041,6422.700027465821,7125.4481806755075,6710.845616698266
6000.0,6272.2671872377405,7015.103238821031,6421.09849536419,7049.490509510041,6689.489857733251
8000.0,6351.774680137635,7092.731462955476,6415.811992883683,7097.47117137909,6739.447326838971
6999.999999999999,6366.185162663461,6986.867504596711,6479.69349205494,7072.121088027955,6726.216811835767
6999.999999999999,6335.222070932389,6940.739247083665,6416.674133777619,7048.053883552552,6685.172333836556
6000.0,6339.29099571705,6931.822329640389,6438.363218069077,7045.88819885254,6688.841185569764
6000.0,6357.908031463624,6995.522804021836,6440.329692840577,7102.374546051026,6724.033768594266
8000.0,6384.789799451829,7028.675138473512,6420.266525268556,7118.053442001344,6737.94622629881
4000.0,6402.32895243168,7077.633664846421,6472.716184973718,7209.8354902267465,6790.628573119641
6000.0,6354.4784796237955,7036.058304786683,6396.729169607163,7158.524468183518,6736.44760555029
6999.999999999999,6332.56042790413,6959.045895576478,6364.1488404274,7107.2547760009775,6690.752484977246
5000.0,6421.427481055261,7048.005940914155,6451.392043352128,7205.420634508134,6781.561524957419
6000.0,6390.173427104951,7070.537327766419,6408.323848724366,7222.214610099793,6772.812303423882
6999.999999999999,6398.560082435609,7041.591546535493,6404.85833990574,7201.255411148072,6761.566345006228
6000.0,6424.50407588482,7080.53584766388,6484.207952737809,7260.489367485047,6812.434310942889
6999.999999999999,6438.137557029725,7114.665220022202,6513.338891744615,7248.426007747651,6828.641919136048
8000.0,6372.014326214791,7083.031344652177,6512.165536999703,7225.614404439927,6798.20640307665
6999.999999999999,6403.251434922219,7170.67296743393,6564.447810769082,7358.589924812318,6874.240534484387
6999.999999999999,6356.541666269303,7161.629167318345,6542.995133280755,7339.121907234193,6850.071968525649
6000.0,6350.083462238313,7187.844697952271,6524.9848198890695,7366.071456193925,6857.246109068395
6999.999999999999,6298.358728289605,7229.6862223148355,6489.458498239518,7395.143706798554,6853.161788910628
6500.0,6196.640568256379,7122.655108690263,6408.749546289445,7346.7894229888925,6768.708661556245
6999.999999999999,6236.354018092156,7212.256593465806,6430.369196414948,7438.562378644944,6829.385546654464
6999.999999999999,6305.713376998902,7239.113563537599,6448.263372898103,7473.148032665254,6866.559586524964
5000.0,6316.960058689118,7156.002520084382,6437.758562207223,7412.5923473835,6830.828372091056
6999.999999999999,6317.7527654171,7131.954327344895,6384.34963643551,7367.9470052719125,6800.500933617354
5000.0,6315.461024641992,7134.134064197541,6417.772681474687,7349.739548444749,6804.276829689742
5000.0,6314.184345245362,7171.235053539277,6438.575240254403,7368.677717208863,6823.168089061976
6999.999999999999,6364.618760943414,7188.119128227235,6445.109077930451,7309.3321702480325,6826.794784337283
6000.0,6389.179857254029,7113.3939135074625,6482.182376265527,7262.466588020326,6811.805683761836
8000.0,6433.901659607888,7213.778358936311,6486.524078130723,7360.758915901185,6873.740753144027
6999.999999999999,6501.292890548707,7217.970033407212,6552.540264606477,7382.71664428711,6913.629958212377
8000.0,6420.9608669281015,7181.31127357483,6508.729785680772,7380.122782230378,6872.78117710352
6000.0,6485.98926973343,7244.6335797309885,6550.3129984140405,7434.769124031068,6928.926242977382
6000.0,6475.452221751214,7275.346625804902,6494.570175409318,7474.25071334839,6929.904934078456
5000.0,6506.017306923867,7256.409283638001,6456.96330857277,7460.750727653504,6920.035156697036
6999.999999999999,6532.053879261018,7301.727475881577,6486.24964785576,7450.768739700318,6942.699935674668
6000.0,6534.03853917122,7308.036892414094,6506.311988830567,7467.512292861939,6953.974928319455
6999.999999999999,6466.744020104409,7202.328334331513,6453.443657636643,7369.67459344864,6873.047651380301
6000.0,6463.145842432977,7215.605138778687,6491.354298949243,7397.139939069749,6891.811304807664
6000.0,6388.489648580552,7190.4443461895,6461.872882723809,7368.950494289399,6852.439342945815
5500.0,6322.446597695352,7229.275403499604,6442.52306854725,7429.639261722566,6855.971082866193
8000.0,6335.330768465997,7190.835326671601,6385.375856876374,7382.310785055161,6823.463184267283
5000.0,6380.5266243219385,7173.981009483338,6439.97508263588,7421.083980560304,6853.891674250365
6999.999999999999,6401.468878030778,7143.998675346375,6414.622932791711,7369.898601293565,6832.497271865607
5000.0,6427.83567595482,7137.145357847215,6451.641262412072,7356.416800737382,6843.259774237872
5400.0,6397.404086232186,7200.81566143036,6412.488658785821,7384.793883085252,6848.875572383405
6000.0,6374.087018728257,7178.790152072907,6422.109837055207,7334.9847881793985,6827.492949008943
8000.0,6364.032703518868,7223.793410778047,6482.651470184327,7326.976714372636,6849.3635747134695
6000.0,6384.2430053949365,7315.873034000398,6548.6688965559015,7453.031136274339,6925.454018056394
6000.0,6321.5646184682855,7247.577919006349,6477.0818581581125,7385.5634450912485,6857.946960180999
6000.0,6339.04384315014,7253.489742279054,6439.389438509942,7378.821718215943,6852.68618553877
6000.0,6318.901322245599,7137.871110200883,6434.417042970658,7268.298231363297,6789.871926695109
6999.999999999999,6307.981973052026,7055.460194587708,6423.916365265847,7176.573218345643,6740.982937812806
5000.0,6251.491079568864,6972.511164188386,6447.38883304596,7114.155209541322,6696.386571586133
8000.0,6251.788241267205,6972.554973840714,6418.563321709634,7084.894494771958,6681.950257897378
6500.0,6227.2308646440515,6974.288348197938,6440.928975820542,7124.6860580444345,6691.783561676742
6999.999999999999,6213.382468223573,7052.133140802384,6428.156395673753,7193.853233098985,6721.881309449674
5500.0,6175.113910317422,6998.96227502823,6432.68697500229,7154.2054977417,6690.24216452241
4500.0,6111.973868846894,7019.726397037507,6363.730168938638,7178.330564022065,6668.440249711276
6999.999999999999,6041.425449848176,6988.770331382752,6310.5708755254755,7125.205161094666,6616.492954462768
6999.999999999999,5999.582685589791,6993.396795988084,6345.018901109696,7139.420979976655,6619.354840666057
5000.0,6060.070589900018,6979.2677698135385,6391.305451989175,7106.76543045044,6634.352310538293
8000.0,6133.000022172929,7014.900722503663,6377.912923932076,7127.766785860063,6663.395113617183
5000.0,6145.752350687982,6890.010976076127,6394.799478411675,7098.375468730927,6632.234568476678
5000.0,6154.565530180932,6961.490143537522,6362.292303085328,7150.151865005494,6657.124960452319
6400.0,6159.997927069665,6950.422833442689,6357.087220430375,7104.642728805543,6643.037677437068
6500.0,6304.578045725823,7027.1740379333505,6434.422415852548,7156.237273693086,6730.602943301202
8000.0,6382.185604929925,7072.362454414369,6467.072179198266,7198.7541279792795,6780.09359163046
6999.999999999999,6419.920181035996,7108.921195983888,6542.365679502488,7268.803282260896,6835.002584695817
6999.999999999999,6368.368619203568,6994.395325422288,6524.41777420044,7179.26957845688,6766.612824320794
5000.0,6384.554632544518,7010.776002407075,6547.199206709863,7179.89861893654,6780.607115149499
6999.999999999999,6414.219553351403,7045.178978443147,6542.051159262658,7170.018302440644,6792.866998374463
5500.0,6411.262815117837,7058.445863723756,6547.548857331277,7178.443807840348,6798.925336003304
6000.0,6349.537081480027,7069.38091826439,6466.757658958436,7176.211168766023,6765.471706867219
6000.0,6293.987268924714,7060.396633148194,6409.890250444413,7162.372278213502,6731.661607682706
6000.0,6350.812934279443,7131.556734085084,6443.280644893647,7231.864305973054,6789.378654807807
8000.0,6312.236882209779,7023.303909778596,6426.237450242043,7131.121943950654,6723.225046545268
6999.999999999999,6348.124426841737,7014.314665079118,6471.065057039262,7178.838094711305,6753.085560917855
6999.999999999999,6336.042055368424,7000.5617406368265,6485.255251407624,7198.149058818818,6755.002026557923
6000.0,6364.461294174195,7049.0094299316415,6499.762445807458,7240.6477279663095,6788.470224469901
6000.0,6428.259307026864,7141.733798980714,6520.390592575074,7315.236554145814,6851.4050631821165
6000.0,6428.8511506319055,7122.673293828965,6491.267919540406,7306.611838817597,6837.351050704719
7600.000000000001,6444.177502870561,7121.100279331208,6486.004561781884,7289.429362535478,6835.177926629783
6000.0,6447.629786133767,7173.967783927918,6505.210961341859,7353.399720907212,6870.052063077689
6999.999999999999,6347.92439031601,7090.4880781173715,6445.206616401673,7252.005173683167,6783.906064629556
6500.0,6321.091804862023,7160.927386283875,6453.461429476739,7321.445952415467,6814.231643259526
8000.0,6316.429383277894,7252.68546319008,6468.538975954057,7424.652400732041,6865.576555788518
5000.0,6287.089728474618,7255.935643434525,6447.824449777604,7490.025494575501,6870.218829065562
6000.0,6343.696345567704,7247.809366226197,6414.410910606385,7476.2940616607675,6870.5526710152635
4000.0,6233.590703606606,7171.142474651338,6336.462793350221,7411.1573746204385,6788.088336557151
6999.999999999999,6286.211468935014,7173.7760133743295,6344.838289618493,7374.228317499162,6794.7635223567495
5000.0,6370.869489073754,7169.409926891328,6427.7096198797235,7326.154250144959,6823.535821497441
8000.0,6439.992027878762,7244.171511888505,6485.34039092064,7365.313466548921,6883.704349309207
6999.999999999999,6443.278165102006,7211.728397846223,6538.44182252884,7360.940767288209,6888.597288191319
6999.999999999999,6432.4282500743875,7235.784029960633,6556.877420186997,7388.415205478669,6903.376226425172
5000.0,6372.938875198365,7242.326546907426,6542.195400476457,7388.953320264817,6886.603535711766
8000.0,6317.178280353547,7258.944457292558,6516.968480110169,7356.049791574479,6862.285252332688
6000.0,6310.860597848893,7286.748707771302,6555.628018498422,7415.270522356034,6892.126961618663
5400.0,6202.057259798051,7173.76278781891,6431.792183518411,7318.3867161273965,6781.499736815692
6999.999999999999,6202.206873893739,7135.04745411873,6403.939577102662,7263.942064046861,6751.283992290498
6999.999999999999,6232.408669590951,7126.776522397996,6430.542368531228,7274.184430122376,6765.977997660638
6999.999999999999,6310.8610111475,7136.130296468736,6492.1618844270715,7257.945927858354,6799.274779975415
5000.0,6327.5838993787775,7149.945215702058,6525.343563079835,7249.860153913499,6813.183208018542
6000.0,6331.625546455384,7184.097732782365,6482.050534009934,7275.29537677765,6818.267297506333
6500.0,6335.288198709489,7111.373709917069,6435.848709344865,7209.933028697968,6773.110911667348
6000.0,6365.122571945191,7142.9282319545755,6459.262488722802,7235.668306350709,6800.7453997433195
5000.0,6348.19799399376,7116.854876041413,6462.618473410607,7201.97455072403,6782.411473542453
6500.0,6333.721796989442,7092.404130458833,6421.510967373849,7176.890631675721,6756.131881624461
6999.999999999999,6355.948582768441,6949.830989837647,6402.50997722149,7058.926943302155,6691.8041232824335
6999.999999999999,6386.096236348153,6998.960621833802,6466.997785449029,7113.566672325135,6741.40532898903
6999.999999999999,6379.515282630921,7014.98834180832,6460.497424960137,7157.8169009685525,6753.204487591983
5400.0,6434.21989953518,7110.969503879548,6508.367736101151,7236.809010505677,6822.591537505389
6000.0,6393.036346554757,7106.701782464982,6465.829803586007,7215.934951066972,6795.3757209181795
6999.999999999999,6424.854139804841,7178.175163745881,6461.87412261963,7283.177807807923,6837.020308494569
6999.999999999999,6401.596174001695,7069.237090349198,6475.255078315736,7191.276729583741,6784.3412680625925
5000.0,6372.705774784089,7034.6332511901865,6486.632362365724,7191.966111660005,6771.484375000001
5500.0,6369.40971839428,7008.005248546601,6434.358767867089,7168.943726062776,6745.179365217687
6999.999999999999,6298.440561413766,7092.323950529099,6375.753852009774,7223.366886615754,6747.471312642098
6999.999999999999,6218.968612194062,6997.416538238526,6360.168774843217,7159.8147864341745,6684.092177927495
8000.0,6252.054818868638,7004.264069557191,6410.9528411626825,7145.707251787187,6703.2447453439245
6500.0,6249.0761758089075,7067.1218280792245,6439.869691491128,7271.271501541139,6756.8347992301
6999.999999999999,6240.395665168763,7030.711047410966,6398.365832090379,7281.694065809251,6737.79165261984
6999.999999999999,6197.733743071557,7039.012563228608,6380.1406034231195,7349.6725940704355,6741.63987594843
5000.0,6226.742758989335,7059.516307115556,6397.379288315774,7374.431660413743,6764.517503708602
6000.0,6279.306075811387,7154.430332183839,6415.901265382768,7430.187295675279,6819.956242263318
4000.0,6353.263795018197,7190.236043691636,6435.348618030549,7450.987787961961,6857.459061175586
8000.0,6399.069266319276,7211.916862010957,6424.172197103501,7420.6045541763315,6863.940719902516
6999.999999999999,6454.588908076287,7244.009498834611,6475.822537302972,7479.491339683534,6913.478070974351
8000.0,6514.143170833589,7291.260275363923,6558.972844123841,7511.741856575013,6969.0295367240915
5000.0,6496.003081679345,7273.036286592484,6603.073045372964,7528.194447517396,6975.076715290547
6000.0,6493.388141393662,7268.88594198227,6560.616532683373,7512.904052257539,6958.948667079211
6999.999999999999,6505.2150943279275,7235.967534542085,6552.607632279397,7432.500941276551,6931.57280060649
7499.999999999999,6445.097092270852,7229.5878572464,6530.160971641541,7456.24494624138,6915.272716850043
6000.0,6483.1366827487955,7277.234573841096,6591.651538372041,7491.08023262024,6960.775756895543
5000.0,6456.995132565499,7294.019456863404,6540.4541734457025,7524.052368879319,6953.880282938481
6999.999999999999,6522.553797483445,7287.685242414475,6532.7031713724145,7455.187728405,6949.532484918834
5000.0,6516.91557788849,7242.662145376206,6547.244256258012,7396.947341918946,6925.9423303604135
6999.999999999999,6452.5269613266,7317.141034126283,6488.979071855546,7456.621047973634,6928.817028820516
8000.0,6462.944152712823,7352.6367716789255,6547.710043787957,7453.772593975068,6954.265890538693
8000.0,6401.560217022897,7301.100088596345,6552.595646619798,7433.049801826478,6922.076438516379
6000.0,6336.850467443467,7304.841267585755,6530.256856918336,7493.937779188157,6916.471592783929
5500.0,6259.175953865052,7194.621141910554,6432.312526464463,7384.783963918687,6817.723396539689
6000.0,6229.697430729867,7177.019580841065,6379.57893061638,7362.44848060608,6787.186105698348
5800.0,6283.190256118775,7148.13579440117,6362.440677285195,7332.1925427913675,6781.489817649127
5000.0,6359.463687419892,7138.985363245011,6384.297147512437,7308.415473937989,6797.790418028832
6999.999999999999,6426.220918297769,7214.322259902955,6428.447357892991,7336.415627956391,6851.3515410125265
6500.0,6446.23118364811,7216.082911968232,6494.317236661912,7313.075829029084,6867.426790326835
5500.0,6458.513591647149,7328.519971370698,6531.477741003037,7428.349770069123,6936.715268522502
6999.999999999999,6438.892240285874,7173.058526992799,6443.628229022027,7272.585791110993,6832.041196852923
5600.0,6472.954658269883,7109.670093059541,6500.420830488206,7195.766805648805,6819.703096866609
6500.0,6394.456853866578,7006.265261411668,6425.153367996217,7114.323835372926,6735.049829661847
6999.999999999999,6451.54248404503,7067.973223209382,6442.594982504846,7181.069907188416,6785.795149236918
6000.0,6444.24900352955,7091.170847415925,6497.60544037819,7211.487031459809,6811.128080695868
5500.0,6360.091488003732,7009.425342559815,6437.6494513750085,7134.595305442811,6735.440396845342
6999.999999999999,6294.664665341378,6961.004930973054,6380.015373945237,7099.815401077271,6683.875092834235
6999.999999999999,6240.333257079125,6960.945415973664,6375.894786834718,7099.615364551545,6669.197206109763
8000.0,6276.890758752824,7038.994378089906,6411.347541332246,7186.8974175453195,6728.532523930074
5000.0,6216.099079966546,7019.346988916398,6415.595424413682,7249.80311870575,6725.211153000594
8000.0,6199.451412081719,7107.097722530366,6391.894402503968,7306.74492096901,6751.297114521266
5000.0,6172.034009099008,7125.840814352036,6399.743769645692,7388.278816938401,6771.474352508784
6999.999999999999,6203.532322525979,7049.656655550004,6360.686637997628,7314.24463748932,6732.030063390733
6999.999999999999,6251.763443350793,6987.089859247209,6373.569155573846,7281.913114070893,6723.583893060685
5000.0,6341.161998510362,7039.627551555634,6419.208480834962,7333.062123060227,6783.265038490296
6999.999999999999,6431.573135256768,7104.24265575409,6431.258615016938,7373.24136042595,6835.078941613437
5400.0,6474.729775786401,7134.190272808076,6483.121390700341,7369.622517824174,6865.415989279748
5000.0,6472.4215030670175,7186.551899909974,6477.601374506951,7403.098051786424,6884.918207317592
6999.999999999999,6514.524232149125,7261.534186363221,6511.149235725404,7420.073878765107,6926.820383250714
6500.0,6472.819509625436,7232.58509874344,6561.619195103646,7363.637953996659,6907.665439367295
5000.0,6418.991085767747,7221.625246286393,6516.4588829278955,7358.615549325944,6878.922691076995
6999.999999999999,6472.123514771462,7250.27097272873,6504.781130790711,7340.568452358247,6891.936017662288
6000.0,6433.485054612161,7220.903626918794,6497.426895380021,7321.7856838703165,6868.400315195323
6500.0,6429.672374963761,7241.06267976761,6525.36133491993,7302.821063995362,6874.729363411666
8000.0,6406.304885029794,7208.9989738464365,6516.933763027192,7279.301066875459,6852.88467219472
5500.0,6368.009876012803,7168.45686030388,6569.510718703271,7277.434610366822,6845.853016346694
6500.0,6353.188987970353,7170.574602365495,6541.08486711979,7271.618672370912,6834.116782456637
6999.999999999999,6380.353452205659,7215.505947113038,6545.524934053422,7319.524940490724,6865.227318465711
5000.0,6358.273387432099,7167.892294406892,6589.168853640557,7277.8487355709085,6848.295817762614
6000.0,6276.995736598969,7120.479504823686,6511.151715517045,7213.271654844285,6780.474652945996
6999.999999999999,6166.9847400188455,7021.763959169389,6402.45583510399,7137.214792013169,6682.104831576348
6999.999999999999,6246.203750491143,7084.051365613938,6455.893278479577,7201.078519344331,6746.806728482247
6000.0,6195.048128724099,6958.202766418458,6461.135144710542,7119.810787677766,6683.549206882716
6000.0,6202.045687437058,7017.798772335053,6442.703266739846,7170.808529376985,6708.339063972236
6000.0,6202.274654865266,6981.807903051377,6396.243543744088,7152.928405046464,6683.313626676799
5000.0,6201.472855567933,6971.553964614869,6358.974341869355,7145.611366510392,6669.403132140637
8000.0,6277.389610171319,7037.803251504899,6377.198743939401,7171.367309093476,6715.939728677274
5500.0,6250.649603605271,7027.542700290681,6432.035203099252,7198.08541083336,6727.078229457141
6999.999999999999,6286.153607130052,7071.510232686997,6400.576153039933,7239.743430614472,6749.495855867864
4000.0,6382.224041700364,7144.178873538972,6474.633477210999,7298.731887578965,6824.942070007325
6000.0,6410.673451304437,7131.406293392182,6421.923439383508,7241.784299135209,6801.446870803834
4500.0,6465.092892169953,7093.025731563569,6455.4927921295175,7160.482676982881,6793.52352321148
6500.0,6466.9659614563,7157.614384651185,6421.973448514939,7163.642758131028,6802.549138188363
6000.0,6453.493253469468,7079.879529476167,6426.962375998498,7055.635433197022,6753.992648035289
6999.999999999999,6407.264151096345,7083.192531108857,6421.145198106767,7060.733884811402,6743.083941280843
6000.0,6386.139632701875,7037.270096302033,6426.206866145135,7061.132304668427,6727.687224954368
6999.999999999999,6294.454709649087,6925.999778866769,6390.175080299378,6977.014465808869,6646.911008656026
6999.999999999999,6362.42951822281,6940.206091880799,6479.675306916238,6987.208889245988,6692.379951566459
5000.0,6315.616424918176,6907.97665321827,6505.08655846119,6952.919157028199,6670.399698406459
6999.999999999999,6283.953618645669,6872.888014793397,6482.454740047456,6881.273430228234,6630.142450928689
6000.0,6281.944160819055,6929.115637063981,6511.851843357087,6922.287117481233,6661.299689680339
6500.0,6266.398760318757,6931.623946309091,6437.495704293252,6937.1030459404,6643.155364215375
6999.999999999999,6252.421828031541,6894.683316826821,6398.779130697251,6941.521208047868,6621.85137090087
8000.0,6175.607802152635,6860.872597694398,6414.688647270204,6962.747397899629,6603.479111254216
6999.999999999999,6144.989401459695,6870.4181423187265,6462.878024935723,7026.6838657856,6626.242358624936
5500.0,6104.979203224183,6901.468440055848,6423.199292182923,7110.81988978386,6635.116706311704
5000.0,6149.493942975999,6928.544045090676,6397.363169670106,7151.342164993287,6656.685830682517
8000.0,6103.506206989289,7002.724945545197,6378.269600629807,7175.552370786668,6665.0132809877405
6999.999999999999,6040.054951667787,6932.836564421655,6337.767577052117,7176.356649875642,6621.7539357543
5500.0,6130.025512099267,6968.561682701112,6383.390783667565,7216.897110223771,6674.718772172929
5000.0,6100.153115391732,6966.772926330567,6306.630073308946,7231.836201667787,6651.348079174758
6999.999999999999,6286.822324275971,7085.273076295854,6301.898217558862,7323.774476766587,6749.4420237243185
6000.0,6300.68394625187,7131.835297346116,6337.9258704185495,7399.75777244568,6792.550721615554
5000.0,6369.855667591096,7225.231689929963,6374.968997955323,7483.892969846726,6863.487331330777
6500.0,6407.889471888543,7229.672170162202,6409.037202119828,7452.792249679566,6874.847773462535
4500.0,6452.395945668221,7247.725053310395,6450.088086247445,7451.555660247804,6900.441186368466
6000.0,6512.155204534532,7211.574650764466,6464.541551828385,7358.069168567658,6886.58514392376
6999.999999999999,6557.671780109406,7212.2061710357675,6540.987741947175,7311.845852375031,6905.677886366845
6000.0,6537.899574756623,7171.001126527787,6577.971354484559,7265.630802154542,6888.125714480878
6999.999999999999,6465.455768346787,7160.365300178529,6551.341285347939,7254.438675880433,6857.900257438422
5000.0,6476.013894557954,7227.408946990968,6597.527404665948,7325.845102787019,6906.698837250472
8000.0,6471.340727210046,7220.472969770432,6534.462583541871,7287.243012905122,6878.379823356868
5500.0,6439.603940486909,7222.462589263917,6579.568340301515,7298.150789737702,6884.946414947511
5000.0,6374.810291290284,7185.639336585999,6536.132309913636,7258.6725068092355,6838.813611149789
8000.0,6366.573663353921,7128.170991897584,6483.132963061334,7174.323220729829,6788.050209760667
6999.999999999999,6289.826178550721,7023.659346580506,6468.161221027375,7143.644065141679,6731.32270282507
6500.0,6262.253375291825,6956.536346435548,6516.682477474214,7080.2465386390695,6703.929684460164
6000.0,6248.540127515794,7005.737065792085,6503.825584411622,7134.664739608766,6723.1918793320665
6000.0,6252.830580353738,7080.6152009964,6517.508248090745,7210.275239944459,6765.307317346335
6999.999999999999,6215.404325008393,6994.451534032823,6441.368312239648,7156.905164241792,6702.032333880664
5000.0,6228.1909573078165,6970.677771568299,6480.722605586053,7150.303958892823,6707.473823338748
5400.0,6278.590655922891,6999.094530582429,6477.051687359811,7148.185390233994,6725.730566024781
6999.999999999999,6240.006337881089,7046.076663017274,6425.132703065873,7153.931067466737,6716.286692857743
5800.0,6225.389619350434,6987.517210006715,6460.832196831704,7097.689393043519,6692.857104808093
6999.999999999999,6200.461100578309,6994.88797736168,6417.787560224534,7092.40578365326,6676.385605454446
6999.999999999999,6262.073177099229,7047.468652725221,6454.329356551171,7155.3329763412485,6729.801040679217
6000.0,6277.095341563226,7014.56677722931,6476.596232295037,7129.519998550416,6724.444587409497
6999.999999999999,6269.942795872689,7105.041975259782,6419.701546072961,7227.26594567299,6755.488065719605
5000.0,6312.216217279435,7109.864343404771,6460.605709195138,7209.218022108079,6772.976072996856
6500.0,6258.171638250352,7098.947474002839,6397.615695118905,7174.719987392426,6732.363698691131
6000.0,6238.242379426957,7117.589720964433,6386.430181622506,7190.349287509919,6733.152892380954
6999.999999999999,6261.139122247697,7069.776858329774,6416.569982528687,7127.375805377961,6718.71544212103
6500.0,6415.12385070324,7156.782827854157,6527.082310318948,7222.636174678803,6830.406290888787
6999.999999999999,6449.600393891335,7088.318260431291,6584.248533725739,7169.480187654496,6822.911843925715
5000.0,6497.541792392732,7147.704310655595,6555.309365272523,7254.504803657533,6863.7650679945955
6000.0,6574.765810489655,7218.137006044389,6518.156713604928,7254.891651153565,6891.487795323134
6999.999999999999,6571.934715032578,7101.362791061402,6494.668127179147,7146.432177543641,6828.599452704192
6000.0,6539.839598417283,7082.655242919923,6504.648048639298,7124.481061935426,6812.9059879779825
6999.999999999999,6508.135462284089,7061.502620220185,6496.983839273454,7112.898781776429,6794.880175888539
6500.0,6503.6131489276895,7061.752252578736,6534.140623927117,7121.113504886628,6805.154882580043
6999.999999999999,6494.9347047805795,7060.9959161281595,6537.976861596108,7147.886988639832,6810.44861778617
6999.999999999999,6478.124197244645,7021.959862709046,6517.609919548036,7109.863516807557,6781.889374077321
6999.999999999999,6413.768231272698,7065.880279064179,6508.629354119302,7173.74956226349,6790.506856679917
6999.999999999999,6339.151300787927,7097.101682424546,6483.333826184274,7223.580975294114,6785.791946172715
5400.0,6280.2450902462015,7071.887161016465,6513.003706574441,7255.891833782197,6780.256947904826
6000.0,6260.284420728684,7108.56410598755,6448.386122584344,7305.691836118699,6780.731621354819
6999.999999999999,6302.171407938004,7065.2314002513895,6418.190526366235,7273.868669986726,6764.865501135589
6999.999999999999,6320.94425725937,7036.893167972566,6442.706986427308,7236.524661064149,6759.267268180848
6000.0,6289.28847706318,7034.506781816483,6440.162720203401,7235.232689619065,6749.797667175532
6000.0,6205.256191015244,7045.8476955890665,6401.474664211274,7288.934230804444,6735.378195405007
6500.0,6246.669538021089,7119.666959762574,6401.683380007745,7356.063017129899,6781.020723730327
8000.0,6308.275001764298,7119.151163101197,6433.498280167581,7359.190034389497,6805.028619855643
6999.999999999999,6355.698123812676,7153.9707441329965,6486.625749588014,7412.913067102433,6852.30192115903
5000.0,6331.847074508668,7130.659049510957,6463.5938581228265,7382.468665122987,6827.1421618163595
8000.0,6304.193264722825,7142.186774253846,6415.97896552086,7390.647017955781,6813.251505613328
6999.999999999999,6257.097061872483,7118.241906166078,6445.910463929177,7424.775563716889,6811.506248921157
5500.0,6303.254250288011,7211.844121456147,6449.4284616708765,7510.744153738023,6868.817746788264
8000.0,6288.769787311555,7248.782271146775,6418.086375117303,7524.332585334779,6869.992754727603
4800.0,6307.890634059907,7267.169926166535,6513.897671461106,7576.13212633133,6916.27258950472
6000.0,6300.267754554749,7319.595201253892,6481.807514429093,7590.886886596681,6923.139339208604
6000.0,6296.1934568882,7310.174472808839,6480.484958887101,7542.939288616181,6907.44804430008
5000.0,6315.291985511781,7304.568490505219,6503.082473516465,7515.674806118012,6909.654438912869
6500.0,6294.783282041551,7313.956155061723,6483.35407781601,7490.587580680848,6895.670273900033
6000.0,6336.5896760225305,7291.9818947315225,6558.700067043305,7472.980233430863,6915.062967807055
8000.0,6336.576450467111,7248.0937156677255,6470.095871806146,7418.600055933,6868.341523468495
6000.0,6388.801689028741,7199.529476165772,6524.152023196221,7393.376441955567,6876.4649075865755
6999.999999999999,6406.955417037011,7225.276326179505,6499.773191571237,7389.489781856538,6880.373679161073
4500.0,6460.570578813554,7248.3433480262765,6556.2479664087305,7408.000599861146,6918.290623277427
6999.999999999999,6436.20745253563,7250.865296125413,6494.101081490518,7365.391166687013,6886.641249209643
6000.0,6455.521309733392,7211.777167081834,6528.482152700425,7295.698275804521,6872.869726330043
5500.0,6432.626633405686,7204.129489660264,6526.299109458924,7256.292733430863,6854.8369914889345
6000.0,6398.798142433167,7209.7544836997995,6489.420061469079,7245.926377773286,6835.974766343833
5000.0,6366.581102728845,7174.4571294784555,6456.528931736947,7211.633339166642,6802.300125777722
8000.0,6306.393253207208,7053.577206134797,6417.948746681214,7072.224412679673,6712.535904675723
6999.999999999999,6334.187997817994,7009.271595478059,6462.683361291886,7068.507205009461,6718.66253989935
5000.0,6321.37367451191,7065.718266010285,6490.773614406587,7131.748504638673,6752.403514891864
6999.999999999999,6267.6717200279245,6942.167607069016,6441.70101761818,7017.500370740891,6667.260178864003
6000.0,6265.6870601177225,6898.774559736253,6406.9248329401025,7012.0258173942575,6645.853067547084
6000.0,6303.2154002189645,6941.689833879472,6415.462755560876,7058.776502609254,6679.7861230671415
4000.0,6277.956242561341,6846.857228636743,6349.551133632661,7004.497169971467,6619.715443700553
6999.999999999999,6356.270542383195,6920.42148756981,6373.306710958482,7022.807951450349,6668.201673090459
6999.999999999999,6373.546837449075,6927.490133643151,6424.452413558961,7025.747331142426,6687.809178948403
6000.0,6331.102310419084,6960.036159038545,6428.400241851808,7088.7075877189645,6702.0615747571
6000.0,6336.511149287225,7027.431936264039,6399.767327666284,7149.541009664536,6728.312855720521
6999.999999999999,6375.450904130937,7004.712911844254,6407.932041645051,7130.852473258973,6729.737082719804
6000.0,6437.878418803216,6990.4433641433725,6470.763762354852,7085.397892475129,6746.120859444142
6999.999999999999,6346.541493177415,6892.266759872437,6428.864376187325,7020.751377582551,6672.106001704932
8000.0,6356.4813246727,6925.790236473084,6443.9150582551965,7090.5401537418375,6704.181693285705
6999.999999999999,6330.469550251962,6905.820061087609,6451.1407577991495,7137.552870273591,6706.245809853078
6000.0,6334.281403303147,7014.364260911942,6472.733956813813,7265.46713590622,6771.711689233781
8000.0,6290.577968716622,7010.743765115739,6398.015768170358,7271.0317883491525,6742.592322587968
6999.999999999999,6306.044429183007,7062.372200489045,6441.034780263902,7390.464339971543,6799.978937476874
5000.0,6277.6020456552515,7117.520286798478,6431.002369880677,7441.049609661103,6816.7935779988775
6000.0,6305.36744606495,7164.899185895921,6396.476230859757,7484.601363658906,6837.8360566198835
5000.0,6367.242380499841,7248.1846413612375,6435.299848794938,7517.893393039704,6892.15506592393
6500.0,6293.379719972611,7175.829280853272,6427.207462072373,7403.586570739747,6825.000758409501
6999.999999999999,6317.27044594288,7170.750667572022,6475.983723759652,7408.046062707902,6843.012724995614
6000.0,6298.612080335618,7230.801301956178,6523.13200223446,7458.432122468949,6877.744376748801
5500.0,6312.739040017129,7194.305381774903,6497.740589022637,7412.242696762086,6854.256926894189
8000.0,6308.235325098039,7206.118282556535,6451.740867376328,7404.608244895936,6842.675679981709
5000.0,6351.990008711816,7212.330160617829,6505.736263871194,7437.209239006043,6876.816418051721
6500.0,6361.054887056352,7315.964786291123,6458.714454770089,7509.506737709046,6911.310216456653
6000.0,6382.126916527749,7290.7593574523935,6509.662600636483,7488.451653480531,6917.750132024289
5500.0,6349.702400922776,7245.661866664887,6487.244044303895,7407.577382087708,6872.546423494817
6000.0,6387.8395298719415,7245.344453334809,6465.475606679917,7364.2273178100595,6865.721726924182
6999.999999999999,6413.828986167909,7250.22468328476,6508.650845646859,7344.1658034324655,6879.217579632998
6999.999999999999,6404.402058243752,7217.517884731294,6559.556008458138,7280.190485477448,6865.416609227658
6000.0,6377.457055568696,7223.3007588386545,6593.203887939454,7252.468068122865,6861.607442617417
6999.999999999999,6341.0165174007425,7143.126615285874,6542.310297489167,7177.480822086335,6800.98356306553
5000.0,6297.254394412042,7036.242635965348,6520.485651254655,7133.673649549485,6746.9140827953825
6999.999999999999,6231.708128452302,6981.403697013856,6426.370945692063,7079.175268650056,6679.664509952069
4500.0,6179.811875581742,6979.708346128465,6426.431700587274,7063.478187561036,6662.357527464629
6999.999999999999,6134.508562088014,6862.0347933769235,6373.3852376937875,6934.50753068924,6576.109030961991
8000.0,6111.549824476243,6813.971885085107,6387.150561094285,6905.005036234857,6554.419326722623
6999.999999999999,6121.913700342179,6855.341422438622,6422.12264931202,6984.380273580552,6595.9395114183435
5500.0,6087.621901631356,6887.470842838288,6422.696307778359,7023.150989294053,6605.235010385514
5000.0,6149.408803462983,6972.352457523347,6396.450606346131,7083.071021318437,6650.320722162724
4500.0,6184.696651816369,6942.265145540238,6357.48440039158,7037.63793206215,6630.521032452584
6000.0,6127.885865211488,6926.821003198625,6334.463667988778,6956.681827545167,6586.463090986014
6999.999999999999,6177.9950149059305,6935.621783733369,6340.889221429826,6954.11111021042,6602.154282569886
6500.0,6314.363716840745,6948.291865825654,6430.300588846208,6943.095875740052,6659.013011813165
6999.999999999999,6333.851986050607,6838.78839993477,6422.072226881982,6869.739092707635,6616.112926393748
6000.0,6380.789895534516,6884.801760435105,6460.1531472206125,6915.971501469613,6660.429076164962
4500.0,6358.2370171546945,6855.193874835969,6433.308989405633,6869.779595971108,6629.129869341851
6999.999999999999,6339.827870607377,6882.346766710282,6398.833272814752,6845.099469661714,6616.526844948531
8000.0,6400.778669357301,6900.631097078324,6451.066777348519,6841.671157717706,6648.5369253754625
6999.999999999999,6389.073639512063,6922.009380817414,6479.774911880494,6937.773416280747,6682.15783712268
5000.0,6343.39422428608,6928.367153286935,6443.507959127427,7002.982843875886,6679.563045144082
6999.999999999999,6365.883867979051,6933.25606250763,6390.383796095849,6988.686845064164,6669.5526429116735
6000.0,6421.1877678632745,6936.343403100968,6410.987144947053,6998.053844690324,6691.643040150405
6000.0,6397.26480460167,6891.0764598846445,6415.630141496659,6971.338222742082,6668.827407181264
6000.0,6412.39897298813,6966.027335643769,6435.045670151711,7027.348449945451,6710.205107182265
6999.999999999999,6405.681217432023,6944.191943645478,6411.8802832365045,7022.173124790193,6695.98164227605
8000.0,6455.87302684784,7043.033132076264,6486.6716257333765,7134.545709609986,6780.030873566867
6400.0,6413.770297765733,7025.173672676087,6505.970604181291,7203.533513069154,6787.112021923066
8000.0,6350.838558793069,6949.925221920014,6453.067555904389,7184.062189102174,6734.473381429912
6000.0,6357.2058371305475,6964.835382461549,6452.035962581635,7252.319280624391,6756.599115699531
6000.0,6372.954167246819,7024.314838171006,6433.830572247506,7305.886086463929,6784.246416032315
6000.0,6415.841750383378,7107.859018564225,6426.8061491251,7400.051214456559,6837.639533132316
6000.0,6465.215641856194,7216.041582107545,6444.669741511346,7511.90221643448,6909.457295477391
6000.0,6528.155233502389,7228.6777737140665,6480.8081583976755,7486.744730234147,6931.0964739620695
6000.0,6467.068872809411,7234.328392267228,6475.532814979554,7475.986567497254,6913.229161888362
6999.999999999999,6463.228502154351,7227.582532405854,6474.38756453991,7477.5653681755075,6910.690991818906
6999.999999999999,6434.191381931306,7213.103029012681,6471.090268254281,7502.831138610841,6905.303954452277
6999.999999999999,6452.754688858987,7254.402305603028,6503.296148896218,7538.781504631043,6937.308661997319
5000.0,6454.26612186432,7339.321117162705,6533.583497405053,7611.189767360688,6984.590125948192
6999.999999999999,6393.404182314874,7316.251615524293,6474.0560990571985,7559.304260253907,6935.754039287568
5000.0,6391.849766254426,7214.009806156159,6493.829544305802,7472.179260730744,6892.967094361783
5500.0,6345.784743428231,7170.219992160798,6427.50131738186,7416.565800189973,6840.017963290215
6999.999999999999,6424.269735574723,7227.939622402192,6406.423501729966,7445.210700035096,6875.960889935494
5500.0,6432.229453444482,7161.87962627411,6455.555613517762,7357.346722602845,6851.7528539598
5000.0,6361.166477680207,7172.655147552491,6419.496136665345,7351.4109280109415,6826.182172477246
6999.999999999999,6320.843412399293,7197.018273830415,6418.860896706582,7299.283227920533,6809.001452714206
6000.0,6348.189314723016,7192.888594150544,6510.323878407479,7254.771794557572,6826.543395459653
6999.999999999999,6285.251789569856,7136.752724170686,6483.261498928071,7198.362320899964,6775.907083392144
6000.0,6202.902042150498,7018.64107489586,6453.623029232026,7095.517922163011,6692.671017110349
6400.0,6199.564242601396,6990.620255947114,6406.614032387734,7084.701897621156,6670.37510713935
6000.0,6162.375220656396,6883.5102022886285,6390.718981266023,7023.006334781648,6614.902684748174
10000.0,6141.020494937898,6895.419401645661,6383.115526795388,7021.267174243928,6610.205649405719
5500.0,6220.798698425294,6888.865312337876,6443.353798747064,7066.652320861817,6654.917532593013
6999.999999999999,6191.439618587495,6909.741024971009,6387.353904008866,7086.059170246125,6643.648429453374
6999.999999999999,6202.980982184411,6931.0209436416635,6383.083702802659,7131.250893115998,6662.084130436183
5000.0,6232.517780423165,6972.086293220521,6404.351222515107,7170.869697570802,6694.956248432399
6999.999999999999,6215.360102057458,6971.4002175331125,6335.002196073533,7137.435493469239,6664.799502283336
6000.0,6236.8528695106515,6934.758816242219,6352.053243398667,7098.029951095582,6655.42372006178
6999.999999999999,6214.202865958215,6935.434972763062,6341.597615242005,7118.736211299897,6652.492916315795
6000.0,6260.710944890977,6902.715361952783,6368.789357185365,7088.244693279267,6655.115089327098
6000.0,6292.892440915109,6977.807999134065,6356.699546337129,7154.329487323762,6695.432368427516
6999.999999999999,6299.311794877053,6936.206187963487,6337.98125243187,7123.712326526643,6674.302890449763
6999.999999999999,6324.774708747865,6995.3111951351175,6360.986279487611,7208.248423576356,6722.330151736737
5000.0,6383.336641550065,7040.199556827546,6390.953734874726,7269.055394411088,6770.886331915856
6000.0,6349.425490856172,7025.348911285401,6361.264842748643,7252.297789096833,6747.084258496762
6000.0,6298.9315601587305,7058.9657933712015,6370.604564666749,7254.894130945207,6745.849012285472
6999.999999999999,6309.2801439762125,7148.954125642777,6384.7554956674585,7329.0564329624185,6793.011549562217
6000.0,6330.532371640206,7131.212869644166,6426.562302947045,7321.707157135011,6802.503675341607
5000.0,6365.191592812539,7142.558743000031,6464.705218076707,7299.412177085877,6817.966932743789
6000.0,6357.229808449746,7132.060958385468,6417.9900765419015,7249.09885787964,6789.094925314189
6000.0,6392.847055792809,7143.3464901447305,6431.657034873963,7233.846486091615,6800.4242667257795
6999.999999999999,6369.534947872163,7125.145646095277,6433.9719203710565,7205.868650197984,6783.63029113412
8000.0,6382.0409504175195,7153.919495105744,6479.598020076753,7244.016111612321,6814.893644303084
6999.999999999999,6277.383823990823,6972.0813336372385,6454.226858496667,7151.738931655885,6713.857736945153
8000.0,6267.631216764451,7004.471545457841,6465.5202429294595,7175.906980991364,6728.382496535779
6000.0,6204.382891058923,6996.025375127793,6432.0843856334695,7250.391655921937,6720.721076935531
4500.0,6179.414695620538,6994.0010385513315,6368.78067791462,7261.897889137269,6701.02357530594
6000.0,6135.132642984391,7100.433695793153,6366.085557699204,7306.5820813179025,6727.058494448663
6999.999999999999,6150.964459419251,7106.457109689713,6333.819335460664,7305.970399379731,6724.30282598734
5000.0,6301.025330901147,7134.763104677201,6395.0520038604745,7349.102241992951,6794.9856703579435
4500.0,6370.2007719278345,7117.7814915180215,6424.996314525605,7278.1049807071695,6797.770889669658
5500.0,6440.291669368745,7136.663451671601,6446.831293225289,7231.857693195344,6813.911026865245
6500.0,6442.593329310418,7135.315271615983,6436.746807217599,7199.901444911958,6803.639213263989
6999.999999999999,6438.3305674791345,7078.777675390244,6440.040383815766,7132.8065490722665,6772.488793939353
8000.0,6401.024995326997,7003.168001651765,6487.787945270539,7066.168761491776,6739.537425935269
8000.0,6356.643751025201,7067.190435647965,6538.198802947999,7189.5598871707925,6787.898219197989
5000.0,6270.318484306336,7086.653493642808,6532.999506473542,7268.06926393509,6789.510187089444
6000.0,6263.970631003381,7106.2752583026895,6463.054090142251,7282.827330589295,6779.031827509404
6999.999999999999,6301.137334823609,7072.630271911622,6444.431681513787,7243.048166275025,6765.311863631011
8000.0,6314.960933327676,7109.513039588929,6487.149812221528,7285.227768898011,6799.212888509036
6999.999999999999,6319.192284464837,7194.712067604066,6508.756236791612,7415.2308456897745,6859.472858637572
6000.0,6401.100215673448,7229.184477806092,6542.345841169358,7432.472836971284,6901.2758429050455
5500.0,6423.780390024186,7265.469615697862,6521.643713951112,7456.20526957512,6916.77474731207
6000.0,6436.537678122521,7228.921619892121,6444.487476825715,7423.319926023484,6883.3166752159605
4500.0,6452.829495906831,7138.41997075081,6432.786166667939,7336.954569339753,6840.247550666333
6000.0,6424.662782549859,7145.008777141572,6402.726958990098,7311.860731124879,6821.064812451602
6999.999999999999,6420.48929321766,7036.131045341493,6397.133788943292,7181.769208431245,6758.880833983422
8000.0,6403.198945999146,7063.21202325821,6407.81053185463,7237.498392581941,6777.929973423482
8000.0,6422.552066564561,7154.188965797425,6456.399569272996,7390.524681568147,6855.916320800782
6999.999999999999,6464.542791724206,7172.874195814134,6508.058175444604,7433.886318206788,6894.840370297433
6999.999999999999,6426.63958978653,7135.278074741364,6471.83172595501,7407.450912714005,6860.300075799228
6000.0,6462.172110915185,7245.368424654008,6463.061942815782,7553.81565475464,6931.1045332849035
6000.0,6518.6415128707895,7360.677082777024,6451.547443628312,7665.069026947022,6998.983766555787
5000.0,6599.949747800828,7419.283651828767,6520.452174067498,7671.482594728471,7052.792042106391
6500.0,6581.348830699922,7421.101339101792,6504.185567498208,7640.724085807801,7036.839955776931
6000.0,6582.830092906953,7417.188227891923,6512.531719565392,7632.153925895692,7036.17599156499
8000.0,6555.479644298554,7330.249212741853,6468.600144147874,7541.677901268006,6974.001725614072
8000.0,6524.171861529351,7250.72560119629,6488.17107307911,7513.1512048244485,6944.0549351573
5500.0,6486.714608788491,7314.871198177339,6545.439381241799,7612.628873109818,6989.913515329362
6999.999999999999,6474.466091275216,7347.468885898591,6504.8067553043375,7629.060799121858,6988.9506329000005
6999.999999999999,6468.959300637246,7327.5710377693185,6552.174082040788,7603.750392436982,6988.113703221084
5000.0,6407.006252765656,7221.508696079255,6520.412497401238,7508.47018480301,6914.34940776229
6000.0,6439.773392915727,7246.538059711457,6467.4338154792795,7539.908156633378,6923.41335618496
6999.999999999999,6488.614955782891,7279.575497150422,6447.234672665597,7559.004205465318,6943.607332766057
6999.999999999999,6556.256232380868,7312.713779449464,6530.551952123643,7546.819335937501,6986.585324972869
6999.999999999999,6517.486756563188,7342.627506017686,6572.249648571015,7551.4615058898935,6995.956354260446
6400.0,6488.483526825906,7437.668000459672,6600.851978659631,7650.128282308579,7044.282947063447
5000.0,6427.231846690179,7478.618453025819,6569.112298846246,7713.625000476838,7047.14689975977
6000.0,6395.492580175401,7435.0815777778635,6497.365313887597,7642.4095175266275,6992.587247341872
6999.999999999999,6323.599287509919,7299.208007574082,6447.481825232507,7493.917940855027,6891.051765292884
6000.0,6271.762549638749,7202.268819332124,6450.996929883958,7412.292292594911,6834.330147862435
6000.0,6246.610849618913,7164.213936805726,6415.889693021775,7379.745027303697,6801.614876687528
6999.999999999999,6300.625671148301,7124.907586097718,6414.937039732934,7321.380651235581,6790.462737053634
6000.0,6327.808733820916,7122.050866127015,6466.90644645691,7313.968554019929,6807.6836501061925
5000.0,6281.648239016534,7147.177768230439,6456.59588611126,7330.871640443803,6804.073383450509
6999.999999999999,6270.155231356622,7214.005673170091,6458.222629427911,7328.648093938828,6817.757906973363
5000.0,6256.682110071183,7174.758010864259,6473.95814728737,7283.181940793992,6797.145052254201
6999.999999999999,6276.954406738282,7176.925348758698,6436.176868438722,7244.645978689195,6783.675650656224
4400.0,6143.678004980088,7022.703800201417,6392.536668539048,7098.061361789704,6664.244958877564
6000.0,6057.51847100258,6917.357291698457,6318.2925333976755,6957.358810663224,6562.631776690484
6999.999999999999,6068.497748494149,6932.979152441026,6357.555074453355,6920.80337548256,6569.958837717772
8000.0,6106.866324663163,6892.885054588319,6365.970247387887,6923.579502224923,6572.325282216073
5500.0,6125.4209523201,6862.065377473832,6400.896459460259,6955.723801374436,6586.026647657157
6999.999999999999,6132.873966097833,6912.106332898141,6359.991883039475,6999.27803516388,6601.062554299832
6999.999999999999,6124.449287295342,6923.998587012292,6346.722931265832,7016.454725265504,6602.9063827097425
6500.0,6132.58093738556,6907.259993433953,6368.976581454278,7022.6922278404245,6607.877435028554
6500.0,6124.473258614541,6914.970905542375,6333.086143732072,7055.880105972291,6607.10260346532
6000.0,6222.806089758874,6891.405858874322,6347.42099261284,7055.810671806336,6629.360903263093
6999.999999999999,6239.90177333355,6897.533010721208,6317.468415975572,7085.938487052918,6635.210421770812
6999.999999999999,6298.10826933384,6986.731942653657,6351.217966914178,7187.23962879181,6705.824451923371
5500.0,6358.543271422387,7007.613441467286,6387.579565048219,7219.248779296876,6743.246264308692
6000.0,6368.648009061814,6981.694659233094,6356.637551546098,7193.9284534454355,6725.22716832161
5000.0,6417.691261649133,6998.0645904541025,6377.446309804917,7182.5809268951425,6743.945772200824
5500.0,6400.681130886079,7025.246413230897,6375.646807670594,7144.362378120423,6736.484182476998
6999.999999999999,6335.914759397508,7009.601407766343,6343.275607585908,7124.700110197068,6703.372971236707
6999.999999999999,6287.29431128502,7015.994310617448,6363.816548347474,7143.859807014466,6702.741244316102
6000.0,6271.829917311669,7091.7659974098215,6399.112662672997,7206.359648942948,6742.267056584359
6000.0,6230.640164852143,7070.244712352754,6340.382930636407,7191.189936876298,6708.1144361794
6999.999999999999,6311.807051658631,7137.8463122844705,6355.7365605831155,7258.62704396248,6766.004242122174
6000.0,6286.341244697572,7116.746591806413,6379.771114468575,7243.320943355561,6756.54497358203
6999.999999999999,6278.759281754495,7216.1432535648355,6406.676027178765,7348.857569217683,6812.6090329289445
6000.0,6318.125974059106,7258.566702365876,6443.779496312142,7394.3551330566415,6853.7068264484415
6999.999999999999,6326.3254051208505,7186.0476756095895,6421.353087306024,7314.56701040268,6812.073294609786
5500.0,6310.1654295921335,7080.362262248994,6411.97740840912,7211.515135765077,6753.505059003831
6500.0,6335.166275620461,7123.412271738053,6387.130309462548,7249.650198221208,6773.839763760568
8000.0,6360.625469803811,7076.934363603593,6379.8810518980035,7216.190369606019,6758.407813727857
6999.999999999999,6295.428027868272,7056.116512775422,6407.458401441575,7269.78858613968,6757.197882056237
6400.0,6273.167351603509,7030.479600191117,6411.746787786485,7255.781069755555,6742.7937023341665
4500.0,6268.13089478016,7033.3586382865915,6406.650815963746,7268.351960182191,6744.123077303172
8000.0,6271.485226273538,7061.286878347398,6407.641079425813,7241.904155731202,6745.5793349444875
6000.0,6279.675564765931,7019.448660373689,6417.839635849,7262.07478094101,6744.7596604824075
6000.0,6330.616271257401,6988.833979368211,6451.121746063233,7232.603283882142,6750.793820142747
8000.0,6336.054041028024,7045.195510387422,6421.149744391442,7286.06841826439,6772.116928517819
8000.0,6342.530430197717,7088.317433834077,6471.018767595292,7393.563252925874,6823.85747113824
6999.999999999999,6321.424510240556,7184.508551597596,6509.760965704919,7524.875659704209,6885.14242181182
6999.999999999999,6353.9498707056055,7239.94594693184,6535.674788355828,7582.6531517505655,6928.05593943596
8000.0,6317.872622013093,7242.651399612428,6533.51117014885,7590.503345489503,6921.1346343159685
6999.999999999999,6286.916556358338,7271.152471542359,6488.628594636918,7674.74021434784,6930.359459221364
5000.0,6398.213324904443,7328.031452417375,6451.418907761575,7763.687860727311,6985.337886452676
6999.999999999999,6371.696499586106,7379.059778213502,6403.963548421861,7785.676173210145,6985.098999857903
6000.0,6350.610004663468,7385.098897457124,6450.729938983918,7770.609785795213,6989.262156724931
6000.0,6348.456305623055,7432.489368915559,6457.384046554566,7800.49375486374,7009.70586898923
5000.0,6359.41905117035,7436.742211580277,6425.853082537652,7800.9392907619485,7005.738409012557
8000.0,6423.963068008424,7464.211690187455,6423.9250445365915,7805.702970504762,7029.450693309308
6000.0,6378.714723229409,7464.918430805207,6435.965259552003,7802.353598594666,7020.488003045321
4500.0,6430.224541902543,7506.004445314408,6476.719808578492,7803.602586984635,7054.13784569502
6999.999999999999,6407.43525671959,7504.958799839021,6440.035837531091,7771.640552520753,7031.017611652614
6000.0,6404.521501541139,7414.476162433625,6419.35148215294,7650.797826051713,6972.286743044854
5000.0,6456.027187228204,7404.80332183838,6459.422848582269,7607.153493165971,6981.851712703706
6000.0,6460.76400256157,7402.525219917298,6471.732534289361,7559.914288997651,6973.73401144147
8000.0,6538.973737835885,7491.447241783143,6506.159481644631,7646.725181579591,7045.8264107108125
6000.0,6472.116488695146,7348.6476135253915,6492.393744945527,7503.646163463593,6954.201002657414
6999.999999999999,6485.826430082322,7356.520951986314,6549.773230433465,7490.790923595429,6970.727884024383
6999.999999999999,6435.157674074174,7356.126665115357,6535.5896488428125,7488.559937715531,6953.858481436969
6000.0,6344.920949339868,7252.551554441453,6501.086654543878,7405.7836661338815,6876.08570611477
6500.0,6373.251328945161,7153.647544622422,6498.102225303651,7320.444943189622,6836.361510515214
5000.0,6366.904302239419,7137.428880691529,6483.777295589448,7327.637165546418,6828.936911016704
6999.999999999999,6412.281182885171,7137.311503887177,6483.176359415055,7308.635348796845,6835.351098746062
6999.999999999999,6358.103935003282,7007.710153341294,6465.081319808961,7192.2777388095865,6755.793286740781
6999.999999999999,6333.659388899804,6965.441278219224,6493.8774869441995,7145.929606437684,6734.726940125228
6400.0,6321.615454196931,7027.256697654725,6507.913934230805,7210.207458972932,6766.748386263848
6000.0,6237.205413222314,7027.059967517854,6403.027840375901,7239.71863269806,6726.752963453532
6999.999999999999,6219.69436454773,7052.656376838685,6417.9512264728555,7261.823495388032,6738.031365811826
6500.0,6163.491540193559,7067.49379682541,6418.331047892571,7257.972378969193,6726.822190970183
6999.999999999999,6196.799688220025,7135.233438491822,6415.3379393816,7342.494423866273,6772.46637248993
6000.0,6178.89765906334,7043.545622348786,6373.767125606538,7266.561550617219,6715.692989408971
6999.999999999999,6186.202711939813,7084.516739845277,6362.079867601396,7293.497047424317,6731.574091702701
6000.0,6180.143341064454,7168.505629539491,6369.802765369416,7369.064564704896,6771.879075169564
6999.999999999999,6166.409428358079,7132.937151432038,6290.683359861375,7324.119167804719,6728.537276864053
6500.0,6184.494962096215,7163.4600801467905,6275.89884209633,7369.304277896882,6748.289540559054
8000.0,6194.613751888276,7243.869803905488,6311.964931726457,7452.7170293331155,6800.791379213334
6000.0,6219.865056872369,7252.145695209504,6387.585764527322,7477.633149147035,6834.307416439057
6999.999999999999,6194.946043968202,7149.523651123048,6355.8208734989175,7360.4167046546945,6765.176818311215
6000.0,6186.766864538194,7198.039947986604,6334.792240381242,7446.625007867814,6791.556015193463
8000.0,6235.574950218202,7172.441885471345,6322.854936718942,7421.469174861909,6788.085236817599
8000.0,6167.379853487016,7132.0477328300485,6311.413591384889,7411.001147747041,6755.460581362248
7600.000000000001,6218.779734730721,7164.799167633058,6317.322108268739,7499.9099440574655,6800.202738672496
4400.0,6323.416609525681,7170.216685771943,6333.919767022134,7537.916883945466,6841.367486566306
8000.0,6449.059386014939,7286.1800088882455,6361.92736041546,7611.499741315843,6927.166624158622
5500.0,6394.136960744859,7312.608801603318,6389.575797319413,7677.7490282058725,6943.517646968366
5000.0,6415.133356571198,7331.818094253541,6382.008299827577,7693.256818532945,6955.554142296315
5500.0,6499.333855152131,7347.366387844087,6394.179530501367,7686.837464571,6981.929309517146
6000.0,6535.0610399246225,7363.509831428529,6401.1944477558145,7685.060280561448,6996.206399917603
6000.0,6578.304059863091,7401.024119377137,6421.53328549862,7725.747875213624,7031.652334988118
8000.0,6593.2348853349695,7410.906915664674,6455.057588696481,7713.4712533950815,7043.167660772801
6000.0,6557.885042190553,7405.944025993348,6492.7814190387735,7721.910810947419,7044.630324542523
6999.999999999999,6528.462314367295,7400.031376123429,6497.7368693351755,7708.60424900055,7033.7087022066125
6000.0,6542.130512595178,7453.703986406327,6526.957494139672,7769.299629211427,7073.022905588151
6999.999999999999,6501.39290881157,7446.956473350526,6533.202436089517,7753.304973125459,7058.714197844268
6000.0,6580.249869704247,7470.77239227295,6604.418745636941,7744.204137802125,7099.911286354066
6999.999999999999,6577.644021987916,7437.455564975739,6582.716435790063,7690.729084253312,7072.136276751758
4500.0,6588.929553747178,7410.499403238297,6615.575741529466,7655.3589894771585,7067.590921998025
5000.0,6484.516273498536,7336.362725734712,6498.159673810006,7540.305749893189,6964.836105734111
6000.0,6499.838079452516,7376.424586296082,6524.440505623818,7513.9166338443765,6978.654951304198
4500.0,6452.524894833566,7335.956866502763,6516.138989806176,7429.25406742096,6933.468704640866
6000.0,6428.198552131654,7358.966853141786,6484.411708950997,7409.840605258943,6920.354429870845
6999.999999999999,6371.505555629731,7243.172155857087,6480.430816769601,7262.755897045136,6839.466106325389
5500.0,6336.90295636654,7083.912497282029,6531.526510238648,7090.609587907792,6760.737887948752
4500.0,6277.161469340325,6981.195394515992,6480.653171420098,6992.3081674575815,6682.829550683499
6000.0,6366.453393459321,7120.680367946626,6527.645636320115,7063.681530475617,6769.61523205042
5500.0,6324.944161176682,7058.311128377915,6573.822663068772,6910.696571350099,6716.943630993367
6600.0,6324.612282395364,7113.687355518342,6562.084569334985,6880.559663534165,6720.235967695714
6999.999999999999,6344.9308685064325,7192.450497627259,6595.163336634637,6913.121807575227,6761.416627585889
6999.999999999999,6358.7528138160715,7220.776330947877,6643.959023356439,6890.481309890748,6778.492369502784
6000.0,6337.218303203584,7214.484272956849,6623.257309436799,6805.605481386186,6745.141341745854
6000.0,6297.9326174259195,7214.315647125245,6528.31104707718,6774.915580034257,6703.86872291565
6000.0,6267.234450101853,7040.31528043747,6452.210374593736,6643.176649093629,6600.734188556672
6999.999999999999,6290.670547604562,7009.197201728822,6463.277684688569,6556.6046431064615,6579.9375192821035
6999.999999999999,6268.39127290249,6956.290020465852,6436.215718507768,6560.267295360566,6555.291076809169
8000.0,6284.463215827943,6947.251179933549,6483.385488510133,6569.223476171494,6571.08084011078
4600.0,6268.574364185334,6907.732393741609,6442.406105041505,6615.787350416184,6558.625053346158
6000.0,6250.591328501702,6910.09646177292,6389.806004643441,6575.614312529565,6531.527026861907
6000.0,6222.5576972961435,6876.406012535096,6370.003215193749,6552.209212422372,6505.29403436184
8000.0,6252.5396181344995,6938.051152944566,6388.593386530877,6586.00339961052,6541.296889305116
6000.0,6299.221695780755,6998.97550058365,6418.366178274156,6702.665610671044,6604.807246327401
8000.0,6320.441272854806,7004.3591282367715,6403.755659222604,6719.379819631577,6611.98396998644
6999.999999999999,6394.441561818124,7073.279150724412,6488.744318246842,6826.38448214531,6695.712378233672
7600.000000000001,6386.696759223939,7087.522247314454,6451.2639207839975,6881.578031301499,6701.765239655972
6999.999999999999,6385.214670419694,7074.123933076859,6403.130338430406,6915.797916054727,6694.566714495421
6999.999999999999,6357.205010533334,7106.710875034333,6433.0833283662805,6929.683096051217,6706.670577496291
5000.0,6378.3146501779565,7229.591163635255,6470.0702472925195,6986.145058631898,6766.030279934407
6000.0,6362.669231414796,7284.921101331712,6439.962270379067,6979.673629045487,6766.806558042766
6000.0,6417.372608423234,7346.468703269959,6493.563380002976,6983.161042690278,6810.141433596612
6000.0,6368.922026038171,7329.920227050782,6451.258547902108,6938.977768421174,6772.269642353059
5000.0,6320.3387748003015,7291.663654804231,6476.372637748719,6882.574080944062,6742.737287074328
6999.999999999999,6305.879936337472,7285.661732435227,6458.491273522378,6818.734738230706,6717.191920131446
6999.999999999999,6342.233681797982,7268.406515598298,6495.78568661213,6768.072595000268,6718.62461975217
6000.0,6361.8141165971765,7272.408899307252,6522.132646203042,6739.0780445337305,6723.8584266603
6000.0,6361.212767124177,7311.7127702236185,6503.749537467957,6728.984879255296,6726.414988517762
5000.0,6360.7147423028955,7259.735510826112,6437.514302730561,6677.386201381684,6683.837689310313
8000.0,6363.295792102815,7213.194781303407,6450.089739441873,6581.189297437669,6651.942402571441
5500.0,6350.657120704652,7088.800166606904,6496.320495009423,6563.990289211274,6624.942017883063
6500.0,6342.143169403077,7191.833856105805,6440.828130960465,6589.777229189874,6641.145596414805
6500.0,6322.9657007455835,7207.69543004036,6414.375780224801,6568.501856803895,6628.38469195366
6999.999999999999,6379.506603360177,7244.228547096253,6470.7774012088785,6582.6366691589365,6669.287305206061
8000.0,6315.713550090791,7068.23773431778,6423.870075821877,6515.340496897698,6580.790464282037
6000.0,6331.336237430573,7109.628763198853,6444.599894046784,6607.569734215737,6623.283657222987
6999.999999999999,6224.585753560067,6989.183629989625,6366.013643741609,6566.194823980332,6536.494462817908
6400.0,6173.034605026246,6927.82862520218,6373.857224702836,6548.425463676454,6505.786479651929
6999.999999999999,6154.044360637666,6866.2735838890085,6405.664685487748,6552.489842176438,6494.618118047715
5500.0,6101.372759580613,6872.4416522979745,6387.449789285661,6585.161510348321,6486.606427878142
6000.0,6087.839296698571,6871.782027721406,6319.679150223733,6590.825767755509,6467.531560599805
5000.0,6204.6527750492105,6960.310589313508,6356.626392483712,6619.927775859834,6535.379383176566
6000.0,6201.217850327493,6986.890649318696,6355.4741159677515,6593.198101758958,6534.1951793432245
8000.0,6313.023802757264,7006.401649951936,6392.342004895211,6578.888877391816,6572.664083749057
6000.0,6365.1577023267755,7036.3162031173715,6467.667742490769,6646.079245209695,6628.805223286153
7600.000000000001,6401.718097090722,7119.668612957002,6434.572443246842,6690.155061841012,6661.5285537838945
4500.0,6391.064498901368,7086.136870384217,6428.209711194039,6715.860168695451,6655.317812293769
4500.0,6406.635523915292,7075.4241704940805,6418.703429937364,6677.275850653649,6644.509743750096
6999.999999999999,6412.868893504144,7112.546651363374,6443.4513372182855,6612.849623918534,6645.429126501084
6999.999999999999,6492.829774975778,7139.213504076005,6488.107011795045,6636.050554513932,6689.05021134019
5000.0,6578.157338857652,7234.658204555512,6527.466678023339,6669.872019410134,6752.538560211659
6000.0,6485.294928073884,7134.848244190217,6486.11739230156,6587.366458415986,6673.406755745412
8000.0,6495.8005653619775,7184.495326042176,6459.572875976563,6598.4949367046365,6684.590926021338
6500.0,6528.664830684663,7178.272702217103,6486.553422331811,6670.527097702027,6716.004513233901
6999.999999999999,6536.277791023255,7160.805876493455,6488.834417343141,6690.875441312791,6719.19838154316
6999.999999999999,6546.526769876481,7159.9412558078775,6505.3775206804285,6703.752999305726,6728.899636417628
8000.0,6480.369235277177,7037.89831018448,6478.900372028352,6653.3285027742395,6662.624105066062
6999.999999999999,6464.166689991952,7094.697937726975,6476.332134485246,6774.551877260209,6702.4371598660955
6500.0,6378.154703617097,7091.612250328065,6425.564186811448,6801.951095104218,6674.320558965207
5500.0,6368.9100403785715,7102.028201818467,6443.819586277009,6804.394103169442,6679.787982910872
6000.0,6279.867748618127,7094.3987095356,6386.476884365083,6810.846934318543,6642.897569209338
6999.999999999999,6339.246359467507,7143.105950355531,6360.869729280473,6814.7608721256265,6664.495727807284
6000.0,6377.304961681367,7180.051539421082,6450.3786351680765,6849.214270591737,6714.237351715566
6600.0,6401.851592540742,7271.096262931825,6471.005955338479,6867.563075542451,6752.879221588374
6500.0,6462.629219174386,7306.463051319123,6487.756534576417,6905.7353348732,6790.646034985782
5500.0,6407.530728697778,7197.909345626832,6457.964317798615,6857.409568667413,6730.203490197659
6000.0,6465.344177722932,7211.655657291413,6448.363391160966,6832.577761769296,6739.485246986152
6500.0,6476.923151493073,7131.465808391572,6424.659062862397,6817.49194931984,6712.634993016721
6999.999999999999,6513.7509504556665,7236.351075649262,6474.412362456323,6867.96356189251,6773.1194876134405
6000.0,6570.755160808564,7355.776187896729,6558.543013572694,6919.436596989633,6851.127739816905
6000.0,6521.966086864472,7292.441482782365,6520.52987420559,6850.675694465638,6796.403284579516
8000.0,6418.6972304582605,7264.823216676713,6505.954072237016,6786.593745470048,6744.017066210509
6000.0,6406.964096307755,7360.853147983552,6567.319409489633,6851.503531575204,6796.660046339036
5000.0,6401.621798515321,7389.13930463791,6549.0189604759225,6831.982611775399,6792.940668851138
5000.0,6332.660446166993,7242.443097114564,6505.557305574418,6693.010128617288,6693.417744368316
6000.0,6320.988893508912,7217.218656539918,6464.455585718156,6617.249187588693,6654.97808083892
6000.0,6300.388024449349,7177.581666946412,6483.757457256318,6571.611515522004,6633.334666043521
8000.0,6238.323385953904,7151.176018953324,6459.699758648873,6506.686850667001,6588.971503555776
6999.999999999999,6179.897428393365,7010.665238380433,6473.358037710191,6501.649980545045,6541.392671257258
6999.999999999999,6120.971792817117,6971.324170589448,6429.042094588281,6492.66156244278,6503.499905109406
6400.0,6084.978857040406,6971.320864200593,6418.857590317727,6481.517378807069,6489.168672591449
6999.999999999999,6125.545768499375,7035.028364658357,6444.890442967416,6511.719174504281,6529.295937657357
6000.0,6156.281959295274,7055.033670425416,6451.466850399972,6516.785802125932,6544.892070561648
6000.0,6134.541625976563,7019.594141483308,6379.223493814469,6536.237701058389,6517.399240583182
8000.0,6137.219800949098,7012.883825302125,6395.838097810746,6489.085289597512,6508.75675341487
5500.0,6124.59766149521,6926.672628998757,6561.681603193284,6506.924497365952,6529.969097763301
5000.0,6198.009826540948,6882.090521574021,6632.423445940019,6516.824238896371,6557.33700823784
6000.0,6359.755476236344,6914.911803841592,6719.772866606713,6543.329078555108,6634.442306309939
7600.000000000001,6439.454739689828,6878.308839321137,6762.907602310182,6532.344428181649,6653.253902375699
6999.999999999999,6494.3445143699655,6837.875010013581,6689.156945705415,6602.409701108933,6655.946542799474
5000.0,6497.751334786416,6796.652606964112,6648.248236298562,6660.264893293382,6650.729267835618
6999.999999999999,6528.750796794892,6837.233157277108,6659.515996217729,6707.012272119523,6683.128055602313
6000.0,6581.055388689042,6890.775991797448,6749.136492729188,6753.221949458123,6743.54745566845
8000.0,6525.625019431115,6804.085369110108,6800.287568211556,6717.653058052064,6711.912753701211
6999.999999999999,6558.380173921586,6847.815254807473,6736.361846089364,6817.906074523927,6740.1158373355875
6999.999999999999,6668.875143170358,6946.788285493852,6687.1404618024835,6916.4397687912,6804.810914814473
5500.0,6814.476522684098,7054.423641681672,6735.502184987069,6976.399477481843,6895.200456708671
6500.0,6835.152612090112,7111.328247070313,6668.583354353906,7021.425880908967,6909.122523605824
6999.999999999999,6841.888552784921,7181.109583854676,6658.321563243867,7074.556243419648,6938.968985825778
6999.999999999999,6776.072402834893,7111.377016305924,6649.316613197328,7035.636740207673,6893.1006931364545
6999.999999999999,6754.498215556146,7107.978875160218,6709.020490050317,7031.974914550782,6900.868123829366
6500.0,6777.339989662171,7144.195405483247,6653.6818730831155,7105.669362545014,6920.221657693387
6500.0,6808.636613368989,7181.556772947312,6684.645378112794,7133.6529846191415,6952.122937262059
4600.0,6811.661132574082,7196.016438007356,6699.012050986291,7173.073405742646,6969.940756827594
6999.999999999999,6869.5783195495615,7238.733328819276,6828.399312853814,7151.65627193451,7022.09180828929
6500.0,6910.379571318627,7273.0685238838205,6773.354137897492,7192.2785654068,7037.270199626685
6999.999999999999,6811.024239420892,7163.068273067475,6729.831314802171,7154.6551666259775,6964.644748479129
6000.0,6919.246892929078,7206.3026137352,6711.966895818711,7196.342117309571,7008.46462994814
4500.0,6978.278332948686,7302.133335113526,6676.164490699769,7246.670315265656,7050.811618506909
6999.999999999999,7037.754482269288,7344.600593566895,6731.95112335682,7230.121839046479,7086.107009559871
8000.0,7021.0448195934305,7228.222318649293,6650.036992669106,7137.8661506176,7009.292570382358
6000.0,6984.203381776811,7199.8080394268045,6531.615782737733,7193.511848449708,6977.284763097764
6000.0,6999.740103006364,7295.966093301774,6519.266420364381,7224.184391260148,7009.789251983167
9000.0,6976.951644420625,7294.9072222709665,6464.432440996171,7235.005375385285,6992.824170768262
6000.0,6967.231687784196,7359.953810214997,6413.621510267259,7325.517770290376,7016.581194639207
5500.0,6976.987188100816,7257.630994319917,6459.691492676736,7286.388311386109,6995.174496620894
6000.0,7041.387377023698,7242.44227051735,6551.283423542977,7270.077068567277,7026.2975349128255
6999.999999999999,7087.617305994035,7249.004625797273,6553.146986961366,7260.600131511689,7037.5922625660905
6500.0,7108.054095506669,7298.216917514802,6565.33350968361,7263.222097873689,7058.706655144692
6999.999999999999,7095.86426639557,7302.6127614974985,6554.53401708603,7291.52230668068,7061.133337914945
6500.0,7116.767256736756,7291.869477510453,6610.807928800584,7277.953713417054,7074.349594116212
5000.0,7113.827050447465,7298.688077926637,6623.918173909188,7297.071253776551,7083.37613901496
6999.999999999999,7110.00982451439,7257.940141677857,6784.39706337452,7214.835576772691,7091.795651584865
8000.0,7124.948089361192,7275.232555389405,6867.221277594567,7226.431909084321,7123.458457857371
6000.0,7072.537693023683,7269.920841693879,6743.120931506158,7289.51367545128,7093.77328541875
8000.0,7142.557916402818,7390.569317817689,6689.5272612571725,7334.627698183061,7139.320548415185
7600.000000000001,7106.471161842347,7350.5611860752115,6581.58027791977,7361.831839084626,7100.111116230489
5500.0,7070.910949707032,7336.316436290742,6517.494195938111,7380.151713132859,7076.218323767186
6999.999999999999,7056.6083381176,7314.180989503861,6510.688407778741,7380.642711877824,7065.530111819507
5000.0,7088.8795199394235,7347.613540410996,6519.571434736253,7433.785473346711,7097.462492108346
6999.999999999999,7158.851800680161,7488.498769521714,6816.420679330827,7457.095514774323,7230.216691076756
6000.0,7185.72778248787,7485.589973926545,6879.830191493035,7466.761742591859,7254.477422624827
6000.0,7132.732981920243,7377.742182254792,6843.721945405007,7389.8700165748605,7186.016781538726
6999.999999999999,7126.1714532375345,7419.491954326631,6750.751663684846,7368.165226936341,7166.145074546338
8000.0,7171.52932214737,7452.714549541474,6779.3986300230035,7338.941709041596,7185.646052688361
8000.0,6978.712296485902,7258.424527645112,6710.285597085954,7275.3127353191385,7055.6837891340265
8000.0,6984.010784626008,7308.805627822877,6660.713735580445,7375.192956447602,7082.180776119233
6500.0,7016.434886932374,7389.140957832337,6573.947892546655,7503.778419017793,7120.82553908229
6999.999999999999,7027.72785806656,7459.853043079377,6613.848153352738,7576.803323268891,7169.558094441892
6500.0,7030.2258348464975,7458.801611423493,6682.208569526673,7579.850160598756,7187.771544098855
6000.0,7060.21478176117,7478.452306985856,6676.838580727578,7624.829447984696,7210.083779364825
6500.0,7095.722091674806,7492.393695592881,6736.915666222573,7621.214738368989,7236.561547964812
6000.0,7093.651465654374,7523.4481263160715,6720.17376625538,7649.525692939759,7246.699762791396
6000.0,7182.784269809724,7668.501058578492,6801.23195552826,7721.070988178254,7343.397068023683
5000.0,7177.304756879807,7668.907744407655,6853.296420931817,7708.438929557801,7351.98696294427
6000.0,7101.394201755525,7535.022140502931,6860.714304327966,7590.12972354889,7271.815092533828
6000.0,7115.162004947663,7575.971766471864,6860.372093081475,7548.465090990067,7274.992738872767
6500.0,7016.402649641038,7456.845882415772,6760.563785910607,7418.810011625291,7163.155582398177
6999.999999999999,6917.524264335633,7349.602333307267,6627.122064709664,7324.677947521211,7054.731652468444
5000.0,6896.716745972634,7375.38224720955,6578.445407986642,7296.968755722047,7036.878289222718
6000.0,6906.28378212452,7300.86946797371,6609.81601214409,7181.500564336778,6999.617456644774
8000.0,6946.39730501175,7403.353470325471,6665.092221021653,7184.685443401338,7049.882109940053
6999.999999999999,6908.963610291482,7341.385130405427,6570.86137855053,7168.265916347505,6997.369008898736
6999.999999999999,6869.13443684578,7385.333651065827,6459.561303615571,7212.097886800767,6981.531819581986
6500.0,6860.26711523533,7425.759214401246,6467.460679888726,7203.455812931062,6989.235705614091
8000.0,6895.11562716961,7450.571182966233,6587.163115501405,7173.626399278642,7026.619081228972
5000.0,6892.483328342439,7351.610964536668,6570.83368754387,7171.598756313325,6996.631684184075
6999.999999999999,6885.613478899003,7262.951800584794,6669.099977612496,7145.324537277223,6990.747448593379
6999.999999999999,6845.078391432763,7137.443759441377,6671.1391929388055,7106.399247884751,6940.015147924424
6999.999999999999,6833.285742282868,7145.264195680619,6715.250139951707,7127.779184818269,6955.394815683366
6999.999999999999,6812.71339082718,7140.146732330323,6743.393295288087,7187.064390182496,6970.8294521570215
6500.0,6812.159157395364,7138.904356718064,6789.109907388688,7221.3309776783,6990.376099795104
4600.0,6808.811025381089,7191.189110279084,6823.576531410218,7309.19247531891,7033.192285597325
5500.0,6801.858102917672,7211.978856801988,6985.642487525941,7297.315099954606,7074.198636800052
9000.0,6818.364835977555,7239.230113744737,6980.101806402207,7292.439002990724,7082.533939778806
6999.999999999999,6865.008476853372,7255.895140171052,6747.639938473702,7355.4290170669565,7055.993143141271
5500.0,6974.655357360841,7340.446942567826,6668.36471939087,7389.983260393144,7093.36256992817
6999.999999999999,7051.391683101655,7386.0660161972055,6693.71686923504,7395.312332630158,7131.621725291015
6500.0,7118.740344285966,7410.9953615665445,6647.825845122338,7416.034298181535,7148.398962289096
6999.999999999999,7169.078461408616,7426.867681264878,6661.210107207299,7405.675381898881,7165.707907944919
6000.0,7193.492836713792,7384.627737045289,6802.192874789239,7342.9821162223825,7180.823891192676
6000.0,7288.970601081849,7492.76649093628,6890.754500269891,7369.448105812074,7260.484924525023
4000.0,7334.5987672805795,7536.103329658509,6888.676848173142,7341.870342969895,7275.312322020532
6999.999999999999,7286.9132006168375,7377.533879756928,6923.217039346696,7163.096377372743,7187.690124273301
6000.0,7240.821313381196,7327.31313943863,6773.886053204537,7091.982565879823,7108.5007679760465
6000.0,7161.9779913425455,7302.267243862153,6677.60483634472,7063.855115890504,7051.4262968599805
6999.999999999999,7120.38113975525,7315.441550254823,6692.042596578599,7050.145174503327,7044.502615273
6000.0,6994.919388055802,7192.4918274879465,6668.75859296322,6997.568632125855,6963.434610158206
6999.999999999999,6963.230130672456,7275.121791362763,6619.93356204033,7045.02523136139,6975.827678859235
6000.0,6907.124018192292,7238.0208020210275,6619.76700270176,7006.863717794419,6942.943885177375
7600.000000000001,6933.114301085473,7230.335101127625,6704.681681275369,6951.137013435365,6954.817024230958
6999.999999999999,6925.670379877091,7178.625659227372,6639.921509265901,6947.150335073472,6922.841970860959
6000.0,6933.543305039407,7145.956057548524,6643.518033742906,6945.985659599305,6917.250763982535
8000.0,6933.382118582726,7142.546344041825,6679.2923345565805,6956.070972204209,6927.822942346335
6999.999999999999,6919.677963376046,7282.584311008454,6628.760793685914,7074.437213420869,6976.365070372821
6500.0,6952.182658910752,7368.10984492302,6619.800479888917,7154.724600791932,7023.704396128655
6999.999999999999,6804.445765495301,7165.319923877717,6633.012809753419,7138.337311029435,6935.278952538968
6500.0,6802.268921732903,7152.942457199098,6658.2513024806985,7171.704560756684,6946.291810542346
6999.999999999999,6903.466738820077,7214.825657606126,6637.428905367852,7239.827743530274,6998.887261331082
5000.0,6878.148479461671,7152.714316368104,6659.663543820382,7233.492702484132,6981.004760533572
9000.0,6875.51742053032,7167.664153575898,6787.928699970246,7244.592249870301,7018.925630986691
6000.0,6876.239866495133,7176.042542934419,6662.798827052117,7327.639645338059,7010.680220454932
6500.0,6921.95317220688,7243.544124603272,6626.290507912637,7399.013008356095,7047.700203269721
8000.0,6943.791043996812,7297.909423351289,6671.743022203446,7436.8099925518045,7087.563370525838
6999.999999999999,7069.584261178971,7445.526460170747,6706.312144279481,7545.261200189591,7191.671016454698
6500.0,7047.092550992967,7430.701439142228,6699.771280527116,7542.139142513276,7179.926103293897
6500.0,7121.71196126938,7487.898659944535,6691.759487032891,7606.245889425279,7226.903999418021
5000.0,7137.9827008247385,7540.290871143342,6743.890080213548,7653.297456026078,7268.865277051927
5500.0,7149.603004455567,7502.92371749878,6960.66189312935,7564.189449787141,7294.3445162177095
6999.999999999999,7185.181401729585,7524.996342897416,6851.519650220872,7532.628314971925,7273.581427454949
6999.999999999999,7153.360715389253,7527.096726417542,6716.919866323472,7513.669481277467,7227.761697351933
8000.0,7171.330112218858,7594.571856975556,6779.29737186432,7496.537427425385,7260.43419212103
4500.0,7120.779559612275,7521.218793630601,6662.224341988564,7491.190996646882,7198.853422969581
5500.0,7135.619459390641,7523.758100271226,6796.02521967888,7438.727698087693,7223.53261935711
6500.0,7162.912046194077,7569.797085285188,6895.742187857629,7407.0227353572855,7258.868513673545
5000.0,7121.3391659259805,7454.727313756944,6933.9623898267755,7267.333592414857,7194.340615481139
6000.0,7114.3535928726205,7424.504439830781,6940.868196249009,7193.819342613221,7168.386392891408
8000.0,7086.335253715516,7403.793220043183,6833.971817970277,7123.243645906449,7111.835984408856
6500.0,7020.260378837586,7353.231921672822,6591.123342752458,7117.023501873017,7020.409786283971
5500.0,6911.879845261575,7344.276567459107,6502.6369376182565,7113.497238159181,6968.07264712453
6500.0,6889.157101154328,7323.481861352921,6498.2014169693,7074.20576620102,6946.2615364193925
6000.0,6900.7860840559015,7419.849044322968,6477.917134642602,7109.738700628282,6977.072740912438
6000.0,6860.25512957573,7185.336802005769,6645.431192994119,6949.76982164383,6910.198236554862
5500.0,6881.9892634153375,7212.190465688706,6692.355050325395,6946.602301120759,6933.284270137549
6999.999999999999,6891.988196611405,7211.879665136338,6864.053343772889,6925.74188053608,6973.415771514178
6500.0,6855.078977823258,7104.808048248292,6883.845387458802,6871.040983319283,6928.693349212409
6999.999999999999,6843.934794187547,7066.26216697693,6823.899317622186,6880.60264658928,6903.6747313439855
6999.999999999999,6833.893704533578,7024.572736501695,6841.064848661424,6871.454695224763,6892.746496230365
8000.0,6839.560855031014,6991.5427384376535,6756.5320580005655,6865.977662086488,6863.40332838893
6999.999999999999,6889.293902993203,7108.699667930604,6596.029610514642,7002.519949436189,6899.135782718659
8000.0,6886.25739812851,7168.089024543763,6640.653874397279,7074.25205564499,6942.313088178636
6999.999999999999,6877.0404258966455,7116.921003818513,6544.388362884522,7151.796793460847,6922.536646515132
6999.999999999999,6907.475322008134,7136.653532505036,6550.20471417904,7230.005288839341,6956.084714382888
6000.0,6856.107678055764,7042.636365413667,6616.861513495446,7245.789989233018,6940.348886549474
6500.0,6913.139579415322,7183.987795352937,6742.26829648018,7345.74047112465,7046.284035593272
5000.0,6940.423486948014,7262.221088647843,6687.255772113801,7418.238832950593,7077.034795165063
5500.0,6961.423189163209,7295.597430944444,6935.566401720048,7404.819853782655,7149.351718902589
8000.0,7005.987524747849,7396.288543939591,6969.985083103181,7455.505141735078,7206.941573381425
8000.0,7022.491364717484,7434.069822788239,6791.118951916696,7489.999043464662,7184.41979572177
6999.999999999999,6920.578954339028,7333.646527290345,6637.202831029893,7463.761194705964,7088.797376841308
6999.999999999999,6945.855883836747,7330.531908988954,6695.00925397873,7454.00486779213,7106.35047864914
6999.999999999999,7018.519565105439,7399.24362897873,6746.573628067971,7503.9701895713815,7167.0767529308805
6000.0,7044.728482961656,7396.438158035279,6786.51149904728,7503.272541522981,7182.737670391799
8000.0,7107.074577808381,7473.036442041398,6806.609797000886,7552.720413446427,7234.860307574273
6999.999999999999,7095.030229806901,7526.118861913682,6678.6955313682565,7632.186989784242,7233.00790321827
6999.999999999999,7114.767718076707,7613.9026594162,6663.853978395463,7708.61747455597,7275.285457611085
6000.0,7131.762556791306,7642.609554052354,6659.718099236489,7748.412344217301,7295.625638574363
6999.999999999999,7149.031825780869,7671.199071884156,6741.106514096261,7751.443476200105,7328.195221990348
6000.0,7199.581551790238,7673.313507556916,6852.021394729615,7705.990548610688,7357.7267506718645
6999.999999999999,7304.942939043046,7686.269592285157,6879.878960728646,7699.11573958397,7392.551807910205
6500.0,7285.272405147553,7597.092978477479,6808.039396882058,7603.091594457627,7323.374093741179
6000.0,7308.041025400163,7579.772460460664,6738.161761522294,7584.3038663864145,7302.569778442384
5000.0,7208.115341424943,7441.029771327973,6860.562210440637,7471.6403193473825,7245.336910635234
6500.0,7160.3661267757425,7402.48802304268,6880.672080755235,7420.152405500413,7215.919659018517
6999.999999999999,7103.378861665727,7360.767181873322,6895.682672858239,7358.821372032166,7179.662522107364
6000.0,7058.035871505738,7397.846679687501,6741.453271627427,7397.696238994599,7148.758015453816
6999.999999999999,7004.15578532219,7406.515204668046,6688.064597487451,7391.047917604447,7122.4458762705335
6500.0,7010.5850584507,7515.457411050797,6745.136588811875,7424.311016082765,7173.872518599034
6500.0,7098.228334426881,7586.206693172456,6709.992568373681,7430.108768939973,7206.134091228248
4600.0,7053.022559404374,7492.893786907197,6817.787457823754,7350.065227746964,7178.442257970572
6999.999999999999,7022.021857500077,7403.8411626815805,7091.4642894268045,7237.974512577058,7188.82545554638
8000.0,7032.655204057694,7410.659763097764,7125.922647476197,7187.185073375703,7189.10567200184
6999.999999999999,7024.55620455742,7387.825015068055,6946.617179870606,7191.440395832063,7137.609698832036
6000.0,7005.039417743684,7365.228327035905,6912.434078693391,7182.36849141121,7116.267578721047
5000.0,7037.127921581269,7413.574344873429,6974.7611618042,7206.607628107072,7158.017764091493
6999.999999999999,7019.861958980561,7286.890882492066,7044.975635528565,7110.24375152588,7115.493057131768
6000.0,6994.230832576753,7223.067658424378,6922.542949318887,7080.694554328919,7055.133998662234
6999.999999999999,6959.589796543122,7184.306035280229,6868.998461604119,7085.1110632419595,7024.501339167357
6000.0,6966.005844116212,7214.013112545014,6777.241624593736,7099.550889968873,7014.202867805959
4500.0,6974.416470766068,7206.4142043590555,6857.297978043557,7091.237801790238,7032.34161373973
8000.0,6996.81477546692,7239.012718677522,6904.35574412346,7053.48297405243,7048.416553080083
6999.999999999999,6939.890331745149,7214.698361635209,6761.598272323609,7082.362627506257,6999.637398302556
6500.0,6917.7147949934015,7220.86973643303,6819.327821731568,7093.320826768876,7012.808294981719
6999.999999999999,6929.762862682343,7254.494057893754,6788.9722789525995,7145.849426507951,7029.769656509162
6000.0,6973.474976539613,7342.797785043717,6838.897097468377,7163.96761083603,7079.784367471934
6000.0,7067.29954648018,7332.962104797364,6875.981141567231,7147.298451423646,7105.885311067105
8000.0,7085.324325323106,7245.827186107636,6952.364510297776,7065.70173406601,7087.304438948632
6000.0,7076.024280071259,7251.1422061920175,6721.42647433281,7126.810412883759,7043.850843369962
6500.0,7074.605839252473,7190.14429140091,6748.493813395501,7085.485511779786,7024.682363957168
6999.999999999999,7054.068204879762,7195.479976415635,6624.375282168389,7119.525611639024,6998.362268775702
6000.0,7020.10001897812,7180.2201652526865,6666.983888745309,7129.012467861176,6999.079135209323
6500.0,7110.0792586803445,7305.4471633434305,6706.2030334472665,7194.6484196186075,7079.094468772412
6999.999999999999,7139.821053028108,7316.683099269868,6702.449868798257,7197.837431669236,7089.197863191367
6000.0,7093.612615585328,7192.214090824128,6832.731095552445,7126.753377676011,7061.327794909478
6000.0,7082.680867433549,7179.272884845735,6791.755018472672,7109.6254568099985,7040.833556890489
6999.999999999999,7075.356389522553,7198.020109653474,6814.811294555665,7123.801599025727,7052.997348189355
6999.999999999999,7083.193357706071,7286.52304673195,6801.4807612895975,7198.441674232484,7092.4097099900255
6999.999999999999,7038.222336292268,7232.642960548402,6820.27510213852,7161.55973315239,7063.175033032895
6999.999999999999,7038.002461433412,7223.927319526673,6768.262712359429,7150.838767290116,7045.257815152408
5500.0,7019.574303150178,7220.854857683183,6707.6107285022745,7191.647871732713,7034.921940267087
6000.0,7022.287195205689,7266.829368114472,6769.292239189149,7217.007047653199,7068.853962540627
6500.0,7050.674196720124,7411.280537605287,6727.337471008302,7278.244675636292,7116.884220242501
6500.0,6959.360002517701,7323.233882188798,6757.822376251222,7228.0421204566965,7067.114595353604
6999.999999999999,6951.952038288117,7316.511993646623,6882.591852784158,7223.393337726594,7093.612305611373
6600.0,6963.430167198182,7294.885730743409,6874.679250955583,7194.110304832459,7081.776363432408
5000.0,6978.818927526475,7303.083921909333,6753.765023827554,7205.728128671647,7060.349000483752
6999.999999999999,7002.5687186718,7361.978146791459,6993.836545705796,7211.048108339311,7142.357879877091
6999.999999999999,7033.1412432193765,7417.233690738679,7109.633722782136,7202.719314813615,7190.6819928884515
5000.0,7004.698033094407,7293.335860967637,7077.4997560977945,7113.746870517732,7122.3201301693925
6500.0,7070.503437280656,7329.328383445741,7247.002607345582,7083.944734573365,7182.694790661336
6999.999999999999,7070.238099575044,7309.1197347641,7126.2036905288705,7047.095030784608,7138.1641389131555
8000.0,7025.148874759675,7249.847754955293,6869.009207367898,7049.0094299316415,7048.253816753627
5000.0,7001.515633821488,7264.90422320366,6659.6585842371,7088.416625499726,7003.6237666904935
6999.999999999999,7026.090368986131,7267.011219501496,6687.415718674661,7076.428486108781,7014.236448317767
6000.0,7019.90576863289,7226.453400611878,6788.80571961403,7054.317837238313,7022.370681524278
6999.999999999999,7067.7285504341135,7276.504688501359,6791.655826807023,7060.0974049568185,7048.9966176748285
6000.0,7150.947051525117,7327.605754852296,6669.528568267823,7109.264233827592,7064.336402118207
6500.0,7194.045830249787,7286.498248815537,6515.431835889817,7118.198096513749,7028.543502867223
6999.999999999999,7231.503909587861,7282.513223648072,6492.557824492455,7146.67685031891,7038.312952011825
6000.0,7236.604014396668,7253.231843948365,6463.698835968972,7117.416135549546,7017.737707465888
6500.0,7215.559675931931,7177.833779096604,6477.136000275613,7073.832970857621,6986.090606540442
6999.999999999999,7231.253450632096,7233.325729846955,6638.230291366578,7104.164955615998,7051.743606865407
6500.0,7198.257343053819,7249.660943984986,6575.459325551988,7130.168050765992,7038.386415839196
6999.999999999999,7135.878184318543,7215.405102252961,6523.374195218087,7164.220549583436,7009.719507843257
6999.999999999999,7137.231323957444,7189.479707241059,6522.266141653062,7158.2128410339365,7001.797503471375
8000.0,7119.109006643296,7143.984623193742,6500.887031316758,7151.7753019332895,6978.938990771771
6999.999999999999,7084.782904148103,7136.498958826066,6529.130204916001,7194.796380519868,6986.302112102509
5500.0,7104.297211170197,7237.348778486253,6576.249965786935,7303.161622047425,7055.264394372703
6000.0,7116.3547847270975,7245.809827566148,6506.547155737878,7323.92739725113,7048.159791320563
6000.0,7097.734855890275,7245.116312503816,6427.072726726533,7330.230201005937,7025.03852403164
4800.0,7134.770544052125,7353.646873474122,6479.187201261521,7381.713155269624,7087.329443514348
6999.999999999999,7133.786893367768,7341.790163040162,6501.562361240388,7323.509965658189,7075.162345826627
4600.0,7080.2498450279245,7256.66718196869,6536.770442962647,7220.6754860878,7023.590739011765
6000.0,6998.004248857499,7157.77887749672,6679.285308480264,7107.17376947403,6985.560551077128
6500.0,6988.344633817674,7230.2375626564035,6617.0970937013635,7092.123087406159,6981.9505943954
6500.0,6929.288809180261,7182.286658287049,6589.213076591493,7050.508050680161,6937.824148684741
6999.999999999999,6874.108072280885,7216.89463043213,6490.030090212823,7049.64260339737,6907.668849080802
6000.0,6837.8514519929895,7165.498468875886,6470.2293672561655,6988.081775903703,6865.415266007186
6000.0,6834.977373480798,7172.1352179050455,6479.717050075532,6976.013456583024,6865.7107745111
6999.999999999999,6831.511451363564,7156.846475839616,6538.869586586953,6934.476946592332,6865.426115095616
8000.0,6852.292518615724,7160.466971635819,6660.293410897256,6924.654491901399,6899.426848262549
6999.999999999999,6834.307829737664,7198.2482504844675,6615.429020524026,7006.51737356186,6913.625618577004
8000.0,6778.7857081890115,7204.728772640229,6496.41472709179,7018.485674619676,6874.603720635177
5500.0,6795.54414010048,7164.364377498628,6451.606132030488,7085.862440109254,6874.344272434712
6500.0,6827.075517416001,7156.148827791215,6427.087192177773,7107.675513982774,6879.496762841941
5000.0,6838.504877090455,7136.354304313661,6445.664964556695,7109.303910493852,6882.4570141136655
6999.999999999999,6899.5730526447305,7131.283957004548,6608.4641124010095,7054.580695152284,6923.475454300643
6999.999999999999,6893.7843923568735,7055.6222076416025,6701.482750058175,7050.367529153825,6925.314219802619
5000.0,6863.7115458250055,6984.705126285554,6619.423551559449,7026.7491669654855,6873.6473476588735
8000.0,6898.624532341958,7021.209312438966,6545.694799780847,7023.45931005478,6872.246988654138
5000.0,6973.205505847932,7031.879029273988,6555.618099331857,7071.724321365357,6908.106738954783
6999.999999999999,7001.137052297593,7048.563067436219,6537.44535958767,7069.989293813706,6914.283693283797
8000.0,7107.276267528535,7139.813613653184,6595.962656140328,7133.7926795482645,6994.211304217578
6999.999999999999,7075.105930566789,7146.927309274674,6529.276512622834,7217.021099805833,6992.0827130675325
6500.0,7107.433320999146,7260.6249294281015,6402.910463571549,7281.938738584519,7013.226863145829
6999.999999999999,7081.6831645965585,7314.053693532945,6399.440821766854,7348.159921169282,7035.83440026641
6999.999999999999,7057.605214357377,7331.484148979188,6404.542579770089,7406.666471958161,7050.074603766204
6999.999999999999,7055.524669170381,7358.479160785676,6462.262210011483,7432.20501947403,7077.1177648603925
6500.0,7042.132967710496,7360.58781027794,6501.696683287621,7420.844267368318,7081.315432161094
6999.999999999999,7124.016514301301,7427.040440082551,6732.145787000657,7468.897669792176,7188.025102794171
6000.0,7126.836037397386,7510.201905965806,6843.31195318699,7507.389822244645,7246.934929698707
6500.0,7099.67157316208,7531.533900260926,6923.462952017785,7510.801188945771,7266.3674035966405
4500.0,7013.392182588578,7456.075493812562,6816.123930931092,7496.1654586792,7195.439266502858
6999.999999999999,6995.605463743211,7455.868017911912,6879.943848609925,7458.245311498643,7197.415660440923
6999.999999999999,6887.884554743768,7312.712126255036,6743.782622575761,7347.269675970078,7072.912244886161
6999.999999999999,6977.856768369676,7344.5485179424295,6748.883140683175,7336.870256423951,7102.039670854808
5000.0,7002.781154155732,7319.496836185456,6731.0319472551355,7311.859904527665,7091.292460530997
6500.0,7086.238541841508,7430.040987968446,6716.224698066712,7333.771343469621,7141.568892836572
6000.0,7063.45917582512,7365.678822517396,6715.327840089799,7260.223203182221,7101.172260403634
6000.0,7050.256765127183,7331.8131346702585,6741.417314648629,7219.781107902528,7085.81708058715
5500.0,7131.6327810287485,7431.590031147004,6655.495014071465,7224.197616815568,7110.7288607656965
6999.999999999999,7034.388578414918,7298.92283153534,6446.929244995118,7089.831759929658,6967.5181037187585
6000.0,7025.50761795044,7380.4294497966775,6393.3169763088235,7080.270509958268,6969.881138503552
6500.0,6959.937793970109,7323.056163787843,6406.154031038285,7010.141175746919,6924.822291135789
6000.0,6894.064608812333,7169.683530569077,6509.222024321557,6930.193106532098,6875.790817558766
8000.0,6849.278745174409,7116.444057226182,6534.865549683572,6872.326341986657,6843.228673517705
8000.0,6850.790178179742,7083.96787929535,6504.053311944009,6893.101209759713,6832.978144794703
8000.0,6830.896876335145,7030.374622344972,6487.709005236627,6920.33552145958,6817.329006344081
6500.0,6823.381454467774,7019.449486970902,6456.766578435899,7021.823474168778,6830.3552485108385
6000.0,6842.27457368374,7026.003576278687,6552.129445791245,7043.33897304535,6865.936642199756
8000.0,6895.638449907304,7068.06332230568,6673.618984580041,7106.299229621888,6935.904996603728
5000.0,6908.954931020738,7091.704829216004,6689.902123093606,7208.109555244447,6974.667859643699
6999.999999999999,6922.621889352799,7153.231766223908,6758.622935652734,7213.451026439668,7011.981904417277
6999.999999999999,6973.799002647401,7148.3300447464,6828.429070353509,7197.406774520875,7036.991223067046
6999.999999999999,7072.615393161775,7296.819141626359,6852.54545736313,7330.8757734298715,7138.213941395284
6999.999999999999,7045.0822665691385,7287.116543531419,6809.020154476167,7339.931972503663,7120.287734270097
5000.0,7067.426015853883,7287.870400190354,6818.959985971452,7377.765326976777,7138.005432248116
6500.0,6989.734143733979,7286.057672500611,6880.912207245828,7376.6642994880685,7133.342080742122
8000.0,7150.702378749848,7386.633061885835,6823.223987698556,7434.995611667634,7198.888760000468
6999.999999999999,7145.472498178483,7389.630303382874,6701.47944366932,7491.820863723756,7182.100777238608
6000.0,7124.2148976326,7427.739741325379,6569.976092934609,7512.340312957765,7158.567761212588
6999.999999999999,7143.966438055039,7467.227943420411,6633.634410858155,7506.9831364154825,7187.952982187272
6999.999999999999,7203.718670845033,7542.245773553849,6710.510844826699,7564.872219085694,7255.336877077819
5000.0,7188.319991350175,7540.148696422578,6669.184290528298,7598.227069854737,7248.970012038947
6000.0,7220.954049348832,7584.752708673478,6639.944653987885,7579.136807203294,7256.197054803372
6500.0,7215.602658987046,7586.946497678758,6585.2181322574625,7540.183413505555,7231.987675607205
6500.0,7203.664942026139,7638.150062084199,6539.015894293786,7549.312353134156,7232.53581288457
6500.0,7114.201498985291,7524.686368942262,6451.820220708848,7461.802159309388,7138.127561986447
6000.0,7076.242501735688,7429.391282558442,6531.132223367692,7345.205662727357,7095.492917597295
8000.0,7031.445892333985,7283.473729610444,6610.9157997369775,7255.306602954865,7045.285506159068
6999.999999999999,7006.768659114839,7295.9677464962015,6577.744866847993,7304.12047481537,7046.150436818601
6999.999999999999,7023.274978876115,7324.826735019685,6609.995383739472,7317.2022023201,7068.824824988843
8000.0,6975.267865896226,7232.1436958313,6678.427713871003,7257.860788345338,7035.925015985967
6500.0,7026.544170856477,7367.001378059388,6695.915204524995,7391.379383087159,7120.210034132005
6000.0,7017.988889694215,7402.23425769806,6675.659439802171,7436.204923391343,7133.021877646447
6999.999999999999,7013.488067865373,7365.431669950486,6649.75636291504,7429.007741451264,7114.420960545541
8000.0,7025.5266296863565,7377.975282669068,6581.914223194123,7475.757600069047,7115.293433904649
6999.999999999999,7001.342875003816,7360.148887157441,6512.006417036057,7491.984529972077,7091.370677292348
6000.0,7019.771859884263,7478.253097057343,6563.715858936311,7587.0084924697885,7162.187327086926
6000.0,7054.161610364915,7504.438043594361,6651.483951091767,7600.078647613526,7202.540563166142
6000.0,7030.275430679322,7409.965421438218,6615.676999688149,7556.782312154771,7153.175040990115
6500.0,7021.30519771576,7382.0024642944345,6602.756871938706,7523.759753465653,7132.456071853639
8000.0,7071.309369564057,7449.662752628327,6714.940579295159,7555.956541538239,7197.967310756446
8000.0,7015.329726457597,7422.233777284623,6681.958937168122,7597.544300556184,7179.2666853666315
6999.999999999999,6969.913169145585,7390.946246147157,6595.76551270485,7595.658832311631,7138.070940077306
6000.0,7078.993417263032,7480.516320228578,6600.806929111482,7650.393620014192,7202.677571654321
6500.0,7184.709414720536,7522.776102781297,6661.9127148389825,7664.116786956788,7258.378754824401
6999.999999999999,7212.659972906114,7543.521213054658,6755.452522039414,7697.855178833009,7302.372221708299
5000.0,7253.667460680009,7544.718952417375,6791.951335310937,7674.085549354554,7316.105824440719
4500.0,7319.882857084275,7577.995276451112,6834.818253517152,7663.094286203385,7348.947668313981
6999.999999999999,7377.813269615174,7650.28946876526,6963.742620944978,7637.91861486435,7407.4409935474405
5000.0,7320.738385200501,7506.979003429414,6875.326476573945,7484.879100322724,7296.980741381646
5000.0,7303.5335907936105,7500.3769714832315,6947.53387618065,7392.019169330598,7285.865901947022
6999.999999999999,7279.686261177064,7507.60721731186,6946.472525358201,7313.443664789201,7261.802417159081
6000.0,7146.090792894364,7400.252077579499,6830.306685924531,7210.729868412019,7146.844856202603
6999.999999999999,7054.544324874879,7389.655101299287,6747.201015353204,7155.864478349687,7086.816229969264
6999.999999999999,7050.770908594132,7410.614300251008,6689.710352540017,7132.222144842149,7070.829426556827
6999.999999999999,6994.734230279923,7345.334611892701,6605.668147325517,7044.453226089478,6997.547553896905
6999.999999999999,6930.762218713761,7235.4633102417,6604.289796471597,6989.606847763062,6940.03054329753
6000.0,6891.717072725297,7177.353526115418,6696.047460079194,6946.511375427247,6927.907358586789
5500.0,6923.430714726449,7197.405947923661,6815.492823958398,6932.229428768159,6967.139728844167
8000.0,6939.601022720338,7229.500237941743,6778.247180104257,6948.540671586991,6973.972278088332
6000.0,6936.863332748414,7276.46087884903,6685.6228293180475,7008.325968265534,6976.818252295257
6000.0,6901.237819433213,7292.443962574006,6588.255463719369,7015.891812562943,6949.457264572383
5000.0,6841.335972547532,7145.866785049439,6545.276128292085,6930.667160034181,6865.786511480809
8000.0,6784.421447992326,7001.376765489579,6742.211261272431,6819.827913045884,6836.959346950055
5000.0,6739.033408284188,6951.586682319642,6731.609738707543,6849.472995519639,6817.925706207753
6000.0,6782.818262696267,6975.075268745423,6787.7786725759515,6858.956545352937,6851.157187342645
6999.999999999999,6785.833276033402,6940.601205348969,6788.182465314866,6816.907545089723,6832.88112294674
6999.999999999999,6740.92300951481,6896.987456560136,6581.247572541238,6844.881247997285,6766.009821653367
6500.0,6819.074469685555,6959.022750854493,6597.381096959115,6868.1673181056985,6810.9114089012155
6999.999999999999,6890.992560267449,7081.631915569306,6566.552740573884,6966.76466035843,6876.485469192267
6999.999999999999,6846.653472423554,7052.216627120973,6543.05134189129,6994.877231597901,6859.1996682584295
8000.0,6910.49157524109,7157.171328544618,6633.138865828515,7031.464077472688,6933.0664617717275
8000.0,6973.395623207093,7270.1109590530405,6616.918135404588,7150.182449102403,7002.651791691781
5000.0,6941.907228946687,7220.641595602036,6570.844020009042,7205.719036102296,6984.777970165015
6500.0,7040.754203557969,7262.474853992463,6643.721376657487,7221.59135580063,7042.135447502137
6400.0,7070.751416444779,7241.770246982575,6597.145103454591,7236.74122953415,7036.601999104024
6000.0,7067.23341870308,7240.324528455735,6649.92416214943,7245.942083120347,7050.856048107148
6999.999999999999,7040.874886751176,7227.845390319825,6803.013272523881,7215.127365589143,7071.715228796006
6500.0,7038.285157680512,7229.973051548005,6754.990454196931,7222.589885234834,7061.4596371650705
8000.0,7034.238137722016,7289.353315591813,6706.432000875474,7281.415502548219,7077.8597391843805
6000.0,7089.202719449998,7354.107288122178,6616.229993224145,7384.659147739411,7111.049787133933
6999.999999999999,6965.034592390061,7254.392386436463,6607.675538659097,7358.412206411363,7046.378680974246
6999.999999999999,6967.921896457673,7287.8861055374155,6692.68734240532,7364.723276138307,7078.304655134679
6000.0,6999.957498073579,7338.6623191833505,6725.006880164147,7405.56048488617,7117.296795576812
6999.999999999999,7137.818207979203,7455.6489696502695,6850.916234254838,7443.393839359284,7221.944312810899
8000.0,7108.612875223161,7353.5154445171365,6832.533125519753,7422.451172351838,7179.278154402972
5500.0,7163.039342164994,7462.75605249405,6768.199064373971,7529.943527221681,7230.984496563674
6800.0,7161.35225725174,7516.837001800538,6682.765282750131,7559.472886085511,7230.10685697198
6000.0,7116.7664301395425,7506.753342390061,6629.4369502067575,7546.446540594102,7199.850815832616
6999.999999999999,7107.257255792619,7529.817884445191,6649.121122956277,7538.48062324524,7206.169221609832
4400.0,7108.823657512666,7516.2873146533975,6605.335855245591,7496.335737705232,7181.6956412792215
6999.999999999999,7087.118867874146,7514.466320991517,6758.770896553994,7445.048686981202,7201.351193100215
6999.999999999999,7090.394672632218,7529.669096946717,6823.658777832986,7411.416099548341,7213.7846617400655
6500.0,7005.834604263307,7414.639828681947,6834.327254772187,7329.111814975739,7145.978375673295
6000.0,6893.371093750001,7277.885932445527,6840.8610924482355,7275.803734064103,7071.980463176967
8000.0,7007.952346324922,7369.418348312379,6904.7165538072595,7321.0657176971445,7150.788241535426
6000.0,7015.764516592027,7350.211535453797,6785.396006107331,7317.398932456971,7117.192747652532
8000.0,7020.873713970185,7377.558677673341,6754.191134691239,7321.344280958177,7118.4919518232355
6999.999999999999,7062.80368423462,7436.895958662034,6682.966145873071,7366.750919103623,7137.354176968337
6000.0,7075.5572526454935,7428.42416381836,6683.4596244096765,7384.718662738801,7143.039925903083
6999.999999999999,7122.955163478852,7443.945179700852,6751.810534715653,7391.944775581361,7177.66391336918
8000.0,7093.296028852464,7335.293935537339,6713.489901185037,7364.62904405594,7126.677227407695
5000.0,7130.580522775651,7370.5706248283395,6639.291642189027,7439.727054119111,7145.042460978032
6999.999999999999,7170.548977851869,7377.747968435288,6761.5718212127695,7416.889826297761,7181.689648449422
6999.999999999999,7204.436983823777,7332.180970430375,6711.933418631555,7376.84119129181,7156.348141044379
6999.999999999999,7269.315772533418,7382.80922317505,6747.395265698434,7386.755398273469,7196.5689149200925
5000.0,7262.691422462464,7343.290436983109,6770.22381424904,7403.159219980241,7194.8412234187135
5500.0,7177.950329303742,7256.401017665864,6925.4624906778345,7338.1142852306375,7174.48203071952
6999.999999999999,7221.955885171891,7316.048272609712,6858.542833447457,7352.707032442094,7187.3135059177885
6000.0,7136.850262641908,7297.833376407624,6746.581894040109,7325.063141822816,7126.582168728114
4600.0,7138.862200260163,7339.076444387437,6697.284462809564,7328.356305122376,7125.894853144885
6000.0,7090.97990345955,7321.847678661347,6841.014426231385,7252.123377084733,7126.491346359254
5500.0,7105.951232194901,7452.056578159333,6830.823309183122,7263.559349536897,7163.097617268563
8000.0,7019.632991552354,7420.017670154572,6745.545341134072,7179.522517204286,7091.179630011321
6999.999999999999,6961.009063959123,7398.981597661973,6617.683564424516,7156.592710494996,7033.566734135152
6999.999999999999,6923.279447436334,7375.707926511765,6631.369534492494,7104.551803112031,7008.727177888156
5500.0,6956.499976158143,7404.27595281601,6666.66523551941,7097.092589855195,7031.13343858719
6999.999999999999,6956.573543310166,7287.504217624665,6733.477021813394,7024.492556571961,7000.511834830047
6000.0,6986.178949117661,7324.132393360139,6713.75771868229,7019.294913291932,7010.840993613006
8000.0,6975.853096723557,7195.784990787507,6653.518620133401,6929.391307234765,6938.637003719808
6500.0,6930.299324274064,7152.134045124055,6546.524703383447,6948.60431957245,6894.390598088504
6999.999999999999,6962.3035151958475,7190.8411128520975,6525.966404080392,7017.044915676118,6924.038986951114
6999.999999999999,6951.821435928346,7130.12341451645,6480.071246981622,7056.309936523438,6904.581508487464
6500.0,6863.671042561532,7021.300238132478,6491.637821793557,7052.272835731507,6857.2204845547685
6500.0,6975.692736864091,7131.39472103119,6731.288605690003,7093.21584892273,6982.897978127004
6000.0,6970.791841983796,7119.092474699021,6760.457154870034,7130.55820465088,6995.224919050933
6500.0,6960.299016952516,7131.182285547257,6806.0663093328485,7171.954193115235,7017.375451236964
8000.0,6938.81575536728,7094.576427936555,6829.871069192887,7174.448863506318,7009.42802900076
6000.0,7013.414500713349,7190.250922441483,6782.42273592949,7289.208661079408,7068.824205040933
5000.0,7039.730049610139,7242.251326560975,6794.33234858513,7337.148819684983,7103.365636110307
6999.999999999999,7072.206227540971,7208.39059829712,6967.260618686677,7269.316599130631,7129.29351091385
8000.0,7073.8089995384225,7252.668104648591,6874.871848106385,7295.308948516847,7124.164475202561
7600.000000000001,7031.582280874253,7380.6113011837015,6777.52390754223,7412.727909326554,7150.611349731685
6999.999999999999,6983.664440393449,7428.761415481568,6727.290768265725,7450.192601442338,7147.47730639577
6999.999999999999,7068.896532297135,7492.55901503563,6694.462873220445,7482.434025764466,7184.588111579419
6999.999999999999,7073.771802663804,7388.678889989854,6645.847384691239,7425.122734546662,7133.35520297289
6999.999999999999,7099.556676149369,7392.806089878083,6583.840608000756,7472.516512393952,7137.17997160554
6500.0,7107.368019819261,7405.972130298615,6720.418852329255,7466.36249613762,7175.030374646188
6500.0,7211.458927154542,7483.0374417305,6767.841147780419,7533.383824825288,7248.930335372687
8000.0,7204.785807847978,7494.4395236969,6797.996654033662,7562.923102855683,7265.036272108556
8000.0,7196.442962169648,7552.226108312608,6772.396111726762,7634.004677057267,7288.767464816571
6000.0,7117.141705274583,7463.993468523026,6670.497340202332,7631.925785064698,7220.88957476616
6999.999999999999,7183.622439384461,7468.100830078126,6736.783823966981,7647.67411518097,7259.045302152635
6500.0,7191.152740001679,7462.277452707292,6741.661160826684,7672.657189369203,7266.937135726214
5500.0,7184.207670211793,7482.374510765077,6748.616563081742,7679.071583747865,7273.567581951619
6999.999999999999,7217.417039871217,7527.529863357545,6886.403292536736,7699.392649650575,7332.685711354018
5000.0,7211.880491733552,7547.109471559525,6820.647484183312,7688.12860941887,7316.941514223815
6500.0,7261.207680463792,7580.082434415818,6860.430368185044,7673.852448940278,7343.893233001233
6000.0,7187.864536285401,7614.214286565782,6745.76893568039,7681.971286773683,7307.454761326314
4500.0,7065.168578863145,7544.085778951646,6671.5901017189035,7592.356576442719,7218.300258994103
6999.999999999999,7042.296633958817,7596.422608137132,6730.735612154008,7544.568511724473,7228.5058414936075
6999.999999999999,7004.43600177765,7726.2942559719095,6881.804105639459,7537.22254228592,7287.4392264187345
8000.0,6970.107419490815,7698.369322299958,6863.103170275689,7449.43378520012,7245.253424316646
5500.0,6885.448986053468,7609.9887216091165,6685.609190464021,7407.031001329423,7147.019474864007
6000.0,6858.412644386292,7543.056665420533,6746.9261717796335,7364.877849817277,7128.318332850934
5000.0,6887.516305685044,7506.631832599641,6851.126603245736,7278.324855566026,7130.899899274112
6999.999999999999,6921.033582806588,7493.917114257813,6835.750655174256,7211.211774587632,7115.4782817065725
6999.999999999999,6911.7798269987115,7445.728149890901,6764.747194409371,7152.669680118562,7068.731212854386
8000.0,6936.70793247223,7455.939931869508,6837.897328138352,7143.528341531754,7093.518383502961
6999.999999999999,6946.038561820985,7438.84176850319,6730.996403574944,7147.309197187425,7065.796482771636
8000.0,6971.429148435594,7441.735685348512,6627.9548614025125,7184.297769308091,7056.354366123677
8000.0,6962.359723806382,7286.305651664735,6585.336748957635,7170.27124118805,7001.0683414042005
6999.999999999999,6938.151171207429,7147.285225868226,6536.1116449832925,7198.8318281173715,6955.09496754408
6999.999999999999,6995.407080411912,7191.42882347107,6637.074708461762,7262.9501473903665,7021.715189933778
6999.999999999999,7038.409973859788,7181.286475658418,6693.06261754036,7329.978088855744,7060.684288978578
5000.0,7079.596833229066,7211.987949371339,6780.447168588639,7381.440378189088,7113.368082344533
6500.0,7164.22798895836,7286.029568195344,6954.271470069886,7400.852187156678,7201.345303595067
6999.999999999999,7170.935825347901,7267.745237827302,6897.134177565576,7419.786222934724,7188.900365918876
6000.0,7246.031355619431,7356.589559555055,6899.308954834939,7459.244667530061,7240.293634384871
5500.0,7248.487175941468,7349.0824036598215,6878.393565535546,7464.510091781617,7235.118309229613
6500.0,7216.498690366746,7393.639299869538,6902.745119452477,7466.034337043763,7244.729361683131
5500.0,7239.350796937943,7512.882560729981,6902.04829800129,7487.291937589646,7285.393398314715
8000.0,7247.61346268654,7518.659648656846,6845.351581811906,7448.616280555726,7265.060243427754
6500.0,7208.498882532121,7499.275943994523,6641.498243451119,7439.173233985902,7197.111575990916
6999.999999999999,7082.498189449311,7386.647940635682,6710.322380661965,7315.933375597001,7123.85047158599
6999.999999999999,7066.931710720063,7430.0839710235605,6707.037896633149,7314.77448630333,7129.707016170026
6500.0,7035.6061561107645,7467.810694456101,6728.276072144509,7324.593634605409,7139.071639329196
6500.0,7037.263483524323,7595.056242942811,6705.356184601785,7400.2801818847665,7184.489023238421
4000.0,6972.2367339134225,7591.5324590206155,6802.547071695329,7385.789932727815,7188.026549339295
6999.999999999999,7017.186263799668,7582.725065708161,7072.805510520936,7292.622507572175,7241.334836900235
6999.999999999999,6970.967907190324,7470.447539567948,6923.188521742822,7206.612587690354,7142.804139047862
6000.0,6947.078421115876,7406.28210425377,6953.051412582398,7116.345692157746,7105.689407527448
8000.0,6925.218231201173,7293.585493326188,6937.355158090592,7034.484463691712,7047.660836577416
8000.0,6841.906737923623,7181.710520029069,6737.11032986641,7045.859267950059,6951.64671394229
6000.0,6795.995462179185,7181.078173160554,6617.012367486955,7097.926626443864,6923.003157317639
6500.0,6776.07942891121,7127.967648983003,6711.66312134266,7089.50773382187,6926.304483264686
6999.999999999999,6779.989233732224,7088.353804111482,6818.380541324616,7075.179497718812,6940.475769221784
5000.0,6898.813823103906,7193.340742826463,6823.51949620247,7115.397585153581,7007.767911821605
6500.0,6980.611816883088,7198.354054927827,7064.039447069169,7059.78660440445,7075.697980821134
6999.999999999999,6975.8820276260385,7181.865920305253,6960.894993543626,7070.057074785233,7047.175004065038
5500.0,6985.712748289109,7210.754666328431,6850.283474087716,7100.53454065323,7036.8213573396215
6000.0,7031.376458168031,7268.038679838181,6839.000422120095,7107.029941558839,7061.3613754212865
6500.0,7019.923127174378,7277.326326131822,6713.077015876771,7082.441154241563,7023.191905856133
8000.0,7046.360185861588,7320.097772359849,6829.766917943955,7048.7564911842355,7061.245341837407
6999.999999999999,6965.950462102891,7213.062525749207,6699.1624916791925,7027.954345703126,6976.532456308604
6500.0,6967.20606327057,7224.2348136901865,6705.712861299516,7054.134332656861,6987.822017729283
6999.999999999999,6954.540940761567,7220.773024559022,6672.123256921769,7074.307437658311,6980.436164975167
6500.0,6920.516546249391,7203.561617374421,6901.479185819627,7071.4449315071115,7024.2505702376375
8000.0,6915.9082667827615,7215.605965375901,6940.371411323548,7121.997963905335,7048.470901846887
6999.999999999999,6879.856642603875,7229.737471342088,6927.853009819985,7203.703792095185,7060.287728965283
6000.0,6966.435674667359,7391.515771627427,6804.140337824822,7359.2297110557565,7130.330373793841
6999.999999999999,6981.249123334886,7390.646191358567,6729.719310879708,7356.654034137727,7114.567164927722
6999.999999999999,6994.825155973435,7412.611359119416,6711.79000401497,7348.077261447907,7116.825945138932
6999.999999999999,7063.584818601609,7484.052503108979,6677.419678568841,7404.337121009828,7157.348530322314
6500.0,7014.388232231141,7363.088266849519,6794.390210390092,7354.597460269929,7131.61604243517
6500.0,6953.931738615037,7304.93054008484,6732.194142937661,7373.647219657899,7091.175910323859
5000.0,7010.81898546219,7350.148714065553,6756.085282206536,7415.547432422639,7133.150103539229
8000.0,7044.978115320207,7354.223011732102,6943.913380384446,7400.509149312974,7185.905914187432
8000.0,7016.86223769188,7355.465387344361,6852.271440386773,7421.667558193208,7161.566655904056
8000.0,7086.794015169145,7458.513128995896,6796.259973287583,7480.976734876634,7205.635963082314
6999.999999999999,7109.0319600105295,7453.327884674073,6638.436940670014,7531.322291374207,7183.029769182206
6000.0,7078.150288105012,7430.603900671006,6680.87692141533,7544.791692972184,7183.605700790883
8000.0,7139.794601917268,7516.684907913209,7012.167165517808,7607.455201148988,7319.025469124318
6999.999999999999,7192.467856168748,7581.549644470216,6945.739333629609,7659.734168529511,7344.872750699521
6000.0,7279.185343265534,7625.562639713288,6911.388433218003,7686.562207698823,7375.674655973912
4600.0,7295.340359210969,7545.51248574257,6958.215165376664,7624.42854833603,7355.874139666558
7600.000000000001,7310.835750579835,7560.520184755326,7004.691420316697,7603.439591884614,7369.871736884118
6000.0,7262.352517604829,7587.45898795128,6978.594093084336,7603.9826662540445,7358.097066223622
5000.0,7311.480496406556,7614.835061073304,6943.442219972611,7590.275204658509,7365.008245527745
5500.0,7334.8971688747415,7612.978523731233,7047.868725776673,7525.8932008743295,7380.409404814244
6999.999999999999,7243.186208009721,7463.503296375276,6971.786238431931,7383.844949483872,7265.5801730752
6999.999999999999,7163.359235286714,7409.737280607224,6910.696984648705,7297.630033493043,7195.355883508922
6999.999999999999,7160.505821704865,7446.84488272667,6753.811313271523,7287.343857765199,7162.126468867064
8000.0,7162.2309300899515,7431.217235803605,6835.153851985932,7230.278892517091,7164.720227599145
8000.0,7117.012756109239,7397.1539912223825,6633.2314447164545,7232.609896659852,7095.002022176982
6999.999999999999,7059.709730863572,7384.424394130708,6535.370187282563,7286.723083257676,7066.55684888363
5500.0,7028.146116256715,7388.071341037751,6596.326358914376,7322.895803928376,7083.859905034305
6500.0,7103.556580066682,7409.03880596161,6880.520400166512,7333.245627641679,7181.590353459121
5000.0,7253.335995197297,7565.518618106843,6707.101131320001,7468.706725835801,7248.665617614985
6000.0,7283.3976826667795,7535.05520439148,6634.56019973755,7406.139102935792,7214.7880474329
5000.0,7273.680205821992,7478.892883300782,6532.780871510507,7377.3842656612405,7165.68455657363
6999.999999999999,7194.108651638032,7384.945150375367,6472.34710931778,7285.893179655076,7084.323522746564
6999.999999999999,7115.821629524232,7372.201501131059,6441.761359214784,7285.1781730651865,7053.740665733815
5000.0,7101.244587659837,7372.724737167359,6432.491484761239,7243.68051314354,7037.535330682994
4800.0,7013.755885362626,7234.892131567002,6418.205818414689,7136.779175281526,6950.908252656461
6000.0,6989.871358871461,7191.816497564317,6587.863656640054,7060.758682727815,6957.5775489509115
6999.999999999999,6928.393604397775,7183.586069107057,6527.169516324998,7029.956364154817,6917.276388496161
8000.0,6920.280966043473,7258.692345142365,6572.190960168839,7007.335704803468,6939.624994039536
6999.999999999999,6866.783181071282,7134.129104614259,6568.709746003152,6997.403312683106,6891.75633609295
6999.999999999999,6824.089434981347,7147.581147670747,6444.22255241871,7000.229448556901,6854.030645906926
6999.999999999999,6833.940820574761,7239.185477495194,6517.113134622575,7065.114850044251,6913.8385706841955
6999.999999999999,6793.6809899806985,7304.89086341858,6479.879063129426,7148.103557109834,6931.638618409635
7600.000000000001,6774.910207152368,7268.488348722459,6389.649777770043,7131.655925750733,6891.176064848901
8000.0,6734.771473050118,7251.003337860108,6402.292995452882,7166.314320325852,6888.59553167224
6999.999999999999,6757.992655277253,7248.161496639253,6447.494224190713,7257.763249874116,6927.852906495334
6999.999999999999,6781.825932741166,7161.927568912507,6519.4036355018625,7247.047243595124,6927.551095187665
6999.999999999999,6773.288010120393,7091.742852687837,6615.08887577057,7247.034018039704,6931.788439154626
6500.0,6768.356944441796,7080.063860654832,6710.178139448167,7266.033354997636,6956.158074885608
6999.999999999999,6869.1435294151315,7165.9539239406595,6882.381070494653,7359.4247879982,7069.225827962161
6000.0,6860.761833667756,7192.1479630470285,6960.440365076066,7410.24398469925,7105.898536622525
6500.0,6966.727463483811,7307.658310890199,6884.271498322488,7490.455325126649,7162.278149455787
5500.0,7001.720629930497,7337.02235031128,6765.248938918115,7506.793845653535,7152.696441203357
6999.999999999999,7126.209476709367,7429.111892700196,6701.450926065446,7557.708101034165,7203.6200991272935
5500.0,7055.2816495895395,7386.385082721711,6673.655354857446,7538.848459005357,7163.542636543513
8000.0,6978.462664127351,7368.400807142259,6616.401925444604,7509.511697292329,7118.1942735016355
6999.999999999999,7098.224201440812,7457.760925531388,6608.958417534829,7601.262334823609,7191.55146983266
8000.0,7081.69225716591,7569.4895911216745,6571.78386104107,7636.153829813004,7214.779884785415
6500.0,7091.31550192833,7618.046391248704,6550.475011467935,7665.2145080566415,7231.262853175403
8000.0,7106.130603790284,7669.5409178733835,6648.195747375489,7700.217593669892,7281.021215677262
6500.0,7097.511674642564,7594.524740934373,6631.61586046219,7654.8919620513925,7244.63605952263
6000.0,7101.73971939087,7609.65394973755,6617.695136785508,7694.611611366273,7255.92510432005
6999.999999999999,7139.482148170472,7603.439591884614,6631.355069041253,7655.854947805406,7257.532939225436
6500.0,7163.752695560456,7594.639637947083,6623.606546759606,7637.824382781983,7254.955815762282
6999.999999999999,7192.990265607835,7604.940692424775,6695.227062344552,7659.04974603653,7288.051941603423
6999.999999999999,7225.359812498094,7530.969334363938,6635.594272851945,7601.814501762391,7248.434480369092
6999.999999999999,7190.760932922364,7392.128280162812,6618.773432850839,7524.022611379624,7181.42131432891
6999.999999999999,7203.77322626114,7397.821055173875,6645.92260503769,7530.705649852754,7194.555634081365
8000.0,7208.508801698686,7421.173253059388,6769.858871579171,7572.748037338258,7243.072240918876
7600.000000000001,7182.555302381516,7425.3426094055185,6766.522311925889,7619.387958526612,7248.452045559884
6500.0,7172.951895952226,7444.5155317783365,6715.695262551309,7660.550846576692,7248.428384214641
4800.0,7153.100337266923,7473.982069253922,6719.2922003269205,7720.582469224931,7266.739269018174
6000.0,7185.912940263749,7549.692587852479,6857.522399187089,7750.669781208039,7335.949427127839
3499.9999999999995,7218.227105140687,7570.736926317216,6811.342479348184,7737.697164535523,7334.500918835402
8000.0,7286.251922845841,7648.824738502503,7138.5629720687875,7661.440265178681,7433.769974648953
5000.0,7259.505716800691,7630.902457714082,6984.439788579942,7643.084847450257,7379.483202636243
8000.0,7269.143840312959,7703.557873010636,6790.803191781045,7600.32662677765,7340.957882970572
6999.999999999999,7132.242809772492,7591.494435548783,6656.934119820596,7495.160316467286,7218.957920402289
6999.999999999999,7086.616296768189,7576.390024662019,6603.860792517663,7422.37429881096,7172.310353189708
5500.0,7023.256793737412,7482.3455798625955,6585.323523402215,7378.16540002823,7117.272824257613
6999.999999999999,7032.31216621399,7485.356873512269,6517.678940415383,7346.680312156678,7095.50707307458
6000.0,6984.981209754945,7377.153645038606,6444.339515924455,7268.00313615799,7018.619376718999
6999.999999999999,7024.525620460511,7361.568981170655,6456.519012570382,7235.759232044221,7019.593211561442
6500.0,7017.057314634324,7403.8833191394815,6482.963097333909,7276.14511871338,7045.012212455274
6999.999999999999,7043.8465037345895,7387.988681316377,6510.515235662461,7266.111881732942,7052.115575611592
6500.0,7045.269077539445,7394.937884092332,6575.666388154031,7242.324067115785,7064.549354225398
5000.0,7052.461299896241,7370.993842601777,6638.7898976802835,7233.935758590699,7074.04519969225
5500.0,7075.054681539536,7356.652380943299,6825.455386877061,7178.806684017182,7108.99228334427
6000.0,7071.520978450776,7335.914710044862,6849.6106239557275,7141.763556480409,7099.7024672329435
6000.0,7056.521545410157,7295.565193653108,6808.424177885056,7101.862055778504,7065.593243181706
6000.0,6977.327746152879,7165.425728321076,6737.0541212558755,7013.9046728611,6973.428067147733
6999.999999999999,6882.235176086427,7035.016792297364,6638.9878677129755,6911.159052491189,6866.849722146989
6999.999999999999,6838.2242473363885,7003.690411090852,6489.489495635034,6923.706384897233,6813.777634739877
6500.0,6818.883939027787,7097.158717632295,6437.620107173921,7002.975404500962,6839.159542083741
6999.999999999999,6808.584124445916,7115.576956748963,6368.6083323955545,7041.940370559693,6833.677446037532
6500.0,6877.099940896035,7310.461302042008,6424.0093574523935,7124.659606933595,6934.057551831008
8000.0,6842.085282921792,7197.849830627442,6507.59610760212,7090.293827772141,6909.456262230874
6999.999999999999,6900.316163539887,7316.177221775056,6534.065816879273,7201.104970455171,6987.916043162347
6999.999999999999,6864.4897871017465,7222.163361072541,6541.477087497712,7158.612914085389,6946.685787439347
8000.0,6880.011629581452,7212.934403181077,6659.669743299485,7170.806876182557,6980.855663061143
8000.0,6880.36086690426,7169.9654002189645,6711.518053531648,7230.61201119423,6998.1140829622755
6999.999999999999,6888.2581766843805,7258.7568197250375,6722.877979040147,7382.449653387071,7063.085657209159
6999.999999999999,6921.636998772622,7257.798793554307,6719.783199071885,7414.218264102937,7078.359313875438
6999.999999999999,6940.364798545838,7315.65729212761,6818.810371875764,7457.632802963258,7133.1163163781175
6999.999999999999,6949.949193239213,7301.134805679322,6914.888245821,7491.544780254365,7164.379256248475
6999.999999999999,6963.232610464097,7323.671152114869,6969.229573249818,7521.4113907814035,7194.386181652547
6999.999999999999,6955.262560129167,7327.9537522792825,6952.933209180833,7551.831821441651,7196.995335757733
6999.999999999999,6972.694668769837,7326.162516117097,6885.000143766404,7579.269889354707,7190.781804502011
5000.0,7108.219414949418,7449.577613115312,6898.349688768388,7700.0969104766855,7289.060906827451
6999.999999999999,7202.555648565293,7521.241938352586,7045.157486915589,7698.405692577363,7366.840191602708
6999.999999999999,7251.520787715913,7571.946238040925,6979.768687725068,7745.8077363967905,7387.260862469674
5000.0,7256.029875516892,7627.670462608338,6897.962841272355,7777.138250589372,7389.700357496739
4800.0,7238.483696460725,7672.143045902253,6855.662555456162,7748.7231447696695,7378.753110647202
6000.0,7222.5097053051,7650.952399730683,6896.225333929063,7644.541311740876,7353.557187676431
8000.0,7130.184582710267,7598.685004711152,6848.708393096925,7536.369493961335,7278.48686861992
6000.0,7111.439011096955,7583.174734592439,6737.155792713166,7495.775304794312,7231.886210799218
6000.0,7078.555320739747,7572.574451923371,6639.454895138741,7409.705869913102,7175.0726344287405
6999.999999999999,7033.036265373231,7563.535611391068,6556.5852180719385,7350.619874477387,7125.944242328406
6999.999999999999,6983.521439075471,7450.154577970506,6572.606738567353,7253.674900054933,7064.989413917066
7600.000000000001,6997.862074136735,7470.140045404435,6620.963502168656,7247.797793865205,7084.190853893758
5000.0,6992.661951065064,7458.199848651887,6606.3984459638605,7240.098867416383,7074.339778274299
5500.0,7025.496872186662,7343.077174901963,6675.579673171044,7158.736903667451,7050.72265598178
5500.0,7014.345249176026,7207.97564649582,6702.484585881234,7067.199528217317,6998.001252442599
6999.999999999999,7028.542882919312,7191.87683916092,6672.482826709748,7038.95552802086,6982.96451920271
6999.999999999999,7016.664680957795,7170.934172153474,6627.01956665516,7022.614527702332,6959.30823686719
5500.0,7009.842774152757,7145.362560749055,6634.237000226975,6985.387068986894,6943.70735102892
6000.0,7019.733009815217,7111.679550886155,6552.180281519891,6952.952220916749,6909.136265784503
6999.999999999999,6976.40113067627,7070.975424289704,6427.422790646554,6916.3980256319055,6847.7993428111085
8000.0,6889.643553614617,7020.131429672242,6449.904581665994,6873.240145206452,6808.229927539826
6999.999999999999,6825.087137818337,6987.876779794694,6475.8915581703195,6912.7432260513315,6800.399675458671
8000.0,6912.07078921795,7084.855644702912,6536.959320425988,6991.489836215974,6881.343897640706
6999.999999999999,6882.460837125779,7046.078316211701,6525.465899467469,7051.095761299134,6876.275203526021
5000.0,6821.574099659921,7015.064388751985,6480.732938051225,7124.899320125581,6860.567686647178
6999.999999999999,6900.481482982636,7119.314002752305,6551.373935937882,7164.681790828706,6933.962803125382
6000.0,6894.148508429528,7235.010334968568,6687.295448780061,7193.052260398866,7002.376638144256
6999.999999999999,6937.652733087541,7274.6737756729135,6837.360453248025,7188.455553293229,7059.535628825427
8000.0,6898.176929950715,7181.952713012696,6833.036523222924,7158.551745891572,7017.929478019477
5000.0,6897.6305491924295,7221.178057193757,6732.21935415268,7228.067744970323,7019.773926377297
6999.999999999999,6963.544237613679,7257.897985219956,6747.382453441621,7225.4962010383615,7048.580219328404
7600.000000000001,6975.954768180848,7232.764470338822,6689.580576777459,7234.697881221772,7033.249424129725
6999.999999999999,6936.983189344407,7196.223087310792,6646.5305672884,7236.09235072136,7003.95729866624
6000.0,6856.5767719745645,7102.734942436219,6593.148505926133,7208.076491355897,6940.134177923203
8000.0,6951.606520652772,7203.301239252091,6545.713398218156,7278.430660009385,6994.762954533101
6999.999999999999,7022.964178323747,7277.7677290439615,6489.545290946961,7378.463801622392,7042.185249984265
6999.999999999999,7090.071473121644,7337.52326822281,6562.145737528802,7388.1382954120645,7094.46969357133
6999.999999999999,7115.114062309266,7331.597392797471,6641.075025677682,7393.520269870759,7120.3266876637945
5500.0,7134.242348432542,7348.127683877946,6686.334942817689,7413.539627790452,7145.561150729657
6000.0,7157.888814926148,7434.943536043168,6737.994375586511,7464.055463314057,7198.720547467471
4500.0,7154.732040166856,7503.785031795503,6775.865753531457,7493.1417660713205,7231.881147891284
6999.999999999999,7169.662865638734,7549.477672576905,6916.2132811546335,7457.250088453294,7273.150976955892
6999.999999999999,7061.918398618699,7460.504401683808,6798.430617570878,7411.519424200059,7183.093210518361
8000.0,7015.133822917939,7425.734416484834,6703.958408713342,7364.290139198304,7127.279196828605
6999.999999999999,6919.460155010224,7310.710107803346,6575.302685379983,7332.788519382478,7034.565366894008
5000.0,6898.699339389802,7283.503487110139,6539.622616648675,7355.110777139665,7019.23405507207
6999.999999999999,7014.624639034272,7386.1470227241525,6787.122354388238,7352.233392238618,7135.03185209632
6999.999999999999,7062.4358484745035,7401.997850894929,6851.857315182687,7325.970745563508,7160.565440028907
6000.0,7137.907480478288,7481.83226299286,6850.080131173135,7373.667057991029,7210.871733158828
6000.0,7155.607406616212,7474.349905014039,6886.267317295075,7344.787404537202,7215.253008365632
6000.0,7099.514519691468,7376.4179735183725,6851.285309910775,7258.651015281678,7146.4672046005735
6999.999999999999,7180.612798929215,7488.435121536256,6788.152294516564,7306.119186878205,7190.82985046506
6999.999999999999,7160.1520380973825,7433.674709320069,6790.844521641732,7245.871822357179,7157.635772854091
6000.0,7147.450545310975,7324.636617660523,6814.318642616273,7162.638442516328,7112.261062026025
6999.999999999999,7128.654551267625,7299.109642505647,6837.174882173539,7146.812412261964,7102.937872052194
8000.0,7157.168848752976,7329.036594629289,6832.231417536736,7170.343155145646,7122.195004016162
6999.999999999999,7052.439808368684,7204.776715278626,6710.915464162827,7182.52967786789,7037.665416419507
8000.0,7017.761575460435,7214.149501085282,6604.352617859841,7248.309457540513,7021.143287986518
6999.999999999999,7007.567152023316,7216.079605579377,6520.707592606545,7296.876176834107,7010.307631760837
4600.0,7005.136956214906,7198.030028820039,6591.028697371484,7314.168590545655,7027.091068238021
5500.0,7147.720016002656,7283.107547044755,6821.984918475152,7348.5277569293985,7150.33505961299
5000.0,7158.979923248292,7336.394136428834,6995.531069993974,7360.653938055039,7212.889766931535
8000.0,7169.51407814026,7480.1956005096445,7178.533906936646,7366.912105560304,7298.788922786714
5500.0,7146.498305320741,7446.733292102815,6997.925722122193,7324.29605960846,7228.863344788552
6000.0,7120.819236278535,7408.613934993745,6859.161954760552,7280.931116580964,7167.381560653449
5000.0,6963.340894699098,7293.921918392182,6656.935359716416,7209.004760026933,7030.800733208657
6999.999999999999,6889.960966944695,7225.9144592285165,6672.542341709138,7116.167973756791,6976.146435409785
6999.999999999999,6917.940869331361,7308.7907490730295,6702.16262626648,7128.337137937547,7014.307845652104
6999.999999999999,6901.09688460827,7286.299038887025,6723.855843544007,7067.0375151634225,6994.572320550681
5000.0,6872.041165947915,7220.697804212571,6675.19034588337,7005.918917179109,6943.462058305741
6000.0,6918.023942351342,7243.905347585679,6641.86814570427,6968.755106449128,6943.138135522605
6000.0,6934.328159093858,7269.734030723573,6625.850344896317,6958.02670121193,6946.9848089814195
6999.999999999999,6939.076960086823,7282.951320171357,6806.618062973023,6886.487192153932,6978.783383846284
6000.0,6921.058794021607,7233.040553808213,6754.0349078178415,6832.2475361824045,6935.095447957517
6999.999999999999,6901.1493735313425,7204.716373682023,6621.441275358201,6787.625338792802,6878.733090341092
8000.0,6852.723175764085,7239.697141170503,6537.877256631852,6802.4115097522745,6858.1772708296785
6999.999999999999,6786.495380401612,7179.922590255738,6482.031522274018,6852.62067770958,6825.267542660237
5500.0,6690.807247042657,7038.2231628894815,6496.557728409768,6878.650223970414,6776.05959057808
7600.000000000001,6707.121382951737,6992.061841487885,6658.23394393921,6900.185561180116,6814.400682389737
8000.0,6675.706555843354,6869.82299232483,6652.623002052308,6919.883786082269,6779.50908407569
5000.0,6678.271900296212,6847.221758008004,6534.320822119714,7003.912765741349,6765.93181154132
6999.999999999999,6758.794867873193,6986.955950498582,6646.110655903817,7077.910574913026,6867.443012297154
6000.0,6824.957775354386,7043.8919665813455,6745.683796167375,7130.380486249925,6936.228506088258
5500.0,6951.474265098573,7155.729743003846,6764.267354726792,7179.119137763978,7012.647625148297
6500.0,6889.373256325723,7088.398440361024,6728.542236447335,7157.409388542176,6965.9308304190645
7600.000000000001,6938.3479013443,7149.808000564576,6729.666408658029,7193.988795042039,7002.952776402236
6999.999999999999,6944.908603429795,7165.728262901307,6805.964637875558,7216.563991546632,7033.291373938323
6999.999999999999,7012.537481069566,7264.045388698579,6739.744281888009,7287.144647836686,7075.86794987321
6000.0,7011.62243795395,7240.1418504714975,6836.978152036668,7264.885211467744,7088.406912982465
8000.0,7044.974808931352,7257.10858488083,6879.719840765,7290.799034118653,7118.150567173959
6999.999999999999,6981.57232284546,7239.302854299546,6797.917300701142,7308.6642796993265,7081.864189386369
5500.0,7098.129969358445,7323.864575862885,6784.411942124368,7361.041612148286,7141.862024873496
6999.999999999999,7146.292482614518,7373.1132378578195,6740.382828235627,7386.304076194764,7161.523156225682
6000.0,7179.866381645204,7456.257345199586,6766.714495778085,7416.248386859895,7204.771652370692
5500.0,7165.823321580888,7458.017170667649,6752.256070613862,7418.485158920289,7198.645430445672
6999.999999999999,7174.825791835786,7524.220168113709,6713.4481580257425,7417.298991918565,7207.448277473451
8000.0,7118.755223035813,7502.58150625229,6612.583046317101,7383.816845178605,7154.434155195952
4800.0,7018.668352603913,7407.241783618928,6553.356942653657,7341.3801708221445,7080.161812424661
6000.0,7009.597274780274,7373.103318691255,6704.9027960300455,7283.5630021095285,7092.791597902776
6000.0,7087.430495023728,7438.470626354218,6806.28949058056,7278.60176563263,7152.698094397784
5500.0,6991.145145177842,7355.855541229249,6725.983504772187,7225.585473537446,7074.642416179181
8000.0,6881.597456336022,7247.071214914323,6812.654702425004,7145.841160535813,7021.791133552791
6999.999999999999,6913.181322574616,7346.405055284501,6671.929006576539,7227.757771015168,7039.818288862706
6999.999999999999,6892.968540906907,7294.702226161958,6705.346678733827,7210.442212581635,7025.864914596082
8000.0,6906.131274938584,7334.648363113404,6583.695126891137,7274.176164150239,7024.662732273341
6999.999999999999,6936.698839902879,7388.866527557374,6519.09076845646,7320.13331604004,7041.197362989188
5000.0,6979.038802385331,7397.466444969178,6612.273485660554,7315.72341990471,7076.125538229943
5000.0,7047.677781820298,7330.456688642503,6778.155014514924,7279.31015944481,7108.899911105634
8000.0,7073.838757038117,7305.023118972779,7024.49007678032,7234.446595668794,7159.449637115003
5000.0,7073.070848226548,7318.162708282472,6802.799597144128,7293.701216936112,7121.933592647315
6500.0,7096.839651107789,7355.399259567262,6873.892330408097,7287.677803039552,7153.452261030675
6999.999999999999,7042.634712219239,7261.101049423219,6873.241385102273,7219.838143110276,7099.203822463752
6000.0,7013.283898353578,7235.3616387844095,6726.65842139721,7236.7494955062875,7053.013363510371
5000.0,7043.008334159852,7295.464348793031,6777.04944074154,7242.727446556092,7089.562392562629
6999.999999999999,7074.152037382127,7277.759463071824,6978.202286005021,7165.164523601533,7123.819577515126
8000.0,7103.126749515534,7287.773688316346,6865.673887610436,7136.986651182176,7098.390244156123
6999.999999999999,7089.94913673401,7354.045293331147,6614.458595395089,7224.901051044465,7070.838519126178
6999.999999999999,7024.773599624635,7295.249433517457,6636.9445194005975,7194.167340040208,7037.783723145724
8000.0,6982.627887487412,7189.473094463349,6678.640149354936,7142.600072860719,6998.335301041604
5000.0,6985.694563150407,7295.960307121278,6655.469802856446,7244.10869050026,7045.308340907098
5000.0,7037.239512205125,7345.7735350132,6981.842620134355,7237.5149245262155,7150.592647969724
6500.0,7059.723783016206,7377.161911010743,7102.734115839005,7214.932288646699,7188.638024628163
5500.0,7079.750580310822,7437.825880527497,7002.694361448289,7214.39169406891,7183.6656290888795
6999.999999999999,7015.918263673783,7337.438955307008,6878.683287858964,7125.215080261231,7089.313896775247
6999.999999999999,6982.022818326951,7297.884625434876,6850.259089469911,7087.575149536134,7054.435420691968
6000.0,6936.944339275361,7236.1593050956735,6717.343910694123,7034.3770060539255,6981.206140279771
8000.0,6860.429128289224,7122.507974386216,6630.47928929329,6979.575263977052,6898.247913986445
6999.999999999999,6816.24585402012,7094.186274051667,6622.750192046166,6986.187215089799,6879.842383801938
8000.0,6830.523667693139,7190.327795982362,6671.936445951463,7044.068031787873,6934.213985353709
4600.0,6914.172412633897,7299.374153614045,6580.491649389268,7170.9060678482065,6991.236070871354
6000.0,6806.82471227646,7174.154594898225,6771.940656661988,7093.467961072923,6961.596981227399
8000.0,6870.971962451936,7287.666230678559,6906.969031214715,7147.548910379411,7053.289033681155
6999.999999999999,6847.012628912927,7293.311889648438,6787.489776849748,7206.267070055009,7033.52034136653
5500.0,6790.283262133599,7249.91553592682,6739.945558309556,7224.545614242555,7001.172492653132
6000.0,6840.47589814663,7306.622584581376,6838.7561626434335,7264.076799392701,7062.482861191035
6999.999999999999,6916.715438961984,7447.359852790833,6769.071537733079,7342.520048379899,7118.916719466449
6999.999999999999,6923.515440940858,7432.853071689607,6778.027718544007,7303.055817604066,7109.363012194634
5500.0,6915.099441409112,7304.404824256898,6789.2901055812845,7225.656560897828,7058.612733036281
5500.0,6991.944464683534,7285.223635911942,6863.378013849259,7215.933297872544,7089.11985307932
6999.999999999999,7024.165224075318,7278.70095729828,6942.631328105927,7179.261312484742,7106.189705491067
6000.0,6936.758354902268,7164.912411451341,6932.436078071595,7100.140253782273,7033.561774551869
5000.0,7011.471997261048,7256.221646070481,6824.4704962968835,7132.528812408448,7056.173238009215
6000.0,7063.559194087983,7341.328921794892,6821.408366918565,7126.874060869218,7088.2926359176645
6999.999999999999,7041.012928485871,7317.532841205598,6846.758863568307,7082.3708934783945,7071.918881684543
7600.000000000001,6995.436837911607,7373.835683822633,6693.647848367692,7106.382715940476,7042.325771510602
6999.999999999999,6916.403811812402,7316.732695102693,6663.083176493646,7065.6852021217355,6990.476221382619
6999.999999999999,6920.607058644296,7281.595700740815,6572.19220006466,7059.876703500749,6958.56791573763
8000.0,6976.26639533043,7298.31362938881,6713.737053751946,7046.033679962159,7008.587689608336
6999.999999999999,6973.813881397248,7221.680628299714,6625.129138827325,7074.555416822434,6973.79476633668
6999.999999999999,6962.416759014131,7216.708646059037,6654.118316411973,7129.957268476487,6990.800247490407
6500.0,6934.901817560197,7097.790237903596,6786.566881060601,7106.143829345704,6981.3506914675245
6999.999999999999,6992.699974536897,7242.666278362275,6769.101708531381,7210.878655910493,7053.836654335261
8000.0,7018.563374757768,7266.933519363404,6864.593938350678,7237.923263549806,7097.003524005414
8000.0,6955.452677488328,7179.669651508332,6644.530615329743,7273.858750820161,7013.377923786641
5000.0,6951.787545442582,7212.80049443245,6465.696308135987,7443.588916301728,7018.468316078187
5500.0,6996.680040121079,7332.426469802857,6359.667856931687,7545.984472751618,7058.689709901811
8000.0,7076.630175828935,7404.613204479218,6354.430123686791,7592.998842477799,7107.168086618186
6999.999999999999,7099.047492265702,7440.859492301942,6349.952859878541,7678.140835285188,7142.000169932843
8000.0,7118.96187233925,7444.794921636582,6349.5895704031,7665.195496320725,7144.635465174914
6999.999999999999,7204.011286258698,7514.622547864915,6446.4609776735315,7766.552846670152,7232.911914616824
6500.0,7293.392069578172,7584.587389230729,6456.055291533471,7797.513045310975,7282.886948913337
5000.0,7342.691980600358,7570.583179235459,6525.587822556497,7794.839829921723,7308.425703078509
5500.0,7375.867459774018,7619.505335330964,6692.298428416253,7808.1778025627145,7373.9622565209875
6999.999999999999,7417.667654275895,7710.766627311707,6708.709689497949,7836.50528907776,7418.412315040828
6000.0,7491.913442611695,7733.580710411073,6740.814725279809,7782.916991710664,7437.30646750331
6000.0,7429.973206996919,7704.548136472703,6662.194171190263,7726.961319923402,7380.9192086458215
6999.999999999999,7417.580861568452,7611.609678745271,6571.929755449296,7614.4837572574625,7303.90101325512
6999.999999999999,7377.563637256623,7543.332748889924,6436.904273986817,7510.768125057221,7217.1421962976465
6999.999999999999,7327.308179855348,7549.234652996064,6417.446588873864,7516.152579307557,7202.535500258208
8000.0,7227.318021297456,7427.651295423509,6406.807869434358,7389.240149497987,7112.754333913327
5000.0,7176.548420429231,7377.988508224488,6458.139556407929,7378.1108446121225,7097.696832418443
6999.999999999999,7182.000655651093,7380.035162925721,6580.494542479516,7319.520807504655,7115.512792140246
6999.999999999999,7185.309524297715,7393.685589313508,6718.757805228234,7283.901906967164,7145.413706451655
6600.0,7169.838104248048,7386.0271661281595,6711.406462907792,7278.84891819954,7136.530162870885
6999.999999999999,7105.866092681886,7295.174213171006,6671.111915230752,7219.442203044892,7072.898606032134
5500.0,7051.477649211884,7206.7026867866525,6662.588871359826,7214.563626289369,7033.833208411933
8000.0,7084.019128322602,7309.5074088573465,6548.529614925385,7253.364926099778,7048.855269551278
6999.999999999999,7092.052826642991,7390.514762401582,6493.571645975114,7300.690096378327,7069.2073328495035
4500.0,7031.572361707688,7285.543529033662,6522.858811855317,7278.063650846482,7029.509588360787
8000.0,7009.473285198213,7305.623228549958,6647.432384848596,7262.927002668382,7056.363975316287
5500.0,6932.487327098847,7209.390780925752,6659.274629831315,7232.196598052979,7008.337333977223
6999.999999999999,6858.186156749726,7193.534166574479,6671.480577588082,7240.831232547761,6991.008033365012
5000.0,6863.544573187829,7184.463915348054,6674.963444948197,7253.708790540696,6994.170181006194
6000.0,6956.01806998253,7279.6746888160715,6746.539737582208,7284.495403766633,7066.68197503686
6999.999999999999,7025.62664794922,7325.254912376405,6704.677961587907,7289.583936214448,7086.285864531995
6000.0,7012.954086065293,7319.047167301179,6660.286384820939,7286.960316658021,7069.811988711358
5000.0,7032.8916108608255,7343.621902465821,6611.474992752076,7276.761760234834,7066.187566578389
8000.0,6992.141194820405,7365.142360925675,6599.50545179844,7189.75579071045,7036.636199563743
6999.999999999999,6951.537913084031,7332.452094316483,6562.107300758363,7201.45131468773,7011.887155711652
8000.0,6905.765505671502,7274.7647013664255,6481.285518288613,7142.219011545182,6951.008684217931
6999.999999999999,6881.663170814515,7252.60610985756,6494.662754297257,7166.396980047227,6948.83225375414
6000.0,6845.154438376428,7160.371912956239,6582.886714816094,7170.135679244996,6939.637186348439
6999.999999999999,6875.361606955529,7297.815191268922,6693.027900457383,7256.379526138307,7030.646056205035
6999.999999999999,6876.824270725251,7311.467270851136,6657.986378073693,7265.922590970994,7028.050127655269
6000.0,6918.133466482163,7309.99592781067,6604.4005604982385,7324.34234905243,7039.2180759608755
6999.999999999999,6971.303505659104,7310.017419338227,6539.3936492204675,7327.959538459779,7037.168528169394
6500.0,6970.1305642128,7258.498921394349,6567.99639260769,7280.97657942772,7019.40061441064
5500.0,7004.35664844513,7340.495711803437,6757.2226799726495,7337.124021768571,7109.799765497447
5000.0,6947.71490097046,7249.765921831132,6786.352379083634,7294.38481283188,7069.554503679276
5500.0,6891.598042726518,7219.839796304704,6794.420381188394,7252.077087640763,7039.4838269650945
5000.0,6965.904172658921,7330.479833364488,6727.032869935037,7291.5603301525125,7078.7443015277395
6999.999999999999,6889.377389311791,7244.145887374879,6751.419967532159,7186.510570049287,7017.863453567029
6999.999999999999,6943.4256880283365,7266.207767009736,6722.660583972932,7146.594190597535,7019.722057402135
6999.999999999999,6902.38265657425,7215.529091835023,6669.7674548625955,7110.190022706986,6974.467306494714
5000.0,6877.21029162407,7285.36663722992,6589.508998394013,7134.110919475556,6971.54921168089
6999.999999999999,6894.354331135751,7289.305372953416,6590.833207130433,7082.651109933854,6964.286005288363
6000.0,6896.098037958146,7197.201778411866,6544.983512878419,6995.412039995194,6908.423842310906
6000.0,6873.953498601914,7200.781770944596,6449.561543822289,6979.72487807274,6876.005422860385
7600.000000000001,6885.851952195168,7326.67087340355,6463.712888121606,7009.510482072831,6921.436548948289
6000.0,6861.640919804574,7155.25610280037,6421.454345464707,6928.003450512887,6841.588704645635
6999.999999999999,6873.688987493516,7117.846792697907,6459.736542224885,6905.534058451653,6839.20159521699
5500.0,6858.195662617684,6984.979556560517,6533.826516985894,6836.265211939813,6803.316737025977
6999.999999999999,6840.767273664475,6937.413846492768,6501.26478624344,6819.499753952027,6774.736415088178
4600.0,6825.736843228341,6964.606415033341,6514.917692422868,6833.805671930314,6784.766655653716
6999.999999999999,6778.232714653016,6938.172662734986,6653.852565407754,6799.354753255845,6792.4031740129
6999.999999999999,6740.2551189661035,6895.197046995164,6651.417410016061,6831.055583000184,6779.481289744378
6000.0,6734.544985413552,6917.4585498571405,6652.649453163148,6851.399793624879,6789.01319551468
6400.0,6723.550829172135,6916.448034763337,6692.914243340493,6856.4858462810525,6797.3497383892545
6500.0,6742.26829648018,6932.247613906861,6727.193229794503,6890.541651487351,6823.062697917224
8000.0,6761.637948989869,6970.452110528947,6668.518466472627,6920.2995644807825,6830.227022618056
6999.999999999999,6816.895559430123,7056.0826222896585,6630.11186683178,7032.297287464143,6883.846834003926
8000.0,6864.767523765565,7102.21418619156,6545.918394327165,7079.846465587617,6898.1866424679765
5500.0,6902.1739407777795,7211.163005352021,6508.48552620411,7187.763691425324,6952.396540939809
8000.0,6878.806864142419,7203.883990287782,6524.1028406620035,7206.698553800584,6953.373062223197
6999.999999999999,6871.801452755929,7163.6642496585855,6544.311076045037,7246.349595546723,6956.531593501569
8000.0,6913.2230657339105,7155.933085918427,6572.619964122773,7308.9916121959695,6987.69193199277
5000.0,7005.862708568574,7258.251768827439,6589.265978813172,7403.813058376313,7064.298378646375
8000.0,7027.823743343354,7261.361427545548,6700.785928606988,7421.440243959428,7102.85283586383
6999.999999999999,7115.107449531556,7322.29404115677,6685.68069112301,7503.151858329774,7156.558510035277
6999.999999999999,7169.891833066941,7369.678726434709,6637.85336303711,7533.411929130555,7177.708962917329
8000.0,7117.081363677979,7298.993918895722,6591.519696116448,7523.563849925996,7132.7897071540365
6999.999999999999,7159.045224428178,7343.7053887844095,6611.200562477113,7607.545300245286,7180.3741189837465
4500.0,7155.218905925752,7372.570990085603,6656.55429840088,7658.983618259431,7210.831953167916
6000.0,7212.654186725617,7469.663925409318,6857.3000445365915,7719.14997625351,7314.692033231259
6000.0,7178.993494987489,7476.041949510575,6824.191519737245,7727.677153110505,7301.726029336453
6999.999999999999,7233.1595838069925,7609.381172657014,6809.028007149697,7790.674606561662,7360.560842543841
5000.0,7174.597651004792,7569.503643274308,6811.956227779389,7717.17440891266,7318.307982742787
6500.0,7191.046108961106,7583.047438621522,6950.422833442689,7658.708361387254,7345.806185603143
6999.999999999999,7202.928443908692,7649.40005016327,6941.761747837068,7672.0802245140085,7366.54261660576
6999.999999999999,7174.000847816468,7670.777507305146,6901.761055469514,7641.673846006394,7347.053314149381
6500.0,7151.611635684968,7686.7614176273355,6751.531971454621,7632.407691240312,7305.578179001809
5500.0,7083.610789299012,7597.359142780305,6700.098199725152,7513.3752126693735,7223.610836118461
6000.0,7053.181266069413,7592.147447347642,6675.710275530816,7448.722084999085,7192.440268486739
6000.0,6985.162234544755,7482.60265159607,6688.2625675201425,7322.160132408143,7119.546896517278
6400.0,7027.503850221635,7545.0628168582925,6713.429146289826,7320.616048812867,7151.652965545655
6000.0,6979.472765922547,7430.436101436616,6738.667225718499,7224.213322162629,7093.197353810073
8000.0,6918.138426065446,7362.484850883485,6654.9825237989435,7167.551736354829,7025.789384275676
5500.0,6901.043569087983,7246.218993186952,6523.009252548219,7155.425555229188,6956.424342513085
6500.0,6923.3195374012,7344.986614465714,6471.896613836289,7174.430678367616,6978.658361017705
6999.999999999999,6917.762737631799,7209.954520225526,6492.236278176309,7086.50387954712,6926.614353895188
6999.999999999999,6943.741448163987,7178.231372356416,6521.566840410233,7079.548890590669,6930.772137880326
6999.999999999999,6951.978489398957,7142.7207560539255,6600.717656612397,7057.8631126880655,6938.320003688336
6999.999999999999,6923.904768228532,7022.490538120271,6687.652125477792,7016.5175466537485,6912.641244620086
6000.0,6908.387058734895,6988.098307847978,6742.469572901727,7033.795081615449,6918.187505275012
7600.000000000001,6967.8152654171,7111.214176654817,6735.4521758556375,7118.605608940125,6983.27180671692
6999.999999999999,6950.021107196809,7133.83814239502,6616.041942358018,7172.162495613099,6968.0159218907365
7499.999999999999,6971.423362255097,7165.076904296876,6597.584026575089,7236.337023496629,6992.605329155923
6999.999999999999,6945.576493978501,7160.743881702424,6602.837878465653,7266.097002983094,6993.813814282418
8000.0,6980.913524866105,7280.410360336305,6645.950709342957,7343.884760379792,7062.78983873129
6999.999999999999,6971.760613918305,7274.739076852799,6611.471686363221,7406.256479740144,7066.056964218617
6999.999999999999,6955.8659760952005,7249.821303844453,6684.6036349535,7393.759983062745,7071.0127244889745
6999.999999999999,6955.372497558595,7228.264475107194,6764.551290869714,7385.275789260865,7083.366013199092
6000.0,6957.05544948578,7273.3181562423715,6811.458616256715,7452.483928918839,7123.579037725926
6500.0,7004.26820254326,7360.099291324616,6857.464537382127,7509.961366176606,7182.948349356652
6999.999999999999,6989.8498673439035,7427.382651329041,6826.896145820619,7564.868912696839,7202.249394297601
6000.0,7024.485117197038,7457.541050672532,6805.889830827714,7572.867893934251,7215.195973157884
6999.999999999999,6970.194212198258,7489.57499909401,6719.481491088868,7605.006820201875,7196.064380645753
6999.999999999999,7071.282091856004,7528.563109874726,6767.214173793794,7582.201003074647,7237.315094649793
6999.999999999999,6989.865572690965,7437.645682334901,6747.912302255631,7542.124263763429,7179.386955261231
8000.0,7084.6994178295145,7506.139180660249,6804.472216606141,7554.643905162812,7237.488680064679
7600.000000000001,7136.258419036866,7527.657159328462,6721.819934606553,7623.182039737702,7252.229388177396
6999.999999999999,7118.07906651497,7521.406431198121,6658.735275149346,7623.466389179231,7230.421790510417
6999.999999999999,7178.032162427903,7535.237055778504,6649.9266419410715,7637.402818202973,7250.149669587613
6999.999999999999,7253.40294957161,7544.0543682575235,6658.719983100892,7647.571617126466,7275.937229514123
6999.999999999999,7304.845400571824,7542.787194728852,6667.399667143823,7643.263392448426,7289.573913723231
6000.0,7363.256892681123,7601.024274826051,6664.668176651002,7667.505835533143,7324.11379492283
8000.0,7388.247406244279,7537.561447143556,6717.786140203477,7604.424069166184,7312.004765689374
6500.0,7376.382429838181,7555.417600154878,6664.073853254319,7654.753093719483,7312.656744241715
4600.0,7316.864124059678,7536.724104166032,6682.451589107514,7664.709457159043,7300.187318623067
6000.0,7341.640548944474,7565.325194358827,6872.20565879345,7643.05674314499,7355.557036310435
5500.0,7192.148789644242,7447.626017093659,6952.700108766557,7526.098196983338,7279.643278121949
6000.0,7168.902396202088,7467.756965637208,6859.610797047616,7507.498106479646,7250.9420663416395
5500.0,7112.445806503297,7478.080338239671,6741.063531041146,7486.287621974946,7204.469324439765
5000.0,6998.9044132232675,7442.048139095307,6732.337144255639,7403.572518587113,7144.215553790332
6000.0,6946.057573556901,7480.304711341859,6792.86017894745,7345.552006959916,7141.193617701531
6999.999999999999,6893.950951695443,7475.373232364655,6829.687977910043,7252.396154165269,7112.8520790338525
8000.0,6822.454012393952,7434.41203403473,6790.0294967889795,7167.238456010819,7053.53349980712
8000.0,6794.405089139939,7458.312265872956,6665.214557409287,7161.825070858003,7019.939245820046
6999.999999999999,6764.528559446336,7445.7347626686105,6568.617580413819,7166.600322961808,6986.370306372643
5000.0,6775.34334409237,7437.8738231658945,6589.263499021531,7151.322326660157,6988.450748234988
5000.0,6845.132533550263,7435.998274087907,6814.312856435777,7093.474573850633,7047.229559481145
6999.999999999999,6884.361184120179,7315.863114833833,6883.561864614488,6995.844350337983,7019.907628476621
5500.0,6879.10402584076,7223.695045709611,6800.891397476197,6985.485434055329,6972.293975770474
5000.0,6873.954738497735,7174.276931285859,6774.314643859864,6954.297094583512,6944.210852056743
6999.999999999999,6875.22273862362,7139.431725740434,6722.081552624703,6924.959506273271,6915.423880815507
6999.999999999999,6835.727923750878,7081.06321668625,6588.820029616357,6931.666102766992,6859.319318205119
6500.0,6769.169489502908,7034.7919578552255,6491.914318561555,6916.470352888108,6803.086529701949
6999.999999999999,6774.23983681202,7055.775954723359,6460.489572286607,6914.229861140252,6801.1838062405595
6500.0,6717.550146698953,6923.037667751313,6517.802929997445,6849.531270623208,6751.98050376773
5000.0,6726.128985881806,6899.285396814347,6600.810235500337,6870.5446116924295,6774.19230747223
6999.999999999999,6816.225189089776,7005.776742458344,6834.915791988374,6910.915206313134,6891.958232462407
6000.0,6841.35870397091,7049.05323958397,6834.967454314233,6961.67282152176,6921.763054847718
6000.0,6868.525647997857,7096.732193470002,6800.305340051652,7003.848291158677,6942.352868169547
6999.999999999999,6889.520803928376,7098.075413942338,6789.977007865907,6967.96983909607,6936.385766208173
5500.0,6922.351592063905,7131.7981004714975,6783.107985019685,6955.9891390800485,6948.311704158784
6999.999999999999,6938.824021339417,7231.4700191020975,6762.027276277543,6980.977999448777,6978.324829041959
6000.0,6924.828077316285,7259.365195274354,6779.032860755921,6957.235647678376,6980.115445256234
6999.999999999999,6928.891215920449,7246.805050611497,6792.569216728211,6918.870791196824,6971.784068614245
6000.0,6857.688131928445,7104.725388526917,6753.881574034692,6872.113079905511,6897.102043598891
6000.0,6797.36389386654,6981.092896461488,6679.344823479653,6843.176804542542,6825.244604587556
6999.999999999999,6747.964377880097,6941.497236728669,6592.505413293839,6840.225852489472,6780.54822009802
8000.0,6798.526916146279,7023.244394779206,6522.580248594285,6897.515652179719,6810.466802924872
6999.999999999999,6862.005862474442,7099.857557535172,6433.097380518914,6981.842620134355,6844.200855165721
8000.0,6814.778230667115,7020.718313694001,6422.7963260412225,6970.666199207307,6807.239767402411
7499.999999999999,6802.181715726853,7094.1234526634225,6353.262555122376,7087.816515922547,6834.3460598588
5000.0,6821.013253450395,7179.773802757264,6444.681313872338,7175.119233846665,6905.146900981666
5500.0,6854.676011681558,7149.771630287171,6760.1413947343835,7150.492423057557,6978.770364940167
5500.0,6891.0859657526025,7149.708808898927,6839.768330931664,7171.182977914811,7012.936520874501
6999.999999999999,6904.1490948200235,7152.394423246385,6867.2473154068,7172.126951932908,7023.979446351529
6999.999999999999,6884.114031553269,7145.221212625504,6774.48698937893,7165.556330680848,6992.344641059638
7600.000000000001,6846.044683575631,7146.483426570893,6678.51533317566,7180.064764976502,6962.777052074672
8000.0,6891.586883664132,7225.244915485383,6666.027102470399,7242.524103641511,7006.345751315356
6999.999999999999,6859.9170513153085,7173.302373170854,6568.381586909295,7262.684809684754,6966.071455270053
6999.999999999999,6904.4247649908075,7198.4036507606515,6584.080321192742,7295.9578273296365,6995.7166410684595
8000.0,6948.821714639665,7257.886412858964,6576.528942346574,7343.192071914674,7031.607285439969
8000.0,6934.15209388733,7269.428189754487,6462.263036608697,7437.2968583107,7025.785044640304
5000.0,6957.458828926087,7357.372347116471,6443.629055619241,7547.33347940445,7076.448427766562
6500.0,7020.705088138581,7406.768970012666,6602.465083122254,7579.973323583604,7152.478116214276
6999.999999999999,7087.09324336052,7483.036615133286,6751.403022289277,7598.19896554947,7229.932961583138
8000.0,7080.735884189607,7479.796354055406,6625.410181879998,7640.029744148255,7206.493041068316
6999.999999999999,7033.6115770339975,7534.4517884254465,6583.965010881425,7700.987982273103,7213.254089653493
6000.0,7042.715718746186,7602.880812168122,6627.987098693849,7765.421235084535,7259.751216173173
6999.999999999999,7137.160236597062,7618.251387357713,6711.457298636437,7757.4759826660165,7306.086226314307
6999.999999999999,7090.526101589204,7541.335690021516,6701.811735749246,7688.164153099061,7255.4594201147565
5500.0,7114.93386411667,7536.715838193894,6704.959417939187,7682.581315517426,7259.797608941794
6000.0,7059.235264062882,7477.566194772721,6743.046951055528,7642.993921756745,7230.710582911969
5500.0,7001.216405630113,7464.7845220565805,6811.789255142213,7645.80683207512,7230.8992537260065
6999.999999999999,7083.4603486061105,7575.446877241136,6996.092329502107,7681.533190250398,7334.133186399938
6000.0,7156.073607444764,7630.322186470033,7008.793822288514,7645.4968581199655,7360.171618580819
6000.0,7211.722611665727,7709.165508508683,6922.778529524804,7662.816549539567,7376.620799809695
6500.0,7200.737961292268,7722.541504621507,6882.278572440148,7589.2171602249155,7348.6937996447095
6999.999999999999,7183.753041744233,7714.798768520356,6828.211675286294,7511.007838249207,7309.442830950023
6999.999999999999,7162.92361855507,7632.192775964738,6852.078429937364,7395.4611201286325,7260.663986146451
6999.999999999999,7116.679637432099,7566.512187957765,6743.8615626096735,7343.669845104218,7192.680808275939
6999.999999999999,7073.698235511781,7543.410449028016,6665.50097334385,7343.565693855287,7156.543837934733
6999.999999999999,7041.074923276902,7527.197571277619,6715.863475084306,7283.887028217317,7142.005749464036
6999.999999999999,7005.168366909028,7411.427671909333,6648.784697890283,7242.6001505851755,7076.995221823455
8000.0,6962.009246587754,7262.386408090592,6728.394688844682,7169.695929527284,7030.621568262578
5000.0,7011.807595729829,7376.7519187927255,6645.866809725762,7294.35836172104,7082.196171492339
6999.999999999999,7103.680569648744,7403.330325603486,6841.616189002992,7274.857280254365,7155.8710911273965
5000.0,7124.214071035386,7376.513858795167,6777.161857962609,7255.509945869447,7133.349933415652
4800.0,7063.707981586457,7263.512233495713,6836.80869960785,7191.141167640687,7088.792520582677
5500.0,7029.076038122178,7213.9056549072275,6933.769792675973,7119.433859348298,7074.046336263419
8000.0,7011.345527887345,7258.217051744462,6893.967896938325,7111.590278387071,7068.780188739301
8000.0,6957.300122261048,7217.699736118318,6676.5877084732065,7106.1132452487955,6989.425203025342
6500.0,6876.575051665307,7190.562549591065,6491.625422835351,7155.205680370332,6928.492176115514
6999.999999999999,6914.113310933114,7240.447691440583,6603.173476934434,7182.607378005982,6985.085464328528
5500.0,6956.7578744888315,7259.423057079316,6587.232549667359,7215.906020164491,7004.829875349999
6500.0,7048.699455976487,7319.140572786332,6792.240231037141,7252.098579168321,7103.04470974207
6000.0,7087.339569330216,7312.77246785164,6803.439796686173,7227.308928728105,7107.7151906490335
6000.0,7142.059478282929,7341.395049571992,6636.727950930596,7218.883423328401,7084.7664755284795
6000.0,7132.0121891498575,7395.330517768861,6547.388910770417,7225.797082424165,7075.132175028325
6999.999999999999,7111.105065822602,7412.710550785066,6667.138875722886,7183.883644104005,7093.70953410864
6500.0,7089.539144515992,7386.048657655717,6784.85830461979,7136.41381931305,7099.214981526137
7600.000000000001,7068.333619594575,7338.073781967164,6783.594024181367,7118.735384702683,7077.184202611447
6999.999999999999,7016.327429294587,7285.87416791916,6814.575301051141,7110.337983608247,7056.778720468284
7499.999999999999,7031.693044900895,7283.301797389985,6753.41000032425,7131.013659715653,7049.854625582696
8000.0,7025.438183784486,7217.376536607743,6642.880313992501,7119.690104484559,7001.346284717322
8000.0,7022.953432559968,7205.296644926072,6534.970940828324,7204.740345001222,6991.9903408288965
6999.999999999999,6916.479858756066,7068.145155429841,6473.843250274659,7223.562790155412,6920.5077636539945
5500.0,7023.427072763444,7189.446643352509,6514.055964827538,7337.445568084718,7016.093812257052
6999.999999999999,7038.510818719865,7205.417328119279,6817.723809838296,7366.852590560914,7107.126136809588
6999.999999999999,7095.481551885606,7304.375066757203,6907.953921794892,7428.401845693589,7184.053096532823
6999.999999999999,7088.65137910843,7442.610225200654,6813.130822420121,7552.387294769288,7224.194930374623
6999.999999999999,7116.6432671546945,7530.841211795808,6785.696474194528,7642.899689674378,7269.020160704852
4500.0,7070.635692834855,7448.479065418244,6754.736688852311,7599.511601924897,7218.340762257577
5000.0,7032.855240583421,7391.802600860597,6816.645513772965,7549.190016746522,7197.623342990876
6999.999999999999,7072.683174133302,7420.191255569459,7041.197259664536,7531.6107738018045,7266.420615792275
8000.0,7024.426428794862,7401.148935556413,6981.11108160019,7490.97194838524,7224.414598584176
5500.0,7051.292491436006,7457.117006301881,6769.169076204301,7560.235835313798,7209.453602313996
8000.0,7054.28642654419,7470.889769077302,6852.563642501832,7545.929917335511,7230.917438864709
6000.0,7046.053518295289,7519.667270660401,6679.087338447572,7590.3099217414865,7208.779512286187
6000.0,7079.812575101853,7573.885435104371,6850.184282422067,7558.952129840852,7265.708605617286
6000.0,7160.733962535859,7655.096131563188,6883.353562116624,7570.421992778779,7317.401412248612
5500.0,7188.2497305870065,7682.37466621399,6970.95385503769,7536.17193722725,7344.437547266484
6999.999999999999,7187.309889554978,7705.09038424492,6904.794667243958,7495.0032629966745,7323.049551010133
6500.0,7128.773581266404,7616.991653203965,6791.960427880288,7388.993823528291,7231.679871469737
6500.0,7123.461867570878,7581.662888288499,6688.34481394291,7341.0329999923715,7183.625642448665
6600.0,7112.978961706162,7534.798959255219,6708.844424843789,7285.725380420686,7160.586931556464
8000.0,7089.233303546906,7383.63251399994,6898.544765710832,7174.536482810975,7136.486766517163
6000.0,7054.555897235871,7252.887152910233,6745.733805298806,7117.3276896476755,7042.626136273147
6999.999999999999,7052.461299896241,7215.333188295365,6757.957111597062,7116.817679166795,7035.642319738866
5500.0,7054.621198415757,7268.423047542573,6758.446043848992,7145.053413391114,7056.635925799609
6999.999999999999,7112.783058166505,7240.21293783188,6757.247891187669,7130.713604927064,7060.239373028279
8000.0,7085.154046297074,7162.025107383729,6749.295612692834,7065.92243552208,7015.599300473929
6999.999999999999,7043.696889638902,7112.08458352089,6600.947037339211,7080.375487804414,6959.275999575854
6000.0,7037.259350538255,7085.781433582307,6645.439458966256,7108.0979051589975,6969.144537061454
8000.0,7051.756212472917,7212.364877700807,6591.580451011659,7177.323768615724,7008.256327450276
6999.999999999999,7025.441490173341,7313.505659580232,6481.669885993005,7281.155124425889,7025.4430400431165
8000.0,6998.237349271775,7312.550113201142,6539.705689668656,7279.272962570191,7032.441528677941
6500.0,6898.64271748066,7210.069417238236,6476.246168375016,7292.525795698167,6969.37102469802
6999.999999999999,6944.360569477082,7296.790210723878,6534.2989172935495,7369.877109766007,7036.331701815129
6500.0,6849.308089375497,7227.188245534898,6786.497446894647,7353.248453617097,7054.0605588555345
8000.0,6910.997039437295,7283.119946002961,6838.039916157723,7404.436312675477,7109.148303568364
5000.0,6910.020001530648,7353.671671390534,6685.789801955224,7508.06184577942,7114.385830163957
5500.0,6976.445766925813,7425.394685029984,6980.30762910843,7515.4094684124,7224.389387369157
8000.0,7056.295057773591,7536.377759933473,6782.3078389167795,7607.951159477235,7245.7329540252695
6500.0,7111.877934217454,7556.683947086335,6555.476337909699,7658.883599996568,7220.730454802514
6999.999999999999,7149.681531190873,7580.575912952424,6433.629295825959,7677.078657865525,7210.241349458695
6999.999999999999,7178.461992979051,7600.8010935783395,6398.820873856545,7628.926890373231,7201.752712696792
8000.0,7238.139832019807,7606.516186714173,6496.148562788964,7628.653286695481,7242.364467054606
6999.999999999999,7208.669988155366,7554.0884318351755,6497.292986631394,7615.081387043,7218.783198416234
6999.999999999999,7258.70226430893,7591.270427703858,6503.819384932519,7618.86885547638,7243.165233105422
8000.0,7288.616817474366,7561.590628147126,6601.750489830972,7594.01638364792,7261.493579775096
5500.0,7372.23043203354,7631.844778537751,6724.970923185349,7650.5721650123605,7344.90457469225
6000.0,7399.962768554688,7669.205319404603,6809.420640826226,7677.9664232730875,7389.138788014651
5500.0,7336.053578376771,7576.970295906068,6783.253052830697,7598.860243320466,7323.7842926085
6500.0,7390.221320390702,7557.022025346757,6717.51212322712,7575.076561689378,7309.958007663489
6000.0,7383.38536143303,7587.749123573304,6629.350984096528,7540.62151002884,7285.276744782926
8000.0,7293.840911865235,7454.7083020210275,6699.669609069825,7454.6272954940805,7225.711529612542
8000.0,7272.570912361146,7467.743740081788,6638.239797234536,7498.077378034593,7219.157956928016
5500.0,7153.306159973145,7375.138401031495,6485.294514775277,7481.004012584687,7123.685772091151
6999.999999999999,7110.551245689393,7401.623402357102,6449.842586874963,7478.565550804139,7110.145696431399
6000.0,7130.843380689622,7407.387264728547,6500.958531975747,7497.674825191499,7134.216000646354
7600.000000000001,7152.8713698387155,7434.317801952363,6477.870018601418,7497.012720823289,7140.517977803946
5000.0,7089.917726039887,7359.412389039994,6409.157885313035,7449.599104642869,7077.021776258946
8000.0,7131.659232139588,7484.063248872758,6516.422099351884,7501.989662647248,7158.53356075287
5500.0,7234.102731227876,7556.307018756867,6580.072977900506,7535.131251335145,7226.4034948050985
6000.0,7183.41909646988,7468.459573268891,6605.9053807258615,7496.9490728378305,7188.683280825616
6999.999999999999,7167.131824970246,7476.274223327638,6517.056099414826,7491.343090534211,7162.95130956173
6000.0,7169.443817377091,7473.530747175218,6515.434728980065,7433.339110851289,7147.937101095916
4600.0,7169.790161609651,7451.9681322574625,6592.335134267808,7380.217014312745,7148.5776106119165
6999.999999999999,7120.96389079094,7359.856271743775,6708.039319157601,7270.549882173539,7114.852340966464
6000.0,7084.296864986421,7321.918766021729,6710.425292015077,7209.386647939683,7081.506892740727
6999.999999999999,7064.559376716615,7314.094196796418,6728.407087802888,7174.523257255555,7070.395979642869
5000.0,6991.984967947007,7232.202384233476,6696.673194169999,7117.7814915180215,7009.660509467126
6999.999999999999,6982.633673667909,7272.5171835422525,6722.247285366059,7061.9233582019815,7009.8303751945505
8000.0,6975.982872486115,7286.595787286759,6639.883899092675,7077.3699803352365,6994.958134800197
6999.999999999999,6951.295720100404,7343.018486499787,6570.689446330071,7135.416943073274,7000.105149000884
6999.999999999999,6896.286915421487,7337.164525032044,6394.761041641236,7127.977568149568,6939.047512561084
8000.0,6881.235406756402,7368.066861867906,6381.41314983368,7129.5993518829355,6940.078692585231
5000.0,6842.207619309426,7236.851993560792,6410.386622071267,7113.838622808457,6900.821214437486
6999.999999999999,6816.122277736665,7098.458128452302,6495.177724361421,7059.364213228227,6867.2805859446535
5500.0,6865.834247469903,7176.593056678773,6597.288104772569,7139.39122247696,6944.776657849551
6999.999999999999,6856.259771943093,7131.461675405503,6561.648952603341,7133.465347051621,6920.70893675089
6999.999999999999,6831.8615152835855,7168.618873357774,6567.5983860492715,7149.3170018196115,6929.348944127561
6999.999999999999,6816.735199570657,7092.141272544862,6527.08726990223,7176.672410011292,6903.15903800726
6999.999999999999,6912.911025285722,7188.648150444032,6583.026823043824,7217.345952510835,6975.482987821103
8000.0,6842.180341601373,7087.263522386552,6590.357500433923,7199.566673040391,6929.8420093655595
6999.999999999999,6929.227227687837,7139.685491085053,6567.687658548356,7303.345126628877,6984.986375987531
6999.999999999999,7004.788958787919,7168.989188909532,6530.450280666352,7334.199520826341,7009.606987297536
6999.999999999999,7015.312367916108,7197.471249103547,6544.91862499714,7394.434486389161,7038.034182101489
6000.0,7040.907950639726,7263.0303273201,6624.2773303985605,7427.57442188263,7088.947507560254
5500.0,7146.044503450395,7409.713309288026,6798.316547155381,7504.986904144288,7214.765316009522
8000.0,7125.3704805374155,7412.150117874146,6841.930295944215,7499.982684612275,7219.858394742013
8000.0,7177.23697590828,7476.751996517182,6782.582269191743,7589.212200641633,7256.44586056471
6999.999999999999,7147.82251405716,7483.12340784073,6665.364998102189,7608.695096969605,7226.251504242421
8000.0,7230.955049037934,7616.417168140412,6687.895145058633,7665.508776664735,7300.1940347254285
6999.999999999999,7254.5667984485635,7617.186730146409,6725.536315679551,7711.851122856141,7327.285241782666
6999.999999999999,7188.641537666322,7557.756870269776,6749.628731369973,7702.164230108262,7299.547842353583
5000.0,7218.048560142518,7544.575951099397,6734.549944996835,7704.729161262513,7300.475904375316
4500.0,7269.491837739945,7547.67982363701,6899.386241674424,7685.937300205232,7350.623800814153
6000.0,7205.921552419663,7486.22232079506,7062.592901945115,7619.0498802661905,7343.446663856507
6500.0,7306.606879234315,7591.511794090272,6995.08884048462,7640.206635951997,7383.353537440301
6999.999999999999,7240.045965194703,7553.191573858262,6874.692063212396,7588.726161479951,7314.163940936328
6999.999999999999,7188.024069547654,7609.332403421403,6739.261962413789,7606.64348268509,7285.815479516984
8000.0,7109.463443756104,7599.433901786805,6597.380683660508,7599.511601924897,7226.447407782079
6999.999999999999,7069.938044786454,7565.302049636842,6514.218804478646,7537.024158954621,7171.620764464141
6000.0,7063.806346654893,7574.214420795442,6504.177714824677,7508.6239318847665,7162.705603539945
8000.0,7076.886420965196,7554.240525722505,6617.708775639535,7467.4502980709085,7179.071505099536
6999.999999999999,7034.020742654801,7424.315975666047,6662.769896149636,7431.163506984712,7138.067530363799
6999.999999999999,7049.109448194505,7403.808098793031,6670.909812211991,7425.57240343094,7137.349940657617
8000.0,7059.946137666703,7404.123858928681,6680.330540657044,7433.52261543274,7144.480788171292
5500.0,7089.743314027787,7422.882656097413,6638.566716432572,7476.313073396684,7156.876439988614
6000.0,7110.307399511338,7503.085730552674,6656.077765107156,7524.90459060669,7198.593871444465
6999.999999999999,7151.056988954545,7590.686850070954,6636.906082630158,7548.309690713883,7231.739903092385
8000.0,7142.13469862938,7473.26210308075,6705.570273280145,7437.847372055055,7189.7036117613325
6000.0,7118.825483798982,7387.349721670152,6718.112646102906,7433.044015645982,7164.332966804505
5000.0,7137.450372219087,7398.126069545747,6808.572138786317,7425.213660240174,7192.340560197831
7600.000000000001,7098.94995379448,7311.679706335069,6939.958112716676,7315.814345598222,7166.600529611112
6999.999999999999,7087.007277250291,7279.048954725266,6838.563978791238,7298.835212230683,7125.86385574937
6500.0,7071.600331783296,7243.072964191438,6701.96176314354,7314.706705331803,7082.835441112519
8000.0,7210.724908828736,7345.308987379075,6715.315027832986,7372.5296602249155,7160.969646066428
6999.999999999999,7249.0724067688,7486.283488988877,6656.839887738229,7492.319301843644,7221.1287713348875
5000.0,7226.2227799892435,7533.588820934297,6577.789089798928,7500.064517736436,7209.416302114726
4500.0,7217.99813771248,7548.912280082704,6635.842665314675,7483.889663457871,7221.660686641932
8000.0,7219.701754570008,7547.510371208192,6812.439373850823,7413.747103691102,7248.349650830031
6000.0,7173.537126779557,7533.062278509141,6743.781795978547,7422.994246721269,7218.343861997128
8000.0,7095.665056467057,7475.560869932176,6699.816330075265,7360.930848121644,7157.993276149035
6000.0,7033.046184539796,7459.985298633576,6596.938040852548,7389.742720603944,7119.928061157466
6999.999999999999,7069.9239926338205,7518.004157066346,6555.569330096246,7401.356411457063,7136.213472813369
8000.0,7042.327218055726,7418.324799060822,6531.029725313188,7360.305940628053,7087.996920764447
8000.0,7029.392624855042,7400.234719038011,6566.7585632801065,7365.182864189149,7090.392192840577
5500.0,7057.377073526383,7408.061768054963,6638.74939441681,7408.060114860536,7128.062087714673
8000.0,7064.826367616654,7305.917497158051,6720.508538126946,7397.363946914674,7122.1540874540815
6999.999999999999,7107.133266210557,7378.7010350227365,6708.765898108483,7468.11488223076,7165.678770393134
6999.999999999999,7159.622189283372,7436.783541440965,6642.783602118493,7551.220966100694,7197.602574735881
6500.0,7171.513616800309,7468.1248013973245,6581.368669033051,7587.572231769563,7202.144829750062
6999.999999999999,7123.981797218324,7381.87351512909,6591.755276322366,7572.5347752571115,7167.536340981723
5500.0,7138.928328037263,7455.458852291108,6641.295727133752,7643.92632341385,7219.902307718993
6999.999999999999,7244.212841749192,7586.768779277802,6739.009023666383,7697.361700296403,7316.838086247445
6999.999999999999,7256.250576972962,7507.244341135026,6720.646993160249,7624.149158477784,7277.072767436505
8000.0,7268.549516916276,7472.208191633225,6682.7979333400735,7591.110067844392,7253.666427433492
8000.0,7309.390858650208,7496.367974996568,6643.7226165533075,7638.571626663209,7272.013269215823
8000.0,7242.534022808076,7422.2974252700815,6600.652768731118,7631.942317008973,7224.356633454562
6999.999999999999,7213.165023803712,7416.008673667909,6611.350176572801,7657.655276536942,7224.544787645341
6999.999999999999,7279.27048277855,7522.519857645036,6677.488699436189,7741.888839006425,7305.29196971655
6600.0,7329.642490386964,7677.080311059953,6794.4042625427255,7829.968558311463,7407.773905575276
6000.0,7271.319444179536,7595.330673217774,6924.93181526661,7763.339036703111,7388.730242341758
8000.0,7336.960355520249,7677.874670982362,6987.301468133927,7820.332087993623,7455.61714565754
6999.999999999999,7249.818824052812,7579.861732959748,6864.8691952228555,7794.691042423249,7372.310198664666
6999.999999999999,7238.905261039735,7643.099726200105,6841.583951711656,7821.815829992295,7386.351192235948
5000.0,7220.718469142915,7644.771105766297,6834.200372099877,7794.252945899964,7373.485723227263
6999.999999999999,7196.347076892854,7596.0597319602975,6992.379254817964,7717.880322933198,7375.666596651078
8000.0,7126.2896566391,7563.892701387406,6970.844744205476,7689.161029338838,7337.547032892705
7499.999999999999,7235.244261980058,7635.406585931779,6904.042877078057,7727.922652482987,7375.65409436822
7600.000000000001,7132.582541227342,7584.899016380311,6844.605577826501,7686.398541450501,7312.121419221164
6999.999999999999,7099.754232883454,7565.589705467225,6777.413556814195,7670.951092720033,7278.427146971227
8000.0,7110.59918832779,7569.188709735871,6771.056610941888,7654.252175807954,7276.274171203376
6000.0,7134.796168565751,7598.030339717866,6701.535652279855,7731.459661960603,7291.455455631019
6999.999999999999,7100.783346414567,7581.1644501686105,6763.163020849229,7679.831226587296,7281.235511004926
6999.999999999999,7214.060228586198,7676.43308544159,6763.835044384004,7719.102860212327,7343.35780465603
6000.0,7220.24730873108,7685.328924655915,6735.404646515847,7715.126101016999,7339.02674522996
6999.999999999999,7261.134939908982,7694.862070322038,6799.232416868211,7700.837541580201,7364.016742169858
6400.0,7182.3346009254465,7619.414409637452,6792.2121267318735,7651.926957845689,7311.472023785115
6000.0,7101.428092241288,7545.574480533601,6814.212424874307,7612.329644918443,7268.38616064191
6000.0,7052.780366420747,7503.563503742219,6862.638209342957,7567.684302806855,7246.666595578195
5500.0,7028.735480070115,7492.7623579502115,6844.636575222016,7549.673576116563,7228.951997339726
6999.999999999999,7053.99050474167,7494.461841821671,6736.0845227241525,7522.579372644425,7201.77906048298
6999.999999999999,7031.002009630204,7513.240477323533,6564.048564314843,7516.221186876298,7156.12805953622
6999.999999999999,7045.5129237175,7556.483910560609,6522.53726553917,7502.264092922212,7156.699548184873
8000.0,6970.456243515016,7436.938115119935,6578.083771705628,7382.397577762605,7091.968927025796
6999.999999999999,6955.822166442872,7427.388437509538,6561.368322849275,7415.848313808442,7090.106810152532
6999.999999999999,6944.670543432237,7450.236411094666,6573.720991611482,7457.016161441804,7106.411026895047
8000.0,6989.693640470506,7601.530152320863,6582.236596107484,7575.78330230713,7187.3109228014955
5000.0,6983.074249982835,7593.08067560196,6519.20442557335,7578.278799295426,7168.409537613393
6000.0,7002.976231098176,7519.294475317002,6609.840810060502,7522.931503057481,7163.76075488329
5500.0,7029.2917799949655,7501.27052307129,6662.378915667535,7532.426625251771,7181.34196099639
6500.0,7045.19964337349,7425.96751689911,6748.201197981835,7465.696258783341,7171.266154259444
8000.0,7077.9667835235605,7414.639828681947,6748.883553981782,7452.197926282884,7173.422023117543
6999.999999999999,7009.819629430772,7294.2327189445505,6643.315930724145,7422.2064995765695,7092.393694669009
6999.999999999999,7028.366817712785,7351.623363494874,6544.864896178246,7482.743999719621,7101.899769276381
5000.0,7013.892273902894,7329.114294767381,6524.854217529298,7465.6797268390665,7083.38512825966
6000.0,7075.052201747895,7305.464521884919,6717.568745136262,7399.6387424469,7124.431052803994
7600.000000000001,7141.379188776017,7357.845987319947,6712.527742028237,7391.863769054414,7150.904171794654
6999.999999999999,7101.4528901577005,7333.694469928742,6630.434653043748,7369.839086294175,7108.8552748560915
8000.0,7093.188571214677,7347.00516486168,6591.894144654275,7374.537464857102,7101.6563363969335
6000.0,7078.277584075929,7374.582101106645,6537.044873237611,7422.020515203477,7102.981268405915
6999.999999999999,7095.144300222398,7418.7852137088785,6594.366910219193,7451.4977984428415,7139.948555648328
6600.0,7109.097261190415,7479.492992877961,6688.148083806039,7451.4911856651315,7182.057380884887
6000.0,7120.1976351737985,7462.759358882905,6770.9475001096735,7405.161238431931,7189.766433149577
8000.0,7137.990140199662,7477.466176509858,6802.574762701989,7401.816826105119,7204.961976379157
6999.999999999999,7129.351372718812,7508.725603342057,6689.004851818086,7456.139968395234,7195.805449068547
5500.0,7075.272076606751,7421.849409580232,6633.617052316667,7410.188602685929,7135.231785297395
5500.0,7103.148241043092,7387.949004650117,6657.85329592228,7380.489791393281,7132.360083252192
6999.999999999999,7105.799964904786,7376.232815742494,6670.822606205941,7371.422019958497,7131.069351702929
8000.0,6999.928567171098,7292.640692710877,6639.846702218057,7336.230470180512,7067.161608070136
6999.999999999999,7027.856807231904,7395.051127910615,6508.67977654934,7429.08626818657,7090.168494969607
5500.0,7006.9438977241525,7428.486158609391,6414.945305705071,7470.382238388062,7080.189400106669
5000.0,7057.45808005333,7510.467243671418,6476.171774625779,7490.699171304704,7133.699067413808
5500.0,7118.031123876573,7521.2460713386545,6620.320409536363,7449.029579162599,7177.156795978547
7499.999999999999,7002.8514149189,7385.892430782319,6597.157915711404,7350.867027044297,7084.19219711423
6999.999999999999,6945.829432725907,7348.045850753785,6541.439890623094,7308.127818107606,7035.860748052598
6999.999999999999,6930.352226495744,7298.463243484498,6551.70333492756,7277.8520419597635,7014.592711716891
6999.999999999999,6963.535145044328,7411.58141899109,6603.741349220277,7321.421154499055,7075.069766938687
8000.0,6954.626080274583,7469.894546031953,6611.585756778718,7347.855733394624,7095.990529119969
6400.0,6896.779567360879,7402.680620193482,6548.421330690385,7369.222444772721,7054.275990754367
6999.999999999999,6903.111715316773,7422.918199777604,6624.145488142968,7401.677131175996,7087.963133603335
8000.0,6850.161137700082,7334.780618667603,6748.20987725258,7350.238813161851,7070.847611695529
6500.0,6896.243105769158,7395.46277332306,6668.689572095872,7442.678832769395,7100.768570989371
6999.999999999999,6882.030179977418,7433.215121269227,6692.534421920777,7494.700728416444,7125.6201128959665
6999.999999999999,6917.5655941963205,7474.663185358048,6707.23999965191,7540.271032810212,7159.934953004123
6999.999999999999,6959.72618508339,7527.915884256364,6677.543668150903,7591.029061317445,7189.053699702025
8000.0,6925.448025226594,7421.611349582673,6640.37613773346,7558.825660467149,7136.565293252469
4600.0,6944.480426073075,7401.809386730195,6637.676057934762,7587.3845942020425,7142.837616235019
6999.999999999999,7066.777963638307,7491.04055595398,6843.56695842743,7625.1857113838205,7256.642797350884
6000.0,7158.426103115083,7558.641329288484,6867.323362350465,7674.602172613145,7314.748241841794
6999.999999999999,7169.600870847703,7540.320628643037,6923.603060245515,7639.004763603211,7318.1323308348665
6999.999999999999,7090.707952976228,7430.760127544404,6855.012436747552,7555.66971230507,7233.037557393313
8000.0,7052.305899620057,7396.280277967454,6708.407154917718,7523.496895551682,7170.122557014228
5500.0,7128.930634737016,7439.539416551591,6625.884648680688,7556.217746257783,7187.643111556769
6999.999999999999,7194.512857675553,7553.998332738877,6644.549213767053,7650.482892513276,7260.88582417369
5000.0,7222.041024684907,7614.038221359254,6727.5197356939325,7648.10229253769,7302.925318568946
6000.0,7276.38565850258,7585.842163801194,6831.314721226693,7565.062336444856,7314.651219993831
5000.0,7301.863037824632,7582.577931404115,6799.225390791894,7526.095717191697,7302.440519303084
6999.999999999999,7317.003818988801,7603.071756124497,6832.411615729333,7463.362774848939,7303.9624914228925
6600.0,7280.241734504701,7581.663714885713,6824.592006087304,7365.776360988618,7263.068454116584
6999.999999999999,7194.2657051086435,7453.131154537202,6751.608018398286,7241.154432058335,7160.039827525617
6999.999999999999,7140.634424686433,7465.216832399369,6552.467524051667,7241.83968114853,7100.0396155715
6999.999999999999,7081.040898561479,7446.794460296632,6526.2949764728555,7183.868765354157,7059.499775171281
6600.0,6965.866149187089,7344.002137184144,6487.363900899888,7124.377737283708,6980.402481138707
6999.999999999999,6958.116800308228,7324.331603288651,6600.869750499726,7074.475236892701,6989.448347747327
6999.999999999999,6953.947443962098,7312.851821184159,6552.87544977665,7094.561549186707,6978.559066027404
6000.0,6922.347045779229,7286.561070203782,6568.959378361703,7120.645650863648,6974.628286302091
8000.0,6942.0279121398935,7260.452170610429,6631.678268551827,7086.633655309678,6980.198001652957
5500.0,6870.547504782678,7164.048617362977,6583.725297689439,7105.990082263947,6931.07787552476
5500.0,6926.537893652917,7302.827676773072,6712.503357410432,7186.417164564134,7032.071523100139
5500.0,6944.469680309297,7249.317079544068,6753.023979425431,7144.055710554124,7022.71661245823
6000.0,6974.381753683091,7293.096147775651,6648.770232439042,7139.151509284974,7013.8499107956895
6000.0,6919.882546186448,7269.806771278382,6558.42191708088,7091.500659704209,6959.90297356248
6999.999999999999,6861.647532582284,7250.059363842011,6542.981907725335,7064.318836927415,6929.751910269261
4500.0,6781.816426873208,7144.292943954469,6670.501886487008,7012.354803085328,6902.241515100003
8000.0,6828.162079453469,7171.278036594392,6759.690899252892,6968.315356731416,6931.861593008042
8000.0,6745.488305926324,7138.341444015504,6638.177389144898,7009.8204560279855,6882.956898778678
6999.999999999999,6714.256570100785,7229.725898981095,6535.130887389184,7119.081728935243,6899.548771351577
8000.0,6727.80160534382,7247.953194141389,6487.8875502347955,7133.679435729981,6899.330446362496
6999.999999999999,6758.430338501931,7348.954281091691,6389.779966831208,7222.470028638841,6929.908653765918
6500.0,6800.643418312074,7371.010374546052,6424.790078520776,7262.5492477417,6964.74827978015
6999.999999999999,6840.073758602143,7379.393723487855,6516.80977344513,7305.910057783128,7010.546828329564
7600.000000000001,6882.655500769616,7359.722362995149,6680.285491108895,7291.303258419038,7053.491653323174
8000.0,6945.051604747773,7367.408063888551,6671.769060015679,7340.707320690156,7081.23401233554
6999.999999999999,6972.359070301057,7355.336438179017,6539.802814841271,7400.855493545533,7067.08845421672
6000.0,6986.067358493806,7408.513090133668,6513.6926753520975,7478.798651218415,7096.767943799497
6999.999999999999,6991.227804899217,7383.129116296769,6625.356866359712,7476.983443737031,7119.174307823182
8000.0,6997.072673797608,7373.905117988587,6630.101947665215,7498.8039569854745,7124.970924109221
6000.0,7056.885248184205,7457.794816017152,6614.48752629757,7606.013615608216,7183.795301526786
6999.999999999999,6947.199104309083,7383.6721906662,6632.65985274315,7592.492138385774,7139.0058215260515
5500.0,7012.154766559602,7446.640713214875,6565.913367629052,7657.201474666596,7170.477580517531
6000.0,7128.595862865449,7514.666357517243,6790.634565949441,7687.220179080964,7280.279241353274
6600.0,7204.0369107723245,7580.525490522386,6901.115069746972,7692.803016662599,7344.62012192607
6999.999999999999,7221.13672733307,7627.660543441773,6950.890687465669,7687.7409353256235,7371.857223391534
5500.0,7198.879770755769,7668.711014270783,6824.726328134538,7677.286133766175,7342.400811731816
6500.0,7236.779253005982,7680.357769012452,6705.175986409188,7678.400386810304,7325.178348809482
5000.0,7202.231622457505,7829.224620819093,6760.263731122018,7735.713331222535,7381.858326405288
6999.999999999999,7202.163014888764,7729.907312393189,6922.765303969384,7579.927034139634,7358.690666347743
8000.0,7138.853107690812,7586.774565458299,6884.603790402413,7426.6139159202585,7259.211344867946
5000.0,7117.138398885728,7578.532564640046,6609.2134227752695,7437.846545457841,7185.682732939721
5500.0,7094.254055023194,7484.234354496003,6779.462691307069,7301.354680538178,7164.826445341111
8000.0,7099.359119415284,7485.1055879592905,6664.41606450081,7247.2571992874155,7124.0344927907
6999.999999999999,7038.62902212143,7477.353759288789,6474.576442003251,7241.213120460511,7057.943085968495
6000.0,7014.819715976716,7492.776410102845,6514.059684515,7215.920898914338,7059.394177377225
6000.0,6970.046251296998,7417.779244899751,6538.021497845651,7171.645045757295,7024.3730099499235
6999.999999999999,6904.203236937524,7312.198809385301,6768.173439860345,7115.527360916139,7025.025711774827
6999.999999999999,6877.016454577447,7281.918073654176,6786.424706339837,7084.40928220749,7007.442129194737
6999.999999999999,6921.584923148156,7318.456976890565,6676.2438440322885,7102.933325767518,7004.804767459632
8000.0,6904.339625477792,7267.58157157898,6540.594694972039,7084.430773735047,6949.236666440965
7600.000000000001,6814.320709109307,7163.4600801467905,6375.709215760232,7092.374372959138,6861.466094493867
6999.999999999999,6831.817705631257,7202.20186495781,6417.449481964112,7169.890179872514,6905.339808106423
6000.0,6821.288097023965,7168.978443145753,6398.519579172135,7208.622045516969,6899.352041214705
8000.0,6885.165463209153,7244.331045150758,6572.596819400788,7266.373086452485,6992.116603553296
6000.0,6877.882315158845,7316.4020562171945,6512.746221542359,7372.121321201325,7019.787978529931
6999.999999999999,6911.090444922448,7321.974974632264,6575.147285103799,7388.628467559815,7049.210293054582
4600.0,6888.831421852113,7324.533293008805,6579.509238600732,7418.248752117158,7052.780676394702
6999.999999999999,6964.886631488801,7392.1629972457895,6764.309097886086,7419.483688354493,7135.2106037437925
6000.0,6939.896117925645,7403.340244770051,6759.065991759301,7449.164314508439,7137.866667240859
7499.999999999999,7028.079988479615,7502.432718753816,6877.856277346612,7441.826611042024,7212.548898905517
6999.999999999999,7031.105334281922,7469.054723262788,6737.889397740365,7412.475797176362,7162.631313115359
8000.0,6961.252910137177,7361.881434917451,6732.882285118104,7324.671334743501,7095.171991229058
8000.0,7018.061630249024,7470.998879909516,6624.640206575395,7414.152962923051,7131.9634199142465
6999.999999999999,7039.777165651322,7554.3769142627725,6508.677296757699,7511.478998661042,7153.577593833209
8000.0,6964.298920869828,7476.6346197128305,6554.595185279847,7499.7768619060525,7123.82639694214
8000.0,6975.913438320161,7505.606025457383,6547.805515766145,7560.830158710481,7147.538784563542
6999.999999999999,7057.69200706482,7609.162950992585,6512.3176308870325,7718.597809314729,7224.442599564792
6999.999999999999,7162.682252168656,7712.996786594392,6384.3372374773035,7827.400320768357,7271.854149252177
8000.0,7273.7397208213815,7749.064529418946,6300.2999918460855,7846.485623836518,7292.397466480733
5000.0,7341.869516372682,7785.100034952165,6365.251107811929,7918.450830459596,7352.667872399093
6000.0,7433.632552862168,7813.95075750351,6474.024688363076,7932.0979504585275,7413.426487296821
8000.0,7448.960144996644,7751.289729118348,6591.748663544656,7873.617850780488,7416.404097110034
8000.0,7456.82108449936,7681.78530240059,6569.67603814602,7862.301734924317,7392.646039992572
8000.0,7465.711137533189,7661.843644618989,6574.024766087533,7864.637698650361,7391.554311722518
6999.999999999999,7530.675892353059,7709.9135789871225,6587.660727024079,7918.1400299072275,7436.597557067872
8000.0,7468.128934383393,7590.795960903169,6585.512400865556,7867.167086124421,7377.901095569135
6999.999999999999,7502.009500980378,7657.022929668427,6687.959206342698,7984.726568460465,7457.929551362992
6000.0,7498.2980794906625,7669.9203259944925,6727.257291078568,7995.9277873039255,7472.850870966912
6999.999999999999,7523.3150441646585,7807.105705976487,6820.809497237206,8084.400140285493,7558.907596915961
8000.0,7519.0440163612375,7817.36956357956,6853.792792558671,8083.988494873048,7568.548716843129
5500.0,7556.135086536408,7888.652827501298,6787.300072789193,8116.966417312623,7587.263601034881
6999.999999999999,7534.4096319675455,7880.600944042207,6771.5992720127115,8106.852173805238,7573.365505456925
5500.0,7587.292015314103,7922.30112028122,6837.173228979112,8115.023087263108,7615.447362959386
6000.0,7542.810339450837,7891.872423648835,6773.092933177949,8043.492670774461,7562.8170917630205
6000.0,7498.126147270204,7833.604759454728,6830.228985786439,7899.240711212159,7515.300150930882
6999.999999999999,7455.868017911912,7826.076112031938,6774.5568368434915,7833.822981119157,7472.580986976624
6999.999999999999,7350.866200447083,7737.3400745391855,6699.617533445359,7701.654219627381,7372.369507014752
5500.0,7225.778897285462,7647.521194696427,6608.331443548203,7622.540600299836,7276.043033957482
6999.999999999999,7186.922215461732,7599.9224207401285,6484.095948815347,7537.477960824967,7202.104636460544
8000.0,7145.498122692109,7569.6648297309885,6441.4827959537515,7454.990998268128,7152.909186661244
6000.0,7091.704002618791,7464.629121780396,6448.966393828393,7404.004002332688,7102.325880140067
6999.999999999999,7075.315059661866,7584.919681310655,6555.744982004167,7460.524240016938,7169.125990748406
4800.0,7043.007507562638,7676.028052806855,6506.802574276925,7521.307239532472,7186.7863435447225
6000.0,6998.86969614029,7560.0134806633005,6504.913386344911,7398.812145233155,7115.652177095414
6999.999999999999,6959.963418483735,7498.926293373109,6444.180395960809,7321.9055404663095,7056.2439120709905
5000.0,6891.65053164959,7396.621662616731,6441.857244491578,7229.17951822281,6989.827239245177
6999.999999999999,6849.635008573533,7375.2309799194345,6568.467139720918,7156.508397579194,6987.46038144827
6999.999999999999,6784.739687919618,7235.197145938874,6594.807073235513,7064.876790046693,6919.905174285174
6500.0,6755.800106167794,7206.130681514741,6675.849970459939,7026.810335159303,6916.147773325444
8000.0,6782.879430890084,7251.286034107209,6722.036503076554,7056.02558708191,6953.056888788939
6999.999999999999,6758.549781799317,7220.157209634782,6659.315546393395,7071.298623800279,6927.330290406943
8000.0,6717.406732082368,7077.052567005158,6542.9157799482355,7017.1854372024545,6838.640129059554
8000.0,6784.819041252137,7134.310956001283,6546.780121922494,7113.694794893266,6894.901228517295
5500.0,6725.4796937704095,7121.450756549836,6461.423627138139,7194.953433990479,6875.826877862216
6999.999999999999,6792.181542634965,7194.143368721009,6592.607498049737,7211.6936807632455,6947.656522542239
6999.999999999999,6842.043953061105,7275.807867050172,6655.591312646867,7271.1194076538095,7011.140635102988
6000.0,6936.191309213639,7339.914613962174,6660.298783779145,7358.759377241136,7073.791021049024
7499.999999999999,6966.317471265794,7344.832040786744,6681.520840644837,7371.390609264375,7091.0152404904375
6999.999999999999,6981.917840480805,7323.476901769639,6650.597012281419,7362.202154636384,7079.548477292062
6000.0,7048.5911717414865,7400.810030698777,6700.637141108514,7432.976234674455,7145.753644555808
5500.0,7027.844408273698,7405.41252398491,6681.823788523675,7447.796296119691,7140.719254225493
6999.999999999999,6918.772426128388,7314.24463748932,6700.014300107957,7381.486667633058,7078.629507839681
6000.0,6984.4761588573465,7341.964575052262,6740.645686149598,7366.5136857032785,7108.400026440621
6999.999999999999,6974.126335144044,7298.821986675263,6725.79545390606,7318.878541469575,7079.405579298736
6500.0,7036.652628183366,7387.388571739198,6751.302590727807,7351.828359603883,7131.793037563563
4600.0,7061.844004869462,7426.391561269761,6754.320083856584,7383.692855596543,7156.5621263980875
8000.0,7076.970733880998,7437.768018722535,6811.664438962937,7333.332420349122,7164.933902978898
8000.0,7123.173385143281,7553.463524341584,6730.8017399311075,7383.943314552308,7197.84549099207
6000.0,7071.801194906236,7541.838261127473,6622.738619685174,7421.808906316758,7164.54674550891
6999.999999999999,7041.248508691789,7568.019901275636,6470.7546697855005,7418.72817850113,7124.687814563514
6999.999999999999,7021.758999586106,7565.488860607148,6451.761945605279,7370.86654663086,7102.469088107348
8000.0,6958.671447038651,7473.593568563462,6447.109856486321,7343.676457881928,7055.762832492591
5500.0,6953.697811603547,7472.197445869447,6501.604517698289,7386.710762023927,7078.552634298802
6999.999999999999,6936.235945463181,7380.735290765763,6542.673173666001,7336.410668373109,7049.013769567014
6999.999999999999,6919.996616601945,7257.950060844422,6563.164518594743,7317.8452949523935,7014.739122748376
6999.999999999999,6974.627253055573,7348.894766092301,6565.531479716302,7384.679812669755,7068.433327883483
6000.0,7016.33238887787,7341.2892451286325,6527.085203409196,7378.54728794098,7065.8135313391695
6999.999999999999,7011.195087194444,7324.945765018464,6578.2065213918695,7369.014968872071,7070.840585619212
5000.0,7047.052874326707,7367.399797916413,6607.311009287835,7390.708186149598,7103.117966920138
6999.999999999999,7002.688575267793,7339.9823949337015,6660.739773392678,7372.373433351518,7093.9460442364225
5000.0,6944.104324340821,7324.730023145677,6630.815714359284,7386.117265224458,7071.44183176756
8000.0,7000.1691069602975,7351.221637248994,6692.972931742669,7337.311659336091,7095.418833822013
5500.0,7066.207611560822,7408.953666448594,6686.528779864312,7374.702784299851,7134.098210543395
6000.0,7039.239877462388,7424.101886987687,6629.114577293397,7394.123685836793,7121.645006895066
5000.0,7098.258091926576,7444.007174491883,6567.767838478089,7363.313101291657,7118.336551547051
5500.0,7068.000500917436,7415.825169086457,6456.659534096719,7287.8761863708505,7057.0903476178655
6999.999999999999,7039.8672647476205,7382.315744638444,6498.261345267297,7192.135564088822,7028.144979685546
5500.0,7059.43116760254,7481.98022389412,6533.774854660035,7185.609579086305,7065.19895631075
6000.0,6986.419488906861,7370.154019832612,6444.597000956536,7062.233332157136,6965.850960463286
8000.0,6890.462711453439,7223.38589835167,6453.932176589967,6925.098787903787,6873.219893574716
6999.999999999999,6846.272411108018,7244.40874528885,6442.245745182038,6952.074374675752,6871.250319063664
5000.0,6795.442468643189,7247.760596990586,6385.955714821816,6990.205304145814,6854.8410211503515
8000.0,6771.935697078706,7199.200490474702,6386.4839104413995,6925.660460710526,6820.820139676333
4600.0,6753.632354974748,7074.4124155044565,6388.9715547561655,6926.544919729234,6785.890311241151
5000.0,6773.941848516465,7146.1891579628,6472.331817269326,6917.523024439813,6827.496462047101
6999.999999999999,6773.049536824227,7074.984420776368,6628.817828893662,6819.3336079120645,6824.046348601581
8000.0,6774.626271009446,7046.25686120987,6576.1925172805795,6837.741927862168,6808.704394340516
8000.0,6756.812274456025,7008.325968265534,6530.324637889863,6868.841821432115,6791.076175510884
6999.999999999999,6780.560825705529,7034.610106468202,6476.92356479168,6943.559596776963,6808.913523435594
6999.999999999999,6766.019740819932,7017.7334711551675,6493.291016221047,6999.613633632661,6819.164465457202
6000.0,6827.845492720605,7119.924858093263,6525.767194151879,7098.35397720337,6892.972880542279
6000.0,6838.285002231599,7097.495969295503,6509.842385530473,7112.141618728639,6889.441243946553
5500.0,6926.165924906732,7206.3621287345895,6510.734697222711,7169.535569667817,6953.199580132962
8000.0,6875.69183254242,7104.507993459702,6553.70411348343,7128.9116230010995,6915.703890621663
8000.0,6966.668775081635,7131.269904851914,6555.4825373888025,7188.3340435028085,6960.43881520629
6000.0,6954.60789513588,7173.652023792268,6496.587072610856,7304.210573911668,6982.264391362668
6000.0,7053.145722389222,7263.80732870102,6506.572780251504,7356.281238794328,7044.9517675340185
6000.0,7119.576860666276,7332.634772300721,6528.319313049317,7395.3346507549295,7093.966399192811
6999.999999999999,7124.6083579063425,7305.07188820839,6662.81701219082,7340.389907360078,7108.2217914164075
6999.999999999999,7176.725312232972,7358.459322452546,6725.350744605065,7344.361706972123,7151.224271565677
6000.0,7220.464703798295,7384.639309406281,6714.629778742791,7357.141726493836,7169.218879610301
6999.999999999999,7188.057133436204,7316.797169685365,6730.612035870553,7325.143321752549,7140.152415186168
6999.999999999999,7146.161880254746,7266.959970474244,6675.501559734345,7278.832386255265,7091.86394917965
6600.0,7234.3928668499,7362.565857410432,6623.892136096955,7362.853513240815,7145.926093399526
6999.999999999999,7107.61517238617,7265.6646926403055,6594.737225770951,7304.373413562776,7068.097626090051
8000.0,7081.188859462739,7382.556284427644,6626.9753437042245,7358.118764400483,7112.209812998773
8000.0,7139.673918724061,7518.436467409135,6629.076140522958,7474.220129251481,7190.351663976909
6999.999999999999,7131.782395124436,7497.1110858917245,6568.836628675462,7501.825996398927,7174.889026522637
5500.0,7115.232265710832,7441.920016527177,6584.468408584596,7458.783426284791,7150.101029276849
6999.999999999999,7069.19328069687,7377.521480798722,6615.068210840226,7460.144005298615,7130.481744408608
6999.999999999999,7069.480109930039,7371.17982697487,6661.434115052224,7443.751755952836,7136.461451977492
6500.0,7058.238387823106,7381.77845644951,6619.870327353478,7477.159508943559,7134.261670142413
6999.999999999999,7031.254121780396,7442.668087005616,6627.371283769608,7525.826246500016,7156.779934763909
6999.999999999999,7137.305717706681,7478.46635913849,6618.899075627328,7530.414687633515,7191.2714600265035
8000.0,7210.384350776673,7563.107434034348,6640.915905714036,7577.271177291871,7247.919716954232
8000.0,7103.798773050309,7478.238218307496,6623.151091694833,7579.545972824098,7196.183513969184
6000.0,7016.017455339433,7399.557735919953,6608.376079797746,7597.8038520813,7155.438780784608
6000.0,7086.438578367234,7474.9905178546915,6671.714917898179,7651.67567229271,7221.204921603204
5500.0,7170.183621883393,7533.792163848878,6660.402108430863,7658.876160621644,7255.813513696195
5500.0,7239.5905101299295,7605.666444778443,6802.697099089623,7658.810032844544,7326.691021710635
6600.0,7229.325825929643,7650.8251037597665,6801.694849967957,7693.702354431153,7343.88703352213
6999.999999999999,7236.588309049607,7627.431576013566,6805.695580482484,7637.047381401063,7326.69071173668
6000.0,7212.240061521531,7682.898728847505,6707.394986629487,7657.91069507599,7315.111118018628
4500.0,7177.155969381333,7678.545867919923,6691.860745191575,7603.980186462403,7287.885692238809
6000.0,7181.2914352417,7656.4319126606,6772.151025652886,7495.157836675645,7276.258052557708
6999.999999999999,7169.678570985795,7656.284778356553,6785.849807977677,7406.585465431214,7254.59965568781
6500.0,7081.183073282243,7651.141690492631,6648.69914507866,7376.584946155549,7189.402213752271
6999.999999999999,6953.351467370988,7529.035096883775,6475.822950601579,7269.018197536469,7056.806928098203
8000.0,6856.976845026017,7371.055010795594,6424.010184049607,7127.977568149568,6945.0049020051965
6999.999999999999,6828.04304945469,7380.557572364808,6392.404412984849,7170.669661045075,6942.918673962356
6999.999999999999,6807.932765841485,7422.9297721385965,6464.649009466172,7177.540337085725,6968.262971132995
6999.999999999999,6807.552117824555,7433.025003910066,6512.72101032734,7204.014592647553,6989.328181177379
6999.999999999999,6810.649377584458,7400.619086742402,6534.920518398286,7184.6143560409555,6982.700834691525
6000.0,6820.712785363198,7394.374971389771,6576.36155641079,7189.2714047431955,6995.180179476739
8000.0,6859.397121667863,7391.428978919984,6637.4342782497415,7214.375988721848,7025.659091889859
5000.0,6853.940753459931,7377.755407810212,6597.128571510316,7284.974003553391,7028.449684083463
6000.0,6881.70615386963,7237.127250432969,6692.026891231538,7192.711702346803,7000.892999470235
8000.0,6868.935226917268,7131.758423805238,6710.3087418079385,7136.1112847328195,6961.778419315816
5000.0,6854.857036471368,7170.286119937898,6631.2856348752985,7201.556292533875,6964.49627095461
6999.999999999999,6841.883179903031,7208.547651767732,6649.2649508714685,7219.738124847413,6979.858476847411
6999.999999999999,6899.928902745248,7274.562185049058,6639.91365659237,7256.533273220063,7017.734504401685
6000.0,6976.930152893067,7318.201558351518,6602.392342567445,7303.5823600292215,7050.276603460313
9000.0,6974.162705421449,7285.77497625351,6658.200466752053,7270.654860019685,7047.198252111674
8000.0,6962.310127973557,7256.791171550752,6550.918067574502,7327.427209854127,7024.3616442382345
5500.0,6984.191809415818,7297.96480536461,6542.631430506707,7365.656504392625,7047.61113741994
5500.0,7072.47983121872,7444.75028538704,6612.404088020326,7478.17291712761,7151.951780438424
6999.999999999999,7142.156190156938,7509.478633403779,6711.067971348763,7488.671528339387,7212.843580812217
6999.999999999999,7174.329006910325,7472.871949195863,6693.948729753495,7441.706754446031,7195.714110076428
8000.0,7201.397585868836,7486.519069194795,6594.897585630418,7466.705533981324,7187.379943668843
6999.999999999999,7225.360639095307,7503.0849039554605,6522.54387831688,7488.91950750351,7184.97723221779
6999.999999999999,7173.200701713563,7411.559100866319,6495.976630568505,7439.73779988289,7130.118558257819
5500.0,7167.412041425706,7424.211824417115,6496.925150871278,7459.611676692964,7137.040173351766
6000.0,7159.151855468751,7426.1890449523935,6609.916030406953,7453.831282377244,7162.272053301335
6800.0,7154.29807662964,7411.909578084947,6700.32840704918,7424.296137332917,7172.708049774171
6600.0,7123.332918405534,7403.994909763337,6561.03065788746,7436.496712207795,7131.213799566031
5000.0,7118.0798931121835,7423.538974285127,6534.785783052445,7442.1382381916055,7129.63572216034
6000.0,7023.371690750123,7326.725428819657,6574.92906343937,7358.595710992814,7070.905473500491
5000.0,7089.296951532365,7437.075330257417,6654.234866619111,7400.645537853242,7145.313171565534
5500.0,7122.236850500108,7490.375971794129,6870.976095438004,7337.325711488725,7205.2286573052415
8000.0,7045.264944553376,7385.097244262696,6849.762717843057,7195.857731342317,7118.995659500361
6999.999999999999,7032.283235311509,7473.7969114780435,6688.800269007684,7235.06819677353,7107.487153142692
5500.0,6959.943580150605,7466.339351415635,6535.748768806458,7213.04103422165,7043.768183648587
5800.0,6922.4883939027795,7410.832521915437,6512.482123732568,7131.761730194093,6994.391192436219
8000.0,6956.685960531236,7447.011028766633,6498.11421096325,7122.591460704804,7006.100665241481
6500.0,6850.20494735241,7233.076097488404,6462.408931016923,7030.034064292909,6893.9310100376615
6999.999999999999,6834.223516821862,7166.903684139253,6532.904034495355,6967.685489654542,6875.429181277753
6999.999999999999,6861.3830214738855,7206.73079109192,6508.819058179856,6984.248018026353,6890.295222193004
6999.999999999999,6896.650618195535,7286.863604784013,6435.900784969331,7047.810863971711,6916.806467980147
6999.999999999999,6881.568525433541,7264.910009384156,6427.6707698106775,7094.936824321748,6917.271532237531
8000.0,6862.632009863854,7225.6615204811105,6538.907610058785,7093.5332622528085,6930.18360066414
6000.0,6813.15603363514,7141.539548635484,6469.176282405854,7159.194838523866,6895.766675800086
6999.999999999999,6773.731892824174,7142.360359668733,6534.015807747842,7198.454899787904,6912.140740007163
8000.0,6744.286020278932,7153.316905736924,6581.417438268662,7234.545787334443,6928.39153790474
6999.999999999999,6790.213827967645,7224.210842370988,6560.305318832398,7332.363648414613,6976.773409396411
6500.0,6811.220556259156,7285.525343894959,6533.696741223336,7439.168274402619,7017.402728945018
6999.999999999999,6812.363740205766,7288.600285530091,6578.1999086141595,7457.431113243104,7034.14876189828
6999.999999999999,6850.412836551667,7276.49394273758,6552.604325890542,7469.855695962907,7037.341700285674
6000.0,6936.333483934403,7372.1791830062875,6574.797221183778,7519.43086385727,7100.685187995435
6000.0,6985.716881275178,7418.657091140748,6644.1797248125085,7547.9393751621255,7149.12326809764
6999.999999999999,7089.149817228318,7540.760378360749,6676.588948369027,7609.635764598847,7229.033727139235
6999.999999999999,7156.643959522248,7617.900910139085,6680.955034852029,7612.816510677339,7267.079103797675
6000.0,7010.385848522187,7530.358479022981,6556.944374561311,7587.937587738038,7171.406572461129
6999.999999999999,6963.527705669404,7502.6567265987405,6601.906303405763,7528.708590984345,7149.199831664563
8000.0,7068.76510334015,7564.187796592713,6591.9896166324625,7554.066940307618,7194.752364218236
8000.0,7067.566537380219,7593.269139766694,6610.905467271806,7581.982781410218,7213.430981457234
4600.0,6998.703550100327,7509.409199237824,6557.680459380151,7575.756024599076,7160.387308329345
6999.999999999999,7069.84877228737,7572.475260257722,6690.735333085061,7575.092267036439,7227.037908166648
5000.0,7073.386608362199,7559.1835770607,6771.732767462731,7517.204010963441,7230.376740962268
6000.0,7137.639662981034,7553.606525659562,6948.115800619126,7440.181682586671,7269.885917961598
6000.0,7123.2428193092355,7513.585168361665,6905.704337477685,7382.023129224778,7231.138863593341
6000.0,7120.344769477845,7501.996275424958,6839.96712756157,7331.892488002778,7198.550165116788
6000.0,6999.487990856172,7406.066362380982,6722.649424910546,7216.942573070527,7086.286587804557
5500.0,6984.027316570283,7465.825207948686,6691.199054121972,7209.190744400025,7087.5605807602415
6999.999999999999,6949.461500883103,7447.839279174806,6812.007063508035,7146.779348373414,7089.021797984839
8000.0,6868.627319455148,7333.11337208748,6695.639534354211,7093.787027597428,6997.791813373567
5000.0,6808.656451702119,7277.612328767777,6593.902362585069,7092.495056152345,6943.166549801827
8000.0,6887.4799354076395,7265.042264938355,6619.032157778741,7049.063985347749,6955.154585868121
6999.999999999999,6881.812784910203,7232.108978748322,6520.225273132325,7057.954864978791,6923.02547544241
6999.999999999999,6884.541382312776,7230.9120659828195,6479.355827093125,7069.076730489732,6915.971501469613
6999.999999999999,6911.610374569894,7273.135478258134,6547.984060764314,7079.704290866853,6953.1085511147985
6999.999999999999,6936.164858102799,7333.366310834886,6572.410835027696,7123.871033191682,6991.453259289266
6800.0,6944.546553850175,7342.294387340547,6604.9485944509515,7146.3635699749,7009.538276404143
6000.0,6905.627463936807,7315.681263446809,6457.878351688386,7171.390453815461,6962.644383221866
4500.0,6924.739631414414,7351.132364749909,6547.798076391221,7164.324700832368,6996.998693346978
6999.999999999999,6930.675012707711,7332.576910495759,6674.334817767144,7119.065196990968,7014.1629844903955
6999.999999999999,6842.67092704773,7198.107728958131,6781.595312118531,7046.6519746780405,6967.256485700608
5500.0,6725.829757690431,7078.914063930512,6625.897047638894,7043.574553251267,6868.553855627776
8000.0,6794.52659893036,7189.1903982162485,6666.447013854981,7082.661855697633,6933.206466674806
8000.0,6764.836466908456,7152.902780532838,6564.0539371967325,7094.234216690064,6894.006850332023
6500.0,6834.260300397874,7257.652485847474,6438.931503653527,7228.081797122956,6939.731521755458
8000.0,6878.095990538598,7271.437647581101,6531.330606698991,7243.558176755906,6981.105605393649
6999.999999999999,6936.469872474671,7319.273654937745,6475.402625918389,7322.8296761512765,7013.493957370521
6999.999999999999,6997.559539556504,7377.4297285079965,6527.269534587861,7380.089718341828,7070.5871302485475
6500.0,7002.559626102448,7436.463648319245,6547.034713864327,7444.918911218644,7107.744224876166
6999.999999999999,7105.848734140397,7508.738828897477,6627.628355503083,7473.263756275178,7178.869918704034
5500.0,7129.438992023469,7449.646220684052,6579.053783535958,7436.705014705659,7148.711002737285
6999.999999999999,7102.604340076447,7362.123627901078,6511.667512178422,7421.434457778932,7099.45748448372
6999.999999999999,7167.445105314256,7478.410150527955,6566.688715815545,7500.242236137391,7178.196551948787
6600.0,7100.017917394639,7394.9519362449655,6601.688908338548,7467.198185920716,7140.964236974717
8000.0,7108.66577744484,7394.907299995423,6741.878555893899,7467.670999526978,7178.280658215285
8000.0,7146.5603001117715,7423.677842617036,6578.431769132615,7541.720884323121,7172.597699046136
5500.0,7119.743006706239,7421.371636390687,6502.439794182778,7571.899948596955,7153.863596469165
5000.0,7119.596698999406,7426.071668148042,6503.349464416505,7606.463284492494,7163.8702790141115
6000.0,7134.253920793534,7438.22595357895,6642.307482123376,7587.427577257157,7200.553733438254
6999.999999999999,7155.78347182274,7491.418310880662,6759.911600708962,7607.564311981202,7253.6694238483915
5500.0,7153.921974897386,7625.736225128175,6787.278994560243,7668.720106840135,7308.914325356484
6999.999999999999,7137.218924999238,7653.895085811616,6913.578915834428,7672.334816455842,7344.256935775281
6000.0,7074.333062171937,7643.708928346635,6856.701174855233,7635.034617185594,7302.44444563985
5000.0,7128.935594320298,7723.61938738823,6948.509260892869,7588.553402662278,7347.404411315919
8000.0,7164.781809091569,7639.198187351228,6903.01045715809,7441.79272055626,7287.195793539287
8000.0,7048.564720630647,7547.211143016816,6537.63175725937,7389.336861371995,7130.686120569707
8000.0,6961.376073122025,7553.285805940629,6413.53678405285,7401.667212009431,7082.466468781234
6600.0,6853.834949016572,7457.706370115281,6372.863654851914,7398.436043500901,7020.710254371167
8000.0,6929.1594467163095,7451.671383857728,6583.0450081825265,7394.713876247407,7089.647428750993
6999.999999999999,6964.345210313798,7441.020678758622,6462.362228274346,7439.803927659989,7076.883011251689
5500.0,6978.141944408418,7462.855244159699,6517.040394067765,7493.875784397126,7112.978341758252
6999.999999999999,7020.559607028962,7470.616991996766,6664.096997976304,7488.721124172212,7160.998680293561
6999.999999999999,7078.580118656159,7540.590925931931,6650.071709752084,7543.181481599809,7203.106058984996
8000.0,7082.340309381486,7517.008107423783,6666.558604478837,7538.583121299745,7201.122535645963
6500.0,7034.51256799698,7508.620625495912,6603.404510855676,7577.952293395997,7181.122499436141
6999.999999999999,7108.699667930604,7510.0671706199655,6634.7685022354135,7582.47543334961,7209.002693533898
6999.999999999999,7115.849733829499,7440.209786891938,6542.5653027296075,7559.572077751161,7164.549225300551
5500.0,7026.83182668686,7379.425134181977,6571.822297811509,7533.917806625367,7127.999266326428
6500.0,7201.104143857957,7440.5296800136575,6650.357299089433,7578.753266096116,7217.686097264291
5500.0,7292.781214237214,7538.695538520814,6586.734938144685,7635.400799751283,7263.403122663499
6000.0,7280.590558528901,7574.578123569489,6596.164345860482,7627.323291778565,7269.6640799343595
6999.999999999999,7240.00546193123,7563.624057292939,6635.550463199616,7567.232154130937,7251.60303413868
4500.0,7187.172674417497,7617.316505908967,6580.111414670945,7595.26123905182,7244.965458512307
6999.999999999999,7124.926597833634,7611.3087973594675,6701.933245539666,7505.691164970399,7235.964951425792
6999.999999999999,7108.309514045716,7674.154156923295,6822.280426979066,7472.982713222505,7269.431702792645
8000.0,7113.743564128877,7778.602154254914,6805.551339268685,7478.43990802765,7294.0842414200315
7499.999999999999,7028.191579103471,7675.186576843263,6629.782467842103,7388.363956451417,7180.381145060063
6000.0,6953.752367019654,7584.439428329469,6558.314459443093,7324.558917522431,7105.266293078662
5000.0,6927.362011075021,7485.060951709748,6570.269534945489,7266.9260799884805,7062.404644429685
6500.0,6951.320518016816,7478.9664504528055,6725.003573775292,7199.999809980393,7088.822588056327
6999.999999999999,6914.142241835595,7377.749621629716,6711.913993597032,7115.959671258927,7029.941382080317
6999.999999999999,6896.831229686738,7325.504544734956,6611.544840216638,7072.293020248414,6976.543408721686
4600.0,6901.040675997735,7383.311794281007,6514.098121285439,7090.944359779359,6972.348737835885
6000.0,6937.050970315934,7368.295829296113,6445.181818485261,7072.780712604524,6955.827332675458
8000.0,6945.601291894914,7381.938816308976,6414.05340731144,7076.973213672639,6954.641682296992
8000.0,6882.548869729043,7234.625140666963,6332.395108461381,7063.779895544053,6878.33725360036
6000.0,6925.910919666291,7215.236476421357,6296.014085292817,7105.790872335435,6885.738088428975
6600.0,6951.48253107071,7199.396394014359,6337.349732160569,7119.827319622041,6902.01399421692
6500.0,6983.111446857453,7152.277046442033,6341.333104133607,7109.6155376434335,6896.584283769132
5500.0,7117.638490200044,7177.181593894959,6356.383786201478,7144.969100475312,6949.043242692948
6000.0,7121.2614657878885,7154.678311347962,6311.953359365464,7130.602014303208,6929.623787701131
6999.999999999999,7224.057095289231,7182.785923004151,6346.697720050813,7130.085391044618,6970.906532347203
6999.999999999999,7236.391578912736,7204.4584753513345,6417.531315088273,7149.024386405946,7001.851438939572
6999.999999999999,7191.393279790879,7138.336484432221,6386.296686172486,7112.727676153184,6957.188531637193
6999.999999999999,7196.068513631822,7249.090591907502,6425.541042089463,7168.948685646058,7009.912208318711
6500.0,7198.797937631608,7243.053125858308,6532.656468629838,7158.321125268937,7033.207164347173
4000.0,7198.939285755158,7241.00316476822,6586.125735998155,7170.740748405457,7049.202233731748
6000.0,7139.814440250398,7132.758606433869,6738.214663743974,7053.5499284267435,7016.084409713746
6999.999999999999,7105.518921852113,7069.578474998475,6842.4824628829965,6965.94798231125,6995.8819605112085
6999.999999999999,7071.036592483521,7085.897157192231,6837.792350292207,6953.092742443086,6986.954710602761
8000.0,7122.426141262055,7170.131546258927,6807.823241710664,6978.886708498002,7019.816909432412
5500.0,7105.058507204057,7163.174077510835,6671.0032176971445,7027.3492765426645,6991.646269738675
5500.0,7061.191819667817,7151.805059432984,6596.775614500047,7000.828731536866,6952.650306284429
6999.999999999999,7013.301256895066,7138.885344982148,6529.460843801499,6961.8331813812265,6910.870156764985
8000.0,6987.926375627519,7275.473095178605,6543.175744771958,7046.618910789491,6963.298531591893
6999.999999999999,6994.979729652406,7331.211371898652,6505.772220849992,7128.97361779213,6990.234235048295
6999.999999999999,6899.365163445474,7228.277700662614,6366.469098806382,7136.190638065339,6907.575650244952
6000.0,6772.288240790368,7146.043676853181,6239.702150106431,7148.725984811784,6826.690013140441
6999.999999999999,6828.534874796868,7189.182132244111,6276.685762643815,7168.142753362657,6865.636380761863
6999.999999999999,6853.739477038384,7178.78849887848,6279.023792862893,7167.303757190705,6869.713881492616
8000.0,6831.571792960168,7196.154479742051,6401.637090563775,7205.816574573518,6908.794984459878
6999.999999999999,6953.58374118805,7276.193061351777,6533.106550812722,7324.547345161439,7021.857674628497
6999.999999999999,6953.842466115952,7340.275836944581,6562.2052525281915,7388.464801311494,7061.197089225055
8000.0,6936.342576503755,7342.078645467759,6592.156175971032,7441.815038681031,7078.098109155894
5000.0,6914.986197590829,7348.8162393569955,6592.106993436814,7517.132097005845,7093.260381847621
6500.0,6884.867061614991,7378.263765096665,6626.220660448075,7557.246033191682,7111.649380087853
6999.999999999999,6891.801798939706,7393.7227861881265,6630.470610022546,7567.1999168396005,7120.798777997495
5500.0,6963.316923379899,7383.668884277345,6698.266047000886,7547.449203014375,7148.175264418126
5500.0,7082.95033812523,7532.271224975587,6731.021614789964,7633.798854351045,7245.010508060456
6000.0,7124.026433467866,7580.027052402497,6744.015722990037,7627.608467817307,7268.919419169427
6999.999999999999,7139.57224726677,7553.245302677155,6727.095278024674,7543.51294708252,7240.85644376278
6999.999999999999,7141.356870651246,7542.778928756715,6644.440929532052,7481.872766256333,7202.6123737990865
6000.0,7031.053258657456,7411.152415037156,6521.109732151032,7399.0121817588815,7090.581896901132
6000.0,7067.0085842609415,7475.988220691682,6536.126937031747,7411.027598857881,7122.537835210563
6600.0,7117.058218955995,7543.237690210343,6575.8391469717035,7387.856425762177,7155.997870475055
5500.0,7076.162321805955,7477.940643310548,6539.658573627473,7288.776350736619,7095.634472370149
6999.999999999999,7001.676820278169,7344.023628711701,6562.671040058137,7153.6822617053995,7015.513437688352
6000.0,6979.16444516182,7284.847534179688,6591.584997296334,7074.857951402665,6982.613732010127
8000.0,6982.856028318406,7235.947696208955,6545.827055335046,7019.357734680177,6945.997128635646
6800.0,6974.229659795762,7279.915228605271,6487.274215102197,7051.13461136818,6948.138428717853
4000.0,6915.959102511407,7260.476141929627,6390.273858666421,7068.617969036103,6908.83176803589
5000.0,6880.443113327027,7254.062574148179,6457.922574639321,6983.7495799064645,6894.044460505248
6999.999999999999,6787.508788585664,7138.064533948899,6504.502980828286,6882.29551768303,6828.09295526147
6999.999999999999,6753.493899941445,7110.168531179429,6547.424041152001,6870.1358593702325,6820.305582910777
6999.999999999999,6733.41006743908,7062.259783267976,6574.478981256486,6819.360885620118,6797.377429395915
8000.0,6637.289210438729,6945.564095020295,6558.026390314103,6818.966598749162,6739.961573630572
6500.0,6717.684882044793,7041.760998964311,6542.360306620599,6940.605338335038,6810.602881491185
6999.999999999999,6706.8647245168695,7021.047299385072,6444.260989189149,6958.016782045365,6782.547448784114
6999.999999999999,6692.5141702890405,7019.8966760635385,6489.456018447877,6965.891773700715,6791.939659625293
8000.0,6789.564122557641,7074.5777349472055,6573.421350121499,7006.662854671479,6861.056515574456
6200.0,6851.816811919213,7146.256938934327,6580.250696301461,7111.384455680848,6922.427225708962
8000.0,6869.672964930535,7211.8722257614145,6676.453386425973,7181.3195395469675,6984.8295291662225
6999.999999999999,6809.916185855866,7206.825023174287,6589.847903251649,7272.575871944428,6969.791246056558
6999.999999999999,6799.816821098329,7198.27966117859,6526.286297202111,7349.318810462953,6968.4253974854955
6999.999999999999,6836.456569194795,7245.164255142213,6486.281885147096,7400.469472646714,6992.093045532704
6999.999999999999,6871.741111159326,7317.0021657943735,6554.13353073597,7475.259988546372,7054.5341990590105
5000.0,6930.965561628343,7316.974061489106,6566.527116060258,7499.288342952729,7078.438770532609
8000.0,7045.951020240785,7403.924649000169,6684.552799224854,7546.872238159181,7170.325176656247
8000.0,7057.601907968522,7413.507390499116,6680.89675974846,7613.533997058869,7191.385013818742
4600.0,7125.8085770607,7469.134903192521,6633.955957174302,7689.789243221284,7229.672170162202
6999.999999999999,7083.795947074891,7433.997908830644,6710.953900933267,7652.83208179474,7220.394959658385
6600.0,7063.313694715501,7432.71255016327,6671.594648003579,7623.127484321595,7197.687094300986
8000.0,7174.435637950898,7564.932560682298,6696.242123723031,7691.558161258698,7281.792120903731
6000.0,7258.984960556031,7653.7859749794015,6741.20570576191,7723.2457654476175,7344.30560168624
6000.0,7259.544566869737,7660.661610603333,6805.696407079698,7718.911916255952,7361.20362520218
6500.0,7241.185016155244,7679.1013412475595,6789.717869639398,7705.73926305771,7353.935872524978
6000.0,7213.861018657685,7630.231260776521,6753.28849053383,7613.009107828141,7302.597469449044
7499.999999999999,7180.749187469483,7546.703612327577,6741.310270309449,7505.817634344102,7243.645176112653
8000.0,7199.637760400773,7552.528642892838,6663.224937915803,7495.387630701066,7227.69474297762
8000.0,7191.785913467408,7583.168121814729,6589.3300400972375,7536.1347403526315,7225.1047039330015
6999.999999999999,7161.227441072465,7602.121995925904,6497.213220000268,7563.417407989503,7205.995016247035
5000.0,7091.638701438905,7515.941797018052,6458.302396059037,7510.115113258363,7143.999501943589
8000.0,7112.286273241044,7583.287151813508,6555.477991104127,7535.4833817482,7196.63369947672
6999.999999999999,7032.475832462312,7478.978849411012,6552.036453604699,7539.472539901734,7150.740918844939
8000.0,6995.233494997025,7460.78957772255,6532.541984915734,7532.076148033143,7130.160301417113
6999.999999999999,7009.180669784547,7483.403624296189,6555.981388807298,7598.368417978288,7161.73352521658
6999.999999999999,6999.610327243806,7482.479488611222,6642.0623960495,7585.164354085923,7177.329141497613
7499.999999999999,7064.215512275697,7481.451201677323,6672.104245185853,7631.62159729004,7212.348139107228
6000.0,7130.374700069428,7610.344158411027,6657.105638742448,7740.1257071495065,7284.487551093102
6999.999999999999,7118.513030052186,7525.298050880433,6648.837186813355,7678.259865283967,7242.727033257485
6999.999999999999,7075.988736391068,7457.821267127992,6650.69331085682,7651.522751808167,7209.006516546012
6999.999999999999,7181.349297046662,7597.891471385957,6755.098738431931,7714.236682415009,7312.14404731989
4000.0,7171.8302035331735,7607.255991220475,6784.274313688279,7738.428703069688,7325.447302877904
5500.0,7206.429909706117,7620.42037844658,6966.048827171327,7681.392668724061,7368.572946012021
6999.999999999999,7098.970618724824,7593.622923374177,6873.297180414201,7651.756678819657,7304.411850333215
8000.0,7116.233274936677,7626.909993171693,6843.284262180329,7635.853775024415,7305.5703263282785
5500.0,7162.858317375184,7659.803602695466,6739.9666365385065,7622.882811546327,7296.377842038871
4500.0,7188.823389053346,7675.844548225404,6712.863753795625,7577.283576250077,7288.703816831113
6999.999999999999,7213.91061449051,7742.8369460105905,6792.279494404794,7528.291985988618,7319.329760223628
6999.999999999999,7172.932057619096,7673.441630125047,6735.037637352944,7387.925033330918,7242.334089607001
6000.0,7076.736806869508,7576.799190282823,6583.984849214555,7312.5980558395395,7137.529725551606
6999.999999999999,7002.114916801454,7466.599729537965,6472.222293138505,7200.754493236543,7035.4228581786165
6500.0,6954.615334510804,7427.990200281144,6453.040278196336,7140.733616352082,6994.094857335092
8000.0,6967.485453128816,7533.125099897386,6431.008982658387,7183.042168140412,7028.66542595625
6999.999999999999,6881.996289491654,7404.2627272605905,6367.60980296135,7153.073059558869,6951.735469818116
6999.999999999999,6858.273362755776,7351.5696346759805,6405.83496451378,7133.335571289063,6937.25338330865
8000.0,6856.5218032598505,7234.21184206009,6472.142939805985,7116.368010282517,6919.811148852111
8000.0,6862.035619974137,7255.602524757386,6520.413323998452,7189.6574256420145,6956.9272235929975
6999.999999999999,6843.132168293,7224.872946739198,6488.718693733216,7285.629495143891,6960.588325977326
6999.999999999999,6825.020183444024,7154.4022278785715,6488.302088737489,7308.608071088792,6944.083142787219
7499.999999999999,6896.916782498361,7229.603562593461,6513.882379412652,7427.637243270875,7017.009991943837
6900.0,6917.95946776867,7266.335062980653,6534.422493577004,7528.2605752944955,7061.744399905206
6999.999999999999,6954.488865137101,7299.951945066453,6498.78954088688,7606.106194496156,7089.834136396647
6999.999999999999,6914.200516939164,7337.47697877884,6440.092459440232,7686.436564922334,7094.5516300201425
7499.999999999999,7069.816534996034,7502.610437154771,6560.514447927476,7775.267661094666,7227.052270293237
6999.999999999999,7184.227508544923,7580.533756494523,6607.808207511903,7858.401849269868,7307.742830455304
6000.0,7206.64482498169,7585.01804637909,6692.824144244195,7856.953650951386,7335.3601666390905
8000.0,7173.609040737153,7556.0697853565225,6763.470101714135,7844.610074758531,7334.439750641585
6999.999999999999,7228.55709052086,7642.731890439988,6680.93106353283,7944.73000907898,7374.237513393165
6000.0,7313.008048057557,7781.862253665925,6690.6915234327325,8031.545034646989,7454.276714950801
6000.0,7302.945053577424,7806.482451677323,6716.68883240223,8045.546764850617,7467.915775626899
5500.0,7275.955001354218,7815.432019710542,6708.256714224816,8029.20576453209,7457.212374955417
6000.0,7266.541712284089,7891.335135459901,6718.959908246995,8070.619111537934,7486.86396688223
8000.0,7287.917516231538,7907.430636405946,6760.411278724671,8028.701540231706,7496.115242898465
6500.0,7294.595595121385,7923.44430422783,6744.052506566049,7955.390633344651,7479.370759814979
8000.0,7259.6445851326,7804.116730451585,6712.034676790238,7815.070796728135,7397.7166972756395
4500.0,7297.325845718385,7788.423782348634,6631.7038930654535,7771.386787176133,7372.210077077151
6000.0,7317.107970237733,7795.884648799897,6726.491035461427,7698.341217994691,7384.456218123437
5000.0,7266.646690130235,7714.497887134553,6684.551972627641,7568.167035579682,7308.465896368028
8000.0,7143.161332368852,7613.768750667573,6614.022565364839,7415.878071308137,7196.70767992735
6999.999999999999,7098.93011546135,7577.825824022294,6567.932331323625,7382.042140960694,7156.682602941991
6999.999999999999,7015.386761665345,7529.763329029084,6507.12701368332,7355.894391298295,7102.042873919011
6999.999999999999,6956.430541992188,7426.18821835518,6449.373906254769,7257.5276696681985,7022.380084067584
4000.0,6943.0041234493265,7401.439897775651,6457.829169154168,7220.753186225892,7005.756594151259
6000.0,7007.029037237168,7372.580909252168,6720.179552435876,7114.975193977357,7053.691173225642
5000.0,7043.925030469895,7368.740538597108,6781.430405974389,7061.11742591858,7063.803350239993
8000.0,7006.888515710832,7296.105788230897,6783.101785540582,6966.844013690949,7013.235025793315
5500.0,6988.154516458512,7269.035556077958,6658.392650604249,6982.891571998597,6974.618573784829
6999.999999999999,6966.727463483811,7295.618922472001,6609.8879261016855,6964.608894824983,6959.21080172062
6999.999999999999,6878.3733139038095,7120.849820375443,6592.179320693017,6856.86938738823,6862.067960590125
6500.0,6838.744590282441,7062.3870792388925,6609.015039443971,6822.358953714372,6833.126415669919
8000.0,6844.305936336518,7085.797965526582,6686.8032101392755,6807.628991365434,6856.134025841952
7499.999999999999,6880.425754785539,7095.103796958924,6580.805343031884,6877.035053014756,6858.342486947776
5000.0,6880.090982913972,7139.566461086274,6520.122361779214,6957.488586425782,6874.3170980513105
6600.0,6911.526474952699,7170.378698825837,6593.541139602662,6971.334916353227,6911.695307433606
4000.0,6879.148662090302,7101.657886266709,6625.785457015038,6958.925212383271,6891.37930443883
6999.999999999999,6934.133908748628,7083.940601587296,6810.358002066613,6885.826740980149,6928.564813345672
5500.0,6879.969059824944,7001.736335277558,6716.204446434976,6857.860064148904,6863.9424764215955
4000.0,6877.774030923844,7117.397950410844,6717.956419229508,6915.2403762340555,6907.092194199563
6999.999999999999,6842.073297262193,7149.386435985566,6785.635719299317,6854.408607482911,6907.876015007497
6000.0,6866.496351838113,7219.976184844972,6736.783410668374,6840.957391023637,6916.053334593774
6999.999999999999,6774.54774427414,7055.042762994767,6697.205109477044,6714.009417533875,6810.201258569957
6000.0,6738.235741972924,6980.489480495454,6622.067009449006,6669.250831604005,6752.510765880347
6999.999999999999,6683.408788681031,6924.040330171586,6600.9759682416925,6637.542562484742,6711.491912394763
8000.0,6631.260423660279,6898.9700499773035,6519.751632928849,6678.906726956368,6682.2222083807
6000.0,6692.3682758808145,7053.082074403764,6443.447204232217,6846.938648462296,6758.959050744773
6999.999999999999,6683.843992114068,7100.621333360673,6402.484766006471,6878.151785850526,6766.275469332934
6999.999999999999,6733.935783267022,7188.292713642121,6384.9307342767725,6927.907151937486,6808.76659578085
6999.999999999999,6656.074458718301,7061.477822303773,6370.919498205186,6893.341336250306,6745.453278869391
6999.999999999999,6698.030053496362,7143.347316741944,6325.265707492829,6996.2807936668405,6790.730967849494
5000.0,6708.558008909226,7144.702936172486,6437.314266204835,7029.77616596222,6830.087844312192
8000.0,6764.257435560227,7129.489414453507,6546.493705987931,7025.915130376817,6866.538921594621
6500.0,6798.400033473969,7167.736894130708,6540.075591921807,7102.201787233354,6902.1035766899595
6999.999999999999,6757.2747555971155,7078.328833103181,6573.222553491593,7085.988082885743,6873.703556269408
8000.0,6658.597646713258,7029.2496235370645,6583.649250745774,7125.9408326149,6849.359338402749
8000.0,6757.158205389977,7119.849637746812,6496.5920321941385,7231.289820909501,6901.222424060107
6000.0,6773.469034910203,7111.9829120635995,6423.049678087235,7291.550410985948,6900.013009011746
6999.999999999999,6970.2165303230295,7272.425431251527,6509.431566715241,7398.3798348903665,7037.613340795041
6000.0,6940.152363061906,7263.63952946663,6606.789426445962,7396.616703033448,7051.7995055019865
6000.0,7065.662057399751,7329.3936846256265,6673.418948054315,7458.428816080094,7131.7258765399465
6500.0,7173.177556991578,7483.335843324662,6763.511431574822,7525.753505945207,7236.444584459067
6999.999999999999,7150.181622505189,7478.9176812171945,6587.346620082856,7535.933050632478,7188.094743609429
6999.999999999999,7146.728099346162,7562.508151054383,6419.690387010575,7612.8751990795145,7185.450459122659
6999.999999999999,7095.288128137589,7559.054627895356,6413.599605441094,7581.534765720368,7162.369281798602
5500.0,7106.920004129411,7612.079185962678,6523.117536783219,7592.787233591081,7208.725990116597
8000.0,7148.463126897813,7570.606323957444,6644.651711821557,7526.127954483033,7222.462279289962
4000.0,7068.041004180909,7475.561696529389,6603.630585193635,7470.651709079743,7154.471248745919
6000.0,7115.981989383698,7529.781514167787,6918.886083245278,7413.892584800721,7244.635542899371
6999.999999999999,7143.381207227708,7515.446665287019,6896.715506076814,7328.967987060548,7221.127841413022
6999.999999999999,7087.880163908006,7497.032559156419,6827.135859012605,7270.003501415254,7170.513020873071
6999.999999999999,7023.627935886384,7429.191246032716,6749.947797894479,7202.022493362428,7101.1973682940015
4000.0,7035.6483125686655,7393.218561887742,6684.028323292733,7144.487194299699,7064.34559801221
6000.0,7129.237302303315,7496.471299648286,6782.925307035447,7117.307851314546,7131.485440075398
6999.999999999999,7038.801780939103,7370.997148990632,6802.12137413025,6999.433435440064,7052.838434875012
6999.999999999999,6963.290472269059,7380.165765285493,6631.921701431275,6990.06312942505,6991.360267102719
6999.999999999999,6898.365807414056,7327.579303741456,6432.746490001679,6965.342913150788,6906.008628576995
6000.0,6826.925903320313,7191.990909576417,6475.141007900239,6874.248593807221,6842.076603651048
8000.0,6807.531039595605,7088.18352508545,6515.714945435525,6801.871741771699,6803.32531297207
6000.0,6820.862399458886,7133.890218019486,6371.224512577058,6883.35934829712,6802.334119588138
6500.0,6797.552358031274,7137.617344856263,6443.395128607751,6906.5846635103235,6821.287373751403
6000.0,6834.533490777017,7145.956057548524,6607.061376929284,6927.869128465653,6878.8550134301195
5000.0,6872.925211668015,7173.854540109635,6619.674837112428,6930.094328165055,6899.137229263783
6999.999999999999,6861.03089106083,7154.084814548493,6587.848364591599,6892.871829032899,6873.958974808455
8000.0,6827.814495325089,7103.290415763856,6548.7920595407495,6883.838361382485,6840.933833003045
6999.999999999999,6772.810236930848,7092.58019566536,6478.82267189026,6969.322978734971,6828.38402080536
6999.999999999999,6729.379579424859,7041.052605152131,6464.159250617028,7001.996713399888,6809.147037148477
8000.0,6783.332406163217,7094.29951786995,6535.815723180772,7046.7577791214,6865.051356583835
8000.0,6739.691379666329,7029.44056749344,6464.376645684243,7081.974953413011,6828.870886564256
6999.999999999999,6849.102679967881,7198.811163187028,6451.809474945069,7255.197492122651,6938.730202555657
6999.999999999999,6926.287847995759,7265.763884305955,6541.2745711803445,7320.379642009736,7013.426486372949
6000.0,6958.0713374614725,7288.393636226655,6455.687869071961,7396.165380954743,7024.579555928708
5000.0,6977.110351085664,7270.322567939759,6521.503192424775,7397.184575319291,7041.530171692372
5500.0,7011.709230661393,7294.851840257646,6698.86946296692,7399.9950058460245,7101.356384932996
6999.999999999999,7055.23536014557,7458.094870805741,6736.792503237725,7499.820671558381,7187.485851436854
6999.999999999999,7074.101614952088,7495.538897991181,6666.10893559456,7522.420665979386,7189.542528629304
6000.0,6998.917638778687,7472.638848781587,6568.104263544084,7501.719365358354,7135.345029115678
8000.0,7002.705107212068,7443.737703800202,6553.919855356217,7449.689203739167,7112.512967526914
6000.0,6973.09474182129,7451.399433374406,6407.631573557855,7465.70039176941,7074.45653513074
5500.0,7021.644102573396,7495.9695551395425,6538.4823257923135,7451.129136085511,7126.806279897691
8000.0,7010.956200599671,7420.781445980073,6588.307126045228,7390.643711566926,7102.6721210479745
6999.999999999999,6989.363001585008,7462.369204998017,6489.124139666558,7451.654025316239,7098.127592891456
6000.0,6919.836256742478,7463.799218177796,6524.46406364441,7469.437437772752,7094.384244084359
6999.999999999999,6959.563345432282,7509.644779443742,6542.823201060296,7478.88131093979,7122.7281592190275
8000.0,6963.331802129746,7620.98990392685,6475.202589392663,7529.477326393128,7147.250405460597
6999.999999999999,6931.995501756669,7612.799978733064,6426.736301660539,7532.132356643678,7125.916034698487
5500.0,6888.5693905353555,7524.430123806001,6453.083674550057,7486.829043149949,7088.228058010341
6000.0,6948.642343044282,7536.1768968105325,6729.38867199421,7469.945795059205,7171.038426727057
6999.999999999999,7009.5253608226785,7537.7953741550455,6905.268307447434,7419.655620574952,7218.061165750028
6999.999999999999,7031.9699549675,7471.608082056046,6803.623714566232,7381.379209995271,7172.145240396262
6500.0,6994.012610912324,7365.62674689293,6697.098478436471,7313.675112009049,7092.603237062694
6999.999999999999,6974.387539863587,7341.1594693660745,6657.590851306916,7302.42099094391,7068.889712870122
4000.0,6933.942551493646,7297.640779256822,6594.930236220361,7264.873639106751,7022.846801519395
6999.999999999999,7001.441240072251,7352.6268525123605,6706.813475489617,7238.209266185761,7074.772708564998
5500.0,7034.838247299195,7435.25516319275,6813.340778112412,7233.486916303636,7129.230276226998
4000.0,7031.0722703933725,7476.191563606263,6761.094048023225,7239.831876516343,7127.047439634801
6999.999999999999,7039.731702804566,7430.886596918107,7081.434358835221,7084.005076169969,7159.014433681966
5000.0,6973.344374179841,7366.354152441026,6806.433318495751,7009.5642108917245,7038.924014002086
6000.0,6928.322517037393,7391.6505069732675,6803.038070440293,6946.445247650147,7017.364085525275
6999.999999999999,6820.086224675179,7244.734424591065,6732.649598002435,6785.5671117305765,6895.759339749814
6000.0,6804.035359978677,7275.757444620133,6533.556632995606,6774.403503060342,6846.93823516369
5500.0,6816.161541104318,7309.533033370973,6498.960646510125,6760.049229145051,6846.176112532617
5000.0,6752.272602558137,7144.872388601304,6631.751835703851,6664.36977505684,6798.316650480033
6999.999999999999,6751.784910202027,7064.152690887452,6710.1888852119455,6581.5728385448465,6776.924831211568
6999.999999999999,6717.2166147232065,7072.866678714753,6565.674894332887,6591.556892991067,6736.828770190478
8000.0,6659.288681983949,7003.051451444627,6436.710436940194,6565.410383224488,6666.115238398314
6000.0,6561.542734861375,6889.942368507386,6235.546432614327,6597.164528489114,6571.0490161180505
6999.999999999999,6515.404558181764,6845.581375837327,6280.910087704659,6606.507556796075,6562.100894629956
6999.999999999999,6517.22472524643,6917.551542043687,6372.311487913133,6709.360634803773,6629.112097501756
6999.999999999999,6536.690676331521,6979.425649881364,6505.5622651577005,6787.562517404557,6702.310277193786
6999.999999999999,6516.194371819497,6932.688190221787,6550.067912340165,6815.612680554391,6703.64078873396
6999.999999999999,6512.490803003312,6949.845868587495,6483.595030903817,6918.365327000619,6716.074257373811
6000.0,6518.5605063438425,6934.952239990235,6523.352290391923,6975.113292217256,6737.994582235814
8000.0,6537.038673758508,6908.035754919053,6495.399252414704,6984.728271007539,6731.300488024951
6000.0,6641.989655494691,7061.400122165681,6297.332921147347,7135.098703145982,6783.955350488425
8000.0,6618.81558930874,7070.529061794282,6422.614061355592,7176.507090568543,6822.116450756789
6500.0,6682.1461614370355,7114.25192141533,6449.032934904099,7265.458869934083,6877.722471922637
6000.0,6905.036446928979,7298.372317790986,6505.258077383042,7420.922794103623,7032.397409051658
6999.999999999999,6988.047058820725,7309.853753089906,6434.683620572091,7444.105539560319,7044.17249301076
6000.0,7132.799109697343,7409.8538308143625,6342.707735300065,7504.652958869935,7097.503408670426
5500.0,7226.894803524018,7464.139776229859,6384.143813729287,7548.233643770219,7155.853009313346
6200.0,7218.946244716645,7440.670201539994,6404.409497618676,7503.563503742219,7141.897361904384
6999.999999999999,7243.826820850373,7464.38940858841,6527.391457676888,7485.874323368073,7180.370502620936
5500.0,7306.753186941148,7498.464225530625,6495.472406268121,7480.272474050523,7195.240573197604
6000.0,7275.036651849748,7577.79193353653,6445.170659422875,7500.7175295352945,7199.679193586112
4000.0,7214.8297905921945,7531.884377479554,6503.331692576409,7415.301933050157,7166.336948424579
6999.999999999999,7170.093522787095,7500.522452592851,6579.7890417575845,7306.686232566834,7139.272812426091
6999.999999999999,7077.676647901536,7365.108470439912,6588.869212150575,7165.472017765046,7049.281587064267
8000.0,6974.72148513794,7383.071254491807,6503.498251914979,7176.755896329881,7009.511721968652
6999.999999999999,6890.784257769586,7312.710473060609,6470.37815475464,7181.740277528764,6963.903290778399
4000.0,6827.285059809686,7299.208834171296,6338.247416734696,7207.450757265092,6918.0480169951925
6999.999999999999,6828.000892996789,7288.523411989213,6290.617645382882,7105.938833236695,6878.270195901395
6000.0,6842.350207328797,7235.960095167161,6333.325856924058,7050.250978946687,6865.471784591676
5000.0,6857.92536532879,7181.655964612962,6392.703227877618,7004.605454206468,6859.222503006459
6000.0,6841.15122807026,7218.4750843048105,6385.564734339715,6999.836814880372,6861.256965398789
6999.999999999999,6793.649992585183,7110.795091867448,6369.42170405388,6890.853278636933,6791.180016785861
6000.0,6784.997172951699,7118.065014362336,6429.223119378091,6849.226669549943,6795.377994060517
8000.0,6754.157657504083,7012.0043258667,6452.001245498658,6788.365143299104,6751.632093042136
6999.999999999999,6769.704711198808,6981.182995557786,6475.370388627053,6830.704692482949,6764.240696966649
6999.999999999999,6779.134532213212,7028.0204734802255,6507.1642105579385,6895.5095007419595,6802.457179248334
6999.999999999999,6773.9666464328775,6969.799925327302,6475.261691093446,6889.297622680665,6777.0814713835725
6999.999999999999,6799.415094852448,6999.730183839799,6495.047122001649,6976.82930803299,6817.755427181722
6999.999999999999,6833.301034331323,7052.462953090669,6441.216631650926,7023.552715539933,6837.6333336532125
6999.999999999999,6839.397188782693,7099.079729557038,6476.034146189691,7093.593603849412,6877.026167094708
5500.0,6807.446313381196,7078.416452407838,6428.3386603593835,7142.512453556062,6864.17846992612
6000.0,6886.362375974656,7130.898762702943,6429.132193684579,7161.322499752046,6901.928958028556
8000.0,6894.601897001267,7165.221558809281,6550.938732504846,7146.051116228105,6939.203326135875
6999.999999999999,6961.5380861759195,7331.0022428035745,6665.6683592796335,7284.270569324494,7060.619814395905
5000.0,6959.2938747406015,7334.362360477448,6670.768877387048,7331.264274120332,7073.922346681357
6999.999999999999,6971.800290584565,7300.881866931916,6602.010867953301,7288.088621854783,7040.695411831141
6999.999999999999,6901.9631584882745,7177.629609584809,6545.49476325512,7207.800407886506,6958.2219848036775
8000.0,6870.11767423153,7142.903434038163,6556.739791750909,7171.607022285462,6935.341980576516
8000.0,7069.34124159813,7300.819045543672,6600.851152062417,7312.255844593049,7070.816820949317
6999.999999999999,7073.813959121705,7275.771496772767,6594.988924622537,7364.410822391511,7077.24630072713
6999.999999999999,7037.630492687226,7314.733983039857,6537.2825199365625,7379.613598346711,7067.315148502589
6000.0,7089.4697103500375,7415.5631377697,6551.16811323166,7484.487293243409,7135.172063648702
6000.0,7084.627503871919,7471.751083374024,6568.453914165498,7507.818826198579,7158.162831902505
6000.0,7096.590845346452,7504.44878935814,6641.66066980362,7505.4522783756265,7187.03814572096
6999.999999999999,7140.124414205552,7574.731870651246,6683.316623091699,7543.95434999466,7235.531814485789
6999.999999999999,7084.958142757417,7470.974908590318,6629.498944997788,7462.760185480119,7162.04804545641
6500.0,7098.130795955659,7455.096802711488,6673.05483198166,7457.621230602265,7170.975915312768
6000.0,7124.865429639817,7459.591838359834,6740.532029032708,7453.215467453004,7194.551191121341
6999.999999999999,7127.897388219834,7439.756811618806,6763.342805743218,7401.326653957368,7183.080914884807
6999.999999999999,7105.351949214936,7415.597854852677,6753.829498410226,7369.670460462571,7161.112440735103
6000.0,7090.4525344371805,7412.361726760865,6743.308155775071,7400.478565216065,7161.6502455472955
6999.999999999999,7060.228833913804,7380.227760076524,6792.4811841249475,7342.709339141847,7143.9117793142805
6500.0,7102.191041469575,7467.2395157814035,6768.496639370919,7400.339696884156,7184.566723376513
6000.0,7111.28774380684,7516.15092611313,6708.114952802659,7408.927215337754,7186.120209515096
8000.0,7087.961997032166,7404.2172644138345,6690.9122248888025,7346.827446460725,7132.479733198882
4000.0,7076.835171937943,7359.881896257401,6621.323898553849,7368.649612903596,7106.6726449131975
8000.0,7145.611366510392,7457.979973793031,6651.638524770738,7328.832425117494,7146.0155725479135
5500.0,7155.306525230409,7439.894853353501,6644.66452407837,7329.800370454789,7142.416568279267
6999.999999999999,7135.867438554765,7445.788491487504,6581.1934304237375,7306.128279447556,7117.244409978391
6000.0,7106.672851562501,7361.556582212449,6561.363776564599,7249.9552125930795,7069.887105733157
6000.0,7018.438558578492,7242.652226209641,6485.080839395524,7170.572122573853,6979.185936689378
8000.0,7009.8626124858865,7224.895264863969,6481.17227447033,7118.666777133943,6958.649232238532
6999.999999999999,6977.884046077729,7188.054653644563,6478.304808735848,7141.170886278153,6946.353598684073
6999.999999999999,6960.830518960954,7228.826561212541,6421.77382528782,7165.198414087296,6944.157329887153
6999.999999999999,6917.935496449471,7280.032605409623,6394.27417588234,7237.495086193086,6957.43434098363
6000.0,6925.752213001252,7306.486196041108,6470.865433812142,7254.590769767762,6989.423653155566
6999.999999999999,6920.6950912475595,7273.52976512909,6480.861887216569,7245.799908399583,6980.2216629982
6000.0,6879.895905971528,7241.407370805741,6442.6991337537775,7231.925474166871,6948.981971174479
6999.999999999999,6818.2309272289285,7270.663952589036,6422.100331187249,7273.055298328401,6946.0126273334035
5500.0,6800.16812491417,7340.231200695039,6462.887530803681,7326.146810770036,6982.3584167957315
8000.0,6785.475359439851,7331.513079881669,6524.27642607689,7311.519346475602,6988.196052968503
6000.0,6776.7824498415,7288.974734067918,6547.326502680779,7321.462484359742,6983.636542737485
6999.999999999999,6803.94774067402,7332.9058961868295,6551.914943814279,7344.132739543916,7008.225330054761
5000.0,6800.226400017739,7317.990776062013,6620.321236133576,7311.48132300377,7012.5049338042745
5500.0,6848.270709872247,7316.430987119676,6656.659276247025,7283.962248563767,7026.330805450679
4000.0,6908.996674180032,7336.806608438493,6676.518274307252,7260.947302341462,7045.81721481681
5000.0,6801.643600940705,7225.823533535005,6717.400945901872,7103.025078058244,6961.973289608956
6999.999999999999,6967.109351396562,7369.532418727876,6661.444447517396,7118.947820186616,7029.258509457112
4000.0,6870.8430132865915,7214.213975667954,6653.770732283593,6960.974346876145,6924.950517028571
6000.0,6944.867273569108,7235.464963436128,6700.372630000115,6854.55408859253,6933.81473889947
5000.0,6877.51695919037,7174.939862251283,6651.866665601731,6746.553376436234,6862.7192158699045
6000.0,6856.937581658364,7158.827002763749,6614.36725640297,6655.336720705033,6821.367140382529
6000.0,6816.686017036439,7155.260235786439,6534.339007258416,6588.581556320191,6773.716704100371
6999.999999999999,6740.960619688035,6979.776127099992,6436.189267396928,6444.6804872751245,6650.40162536502
8000.0,6678.693051576615,6899.269691467286,6452.631939172746,6377.47234761715,6602.016757458449
6999.999999999999,6648.849172472955,6821.5290501117715,6414.4162834882745,6410.944161891938,6573.934666991235
4000.0,6588.032282471658,6778.11988413334,6416.017815589906,6422.6764694452295,6551.211612910033
6000.0,6580.666887998582,6800.175564289094,6582.735034227372,6376.392398357392,6584.99247121811
8000.0,6540.9178944826135,6740.97715163231,6589.486680269242,6339.52616262436,6552.726972252131
6000.0,6507.908974647523,6749.880016922952,6523.130349040032,6420.986491441728,6550.476458013059
6000.0,6463.740992426873,6697.15014076233,6465.736811399461,6458.436718106271,6521.266165673734
6999.999999999999,6480.346090555192,6753.974566221238,6470.116536736489,6495.150446653367,6549.896910041572
6999.999999999999,6400.238074779511,6630.055658221246,6465.866587162019,6504.813781380654,6500.2435253858575
8000.0,6381.500769138337,6643.177475690843,6400.09424686432,6594.746318340302,6504.8797025084505
5500.0,6331.868979334832,6653.8959617614755,6337.063729524613,6731.684545755387,6513.628304094077
6999.999999999999,6406.167256593705,6731.2824062109,6338.702045202256,6788.610229372979,6566.19048434496
5800.0,6462.21633386612,6775.9091498851785,6416.392677426339,6834.029679775239,6622.136960238219
6999.999999999999,6641.809457302094,6922.552868485452,6486.756351947785,6953.950750350953,6751.267357021571
6000.0,6771.929497599603,7004.400458097459,6492.855812788011,7052.259610176087,6830.36134466529
6000.0,6759.160223841668,6981.668208122254,6498.876333594323,7054.969195842744,6823.668490350247
6999.999999999999,6873.905555963517,7106.076048374177,6536.60884320736,7101.9232239723215,6904.628417879344
6999.999999999999,6921.033169507981,7141.935488700868,6498.954860329629,7144.342539787293,6926.566514581443
8000.0,6982.059188604356,7217.157488346101,6487.590388536454,7197.224923133851,6971.00799715519
6500.0,6963.435953378678,7256.121627807618,6461.0157014131555,7273.018928050996,6988.398052662612
6000.0,6961.602560758592,7286.823928117753,6469.544531464578,7301.3836114406595,7004.838657945395
6000.0,6988.233869791032,7310.233161211015,6544.425559759141,7311.176308631898,7038.517224848271
6999.999999999999,6911.286761760713,7225.783856868745,6668.045652866364,7229.56140613556,7008.669419407845
6999.999999999999,6882.970021009446,7243.489569187165,6594.929409623147,7290.384082317353,7002.943270534278
8000.0,6962.75649046898,7397.479670524598,6480.452721595765,7395.790105819703,7059.1197471022615
6999.999999999999,6939.834949731828,7449.618942975999,6385.760224580766,7460.094409465791,7058.827131688596
6999.999999999999,6854.885967373849,7363.937182188035,6380.44313800335,7452.327702045442,7012.898497402669
6000.0,6926.070452928544,7398.352557182313,6429.750075101853,7459.1628344059,7053.333979904653
6000.0,6978.243615865708,7467.469309806825,6525.807284116746,7502.9650473594675,7118.621314287187
5800.0,6979.281821966172,7458.543713092805,6625.192786812783,7469.008433818818,7133.006688922645
5000.0,6980.573793411256,7431.360237121583,6680.46858239174,7412.02282190323,7126.106358706952
6999.999999999999,6891.852634668351,7325.942641258241,6731.363412737847,7303.221963644029,7063.095163077117
8000.0,6970.195038795472,7379.2589881420145,6774.189001083375,7285.4311118125925,7102.2685349583635
6500.0,6963.382224559785,7355.115736722947,6673.044086217881,7292.019918203355,7070.890491425992
6000.0,7001.690045833589,7379.195340156556,6663.8622443676,7281.643643379212,7081.597818434239
6999.999999999999,7004.81127691269,7335.838663101197,6752.133734226228,7199.612135887147,7073.0989525318155
6000.0,7072.984055519105,7375.718672275544,6696.2632019519815,7242.570393085481,7096.884080708028
8000.0,7090.9484927654275,7424.884674549104,6660.579000234605,7258.115380287171,7108.631886959077
8000.0,7043.537356376649,7412.253442525865,6488.97328567505,7295.368463516236,7060.03313702345
6999.999999999999,6993.048798561097,7385.088151693345,6425.000034213067,7326.813874721528,7032.487714797259
6000.0,6927.397554755212,7285.128577232362,6452.19921553135,7285.495586395265,6987.555233478547
5500.0,6996.351881027223,7286.421375274659,6509.168295502664,7288.741633653642,7020.170796364547
6000.0,7072.0838911533365,7356.751572608949,6616.492851138116,7310.9795784950265,7089.076973348857
6999.999999999999,7127.023674964906,7430.573316574098,6669.972037672997,7339.969995975495,7141.884756296874
6999.999999999999,7113.536088228227,7386.6206629276285,6661.8536131382,7293.151529788972,7113.790473520757
6000.0,7098.970618724824,7370.712799549104,6579.118671417237,7300.64876651764,7087.362714052201
6000.0,7040.0879662036905,7299.860192775727,6559.446484327317,7258.160843133927,7039.388871610166
6000.0,7016.277006864549,7235.850157737733,6594.813272714616,7181.9518864154825,7007.223080933095
6999.999999999999,6952.9373421669015,7205.323096036912,6512.489563107491,7163.301373481751,6958.512843698264
6999.999999999999,6971.367153644563,7218.70239853859,6485.239132761956,7180.7194299697885,6964.007028728724
6000.0,6974.275949239732,7255.295030593873,6529.972920775414,7171.289608955384,6982.708377391101
6999.999999999999,6986.488096475602,7301.854771852494,6553.105657100678,7161.4167318344125,7000.716314315797
6000.0,7027.877472162248,7403.486552476884,6467.435881972314,7232.504092216493,7032.8259997069845
4000.0,7007.38034105301,7412.475797176362,6457.59234905243,7241.337110042573,7029.696399331094
4000.0,6956.22554588318,7308.760991573335,6705.064395785333,7086.73780655861,7014.197184950114
6000.0,6975.2422413826,7331.701544046403,6809.605798602105,6993.229823350907,7027.444851845504
6999.999999999999,6969.02044415474,7383.906944274903,6777.954977989198,6959.853481054307,7022.683961868287
6999.999999999999,6913.386318683625,7297.901983976365,6688.288192033769,6878.817196607591,6944.598422825337
6999.999999999999,6854.344132900239,7323.158661842347,6530.25768351555,6899.455262541772,6901.803935199977
6999.999999999999,6788.241567015649,7168.857759952546,6377.104925155641,6837.17074918747,6792.8437503278265
6000.0,6728.718301653863,7038.492633581162,6242.400576710702,6821.676184415818,6707.821924090386
6999.999999999999,6701.455885648728,7003.252314567567,6305.4695308208475,6800.878585219384,6702.764079064132
8000.0,6721.7471940517435,7023.217943668366,6304.4966259002695,6862.155889868737,6727.904413372279
6999.999999999999,6739.312798142434,7095.990735769273,6301.599402666093,6971.327476978303,6777.057603389026
6999.999999999999,6753.727000355721,7131.157487630845,6334.489705801011,7030.855701923371,6812.557473927737
6999.999999999999,6760.0215381383905,7121.130863428117,6402.953033328057,7089.010122299195,6843.27888929844
6000.0,6771.782776594163,7104.682405471803,6535.380933046342,7118.705627202989,6882.637935578824
6999.999999999999,6834.8211466074,7146.9107773303995,6624.719146609307,7169.328920364381,6943.944997727872
6000.0,6845.34579563141,7182.22714328766,6641.533373832704,7225.777244091035,6973.720889210702
6000.0,6927.898885965348,7223.677687168122,6632.398234724999,7285.864248752595,7017.459764152766
4300.0,6917.488307356835,7201.703426837922,6712.152880191804,7269.684434890748,7025.257262319327
4500.0,6917.645360827447,7217.081441402436,6826.359684228898,7231.118715286256,7048.051300436259
8000.0,6933.990494132043,7232.312321662904,6963.116886854173,7172.446845054627,7075.466636925937
5500.0,6903.050133824349,7167.998098850251,6746.621570706368,7140.504648923875,6989.543613076211
8000.0,6906.112263202668,7166.225874423982,6671.203667521478,7099.9708013534555,6960.878151625396
6000.0,6994.300266742707,7290.008807182313,6576.915376544,7202.334947109223,7015.889849394561
6500.0,7037.609001159669,7424.6499209404,6628.824441671372,7232.7735629081735,7080.964231669904
6999.999999999999,7065.043762683869,7466.656764745713,6581.068614244462,7209.716460227967,7080.621400475503
8000.0,7016.057958602906,7424.802841424943,6575.32293701172,7177.95198249817,7048.533929884435
6999.999999999999,6959.19633626938,7391.46782898903,6473.186518788339,7211.382880210877,7008.808391064406
6999.999999999999,6927.891859889031,7353.569999933244,6461.059924364091,7191.96941804886,6983.622800558806
8000.0,6927.8848338127145,7333.820112705232,6426.304817914964,7211.8722257614145,6974.970497548581
6000.0,6937.689929962159,7396.922544002534,6508.742184638978,7267.851042270661,7027.801425218583
6999.999999999999,7001.831393957139,7376.596518516541,6590.621184945107,7280.564934015275,7062.403507858516
6400.0,6985.647447109223,7296.947264194489,6580.506528139115,7299.7717468738565,7040.718246579171
6500.0,6985.953288078309,7290.847803354264,6624.284769773484,7330.606302738191,7057.923040986062
6000.0,6971.0108902454385,7275.83183836937,6714.838081240655,7325.17886543274,7071.714918822051
6999.999999999999,6963.201199769975,7267.03849720955,6741.615284681321,7323.3099291324625,7073.791227698327
6000.0,7000.690689802171,7319.149665355683,6670.295650482179,7365.310160160066,7088.861541450025
5000.0,6973.406368970872,7270.155595302583,6644.71205341816,7327.48755145073,7053.940392285586
6000.0,6986.384771823884,7285.688183546067,6610.514073491097,7314.300846099854,7049.221968740226
6800.0,7008.816140413285,7322.146906852723,6562.562342524529,7308.0707828998575,7050.399043172599
6999.999999999999,6980.079488277436,7441.663771390916,6412.615541458131,7370.506150245667,7051.216237843038
8000.0,7070.17775797844,7551.745855331422,6450.691088914872,7381.397395133973,7113.503024339677
6999.999999999999,6952.163647174836,7450.540598869325,6396.818855404855,7337.789432525636,7034.328133493663
6999.999999999999,6958.144904613496,7526.4023847579965,6422.542560696603,7401.501892566682,7077.147935658694
6999.999999999999,6883.308512568475,7417.130366086961,6411.25578904152,7363.180845737458,7018.718878358603
5500.0,6921.582443356515,7458.45444059372,6500.868019580842,7368.178452491761,7062.27083900571
6000.0,6984.085178375245,7483.520174503327,6693.17503476143,7322.06011414528,7120.7101254463205
5000.0,7037.519728660584,7460.911914110185,6676.368660211564,7293.447451591493,7117.061938643456
6000.0,7012.88051891327,7332.934000492097,6790.011311650277,7147.762999057771,7070.897207528354
6999.999999999999,6993.577820777894,7308.122858524323,6719.26450932026,7102.572102785111,7030.884322851897
6999.999999999999,6944.89868426323,7269.0925912857065,6590.796423554421,7087.1833424568185,6972.992760390044
6000.0,6841.013186335565,7196.996782302857,6456.101994276048,7079.046319484712,6893.289570599795
6000.0,6841.98113167286,7223.526419878007,6439.083597540856,7079.443086147309,6896.008558809758
6500.0,6815.3122124671945,7152.536597967149,6517.685139894486,7005.875934123994,6872.852471113206
6000.0,6818.470227122308,7138.629926443101,6583.783572793008,6983.395796298982,6881.0698806643495
6999.999999999999,6834.570274353028,7135.887276887895,6599.485200166703,6956.066839218141,6881.502397656442
6000.0,6831.713141083718,7178.237985134126,6528.25690495968,7008.3028235435495,6886.627713680268
6500.0,6786.566467761994,7124.675312280656,6605.617724895478,6961.629838466645,6869.622335851193
6000.0,6788.61270916462,7137.206526041032,6599.708794713021,6966.008323907853,6872.884088456632
5500.0,6841.735219001771,7201.380227327348,6563.8237298727045,6961.185955762864,6892.031282991172
6999.999999999999,6818.861620903016,7235.721208572389,6520.127734661103,6937.166693925858,6877.969314515592
8000.0,6769.843992829324,7221.0044717788705,6484.518753290177,6929.550427198411,6851.229411274196
6999.999999999999,6722.360529184342,7237.4694616794595,6432.904370069505,7011.804289340974,6851.13466256857
8000.0,6650.210578083993,7126.133429765702,6504.467023849488,6980.251420497895,6815.26561304927
8000.0,6632.942135691644,7082.362627506257,6412.277463197709,7040.106977939607,6791.922301083804
6999.999999999999,6618.330376744271,7063.239300966264,6361.807503819467,7130.094483613969,6793.367916285993
6000.0,6609.584564924241,7065.308273792268,6432.538187503816,7198.9128346443185,6826.585965216161
6000.0,6685.788562059403,7168.968523979188,6538.8844653368005,7296.780291557313,6922.605460733176
6999.999999999999,6754.549464583398,7207.438358306886,6598.55527830124,7329.759867191316,6972.57574209571
6000.0,6820.149046063424,7326.468357086183,6595.647309303285,7380.101290702821,7030.591500788928
6999.999999999999,6858.915215492249,7377.791778087617,6604.268304944039,7399.382497310639,7060.089448958636
6999.999999999999,6839.364124894143,7344.04098725319,6576.998449563981,7375.980703592301,7034.096066325904
6999.999999999999,6810.243105053903,7328.653053522111,6469.23497080803,7391.946428775788,7000.019389539958
6000.0,6811.5309435129175,7368.51818394661,6491.310075998307,7450.252116441728,7030.402829974891
6999.999999999999,6840.5593844652185,7435.066699028016,6601.860840559007,7504.110711097718,7095.39940878749
5000.0,6881.938014388085,7437.595259904862,6647.624568700791,7507.579113006593,7118.684239000083
5500.0,6993.169481754304,7486.519895792008,6840.323804259301,7467.971880912782,7196.996265679599
6999.999999999999,7011.018195390702,7465.203606843949,6845.802077293397,7378.177798986436,7175.050419628621
4500.0,7066.020800590516,7509.750583887101,6700.517697811128,7399.93879723549,7169.056969881059
6999.999999999999,7095.0575075149545,7514.992036819459,6755.121056556703,7321.741047620774,7171.727912127973
6999.999999999999,7020.452149391175,7554.401712179185,6688.080716133119,7327.383400201798,7147.579494476319
5800.0,6982.739478111268,7612.19656276703,6643.857351899148,7316.200366497041,7138.748439818622
6000.0,7001.720629930497,7577.231500625611,6591.321726083756,7223.677687168122,7098.487885951997
6800.0,6976.380465745927,7438.531794548036,6678.724048972131,7051.593372821809,7036.3074205219755
5500.0,6987.109697580338,7412.908934116364,6518.173245549203,7019.142819404603,6984.333674162627
6000.0,6930.754366040231,7283.010835170747,6460.167199373246,6917.401927947999,6897.833582133056
6000.0,6878.208407759667,7126.011093378068,6494.406922459603,6808.763496041299,6826.847479909659
6999.999999999999,6840.538719534875,7069.399930000306,6445.912117123605,6766.088348388673,6780.484778761865
6000.0,6807.691812753678,7071.24158859253,6419.4105838537225,6804.167202234269,6775.62779685855
8000.0,6789.378138184548,7097.152104854585,6495.4170242548,6788.618495345117,6792.641440659762
6000.0,6750.470207333566,7095.679108619691,6420.658332347871,6850.199574470521,6779.251805692912
6999.999999999999,6737.584383368493,7142.2859659194955,6490.489264965058,6897.5916991233835,6816.987828344108
6500.0,6723.408654451371,7102.228238344193,6543.241459250451,6883.3709206581125,6813.062318176032
6000.0,6736.465170741082,7078.22054886818,6504.54348409176,6885.4365870952615,6801.166447699071
8000.0,6702.8499418497095,6997.581031084062,6640.696444153787,6842.177035212518,6795.826113075019
6000.0,6692.535661816598,6995.6906032562265,6492.3143916130075,6908.8255685567865,6772.341556310655
5500.0,6658.439353346826,6960.645361185075,6517.750441074372,6926.25602400303,6765.772794902326
6999.999999999999,6748.690543532372,7053.111831903459,6738.296083569528,6936.22024011612,6869.07967478037
6999.999999999999,6794.698531150819,7115.337243556977,6732.156532764436,6954.988956451417,6899.295315980912
6999.999999999999,6763.002660989762,7081.306236267091,6557.4477722644815,6989.887890815736,6847.911140084268
6500.0,6771.445938229562,7211.677148818971,6503.968999028207,7097.957210540772,6896.262324154378
6999.999999999999,6756.224977135659,7157.575534582139,6557.627970457078,7067.8839507102975,6884.828108221293
6999.999999999999,6772.996221303941,7091.747812271119,6494.793769955636,7039.7118644714365,6849.812417000533
6999.999999999999,6801.511758685113,7141.99335050583,6310.03772032261,7096.222182989121,6837.4412531256685
5500.0,6806.20352447033,7189.1994907856,6279.507352232934,7146.032104492188,6855.235617995263
6999.999999999999,6794.817147850991,7184.504418611527,6430.418378949166,7141.339512109757,6887.769864380361
5500.0,6859.192952156068,7241.355295181275,6578.464833021165,7155.983508348466,6958.7491471767435
8000.0,6909.772848963738,7275.297029972077,6706.723789691926,7158.6277928352365,7012.605365365745
6999.999999999999,6916.156659245492,7314.644710540772,6546.704488277436,7205.280939579011,6995.696699410678
6000.0,6840.22874557972,7258.256728410722,6572.846451759339,7158.4624733924875,6957.448599785567
6999.999999999999,6899.856162190438,7323.845564126969,6565.481883883477,7182.124645233155,6992.82706385851
6000.0,6790.551079630853,7231.1749238967905,6514.963155269624,7139.66482615471,6919.088496237994
6000.0,6817.1964408159265,7262.841863155366,6577.4704365730295,7149.457523345948,6951.7415659725675
6999.999999999999,6787.158311367036,7269.638145446778,6539.303136825562,7148.322605371476,6936.105549752713
5000.0,6751.490228295327,7290.592384815217,6487.349022150041,7174.537309408189,6925.992236167193
9000.0,6825.163598060609,7331.201452732087,6711.90490102768,7143.059660911561,7002.832403182984
6000.0,6747.586622953416,7234.013458728791,6476.626816391946,7153.332611083985,6902.8898772895345
6000.0,6762.085138082505,7279.594508886338,6548.383720517159,7174.36537718773,6941.107186168433
6000.0,6831.853249311448,7372.8569927215585,6682.145748138429,7200.731348514558,7021.896834671498
5500.0,6852.748800277711,7395.371847629548,6693.83837902546,7221.117715597154,7040.769185632468
6999.999999999999,6870.279687285424,7357.403757810594,6818.907910346986,7156.490212440492,7050.770391970874
5500.0,6894.549408078195,7300.2354679107675,6764.344228267671,7112.474737405778,7017.900960415603
8000.0,6975.339779853822,7282.493385314942,6679.11130976677,7085.2457985878,7005.547568380834
8000.0,6940.28792500496,7254.3138597011575,6449.728103160859,7116.001001119615,6940.082722246648
6000.0,6858.093991160394,7216.134160995484,6386.178896069528,7139.910325527192,6900.079343438149
6999.999999999999,6866.674070239068,7185.070637702943,6511.804727315904,7136.962679862977,6925.128028780223
6999.999999999999,6927.389288783074,7245.276672363282,6599.945614814759,7167.691431283952,6985.075751811267
6999.999999999999,6914.0955390930185,7254.805685043336,6543.584083795548,7213.313811302186,6981.449779808522
6000.0,6958.492075443269,7324.345655441285,6484.983300924302,7287.851388454438,7013.9181050658235
6500.0,6958.5317521095285,7272.015439033509,6614.095305919648,7250.399921894074,7023.76060473919
6999.999999999999,6953.266327857972,7272.767642498017,6506.524837613107,7263.131172180177,6998.922495037318
6000.0,7002.396786451341,7354.475123882295,6485.198629498483,7353.917170763017,7048.996927648784
6000.0,7005.148528575898,7370.735944271089,6414.111269116403,7412.604746341706,7050.650122076274
8000.0,7022.793899297715,7424.24158191681,6355.948169469834,7437.213371992112,7060.049255669118
5500.0,7079.163696289063,7468.980329513551,6407.832436680795,7494.856128692628,7112.708147794009
6000.0,7063.714594364167,7444.33533358574,6361.886443853379,7478.364687681199,7087.075264871121
8000.0,7155.472671270371,7546.7234506607065,6408.051484942437,7511.540993452073,7155.447150081397
8000.0,7101.109852313996,7387.357987642289,6444.41680276394,7454.952974796296,7096.95940437913
6999.999999999999,7114.381697177888,7427.961269378663,6400.417859673501,7535.270946264268,7119.50794312358
6999.999999999999,7110.351209163667,7483.563984155656,6303.382372856141,7603.525557994843,7125.205781042577
8000.0,7104.387310266496,7511.645971298219,6295.810329079629,7641.407681703568,7138.312823086978
6999.999999999999,7150.49076986313,7594.074245452882,6362.384468674661,7731.309221267701,7209.564676314593
6999.999999999999,7206.442308664323,7562.8057260513315,6334.819518089295,7707.1147208213815,7202.795568406583
6000.0,7276.73448252678,7644.8157420158395,6504.2326835393915,7790.11582684517,7303.974683731795
6999.999999999999,7265.288590908051,7569.034962654115,6554.76918399334,7755.968269348145,7286.265251725913
5500.0,7224.735731601716,7498.468358516694,6518.965125679971,7757.337114334107,7249.876582533122
8000.0,7212.098713397981,7542.664858341218,6522.134712696076,7781.42415714264,7264.580610394479
8000.0,7201.957192182542,7554.874525785447,6584.21670973301,7809.8772864341745,7287.731428533793
6000.0,7176.715393066407,7547.538475513459,6625.865223646165,7842.52870297432,7298.161948800088
6600.0,7170.546498060227,7536.889423608781,6696.175995945931,7793.570176601411,7299.295523554088
6999.999999999999,7187.648794412614,7589.127887725831,6715.988704562188,7820.94955611229,7328.428735703231
6999.999999999999,7203.928626537324,7641.552336215974,6774.182388305665,7846.53687286377,7366.550055980683
6999.999999999999,7192.340560197831,7648.479220867158,6758.54812860489,7866.387604951859,7366.438878655435
6000.0,7242.138909339906,7685.433075904847,6747.739956736566,7855.954294919969,7382.816559225322
6999.999999999999,7298.403728485108,7742.689811706544,6778.57575249672,7903.205071449281,7430.718591034413
5500.0,7236.337023496629,7677.927573204041,6761.987599611283,7789.933975458146,7366.546542942525
5000.0,7336.1263189315805,7748.180896997453,6787.317018032075,7790.2017929553995,7415.456506729127
6999.999999999999,7376.6221430301675,7800.971528053285,6837.953950047494,7721.829804420472,7434.3443563878545
6000.0,7325.614482164384,7703.7289786338815,6781.774683713914,7580.36099767685,7347.869785547257
6999.999999999999,7274.3662815094,7578.897920608521,6736.073776960374,7420.788058757783,7252.53150945902
6000.0,7266.261495828629,7524.830196857453,6677.7842079401025,7334.805416584016,7200.92032930255
6999.999999999999,7234.739211082459,7478.575469970704,6647.807246685029,7246.6537833213815,7151.9439277648935
6999.999999999999,7116.933402776719,7367.433688402177,6543.321225881577,7191.590836524964,7054.819788396359
6500.0,7032.708932876588,7334.108595132829,6477.873324990273,7137.573535203935,6995.566097050906
6000.0,7002.3777747154245,7288.9433233737955,6576.358663320542,7092.29749941826,6989.9943152070055
6000.0,6967.141588687898,7329.71440434456,6599.648866415025,7079.715863227845,6994.055180668832
6500.0,6900.812121868134,7277.118023633958,6603.468158841134,7006.601686477662,6946.999997705222
6000.0,6943.7240896224985,7354.753687143327,6718.132071137429,7015.666151523591,7008.068999856711
6000.0,6846.385654926301,7235.340973854066,6700.7450120449075,6955.468382835389,6934.485005915166
6000.0,6768.308588504792,7111.540682554246,6645.894500732423,6924.070914268495,6862.453671514989
6999.999999999999,6775.875259399415,7149.806347370149,6599.242180585862,6935.185340404511,6865.027281939984
6000.0,6795.115136146546,7106.719141006471,6525.836215019227,6908.359781026841,6834.007568299771
8000.0,6794.007909178735,7042.52229499817,6507.851526141168,6864.674944877625,6802.264168798924
5800.0,6815.052247643472,7003.801175117494,6518.572905302049,6906.337924242021,6810.941063076259
6999.999999999999,6786.821886301042,6977.241780042649,6471.082002282144,6897.223863363267,6783.092382997275
8000.0,6801.4328186512,6985.582972526551,6391.006637096406,6932.300929427148,6777.580839425326
8000.0,6759.336289048196,6998.152209758759,6347.813626289369,7025.834950447083,6782.784268885852
6500.0,6793.568986058236,7068.523736953736,6341.876178503037,7134.429986000062,6834.599721878768
6000.0,6868.976556777955,7198.8095099926,6430.526663184167,7217.334380149842,6928.911777526141
6999.999999999999,6893.906315445901,7181.915516138078,6476.923978090287,7227.307275533677,6945.013271301986
6999.999999999999,6885.1803419590005,7240.17326116562,6456.608698368073,7316.806262254716,6974.692140936852
6999.999999999999,6879.5636138916025,7247.219175815583,6488.038404226304,7346.190966606141,6990.253040134908
6600.0,6906.313126325608,7295.358544349671,6568.562198400498,7367.210507154466,7034.361094057561
6999.999999999999,6928.85277915001,7263.026194334031,6602.955668568612,7367.139419794084,7040.493515461684
5000.0,6958.123413085938,7268.584233999253,6669.435576081277,7373.377748966218,7067.380243033172
8000.0,6981.237550973893,7304.89086341858,6781.776336908341,7381.251914024354,7112.289166331292
5500.0,7021.567229032517,7355.69683456421,6749.98334157467,7445.989354610444,7143.30918994546
6999.999999999999,7019.158524751664,7391.164467811585,6708.49146783352,7453.0121245384225,7142.956646233798
5500.0,7023.053450822831,7403.3319787979135,6693.117999553681,7416.851802825929,7134.088808000089
6999.999999999999,7057.447334289552,7423.654697895051,6645.393582820893,7404.927311420442,7132.855731606484
6999.999999999999,7092.948858022691,7440.90330195427,6619.756670236588,7393.183018207551,7136.697962105275
8000.0,7105.916515111924,7481.637186050416,6522.462871789933,7420.197868347169,7132.5536103248605
6000.0,7089.796216249467,7454.836424589158,6439.286527156831,7436.351231098176,7105.067599773408
5500.0,7116.735846042634,7503.909021377564,6425.537735700608,7439.67167210579,7121.463568806649
6999.999999999999,7041.707270145417,7418.713299751283,6434.90308213234,7342.5539388656625,7059.469397723676
5000.0,7050.696514844895,7495.137171745301,6507.8097829818735,7392.034048080445,7111.419379413129
6999.999999999999,7037.413097620011,7479.749238014222,6616.7759606838235,7311.4887623786935,7111.356764674188
6999.999999999999,6988.92655825615,7354.357747077943,6615.774538159371,7218.6404037475595,7044.424811810256
6000.0,6925.641035676003,7249.0765397548685,6620.941597342492,7177.904039859773,6993.390803158284
6000.0,6913.983121871949,7266.335062980653,6603.599174499513,7190.435253620149,6993.588153243066
6000.0,6910.954882979394,7302.834289550782,6687.686429262162,7165.59435415268,7016.767488986255
6000.0,6906.4776191711435,7256.19932794571,6708.247621655465,7113.275710105897,6996.050069719554
6999.999999999999,6880.266634821893,7230.936863899232,6674.076092839242,7061.977913618089,6961.814376294614
6999.999999999999,6839.171941041947,7233.254642486573,6547.106214523316,7095.503043413163,6928.75896036625
6000.0,6845.536739587785,7211.369654655457,6543.294361472131,7098.509377479554,6924.677533298732
6000.0,6805.25211107731,7202.549035787583,6525.677508354188,7067.444200992585,6900.2307140529165
6000.0,6835.908535242082,7287.228134155274,6551.940155029298,7063.274844646455,6934.587917268277
6000.0,6768.415219545365,7164.250307083131,6534.191046357156,6996.641190052033,6865.874440759421
6999.999999999999,6824.4738026857385,7205.043706178666,6587.677258968354,6991.104641914369,6902.074852436782
6999.999999999999,6828.171585321427,7169.084247589112,6591.718906044961,6977.942734479905,6891.729368358851
5500.0,6897.582606554032,7218.442020416261,6554.503846287728,7014.4841175079355,6921.253147691489
6999.999999999999,6863.796272039414,7176.612068414689,6532.767645955087,6975.566267490388,6887.1855634748945
6999.999999999999,6853.2947677373895,7115.346336126328,6560.611986398698,6924.633413672448,6863.471625983716
6800.0,6770.418891191483,6974.147826671601,6566.277483701707,6864.863409042359,6793.926902651788
8000.0,6782.001584649087,7005.143568992616,6614.312700986863,6884.0032675266275,6821.365280538798
6000.0,6851.633307337762,7079.837373018266,6591.084492683412,6994.482944726945,6879.259529441596
8000.0,6823.6922550201425,7042.828962564469,6579.686130404473,7029.681933879853,6868.972320467235
8000.0,6916.931180834771,7177.205565214158,6531.6786041259775,7180.233390808106,6951.512185245753
6999.999999999999,6860.394411206246,7165.825801372529,6470.851381659509,7202.927617311479,6924.999802887441
6999.999999999999,6817.878796815873,7160.914987325669,6437.046862006188,7271.813749313355,6921.9135988652715
5000.0,6863.060187220574,7214.892611980439,6430.853582382203,7355.614174842835,6966.105139106513
6999.999999999999,6922.420199632646,7280.313648462296,6578.557825207711,7358.23944759369,7034.882780224086
6000.0,6964.912256002427,7350.446289062501,6566.448176026345,7434.496346950532,7079.075767010451
6000.0,6967.903711318971,7390.653630733491,6571.965299129487,7438.78886628151,7092.327876865865
6000.0,6963.957536220551,7337.646431207658,6584.059242963792,7379.387937307359,7066.26278692484
8000.0,6920.055305004121,7316.684752464295,6584.770943164826,7350.857934474946,7043.092233777047
6999.999999999999,6945.893080711366,7378.6944222450265,6581.539774656297,7424.520145177842,7082.661855697633
6500.0,6929.671523690225,7408.4949049949655,6533.562419176103,7437.036480188371,7077.191332012416
6600.0,6962.759796857835,7446.027378082276,6604.73202598095,7458.069246292115,7117.897111803294
6000.0,6995.000394582749,7475.176502227784,6631.6551238298425,7465.564829826356,7141.849212616683
6999.999999999999,6984.436482191087,7457.318696022035,6670.837071657182,7458.207288026811,7142.699884474278
5000.0,6954.699647426606,7436.555400609971,6599.948507905007,7452.248348712922,7110.862976163627
6999.999999999999,6995.7683033943185,7515.574787855149,6606.487718462945,7449.0461111068735,7141.7192302048215
6000.0,6999.368960857392,7537.5292098522195,6620.436546444894,7438.920295238496,7149.06375309825
6999.999999999999,6986.749301195146,7530.2973108291635,6595.36378645897,7398.187237739564,7127.649409055711
5500.0,6954.985650062562,7548.16999578476,6533.920335769654,7410.897823095323,7111.993451178075
6000.0,6924.45734846592,7436.930675745011,6568.3510028123865,7310.686963081361,7060.10649752617
6999.999999999999,6961.896829366685,7457.040959358216,6639.914483189584,7292.745670557023,7087.899485617877
6000.0,6912.501446366311,7325.964132785798,6663.813888430596,7186.2196078300485,7022.1247688531885
6000.0,6873.622859716416,7263.2047393322,6688.824653625489,7129.971320629121,6988.905893325807
8000.0,6863.297833919526,7210.078509807588,6662.022238969804,7084.749840259553,6955.037105739118
8000.0,6839.730720758439,7159.883394002915,6572.693531274796,7109.270020008088,6920.39441651106
5500.0,6895.680606365205,7263.749466896058,6504.494714856149,7210.843112230302,6968.691975086928
6999.999999999999,6888.145759463311,7222.640307664872,6500.943239927293,7173.351969003678,6946.270319014789
8000.0,6956.486750602723,7254.170031785966,6476.444551706315,7223.261082172395,6977.59060406685
6000.0,6946.217106819154,7302.123415946961,6439.701065659524,7308.12203192711,6999.040905088187
6000.0,7000.284003973008,7352.239178419114,6449.178002715112,7329.272174835206,7032.74333998561
6000.0,6961.537259578706,7259.597469091416,6431.373098731042,7257.439223766328,6977.486762791873
6999.999999999999,6925.745186924935,7250.32387495041,6518.617128252984,7238.179508686067,6983.216424703599
6999.999999999999,6886.71863937378,7278.441405773164,6507.3460619449625,7270.35149884224,6985.714401483537
5500.0,6890.481723189355,7271.356641054154,6477.126494407655,7291.202413558961,6982.541818052531
6000.0,6908.797464251519,7292.558859586717,6559.69322359562,7286.646209716798,7011.923939287663
6999.999999999999,6879.71860086918,7252.5788321495065,6704.448167562486,7209.973531961442,7011.679783135653
6999.999999999999,6943.650522470475,7340.601516246797,6707.634699821473,7254.997455596925,7061.721048533917
6000.0,6918.72200369835,7296.209939479829,6704.705652594567,7207.182939767838,7031.705133885146
6000.0,6959.067387104035,7339.475690841676,6679.811437606812,7228.007403373719,7051.590479731561
6000.0,6944.7780010700235,7275.536743164063,6741.676452875138,7131.471594572068,7023.365697920323
6000.0,7003.821840047837,7333.588665485383,6718.599925160409,7126.315281152726,7045.581427961589
6000.0,6999.834335088731,7351.690317869187,6675.045691370965,7108.670737028123,7033.8102703392515
6600.0,6989.324151515962,7326.759319305421,6677.5961570739755,7036.885728597642,7007.64133912325
8000.0,6977.236820459367,7347.99625492096,6598.051054000855,7016.2546887397775,6984.88470453024
8000.0,7004.016916990281,7381.516425132752,6508.653738737107,7058.255746364594,6988.110706806184
6500.0,6915.32964873314,7253.183901309968,6401.924746394158,7061.6216502189645,6908.014986664058
8000.0,6821.458376049996,7144.135063886643,6420.237181067468,7028.091560840608,6853.480545461179
6999.999999999999,6859.983179092408,7216.505303144456,6451.817740917207,7125.853213310243,6913.539859116078
6999.999999999999,6829.961581587792,7188.920100927354,6430.899871826173,7194.371509552003,6911.03826597333
6000.0,6775.848394989968,7100.436175584794,6456.871556282044,7218.764393329621,6887.980130046607
6000.0,6813.65033876896,7167.425266981126,6584.069575428964,7274.992842197419,6960.034505844117
6000.0,6868.898030042649,7215.427420377732,6678.128485679627,7313.9437561035165,7019.099423050881
6000.0,6953.090262651444,7282.670277118684,6709.563564419747,7374.500267982484,7079.95609304309
6999.999999999999,6962.772195816041,7292.894458055497,6724.041414618493,7386.566934108735,7091.5687506496915
8000.0,6943.921646356584,7287.670363664628,6660.543043255807,7413.960365772248,7076.523854762317
6000.0,6989.292740821839,7356.443251848222,6614.938021779061,7490.623124361039,7112.82428470254
8000.0,7034.760547161103,7434.785655975343,6629.441083192826,7555.449010849,7163.609074294568
6999.999999999999,7020.132256269456,7409.237189292909,6608.125620841981,7522.420665979386,7139.978933095933
6999.999999999999,7040.471507310868,7391.295070171357,6581.7348515987405,7512.0584433078775,7131.389968097211
6000.0,7081.765824317933,7441.481920003892,6530.989635348321,7564.199368953706,7154.609187155963
5000.0,7133.593469619752,7492.908665657044,6585.650855898858,7585.563600540162,7199.429147928954
8000.0,7208.84522676468,7556.2772612571725,6742.279455542565,7567.088326215745,7268.622567445041
6999.999999999999,7230.85255098343,7597.476519584657,6676.96257030964,7600.9490544796,7276.560173839332
5000.0,7177.829646110536,7651.378923892976,6620.471676826478,7646.372224569322,7274.013117849828
5500.0,7198.287927150727,7665.859253883363,6681.703105330468,7598.023726940156,7285.9685033261785
6000.0,7126.88563323021,7577.543954372407,6756.271266579629,7482.58281326294,7235.820916861297
6000.0,7052.029816150666,7467.503200292588,6735.358357071877,7378.04637002945,7158.234435886146
6000.0,7062.206881046296,7477.98527956009,6748.698396205903,7314.744728803636,7150.908821403981
5800.0,6973.452658414842,7357.4525270462045,6650.236202597619,7198.2871005535135,7044.857122153045
6999.999999999999,6939.1778049469,7295.540395736695,6588.559651494027,7112.022588729859,6983.8251102268705
6000.0,6884.618669152261,7254.7420370578775,6545.397224783898,7063.932816028596,6937.172686755658
5000.0,6862.306330561639,7296.9307322502145,6535.343322873116,7059.9353919029245,6938.628944396974
8000.0,6894.648186445237,7309.920707464219,6684.448234677316,6981.981488466264,6967.749654263259
6999.999999999999,6864.990705013276,7330.4608216285715,6590.859658241273,7000.316241264344,6946.656856536866
6000.0,6845.216019868852,7346.519952297212,6542.140018463136,7012.220894336701,6936.524221241475
6500.0,6825.364047884942,7284.506976127625,6466.448924899102,6952.256226062776,6882.144043743611
6000.0,6750.688428997994,7162.744246959687,6385.8193262815485,6890.228784441949,6797.370196670295
6999.999999999999,6740.865147709847,7175.85077238083,6486.97250711918,6896.620447397233,6825.0772186517725
6000.0,6699.767974138261,7107.978875160218,6486.73982000351,6900.536038398744,6798.755676925183
6999.999999999999,6666.1287739276895,7074.394230365754,6536.823758482934,6886.875692844392,6791.055613905192
6000.0,6637.2528401613245,7024.533886432649,6560.976929068566,6862.136464834214,6771.225030124188
6999.999999999999,6702.393246889115,7031.839352607728,6602.508892774583,6855.2277653217325,6797.99231439829
8000.0,6770.837562680245,7146.299921989442,6519.967374801637,6958.607799053193,6848.928164631129
6000.0,6698.1118866205225,7032.455167531968,6415.126330494882,6971.476264476777,6779.292412281037
6999.999999999999,6682.883899450303,6975.60429096222,6423.618376970292,6959.629473209382,6760.434010148049
6600.0,6718.514785647393,7076.856663465501,6460.718539714814,7043.400141239167,6824.872532516719
6000.0,6798.066501498223,7126.874887466432,6573.344063282014,7092.535559415818,6897.705252915622
6999.999999999999,6879.103612542153,7139.188706159593,6632.974786281587,7101.050337314607,6938.079360574485
5500.0,6889.206283688546,7157.735067844392,6573.666849493981,7121.199470996858,6935.451918005944
6000.0,6951.823915719987,7174.471181631089,6503.239526987077,7131.389761447907,6940.231096446515
6999.999999999999,6992.643765926362,7213.766786575318,6619.673597216607,7103.117656946183,6982.300451666118
6000.0,6953.7126903533945,7168.831308841706,6480.756909370423,7096.060169935227,6924.840269625188
5500.0,6925.361645817758,7199.402180194856,6390.785109043122,7122.164109945298,6909.428261250258
6999.999999999999,7011.952250242234,7309.238764762879,6526.646280288697,7141.365963220597,6997.300814628602
6999.999999999999,6910.976787805558,7167.1764612197885,6600.333288908006,7033.9488286972055,6928.1088416576395
6999.999999999999,6864.304216027261,7129.223250150681,6518.839896202088,7041.086495637895,6888.363464504481
6000.0,6846.924183011056,7177.0096616745,6487.61477315426,7103.851675271989,6903.850073277951
6999.999999999999,6842.1646362543115,7185.83358693123,6557.461824417115,7080.663143634797,6916.530797809363
6999.999999999999,6867.246902108193,7201.903463363648,6537.103561639787,7075.306793689729,6920.390180200339
6400.0,6835.038541674615,7188.4216628074655,6427.282682418824,7105.212254285813,6888.988785296679
6999.999999999999,6848.218220949174,7253.666634082795,6465.718626260758,7135.840987443925,6925.861117184163
6999.999999999999,6814.314922928811,7271.746794939042,6503.490399241448,7190.938651323319,6945.122692108155
6000.0,6806.13615679741,7330.442636489869,6533.899670839311,7215.822533845902,6971.575249493123
6999.999999999999,6812.421602010728,7309.223886013032,6537.897094964982,7224.89774465561,6971.110081911088
6999.999999999999,6769.706777691842,7220.773024559022,6539.869355916978,7202.397768497468,6933.186731666327
6999.999999999999,6823.798059463502,7272.985037565232,6632.513545036317,7215.179441213609,6986.119020819665
6999.999999999999,6830.354215264321,7262.357477188111,6529.689811229707,7259.394126176835,6970.448907464744
6500.0,6856.66728436947,7246.625679016114,6504.541417598725,7272.821371316911,6970.163938075305
6999.999999999999,6938.717390298844,7283.862230300904,6532.183241724969,7271.82366847992,7006.646632701159
6000.0,6928.587854743005,7275.323481082917,6438.361151576043,7310.7398653030405,6988.253088176251
6000.0,7017.926894903184,7324.962296962739,6491.252214193345,7309.5884153842935,7035.93245536089
6999.999999999999,7063.7071549892435,7371.771670579911,6457.658890128137,7311.3234429359445,7051.115289658309
5000.0,6988.649648189546,7355.2992413043985,6367.411832928658,7324.9540309906015,7009.078688353301
6999.999999999999,7009.150085687638,7379.187074184419,6607.982206225396,7281.0270018577585,7069.336591988803
6999.999999999999,7042.291674375535,7442.329182147981,6648.773952126504,7284.6623764038095,7104.514296263457
5500.0,7020.946454524995,7458.505689620973,6554.522858023644,7302.478852748872,7084.113463729621
8000.0,6977.347584486009,7423.661310672761,6581.371975421906,7252.228354930879,7058.652306377889
8000.0,6926.486231327058,7376.081548452378,6461.437679290772,7252.502785205842,7004.127061069013
6000.0,6901.8399955034265,7417.241956710816,6406.840933322907,7317.384053707124,7010.8267348110685
6000.0,6889.6038769483575,7409.059470891953,6427.519089221955,7321.998119354249,7012.045139104129
6000.0,6870.354494333268,7387.7555809021005,6456.778977394105,7333.654793262483,7012.135961472989
8000.0,6897.421420097352,7419.052204608918,6512.925179839135,7331.022907733918,7040.105428069831
6500.0,6843.635152697564,7397.55737066269,6340.022947549821,7364.379411697389,6986.398720651866
6000.0,6844.169134497643,7399.376711130143,6419.267169237138,7364.675333499909,7006.872087091208
6999.999999999999,6916.805538058282,7416.750957965852,6478.9627801179895,7346.724121809007,7039.810849487782
5500.0,6903.177016496659,7405.396818637849,6388.955849409104,7353.679110765458,7012.802198827268
5500.0,6897.15608239174,7426.5262966156015,6492.832254767419,7361.208584785462,7044.430804640056
6000.0,6899.468074798585,7377.880223989488,6599.307481765748,7293.92357158661,7042.644838035108
6000.0,6898.956411123277,7329.311851501466,6639.795453190804,7237.4273052215585,7026.372755259276
5000.0,6917.786708950997,7350.128875732423,6625.999545693398,7227.964420318604,7030.469887673856
8000.0,6904.329706311227,7300.362763881684,6687.794713497163,7129.153815984727,7005.4102499187
5500.0,6887.016214370728,7325.674823760987,6629.685755968095,7156.870447158814,6999.811810314656
6000.0,6906.216001152993,7341.575247764588,6720.602770209313,7123.475093126298,7022.967278063298
6000.0,6885.471717476846,7279.522594928742,6624.982831120492,7034.46627855301,6956.1108555197725
6999.999999999999,6910.068357467652,7374.344041109086,6584.00138115883,7032.103037118913,6975.12920421362
6999.999999999999,6854.837611436845,7341.848024845124,6405.689070105554,7006.927365779878,6902.32551804185
6999.999999999999,6772.54035294056,7294.449287414552,6359.541800856591,6945.380590438844,6842.978007912637
6999.999999999999,6764.862918019296,7350.975311279298,6337.819239377976,6972.684749603272,6856.585554569961
8000.0,6687.693455338479,7242.5968441963205,6304.458602428437,6953.258061885835,6797.001740962268
6000.0,6589.8652617931375,7126.995570659638,6339.213708877564,6965.250334262849,6755.331218898297
5800.0,6605.270554065705,7162.705396890641,6427.250031828881,7010.890072822572,6801.52901390195
6999.999999999999,6654.188577175141,7173.041995048524,6595.6249911785135,7015.221442222596,6859.519251406194
6999.999999999999,6649.067394137383,7223.689259529115,6555.9107147455225,7072.336003303529,6875.250842928887
5500.0,6581.639379620553,7121.441663980485,6513.512477159501,7086.707222461701,6825.82518580556
6999.999999999999,6647.511324882508,7119.882701635362,6646.123881459237,7088.266184806825,6875.446023195983
5000.0,6688.252648353578,7161.077000379563,6571.609035730363,7142.495921611787,6890.858651518823
6999.999999999999,6717.31126010418,7149.050837516786,6705.578539252282,7092.9009153842935,6916.210388064385
6000.0,6791.957948088647,7186.2262206077585,6641.271755814553,7082.106382369996,6925.390576720239
8000.0,6844.278245329858,7232.841343879701,6596.145747423173,7076.908739089967,6937.5435189306745
6000.0,6844.443978071214,7272.498171806336,6358.461024999619,7142.116513490678,6904.379922091962
6000.0,6834.33221435547,7286.375912427903,6447.7711342573175,7131.579878807069,6925.01478496194
6000.0,6895.428907513619,7379.642529249192,6440.845076203347,7151.243799924851,6966.7900782227525
8000.0,6784.810361981393,7269.425709962846,6407.928321957589,7072.39138531685,6883.638944804669
6000.0,6795.387913227082,7331.419674396516,6349.816471338273,7165.810922622682,6910.608745396138
5500.0,6800.400398731233,7370.8301763534555,6552.667147278787,7157.984700202943,6970.470605641604
6999.999999999999,6894.838717103005,7429.302010059358,6608.413276672364,7177.489088058473,7027.5107729733
6999.999999999999,6871.3426913023,7395.667769432069,6525.238171935082,7166.721832752229,6989.74261635542
6999.999999999999,6853.5898629426965,7387.304258823396,6525.170390963555,7157.68381881714,6980.937082886697
6500.0,6870.403263568879,7340.978444576264,6481.387603044511,7111.293529987336,6951.015710294248
6400.0,6874.423832416535,7288.635829210282,6507.826728224755,7050.560126304627,6930.36162903905
5000.0,6807.010283350945,7187.738066911698,6433.3395735025415,6998.714295864106,6856.700554907323
6000.0,6790.707719802857,7215.917592525483,6636.726297736169,6990.499572753907,6908.462795704604
6000.0,6798.657518506051,7266.471451520921,6748.237981557847,6996.928845882417,6952.573949366809
8000.0,6756.644061923028,7222.487387180329,6688.2204110622415,6964.655184268952,6908.001761108638
6000.0,6714.4144501686105,7153.944293022157,6539.236595749856,6978.786690235139,6846.5955072939405
6999.999999999999,6784.105687856675,7206.792785882951,6594.418159246446,6988.615757703782,6893.483097672463
6999.999999999999,6775.540074229241,7165.557157278062,6558.009031772614,6964.762641906739,6865.967226296664
5500.0,6827.016829013825,7278.450498342515,6440.58304488659,7068.183178901673,6903.558387786151
6500.0,6861.108591198922,7274.202615261079,6559.115845441819,7039.696985721589,6933.531009405852
6000.0,6927.76249742508,7299.297280073167,6547.070670843125,7041.68577861786,6953.954056739808
6999.999999999999,6919.182005047799,7196.750456333161,6441.171995401383,6995.306235551835,6888.102673083545
6000.0,6899.026671886445,7229.067927598954,6472.376866817475,7040.373142242433,6910.211152136327
6000.0,6884.531463146211,7266.207767009736,6473.163787364961,7077.743602275849,6925.411654949189
6000.0,6937.479974269868,7300.164380550385,6510.57351076603,7064.039447069169,6953.064328163863
5500.0,6830.451340436936,7173.417270183564,6449.270581603051,6984.677021980287,6859.4540535509595
6999.999999999999,6847.703664183618,7201.962978363038,6499.852958202363,6973.292298555375,6880.702974826098
6999.999999999999,6890.704491138459,7243.563962936402,6454.960050225259,6990.005267620088,6894.808442980052
6999.999999999999,6828.771694898606,7181.800619125367,6423.138123989106,6989.701079845429,6855.852879464627
5500.0,6828.510490179063,7159.634588241578,6324.792067289353,7036.832826375962,6837.442493021489
6600.0,6858.899923443795,7181.754329681397,6240.191495656968,7091.715574979783,6843.140330940486
6000.0,6904.634720683099,7200.439559698106,6225.558245182038,7121.563173770905,6863.048924833537
6000.0,6937.807306766511,7220.137371301652,6303.4294888973245,7120.982075929643,6895.5890607237825
6000.0,6969.441182136537,7293.827686309815,6327.1912657022485,7112.912007331849,6925.843035370112
5500.0,6977.543488025666,7309.823995590211,6360.00056231022,7075.053028345109,6930.605268567801
6999.999999999999,6976.538345813752,7311.4110622406015,6398.497261047364,7025.1472215652475,6927.898472666741
6000.0,6915.989686608315,7172.620430469514,6422.00899219513,7000.706395149232,6877.831376105548
6000.0,6901.039849400521,7198.812816381455,6393.22357082367,7023.81474685669,6879.222745865584
6000.0,6871.485279321671,7148.27714252472,6391.587734937669,6949.885545253755,6840.308925509454
6999.999999999999,6841.715380668641,7081.764171123506,6420.593857765199,6880.2009203434,6806.068582475186
5500.0,6897.713208913804,7113.81051850319,6496.985079169274,6903.435328125955,6852.986033678056
6999.999999999999,6876.670523643495,7074.109880924226,6478.413506269456,6865.649089694024,6823.7107501328
6000.0,6864.48276102543,7057.238205194474,6436.230183959008,6885.573802232743,6810.881238102914
8000.0,6792.7341228723535,6992.034563779832,6379.960405230523,6852.101574659348,6754.207666635514
6999.999999999999,6776.205484986306,6984.89855003357,6415.480527400971,6904.111071348191,6770.17390844226
5000.0,6735.565006375314,7022.840188741685,6405.672951459886,6966.829961538316,6782.7270270288
8000.0,6751.173641562463,7059.620458364488,6453.427538990975,6957.794427394868,6805.504016578198
6999.999999999999,6784.781431078912,7121.0085270404825,6449.015576362611,7025.9027314186105,6845.177066475154
6500.0,6754.258915662766,7116.577965974809,6406.837626934052,7078.798340320588,6839.118212223054
6999.999999999999,6731.427060723306,7128.518162727357,6505.615580677987,7100.791612386704,6866.5881041288385
6999.999999999999,6702.654451608659,7141.161793708802,6491.060030341149,7171.312753677369,6876.547257333995
5000.0,6801.641947746278,7211.71021270752,6484.041806697846,7264.919928550721,6940.578473925591
6999.999999999999,6842.637863159181,7204.903184652329,6472.878611326219,7224.218281745912,6936.15948522091
6000.0,6878.310905814172,7254.560185670854,6487.215939998628,7290.399787664414,6977.621704787017
6999.999999999999,6891.7410440444955,7276.674140930177,6470.943547248841,7292.9159495830545,6983.068670451642
6999.999999999999,6903.484923958779,7301.964709281922,6534.80768787861,7320.2936758995065,7015.137749254704
6000.0,6970.658759832383,7345.083326339723,6570.229444980622,7316.335101842881,7050.576658248902
5500.0,6964.130295038224,7308.509706020356,6561.500991702081,7289.458293437959,7030.899821549655
6000.0,6955.465903043748,7320.306074857713,6509.434046506883,7270.930943489076,7014.034241974355
8000.0,6964.825463294984,7338.68877029419,6593.440708041192,7228.481043577195,7031.35899630189
6000.0,6977.7402181625375,7388.85247540474,6660.59553217888,7294.404651165009,7080.398219227792
6999.999999999999,6922.265625953675,7348.2326617240915,6570.777065634728,7232.629734992982,7018.476272076369
5000.0,6935.387856721879,7419.247281551362,6604.3195539712915,7288.819333791734,7061.9435065090665
8000.0,6880.908074259759,7394.146830558778,6595.361306667329,7237.9819519519815,7027.099540859462
6000.0,6888.0246629714975,7452.792249679566,6583.497156858445,7308.491520881654,7058.201397597791
6999.999999999999,6854.918204665185,7342.019957065583,6509.956042647363,7252.033277988435,6989.731870591641
5000.0,6834.588459491731,7306.0795102119455,6486.298003792764,7202.163014888764,6957.282247096301
6999.999999999999,6860.551877975465,7402.409496307374,6557.247322440148,7181.640259265901,7000.462238997222
8000.0,6809.558269262315,7291.986027717591,6512.117181062699,7140.460839271546,6938.530579328538
6000.0,6823.699281096459,7251.514174938203,6546.7036616802225,7165.951444149018,6946.967140465976
6999.999999999999,6825.061513304711,7267.834510326386,6581.215335249902,7133.419884204865,6951.882810771466
6500.0,6817.751500844956,7228.926579475404,6602.772990584374,7151.370269298554,6950.205335050822
5000.0,6807.743475079537,7214.275970458985,6653.950103878976,7166.545767545701,6960.6288292408
5000.0,6888.6375848054895,7340.566799163819,6720.384548544885,7208.575756072999,7039.541172146798
6000.0,6887.862649917603,7286.915680408479,6735.151294469834,7109.436992645265,7004.841654360295
6000.0,6928.38492512703,7307.469020128251,6638.504308342935,7120.1943287849435,6998.63814559579
8000.0,6901.796599149705,7257.594624042512,6564.708602190019,7064.666007757188,6947.191458284856
6000.0,6893.236771702767,7250.227989673615,6497.3475420475015,7090.054941177369,6932.716811150313
6999.999999999999,6861.259445190431,7273.145397424699,6507.610573053361,7082.468431949616,6931.120961904527
6999.999999999999,6896.695667743684,7321.61871123314,6517.696298956872,7098.089466094972,6958.525036007167
6000.0,6894.933775782586,7358.117111206056,6498.190257906915,7121.69212293625,6968.2333169579515
6999.999999999999,6876.970165133477,7251.238918066026,6568.455980658532,7040.553340435029,6934.304601073266
6999.999999999999,6888.023836374284,7287.571998596192,6561.657631874085,7084.612625122071,6955.466522991658
6000.0,6864.538969635964,7245.769324302674,6569.651653528214,7090.5723910331735,6942.633084625007
6000.0,6899.26390528679,7338.281257867814,6570.977515459062,7114.696630716325,6980.804827332498
6999.999999999999,6843.2478919029245,7214.985190868379,6551.983551383019,7061.346393346787,6917.8907568752775
6000.0,6863.851654052735,7225.478015899659,6603.939732551576,7056.403342008592,6937.41818612814
5500.0,6874.665612101556,7223.490876197816,6636.479558467866,7070.561299085618,6951.299336463214
6999.999999999999,6871.804345846177,7301.160430192948,6655.299937129022,7086.487347602845,6978.688015192748
8000.0,6873.076892256738,7218.3097648620615,6650.477568984033,7014.823022365571,6939.171812117101
6999.999999999999,6805.679875135423,7101.561174392701,6583.9596379995355,7005.905691623689,6874.276594787837
5000.0,6841.9538539648065,7154.914718151093,6548.572184681893,7075.887064933778,6905.331955432893
5500.0,6791.40908753872,7105.831375598908,6541.708121418954,7033.322268009187,6868.067713141442
6000.0,6763.3163546323785,7106.243021011353,6491.24229502678,7026.665680646897,6846.866837829352
6999.999999999999,6784.900461077691,7185.450872421266,6515.6546038389215,7052.922541141511,6884.732119619847
6999.999999999999,6844.1720275878915,7275.675611495973,6494.029580831529,7117.182208538056,6932.764857113362
6000.0,6889.811766147614,7276.127760171891,6507.703978538514,7110.227219581605,6945.967681109906
6400.0,6886.955459475518,7298.323548555375,6477.870431900025,7093.674610376359,6939.206012576819
6999.999999999999,6878.867619037629,7178.5595314502725,6551.983964681626,7030.820984840394,6910.0580250024805
6999.999999999999,6880.7667261362085,7210.652168273927,6473.377462744714,7045.274037122727,6902.517598569394
6000.0,6837.887408971787,7178.358668327332,6427.495117902757,7077.166637420655,6880.226958155633
6999.999999999999,6831.099805951119,7127.646102666856,6456.680612325669,7036.208745479585,6862.908816605807
8000.0,6827.237117171288,7193.047300815583,6436.484362602235,7116.56060743332,6893.332347005607
5500.0,6799.681259155274,7173.121348381043,6405.511765003205,7186.12950873375,6891.110970318318
6999.999999999999,6761.13165819645,7152.653148174287,6350.796815633775,7181.49891114235,6861.5201332867155
6000.0,6779.647435784341,7180.093695878983,6386.303298950196,7199.53774213791,6886.395543187858
6000.0,6811.8847271204,7220.204325675965,6456.904206871987,7205.9438705444345,6923.734282553197
6999.999999999999,6815.978449821473,7223.990967512132,6566.273764014245,7179.03565144539,6946.31970819831
6000.0,6835.718004584313,7248.026761293412,6555.376732945443,7220.496941089631,6964.9046099782
5000.0,6871.954786539079,7314.584368944169,6525.266689538957,7270.628408908845,6995.608563482762
6999.999999999999,6866.32359302044,7315.869727611543,6540.2433911561975,7229.042303085328,6987.869753718377
6999.999999999999,6782.328503847123,7203.093763351441,6479.7443277835855,7184.125010490418,6912.322901368142
6000.0,6756.110080122949,7166.565605878831,6505.263450264932,7132.5147602558145,6890.113474130631
6500.0,6791.887274026872,7249.851061344148,6539.341573596002,7158.110342979432,6934.797562986613
6999.999999999999,6875.195460915566,7282.08669948578,6632.350705385209,7118.304727554322,6976.984398335219
6999.999999999999,6906.942580103875,7303.784876346589,6562.4387662410745,7138.803511857987,6977.9924336373815
5500.0,6861.483039736749,7259.1006841659555,6443.781976103784,7140.399671077729,6926.191342771054
6999.999999999999,6834.914138793946,7232.860355615617,6456.380970835687,7096.85535645485,6905.252705425025
6999.999999999999,6899.142395496369,7263.235323429109,6507.652729511262,7121.23088169098,6947.81533253193
6000.0,6872.687978267671,7287.972071647645,6497.792664647103,7165.158737421037,6955.902862995864
8000.0,6862.4142014980325,7263.060911417008,6502.000457763673,7127.250162601472,6938.681433320046
6000.0,6861.900884628297,7232.582618951798,6474.788464188577,7154.82792544365,6931.0249733030805
5000.0,6875.695138931275,7283.636569261552,6525.9544184207925,7175.3845715522775,6965.167674541474
6000.0,6906.379254102708,7257.85913515091,6597.855150461198,7133.018984556199,6973.778131067754
6999.999999999999,6821.909698128701,7137.874416589738,6612.6574400663385,7036.294711589814,6902.184066593648
6000.0,6874.380436062814,7197.090187788011,6554.277771949769,7079.8638241291055,6926.403054982425
6000.0,6804.134964942933,7162.737634181977,6523.48082625866,7061.653887510301,6888.001828223468
6999.999999999999,6825.309492468835,7208.157497882844,6557.568455457688,7068.474141120912,6914.87739673257
6000.0,6846.385654926301,7236.521354675294,6540.10038983822,7082.8246953487405,6926.458023697139
6999.999999999999,6781.93380367756,7193.8829905986795,6552.464217662812,7036.907220125199,6891.297058016063
8000.0,6787.195921540261,7212.43183207512,6542.800469636918,7079.891101837159,6905.579831272365
6999.999999999999,6838.463133931161,7305.658772230149,6537.335008859635,7188.727503776551,6967.546104699374
6999.999999999999,6794.162069559098,7261.3705201149,6480.039836287499,7183.300066471101,6929.7181231081495
6000.0,6766.171421408654,7283.709309816361,6421.344821333886,7257.974858760835,6932.300102829934
6999.999999999999,6776.586133003236,7331.238649606706,6416.479470133782,7281.781685113908,6951.521484464408
6000.0,6824.155562758447,7379.8913350105295,6493.592724204064,7326.722949028016,7006.090642750264
6000.0,6808.583711147309,7358.328720092774,6524.568628191949,7327.099877357484,7004.645234197379
6999.999999999999,6844.560941576959,7314.8877301216135,6622.394755244256,7265.575420141221,7011.854711771012
6000.0,6940.0754895210275,7372.659435987473,6670.535363674165,7264.976137161256,7062.06160658598
6000.0,6929.243346333505,7349.30062532425,6594.343352198602,7273.111506938935,7036.499707698823
5000.0,6927.373583436013,7285.344319105149,6527.043046951295,7224.223241329194,6990.996047705413
6999.999999999999,6935.921011924745,7309.288360595704,6489.925525665284,7175.275460720063,6977.602589726449
6600.0,6825.422736287118,7189.32100057602,6461.326501965524,7107.252296209336,6895.8306337594995
8000.0,6849.071269273759,7206.96471810341,6512.663561820985,7122.431100845338,6922.782662510873
6000.0,6870.209839820863,7295.260179281236,6522.4422068595895,7207.4325721263895,6973.836199522019
5000.0,6872.07753622532,7334.266475200654,6535.857466340066,7244.048348903657,6996.562456667424
6999.999999999999,6861.74713754654,7299.506409168244,6644.52441585064,7158.720371723176,6991.12458357215
5500.0,6917.022106528283,7306.464704513551,6574.926170349122,7139.421806573869,6984.458696991206
5500.0,6928.9941272735605,7341.241302490235,6546.323840260507,7119.8570771217355,6984.1040867865095
6999.999999999999,6913.127180457116,7300.443770408631,6578.344149827958,7043.811786651612,6958.931721836329
6000.0,6913.341682434083,7344.89734196663,6543.6518647670755,7067.278054952622,6967.292236030103
6999.999999999999,6879.5863453149805,7276.30630517006,6499.215238451959,7016.7184097766885,6917.956574678422
8000.0,6827.273074150086,7157.647448539735,6482.127407550813,6957.001720666886,6856.01241272688
6999.999999999999,6789.625704050065,7143.661423683167,6410.724700331689,7018.2525742053995,6840.56610056758
6000.0,6745.125843048097,7103.632627010346,6360.057184219361,7026.104421138764,6808.730018854142
6000.0,6777.713611602784,7143.66638326645,6413.7450865507135,7054.476543903352,6847.400406330825
5000.0,6766.587199807168,7117.133439302445,6514.349820137025,7048.400227785111,6861.617671757937
6000.0,6842.880882740022,7143.571324586869,6641.444927930833,7027.901443481446,6913.9496446847925
6500.0,6875.415335774423,7189.317694187165,6656.89526975155,7078.743784904481,6950.093021154405
6000.0,6877.2739396095285,7176.482292652131,6680.371043920518,7062.7904586792,6949.229433715344
6999.999999999999,6925.839005708695,7167.8542709350595,6651.525694251061,7026.097808361054,6942.829194813968
6000.0,6895.316903591157,7193.578802824021,6592.669079542161,7031.218578100205,6928.195841014386
6999.999999999999,6873.520361661912,7274.522508382798,6530.831755280496,7074.784384250642,6938.414752393962
5500.0,6853.544813394547,7237.061122655869,6504.005369305612,7071.968167543412,6916.64486822486
6000.0,6846.381108641625,7229.624227523805,6578.962857842446,7038.017340183259,6923.246383547784
6000.0,6778.940281867982,7114.346980094911,6570.266641855241,6980.926750421525,6861.1201635599145
6500.0,6788.909870862962,7107.470517873765,6579.084367632867,6962.677963733674,6859.535680025817
6000.0,6864.970453381539,7200.504860877992,6552.488188982011,7005.780048847199,6905.935888022185
6999.999999999999,6811.596244692803,7172.42535352707,6517.611572742463,7001.081670284272,6875.678710311652
6999.999999999999,6806.132437109948,7211.178710699082,6422.445435523988,7029.81584262848,6867.3931064903745
6000.0,6759.318103909493,7269.364541769029,6300.147897958756,7088.365376472474,6854.298980027438
5500.0,6736.003929495812,7212.135910272599,6330.821680665017,7030.787920951844,6827.437360346318
8000.0,6751.850211381913,7211.209294795991,6396.645269989968,6993.631549596787,6838.334081441165
6999.999999999999,6739.166077136994,7176.148347377778,6396.858945369721,7021.4696905612955,6833.410765111447
6999.999999999999,6677.781314849854,7053.419326066972,6399.776420235635,7019.033708572389,6787.502692431212
6000.0,6644.292142033578,7032.452687740327,6404.659543275834,7046.535424470902,6781.98494938016
8000.0,6646.2879610061655,7045.398853302003,6410.939202308656,7055.146087646485,6789.443026065827
8000.0,6655.443765044213,7087.785105228425,6386.1693902015695,7142.539731264115,6817.984497934581
5500.0,6678.409528732301,7206.066206932069,6413.742606759072,7281.146031856538,6894.841093569995
6999.999999999999,6693.690004825593,7228.0388140678415,6478.202310681344,7300.499979019166,6925.107777148486
6999.999999999999,6736.820194244386,7253.310370683671,6500.416697502137,7356.9350771904,6961.8705849051485
6000.0,6761.110993266107,7325.269791126252,6494.83551311493,7444.932963371278,7006.537315219642
5000.0,6757.788072466851,7338.172973632813,6541.9329558610925,7426.359323978425,7016.0633314847955
6999.999999999999,6830.14425957203,7379.903733968736,6636.988742351533,7415.477998256684,7065.628683537246
8000.0,6823.22605419159,7355.66377067566,6654.662630677224,7389.991526365281,7055.885995477439
8000.0,6899.161820530892,7432.368685722352,6579.054196834565,7490.147830963136,7100.183133512736
6999.999999999999,6911.884804844857,7463.551239013673,6492.326377272607,7559.877918720246,7106.910084962846
6000.0,6967.565633058549,7500.010788917542,6456.426433682443,7602.907263278962,7131.727529734374
6999.999999999999,7036.9485499858865,7535.511486053468,6489.950736880303,7635.700027942658,7174.527700215579
6000.0,7120.329064130784,7587.262257814408,6545.16701745987,7660.225167274476,7228.245876669885
5000.0,7169.50085258484,7572.212402343751,6647.165393948556,7605.170486450196,7248.512283831836
5000.0,7251.909288406373,7543.474923610688,6762.503809571267,7527.2488203048715,7271.2842104733
6999.999999999999,7312.334371328355,7589.844547510148,6807.74843466282,7490.793403387071,7300.180189222098
6500.0,7367.742009162904,7656.336853981019,6706.130292892457,7490.585927486421,7305.1987708807
6999.999999999999,7278.203345775605,7553.972708225251,6692.224447965623,7365.385380506516,7222.446470618249
6999.999999999999,7168.935460090638,7533.3069512844095,6591.735024690629,7354.866104364396,7162.210885107518
6000.0,7082.947031736375,7516.99405527115,6589.849556446076,7308.337773799897,7124.5321043133745
8000.0,7079.989466905595,7559.129021644593,6549.279751896859,7307.4318232536325,7123.95751592517
6999.999999999999,6966.761353969575,7435.62382555008,6440.694635510446,7248.983134269715,7023.015737324954
8000.0,6850.381012558938,7345.061834812165,6431.5028744936,7208.40382385254,6958.837386429311
6000.0,6867.513893008233,7418.075993299485,6467.288747668267,7318.104019880296,7017.74566346407
6000.0,6855.032688379289,7372.4453473091135,6606.583603739739,7271.683146953584,7026.436196595431
6000.0,6865.9264130592355,7350.493405103684,6626.754228949548,7249.4526414871225,7023.1566721498975
5500.0,6882.357099175454,7430.411303520204,6620.112520337106,7302.313533306123,7058.7986140847215
6000.0,6914.311280965806,7552.908051013947,6712.016491651536,7340.482486248017,7129.929577469827
6500.0,6923.422862052918,7539.583303928376,6689.418977022172,7318.180893421174,7117.65150910616
5000.0,6876.220854759217,7420.680601119996,6683.088068962098,7230.83932542801,7052.70721256733
8000.0,6794.705557227136,7274.062920331956,6763.619715809823,7107.698658704759,6985.021713018418
6999.999999999999,6796.0322457551965,7229.399393081666,6663.672953605653,7131.2922229766855,6955.0992038548
5000.0,6808.663064479829,7237.285957098008,6540.220246434213,7175.458965301515,6940.407058328391
6999.999999999999,6859.194605350495,7201.931567668916,6564.699509620667,7101.349565505982,6931.793812036515
6000.0,6892.209311366082,7235.273192882539,6424.983915567399,7141.988390922547,6923.613702684642
6000.0,6955.351832628251,7334.769046306611,6445.105771541596,7170.188581466676,6976.3538079857835
6000.0,6996.146884918214,7420.728543758393,6518.993229985238,7191.895850896836,7031.94112738967
6999.999999999999,6990.935189485551,7391.299203157426,6525.116662144662,7151.244626522065,7014.648920327426
6000.0,6971.701925516129,7419.078655719758,6493.4947724342355,7179.89861893654,7016.043493151666
6999.999999999999,6949.018444776536,7365.6639437675485,6538.52117586136,7106.413300037385,6989.904216110707
6000.0,6935.361405611039,7372.711511611939,6518.5183498859415,7121.649139881135,6987.060101747514
6000.0,6941.889043807984,7404.37514448166,6638.804363131524,7113.540221214295,7024.652193158866
6000.0,6917.085341215135,7279.881338119508,6682.37678205967,7006.97861480713,6971.580519050361
5000.0,6902.08797466755,7227.346125602723,6577.222044110299,6960.119645357133,6916.693947434426
5500.0,6816.608316898347,7091.6783781051645,6565.744328498841,6840.988388419152,6828.754852980376
6000.0,6811.029199004174,7108.199576616288,6559.920124530793,6809.116866350175,6822.066441625358
6999.999999999999,6781.489507675172,7116.10597896576,6577.6423687934885,6777.951671600343,6813.297381758691
6000.0,6738.174987077714,7102.767179727555,6595.1430850029,6745.097738742829,6795.29574763775
6000.0,6734.818589091302,7123.490798473359,6571.065134763719,6715.352224707604,6786.181686758996
6999.999999999999,6700.26227927208,7118.316299915315,6458.02052640915,6700.263105869294,6744.21555286646
6000.0,6621.961205005647,7113.403006076814,6420.843076825143,6730.697588682176,6721.726219147445
6999.999999999999,6641.865665912629,7206.273682832719,6452.309979557992,6753.324860811234,6763.443547278644
6999.999999999999,6509.977120876313,7020.479427099229,6311.426403641702,6711.066731452943,6638.237420767547
6500.0,6454.525260090829,6937.994944334031,6321.858060479165,6680.572733640672,6598.737749636174
8000.0,6508.079253673554,7037.789199352265,6369.043122529984,6741.204052567483,6664.028907030822
6000.0,6481.711629152299,6968.073990345002,6445.193390846253,6802.966983079911,6674.486498355866
5500.0,6553.156906127931,7012.684615373612,6583.383086442948,6857.521572589875,6751.686545133592
6999.999999999999,6668.396956682206,7029.84229373932,6584.456836223603,6883.405224442483,6791.525327771903
5800.0,6722.636199355126,7058.794687747956,6476.4040484428415,6945.873242378236,6800.92704448104
8000.0,6691.390824675561,7001.997539997102,6455.335325360299,6916.046721816064,6766.192602962256
6000.0,6709.043634772302,7048.837497711183,6384.807984590531,7001.496622085572,6786.046434789897
6000.0,6637.630181789399,7015.699215412141,6385.4676091671,7044.936785459519,6770.93344795704
6999.999999999999,6712.5562596321115,7045.813805103303,6508.7194532156,7071.906172752381,6834.748922675849
8000.0,6780.1512467861185,7090.914602279664,6520.868365764619,7118.6733899116525,6877.651901185513
6999.999999999999,6800.933967232705,7131.1202907562265,6438.8364449739465,7216.754108905793,6896.911202967168
6000.0,6852.7855838537225,7234.959085941316,6428.7085626125345,7312.899763822556,6957.338249057532
6999.999999999999,6918.267788529397,7299.592375278474,6495.004965543748,7332.061940431596,7011.231767445804
6000.0,6925.431079983712,7345.815691471101,6388.496261358262,7381.241994857789,7010.246256917716
8000.0,6906.413557887078,7351.378690719605,6395.460342884065,7373.189284801484,7006.610469073058
6000.0,6876.187790870667,7404.165188789369,6331.640011906625,7457.310430049897,7017.3258554041395
5000.0,6864.826212167741,7438.792172670365,6487.091123819352,7472.356152534486,7065.766415297986
5800.0,6911.190876483918,7400.235545635224,6677.544494748116,7394.279086112977,7095.812500745059
5500.0,6904.522716760636,7464.024052619935,6649.624520659448,7396.7357330322275,7103.726755768062
6000.0,6878.844887614251,7445.02388906479,6668.777191400529,7350.314033508302,7085.740000396968
8000.0,6865.365153551103,7460.905301332475,6624.8092457056055,7349.611425876618,7075.17278161645
6000.0,6871.159600019456,7487.0381722450265,6553.518542408944,7377.22307920456,7072.234848469497
6999.999999999999,6793.171392798425,7391.601737737657,6537.396177053452,7316.473143577577,7009.660612791778
6000.0,6843.456607699395,7412.611359119416,6553.881831884385,7327.90911602974,7034.464728683234
8000.0,6936.634365320207,7457.333574771882,6596.321399331094,7294.7286772727975,7071.254504173995
6400.0,6910.026201009751,7426.673430919648,6414.760974526406,7288.276259422303,7009.934216469527
6000.0,6918.823261857034,7495.476076602937,6371.62458562851,7330.736905097962,7029.165207296611
6500.0,6905.674993276597,7409.8472180366525,6551.155714273454,7252.535849094392,7029.803443670274
6999.999999999999,6932.039724707604,7417.189054489137,6589.371369957925,7225.026693820954,7040.906710743905
8000.0,6946.056746959687,7468.292600631715,6533.3193995952615,7269.022330522538,7054.1727694273
6000.0,6888.895069837571,7456.703707695008,6486.693943858148,7327.345376729966,7039.909524530173
6000.0,6820.458193421365,7358.518010854722,6572.035559892655,7281.402276992799,7008.103510290385
6000.0,6811.995904445649,7343.295396566392,6633.505461692811,7272.863527774812,7015.415072619916
6999.999999999999,6828.415844798089,7391.23390197754,6665.406327962876,7304.741249322892,7047.449331015349
6999.999999999999,6805.25335097313,7360.143927574159,6662.7690695524225,7268.348653793336,7024.128750473262
6000.0,6844.720888137818,7405.11908197403,6549.987732410432,7325.7128472328195,7031.385137438775
6999.999999999999,6793.428877830506,7294.879117965699,6572.555076241494,7236.686674118043,6974.387436538936
6000.0,6838.184983968736,7324.022455930711,6430.94120168686,7283.023234128953,6969.042968928815
6000.0,6890.523466348649,7410.706879138947,6465.142901301385,7307.253278255464,7018.406631261111
8000.0,6923.808882951737,7445.670288085938,6558.264863610269,7279.030769586564,7051.693701058627
6999.999999999999,7013.4169805049905,7495.505007505418,6453.976812839509,7335.5328221321115,7074.607905745507
6999.999999999999,7016.885382413865,7489.014566183091,6442.509016394616,7324.297712802888,7068.176669448615
8000.0,6925.62822341919,7373.357910633088,6403.812694430352,7290.064189195634,6998.215754419566
6999.999999999999,6927.215703368188,7396.27945137024,6391.736109137536,7346.716682434083,7015.486986577512
6000.0,6937.27084517479,7369.064564704896,6429.377279758454,7368.132163047791,7025.961213171483
5000.0,7006.481003284455,7437.477056503297,6571.333365559579,7426.619702100755,7110.477781862021
6000.0,6953.973068475724,7364.885289192201,6695.538276195527,7371.7609248161325,7096.539389669896
6999.999999999999,6948.019915342332,7397.2416105270395,6766.722761750222,7379.016795158387,7122.750270694495
6000.0,7009.851040124894,7440.056866407395,6776.142250299455,7372.108095645905,7149.539563119412
6999.999999999999,7052.965524196626,7476.895824432374,6653.754200339318,7378.564646482469,7140.545048862697
6999.999999999999,7002.538961172105,7452.999725580216,6482.862252473832,7366.524431467057,7076.231342673303
6000.0,6899.923116564752,7375.515329360963,6410.384142279626,7346.825793266297,7008.162095367909
6000.0,6922.840111017228,7420.936846256257,6524.9815135002145,7349.174982547761,7054.483363330365
5000.0,6955.3600986003885,7471.440282821656,6571.424704551698,7333.8242456913,7083.012332916261
6500.0,7022.659163951875,7507.329480648042,6759.958716750146,7275.754138231278,7141.425374895335
5500.0,7030.341558456422,7519.567252397538,6698.413594603539,7241.4098505973825,7122.4330640137205
6000.0,6990.319374561311,7455.200127363206,6790.3733612298975,7158.134314298631,7098.506794363261
5500.0,6996.71558380127,7474.644173622132,6792.369180202485,7125.625072479249,7097.338502526284
7499.999999999999,6965.456983566285,7412.402230024339,6732.810784459115,7019.367653846742,7032.50941297412
5500.0,6948.788650751115,7456.845055818559,6554.128984451295,7012.559799194337,6993.080622553826
6999.999999999999,6957.734912395478,7474.289563417436,6695.4328850507745,6937.1146183013925,7016.14299479127
6999.999999999999,6868.023490190507,7290.986671686173,6533.370648622514,6833.621754050256,6881.500641137362
6999.999999999999,6790.590756297112,7240.717162132264,6475.747730255128,6838.704087018968,6836.439933925868
6000.0,6741.561142563821,7157.730934858323,6518.812618494035,6827.04658651352,6811.287820607425
6999.999999999999,6679.524195075036,7011.160370111466,6501.7028827667245,6789.820367693902,6745.551953911782
6999.999999999999,6623.19242155552,6952.004940509797,6411.399616956712,6834.72856771946,6705.331386685372
5000.0,6606.674942731858,6975.922530889512,6331.953292250634,6905.21333873272,6704.941026151181
6000.0,6677.287423014642,7072.470738649369,6620.839099287988,6921.112109541894,6822.927342623473
6999.999999999999,6682.078380465508,7108.977404594422,6595.8163484334955,6925.2839456796655,6828.039019793273
6000.0,6654.945326924325,7120.086044549943,6531.527336835862,6958.951663494111,6816.37759295106
6000.0,6660.091721177102,7161.472113847733,6631.878718376161,6994.3118391037,6861.938598126174
6000.0,6671.857092618943,7112.222625255586,6730.038790702821,6952.19092488289,6866.57735836506
8000.0,6691.703278422357,7049.138379096986,6635.565755248071,6932.811766505242,6827.304794818164
6000.0,6681.567543387414,7066.687037944795,6521.120477914811,6994.731750488282,6816.026702433825
6000.0,6717.83986902237,7107.540778636933,6586.558872938157,6990.522717475892,6850.615559518338
6999.999999999999,6811.309415459634,7206.259630680085,6560.073045015336,7021.987967014314,6899.907514542342
6999.999999999999,6787.194268345834,7227.924743652345,6481.116479158402,7053.106045722962,6887.335384219886
5500.0,6800.061907172204,7288.6449217796335,6395.284277677537,7120.014130592347,6901.00130930543
6999.999999999999,6854.127977728845,7296.090082883836,6552.501827836038,7091.246067762376,6948.491489052773
7499.999999999999,6933.298632264138,7339.14339876175,6543.68699514866,7078.75453066826,6973.720889210702
6000.0,6886.986043572427,7290.961047172547,6406.780178427697,7063.19218492508,6911.979863524438
5500.0,6912.786622405053,7362.430295467378,6617.378550052644,7078.266011714936,6992.715369910003
6000.0,6921.236925721169,7325.813692092896,6740.625021219254,7052.2844080925,7009.990011781455
6000.0,6907.656760096551,7243.576361894608,6727.849961280824,6975.328207492829,6963.602822691203
5500.0,6860.969309568406,7203.835221052171,6516.025745987893,6971.782105445863,6888.153095513583
6500.0,6861.289202690125,7229.513463497163,6621.473512649537,6953.963975906373,6916.5600386858
5000.0,6817.818868517877,7144.777329921723,6557.546137332917,6900.993146657945,6855.283870607615
6999.999999999999,6806.389095544816,7074.9959931373605,6829.583826661111,6803.243893146516,6878.553202122451
6000.0,6826.6758576631555,7139.392875671388,6738.014627218247,6801.00340139866,6876.2716904878625
6000.0,6818.797559618951,7176.8211975097665,6563.076899290086,6809.580587387086,6842.069060951472
8000.0,6756.266720294953,7114.917332172395,6620.79652953148,6757.169364452363,6812.287486612798
6500.0,6713.733747363091,7131.679070472718,6393.522799015046,6814.828653097154,6763.441067487002
6000.0,6685.443871021272,7168.826349258424,6371.686167120934,6839.195912361146,6766.288074940444
6000.0,6690.228628993035,7175.4234216213235,6565.817069053651,6838.133321642877,6817.400610327722
6000.0,6615.356693267823,7043.771283388139,6541.175379514695,6780.287635326386,6745.147747874261
8000.0,6614.900411605836,7088.321566820146,6468.451769948007,6798.851768851281,6742.631379306317
6000.0,6588.946912288667,7136.945321321488,6343.556237339974,6898.609240293504,6742.014427810908
6000.0,6582.869356274606,7079.1537771224985,6489.2890458107,6888.804970741273,6760.029287487269
6999.999999999999,6625.795376181603,7027.193049669267,6498.326233148576,6874.566833734513,6756.47037318349
5500.0,6691.128380060197,7073.891659259797,6460.676383256913,6934.574485063554,6790.067726910115
6000.0,6715.440257310868,7061.322422027589,6540.176436781884,6913.092050075532,6807.507791548968
6999.999999999999,6713.152236223222,7013.207851409913,6538.570358395577,6905.477849841119,6792.602073967458
8000.0,6724.833708047868,7051.292491436006,6528.764435648919,6949.550773382188,6813.610352128745
8000.0,6740.476647019387,7091.360964775086,6376.384132385255,7012.353149890901,6805.143723517657
8000.0,6704.818069815637,7122.75595355034,6319.935808658601,7115.218213558198,6815.682011395694
8000.0,6716.823567748071,7123.953692913056,6298.865019083024,7190.851032018662,6832.623327940703
8000.0,6853.967617869378,7236.397365093232,6341.409151077271,7373.004127025605,6951.194565266372
6000.0,6897.441258430482,7305.9918909072885,6244.603458285333,7504.710820674897,6988.1868570745
6000.0,7060.861180782319,7459.0669491291055,6279.860309243203,7626.056118249894,7106.46113935113
5500.0,7140.923733711244,7511.054954290391,6338.794624090196,7697.278213977815,7172.012881517411
6999.999999999999,7217.474075078965,7556.659149169923,6391.046727061273,7696.683063983918,7215.46575382352
6000.0,7293.288744926454,7608.964567661286,6438.030512690545,7746.678969860078,7271.740698784591
5800.0,7233.958903312684,7519.541627883912,6384.106203556062,7658.556267499925,7199.040750563146
6800.0,7227.329593658448,7538.809608936311,6501.331740617753,7637.478038549424,7226.237245440484
6999.999999999999,7195.896581411363,7563.996026039124,6502.908474802972,7644.12718653679,7226.732067197562
6999.999999999999,7137.052778959275,7604.662955760957,6496.832571983338,7679.975881099702,7229.631046950818
6999.999999999999,7094.340021133424,7646.323455333711,6549.209904432298,7691.495339870454,7245.3421801924715
6999.999999999999,7019.23705148697,7559.149686574937,6570.356327652932,7627.3067598342905,7194.012456387282
6999.999999999999,6985.635048151017,7572.695135116578,6582.999545335771,7596.441619873048,7184.442837119103
7499.999999999999,6924.569352388383,7607.283268928529,6600.0613384246835,7639.513947486878,7192.856976807118
5500.0,6930.652281284333,7598.375857353211,6701.252542734147,7636.067037105561,7216.586929619313
6500.0,6915.669793486596,7675.391572952271,6695.012560367585,7647.543512821198,7233.404359906913
8000.0,6924.184984683991,7722.210039138795,6787.50134921074,7649.338881969453,7270.808813750745
6000.0,6900.787737250329,7725.509815216065,6731.393996834756,7675.837935447694,7258.382371187211
6000.0,6887.445631623269,7701.1541283130655,6646.557844996453,7617.258644104005,7213.104062259198
6000.0,6898.492690086366,7602.68160223961,6596.988049983979,7539.540320873261,7159.425665795804
6999.999999999999,6909.961726427079,7528.839193344117,6602.887474298478,7474.796267509461,7129.121165394784
8000.0,6859.188819169999,7446.265438079835,6544.614850521089,7445.992660999299,7074.015442192555
6000.0,6814.207465291024,7347.833415269853,6523.860234379769,7431.811559200288,7029.428168535233
5000.0,6857.416181445123,7373.695162296296,6570.288546681405,7430.497269630433,7057.974290013314
6000.0,6924.815678358079,7382.081817626954,6638.122420430184,7378.148868083955,7080.792196124793
5000.0,7002.257918119431,7432.0620181560525,6751.546850204469,7345.870246887208,7132.93425834179
6500.0,6976.530906438828,7388.88553929329,6808.29688191414,7245.709809303285,7104.855784237386
6000.0,7036.528638601304,7410.670508861543,6874.334973216058,7233.6199984550485,7138.788529783488
6999.999999999999,7011.357100248338,7452.666606903077,6777.621032714845,7218.36680006981,7115.002884984017
5800.0,6974.214781045915,7417.408102750779,6701.98821425438,7167.034286499024,7065.161346137525
5000.0,6936.221066713334,7361.230902910233,6622.923777461053,7083.652119159699,7001.00696656108
6000.0,6909.193404316903,7310.791114330293,6596.293708324433,6964.227006912232,6945.126308470965
6000.0,6875.769945979119,7242.141389131547,6620.217911481858,6848.1934230327615,6896.5806674063215
6000.0,6844.335693836213,7211.298567295075,6567.439266085626,6778.772482633592,6850.461502462626
6999.999999999999,6818.682249307633,7126.739325523377,6547.343034625054,6716.840512990952,6802.401280611754
4000.0,6749.670474529267,7037.512289285661,6534.097640872003,6646.481384754182,6741.940447360278
5500.0,6776.03189957142,7080.18041086197,6536.3550778627405,6566.189451098443,6739.689209848643
6000.0,6768.869848012925,7049.463231801988,6479.615378618241,6512.77515244484,6702.680902719499
6000.0,6687.612862110139,6845.198248028756,6452.913808822633,6406.958310127259,6598.170807272197
6000.0,6663.536151766778,6811.633028268815,6439.6279118061075,6362.427865028382,6569.306239217521
6999.999999999999,6678.96334886551,6766.209858179093,6398.520405769349,6326.510149598123,6542.550940603019
6999.999999999999,6662.013972997666,6766.652087688447,6382.043843507768,6382.606756210328,6548.329165101052
6400.0,6655.349532961846,6686.857352256776,6391.339755773545,6425.455489277841,6539.750532567502
6000.0,6582.174188017846,6566.24400651455,6426.543704509736,6422.822777152062,6499.446169048549
6000.0,6551.128023266793,6603.0449410676965,6374.425510287286,6471.093161344529,6499.922908991576
6999.999999999999,6562.969441652299,6669.4690532684335,6417.805745363236,6505.253531098367,6538.874442845584
6000.0,6570.529086470605,6708.041385650636,6436.968748569489,6585.308231353761,6575.211863011123
8000.0,6614.3957740068445,6802.318104267121,6408.118026018144,6638.857265353204,6615.922292411328
5500.0,6617.071882486344,6819.305503606797,6432.43982243538,6740.828364133836,6652.411393165589
3499.9999999999995,6622.1628947258005,6857.091742038728,6460.477586627007,6755.178918361665,6673.7277854383
5500.0,6586.459267973901,6826.279504299165,6714.104062914849,6656.21332705021,6695.764040559531
4000.0,6609.80278658867,6869.674204826356,6757.291700839997,6645.153043031693,6720.480433821679
6999.999999999999,6633.848912835122,6931.486731171609,6776.004208564759,6599.858822107316,6735.2996686697015
6800.0,6634.984244108201,6942.334579706193,6649.528635382653,6630.7731446027765,6714.405150949956
8000.0,6616.925988078118,6943.243010044099,6500.375780940057,6644.305367588998,6676.212536662818
6000.0,6614.9177701473245,6935.995405673982,6388.4590644836435,6710.489353299142,6662.465398401023
6000.0,6584.776316046716,6923.302178859712,6362.957300543786,6736.138251543046,6651.793511748315
6500.0,6639.042009830476,7061.569574594499,6396.498135685922,6793.380108594895,6722.622457176448
6999.999999999999,6731.457644820214,7111.103412628175,6510.92770767212,6795.180850625039,6787.167403936387
5000.0,6767.433635354043,7122.644362926484,6543.048035502435,6783.408453106881,6804.133621722461
6999.999999999999,6786.096133947373,7143.8168239593515,6606.0934315919885,6753.462075948716,6822.367116361857
8000.0,6819.462143778802,7166.591230392457,6544.206924796105,6806.788341999055,6834.262160241605
6000.0,6836.38052225113,7089.314310073853,6524.083002328874,6853.716745615006,6825.873645067216
6999.999999999999,6832.569495797158,7025.213349342347,6485.9611654281625,6852.700444340707,6799.111113727094
6999.999999999999,6804.311443448068,7043.74731206894,6394.825516223908,6922.816966295243,6791.42530950904
6999.999999999999,6825.720311284066,7074.857951402665,6429.987308502198,7000.462548971177,6832.757030040027
6000.0,6839.266586422921,7125.747408866883,6442.387506604196,7087.094069957734,6873.6238929629335
6000.0,6832.917906522752,7102.911834239961,6443.696009993554,7102.146405220033,6870.418038994075
6999.999999999999,6907.864649295808,7156.167839527131,6487.197341561318,7169.5537548065195,6930.195896297694
6999.999999999999,6873.754288673402,7077.20300769806,6505.227906584741,7155.693372726441,6902.969643920661
6000.0,6922.0507106781015,7148.563145160676,6548.570944786073,7228.805896282197,6961.997674226762
5500.0,7048.353111743928,7288.112593173982,6566.0906727314,7306.263841390611,7052.20505475998
6000.0,7102.827521324159,7345.288322448731,6602.018307328225,7320.838403463365,7092.74313864112
6000.0,7141.92060995102,7485.699084758759,6641.69373369217,7348.722833871842,7154.509065568448
5000.0,7122.770832300187,7438.659917116166,6700.876027703286,7249.110430240632,7127.854301840068
7499.999999999999,7100.089831352235,7409.872842550279,6729.999940633775,7155.427208423615,7098.847455739976
5800.0,6998.396055936814,7270.695363283158,6751.956842422486,7076.311935901643,7024.340049386025
6000.0,6949.737584352494,7279.192782640458,6706.902334690095,7051.090801715852,6996.730875849725
6999.999999999999,6895.124306440354,7280.365724086762,6633.0822439193735,7021.1646761894235,6957.434237658978
6000.0,6844.860583066941,7292.641519308091,6646.333837151528,7025.172846078874,6952.252196401359
6000.0,6789.993126511575,7286.299865484239,6602.106339931489,7010.79253435135,6922.297966569663
6999.999999999999,6775.872779607774,7382.573642969132,6640.840685367585,7040.209475994111,6959.874145984651
6000.0,6750.476820111276,7311.343281269074,6603.76201415062,6959.657577514649,6906.309923261405
5000.0,6709.4073375463495,7182.277565717698,6567.263614177705,6894.910217761994,6838.464683800937
8000.0,6696.9831681251535,7203.650063276292,6613.585708737374,6841.684383273126,6838.975830852986
8000.0,6686.632517814637,7127.538645029069,6566.4667744636545,6867.069183707238,6811.92678025365
6000.0,6654.130715370179,7062.029162645341,6481.831899046899,6900.142164826394,6774.533485472203
5500.0,6625.465563893319,7015.347084999085,6461.054964780808,6887.565901517869,6747.3583787977705
6000.0,6670.332847356797,7047.019810438157,6449.042027473451,6908.646610260011,6768.760323882104
6000.0,6722.722578763963,7040.613682031632,6501.27801179886,6891.936534285546,6789.13770172
6800.0,6695.626308798791,6985.308542251588,6493.651825904847,6863.185416698457,6759.443023413421
6999.999999999999,6665.469975948335,6947.251179933549,6463.003254413606,6871.000893354417,6736.6813259124765
5000.0,6687.7761150598535,6953.4175951480875,6387.406392931939,6925.934064388276,6738.633541882039
5800.0,6742.478665471078,6990.7318465709695,6472.822816014291,6896.780393958093,6775.703430503608
8000.0,6750.977738022805,7010.007266998292,6542.935618281365,6880.375745654107,6796.074092239142
5500.0,6759.5057414770135,7059.5105209350595,6520.407951116563,6978.403975725175,6829.457047313453
6500.0,6784.823174238206,7144.778983116151,6506.6649458408365,7018.498073577882,6863.691294193269
5000.0,6760.309607267381,7107.243203639985,6559.3580384254465,6994.730097293855,6855.410236656667
6999.999999999999,6785.565458536149,7150.37835264206,6644.557066440583,6956.113955259324,6884.153708219529
6000.0,6799.629183530808,7171.368962287904,6532.2167189121255,6996.53455901146,6874.9373559355745
6000.0,6744.700972080232,7142.927405357362,6459.663801670075,7011.907613992692,6839.79994827509
6000.0,6779.352340579034,7152.26547408104,6497.874084472657,6985.978085994721,6853.867496281863
5000.0,6785.695647597314,7183.39264535904,6493.746471285821,6979.2743825912485,6860.527286708356
6999.999999999999,6804.072556853295,7164.425545692445,6563.3533960580835,6902.2065913677225,6858.5145224928865
6999.999999999999,6807.951777577401,7181.7411041259775,6551.844269752503,6895.583067893983,6859.280054837466
5800.0,6808.478733301164,7293.2598140239725,6510.088298201562,6973.714689731599,6896.385383814574
6500.0,6756.410134911538,7152.411781787873,6507.2617490291605,6899.946674585343,6829.007585078479
5500.0,6684.956591963769,7020.76212334633,6564.340766429902,6815.623839616776,6771.420830339194
6999.999999999999,6698.117672801019,7053.246567249299,6640.666686654092,6794.2455558776865,6796.569120645524
6000.0,6760.475340008737,7097.802636861802,6634.723452687264,6848.31782591343,6835.329813867808
6999.999999999999,6758.090193748475,7119.371864557267,6642.035944938661,6876.666390657426,6849.041098475457
6600.0,6786.757825016976,7133.382687330247,6634.7651958465585,6905.493968486787,6865.099919170142
6500.0,6758.343959093095,7093.311734199525,6600.667234182359,6908.411030054093,6840.183489382268
6999.999999999999,6762.092164158822,7011.103334903718,6545.732409954072,6889.941128611566,6802.217259407044
6000.0,6823.573225021363,7104.998165607453,6506.207424283029,6969.503176927567,6851.070497959853
5500.0,6853.747743010522,7142.567008972169,6502.537745952607,6967.765669584275,6866.654541879893
6000.0,6776.563814878465,7012.44572877884,6442.599115490914,6914.841129779817,6786.612447232009
6000.0,6826.220402598382,7049.67566728592,6490.809984683991,6933.733835697175,6825.109972566367
8000.0,6810.916781783105,7043.412540197373,6580.686726331712,6899.248199939729,6833.56606206298
7499.999999999999,6860.131966590882,7120.717564821244,6542.926525712014,6983.957882404328,6876.933484882117
6999.999999999999,6828.311693549157,7083.499198675157,6528.307327389718,7000.274911403657,6860.098282754422
6000.0,6815.200208544732,7082.038601398469,6481.108213186265,7065.2280938625345,6860.893779248
6000.0,6801.864302396775,7127.496488571168,6484.037260413171,7135.196241617204,6887.148573249579
6999.999999999999,6814.242595672608,7153.62274670601,6537.677220106126,7139.530917406083,6911.268369972707
6999.999999999999,6873.118222117425,7241.887623786927,6576.781467795373,7168.940419673921,6965.181933343411
4000.0,6853.584490060807,7206.547286510468,6583.398791790009,7145.644430398942,6947.293749690057
8000.0,6857.30955040455,7169.690969944001,6655.692984104157,7068.169953346253,6937.71586444974
6000.0,6877.890994429589,7221.499603509904,6613.7634271383295,7129.383610010148,6960.634408771993
8000.0,6835.887457013131,7245.402315139771,6535.395811796189,7146.218915462495,6940.726124852897
6500.0,6855.190981745721,7322.406458377839,6525.68908071518,7221.307006359101,6981.14838179946
6000.0,6835.298093199731,7286.513954162599,6558.194189548493,7203.0284621715555,6970.758674770595
8000.0,6856.662738084794,7308.043505191804,6559.160481691361,7180.449959278108,6976.079171061517
6000.0,6835.615506529809,7290.757704257966,6485.136634707452,7221.915381908418,6958.356306850911
6999.999999999999,6858.780893445016,7282.480986356736,6472.617819905282,7215.066197395326,6957.23647427559
6999.999999999999,6863.277168989182,7291.113141059876,6476.203598618508,7242.358784198762,6968.238173216582
8000.0,6829.657393813134,7276.292253017426,6508.481806516648,7255.2933773994455,6967.431207686664
6000.0,6832.31945014,7317.572517871858,6525.253463983537,7331.786683559419,7001.733028888703
6999.999999999999,6928.249363183976,7379.721055984498,6570.999006986619,7358.227048635484,7059.299118697644
5800.0,6965.0081412792215,7421.851062774659,6528.570598602296,7419.43657231331,7083.7165937423715
6000.0,7015.191684722901,7491.000052690507,6599.0140397548685,7447.115180015565,7138.08023929596
5500.0,6979.513269186021,7416.8294847011575,6635.57774090767,7423.168658733369,7113.772288382054
8000.0,6986.900568485261,7412.562589883805,6755.952200055123,7384.078876495362,7134.873558729888
6800.0,6990.968253374101,7368.151174783708,6689.259030461312,7391.336400032044,7109.928714662791
6000.0,7000.1302568912515,7394.709743261338,6605.671453714372,7414.843998193742,7103.838863015176
6999.999999999999,7046.6908247470865,7426.561013698579,6597.026486754418,7396.496019840241,7116.693586260081
8000.0,7044.379658937455,7447.168082237245,6603.05775332451,7424.480468511582,7129.771490752698
8000.0,7007.862247228623,7466.334391832353,6602.553942322732,7494.925562858582,7142.919036060573
6000.0,7015.795927286149,7640.4149384498605,6578.425982952119,7647.750162124635,7220.596752703191
4000.0,7009.733663320542,7581.681073427201,6580.913213968278,7637.730150699616,7202.514525353909
5500.0,7207.096147060395,7647.030195951463,6801.082341432572,7597.942720413209,7313.28785121441
5500.0,7221.583089828492,7555.802794456483,6754.605259895326,7507.050090789796,7259.760308742524
6000.0,7251.10087633133,7570.805533885957,6790.247305154801,7439.849390506745,7263.000776469708
6000.0,7302.28873538971,7612.074226379395,6743.623089313508,7396.948995113374,7263.733761548997
8000.0,7225.261447429658,7455.8109827041635,6710.627808332444,7220.913546085359,7153.153446137906
6999.999999999999,7149.841064453126,7489.369176387788,6617.6128903627405,7244.39551973343,7125.304662734271
6999.999999999999,7027.716285705567,7441.687742710114,6540.401271224023,7239.7979860305795,7062.400821417571
6000.0,6916.211627960206,7408.1642661094675,6460.2957352399835,7230.783116817475,7003.863686531783
6000.0,6846.345978260041,7302.428430318833,6425.960126876832,7159.234515190125,6933.492262661458
6000.0,6846.112877845765,7332.943919658662,6439.714704513551,7146.614855527879,6941.346589386464
5800.0,6847.850385189057,7276.449306488038,6470.543060898782,7101.010660648347,6923.963353306056
6500.0,6866.502551317216,7316.2821996212015,6562.6821991205225,7084.708510398866,6957.543865114451
5000.0,6870.963283181191,7338.118418216706,6615.0425863266,7070.982037067414,6973.776581197978
6000.0,6886.631020069123,7400.862932920457,6759.543764948846,7033.755404949189,7020.198280721904
6000.0,6842.568015694619,7291.004030227662,6659.688341736794,6972.0780272483835,6941.334603726865
6000.0,6821.542688965798,7265.597738265992,6612.373503923417,6945.181380510331,6911.173827916385
6000.0,6805.550512671472,7309.697526216508,6621.837215423585,6923.77416586876,6915.214855045081
5500.0,6775.388806939126,7241.752061843873,6564.544935941697,6868.985236048699,6862.667760193349
6999.999999999999,6728.877421617509,7082.000577926637,6568.958965063096,6772.325850963593,6788.040703892709
6000.0,6625.618484377862,6891.2417793273935,6565.632737874986,6678.882342338563,6690.343835979701
5000.0,6624.3517241477975,6845.820262432099,6545.692733287812,6629.319573402406,6661.296073317529
6000.0,6665.590659141541,6964.056727886201,6537.323436498643,6618.627538442613,6696.399590492249
6000.0,6681.155071377755,6977.260791778565,6576.538448214532,6562.971094846726,6699.481351554395
6000.0,6696.707084655763,7010.618948936463,6555.299446105958,6569.837637901307,6708.115779399873
6999.999999999999,6667.731959223748,7019.2188663482675,6574.661659240724,6562.158963084222,6705.94286197424
6600.0,6651.08842432499,7080.913602590562,6540.527327299119,6625.515159726144,6724.511128485204
6999.999999999999,6577.286518692971,6912.725867509843,6551.290449619294,6601.068960428239,6660.592949062587
5000.0,6566.820558071137,6851.237780570985,6502.197601199151,6624.095479011537,6636.087854713202
6000.0,6550.3196111917505,6776.007928252221,6602.972200512887,6572.862570405007,6625.5405775904665
6500.0,6522.22811818123,6791.622349619866,6604.578692197801,6564.180819869042,6620.652494966985
6000.0,6534.265026807786,6805.842301487924,6561.788234233857,6593.03526210785,6623.732706159354
6500.0,6510.518955349923,6812.0822838544855,6555.1192479133615,6604.044710397721,6620.441299378873
6999.999999999999,6504.14961051941,6849.8862941265115,6518.379068255425,6629.701874613763,6625.5292118787775
5800.0,6472.361988067628,6859.960034370423,6538.943567037583,6689.486757993699,6640.188086867333
5000.0,6540.662062644959,6950.162455320359,6598.463112711907,6736.883842229844,6706.5428682267675
5000.0,6588.638178229333,6933.31557750702,6693.396562814713,6688.411355018617,6725.940418392421
6000.0,6619.969932317735,6936.243384838105,6661.500242829324,6641.5693308115015,6714.820722699166
5800.0,6621.0308698415765,6945.569054603578,6616.486238360406,6634.772635221482,6704.464699506761
6500.0,6657.370563149453,6947.011466741563,6620.718002796174,6615.924565553666,6710.256149560214
6000.0,6701.060772180558,6984.87209892273,6608.145872473718,6624.579451680184,6729.664548814298
8000.0,6676.565803647042,6952.175219535829,6639.42596423626,6632.689196944238,6725.214046090842
6999.999999999999,6664.140394330026,6965.014754056931,6527.729122638703,6730.669897675515,6721.888542175294
6000.0,6678.138818144799,7047.535607099534,6447.979023456574,6828.113723516465,6750.441793054343
6500.0,6745.12666964531,7075.379534244538,6499.029667377473,6840.12707412243,6789.915736347438
6600.0,6819.671272873879,7078.095732688905,6419.132847189904,6857.678626060487,6793.644619703294
5000.0,6843.023470759393,7092.540518999101,6413.147043466569,6876.5928235054025,6806.325964182616
6999.999999999999,6857.029747247697,7011.643929481507,6440.664878010751,6812.963436484338,6780.575497806073
6000.0,6842.448572397233,6982.683269500733,6415.492099761964,6821.163694143296,6765.446908950807
6000.0,6773.0619357824335,6947.121404170991,6491.582439780236,6861.495851993562,6768.315407931806
8000.0,6820.161031723023,7019.109755516053,6691.368919849397,6881.547447204591,6853.046788573266
6000.0,6850.37150669098,7050.806452274323,6600.114240646363,6962.156380891801,6865.862145125867
6999.999999999999,6845.150718688966,7054.177315711976,6610.268987417222,6976.234984636308,6871.458001613618
5500.0,6848.849741220475,7088.028124809266,6553.3908331394205,7004.6186797618875,6873.721844732762
8000.0,6881.361876130105,7104.08808207512,6583.8753250837335,7028.479234933854,6899.451129555703
5500.0,6854.045731306077,7068.74526500702,6495.0020724535,7067.230938911439,6871.256001919509
6999.999999999999,6865.253976225854,7113.350930452348,6510.09780406952,7101.124731063844,6897.456860452891
6000.0,6903.541132569314,7192.128951311112,6508.735571861268,7156.498478412629,6940.226033538581
6000.0,6950.364971637727,7285.369117021562,6573.5655913352975,7174.1049990654,6995.8511697649965
6000.0,6969.1948561668405,7316.70789718628,6596.59417641163,7139.721034765244,7005.554491132499
6000.0,6973.571688413621,7363.006433725358,6570.797317266465,7129.141417026521,7009.129214107991
6999.999999999999,6906.950846076013,7391.543049335481,6524.913319230081,7139.56563448906,6990.7432122826585
6000.0,6884.8269716501245,7406.639194250108,6531.30952847004,7167.941063642503,6997.679189503194
5000.0,6777.144086122514,7248.098675251008,6625.6135247945795,7045.035150527955,6923.972859174014
8000.0,6792.2249389886865,7192.549689292909,6708.61173772812,6949.590450048448,6910.744204014541
6999.999999999999,6831.756124138833,7215.436512947083,6563.663783311845,6991.700618505479,6900.63925972581
5500.0,6767.822962641717,7219.7794547081,6523.506864070893,7031.87076330185,6885.74501118064
8000.0,6793.576838731767,7197.114159107209,6631.147179841996,7014.918907642365,6909.189271330834
5500.0,6841.319853901864,7308.823812961579,6554.2566937208185,7130.796264648438,6958.799156308175
5000.0,6825.247084379197,7274.768834352494,6646.365247845651,7090.250018119813,6959.157796174289
5000.0,6899.578012228013,7267.856001853944,6694.981976270677,7023.990812063218,6971.601700603963
8000.0,6939.093492031098,7321.688971996308,6664.6661101579675,6989.915168523789,6978.840935677291
6000.0,6860.080304265023,7203.545085430146,6601.172285079957,6964.324545383454,6907.280555039645
6999.999999999999,6834.326014876367,7234.632580041886,6680.043298125268,6987.484146118165,6934.121509790421
6999.999999999999,6776.727481126786,7217.9270503520975,6620.338181376458,7031.42936038971,6911.605518311263
6999.999999999999,6792.113761663438,7255.056143999101,6595.7836978435525,7030.520103454591,6918.36842674017
6500.0,6726.18395459652,7141.9487142562875,6461.387256860734,7035.015139102937,6841.13376620412
6999.999999999999,6795.151093125344,7198.398691177369,6448.725440740586,7070.301747560502,6878.14424315095
5500.0,6776.553069114686,7151.65627193451,6559.753151893617,7038.146289348603,6881.527195572854
6500.0,6833.210108637811,7179.849849700929,6648.196160674096,7038.490153789521,6924.936568200589
6000.0,6873.83777499199,7242.231488227845,6656.051727294923,7063.434377908708,6958.888842105866
5800.0,6859.4760617017755,7271.90302181244,6762.147546172143,7076.378063678742,6992.476173341275
8000.0,6876.574225068093,7280.0929470062265,6780.3165662288675,7054.326929807664,6997.827667027713
6000.0,6835.892003297807,7224.031470775605,6656.088510870934,7071.585453033448,6946.899359494449
6000.0,6859.102026462556,7262.39467406273,6631.565851330758,7090.4037652015695,6960.866579264403
5000.0,6903.949471592904,7364.963815927506,6617.244641304017,7112.165590047837,6999.580879718066
8000.0,6901.658970713616,7245.805694580079,6633.494715929032,6989.456407070161,6942.603947073222
6000.0,6854.505732655526,7185.304564714433,6461.683591961862,6978.125412464143,6869.904825448991
5000.0,6878.910602092744,7225.814440965653,6549.862089633943,6965.869455575944,6905.114147067071
6999.999999999999,6797.0894635915765,7109.399795770646,6550.857725977899,6869.508885383607,6831.713967680932
5500.0,6814.069010257722,7157.730108261109,6552.744434118272,6925.729068279267,6862.568155229093
6999.999999999999,6808.067501187325,7238.262995004655,6638.348081469537,6949.03249692917,6908.427768647672
8000.0,6844.695263624192,7337.746449470521,6602.112952709199,6988.875309228898,6943.3574937582025
5000.0,6772.456866621972,7242.897725582124,6538.017364859582,7008.7210817337045,6890.5232596993455
5000.0,6860.86970460415,7268.961162328721,6745.534182071687,6979.228093147279,6963.648285537959
6000.0,6888.762814283372,7210.9332113266,6745.4829330444345,6887.394382596017,6933.143335312606
8000.0,6869.1922986507425,7207.894639968873,6574.649673581124,6899.943781495095,6887.920098423959
6000.0,6819.149276733399,7125.83502817154,6506.379769802094,6907.900606274606,6839.81617024541
6000.0,6827.54089164734,7124.490154504777,6502.660495638848,6903.682480692864,6839.593505620957
6999.999999999999,6833.012138605119,7104.2839856147775,6553.512342929841,6872.358165979386,6840.791658282281
6999.999999999999,6878.796944975854,7158.610434293748,6509.250541925431,6915.130852103234,6865.447193324567
6000.0,6853.402638673783,7176.082219600678,6472.3111523389825,6963.869090318681,6866.416275233031
6999.999999999999,6875.099162340165,7196.075953006745,6579.945268630982,6970.252900600434,6905.343321144582
6500.0,6912.018300294877,7233.950637340547,6574.080974698068,6978.261801004411,6924.5779283344755
6000.0,6842.855258226396,7106.67037177086,6537.37137913704,6931.173037528993,6854.517511665822
6500.0,6836.049470067025,7137.966168880464,6573.1212953329095,6945.972434043885,6873.277342081071
8000.0,6861.821531295777,7161.258851766587,6526.278444528581,6968.8195810318,6879.544602155686
6999.999999999999,6874.981785535813,7256.050540447236,6518.495205163957,7099.089648723603,6937.154294967652
6999.999999999999,6786.7863426208505,7172.2129180431375,6464.753160715104,7119.012294769288,6885.691179037095
6600.0,6802.676847457887,7216.992168903352,6442.254011154176,7193.027462482453,6913.737622499467
6000.0,6906.168058514596,7313.97764658928,6586.6456656456,7248.435100317002,7013.80661776662
6000.0,6969.054334640504,7286.401536941529,6572.308750271798,7245.875955343247,7018.41014429927
6800.0,7061.193472862245,7352.112709045411,6638.382798552514,7283.293531417848,7083.745627969504
5000.0,7077.289800405503,7320.498672008515,6536.3972343206415,7277.77847480774,7052.9910453856
8000.0,6973.988293409348,7216.965717792512,6517.5842950344095,7183.473651885987,6973.002989530564
6500.0,7009.200508117677,7327.478458881379,6405.799420833589,7274.253037691117,7004.18285638094
6000.0,6973.14764404297,7435.091496944428,6452.984069585801,7339.299625635148,7050.130709052087
6000.0,6934.946453809739,7448.943613052369,6620.115000128747,7355.656331300736,7089.915349572898
6999.999999999999,6901.945386648179,7353.8138461112985,6780.236799597741,7298.256594181062,7083.56315663457
6999.999999999999,6900.161589860917,7389.517059564591,6690.136463403703,7337.669575929643,7079.371172189713
5500.0,6905.887015461923,7434.880714654923,6550.776306152345,7379.354046821595,7067.724520772696
6999.999999999999,6914.937428355218,7405.7059659957895,6581.69393503666,7338.640827655793,7060.244539260865
7499.999999999999,6915.17631494999,7380.916315555573,6486.591445803643,7336.691711425782,7029.843946933747
6000.0,6922.933103203774,7423.294301509858,6410.918537378312,7358.995784044267,7029.035431534053
8000.0,6953.493642091752,7431.23376774788,6640.827046513558,7318.870275497437,7086.106182962657
6000.0,7010.747898101808,7500.209998846055,6533.118123173715,7452.422760725022,7124.12469521165
6500.0,7018.883267879487,7581.607506275178,6402.024351358415,7511.541820049287,7128.514236390592
6000.0,7024.948011636735,7633.349185466767,6297.47922885418,7544.36268901825,7125.034778743983
6000.0,6959.847694873811,7520.176454544068,6282.317782759667,7515.535937786103,7069.469467490912
5500.0,6957.1728262901315,7471.832089900971,6325.8811091184625,7445.7347626686105,7050.155196994544
5000.0,6979.408291339875,7414.527411460877,6425.519137263299,7383.564733028413,7050.754893273116
8000.0,7023.818053245545,7368.882713317872,6540.0871642828,7278.844785213471,7052.908179014922
6600.0,7063.4087533950815,7370.982270240785,6646.152812361718,7292.756416320802,7093.3250630795965
5500.0,7054.585654735566,7339.79227757454,6545.936579465867,7250.573507308961,7047.7220047712335
6000.0,7010.8776738643655,7300.004847288133,6536.984944939614,7200.078336715699,7011.986450701953
8000.0,7034.317491054536,7366.01524758339,6556.166546583177,7172.126951932908,7032.156559288503
6999.999999999999,6986.787324666978,7256.21255350113,6583.187596201898,7138.200922489167,6991.097099214793
6000.0,6940.486308336259,7261.202720880509,6540.908801913262,7173.818996429444,6979.104206889869
5500.0,6891.109937071801,7271.636857509614,6428.557295322419,7180.552457332612,6942.964136809112
6500.0,6872.072989940644,7290.57750606537,6375.595558643342,7159.803214073182,6924.512317180634
6000.0,6870.151151418687,7235.5625019073495,6481.828179359437,7115.494297027589,6925.7590324282655
6000.0,6833.182830929757,7190.17074251175,6452.311219453813,7056.311589717866,6882.994095653296
6000.0,6812.138905763627,7236.160958290101,6416.854331970216,7065.725705385209,6882.719975352288
6000.0,6754.308511495591,7178.197481870652,6392.470127463342,7022.612874507905,6836.8972488343725
6000.0,6718.81649363041,7132.537078380586,6450.1806651353845,7005.857748985291,6826.847996532918
8000.0,6711.661468148232,7166.97807788849,6441.729121923448,6994.996261596681,6828.841232389213
3499.9999999999995,6667.843549847604,7048.02247285843,6373.47079050541,7008.468969583512,6774.451445698739
6999.999999999999,6685.173573732377,7081.432705640794,6507.331183195115,6914.322026729585,6797.064872324468
6000.0,6698.061050891877,7083.33883881569,6604.058349251748,6927.479801177979,6828.234510034324
6999.999999999999,6707.993856310845,7090.618680477143,6624.665417790414,6904.185465097428,6831.865854918958
5000.0,6710.379829168321,7104.389790058137,6612.743819475175,6887.956055402757,6828.867373526097
6000.0,6707.483019232751,7149.329400777818,6620.675019741059,6856.470554232598,6833.4894984960565
6000.0,6698.3970626592645,7239.054048538209,6689.641744971276,6833.61059498787,6865.175862789155
6999.999999999999,6658.074823975564,7128.392519950868,6694.579010128976,6774.202226638795,6813.812145173551
5000.0,6654.019951343537,7084.152210474015,6668.694531679154,6752.871885538102,6789.934644758702
5000.0,6639.330078959466,7111.761384010316,6645.809361219407,6696.995153784753,6773.473994493485
6000.0,6624.32899272442,7135.169790506364,6670.013367533685,6647.283184051515,6769.198833703996
6999.999999999999,6582.521358847619,6966.365413904191,6668.201879739762,6532.325003147126,6687.353413909675
8000.0,6558.391332983972,6893.60378086567,6599.326906800271,6547.106214523316,6649.607058793307
6999.999999999999,6576.2995616197595,6885.647782683373,6529.825786471368,6606.9692113399515,6649.685585528613
6000.0,6618.363440632821,6913.683893680573,6495.846854805947,6636.848634123803,6666.185705810786
6000.0,6617.263653039933,6901.43909585476,6469.476337194444,6646.344582915307,6658.630917251111
6000.0,6636.584123015405,6919.834603548051,6508.373108983041,6677.144008398057,6685.483960986138
6800.0,6676.529433369637,6927.669918537141,6530.268842577935,6666.354848265649,6700.205760687591
5800.0,6731.296871662141,6957.582818508149,6596.7016340494165,6697.234453678132,6745.70394447446
6999.999999999999,6742.080245614053,6960.714795351029,6573.1117894649515,6703.057004451753,6744.7409587204465
5500.0,6722.06750047207,6972.436770439149,6566.9726519584665,6719.112828731538,6745.147437900306
6000.0,6632.070902228356,6802.801663637162,6552.131925582887,6660.226869821549,6661.807840317489
6999.999999999999,6761.523465275765,6973.408022165299,6569.6578530073175,6769.138492107392,6768.431958138944
6999.999999999999,6739.290066719056,6903.986255168916,6571.607795834542,6768.985158324243,6745.967319011689
5500.0,6765.570071935655,6943.137205600739,6574.899305939675,6822.792503952981,6776.599771857263
6999.999999999999,6721.648002386094,6923.793177604676,6545.697692871095,6807.552944421769,6749.6729543209085
8000.0,6785.530741453172,7006.314030647279,6573.542033314706,6860.394411206246,6806.445304155351
6000.0,6823.032630443574,7044.58382844925,6581.448848962785,6948.773772001267,6849.459769964219
6999.999999999999,6855.202140808106,7052.19182920456,6664.085425615312,6935.67716574669,6876.789140343667
6000.0,6869.228668928147,7056.101634025575,6655.70455646515,6997.112350463868,6894.536802470685
8000.0,6888.54500591755,7147.372845172883,6621.057734251023,7055.119636535645,6928.023805469275
5500.0,6900.100834965707,7264.583503484727,6596.111030340196,7174.6191425323495,6983.853627830745
6999.999999999999,6903.8928496837625,7323.508312463761,6569.3887956142435,7191.83054971695,6997.155126869679
6000.0,6909.686056256295,7294.200481653214,6543.703940391541,7220.566375255586,6992.039213389159
5500.0,6848.268643379212,7183.110775709153,6526.5933780670175,7147.963862180711,6926.484164834023
6999.999999999999,6838.158532857896,7170.303478479386,6517.303665280343,7140.783212184907,6916.637222200633
6500.0,6894.6857966184625,7176.078913211823,6579.470801830293,7121.601197242738,6942.959177225829
6999.999999999999,6935.40356206894,7207.649967193604,6649.281482815743,7141.191551208497,6983.381640821696
6500.0,6933.819388508798,7243.683819532395,6673.426800727845,7182.721448421479,7008.412864297629
6000.0,6898.3083589077005,7245.025386810304,6606.026477217675,7202.447364330293,6987.951896816493
6000.0,6871.934534907342,7293.343300342561,6502.900622129441,7231.973416805268,6975.037968546153
6000.0,6836.6644583940515,7270.54574918747,6495.697240710259,7193.259736299516,6949.041796147824
8000.0,6867.074143290521,7313.912345409394,6594.113971471787,7155.0734248161325,6982.543471246959
5000.0,6872.903720140458,7339.724496603013,6586.900670886041,7184.1051721572885,6995.9085149467
6999.999999999999,6867.332868218423,7303.736933708192,6622.447657465936,7115.484377861024,6977.250459313394
5000.0,6864.638574600221,7284.3218183517465,6646.142066597939,7097.2372443676,6973.084925979377
6000.0,6870.290019750596,7345.677649736405,6696.528126358987,7051.224710464478,6990.930126577617
6000.0,6845.942598819734,7303.801408290864,6670.83335196972,6996.830480813981,6954.351959973575
6000.0,6809.090828537942,7157.99296617508,6699.036848902703,6882.367844939233,6887.1221221387395
6000.0,6818.7855739593515,7198.125087499619,6659.42589712143,6910.735008120538,6896.767891675235
6000.0,6804.23580980301,7137.3858976364145,6619.190037846566,6851.365903139115,6853.0444121062765
6999.999999999999,6798.9964233636865,7160.879443645478,6558.014817953111,6812.436480760575,6832.581791430713
6600.0,6733.042231678964,7022.746783256532,6517.859551906587,6781.088608026505,6763.684293717147
5000.0,6744.768753051759,7055.419691324235,6512.655709147454,6801.97341322899,6778.704391688109
8000.0,6733.305502891541,6969.130381584168,6556.486853003503,6720.229561567307,6744.78807476163
6000.0,6728.911725401879,6997.118963241578,6498.175379157067,6810.96100473404,6758.791768133641
6000.0,6751.447245240212,7038.20745754242,6487.413083434106,6821.1496419906625,6774.55435705185
6800.0,6725.8074395656595,7033.425592660905,6450.951053738595,6828.074873447419,6759.564739853145
6000.0,6744.883236765862,7047.632318973542,6550.363420844079,6847.322602868081,6797.550394862891
6999.999999999999,6718.804507970811,7026.616084814073,6565.893115997315,6859.178486704827,6792.6230488717565
6000.0,6681.763860225678,7022.096251249314,6533.125975847245,6921.342316865922,6789.58210104704
8000.0,6681.103409051896,7050.239406585694,6495.922488451005,6943.114060878755,6792.5948412418375
5000.0,6714.104889512063,7067.108602523805,6474.684726238252,7005.2510266304025,6815.28731122613
8000.0,6732.855420708657,7137.493355274201,6545.528240442277,7026.273046970368,6860.537515848876
5000.0,6711.3465346097955,7043.730780124665,6561.421225070954,7060.0585548877725,6844.139273673297
6800.0,6777.185829281808,7148.73177099228,6635.394236326219,7086.741112947465,6912.013237386943
7499.999999999999,6757.299966812135,7138.9101428985605,6686.356021046639,7101.995964527131,6921.140523821116
5800.0,6834.136310815812,7245.701543331147,6726.652221918107,7192.760471582414,6999.81263691187
6000.0,6849.123344898225,7277.85121536255,6718.380050301553,7213.103029012681,7014.614409893752
6000.0,6855.889456391335,7308.166668176652,6677.136155724526,7219.710847139359,7015.225781857968
5000.0,6899.760276913644,7315.767229557038,6679.368381500245,7230.025953769685,7031.230460435153
6000.0,6907.667092561723,7332.619893550874,6728.939003109933,7165.856385469438,7033.770593672992
5000.0,6906.14243400097,7368.805839776994,6618.633324623109,7156.637346744538,7012.554736286403
6999.999999999999,6866.961312770844,7292.824197292329,6573.390352725984,7049.485549926759,6945.665353178979
6999.999999999999,6854.192865610124,7248.31772351265,6529.222783803941,7024.519007682801,6914.063095152379
6000.0,6829.611517667771,7314.642230749131,6498.092719435693,7032.851934194566,6918.79960051179
6999.999999999999,6735.73197901249,7122.22197175026,6493.433604240418,6900.283926248551,6812.91787031293
6000.0,6724.491910099984,7131.667498111726,6467.299080133439,6935.196912765504,6814.663850277663
6000.0,6723.63348889351,7145.82049560547,6476.015961050988,6927.663305759431,6818.28331282735
6999.999999999999,6715.421658873559,7121.038284540177,6538.973737835885,6892.963168025018,6817.09921231866
6000.0,6738.504799365998,7129.310042858125,6537.39783024788,6914.322853326798,6829.8838814497
6600.0,6719.336423277856,7066.751512527467,6513.00246667862,6872.03124678135,6792.780412316323
5000.0,6711.705691099168,7079.717516422273,6495.012818217278,6881.298228144647,6791.933563470841
6000.0,6694.3661613464365,6947.350371599198,6557.796596288682,6796.062416553498,6748.893886446954
5000.0,6707.8603608608255,7045.603849411012,6566.494465470315,6846.164953470231,6791.530907303096
6999.999999999999,6660.226869821549,6940.524331808091,6645.796548962594,6769.037647247315,6753.8963494598875
8000.0,6662.545061707498,7024.35534143448,6644.176005125047,6832.86128461361,6790.9844232201585
6800.0,6646.45782673359,7015.89098596573,6581.535641670228,6885.726722717286,6782.402794271708
5000.0,6600.5672159194955,6970.372757196427,6534.964328050614,6906.084985494615,6752.997321665288
6000.0,6619.707487702371,7001.698311805726,6605.595820069314,6882.5823469162,6777.395991623403
5500.0,6656.865098953248,7022.816217422486,6558.847201347352,6885.854845285417,6781.095840752126
6000.0,6700.857429265977,7025.624168157578,6542.907927274705,6884.300842523576,6788.422591805459
6000.0,6754.3039652109155,7090.924521446229,6601.032590150834,6893.144606113435,6834.851420730353
6500.0,6783.946154594422,7092.749648094178,6568.250984549523,6860.921366930009,6826.467038542033
6999.999999999999,6801.396035075189,7159.436204910279,6453.480027914048,6879.157754659654,6823.367505639792
6000.0,6743.1415964365015,7083.767842769624,6426.974774956704,6828.716726183892,6770.65023508668
8000.0,6697.874653220178,7063.212849855424,6423.088114857675,6850.8538261652,6758.757361024619
6000.0,6720.173352956773,7081.213657379151,6487.6800743341455,6916.3852133750925,6801.3630745112905
6000.0,6712.087579011918,7036.951029777528,6529.690224528314,6911.994328975678,6797.680790573359
8000.0,6763.482913970948,7052.815083503724,6552.7225292921075,6927.495506525041,6824.129008322955
6999.999999999999,6812.326956629754,7078.024645328523,6500.895710587502,7017.54418039322,6852.19787323475
6999.999999999999,6808.795733332635,7057.160505056382,6490.960012078286,7021.022501468659,6844.484687983991
6000.0,6841.188011646272,7104.523698806764,6453.4205129146585,7105.947099208833,6876.269830644132
6000.0,6884.32274734974,7089.420114517213,6537.177955389024,7080.5837903022775,6897.8761518895635
5000.0,6955.4510242939,7182.361052036286,6612.0833683013925,7108.48475265503,6964.595049321652
8000.0,6992.5189497470865,7200.103961229325,6741.266460657121,7065.957979202271,6999.961837708951
6000.0,7005.785835027696,7318.6041111946115,6708.814254045487,7183.523247718812,7054.181861996652
6999.999999999999,6928.234484434129,7275.214370250703,6610.788090467454,7186.713912963868,7000.237714529038
6000.0,6816.025565862657,7177.018754243852,6576.49381196499,7143.200182437898,6928.184578627349
6999.999999999999,6783.730826020242,7190.7989563941965,6563.456720709802,7145.556811094285,6920.885828554631
6000.0,6835.1629445552835,7275.684704065324,6583.485584497453,7204.2964622974405,6974.657423853875
5000.0,6851.521716713906,7304.368453979493,6581.5468007326135,7224.686135768891,6990.530776798726
6999.999999999999,6918.332676410676,7349.644489765168,6631.73737025261,7186.7254853248605,7021.610005438329
6999.999999999999,6924.45734846592,7387.539839029313,6653.482663154603,7165.194281101228,7032.668532937766
8000.0,6910.639122843743,7430.145139217378,6670.011714339257,7193.228325605393,7051.006075501443
5500.0,6884.312828183175,7438.343330383302,6661.743262410165,7238.554783821107,7055.738551199437
5000.0,6855.253389835359,7430.940325737,6662.187145113946,7221.798005104066,7042.544716447593
6500.0,6904.942628145219,7428.065420627595,6728.7926954031,7146.6702375412,7052.117745429278
6000.0,6886.680202603341,7316.532658576966,6692.76793563366,7085.217694282533,6995.299622774125
5000.0,6878.4154703617105,7345.650372028352,6668.749500393868,7082.178296327592,6993.748409777881
6000.0,6911.4363758564,7346.749746322633,6771.632335901261,6996.86106491089,7006.669880747796
6000.0,6848.6703696250925,7167.961728572846,6715.702701926232,6882.4529844522485,6903.696946144105
6000.0,6803.930382132531,7122.898128271104,6715.1311099529275,6826.998643875123,6867.239566057921
6000.0,6767.118701815606,7033.928163766862,6749.496062517167,6735.81918501854,6821.590528279544
6000.0,6773.394641160966,7044.9458780288705,6712.190077066422,6718.029986381532,6812.140145659448
6000.0,6745.023344993592,7039.777992248536,6676.76294708252,6687.853815197946,6787.354524880649
6999.999999999999,6750.193297266961,7112.006883382798,6605.349080801011,6690.038098335267,6789.396839946509
6999.999999999999,6662.580192089082,6949.366442203523,6465.156540155412,6662.188798308373,6684.822993189097
6999.999999999999,6646.206541180612,6954.177237987519,6451.446185469628,6683.7741446495065,6683.901027321816
6000.0,6597.221563696862,6914.899404883386,6506.050370812417,6677.349417805673,6673.880189299584
6000.0,6602.280751943589,6942.83715081215,6479.38558459282,6694.776153564454,6679.819910228253
6999.999999999999,6552.491495370866,6895.778144836427,6424.812809944154,6707.512363433839,6645.148703396321
6000.0,6573.032436132432,6916.094664454461,6462.1117693185815,6735.100872039796,6671.584935486318
6000.0,6593.320438146592,7013.444258213044,6544.056070804597,6759.685113072396,6727.626470059157
5500.0,6587.998391985894,7004.432695388795,6456.454951286317,6782.06068634987,6707.736681252719
8000.0,6581.92124927044,6936.542613029481,6492.814069628716,6752.876845121385,6691.0386942625055
6999.999999999999,6531.433518052102,6828.283175945283,6461.936117410661,6782.505808949471,6651.039655089379
6000.0,6543.067873835565,6872.058111190797,6502.914260983468,6819.822126865388,6684.465593218804
6500.0,6590.282693386079,6951.599081277848,6486.885714411736,6890.829307317735,6729.8991990983495
6000.0,6559.796548247338,6962.141502141953,6455.307634353639,6923.488989830018,6725.183668643237
6000.0,6585.238797187806,6988.605011940003,6532.228291273118,6936.081371784211,6760.538368046285
6000.0,6667.24013388157,7095.44931459427,6562.20814561844,7031.617824554444,6839.128854662181
6000.0,6732.903363347054,7115.238051891328,6714.368160724641,7000.889899730683,6890.849868923427
6800.0,6826.534922838212,7126.848436355592,6704.166297912599,7004.168184280396,6915.4294603467
5000.0,6886.887678503991,7163.99406194687,6677.15020787716,7022.3971326351175,6937.607270240785
6000.0,6891.057861447335,7199.04343700409,6746.254148244859,6997.730645179749,6958.521522969008
6800.0,6858.6717826128015,7221.852560520173,6710.402560591699,7002.342231035233,6948.317283689977
6000.0,6869.898625969888,7255.298336982728,6646.7223378419885,7007.163772583009,6944.770768344403
8000.0,6810.37164092064,7195.338628292085,6620.092268705369,6957.959746837617,6895.940571188928
6000.0,6762.702606201173,7140.499689340592,6523.746990561486,6966.333176612855,6848.320615679027
6999.999999999999,6750.549973964692,7113.7510035038,6535.486324191094,6951.873511552812,6837.9152033031
5000.0,6771.6608535051355,7141.998310089112,6500.725018262864,6993.360425710679,6851.936151891948
6000.0,6804.714822888375,7143.915189027787,6547.3587399721155,6968.79974269867,6866.197123646737
8000.0,6816.294209957124,7116.972252845765,6573.627999424935,6944.537461280824,6862.857980877162
6999.999999999999,6829.570187807084,7138.329045057298,6546.883033275605,7001.397430419923,6879.044924139977
8000.0,6854.779749631883,7144.8252725601205,6589.128763675691,6989.071212768556,6894.451249659062
5000.0,6886.766168713571,7213.024502277375,6508.5392550230035,7090.094617843629,6924.6061359643945
8000.0,6865.66024875641,7104.373258113862,6609.676730513574,7018.854336977006,6899.641143590213
5500.0,6862.246402263642,7105.4742856025705,6510.678488612176,7100.630425930024,6894.757400602103
6000.0,6876.560999512673,7128.177604675294,6558.292967915536,7108.760836124421,6917.948102056981
6999.999999999999,6901.145653843881,7129.988679170609,6609.420072078706,7088.6265811920175,6932.295246571303
6600.0,6912.812660217286,7185.52691936493,6561.684909582139,7152.016668319703,6953.010289371015
6999.999999999999,6938.869484186173,7179.2761912345895,6617.607930779458,7158.146713256837,6973.475079864264
6000.0,6988.405802011491,7228.280180454255,6561.614235520364,7235.226903438569,7003.38178035617
6000.0,7001.391644239427,7244.749303340913,6566.165893077851,7248.926925659181,7015.308441579343
5000.0,6978.648648500443,7258.9320583343515,6602.409701108933,7267.65431213379,7026.91118001938
5000.0,7014.3543417453775,7354.89338207245,6740.9490473270425,7254.175817966462,7091.093147277833
6000.0,7059.5039081573495,7377.243744134904,6790.410144805909,7168.927194118501,7099.021247804166
6000.0,7009.130247354508,7367.11875486374,6683.1223727464685,7115.707559108735,7043.769733518363
6000.0,6995.307062149049,7395.74298977852,6673.056485176087,7067.274748563767,7032.845321416856
6000.0,6854.609057307244,7269.069446563722,6667.6108627319345,6971.787065029145,6940.769107908011
6000.0,6837.066184639932,7261.535839557649,6678.879449248315,6911.258657455445,6922.185032725335
6999.999999999999,6773.849269628526,7229.539088010789,6598.239931464196,6870.968656063081,6868.149236291648
5000.0,6754.134512782098,7305.348798274995,6646.213980555535,6871.982064247132,6894.41983896494
5000.0,6775.244152426721,7321.57903456688,6742.107110023499,6796.545975923539,6908.86906823516
5000.0,6751.46212399006,7179.347278594972,6672.529116153718,6666.400724411012,6817.43481078744
6000.0,6721.043759822846,7171.364829301835,6666.2097804546365,6595.101755142213,6788.430031180383
6500.0,6664.5169093608865,7005.41386628151,6741.640909194947,6498.8569085598,6727.607148349286
6000.0,6651.120248317719,7089.157256603242,6634.075400471688,6548.071266770364,6730.606043040753
6000.0,6583.297946929933,6880.047999858857,6580.485863208772,6450.616281867028,6623.612022966147
6000.0,6576.523156166078,6918.888976335526,6493.162067055703,6456.5987792015085,6611.293244689704
8000.0,6555.08246433735,6923.508001565934,6428.701536536218,6466.51133298874,6593.45083385706
6000.0,6505.811484217645,6838.905776739121,6317.699449896813,6507.955264091493,6542.592993736268
6500.0,6473.97261273861,6784.644629240037,6466.690704584123,6484.997353076936,6552.576324909926
6000.0,6458.597077965737,6722.725058555604,6454.431441307069,6513.004119873048,6537.189424425364
8000.0,6454.146265268327,6722.956505775453,6445.49509882927,6538.9138095378885,6540.3779198527345
6000.0,6441.522059321404,6730.87282729149,6333.6482298374185,6664.420197486878,6542.615828484298
6000.0,6478.715214252473,6834.470256090165,6370.494627237321,6750.702894449235,6608.595748007298
6000.0,6541.796154022218,6921.192289471627,6495.474886059762,6788.509384512902,6686.743178516627
6000.0,6604.975458860398,6953.38949084282,6563.858446955682,6838.147787094117,6740.092795938254
5500.0,6670.574627041818,6970.688517332078,6715.494812726975,6853.691947698594,6802.612476199866
6000.0,6765.858141064645,6967.185398340226,6718.462710022927,6845.8326613903055,6824.334727704526
6999.999999999999,6787.835294485093,6977.457521915437,6697.684122562409,6846.355897426606,6827.333209097386
6999.999999999999,6807.028881788255,6973.408848762513,6606.130215168,6869.11997139454,6813.921979278327
6500.0,6743.052323937417,6953.108447790147,6561.4270112514505,6919.567612648011,6794.288848906756
8000.0,6749.885803103448,7008.9384768009195,6572.804708600045,6958.8756165504465,6822.626151263715
6999.999999999999,6781.842877984048,7106.379409551621,6441.637782931329,7079.898541212083,6852.43965291977
5500.0,6779.895828247071,7211.9953887462625,6442.681775212289,7156.581138134004,6897.7885325849065
6999.999999999999,6856.326726317407,7247.966419696809,6644.770328521729,7146.976078510285,6974.0098882615575
6000.0,6855.885736703874,7252.046503543855,6525.3902658224115,7184.31512784958,6954.40940847993
6999.999999999999,6831.626348376275,7296.524046421052,6551.992643952371,7208.45672607422,6972.149941205979
6000.0,6857.946030259133,7324.5357728004465,6587.8934141397485,7201.554639339448,6992.982464134694
8000.0,6880.583634853364,7338.78796195984,6651.721597790719,7171.436743259431,7010.632484465838
5000.0,6836.336712598802,7251.119888067246,6567.74262726307,7182.19407939911,6959.348326832057
6999.999999999999,6887.356359124185,7298.304536819459,6757.191682577134,7157.00848889351,7024.965266853572
6000.0,6877.142510652543,7294.8229093551645,6715.25633943081,7121.7739560604105,7002.248928874732
5000.0,6895.3797249794015,7337.419116973878,6665.657613515855,7120.00586462021,7004.615580022336
6500.0,6822.120480418206,7185.498815059663,6630.913252830506,7003.673052549363,6910.551400214435
6800.0,6800.5487729311,7206.656397342683,6510.0440752506265,7013.698023557664,6882.736817270518
5500.0,6795.3383173942575,7247.108411788941,6481.77486383915,7023.932123661042,6887.038429170848
6000.0,6772.587882280351,7256.182796001435,6625.001842856408,6977.298815250398,6907.767834097148
5000.0,6818.3900471925745,7263.017928361894,6675.989665389062,6935.782143592835,6923.294946134091
8000.0,6860.532452940942,7305.7389521598825,6785.2038222551355,6870.91327404976,6955.59712535143
6000.0,6869.9804590940485,7329.725150108338,6619.793867111207,6888.148652553559,6926.912032216788
6999.999999999999,6824.937937021256,7271.541798830033,6556.6240681409845,6849.812726974488,6875.729132741691
6800.0,6784.721916079522,7221.89389038086,6543.946133375169,6856.680096626283,6851.810509115458
8000.0,6773.822818517686,7207.549948930741,6559.84779727459,6862.474956393243,6850.923880279065
6000.0,6704.169191002847,7066.769697666169,6594.802940249444,6879.981045484544,6811.430718600751
6999.999999999999,6723.508259415627,7032.068320035935,6684.485431551934,6884.237194538117,6831.074801385404
6000.0,6763.632528066636,7093.427457809449,6670.553962111474,6920.551263332368,6862.041302829982
6999.999999999999,6783.186925053597,7085.950059413911,6598.506509065629,6936.76083469391,6851.101082056762
6000.0,6804.141577720643,7137.290838956834,6501.255693674088,7015.863708257676,6864.63795465231
6000.0,6776.523724913598,7132.427967548371,6600.041500091554,6998.315876007081,6876.827267140151
6999.999999999999,6840.758594393731,7178.241291522981,6604.8969321250925,7022.922021865846,6911.704709976912
6000.0,6764.172296047212,7070.857220888139,6588.430289030076,7029.028922080995,6863.122182011605
6999.999999999999,6845.525993824006,7167.315329551698,6712.841435670854,7085.788046360017,6952.8677013516435
5000.0,6836.318940758706,7154.300556421281,6691.041587352754,7062.258130073548,6935.979803651572
6000.0,6928.3745926618585,7182.214744329453,6685.847250461579,7043.401794433595,6959.9595954716215
6999.999999999999,6985.606117248536,7255.0792887210855,6689.632652401925,7030.3134541511545,6990.157878130675
8000.0,6952.284330368043,7226.40297818184,6605.7433676719675,7010.216396093369,6948.661768078805
6000.0,6879.1808993816385,7211.578783750535,6544.666099548341,7046.280832529069,6920.426653802396
6000.0,6889.369949936868,7270.127490997315,6491.159222006799,7089.495334863664,6935.037999451161
5000.0,6842.4208813905725,7323.125597953797,6436.817067980767,7129.324921607972,6932.922117233277
8000.0,6930.3625589609155,7439.270772457124,6632.568513751031,7131.255852699281,7033.364424467088
6000.0,6848.664170145989,7330.955126762391,6500.138547539712,7130.306919097901,6952.516190886498
8000.0,6857.9712414741525,7369.43405365944,6518.229867458344,7133.359542608262,6969.74867630005
6000.0,6821.205850601197,7321.542664289475,6438.727747440339,7161.5498139858255,6935.756519079209
5500.0,6828.703500628472,7324.413436412812,6575.622991800309,7175.564769744874,6976.076174646617
6000.0,6849.959447979928,7212.073915481568,6666.052313685418,7128.568585157395,6964.163565576077
5000.0,6904.5251965522775,7245.260967016221,6715.662611961366,7121.62599515915,6996.768692672254
6999.999999999999,6931.853327035905,7226.979943037034,6726.279013276101,7049.352467775346,6983.616187781096
5500.0,6934.3066675663,7236.022089958192,6606.405472040177,7028.049404382707,6951.195908486844
6000.0,6915.590853452683,7185.979894638062,6571.1560604572305,6963.548370599748,6909.068794786931
6000.0,6910.955296278001,7217.54350924492,6564.634208440782,6968.67823290825,6915.452811717988
6999.999999999999,6903.760180830956,7223.616518974305,6684.789619326592,6920.064397573472,6933.0576791763315
6000.0,6824.594485878945,7154.714681625367,6511.9849255085,6885.697791814805,6844.247971206904
6000.0,6791.334693789483,7165.03805422783,6533.5529133081445,6871.661344528199,6840.396751463414
6999.999999999999,6763.353964805604,7150.1642639637,6551.1466217041025,6848.94025361538,6828.401276022197
6999.999999999999,6766.246228456498,7224.958912849427,6556.678210258485,6866.285569548608,6853.5422302782545
5000.0,6741.816147804261,7269.867112874986,6496.656506776811,6910.0286808013925,6854.5921120643625
8000.0,6726.820021152497,7232.641307353974,6563.290574669839,6850.0239225626,6843.193956434728
6000.0,6648.747501015664,7118.31299352646,6517.576442360879,6871.0992584228525,6788.934048831464
6999.999999999999,6634.834630012513,7141.794967174531,6548.155579686166,6880.04758656025,6801.208190858365
6000.0,6617.731507062913,7155.844640016557,6449.152378201486,6916.789832711221,6784.879589498044
6000.0,6661.544879078866,7254.034469842912,6583.4731855392465,6940.039119243623,6859.772913426162
6000.0,6636.994528532029,7091.226229429246,6622.9217109680185,6876.885852217675,6807.007080286742
6500.0,6680.406587600709,7121.654926061631,6650.924344778062,6860.417969226838,6828.35095691681
6600.0,6624.141355156899,7022.389693260194,6528.467687249185,6857.402129292489,6758.100216239692
6500.0,6640.787783145905,7028.243654727937,6554.9861657619485,6876.194403648377,6775.053001821042
6500.0,6701.162856936456,7071.152316093446,6478.351098179818,6930.828346490861,6795.373654425145
6000.0,6738.580846309663,7095.715478897096,6457.798998355866,6950.634442329408,6810.682441473008
5500.0,6801.553501844407,7164.013073682786,6571.976871490479,6964.299747467042,6875.460798621179
6800.0,6847.451138734818,7100.065033435822,6629.2683243751535,6891.152093529702,6866.984147518874
6000.0,6879.220576047898,7153.711192607881,6507.725056767465,6903.568823575974,6861.056412249804
5000.0,6860.298939228059,7147.4976613521585,6672.228648066522,6861.507424354554,6885.383168250323
5500.0,6879.5536947250375,7164.593344926835,6776.312942624093,6822.186608195306,6910.661647617818
8000.0,6812.038474202157,7116.6044170856485,6745.31968009472,6757.145393133164,6857.776991128922
8000.0,6777.933899760247,7132.934671640397,6587.258587479592,6803.5497341156015,6825.4192232489595
5000.0,6688.964348554612,7157.030807018281,6514.559362530709,6893.8848239183435,6813.609835505486
5000.0,6676.460825800897,7134.250614404679,6724.527867078782,6878.388192653657,6853.406874984504
8000.0,6715.686583280564,7100.083218574525,6802.039541006089,6819.136877775193,6859.236555159093
5000.0,6732.658277273179,7195.259274959565,6616.6300662755975,6898.238924741746,6860.696635812522
6999.999999999999,6738.606057524682,7049.75502061844,6748.995557904244,6798.011532783509,6833.842042207719
6000.0,6741.295391559602,7081.738546609879,6639.624347567559,6794.692331671716,6814.337654352189
6000.0,6702.145681023599,7021.72676229477,6464.203473567964,6779.623877763749,6741.92494866252
5000.0,6673.915732979775,7069.7876040935525,6428.930917263032,6780.9555258750925,6738.397445052863
6999.999999999999,6667.038444161416,7083.308254718781,6563.177330851556,6728.730287313462,6760.563579261304
5500.0,6653.0916826725015,7137.87937617302,6428.458930253983,6758.10672569275,6744.384178698064
6800.0,6625.189067125321,7097.573669433595,6569.987251996995,6694.421543359757,6746.792882978917
6000.0,6604.299302339555,7062.801204442979,6449.799190521241,6685.357904911042,6700.564400553704
6600.0,6562.387517213822,7027.4335894584665,6508.22514808178,6690.739879369737,6697.1965335309515
6000.0,6564.1609815359125,6997.180131435395,6657.577625751496,6694.129754543305,6728.262123316527
6000.0,6657.2201224565515,7004.029315948487,6596.996315956117,6719.02272963524,6744.317120999099
6999.999999999999,6718.099007248879,7052.767967462541,6684.044441938401,6747.593235731126,6800.626163095237
6999.999999999999,6713.267959833146,7037.643718242646,6645.655200839044,6784.393756985665,6795.240158975125
5000.0,6714.724010825158,7070.004172563554,6533.86412715912,6854.23171567917,6793.20600655675
6000.0,6798.66289138794,7165.699331998826,6636.869712352754,6842.137771844865,6860.842426896096
6500.0,6836.1164244413385,7217.820419311524,6620.354713320733,6806.506885647775,6870.199610680343
6500.0,6791.4078476428995,7096.637961387635,6482.739089488984,6781.426686286927,6788.0528962016115
6000.0,6678.171055436135,6961.9985008239755,6432.079839348794,6757.633912086488,6707.470826923848
6000.0,6698.7901096344,7027.471612930299,6494.1825013160715,6778.307108402253,6749.687833070756
6000.0,6743.120104908944,7096.543729305268,6563.472012758256,6801.799827814103,6801.233918696643
6000.0,6708.086848497392,6950.473255872727,6589.687956690789,6722.978410601617,6742.806617915631
6000.0,6744.865878224374,7038.027259349824,6558.454154372216,6746.8125146627435,6772.039951652289
6999.999999999999,6704.753181934358,7012.41266489029,6526.312335014344,6728.309136033059,6742.946829468013
6800.0,6638.276580810548,7015.715747356416,6431.772345185281,6749.612612724305,6708.844321519137
6999.999999999999,6607.123785018922,7054.906374454499,6450.576191902162,6786.641688108445,6724.812009871007
6500.0,6612.871115446092,7136.398113965989,6572.403395652772,6860.1344463825235,6795.451767861844
6000.0,6619.387181282044,7111.813459634782,6585.80253648758,6908.647850155831,6806.412756890059
6000.0,6662.162347197534,7173.841314554215,6593.498569846154,6943.455445528031,6843.239419281484
6000.0,6684.369294643403,7169.979452371598,6589.329626798631,6958.733441829682,6850.602953910829
5500.0,6738.185319542886,7197.804367780686,6692.576578378678,6958.87644314766,6896.860677212478
6000.0,6792.61302638054,7162.164802312852,6760.571225285531,6921.848194360734,6909.299312084914
6000.0,6834.903806328774,7158.445941448213,6747.781286597253,6872.9508361816415,6903.52046763897
6999.999999999999,6865.05889928341,7146.19577074051,6780.027670502664,6824.451484560967,6903.933456271888
6999.999999999999,6855.908468127252,7065.265290737153,6681.756007552148,6790.215894460679,6848.286415219308
6999.999999999999,6785.6415054798135,6988.598399162293,6559.058810234071,6750.086252927781,6770.84624195099
8000.0,6765.842435717584,7070.564605474473,6421.561389803887,6832.509154200555,6772.619396299125
5500.0,6722.939560532571,7100.970983982087,6393.413688182832,6911.497544050218,6782.205444186927
8000.0,6749.322890400887,7075.567998409272,6516.044757723809,6922.223882794381,6815.7898823320875
6000.0,6727.629259824754,7071.00766158104,6446.777564406396,7004.645957469941,6812.515110820533
8000.0,6745.378781795503,7104.219511032105,6522.6773737669,7041.999058961869,6853.568681389094
6999.999999999999,6853.159205794335,7167.431053161622,6412.346897363664,7191.724745273591,6906.165475398303
5000.0,6914.581578254701,7260.9167182445535,6299.50645852089,7257.896332025529,6933.225271761418
6000.0,6980.924270629884,7327.640471935273,6316.309113383294,7261.451526641847,6971.581345647574
8000.0,7026.203612804414,7379.691298484803,6375.298396945001,7266.852512836457,7012.011455267669
6999.999999999999,7063.4963726997385,7360.369588613511,6475.5543065071115,7309.036248445512,7052.114129066468
6500.0,7087.815689325334,7371.388956069947,6514.876775860787,7351.462177038194,7081.385899573565
6000.0,7079.7373547554025,7331.820574045182,6526.046584010125,7308.427046298982,7061.507889777423
6000.0,7099.5037739276895,7303.6245164871225,6607.633382201196,7269.109949827195,7069.967905610801
6000.0,7124.591825962068,7335.793200254441,6646.836821556092,7281.401450395585,7097.1558245420465
6000.0,7104.3749113082895,7333.61015701294,6638.638630390168,7247.1629672050485,7080.946666479112
6500.0,7078.143675327302,7347.0522809028635,6649.3331451416025,7226.2971737384805,7075.206568777562
6800.0,7058.207803726197,7395.647931098939,6656.086031079293,7245.464309930802,7088.851518958808
6600.0,7042.189176321031,7453.087344884873,6735.8543154001245,7262.839383363725,7123.492554992438
6500.0,7013.084688425065,7480.1922941207895,6655.290017962457,7255.442991495133,7101.002498000861
8000.0,6966.2827541828165,7460.431661128999,6605.159790039063,7257.5731325149545,7072.361834466458
6500.0,6960.3221616745,7473.219946622849,6611.929621219636,7308.820506572724,7088.5730590224275
6000.0,6898.708018660546,7432.902667522431,6516.719261050225,7291.960403203965,7035.072587609292
6000.0,6878.731230497361,7347.035748958589,6487.792491555215,7232.8157193660745,6986.59379759431
6999.999999999999,6930.2654337883005,7409.711656093598,6543.792799592019,7218.342828750611,7025.528179556132
5500.0,6910.449832081796,7298.138390779496,6526.7231538295755,7192.546382904054,6981.96443989873
6000.0,6926.8730788230905,7338.536676406861,6463.035491704942,7193.229152202607,6980.418599784375
6999.999999999999,6882.68277847767,7196.773601055146,6494.498261451722,7139.010987758637,6928.241407185794
6000.0,6868.650050878526,7197.86470937729,6481.201618671418,7173.296586990357,6930.253241479398
4500.0,6884.6356143951425,7280.924503803254,6411.556257128716,7211.993735551835,6947.277527719737
5500.0,6879.262319207192,7299.296453475953,6337.777496218682,7157.371365070344,6918.426908493043
6000.0,6821.658412575723,7161.391933918,6388.996352672578,7053.864035367967,6856.477683633567
8000.0,6756.43493282795,7112.668161153794,6424.948371887208,7003.56642150879,6824.404471844436
5500.0,6750.030457615853,7109.635375976563,6521.396148085595,7041.328688621522,6855.597667574883
8000.0,6696.511594414712,7127.10633468628,6463.329347014428,6999.463192939759,6821.602617263795
5000.0,6655.952535629273,7148.963218212129,6473.60395038128,7041.86019062996,6830.0949737131605
6000.0,6616.367208361627,7175.320096969605,6464.006330132485,7025.161273717881,6820.2137272954
6000.0,6599.749297976495,7213.796544075013,6482.422916054727,7059.9808547496805,6838.987403213979
6999.999999999999,6589.096113085748,7212.574833393098,6548.729238152505,7014.92221403122,6841.330599665643
6500.0,6574.127677440644,7220.768891572953,6608.123967647553,7021.951596736909,6856.243033349515
5000.0,6597.270332932473,7213.9056549072275,6627.827978730203,7029.34137582779,6867.086335599423
6000.0,6605.159790039063,7191.423863887788,6590.88776254654,6985.130823850633,6843.150560081006
5000.0,6605.073823928834,7054.1368124485025,6621.655777335168,6889.6526461839685,6792.629764974118
6999.999999999999,6614.94876754284,7016.00588297844,6659.805305242539,6813.0258445739755,6775.946450084449
6000.0,6642.200851082803,7024.616546154023,6631.127341508866,6840.158898115159,6784.525909215213
6000.0,6662.187145113946,7062.0432147979745,6588.188096046449,6871.862207651139,6796.070165902377
6999.999999999999,6629.480346560479,6998.965581417085,6512.582141995431,6807.342575430871,6737.092661350966
6500.0,6684.049401521684,7029.691853046418,6497.4545863866815,6837.205052971841,6762.100223481656
6000.0,6686.3233704566965,7014.174970149995,6456.869903087617,6827.050719499589,6746.104740798474
6999.999999999999,6670.497753500939,6955.076575756074,6496.107232928277,6795.029996633531,6729.177889704705
5000.0,6644.651711821557,6945.746773004533,6508.462794780732,6788.677597045899,6721.88471916318
6000.0,6722.526675224305,7041.920532226563,6598.620579481126,6800.0342161655435,6790.775500774384
6000.0,6739.06357908249,7089.605272293092,6614.190364599229,6800.766581296922,6810.906449317933
6000.0,6763.8515763282785,7108.5194697380075,6610.29833161831,6800.592995882035,6820.815593391658
6000.0,6684.7503559589395,6967.697888612748,6541.743665099145,6745.69495522976,6734.971716225148
6999.999999999999,6699.879978060723,7000.731193065644,6531.104945659638,6741.711996555329,6743.357028335334
8000.0,6629.169546008111,6857.247142314912,6434.932426333428,6726.774558305741,6662.030918240548
6000.0,6626.953852176667,6929.5128170251855,6415.014739871026,6846.306714892388,6704.447030991317
5500.0,6631.953112125398,6920.311963438989,6388.942623853684,6847.355666756631,6697.140841543675
8000.0,6671.38179922104,6948.7960901260385,6459.406316637994,6821.76049733162,6725.336175829173
6000.0,6671.959590673448,6916.874145627023,6471.818913698197,6862.912226319314,6730.891219079495
5500.0,6657.95372748375,6935.711882829667,6498.171659469605,6901.470919847489,6748.327047407628
8000.0,6708.37119793892,7016.768005609513,6547.0115691423425,6936.593862056733,6802.186158686877
6000.0,6748.351638674737,7064.628810882569,6582.3056169748315,7028.088254451753,6855.843580245973
6000.0,6773.059042692185,7176.6137216091165,6565.767059922219,7088.345538139344,6900.946340590716
8000.0,6784.215625286103,7112.320990324021,6559.641561269761,7044.158957481385,6875.084283590318
6999.999999999999,6801.776683092118,7164.715681314469,6551.50908458233,7143.578763961793,6915.3950532376775
5000.0,6798.321506738664,7229.789546966554,6560.198274493218,7193.916881084443,6945.55655232072
6600.0,6789.253322005273,7207.430092334748,6639.836369752885,7175.825974464417,6953.086439639331
6500.0,6818.104044556619,7196.5843102931985,6652.688716530801,7172.055037975312,6959.8580273389825
6500.0,6842.718869686128,7229.202662944795,6636.420043468476,7219.260351657868,6981.900481939317
6500.0,6826.559720754624,7212.129297494889,6612.839291453362,7208.597247600556,6965.031389325858
6000.0,6888.997154593469,7290.935422658921,6676.658795833589,7209.827224254609,7016.604649335147
5000.0,6939.198469877244,7334.076357841493,6738.336173534394,7194.555014133454,7051.541503846646
6000.0,6968.118626594544,7345.8818192482,6773.805459976197,7134.958181619645,7055.691021859647
6000.0,7008.969060897828,7375.270656585694,6774.744061112405,7097.221539020539,7064.051329404117
6999.999999999999,6989.844907760621,7409.19337964058,6729.1510252952585,7092.006537199021,7055.04896247387
6500.0,6936.633538722993,7336.132105112077,6681.338989257813,7040.311974048615,6998.604151785375
6500.0,6825.272708892823,7176.498824596406,6604.270371437074,6971.372939825059,6894.35371118784
6000.0,6847.474283456803,7205.5156931877145,6610.512006998063,6959.979123830796,6905.870276868344
5500.0,6860.710171341897,7268.697477817536,6630.946316719056,6964.665930032731,6931.254973977805
6999.999999999999,6783.438623905183,7140.672448158265,6577.362152338029,6898.39432501793,6849.966887354852
6000.0,6784.307377576829,7132.864410877229,6602.1985055208215,6872.490008234979,6847.965075552464
6999.999999999999,6826.521697282792,7190.301344871522,6603.900055885316,6896.386520385743,6879.277404606343
6000.0,6786.351552486421,7069.763632774354,6553.620213866235,6888.69172692299,6824.6067815125
6500.0,6778.637333989144,7093.075327396394,6498.87013411522,6888.861592650414,6814.861097037793
5500.0,6772.437441587449,7121.916957378388,6440.762003183366,6927.338039755822,6815.613610476256
6000.0,6725.4214186668405,6975.764650821687,6428.156395673753,6858.199795603753,6746.885565191508
6000.0,6720.059282541276,6944.297748088838,6424.536313176156,6848.471986293794,6734.341332525016
5800.0,6750.3019948005685,7017.924415111543,6484.1678627729425,6830.69270682335,6770.771744877101
6000.0,6754.240730524064,6978.904067039491,6527.858485102654,6799.529991865159,6765.133318632842
6999.999999999999,6739.679807305337,6933.023788690568,6562.486295580865,6761.440392255784,6749.157570958138
6000.0,6734.700385689736,6901.661863803864,6529.5964057445535,6798.791840553285,6741.18762394786
8000.0,6711.627164363862,6884.759190678597,6491.902332901956,6790.635392546655,6719.731020122767
5000.0,6703.622810244561,6927.658346176148,6468.88614678383,6870.457818984986,6742.656280547381
6500.0,6711.009696245194,7011.9415044784555,6502.945258378983,6882.6282230615625,6777.131170541049
5000.0,6703.36532521248,7055.089879035951,6546.159760713578,6905.844859004022,6802.6149559915075
5000.0,6680.5624011755,7057.946599006654,6592.066903471948,6851.781681537629,6795.589396297933
6999.999999999999,6643.051832914353,7012.942513704301,6615.629470348359,6791.079688549043,6765.675876379014
6999.999999999999,6624.209549427033,6985.880547523499,6653.877363324166,6754.4209287166605,6754.59709724784
5500.0,6627.57586658001,6993.6117112636575,6641.1122225523,6801.103006362916,6765.850701689721
6999.999999999999,6611.249745011331,7021.987967014314,6645.064183831216,6800.3082331419,6769.65253224969
5800.0,6663.436546802522,7056.090061664582,6640.584440231324,6816.698415994645,6794.202366173268
6999.999999999999,6637.2817710638055,7036.576581239701,6629.747750759126,6797.996240735055,6775.400585949422
6500.0,6661.129100680352,7025.608462810517,6633.812955856324,6773.044163942338,6773.398670822383
6500.0,6655.518985390664,6980.350612163545,6613.593974709512,6771.742273330689,6755.301461398602
8000.0,6670.038165450097,6989.958978176118,6624.849748969079,6792.622118949891,6769.367252886296
6000.0,6708.892780780793,6965.646274328233,6580.767732858659,6857.273593425752,6778.145095348359
8000.0,6767.375773549081,7010.753684282304,6616.267190098763,6874.457722902299,6817.213592708112
6500.0,6761.3998889923105,7030.16466665268,6534.729574441911,6947.241260766984,6818.383847713471
5000.0,6779.1523040533075,7071.311022758485,6575.609766244889,6970.152882337571,6849.056493848563
6500.0,6814.828653097154,7117.800503253938,6676.911734580995,6960.809027433396,6892.5874795913705
6999.999999999999,6868.206994771958,7176.624467372895,6703.971634268762,6997.758749485017,6936.640461474658
6500.0,6823.029737353326,7147.22653746605,6642.059089660645,7032.060880661012,6911.094061285258
6000.0,6781.930083990098,7182.760298490525,6560.691753029824,7094.2920784950265,6904.9185535013685
6000.0,6716.167662858964,7064.054325819016,6517.645463228227,7048.354764938355,6836.555554211141
5000.0,6756.465516924859,7138.359629154206,6508.0528025627145,7060.974424600602,6865.9630933105955
8000.0,6734.278407812119,7146.737191915513,6589.880140542985,7018.1649549007425,6872.26517379284
6000.0,6790.39939904213,7226.78486609459,6597.271572828294,7118.72794532776,6933.2959458231935
6000.0,6850.557077765466,7298.201212167741,6605.301551461221,7132.208092689515,6971.566983520986
6000.0,6869.1112921237955,7287.37940144539,6606.633612871171,7105.208947896958,6967.083313584329
5000.0,6871.679116368295,7217.49721980095,6610.13053238392,7043.035611867906,6935.5856201052675
6000.0,6921.53160762787,7255.183439970017,6680.692590236665,6979.353735923768,6959.19034343958
6000.0,6910.459337949754,7219.422364711762,6634.686255812646,6921.360088706017,6921.482011795045
6999.999999999999,6908.531299948693,7244.8765993118295,6634.362229704858,6890.991733670236,6919.690465658904
6999.999999999999,6885.2646548748025,7231.594008684159,6584.919317364694,6880.146364927293,6895.481086462737
6500.0,6821.549301743508,7229.470480442048,6530.278348445893,6897.494573950768,6869.6981761455545
6000.0,6771.306243300439,7215.634896278382,6498.471300959588,6912.5729470253,6849.496346890927
6000.0,6739.21691286564,7078.606569766999,6507.666368365289,6855.526993513108,6795.254211127759
6999.999999999999,6740.801913022996,7104.74357366562,6524.787676453591,6854.067222833634,6806.10009649396
6600.0,6676.149611949922,6992.321393013001,6438.149955987931,6872.582173824311,6744.800783693791
6500.0,6656.867165446282,6990.416913032533,6440.001120448113,6899.55858719349,6746.710946530105
6000.0,6693.572628021241,7076.013534307481,6465.294581890107,6966.722503900529,6800.4008120298395
6000.0,6692.642706155778,7080.266376972199,6543.632026433946,6952.608356475831,6817.2873665094385
6000.0,6706.586574554444,7048.065455913545,6612.347879409791,6928.1898481845865,6823.797439515592
6000.0,6743.194085359574,7006.145404815675,6681.077371239663,6883.679241418839,6828.524025708438
8000.0,6744.413729548455,7026.6838657856,6609.141508817674,6906.641698718072,6821.72020071745
5500.0,6729.343622446061,7074.552937030793,6508.342111587525,7002.617487907411,6828.7140397429475
5500.0,6743.33336699009,7170.045580148698,6485.739224076272,7046.402342319489,6861.380128383637
6999.999999999999,6657.367670059205,7005.877587318421,6540.30125296116,6938.156957387925,6785.425866931678
6999.999999999999,6682.795866847039,7017.967398166657,6546.430884599687,6921.054661035539,6792.06220266223
6999.999999999999,6707.658671140672,7050.791573524476,6511.1500623226175,6977.2310342788705,6811.707835316659
6000.0,6692.300494909287,7074.353727102281,6485.453221440316,7030.025798320771,6820.533310443164
6800.0,6754.069211602212,7168.836268424989,6530.041115045548,7078.711547613145,6882.9145356714735
8000.0,6808.415085315705,7206.588616371156,6593.831275224687,7090.294654369355,6924.782407820226
6999.999999999999,6810.027776479722,7256.447307109834,6585.073891043664,7166.893764972688,6954.610684901477
6000.0,6783.004660367967,7244.142580986024,6568.748182773591,7190.035180568696,6946.482651174069
6999.999999999999,6772.284934401513,7213.825474977494,6593.611813664437,7221.460753440858,6950.295744121076
6000.0,6806.506472349168,7224.163726329804,6635.590139865876,7254.53952074051,6980.19996482134
5000.0,6831.413499593736,7287.94231414795,6678.320669531823,7330.69226884842,7032.092188030482
5000.0,6896.260877609254,7321.188054084779,6814.668293237687,7290.814739465714,7080.7329910993585
6000.0,6930.921751976014,7295.962786912919,6838.651598095895,7226.575736999513,7073.027968496085
6000.0,6940.524331808091,7274.718411922456,6843.723185300828,7184.720987081529,7060.921729028226
6500.0,6923.312511324883,7262.805492877961,6800.851720809937,7137.456984996797,7031.106677502395
5000.0,6866.673656940461,7294.134353876115,6644.658737897874,7144.7930352687845,6987.564945995809
5800.0,6843.369401693345,7310.858068704606,6627.835418105126,7094.733481407166,6969.199092477561
6000.0,6824.655654072762,7331.591606616975,6645.265460252763,7046.4345796108255,6961.986825138331
6999.999999999999,6783.361337065698,7333.1166784763345,6614.79543375969,7024.5181810855875,6938.9479075968275
6000.0,6707.035416841508,7190.179008483888,6640.403415441514,6919.578771710397,6864.299153119327
6500.0,6712.953439593316,7217.9204375743875,6629.682862877847,6897.068463087083,6864.406300783158
6999.999999999999,6719.7071521282205,7256.407630443574,6627.394015192986,6893.137166738511,6874.161491125823
6000.0,6736.806142091752,7243.845832586289,6568.877958536149,6891.875779390336,6860.351428151132
5500.0,6730.482673406602,7192.984479427339,6592.207011699677,6867.383703947068,6845.7644671201715
6999.999999999999,6745.3791950941095,7097.458772420884,6636.976756691934,6785.500983953477,6816.328927040101
6600.0,6733.815926671029,7126.166493654252,6478.12089085579,6833.8333629369745,6792.984168529511
8000.0,6698.692571163178,7122.459205150605,6458.811166644097,6837.796483278275,6779.439856559039
5500.0,6626.373994231225,7012.683788776399,6429.119794726373,6881.306907415391,6737.371121287347
6500.0,6571.770222187043,6973.547717094422,6499.060251474381,6894.629174709321,6734.751841366292
6999.999999999999,6590.8732970953,6979.781086683274,6520.250897645951,6933.794590592385,6756.174968004228
6000.0,6560.846326708795,6932.8874001503,6542.960416197778,6927.539729475976,6741.058468133212
6400.0,6587.878948688508,6913.214386463166,6545.089730620385,6919.553973793984,6741.434259891511
6500.0,6644.860427618028,6989.730837345124,6505.4064515829095,6984.867139339448,6781.216213971377
6999.999999999999,6700.3527916669855,7066.172894477845,6586.742377519608,6997.363636016847,6837.657924920321
6600.0,6733.129024386407,7095.779126882554,6554.478221774102,7043.384435892106,6856.692702233792
6999.999999999999,6724.701039195062,7116.50109243393,6560.41484296322,7064.815621852876,6866.608149111272
5000.0,6727.145287156106,7097.999366998673,6511.025659441949,7096.4974398612985,6858.166938364507
5500.0,6823.855507969857,7186.866833448411,6597.121958732606,7104.659260749818,6928.125890225173
6000.0,6832.735228538514,7224.575371742249,6673.293305277825,7097.387685060502,6956.997897654773
6500.0,6851.910630702973,7227.876801013947,6634.885052442552,7087.497449398042,6950.5424833893785
6000.0,6795.521408677102,7208.192214965821,6558.1189692020425,7080.649091482163,6910.620421081782
8000.0,6817.639496922494,7225.377171039582,6587.609891295434,7028.05023097992,6914.669197559358
6000.0,6827.3536673784265,7205.079249858857,6544.256933927537,7045.488952398301,6905.54470089078
6999.999999999999,6809.215644717217,7167.231843233109,6591.547387123109,7006.701704740525,6893.67414495349
6999.999999999999,6835.078218340875,7197.666326045991,6534.711389303208,7051.444585323335,6904.725129753352
6000.0,6829.659873604775,7256.988728284837,6531.559574127198,7065.587663650514,6920.948959916831
6000.0,6828.794426321984,7208.552611351014,6514.745760202409,7025.263771772386,6894.339142411948
8000.0,6829.7598918676385,7220.873042821885,6446.601912498475,7037.567671298982,6883.700629621745
6000.0,6748.862889051438,7130.5301003456125,6364.4443489313135,7077.175729990006,6830.253267079593
6000.0,6788.411019444467,7186.439482688905,6468.330673456193,7094.116839885713,6884.324503868819
8000.0,6822.854498744012,7186.218781232835,6595.376598715783,7063.374036312104,6916.9559787511835
5000.0,6827.985187649728,7194.2657051086435,6551.885186314584,7119.024693727494,6923.290193200112
6000.0,6841.844329833985,7231.939526319505,6626.62445318699,7108.159899950028,6952.142052322627
6999.999999999999,6851.388634562493,7223.671074390412,6599.661265373231,7083.327266454698,6939.5120601952085
6000.0,6837.577021718026,7264.198309183122,6572.298831105233,7136.076567649842,6952.537682414056
8000.0,6805.32733142376,7258.207132577897,6614.827671051026,7155.218079328538,6958.395053595305
6000.0,6793.081707000733,7246.89184331894,6603.318544745446,7215.4654438495645,6964.689384728671
6500.0,6743.665245771409,7183.157065153123,6616.816877245904,7180.323489904405,6930.99066951871
5000.0,6831.598657369615,7287.643085956574,6596.857860922814,7235.106220245362,6987.801456123591
6000.0,6896.636566042901,7331.510600090028,6686.895375728608,7220.11257338524,7033.788778811694
6500.0,6933.564383268357,7364.706744194032,6703.94807624817,7216.992168903352,7054.802843153478
6500.0,6945.222710371018,7348.51039838791,6731.4923619031915,7182.762778282166,7051.9970622360715
6500.0,6944.72427225113,7406.681350708009,6747.608114480973,7196.770294666291,7073.946008026601
6999.999999999999,6905.697311401368,7295.783415317536,6679.313826084138,7132.333735466004,7003.282072067262
8000.0,6899.890052676202,7341.098301172257,6709.553645253182,7127.674206972123,7019.554051518441
4000.0,6855.186848759652,7314.998494148255,6552.937444567681,7183.982835769654,6976.776405811311
5500.0,6882.069443345071,7324.876330852509,6686.662688612939,7142.791843414308,7009.100076556207
5500.0,6894.1150312423715,7354.0700912475595,6706.972595453263,7095.39641237259,7012.638532578946
6999.999999999999,6897.71238231659,7371.867555856706,6657.080427527429,7062.420143127442,6997.270127207042
6999.999999999999,6828.827490210534,7220.198539495469,6571.969018816949,6995.792274713517,6904.196830809117
6000.0,6794.844012260438,7249.576631069184,6499.370225429536,7032.741996765138,6894.133216381074
6000.0,6776.442718386651,7280.06070971489,6535.020123362542,7026.809508562089,6904.583265006543
5800.0,6748.851729989053,7154.008767604829,6566.442803144456,6954.6211206913,6855.981105357409
5500.0,6806.630048632623,7226.121108531953,6611.236106157304,6951.9222807884225,6898.977386027575
6999.999999999999,6831.3944878578195,7260.091774225236,6634.422571301461,6917.62510919571,6910.883485645057
6000.0,6804.173401713372,7169.443817377091,6620.18071460724,6835.509288787843,6857.3268056213865
6000.0,6827.831440567971,7154.154248714448,6571.683842778207,6791.196238756181,6836.216442704202
6600.0,6736.243229389192,6988.285118818284,6583.424829602242,6700.79750096798,6752.187669694425
6500.0,6763.892079591752,6984.14799976349,6564.508565664292,6705.735592722894,6754.571059435607
6999.999999999999,6719.208300709725,6947.837237358094,6568.092277884484,6672.972172260285,6727.027497053147
6400.0,6758.840744018556,7005.962726831437,6516.239421367646,6711.808189153672,6748.212770342828
6500.0,6739.6227720975885,6993.467883348466,6508.509910821916,6741.088328957559,6745.672223806382
6000.0,6714.03132236004,6978.2882521152505,6504.496781349183,6743.191192269326,6735.00188702345
6999.999999999999,6690.493553400041,6964.909776210786,6529.873315811158,6739.958370566369,6731.308753997088
6000.0,6654.74115741253,6977.879086494447,6502.759687304498,6785.2298600673685,6730.152447819711
6000.0,6612.431779026986,6982.954393386842,6556.551327586175,6851.714313864709,6750.912953466178
6000.0,6550.85359299183,6860.636190891267,6573.862753033639,6836.839283704759,6705.5479551553735
5000.0,6598.927247047425,6982.068281173707,6521.983445405961,6877.6078848838815,6745.146714627744
6500.0,6619.13134944439,7027.055007934571,6535.701239466668,6846.5038583278665,6757.097863793374
6999.999999999999,6651.2756485939035,7074.119800090791,6430.213796138764,6875.84516632557,6757.863602787257
6000.0,6618.612659692765,7046.377544403077,6366.982415676118,6910.605645656587,6735.644566357137
6000.0,6586.086885929109,6996.612259149552,6422.700854063035,6891.105804085732,6724.126450806857
8000.0,6635.3586926460275,7008.392922639848,6602.019133925439,6849.513912081719,6773.821165323258
6000.0,6689.078832268716,7026.988053560258,6545.036415100099,6901.310559988023,6790.603465229274
8000.0,6720.90323829651,7073.8966188430795,6590.877430081368,6926.0559874773035,6827.933318674565
5000.0,6745.44780266285,7137.598333120347,6517.597933888436,7024.942225456239,6856.396573781968
8000.0,6776.314182519914,7148.606128215791,6568.138567328454,7016.441499710084,6877.375094443561
8000.0,6794.549330353738,7215.571248292924,6544.859523296357,7095.569171190263,6912.63731828332
6500.0,6806.214270234109,7263.726322174073,6506.849277019502,7175.171309471131,6937.990294724704
6000.0,6852.638862848283,7253.841046094895,6535.278021693231,7198.149058818818,6959.976747363807
6500.0,6919.875106811524,7288.535810947419,6527.065778374673,7230.192926406861,6991.417405635119
6000.0,6878.132360816003,7276.265801906587,6445.803419589997,7266.782252073289,6966.745958596469
5000.0,6892.422573447228,7262.178932189942,6558.509949684144,7235.187226772309,6987.074670523406
6000.0,6947.368556737901,7278.094234943391,6697.472513675691,7197.64400792122,7030.1448283195505
5000.0,6972.9600064754495,7309.54129934311,6683.771664857865,7182.6024184227,7037.218847274781
6000.0,6939.033150434495,7270.835058212281,6694.119008779527,7110.305746316911,7003.573240935803
6999.999999999999,6942.646206855775,7248.684732675553,6700.58878517151,7034.646476745606,6981.641550362111
6000.0,6899.249026536942,7268.480909347535,6576.918682932855,7044.0605924129495,6947.17730280757
6999.999999999999,6839.129784584046,7274.434062480927,6628.795097470284,7025.028191566468,6941.846784025432
6000.0,6848.129775047303,7349.515540599824,6558.834802389146,7077.18978214264,6958.417475044728
5000.0,6810.349736094476,7325.60704278946,6581.5306820869455,7033.434685230256,6937.730536550284
6999.999999999999,6809.419400930406,7278.132258415223,6727.160992503167,6946.012937307359,6940.181397289039
6999.999999999999,6826.352244853974,7296.591000795365,6726.360019803048,6911.4752259254465,6940.1946228444585
6000.0,6850.55253148079,7352.438388347627,6645.977987051011,6902.939783096314,6937.9771724939355
6000.0,6799.347313880921,7224.608435630799,6554.874161839486,6829.856603741647,6852.171628773213
6999.999999999999,6784.950470209123,7252.502785205842,6557.197313308717,6815.883804440499,6852.633593291045
5000.0,6693.942530274392,7096.479254722596,6404.214833974839,6799.656461238862,6748.573270052672
6000.0,6686.785025000573,7196.654571056367,6600.797423243524,6789.644715785981,6818.470433771611
6000.0,6653.226831316949,7073.851982593537,6580.758640289308,6733.703922748567,6760.38534423709
6000.0,6586.921749114991,6933.010563135148,6602.567994475366,6672.50638473034,6698.751672863961
6999.999999999999,6568.501030206681,6885.318383693696,6612.046584725381,6610.075563669206,6668.985390573741
5500.0,6571.9797645807275,6914.32533311844,6499.613658308984,6633.786504745484,6654.926315188409
5500.0,6548.696587562562,6871.474120259286,6575.421302080155,6611.244372129441,6651.709095507861
6800.0,6563.764214873315,6869.651473402978,6666.9491716623315,6578.290007710458,6669.6637169122705
5000.0,6609.290296316148,6957.21663594246,6521.283730864526,6633.350061416627,6680.28518113494
6000.0,6642.901392221452,6973.524572372437,6653.954650163651,6635.369851708413,6726.437616616488
6500.0,6678.562449216844,7035.45736861229,6667.657152175904,6631.117422342301,6753.198598086835
6000.0,6665.098833799363,7045.197990179063,6622.257953405381,6615.0409331321725,6736.898927628995
8000.0,6619.725672841073,6947.091646671296,6548.910676240922,6567.716589450837,6670.861146301032
6500.0,6579.70638203621,6933.95123076439,6389.854360580445,6656.3575682640085,6639.967385411263
5000.0,6527.363353371621,6875.814168930055,6341.478585243226,6706.065405011178,6612.68037813902
6000.0,6571.326339483262,6879.572293162347,6457.221620202065,6691.101102352143,6649.805338799954
6500.0,6605.657401561738,6954.84843492508,6471.0336463451395,6712.0503821372995,6685.897466242314
6800.0,6587.205685257913,6940.97648048401,6460.6590247154245,6745.481279850007,6683.580617576838
6000.0,6572.701383948327,6935.626743316651,6435.918143510819,6767.712611913682,6677.98972067237
6999.999999999999,6610.182194709779,6954.602108955384,6629.038943648339,6786.746665954591,6745.142478317023
6500.0,6657.020912528039,6979.507483005525,6546.724326610566,6858.711872577668,6760.491148680449
6500.0,6647.268718600274,6928.970155954362,6613.370380163194,6868.022663593293,6764.407979577781
8000.0,6732.925681471826,7027.773320913316,6519.484228730203,6937.300602674485,6804.370958447457
6000.0,6742.60265505314,7054.625331401826,6505.188643217088,7019.992561340333,6830.6022977530965
6999.999999999999,6800.919088482858,7083.77362895012,6644.798432826997,7026.431753635407,6888.980725973845
5000.0,6849.584586143495,7141.346951484681,6571.226734519006,7081.810460567475,6910.992183178664
6600.0,6850.0681455135355,7125.08447790146,6624.467447757722,7066.888727664948,6916.627199709416
6000.0,6871.960572719575,7175.6474294662485,6717.581557393075,7092.856279134751,6964.511459678412
5500.0,6918.217779397965,7242.238927602769,6648.653682231904,7147.979567527772,6989.2724891901025
6000.0,6875.550897717477,7211.075386047364,6748.329320549966,7109.2815923690805,6986.059299170972
6500.0,6952.4802339077005,7270.168820858003,6746.319449424745,7080.271336555482,7012.309960186482
6500.0,6940.538383960725,7319.65884923935,6575.451886177064,7084.434080123902,6980.02079987526
8000.0,6894.07824766636,7331.616404533387,6568.5357472896585,7081.49139404297,6968.930448383094
6999.999999999999,6865.421362161637,7359.962076187135,6485.746663451196,7124.521565198899,6958.912916749717
6000.0,6735.921269774438,7212.895553112031,6380.493147134782,7121.4755544662485,6862.696381121875
5000.0,6734.483403921128,7192.317415475846,6380.893220186234,7127.289012670518,6858.745763063432
6000.0,6805.052074551583,7273.5777077674875,6499.922392368318,7112.436713933946,6922.7472221553335
6500.0,6826.290250062943,7301.797736644746,6581.870413541795,7068.429504871369,6944.596976280213
6500.0,6829.077535867692,7290.013766765595,6537.268054485322,7064.204766511918,6930.141030907632
6500.0,6787.445967197419,7300.141235828401,6544.985166072846,7063.795600891114,6924.091992497445
6999.999999999999,6775.534288048745,7327.628899574281,6675.4507240057,7094.969061613084,6968.395743310452
6999.999999999999,6746.359539389611,7268.994226217271,6661.260116338731,7058.21276330948,6933.706661313773
6999.999999999999,6771.767071247102,7262.799706697465,6579.7047288417825,7070.248845338822,6921.130088031293
6000.0,6791.81618666649,7282.163573026658,6594.233001470567,7121.56648015976,6947.444810330869
6000.0,6812.888629436494,7163.6675560474405,6702.043182969094,7070.667103528977,6937.3166179955015
6999.999999999999,6863.7375836372385,7215.909326553346,6596.413564920426,7135.46901869774,6952.8823734521875
6000.0,6853.459673881532,7181.3162331581125,6628.316497683526,7111.3150215148935,6943.601856559516
5000.0,6960.586672782899,7271.705465078355,6653.882736206056,7121.153181552888,7001.832013905049
6000.0,7014.582482576371,7249.097204685212,6660.9042662382135,7070.565432071687,6998.787346392871
6000.0,6988.461184024812,7259.157719373704,6541.433277845384,7051.0916283130655,6960.035952389241
5000.0,6960.210571050645,7311.578034877778,6504.415361523629,7036.241809368134,6953.111444205047
8000.0,6926.987562537194,7351.471269607545,6592.572367668153,7000.744418621064,6967.943904608489
5000.0,6850.684787034989,7346.070283412934,6626.206608295442,7011.805942535401,6958.691905319692
6000.0,6892.427533030511,7332.142120361329,6805.542659997941,6951.861112594605,6995.493356496097
6000.0,6822.982621312142,7195.206372737885,6809.242922425271,6863.333377599717,6922.691323518754
6999.999999999999,6791.523157954217,7132.623044490815,6700.783862113954,6826.0240857601175,6862.738537579776
6000.0,6755.73852467537,7130.532580137254,6633.245496869088,6844.8370250463495,6841.088406682015
6500.0,6790.093971371652,7195.89162182808,6681.799403905869,6850.848453283311,6879.658362597228
6500.0,6815.120441913606,7212.651706933976,6623.745828390122,6805.728644371034,6864.311655402184
6800.0,6850.56575703621,7167.583973646165,6566.602336406709,6771.278552293778,6839.0076548457155
8000.0,6830.476551651956,7161.156353712083,6408.924371600152,6768.884313464166,6792.360397607089
5500.0,6743.028765916825,7129.309216260911,6424.641291022302,6847.37426519394,6786.0883845984945
6000.0,6729.081591129304,7114.423027038575,6516.737032890321,6860.793657660485,6805.258827179671
5000.0,6708.910552620889,7070.615854501725,6517.782678365708,6850.335963010789,6786.911262124778
5000.0,6662.03463792801,7003.36555838585,6562.380904436112,6813.125036239625,6760.226534247399
6500.0,6679.248938202859,7021.202699661256,6704.632085442544,6771.6166305542,6794.175088465215
6999.999999999999,6659.381260871888,7001.532992362977,6549.20825123787,6756.892454385758,6741.753739714623
6800.0,6576.102418184281,6984.070299625398,6507.25389635563,6804.37054514885,6717.94928982854
6000.0,6540.7980378866205,7005.494046211244,6469.539985179902,6849.444064617158,6716.319033473731
8000.0,6595.81841492653,7074.541364669801,6630.736774325372,6869.110465526582,6792.551754862071
5000.0,6598.4432743787775,7110.075125694276,6488.171899676324,6942.375082969666,6784.766345679761
6000.0,6656.946105480195,7138.807644844056,6678.853824734689,6920.526878714562,6848.7836134433755
6800.0,6761.53999722004,7224.2356402874,6649.611295104028,6937.068328857423,6893.113815367223
6999.999999999999,6711.477550268174,7100.840381622315,6527.977101802827,6888.280494809152,6807.143882125617
5500.0,6741.683065652848,7176.549247026444,6544.377617120744,6910.7358347177515,6843.336441129447
6500.0,6778.789427876473,7187.128038167954,6596.374301552773,6878.90977549553,6860.300385773183
6000.0,6762.98447585106,7194.440943717957,6473.0765813589105,6884.67694425583,6828.794736295939
6000.0,6702.917722821237,7148.586289882661,6494.389150619508,6863.741716623307,6802.408719986678
6000.0,6737.401705384255,7172.055037975312,6609.005533576013,6847.8822091817865,6841.586121529342
8000.0,6725.6094695329675,7194.857548713685,6516.124524354936,6863.498283743859,6825.022456586362
6000.0,6689.14165365696,7163.769227504731,6456.064797401429,6887.927124500276,6799.225700765849
6600.0,6720.2196424007425,7148.526774883271,6469.273407578469,6886.823617219926,6806.210860520602
8000.0,6657.615649223329,6969.9635915756235,6541.603556871415,6836.300342321397,6751.370784997941
5000.0,6709.958264589311,7024.190021991731,6376.803217172624,6947.223075628282,6764.543644845487
6000.0,6742.143893599511,7061.222403764726,6581.942327499391,6964.101364135743,6837.352497249843
5000.0,6835.256763339044,7136.955240488053,6708.826239705087,6956.470218658448,6909.377115547658
4000.0,6936.983189344407,7241.598314762116,6730.922009825707,6980.56800723076,6972.517880290748
6999.999999999999,6997.387607336045,7272.213822364808,6626.313652634622,6954.8120646476755,6962.681786745788
6500.0,6980.109245777131,7242.359610795976,6439.945325136186,6962.018339157105,6906.108130216599
6000.0,6911.438029050828,7203.383898973466,6337.160028100015,6953.051412582398,6851.258342176677
6000.0,6858.372967720033,7235.345933437348,6286.8673738241205,6960.1469230651865,6835.183299511672
6600.0,6771.867502808572,7108.393826961518,6332.166967630387,6883.076238751412,6773.876134037972
5500.0,6768.668571591378,7156.910123825074,6365.009741425515,6893.406224131585,6795.998665243388
6000.0,6769.719589948655,7128.949646472932,6444.566830158235,6827.163136720658,6792.59980082512
6500.0,6773.7364391088495,7097.08928346634,6452.845201253892,6812.698098778726,6784.092255651952
6000.0,6762.164904713632,7055.306447505952,6490.251618266107,6774.186521291734,6770.477372944356
6500.0,6753.745598793031,7073.284110307694,6452.448021292687,6767.956871390344,6761.858650445939
6999.999999999999,6740.427877783776,7040.521103143693,6547.522406220437,6757.607874274255,6771.51981535554
8000.0,6699.099256992341,7029.7943511009225,6526.516091227532,6786.735920190812,6760.536404877902
6000.0,6664.928141474725,7037.066753387452,6466.357585906983,6855.876644134522,6756.057281225921
6500.0,6624.997709870339,7045.655098438264,6480.275829792024,6848.033476471902,6749.740528643132
6000.0,6592.499627113343,6935.926798105241,6489.420061469079,6866.505444407464,6721.087982773782
6000.0,6582.064663887025,6954.936054229737,6505.636658906938,6881.7784811258325,6731.103964537383
5000.0,6595.478270173074,6919.374188899995,6518.808072209359,6889.010793447495,6730.667831182481
6500.0,6584.83128476143,6811.183359384538,6545.533200025559,6819.753519296647,6690.325340867043
6000.0,6629.727085828782,6876.792446732522,6504.767905235291,6872.093241572381,6720.845169842244
6999.999999999999,6614.635487198831,6916.96961760521,6503.860301494599,6871.826663970948,6726.823017567397
5000.0,6684.389959573747,6985.668112039567,6467.125081419946,6934.642266035081,6767.956354767085
6999.999999999999,6732.564871788026,7098.909450531007,6441.642329216004,6925.2198843956,6799.584133982659
5000.0,6725.187078356744,7043.448910474778,6499.298724770547,6921.268749713899,6797.300865828992
5500.0,6699.273669004441,7030.25063276291,6518.090999126435,6877.092914819718,6781.177053928376
6000.0,6728.763351202012,7027.709672927857,6526.976919174195,6839.266999721528,6780.679235756398
8000.0,6753.387682199479,7040.679809808732,6562.228810548783,6825.74882888794,6795.511282861234
6000.0,6764.7628997564325,7000.626215219499,6553.299494147302,6851.819705009461,6792.6270785331735
6999.999999999999,6746.145864009858,7045.343471288682,6519.982666850091,6868.948452472688,6795.10511365533
6999.999999999999,6738.692850232125,7053.630108356477,6505.599462032319,6844.086474776269,6785.5022238492975
8000.0,6724.987455129624,7064.689152479173,6528.244506001473,6863.531760931016,6795.363218635322
5900.0,6726.544350981713,7119.648774623872,6507.765973329545,6973.709730148316,6831.917207270862
6800.0,6705.614909529687,7144.106959581376,6474.336728811265,7012.45895433426,6834.129388064147
8000.0,6702.090299010278,7147.236456632615,6546.954533934594,7036.222797632218,6858.126021802426
6500.0,6623.168863534928,7075.147260427476,6548.346523642541,7101.25202703476,6836.978668659926
5500.0,6620.167902350427,7145.757674217225,6583.111549258233,7186.611414909364,6883.912135183812
6000.0,6605.316430211068,7161.91269016266,6566.336172103883,7209.551140785218,6885.779108315707
5000.0,6672.87380719185,7182.982653141023,6588.87913131714,7213.8601920604715,6914.648945927621
6000.0,6747.196469068528,7201.701773643495,6710.1628473997125,7204.930462360383,6965.99788811803
5500.0,6796.0128207206735,7275.614443302155,6757.653750419618,7212.526064157487,7010.451769649983
5000.0,6793.970712304116,7243.279613494874,6670.060070276261,7173.084978103639,6970.0988435447225
6999.999999999999,6801.30593597889,7253.437666654588,6692.657998204232,7096.771870136262,6961.043367743493
6000.0,6786.568534255029,7198.278007984162,6722.3820207119,7041.272480010987,6937.1252607405195
6000.0,6806.43745148182,7262.407073020936,6675.613563656808,7030.106804847718,6943.6412232518205
6999.999999999999,6755.4066458940515,7177.732107639314,6619.92033648491,6928.657702207566,6870.42919805646
8000.0,6716.77603840828,7227.500699281693,6607.78340959549,6912.568814039231,6866.157240331174
6000.0,6687.840589642526,7289.402084827424,6622.933283329011,6990.079661369325,6897.563904792071
6600.0,6636.454347252847,7300.420625686646,6638.500588655473,6945.832739114762,6880.302075177432
6500.0,6622.979159474374,7154.0550570487985,6590.212019324304,6880.618351936341,6811.966146945954
6000.0,6622.248034238816,7184.393654584886,6600.135318875314,6881.485039114953,6822.065511703492
6000.0,6636.095190763474,7175.149817943574,6620.1228528022775,6849.5878925323495,6820.238938510419
6500.0,6642.06776893139,7123.641239166261,6597.454664111138,6806.363057732583,6792.381682485343
6000.0,6668.904487371446,6961.562057495118,6626.1809837818155,6748.304109334947,6751.237909495831
5000.0,6634.2431997060785,6989.705212831498,6595.091009378434,6758.36710381508,6744.351631432773
6999.999999999999,6583.611227273942,6966.057093143464,6565.993960857392,6701.574089050294,6704.309092581273
6000.0,6504.770385026933,6856.337885379792,6572.701797246934,6682.244526505471,6654.0136485397825
6000.0,6498.201830267907,6859.220229864121,6525.339843392373,6721.944337487222,6651.176560252906
6999.999999999999,6537.527192711831,6899.7094411849985,6471.929264426232,6745.418871760369,6663.646192520858
6500.0,6568.7465295791635,6905.040166616441,6448.154262065888,6773.53681588173,6673.869443535806
8000.0,6621.853334069253,6990.583885669709,6437.631266236306,6827.955016851426,6719.505875706674
5000.0,6641.119248628617,7033.030479192735,6432.088931918145,6930.882488608361,6759.280287086965
6000.0,6734.193681597711,7095.329457998277,6515.855053663255,6938.0453667640695,6820.855890005828
5500.0,6808.3039079904565,7198.424315690995,6581.98076426983,6973.395623207093,6890.526152789594
6000.0,6815.835861802102,7168.036122322083,6603.596694707871,6937.582472324372,6881.262787789107
6000.0,6829.777250409127,7198.505322217942,6623.544138669969,6937.417152881623,6897.310966044665
5000.0,6838.197382926942,7239.8434488773355,6664.543773770333,6941.064099788667,6920.912176340819
6000.0,6824.223757028581,7224.124049663545,6659.945413470269,6878.346449494363,6896.659917414189
8000.0,6754.893742322923,7076.485521316529,6620.274120092393,6800.679788589478,6813.083293080331
6000.0,6773.330579876901,7095.093877792359,6605.014308929444,6854.577233314515,6832.003999978305
5000.0,6769.288932800294,7043.959747552873,6604.20341706276,6805.250457882882,6805.675638824702
5500.0,6785.883285164834,7023.856076717378,6601.207828760148,6770.95989906788,6795.47677242756
6999.999999999999,6782.168143987657,7016.635750055314,6644.674443244935,6722.920135498048,6791.599618196488
6999.999999999999,6806.423812627793,7018.638595104218,6624.354203939439,6746.262414216996,6798.919756472112
6000.0,6775.1887704134,7021.037380218507,6564.902439236642,6804.290778517724,6791.354842096568
6000.0,6732.914109110833,7036.532771587373,6504.233923435212,6817.232811093331,6772.728403806687
6000.0,6764.876970171929,7113.535261631013,6533.814944624902,6832.239270210267,6811.116611659528
6500.0,6743.936369657517,7055.565999031068,6510.248658061028,6806.2088973522195,6778.989981025458
5500.0,6768.206503748895,7060.782654047013,6563.392659425736,6793.1850316524515,6796.391712218524
6000.0,6769.5852679014215,7082.951991319657,6575.2845002412805,6787.859265804292,6803.920256316663
5000.0,6759.337528944016,7024.836421012879,6647.954380989076,6725.347851514817,6789.369045615197
6000.0,6767.312952160836,6995.312848329545,6611.184857130052,6697.590717077256,6767.850343674422
8000.0,6683.305050730706,6800.48801803589,6586.835783004762,6615.0897023677835,6671.429638534785
6000.0,6739.464892029763,6868.938533306123,6548.075813055039,6700.210203647614,6714.172360509635
6000.0,6725.822731614114,6879.553281426431,6559.035252213479,6694.415343880654,6714.706652283669
6000.0,6732.549166440965,6929.743024349214,6517.9376653432855,6747.427089691163,6731.914236456157
6999.999999999999,6705.803786993028,6934.034717082978,6502.20958685875,6744.182695627213,6721.557696640492
5000.0,6679.557672262193,6954.334291458131,6515.993921995164,6739.581028938294,6722.366728663445
6000.0,6685.844770669938,7019.926433563233,6555.532959818841,6709.284587860108,6742.64718797803
8000.0,6698.781017065049,7021.015888690949,6542.693838596345,6696.971182465554,6739.865481704474
6500.0,6642.93197631836,6900.22193145752,6538.546800374986,6739.346275329591,6705.261745870114
6999.999999999999,6603.302426099778,6927.880700826646,6458.779342651368,6807.55542421341,6699.379473447801
6000.0,6640.143863916398,7006.647975921632,6463.605017185212,6856.600329995156,6741.7492967545995
6500.0,6643.908187627793,7072.855106353761,6481.196245789529,6877.696330785752,6768.913967639209
6000.0,6622.1790133714685,7021.769745349885,6456.1024075746545,6899.006006956101,6749.764293313027
6999.999999999999,6612.521051526071,6993.367865085603,6473.72422027588,6927.664132356645,6751.819317311049
8000.0,6638.189374804498,7009.50800228119,6523.823450803758,6929.141261577607,6775.165522366763
8000.0,6664.944260120393,7064.133679151536,6547.201686501504,7028.653646945954,6826.233318179847
6000.0,6661.2349051237115,7089.573861598969,6504.874949574471,7138.176124572755,6848.464960217477
6999.999999999999,6654.632459878922,7120.443961143495,6511.863002419473,7181.831203222276,6867.192656666041
6500.0,6688.1232858896265,7182.890900850297,6523.091085672379,7213.507235050202,6901.903126865626
6999.999999999999,6719.786918759347,7231.250970840455,6580.329223036767,7255.620709896089,6946.746955633164
6000.0,6829.75575888157,7331.792469739915,6653.676500201226,7330.743517875672,7036.492061674596
6000.0,6829.2412021160135,7387.129020214082,6677.9139837026605,7393.711213827134,7071.998854964972
6000.0,6783.611796021462,7288.873062610627,6701.506721377374,7320.520163536073,7023.627935886384
6500.0,6827.599580049516,7359.4504125118265,6760.849375247956,7341.147070407868,7072.261609554292
6999.999999999999,6861.857901573182,7374.432487010957,6787.462499141694,7315.258045673371,7084.752733349801
5800.0,6897.97276043892,7423.641472339631,6736.90285396576,7369.702697753907,7107.054946124555
5000.0,6867.7230221033105,7432.786943912507,6728.389315962792,7356.771410942079,7096.417673230172
5000.0,6913.594207882882,7529.03840327263,6747.709372639657,7357.0764253139505,7136.85460227728
5000.0,6966.106688976289,7550.133164167405,6803.469140887261,7260.596825122834,7145.076454788447
6000.0,6901.320065855981,7408.072513818742,6752.463959813119,7093.694448709489,7038.887747049333
6500.0,6871.269124150277,7359.827340841294,6726.929131984712,6992.673523426057,6987.674780100585
8000.0,6830.150045752526,7301.567942619325,6707.630980134011,6912.358031749726,6937.926750063897
6999.999999999999,6758.34726548195,7331.543663978578,6632.710688471795,6963.6070590019235,6921.5521692335615
6000.0,6676.350475072862,7288.340734004975,6577.568388342858,6934.179371595384,6869.10974225402
6000.0,6708.913859009744,7292.650611877442,6565.682747006417,6914.30673468113,6870.388488143683
6600.0,6737.3624420166025,7293.530937910081,6573.423416614533,6880.960563182832,6871.319339931012
5000.0,6725.272631168366,7161.987083911897,6502.748114943505,6862.172835111619,6813.045166283847
6000.0,6704.420476555825,7014.288213968278,6486.152935981751,6803.333992242814,6752.048904687167
5000.0,6739.747174978257,7035.05564236641,6534.816780447961,6810.746502757073,6780.091525137425
6600.0,6734.425955414773,7003.505253314973,6593.888310432435,6754.6705610752115,6771.622520059348
6000.0,6720.735852360726,6969.322152137757,6547.937358021737,6741.733488082887,6744.932212650777
5500.0,6660.711669087411,6898.098403215409,6508.662418007852,6709.2540037632,6694.181623518468
6000.0,6664.301580786706,6885.312184214593,6571.237893581391,6648.869010806085,6692.430167347194
6600.0,6664.004005789758,6901.049355268479,6546.492052793504,6665.635295391084,6694.295177310706
6999.999999999999,6645.511372923852,6927.157428264619,6541.191084861756,6708.936590433122,6705.699119120837
6999.999999999999,6604.492312788964,6902.154929041863,6543.207982063294,6692.34513115883,6685.550088763238
6999.999999999999,6578.384239792825,6854.5400364398965,6491.689484119416,6725.662371754647,6662.569033026696
8000.0,6578.8649060726175,6903.991214752198,6487.511861801148,6793.913263797761,6691.070311605931
6000.0,6604.846096396447,6984.192636013032,6458.6255955696115,6902.478541851045,6737.535717457534
6000.0,6625.045652508737,7076.574793815614,6497.214459896089,6953.587874174119,6788.105695098639
6000.0,6641.6114872694025,7167.076442956925,6521.286210656167,6970.7199280262,6825.173517227174
6600.0,6621.962444901467,7212.8839807510385,6476.298243999482,7002.459607839585,6828.401069372893
6000.0,6599.688956379891,7221.585569620133,6484.3852578401575,7015.017272710801,6830.169264137746
6800.0,6580.3275698423395,7074.48598265648,6491.712628841401,6980.368797302247,6781.723744660617
5000.0,6588.320764899255,7034.148865222932,6546.584631681443,6998.900280237199,6791.988635510207
6000.0,6613.490650057794,7052.143886566163,6673.530125379563,6958.624330997468,6824.447248250247
6000.0,6639.200716495515,7090.944359779359,6664.2606642246255,6951.036168575288,6836.360477268697
8000.0,6634.381654739381,7048.546535491944,6706.924652814866,6883.037801980973,6818.222661256791
6999.999999999999,6737.81996357441,7108.654205083848,6646.791358709336,6952.329793214799,6861.398830145598
6000.0,6745.131215929986,7120.943225860597,6598.469725489617,6990.419392824174,6863.740890026093
6999.999999999999,6790.743263483048,7201.68524169922,6593.752335190774,7048.234908342362,6908.603937178851
5000.0,6776.880401611329,7206.291041374207,6548.415131211282,7099.767458438874,6907.838508158923
5500.0,6822.505674719811,7235.169041633607,6586.3563566207895,7058.3656837940225,6925.599189192058
8000.0,6849.798261523248,7325.522729873658,6581.724105834962,7068.876693964005,6956.480447798968
5500.0,6867.325428843499,7345.755349874497,6593.543619394303,7105.848734140397,6978.118283063174
5600.0,6838.244085669518,7325.501238346101,6607.584612965585,7063.981585264207,6958.827880561353
6999.999999999999,6845.834314584733,7335.500584840775,6661.253916859628,7037.909055948258,6970.124468058349
5000.0,6828.0475957393655,7270.695363283158,6693.679672360421,6996.942071437837,6947.341175705195
6999.999999999999,6822.456078886987,7249.658464193345,6741.454924821855,6955.366711378098,6942.234044820071
6000.0,6783.378282308579,7112.9202733039865,6742.451801061631,6886.173085212708,6881.230860471726
6000.0,6802.832247734071,7136.309668064118,6688.797375917436,6899.335405945779,6881.818674415351
6000.0,6811.077141642571,7152.72671532631,6681.993240952493,6889.57453274727,6883.842907667161
6999.999999999999,6803.016578912736,7152.986266851426,6613.041394472123,6880.164963364602,6862.302300900222
6999.999999999999,6808.01666545868,7120.663836002351,6562.370571970941,6896.6964943408975,6846.936891943217
5000.0,6817.908141016961,7147.443932533265,6540.636024832726,6949.604502201081,6863.898150146008
6000.0,6816.259492874146,7097.984488248826,6627.313835263253,6874.120884537698,6853.919675230981
8000.0,6851.078660607339,7174.335619688035,6575.6411769390115,6882.519112229348,6870.893642365933
8000.0,6847.7590461969385,7217.687337160111,6498.007579922677,6957.385261774064,6880.209806263448
5600.0,6821.693956255914,7273.325595617295,6488.168593287469,7039.194414615632,6905.595639944077
6000.0,6784.805815696717,7167.961728572846,6552.8783428668985,6996.276660680772,6875.4806369543085
6999.999999999999,6740.907304167748,7141.489952802659,6572.186000585557,7014.037755012513,6867.155253142119
6000.0,6742.6096811294565,7157.501967430116,6503.631747364999,7074.514913558961,6869.564577370883
5000.0,6739.6649285554895,7107.474650859834,6504.791049957276,7037.034516096116,6847.241286367179
5500.0,6809.574387907983,7186.1741449832925,6560.344995498658,7025.238147258759,6895.332918912173
6000.0,6864.38356935978,7240.8196601867685,6581.46538090706,7016.201786518098,6925.717599242927
5000.0,6798.094605803491,7125.906942129136,6619.128043055535,6933.7173037529,6869.2117236852655
8000.0,6815.358915209771,7157.776397705079,6682.289989352227,6898.536499738694,6888.490450501443
6600.0,6794.858891010285,7201.771207809449,6620.234443426133,6968.433560132981,6896.324525594712
5000.0,6735.5397951602945,7155.243703842164,6570.701431989671,6959.298834323884,6855.195941329003
6999.999999999999,6774.788697361947,7237.119811058045,6599.0528898239145,6957.0430505275735,6892.00111219287
6600.0,6779.089069366456,7207.964074134828,6602.792828917504,6928.744908213616,6879.647720158101
4500.0,6820.381733179093,7226.499690055848,6541.210509896279,6952.117357730866,6885.052322715522
6500.0,6863.872318983079,7242.496825933457,6592.949709296227,6895.197873592378,6898.629181951285
6999.999999999999,6876.3464975357065,7230.988112926484,6584.886666774751,6850.3500151634225,6885.642823100091
8000.0,6859.439691424371,7159.289897203446,6543.666743516923,6828.911389827729,6847.826930493117
6600.0,6813.313087105752,7121.166407108308,6507.444427013398,6882.553416013719,6831.119334310294
6000.0,6797.917713999749,7206.127375125886,6539.310162901879,6950.240982055665,6873.399058520795
6800.0,6827.225958108903,7253.183074712754,6545.660495996476,6964.088965177537,6897.5396234989175
6000.0,6784.627270698548,7126.091273307801,6506.128484249116,6958.671447038651,6843.879618823529
6500.0,6717.388960242272,7005.1344764232645,6554.411267399789,6952.712507724763,6807.411802947522
8000.0,6748.085887670518,7075.096837997437,6571.59622347355,7005.655232667924,6850.108545452357
6000.0,6749.949451088906,7095.4046783447275,6545.749355196954,7074.404149532319,6866.376908540727
6000.0,6725.0581291913995,7051.7595188617715,6539.781736612321,7062.490403890611,6844.772447139026
5500.0,6723.43923854828,7098.142368316651,6481.484314918519,7138.285235404969,6860.337789297105
6500.0,6789.630250334741,7193.725110530854,6568.863493084908,7184.032431602479,6934.0628213882455
6999.999999999999,6842.045192956925,7239.869073390962,6656.726230621339,7158.770794153214,6974.35282278061
6500.0,6875.157437443734,7293.411907911302,6612.115192294122,7195.069157600404,6993.93842381239
6999.999999999999,6918.392191410066,7377.837240934373,6619.280550241471,7205.424767494203,7030.233687520028
6000.0,6823.149593949319,7234.502804279328,6558.794712424279,7175.920206546784,6948.091829299928
6000.0,6817.6601618528375,7234.784673929215,6565.182242393495,7171.733491659165,6947.340142458678
6000.0,6883.718918085099,7328.186026096345,6583.8104372024545,7218.648669719697,7003.591012775899
6000.0,6878.996154904366,7285.674957990647,6689.304906606675,7147.739854335786,7000.428968459369
6000.0,6900.3157502412805,7268.947110176087,6673.993433117867,7111.279477834702,6988.633942842484
6600.0,6922.266865849496,7380.840268611909,6617.519484877587,7142.83647966385,7015.86577475071
6999.999999999999,6875.774492263795,7386.914104938508,6491.5328439474115,7144.323528051377,6974.636242300273
6000.0,6822.637516975404,7338.5870988369,6505.128301620484,7078.678483724595,6936.257850289346
6500.0,6756.577107548715,7229.876339673997,6465.1280225515375,7007.309253692628,6864.722680866719
8000.0,6724.577049613,7186.246885538102,6515.707919359208,6937.867648363114,6841.099875718356
6600.0,6709.425109386445,7238.010882854463,6464.180742144586,7023.737046718598,6858.838445276023
7499.999999999999,6644.52317595482,7210.605878829957,6495.8427218198785,7057.445681095124,6852.104364424945
5000.0,6669.927814722062,7249.425363779069,6490.354942917825,7120.501822948457,6882.552486091853
6000.0,6733.365431189538,7259.801638603211,6636.5489926338205,7081.139263629914,6927.713831514121
6000.0,6696.940185070039,7152.463857412339,6576.103658080102,7023.042705059052,6862.137601405383
5000.0,6723.039578795434,7194.64015364647,6526.98559844494,7058.484713792802,6875.787511169911
5000.0,6770.235386610032,7184.889612913133,6699.231925845147,6989.526667833329,6910.97089830041
6600.0,6842.118346810342,7235.6534276008615,6705.036704778672,6944.716006278993,6931.881121367217
6500.0,6818.553300142289,7244.86998653412,6691.865291476251,6930.339000940324,6921.406894773246
6999.999999999999,6771.673252463342,7215.522479057313,6636.734977006913,6901.055554747582,6881.2465658187875
6999.999999999999,6742.680768489839,7215.084382534028,6640.38151061535,6903.565103888513,6875.427941381932
5000.0,6715.4200056791315,7123.459387779237,6634.933408379556,6852.442546010018,6831.5638369619855
6000.0,6769.714217066766,7141.718093633653,6645.35431945324,6836.8169655799875,6848.400898933412
4500.0,6786.504472970963,7131.383148670197,6637.688870191575,6797.742475390435,6838.329741805793
6999.999999999999,6807.32687008381,7150.887536525727,6600.2493892908105,6744.1240072250375,6825.646950781346
6000.0,6787.400091052056,7156.596016883851,6560.006090641023,6731.604365825654,6808.901641100646
6000.0,6772.163011312486,7175.913593769074,6526.180079460145,6725.0874733924875,6799.836039483548
6999.999999999999,6739.654182791711,7119.372691154481,6481.507046341897,6681.162097454072,6755.42400443554
6000.0,6662.812052607537,7101.025539398194,6373.522452831269,6706.175755739213,6710.883950144053
8000.0,6618.658535838128,7116.405207157136,6374.850381255151,6692.646012544633,6700.640034198762
6000.0,6584.062962651254,7135.2615427970895,6338.461505413056,6749.376205921174,6701.790554195643
6999.999999999999,6532.912300467492,6978.241136074067,6444.302732348443,6690.3836159706125,6661.459946215154
5000.0,6533.775681257249,6941.179823398591,6431.713243484498,6742.627039670945,6662.323946952821
6000.0,6510.078379034997,6845.117654800416,6533.605815529824,6681.582422137261,6642.596067875625
5000.0,6598.126274347306,6920.729808330537,6504.273186802865,6721.079303503037,6686.052143245936
5600.0,6671.486777067185,6937.347718715669,6540.192142128945,6719.543485879899,6717.142530947925
6000.0,6707.208175659181,6933.036187648774,6572.665840268136,6695.889580011369,6727.199945896865
8000.0,6726.748933792115,7012.397786140443,6619.257405519486,6754.064665317536,6778.117197692395
6999.999999999999,6707.187924027444,7089.727608680726,6605.915713191033,6858.9086027145395,6815.434962153436
5500.0,6675.680104732514,7068.346018552781,6549.831918835641,6898.730750083924,6798.147198051215
5500.0,6760.870866775514,7067.536779880525,6557.328742265702,6893.418623089791,6819.788753002883
6000.0,6797.343642234803,7028.736306667329,6558.110703229905,6862.833286285401,6811.75598460436
6999.999999999999,6808.060061812402,7020.180198907853,6542.38923752308,6862.577867746354,6808.301841497422
5600.0,6850.985255122186,7077.315424919129,6584.012126922608,6871.7121802568445,6846.006246805192
6000.0,6862.918839097024,7111.608463525773,6550.790771603585,6869.252640247346,6848.642678618432
8000.0,6894.2514197826395,7211.459753751756,6667.17937898636,6872.558202505113,6911.362188756467
6600.0,6844.283618211747,7180.101135253907,6530.9586379528055,6920.329735279084,6868.918281674386
6000.0,6760.133542060853,7211.468019723893,6497.934426069261,6982.106304645539,6862.9105731248865
6999.999999999999,6724.663429021836,7246.469452142716,6517.389218091966,7009.154218673707,6874.419079482556
6600.0,6699.9808229208,7190.6237177848825,6525.704372763635,6975.9663405418405,6848.068813502789
6999.999999999999,6737.908822774888,7222.9535880088815,6513.756323337556,6994.382099866868,6867.250208497048
6999.999999999999,6730.017299175263,7107.225018501283,6434.705525398255,7005.00552725792,6819.23834258318
6000.0,6753.566227197648,7152.464684009553,6452.107876539231,7058.635981082917,6854.193692207337
6000.0,6746.616197824479,7116.329160213471,6534.486141562463,7044.678887128831,6860.527596682311
5800.0,6782.085484266282,7202.440751552583,6530.3002532720575,7084.8581244945535,6899.921153396369
8000.0,6791.574820280076,7230.247481822968,6549.9823595285425,7091.995791435243,6915.950113266707
6000.0,6846.310847878457,7306.5076875686655,6500.9977953434,7165.083517074586,6954.724961966277
6000.0,6844.689890742303,7385.802331686021,6499.366505742074,7215.722515583039,6986.395310938359
6500.0,6874.959467411042,7389.378191232682,6612.174707293511,7197.387762784959,7018.475032180549
6500.0,6797.304792165757,7231.277421951295,6616.677595615388,7129.334840774537,6943.648662626744
5000.0,6795.323851943017,7147.830780029298,6634.030350923539,7061.333994388581,6909.629744321109
6000.0,6882.591439485551,7180.787210941316,6726.5402179956445,7020.447189807893,6952.591514557601
5000.0,6905.455118417741,7232.3586111068735,6641.822682857514,7013.865822792054,6948.375558793546
6500.0,6905.228630781175,7233.539818525315,6730.550867676736,6944.006785869599,6953.331525713206
6600.0,6865.519727230073,7208.737769126893,6681.135233044625,6902.407867789269,6914.450149297715
6999.999999999999,6833.49032509327,7266.355727910996,6563.913002371789,6927.914591312409,6897.918411672116
6999.999999999999,6810.315845608712,7328.507572412492,6482.580382823945,6970.924924135209,6898.0821812450895
4500.0,6698.356972694398,7218.413916110993,6474.187114715577,6935.139050960542,6831.5242636203775
5000.0,6733.679124832154,7192.840651512147,6648.974815249444,6858.896203756333,6858.59769883752
6000.0,6761.995038986207,7228.286793231965,6643.525473117829,6808.624214410783,6860.607879936696
6000.0,6730.9604465961465,7210.14298439026,6670.961887836457,6760.821270942689,6843.221647441388
6999.999999999999,6720.662285208703,7166.486252546311,6608.55793118477,6719.070672273637,6803.694285303355
6000.0,6693.378790974618,7067.769880294801,6539.178733944894,6684.274235963822,6746.150410294534
6000.0,6664.701653838159,7003.353159427644,6415.866961598397,6659.384153962136,6685.826482206584
6000.0,6630.608238458634,7013.989812374116,6386.285940408708,6639.807438850404,6667.672857522965
6999.999999999999,6611.640312194825,7042.647937774659,6402.08179986477,6662.332626223565,6679.675669014455
8000.0,6616.452761173249,7071.67637872696,6474.061885237695,6695.129110574723,6714.330033928157
6999.999999999999,6561.248052954675,6937.04353094101,6489.52173292637,6733.163328170777,6680.244161248208
5600.0,6598.778872847558,6948.207552909852,6521.623049020768,6820.32139158249,6722.232716590167
6999.999999999999,6681.431154847146,7005.1344764232645,6511.479874610902,6859.7583446502695,6764.450962632895
8000.0,6666.308972120286,6994.353168964387,6508.257385373116,6920.054478406907,6772.243501216174
6999.999999999999,6634.105984568597,7029.1297669410715,6399.5470395088205,7036.307937145234,6774.772682040931
8000.0,6688.0939416885385,7118.045176029206,6456.502893924714,7096.857836246491,6839.8749619722375
6000.0,6702.327119112016,7163.51959514618,6352.019352912904,7187.826512813569,6851.423144996167
6999.999999999999,6783.66635143757,7284.099463701249,6406.121793746949,7272.951147079469,6936.709688991309
6600.0,6822.2717477083215,7284.034162521363,6470.878246068955,7280.972446441651,6964.539150685073
6600.0,6850.295459747315,7284.001098632813,6433.894633531571,7332.179317235948,6975.092627286912
6000.0,6851.485759735108,7253.318636655808,6503.03949046135,7330.426104545594,6984.567497849465
6999.999999999999,6877.942243456841,7208.618739128114,6527.606786251069,7297.633339881898,6977.9502771794805
6000.0,6934.9621591568,7321.974974632264,6397.7115803956995,7397.665654897691,7013.078592270614
5500.0,6978.565162181855,7421.01041340828,6480.163825869561,7415.076272010804,7073.703918367625
5000.0,7006.132179260255,7461.734378337861,6581.130609035493,7419.764731407166,7117.190474510194
6000.0,7080.296134471894,7503.667654991151,6683.985753536225,7384.738501071931,7163.1720110178
5500.0,7080.974770784379,7472.685138225556,6637.957514286042,7312.242619037629,7125.965010583402
6000.0,7016.969695329667,7508.678487300874,6575.668867945672,7266.222645759583,7091.884924083949
8000.0,6981.54587173462,7547.724459886552,6647.233174920083,7196.031316757203,7093.1337058246145
6000.0,6950.0607838630685,7568.038913011552,6505.978043556214,7199.170732975007,7055.81211835146
6000.0,6856.274237394334,7546.655669689179,6531.092960000039,7178.886037349702,7028.2272261083135
6600.0,6807.585181713105,7426.16176724434,6628.054879665376,7074.372738838197,6984.043641865254
6000.0,6785.435269474984,7358.0137865543375,6569.710755228997,7023.079901933671,6934.059928297997
6999.999999999999,6776.750212550164,7424.539156913758,6558.513256072999,7034.307571887971,6948.527549356223
5000.0,6775.044115900994,7374.911913394929,6551.553307533265,7001.594987154008,6925.776080995799
5600.0,6796.456703424455,7241.714864969254,6614.89586532116,6912.64692747593,6891.4285902977
6000.0,6814.503387093545,7244.238466262818,6604.243920326234,6874.7152079343805,6884.425245404244
6000.0,6733.5551352500925,7121.115984678269,6671.112741827966,6824.666813135148,6837.612668722869
8000.0,6734.33378982544,7129.084381818772,6653.049939513207,6791.06026351452,6826.882093667985
7499.999999999999,6670.267959475518,7116.964813470841,6517.233404517175,6861.250352621079,6791.429132521153
6000.0,6619.267324686051,7080.823503494264,6412.676709651948,6903.872184753419,6754.15993064642
6800.0,6640.309596657754,7041.799022436143,6455.603969454766,6882.814207434655,6755.1316989958295
6000.0,6651.4409680366525,7078.263531923295,6363.572288870812,6934.122336387635,6756.849781304599
8000.0,6643.081177115441,7033.619843006135,6475.849815011025,6915.922318935395,6767.118288516999
6999.999999999999,6647.081081032754,7077.335263252259,6441.477423071862,7007.904403686524,6793.44954276085
5000.0,6711.7453677654275,7113.911363363267,6568.484084963799,7044.016782760621,6859.539399713279
6600.0,6832.004516601563,7192.045464992524,6683.336048126222,7050.784960746766,6939.542747616769
6000.0,6822.065098404885,7238.439886808396,6522.361613631249,7101.295010089875,6921.0404022336015
7499.999999999999,6826.118731141091,7302.14077448845,6478.872267723084,7125.619286298753,6933.187764912845
6000.0,6781.25186097622,7348.150828599931,6387.051369428636,7177.257640838624,6923.427924960853
6000.0,6728.876595020295,7252.561473608018,6445.302501678468,7125.299393177033,6888.0099908709535
6999.999999999999,6776.657633662225,7244.924541950227,6494.339141488076,7105.647871017457,6905.392297029496
5000.0,6789.418228149415,7281.627111434937,6514.060924410821,7122.889035701753,6926.9988249242315
6000.0,6845.632624864579,7272.292349100114,6534.739080309869,7078.232121229173,6932.724043875934
6999.999999999999,6843.712439537049,7294.415396928788,6479.382278203965,7088.103345155717,6926.40336495638
6999.999999999999,6772.8218092918405,7261.828454971314,6486.707996010781,7095.614634037019,6904.243223577739
5000.0,6766.301610469819,7339.397990703584,6492.725210428239,7153.77732038498,6938.050532996655
8000.0,6843.950499534608,7412.418761968614,6688.055918216706,7151.993523597718,7024.1046758294115
6000.0,6895.435520291329,7443.025177001954,6591.059281468392,7180.958316564561,7027.619573831559
5500.0,6943.765419483186,7506.636792182923,6610.571521997453,7201.395932674409,7065.592416584493
6000.0,6933.925192952157,7344.870064258576,6699.675395250321,7092.040427684785,7017.62777003646
6000.0,6925.956795811654,7265.771323680879,6645.804401636125,7015.746331453324,6963.319713145495
5000.0,6925.96919476986,7289.712885379792,6609.024958610536,6980.431618690492,6951.28466436267
6000.0,6925.208725333215,7243.549084186555,6583.0904710292825,6916.721638441087,6917.142479747535
6000.0,6907.50755929947,7262.691422462464,6583.506249427796,6877.117712736131,6907.705735981465
5600.0,6800.335510849954,7148.068840026856,6480.987529993058,6794.571235179902,6805.9907790124425
6500.0,6736.6358630657205,7134.775503635407,6464.507661342622,6761.248621702195,6774.291912436486
6000.0,6712.27232348919,7206.826676368714,6586.959772586823,6769.187261343003,6818.811508446933
6000.0,6713.974700450898,7158.587289571763,6662.138789176942,6727.606115102769,6815.576723575593
6800.0,6699.627452611924,7174.409186840058,6581.310393929482,6700.082907676698,6788.857485264541
6600.0,6619.774028778077,7075.202642440797,6444.047313809396,6669.307866811753,6702.082962960006
6000.0,6593.18198311329,7094.52683210373,6497.678180933,6717.117423057557,6725.626104801894
6999.999999999999,6601.5401208400735,7114.702416896821,6534.7593319416055,6734.063492536546,6746.266340553761
6600.0,6593.050554156304,7052.118262052537,6438.675671815873,6737.079745769502,6705.231058448554
6500.0,6647.618782520295,7121.8871998786935,6551.303261876107,6785.648944854737,6776.614547282458
6000.0,6697.160059928895,7113.157506704331,6542.6496156454095,6769.207926273347,6780.543777137996
6999.999999999999,6706.681633234025,7047.636451959611,6506.8563030958185,6737.091318130494,6749.566426604987
5000.0,6655.798788547517,6978.837939262391,6371.577469587327,6747.940406560899,6688.538650989533
6999.999999999999,6732.386740088464,7056.51327943802,6526.422272443772,6748.144162774087,6765.866613686086
5500.0,6611.924248337747,6907.787362456323,6474.602479815484,6705.372303247453,6674.9215984642515
5500.0,6597.324475049973,6911.082178950311,6444.4081234931955,6712.365315675736,6666.295023292304
6000.0,6603.682660818101,6946.084024667741,6524.412814617158,6731.389863848687,6701.392340987922
6500.0,6581.457941532136,6952.0198192596445,6565.9931342601785,6735.345544815064,6708.704109966756
6999.999999999999,6577.441918969155,6948.418335199357,6592.945576310159,6731.023681282998,6712.457377940417
8000.0,6621.8611867427835,6999.4102907180795,6483.747124791146,6783.155101060868,6722.043425828219
6000.0,6593.842847585679,7019.402370929719,6358.954916834832,6873.501349925996,6711.4253713190565
8000.0,6625.544917225839,7065.420691013337,6364.683648824693,6935.117559432984,6747.691704124213
6000.0,6648.312710881234,7136.956067085267,6368.15701031685,7038.524044275285,6797.987458139659
6600.0,6666.661929130555,7160.432254552842,6557.832966566087,7029.320710897447,6853.561965286733
8000.0,6704.173737287522,7216.425123214723,6477.729497075082,7075.629166603089,6868.489381045104
8000.0,6693.4288001060495,7280.661645889283,6365.626796245576,7164.288330554963,6876.001393198968
6000.0,6730.361163616181,7311.855771541596,6288.300280094148,7328.09675359726,6914.653492212296
7499.999999999999,6796.4798481464395,7349.884202957154,6245.957424521447,7398.732791900636,6947.763566881419
5000.0,6873.49680364132,7415.390378952027,6265.64242386818,7480.250982522965,7008.695147246123
5000.0,6903.534519791604,7422.5892140865335,6314.622441768647,7486.350443363191,7031.774154752494
6000.0,6977.768322467805,7420.738462924958,6442.415197610856,7459.596797943116,7075.129695236684
5500.0,7025.99531030655,7447.698757648469,6557.368005633355,7444.394021987916,7118.8640238940725
8000.0,7040.630213975907,7471.357623100282,6547.989433646203,7428.842422008515,7122.204923182727
6999.999999999999,7002.625753879548,7435.0749650001535,6536.295976161958,7436.867027759553,7102.715930700303
6600.0,6994.334157228471,7499.795873641969,6489.667627334596,7439.117025375367,7105.728670895101
8000.0,6960.942936182023,7488.879830837251,6524.3880167007455,7429.4838614463815,7100.9236612916
5000.0,6974.82067680359,7540.055290937425,6567.156569838525,7470.2458498477945,7138.069596856833
6000.0,7014.297306537629,7579.324444770814,6612.268526077271,7417.3907442092905,7155.820255398751
7499.999999999999,7071.034939289094,7613.517465114594,6684.949565887452,7394.633696317674,7191.0339166522035
6500.0,7086.54355621338,7608.498366832734,6683.138904690743,7388.353210687638,7191.633509606124
6600.0,7071.202738523484,7545.527364492417,6675.333760499955,7311.796256542207,7150.965030014516
6999.999999999999,7023.503119707108,7396.972966432572,6619.502491593362,7219.665384292603,7064.9109905064115
6000.0,6985.9970977306375,7384.434313297273,6647.238547801972,7186.107190608979,7050.944287359715
6000.0,6927.985265374185,7284.066399812699,6612.628509163857,7132.63957643509,6989.329937696458
6999.999999999999,6923.729942917825,7344.255902528764,6615.6980779171,7153.776493787766,7009.365104287864
6000.0,6908.779279112817,7346.655514240266,6586.948200225831,7165.630724430085,7002.00342950225
5000.0,6876.054295420648,7258.443539381028,6565.313258051873,7109.111313343049,6952.2306015491495
6600.0,6786.481741547585,7124.974540472032,6537.6974717378625,7017.312733173371,6866.616621732713
6000.0,6803.301341652871,7157.488741874696,6505.254770994187,7044.080430746079,6877.531321316958
5500.0,6751.6869584321985,7111.865535259248,6493.843596458436,7000.060822725297,6839.364228218795
5500.0,6800.807497859002,7176.01195883751,6487.732563257218,7001.054392576219,6866.401603132487
8000.0,6813.628433942796,7242.680330514909,6523.852795004846,6995.173153400422,6893.833678215743
5000.0,6809.550829887391,7283.944890022279,6573.027063250543,7058.003634214402,6931.131604343654
6999.999999999999,6790.348563313485,7350.917449474336,6578.815310239793,7047.785239458085,6941.966640621425
6500.0,6768.9268832206735,7237.704215288163,6536.412939667703,7016.706010818482,6889.937512248755
6000.0,6747.277888894082,7208.296366214753,6483.840943574906,6994.133294105531,6858.387123197318
6000.0,6754.096076011659,7209.141148567201,6524.959195375443,7010.834690809251,6874.757777690888
8000.0,6740.858948230744,7091.8503103256235,6526.453683137895,6952.251266479493,6827.853552043439
6999.999999999999,6777.625992298127,7201.688548088075,6576.055302143098,7050.910603523255,6901.570111513139
5000.0,6766.539257168771,7234.625140666963,6572.758005857469,7096.003134727479,6917.48138460517
5500.0,6736.8726831674585,7160.53557920456,6563.877045392991,7028.4031879901895,6872.4221239388
6000.0,6718.737140297891,7178.609127283097,6549.990212202073,7037.638758659364,6871.243809610606
6000.0,6722.9730377197275,7143.547353267671,6627.985032200814,6983.490028381349,6869.49886289239
8000.0,6706.6378235816965,7119.7273013591775,6661.119594812394,6945.94267654419,6858.356849074365
6600.0,6735.840676546098,7134.140676975251,6653.363633155824,6989.584529638291,6878.232379078866
6999.999999999999,6716.020528554917,7141.4494495391855,6554.430692434312,7038.301689624787,6862.5505900383005
6999.999999999999,6689.212327718736,7078.793380737306,6493.007080078126,7069.205679655076,6832.554617047311
6000.0,6666.480491042138,7107.373805999757,6469.704478025437,7102.213359594346,6836.4430336654195
6999.999999999999,6692.800172924996,7190.425334453584,6482.872584939004,7117.21609902382,6870.828547835351
5000.0,6686.52506017685,7169.818265914918,6510.930600762368,7097.5439119339,6866.204459697009
6800.0,6672.331146121026,7197.037285566331,6565.3186309337625,7087.789238214494,6880.619075208903
6500.0,6720.077467679978,7262.784001350404,6664.3255521059045,7124.778636932374,6942.991414517165
6000.0,6752.4263496398935,7316.80047607422,6710.46579527855,7105.659443378449,6971.338016092778
8000.0,6693.323408961297,7192.915045261384,6705.683517098428,7024.120587825776,6904.010639786721
6000.0,6740.232800841332,7296.189274549485,6697.831256866456,7134.082815170289,6967.084036856891
8000.0,6703.869549512864,7246.586002349854,6690.990338325501,7083.504984855653,6931.237718760968
6000.0,6736.2953050136575,7247.301835536958,6627.604384183885,7144.648380756379,6938.96247637272
6999.999999999999,6739.746348381043,7267.085613250733,6561.816751837731,7166.746630668641,6933.848836034537
5000.0,6788.361423611642,7325.173079252244,6577.47828924656,7231.160045146943,6980.543209314347
6600.0,6758.131936907769,7243.835086822511,6598.737542986871,7160.122280597688,6940.20671182871
6000.0,6755.852595090867,7225.056451320649,6561.088932991029,7165.515000820161,6926.878245055676
6000.0,6816.825298666955,7302.750803232194,6588.31208562851,7181.826243638993,6972.428607791663
6000.0,6897.725194573403,7342.16047859192,6595.196400523187,7158.40791797638,6998.3724979162225
8000.0,6925.8968675136575,7383.57961177826,6620.093095302583,7152.375411510468,7020.486246526242
6000.0,6922.38920223713,7432.636503219605,6618.805256843568,7211.040668964387,7046.217907816173
6000.0,6839.912572145463,7311.606139183045,6613.288547039033,7117.171462774278,6970.494680285455
6999.999999999999,6827.9244327545175,7281.799043655396,6595.233184099198,7098.295288801194,6950.812987327577
5500.0,6824.239462375642,7238.522546529771,6632.831371665002,7093.805212736131,6947.349648326636
6000.0,6784.434673547746,7199.654292345048,6618.224985599519,7067.998021125794,6917.577993154527
6999.999999999999,6789.077256798745,7219.743911027909,6609.882553219796,7080.119242668153,6924.705740928651
6999.999999999999,6773.416959285737,7191.728051662446,6614.053149461747,7046.154363155366,6906.338130891324
5000.0,6774.8163883686075,7259.470999717713,6604.868001222611,7060.724792242051,6924.970045387746
6000.0,6766.206965088845,7236.965237379075,6612.075928926469,7015.995137214662,6907.810817152263
6999.999999999999,6776.623743176461,7263.88668203354,6616.057234406472,7031.959209203721,6922.1317172050485
6000.0,6762.258310198785,7285.429458618165,6616.903669953347,7020.035544395448,6921.156745791436
8000.0,6727.493284583093,7143.17207813263,6597.53773713112,6934.186810970307,6850.5974777042875
6500.0,6750.211069107057,7190.053365707398,6561.794847011567,6989.377880334855,6872.859290540219
5500.0,6677.18327176571,7064.3395018577585,6534.455557465554,6940.032506465913,6804.002709388734
6999.999999999999,6703.45377111435,7074.151210784913,6537.863204479218,6938.485943078996,6813.488532364369
6000.0,6690.080254793168,7043.62580227852,6541.210509896279,6970.446324348451,6811.340722829104
6999.999999999999,6718.483374953271,7141.375882387162,6567.939357399941,7017.220154285432,6861.254692256452
5000.0,6736.586267232896,7117.264868259431,6569.545849084855,7018.6253695487985,6860.505588531495
6999.999999999999,6736.93591785431,7139.263926506043,6624.473647236825,6986.791457653047,6871.866237312556
6500.0,6775.892617940904,7173.200701713563,6574.523204207421,7038.4794080257425,6890.523982971908
5000.0,6773.031351685525,7201.862960100175,6607.175034046174,7017.211888313294,6899.820308536292
6000.0,6717.67868256569,7112.476390600205,6646.594215273858,6955.512192487718,6858.065370231868
6000.0,6730.293795943261,7133.13388156891,6668.093182206155,6927.097913265229,6864.654693245889
5800.0,6744.573676109315,7147.638182878495,6590.946450948716,6914.440643429757,6849.399738341571
6000.0,6678.101207971574,7099.1210594177255,6551.657458782197,6867.176641345025,6799.01409187913
6600.0,6715.114578008653,7136.560953617097,6566.822624564172,6865.55320441723,6821.012840151788
8000.0,6700.872721314431,7128.47022008896,6546.144055366517,6870.887236237527,6811.593558251859
6000.0,6700.458596110345,7110.855433464051,6542.3189767599115,6909.964619517327,6815.899406462909
8000.0,6685.198784947396,7080.013438224793,6548.482912182809,6873.298420310021,6796.748388916255
6800.0,6734.578462600709,7166.327545881272,6518.4435428380975,6974.302400350572,6848.412987917663
6600.0,6780.550493240357,7197.206737995149,6559.930456995965,7016.653108596803,6888.585199207068
6600.0,6808.922202706338,7184.387041807176,6556.479826927186,7038.72160100937,6897.127668112517
5000.0,6856.438316941262,7229.678782939912,6551.922383189202,7070.874579429627,6927.228515625001
5000.0,6845.015570044518,7121.695429325105,6616.0010257959375,6995.716227769853,6894.607063233853
6000.0,6858.927614450456,7143.114216327668,6686.659795522691,6968.7699851989755,6914.3679028749475
6500.0,6893.2719020843515,7196.743843555451,6732.812024354936,6966.354668140412,6947.295609533788
6999.999999999999,6862.06041789055,7119.3578124046335,6767.48033809662,6895.039993524552,6910.984640479089
6000.0,6846.989070892335,7142.238023281098,6682.32263994217,6946.228679180146,6904.444603323937
6000.0,6797.577569246293,7089.713556528092,6659.306040525437,6903.653136491776,6862.5625756979
5500.0,6830.0615998506555,7153.705406427384,6671.680614113809,6899.692909240724,6888.785132408143
6999.999999999999,6808.856074929238,7101.805020570756,6610.584747552873,6865.31390452385,6846.639936894179
6999.999999999999,6818.912456631661,7114.013034820558,6622.096353650094,6888.208167552949,6860.807503163815
6000.0,6817.4592987298975,7205.565289020539,6596.106070756913,6971.035688161851,6897.5415866673
5000.0,6798.433510661126,7233.097589015962,6563.15294623375,6970.727367401124,6891.3528533279905
5500.0,6782.0321687459955,7256.093523502351,6560.996767401696,6908.605280399323,6876.9319350123415
8000.0,6755.767042279244,7294.76670074463,6497.77323961258,6886.460327744485,6858.691827595235
6500.0,6741.343747496606,7314.804243803025,6497.02392923832,6923.101729035378,6869.068412393332
6999.999999999999,6720.065482020379,7292.323279380799,6560.239191055299,6892.297757267953,6866.2314274311075
6600.0,6680.209030866624,7149.000415086747,6583.18594300747,6829.669379472733,6810.516192108394
5000.0,6678.040039777757,7193.477957963944,6548.045642256738,6885.662661433221,6826.306575357915
5500.0,6635.079302787782,7017.421017408372,6573.398618698121,6785.311693191529,6752.802658021451
6000.0,6649.489785313607,6979.27024960518,6568.563024997712,6754.265528440476,6737.897147089244
6000.0,6647.413786411286,6952.639767169953,6570.967596292497,6739.0040640831,6727.506303489209
8000.0,6664.216027975083,6901.347756862641,6573.795798659326,6715.352638006211,6713.678055375815
6000.0,6723.211511015893,6990.6152963638315,6547.466197609902,6833.144394159318,6773.609349787236
6000.0,6722.599829077722,7065.0950117111215,6559.976746439935,6861.266057968141,6802.23441129923
6500.0,6750.244546294213,7081.0929741859445,6607.77555692196,6827.4152488708505,6816.632081568242
5000.0,6762.150025963784,7076.704569578172,6602.803161382676,6818.131322264672,6814.947269797326
5500.0,6775.760775685311,7015.163580417634,6610.01026248932,6763.729653239251,6791.166067957879
5000.0,6792.970529675485,7040.8500888347635,6657.11721110344,6743.528857231141,6808.616671711207
6999.999999999999,6781.052237749101,7069.2040264606485,6682.384221434594,6715.861821889878,6812.125576883555
6999.999999999999,6791.700049757958,7100.69572710991,6613.6142263412485,6760.7348915338525,6816.686223685742
6999.999999999999,6732.217700958253,7044.605319976808,6547.895614862443,6783.351417899133,6777.017513424159
8000.0,6703.100400805474,6987.241126537324,6533.387180566789,6785.379474163056,6752.277045518161
6999.999999999999,6685.870395183564,7034.257976055146,6486.329001188279,6904.614469051362,6777.767960369588
8000.0,6711.131619334222,7126.617815732957,6498.245639920236,6961.232245206834,6824.306830048562
6000.0,6763.196084737779,7198.821908950807,6495.198802590371,7069.356120347978,6881.6432291567335
6000.0,6748.7488186359415,7104.886574983598,6472.948045492173,7102.431581258775,6857.253755092622
6600.0,6779.390777349473,7137.914093255998,6516.404740810395,7123.335398197175,6889.26125240326
6000.0,6797.954497575761,7139.308562755586,6553.2771760225305,7145.09887623787,6908.909778147937
6000.0,6837.720849633218,7130.410243749619,6599.489746451379,7141.9553270339975,6927.394041717053
6000.0,6898.405897378922,7229.491971969605,6617.3045696020135,7214.472700595857,6989.9187848865995
6000.0,6931.796705126763,7277.0833065509805,6682.922749519349,7197.299316883088,7022.275519520045
6000.0,6960.267606258393,7300.844670057298,6664.006898880006,7196.596709251405,7030.428971111775
6600.0,6977.803039550782,7319.324903964997,6678.543024182321,7167.783183574677,7035.863537818194
8000.0,6874.914004564286,7200.399883031846,6602.219170451165,7108.599649667741,6946.5331769287595
6000.0,6872.201112508775,7205.066024303437,6556.138855576516,7145.431994915009,6944.709496825934
6800.0,6858.795358896256,7251.250490427018,6527.182741880418,7179.767189979554,6954.248945295812
6999.999999999999,6890.92105960846,7251.617499589921,6557.958609342576,7197.41008090973,6974.476812362672
5400.0,6926.731317400933,7330.297981977464,6589.399474263192,7266.832674503327,7028.315362036229
5500.0,6903.395238161088,7417.157643795014,6637.611996650697,7273.5355513095865,7057.925107479096
6000.0,6897.287924647332,7521.62465286255,6713.452704310418,7288.481255531312,7105.211634337903
6000.0,6892.850750803948,7482.351366043092,6684.136194229127,7229.289455652238,7072.156941682101
6999.999999999999,6876.696974754334,7420.247464179994,6689.933120489121,7120.654743433,7026.883075714112
6000.0,6852.8149280548105,7374.863144159318,6665.084368348123,7056.703396797181,6987.366459339858
6600.0,6792.342315793038,7210.388483762742,6580.001890540124,6979.767861127854,6890.62513780594
6000.0,6755.542621135713,7185.149991035462,6591.171285390855,6960.513932228089,6873.09445744753
8000.0,6720.208896636964,7061.541470289231,6562.084982633592,6881.560259461404,6806.348902255298
6999.999999999999,6734.376772880555,7086.975039958955,6465.843029141427,6950.496400594712,6809.422810643912
6999.999999999999,6714.060666561128,7142.619911193849,6460.689195513726,7022.034256458283,6834.851007431746
6999.999999999999,6706.0959891080865,7130.824368953706,6455.377068519593,7071.557348728181,6840.963693827392
6000.0,6703.88856124878,7191.880972146989,6446.304337501527,7136.917217016221,6869.747771978379
6600.0,6709.385019421578,7212.683944225312,6445.964192748071,7147.733241558076,6878.941599488259
6500.0,6686.1431722641,7265.515078544618,6402.766635656358,7208.684040308,6890.777231693269
6999.999999999999,6718.827239394189,7298.058210849763,6479.907167434693,7218.2188391685495,6928.752864211799
6000.0,6730.453742504121,7347.746622562409,6498.119997143746,7285.277364730836,6965.399431735278
5500.0,6762.263683080674,7354.022148609162,6548.268410205842,7285.5476620197305,6987.525475978852
6999.999999999999,6757.387172818185,7253.078096866609,6585.217718958856,7227.624688863755,6955.826919376851
6000.0,6808.296468615533,7287.596796512605,6542.299965023995,7269.611694335938,6976.951231122018
6500.0,6796.690217137338,7251.60840702057,6544.55120253563,7225.891314506532,6954.685285300017
5000.0,6785.880392074586,7194.5674130916605,6589.465188741685,7156.250499248506,6931.540873289109
6999.999999999999,6829.464383363725,7258.729542016984,6674.570811271668,7130.3970181941995,6973.290438711644
6999.999999999999,6863.8185901641855,7302.817757606507,6647.971739530564,7134.186139822007,6987.198556780816
6000.0,6827.452032446862,7347.054760694505,6585.998853325845,7183.464559316636,6985.992551445962
5000.0,6800.2028419971475,7395.023023605348,6618.2840873003015,7165.562116861344,6994.768017441035
6500.0,6780.399225950242,7399.947889804841,6605.45488524437,7118.684962272645,6976.121740818025
6999.999999999999,6790.563478589059,7403.896544694901,6656.146372675897,7072.658376216889,6980.816193044187
6000.0,6791.093327403069,7369.232363939286,6646.462786316873,7012.273796558381,6954.765568554402
6000.0,6780.189270257951,7387.633244514466,6625.9702014923105,6974.139560699464,6941.983069241048
5000.0,6728.001228570939,7242.075261354447,6533.592176675797,6886.378907918931,6847.511893630029
8000.0,6713.401868581773,7149.579859733582,6602.487814545632,6773.783141851426,6809.813171178103
6000.0,6695.2125968933115,7090.636865615846,6517.9637031555185,6782.592601656915,6771.601441830398
8000.0,6631.89070403576,7059.140205383302,6509.260461091996,6795.8830449581155,6749.043603867293
6500.0,6630.480115890504,7088.26949119568,6536.1149513721475,6871.454695224763,6781.5798134207735
6000.0,6636.358875274659,7050.731231927873,6582.451924681664,6872.644995212556,6785.546756774188
6000.0,6699.168691158296,7061.283571958543,6573.569311022759,6894.715554118157,6807.184282064439
8000.0,6708.962214946748,7009.731183528901,6588.7324103117,6875.063618659974,6795.622356861831
6000.0,6740.470447540284,7027.161638975144,6524.548789858819,6939.359656333924,6807.885133177043
6800.0,6776.10588002205,7090.645131587983,6525.551865577699,6971.120001077653,6840.855719566346
6600.0,6755.210742354394,7062.273008823396,6512.565610051156,7001.843792915345,6832.973288536073
6999.999999999999,6757.562411427499,7121.506965160371,6555.39698457718,7067.7707068920145,6875.559267014266
8000.0,6760.65595149994,7150.609799861909,6551.256145834924,7125.882144212724,6897.101010352374
5000.0,6786.192019224168,7270.0233397483835,6539.264286756516,7262.0615553855905,6964.3853002786645
6000.0,6809.899240612985,7263.599026203156,6604.353857755662,7257.635127305985,6983.871812969447
5500.0,6804.419314384461,7250.056057453156,6640.514179468156,7262.636040449143,6989.406397938729
6600.0,6844.882901191712,7284.294540643693,6757.221853375436,7260.735693454743,7036.783747166396
7499.999999999999,6905.0959619283685,7376.87425518036,6718.032052874566,7309.981875658036,7077.496036410333
8000.0,6905.744427442552,7370.9177956581125,6623.1552246809015,7323.153702259065,7055.7427875101575
8000.0,6875.667861223222,7376.584946155549,6552.272033810616,7364.862144470216,7042.346746414901
8000.0,6870.970309257508,7422.497461795808,6521.905745267869,7426.99828362465,7060.592949986459
6000.0,6899.67885708809,7469.208470344544,6501.856216549874,7487.5597550869,7089.575824767352
6999.999999999999,6986.9733090400705,7584.743616104127,6550.004264354707,7548.86516404152,7167.646588385106
6600.0,6962.692015886308,7520.699690580369,6531.962540268899,7511.408737897874,7131.690746158362
6600.0,6994.398631811143,7570.636081457139,6520.830342292787,7556.250810146333,7160.52896642685
4600.0,6954.635172843934,7485.2676010131845,6566.543648004533,7523.734128952027,7132.54513770342
6000.0,7052.522468090058,7511.05908727646,6645.820520281793,7519.487899065019,7182.222493678332
8000.0,7051.715709209443,7547.324386835099,6727.6019821167,7512.885867118836,7209.88198632002
5000.0,7051.329688310624,7597.272350072862,6643.389084577561,7548.983367443086,7210.243622601033
6000.0,6965.366057872773,7505.826726913453,6699.067432999612,7460.519280433656,7157.694874554873
5000.0,7003.76728463173,7557.858541727067,6699.033542513848,7431.985144615174,7173.161128371955
5000.0,7003.806134700776,7523.067891597749,6739.952584385873,7318.103193283082,7146.23245099187
6000.0,7004.759201288224,7503.42463541031,6741.869463324548,7195.370038986207,7111.355834752322
6000.0,6971.499409198762,7449.342859506608,6713.365498304368,7067.659116268159,7050.466720819474
6999.999999999999,6863.150699615479,7308.293964147569,6691.438767313958,6905.69441831112,6942.144462347032
6500.0,6840.678001165391,7396.162074565888,6618.920567154885,6923.656789064408,6944.854357987643
6000.0,6775.120989441873,7394.285698890687,6684.687121272088,6852.64712882042,6926.685234606267
6000.0,6763.932996153832,7440.385852098466,6677.669310927392,6814.573234558106,6924.140348434449
6999.999999999999,6731.03401374817,7407.784857988358,6593.599001407624,6742.295574188233,6868.6783618330965
6500.0,6660.901786446572,7299.018716812135,6566.0224784612665,6657.804113388062,6795.936773777009
5500.0,6595.182348370553,7137.492528676988,6516.766377091409,6587.686764836312,6709.282004743815
5800.0,6545.572050094605,7021.261388063432,6528.007685899735,6523.897017955781,6654.684535503388
5500.0,6444.914414286614,6874.626348733903,6594.793434381486,6474.063125133515,6597.09933063388
5000.0,6436.458738088609,6883.417210102082,6610.85463154316,6480.1658923625955,6602.724118024112
6800.0,6428.602344870568,6852.566948890687,6631.653883934022,6439.7089183330545,6588.133024007083
6999.999999999999,6444.911107897759,6816.237174749375,6616.349436521531,6453.878447771073,6582.844041734935
6500.0,6443.332720518113,6759.75206744671,6578.035829067231,6507.080310940743,6572.050231993199
6000.0,6532.601086616517,6847.838812828065,6586.475386619569,6569.920297622682,6634.208895921708
8000.0,6621.570637822152,6846.793993949891,6531.897239089013,6586.71840620041,6646.7450692653665
8000.0,6577.34355390072,6725.83513057232,6450.756803393365,6648.187894701959,6600.530845642091
6000.0,6613.1633175611505,6803.973778486253,6430.493599295617,6787.3959580659875,6658.756663352252
6500.0,6650.044845342637,6850.154938220979,6411.352087616921,6856.819378256799,6692.092812359334
6000.0,6708.6191771030435,6945.077229261399,6432.355922818185,6917.854489922524,6750.976704776288
5500.0,6788.749511003495,7038.986112117768,6427.8848584890375,6969.378360748292,6806.249710589648
6600.0,6797.35728108883,7078.261052131654,6425.3972141742715,6998.844898223878,6824.965111404658
6999.999999999999,6810.750635743142,7137.159409999848,6439.050946950913,7056.83565235138,6860.949161261321
6000.0,6756.793676018716,7103.0225982666025,6411.681486606599,7094.823580503465,6841.580335348845
6999.999999999999,6763.09152019024,7115.432302236558,6480.924295306207,7082.940418958665,6860.597134172917
6999.999999999999,6759.2949591875085,7152.74655365944,6423.512572526933,7140.664182186128,6869.054566890002
6999.999999999999,6769.722069740296,7190.422028064729,6474.50783443451,7177.365098476411,6903.0042576789865
4600.0,6753.636487960816,7193.716017961503,6464.600653529168,7218.108075141908,6907.515308648349
6999.999999999999,6760.89773118496,7219.643892765046,6576.057368636132,7210.708376884461,6941.82684236765
6500.0,6791.885620832444,7281.15760421753,6688.656854391099,7218.167590141297,6994.966917395593
6000.0,6850.564930438996,7323.409947395326,6677.470100998879,7229.675476551057,7020.2801138460645
6000.0,6903.849866628648,7382.525700330735,6625.734207987786,7257.159833908082,7042.317402213813
6999.999999999999,6926.444074869157,7477.8993134498605,6611.80480504036,7262.727792739869,7069.718996524812
6000.0,6873.9886289834985,7460.476297378541,6464.781678318978,7244.143407583238,7010.847503066064
6999.999999999999,6825.309905767442,7426.7246799469,6419.938366174699,7196.327238559724,6967.075047612191
6500.0,6790.257224321366,7428.260497570039,6328.951091170312,7204.093119382859,6937.890483111144
6999.999999999999,6792.748588323594,7446.020765304566,6474.361940026284,7152.831693172456,6966.490746706725
8000.0,6769.333569049836,7326.91141319275,6444.235364675523,7098.214282274247,6909.673657298089
6600.0,6685.306242585183,7218.27422118187,6447.333864331246,7118.597342967988,6867.377917766572
6999.999999999999,6689.935186982156,7248.258208513261,6456.606218576432,7176.011132240296,6892.702686578036
8000.0,6707.447888851167,7242.18189239502,6490.092498302461,7169.8232254982,6902.386376261712
6999.999999999999,6710.405866980554,7309.958730936051,6366.355028390885,7268.188293933869,6913.72698006034
6999.999999999999,6759.15071797371,7375.333477973939,6439.765126943589,7315.760616779328,6972.502484917642
6000.0,6790.325831890107,7382.893536090852,6457.8018914461145,7374.747420549394,7001.442169994117
8000.0,6825.24543118477,7368.627294778825,6574.475261569024,7365.093591690064,7033.360394805671
8000.0,6838.3445172309885,7428.97137117386,6549.724047899247,7455.029021739961,7068.017239511014
6000.0,6810.346843004228,7401.620095968247,6493.566686391831,7520.80797481537,7056.585400044919
6600.0,6843.092904925347,7388.511090755464,6642.552154898644,7499.938048362733,7093.523549735547
6000.0,6905.0215681791315,7401.346492290498,6594.641340494157,7542.497059106828,7110.876615017653
6999.999999999999,7010.753684282304,7534.71299314499,6610.334288597108,7599.546319007874,7188.836821258069
5500.0,7005.181592464448,7554.273589611054,6595.4175152778635,7595.26123905182,7187.533484101296
6000.0,7062.296980142594,7576.175935983659,6639.6202145814905,7578.978927135468,7214.268014460803
5500.0,7083.528129577638,7608.200791835786,6740.225774765016,7573.21423816681,7251.292233586312
8000.0,7131.650966167451,7640.094218730927,6876.015445351602,7520.894767522813,7292.163849443198
6999.999999999999,7093.437376976014,7631.828246593476,6657.454049468041,7504.67610359192,7221.848944157363
6000.0,7022.204535484315,7667.6794209480295,6528.428423881532,7533.771498918534,7188.020969808103
6000.0,6990.058996438981,7639.492455959321,6600.580028176309,7452.547576904298,7170.669764369727
5500.0,7023.87426185608,7674.955129623414,6597.432759284974,7418.0553283691415,7178.579369783402
5000.0,7029.2950863838205,7654.802689552308,6575.517600655557,7351.778763771058,7152.848535090686
6000.0,7011.175248861314,7537.137402772904,6683.233550071717,7194.660818576814,7106.551755070687
5500.0,6998.419200658799,7517.5974712371835,6604.912224173547,7109.572554588319,7057.625362664462
6600.0,6937.444430589677,7517.451990127564,6559.232395648957,7043.073635339738,7014.300612926484
6800.0,6839.344286561013,7389.836952686311,6588.635698437692,6926.3705077171335,6936.046861350537
6500.0,6822.452772498132,7360.599382638932,6509.273273348809,6902.580213308335,6898.726410448552
6000.0,6792.4162962436685,7276.074031352998,6622.0719690322885,6842.116280317307,6883.169644236566
6600.0,6845.621465802194,7324.702745437623,6605.370572328568,6850.73892915249,6906.608428180219
5000.0,6791.356598615647,7170.8151421546945,6519.883061885835,6795.114722847939,6819.292381376029
6000.0,6732.428483247758,7025.052989482881,6529.038452625276,6697.319179892541,6745.959776312114
6000.0,6739.478117585183,7046.7263684272775,6602.260913610459,6685.900979280473,6768.591594725848
6999.999999999999,6709.8094770908365,6990.635134696961,6595.9729886055,6649.269497156144,6736.4217743873605
6999.999999999999,6691.531346201898,6986.007843494416,6561.605556249619,6643.0675382614145,6720.553071051837
5000.0,6654.988723278047,6956.437154769898,6431.359459877015,6686.871817708016,6682.414288908244
5500.0,6653.793877005578,7028.117185354234,6546.730526089669,6701.984907865525,6732.6566240787515
6000.0,6674.178590893746,7030.668064355851,6733.469169139863,6694.442208290101,6783.18950816989
8000.0,6717.873759508134,7086.110419273377,6739.895962476731,6717.607181906701,6815.371830791236
6000.0,6660.733987212182,6950.611297607423,6513.188451051713,6731.099728226663,6713.908366024495
6600.0,6633.7794786691675,6895.656221747399,6529.363718628884,6735.650972485543,6698.612597882749
6000.0,6689.633065700532,6907.004988193513,6619.17763888836,6767.951085209847,6745.941694498063
6600.0,6746.757959246636,6926.227506399156,6543.853141188622,6773.533509492875,6747.593029081822
6000.0,6745.500291585923,6970.404994487763,6478.724720120431,6823.285982489587,6754.478997170926
6999.999999999999,6756.24605536461,7061.092628002168,6480.043142676354,6854.04531800747,6787.85678601265
6000.0,6714.2003614902505,7107.438280582429,6387.107164740563,6915.644582271577,6781.097597271205
6999.999999999999,6707.483845829965,7172.126125335694,6410.937549114228,6960.9933586120615,6812.885219722987
5000.0,6687.845962524415,7150.199807643891,6452.089691400529,6999.061466693879,6822.299232065679
8000.0,6708.83243918419,7110.741363048554,6594.095786333085,6958.691285371781,6843.090218484403
6000.0,6736.115106821061,7087.9520778656015,6500.65682399273,6998.977153778077,6830.925290614367
6000.0,6793.572705745698,7105.98181629181,6540.031368970872,7012.898704051972,6863.121148765088
6999.999999999999,6802.160224199296,7086.031892538072,6616.958225369454,6975.731586933137,6870.22048225999
6500.0,6850.92656672001,7166.170492410661,6550.057166576386,6996.74203491211,6890.974065154792
6000.0,6840.442007660867,7193.298586368562,6508.933128595353,6989.686201095582,6883.089980930091
4600.0,6859.147902607919,7229.993716478349,6428.448597788812,7010.306495189668,6881.974178016187
6999.999999999999,6814.557529211045,7232.135429859162,6434.705938696862,6972.458261966706,6863.464289933444
8000.0,6727.705306768418,7169.970359802247,6518.4662742614755,6924.132495760919,6835.068609148265
6000.0,6691.084983706475,7251.84233403206,6466.027360320092,6999.438395023347,6852.0982682704935
6000.0,6723.208204627038,7299.718844652177,6486.083915114404,7010.635480880738,6879.911611318589
6999.999999999999,6734.074651598931,7330.020245313645,6463.7009024620065,7007.491105079652,6883.821726113559
6000.0,6663.074083924294,7236.532100439073,6404.740963101388,6977.52447628975,6820.467905938626
6999.999999999999,6702.426310777665,7246.264456033708,6560.322677373887,6964.14269399643,6868.2890345454225
5000.0,6700.266825556756,7224.615048408509,6429.254530072213,6982.3584167957315,6834.123705208302
5500.0,6737.215721011163,7267.71382713318,6597.03020644188,6956.976922750474,6889.734169334174
5000.0,6741.148670554162,7249.373288154603,6543.861820459367,6899.375495910645,6858.439818769694
4600.0,6753.234761714936,7278.8249468803415,6727.116356253625,6872.274679660798,6907.862686127425
6500.0,6744.705931663514,7222.646093845368,6752.350302696229,6770.55279994011,6872.563782036305
3499.9999999999995,6757.620686531068,7195.566769123078,6823.495524883271,6724.698972702027,6875.345488309861
5500.0,6819.25094819069,7108.340924739839,6910.296498298646,6583.222726583482,6855.277774453164
6600.0,6829.017607569695,7142.75051355362,6805.379820346833,6503.244899868966,6820.098210334779
6600.0,6697.100544929505,6953.600273132325,6544.016807436944,6406.1044352054605,6650.205515176059
5000.0,6602.27661895752,6943.619938373567,6452.7460095882425,6423.643174886704,6605.5714354515085
8000.0,6588.660909652711,6934.843129158021,6526.621482372285,6374.261430740357,6606.0967379808435
6000.0,6532.477097034455,6900.12026000023,6380.050091028214,6429.849266767503,6560.624178707601
5500.0,6519.5883799791345,6873.384386420251,6485.165152311326,6420.197504401208,6574.58385577798
6999.999999999999,6510.84050166607,6889.221162438394,6456.667386770249,6422.210681915284,6569.734933197499
5000.0,6501.306116104127,6996.766006231309,6448.932916641236,6492.53343987465,6609.8846197128305
6500.0,6520.133520841599,6960.424659729005,6509.869249939919,6471.310969710351,6615.434600055219
6000.0,6485.786753416062,6802.2085801363,6644.016471862794,6461.163249015809,6598.293763607741
6000.0,6494.3866708278665,6806.3452858924875,6546.917750358582,6481.753372311593,6582.350769847632
6999.999999999999,6480.727151870728,6814.538104176522,6477.547232389451,6524.333461284638,6574.286487430335
8000.0,6432.610101461411,6753.276918172837,6353.872997164727,6577.381990671159,6529.285501867534
6000.0,6379.156952738763,6771.226063370706,6360.070409774781,6690.097613334657,6550.137759804727
5000.0,6472.523174524308,6766.251188039781,6384.189276576043,6738.163828015328,6590.281866788865
6999.999999999999,6572.351733326913,6874.482107520104,6334.337611913682,6784.867810487748,6641.509815812112
6000.0,6641.325484633447,6941.781586170197,6306.497817754746,6822.226698160172,6677.957896679641
4000.0,6719.766253829003,7012.4506883621225,6359.081799507142,6871.577444911004,6740.719046652318
6000.0,6779.774318456651,7106.732366561891,6410.493666410447,6869.003007888795,6791.500839829446
5500.0,6806.599877834321,7043.9374294281015,6492.514428138734,6795.700366973878,6784.6880255937585
6600.0,6890.478003501893,7174.389348506928,6522.032214641572,6813.551560401917,6850.112781763078
5000.0,6865.278360843659,7198.772313117982,6513.456681847573,6830.550532102586,6852.01447197795
6500.0,6814.511653065682,7148.872292518617,6548.707333326341,6754.970615863801,6816.76547369361
6500.0,6789.534778356553,7052.881211280824,6572.946883320809,6647.448090195657,6765.702740788461
8000.0,6780.821203827859,7092.881903648377,6614.977698445321,6634.938781261445,6780.904896795751
6999.999999999999,6707.491285204888,6912.528310775758,6584.561814069749,6629.341891527177,6708.480825394393
5500.0,6676.659622430802,6923.6526560783395,6579.041797876359,6691.947951197625,6717.8255068957815
6500.0,6652.266738653184,6959.173191547395,6532.4729640483865,6716.844645977021,6715.189385056497
6500.0,6637.709535121919,6893.893916487695,6516.89573955536,6712.216528177262,6690.178929835559
8000.0,6654.180724501611,6962.0795073509225,6539.603604912759,6751.299697637559,6726.790883600713
6600.0,6682.61732184887,6949.2986612319955,6589.40236735344,6829.425533294679,6762.685970932246
5800.0,6653.149131178857,7001.759479999543,6505.470926165582,6917.630068778993,6769.502401530744
6600.0,6677.120037078858,7018.374910593034,6498.375415682794,6929.46198129654,6780.8330861628065
6999.999999999999,6691.543331861497,6978.636249542237,6477.932013392449,6926.258917093278,6768.592627972365
6999.999999999999,6689.526021361352,6901.487038493157,6484.673326969148,6960.011361122132,6758.924436986447
6000.0,6680.940982699395,6942.756970882417,6497.242150902749,7034.786998271943,6788.931775689126
6600.0,6733.599771499635,7027.486491680146,6494.629277110101,7076.9550285339365,6833.1676422059545
4600.0,6689.454107403756,7030.987130880357,6498.429144501687,7111.553081512452,6832.605866074563
6000.0,6712.3715151548395,7062.325911045075,6574.764983892442,7106.468682050706,6863.982773035766
8000.0,6853.130274891854,7178.706665754319,6603.302426099778,7129.377823829652,6941.129297643901
6000.0,6851.368796229363,7215.521652460099,6636.572550654412,7215.606791973115,6979.767447829247
4000.0,6847.192827105523,7278.036373138429,6610.267747521401,7266.180489301682,7000.419359266759
5000.0,6861.149921059609,7262.378142118455,6603.592561721803,7176.877406120301,6975.999507755042
6000.0,6868.268162965775,7350.064401149751,6638.463391780854,7117.649235963822,6993.611297965051
6000.0,6849.075815558434,7373.918343544007,6622.031465768815,7083.315694093705,6982.0853297412405
5000.0,6803.491872310639,7366.639328479768,6605.2341837883005,7022.544266939164,6949.477412879468
6000.0,6738.98422574997,7232.06434249878,6594.936022400857,6870.635950684548,6859.155135333539
6999.999999999999,6684.150246381761,7163.754348754884,6559.25182068348,6765.509317040444,6793.166433215142
6999.999999999999,6630.45283818245,7179.537395954133,6540.491783618928,6706.223285079003,6764.176325708629
5500.0,6577.22328400612,7128.461954116822,6554.630728960038,6646.653316974641,6726.742321014405
6000.0,6559.440284848214,7105.244491577149,6637.324340820313,6590.295918941499,6723.076259046794
6999.999999999999,6513.421964764596,6960.350265979768,6552.55307686329,6536.870461225511,6640.798942208291
8000.0,6503.158933758737,6896.896944165231,6562.556143045426,6533.499184489251,6624.027801364661
8000.0,6508.425184607507,6933.892542362214,6557.661447644235,6621.583450078965,6655.39065617323
6999.999999999999,6514.081176042558,6912.1658478975305,6500.5225019454965,6732.7442433834085,6664.878442317248
5500.0,6543.423723936082,6878.266682863236,6478.260172486306,6811.55574142933,6677.876580178739
6999.999999999999,6571.1787918806085,6858.436615705491,6484.292265653611,6800.733104109765,6678.660194337369
6000.0,6599.345091938973,6923.915927290917,6513.011145949365,6897.560701727868,6733.458216726781
6000.0,6583.014837384225,6922.901279211045,6520.762974619866,6893.597994685174,6730.069271475078
6999.999999999999,6676.1723433733,7031.0334203243265,6572.736101031304,6940.452417850495,6805.098570644856
6999.999999999999,6709.829728722573,7055.077480077744,6636.920961380006,6962.497765541078,6841.08148393035
6600.0,6633.889002799989,6964.61054801941,6630.881842136384,6995.549255132676,6806.232662022115
6999.999999999999,6666.509835243226,6991.577455520631,6629.399340033532,7051.151143312455,6834.659443527461
6000.0,6790.28450202942,7137.339608192445,6629.335278749467,7188.149712324143,6936.277275323869
5000.0,6848.513729453088,7231.156738758088,6591.427943825723,7246.53640651703,6979.408704638482
6000.0,6909.396747231484,7237.496739387513,6639.6946083307275,7192.880328178407,6994.867105782033
6999.999999999999,6935.316769361497,7258.489002227784,6678.726115465165,7154.328660726548,7006.715136945249
6000.0,6949.024230957032,7354.65284228325,6694.3459097147,7204.24108028412,7050.566015809775
5800.0,6901.397352695466,7397.9648830890665,6616.640812039376,7214.154460668565,7032.539377123118
5500.0,6877.259887456895,7393.887279033662,6626.875325441361,7177.404775142671,7018.856816768647
5000.0,6847.563142657281,7364.464551210404,6607.994191884995,7113.762575864793,6983.446115404368
6600.0,6823.012378811837,7444.3824496269235,6670.900306344033,7078.069281578065,7004.091104090215
6999.999999999999,6801.554328441621,7476.477566242219,6627.324994325639,7051.565268516541,6989.230539381505
6999.999999999999,6770.736717820168,7433.623460292817,6628.302858829499,6974.452014446259,6951.778762847186
5500.0,6726.579894661904,7278.148790359498,6607.42797279358,6871.706394076348,6870.965762972833
5500.0,6675.748299002648,7082.705665349961,6598.252743721009,6745.86812734604,6775.643708854915
6000.0,6645.985426425935,6999.430955648423,6532.56760942936,6692.101698279382,6717.521422445775
6000.0,6628.988107919694,7036.318682909013,6598.0117906332025,6649.919202566148,6728.309446007014
6999.999999999999,6597.0128479003915,6959.955152511598,6584.909398198129,6592.0900481939325,6683.491861701013
6999.999999999999,6547.61457180977,6972.338405370713,6575.354347705842,6611.751902818681,6676.764806926251
6600.0,6530.707352399827,6967.535875558854,6585.052812814713,6610.74634730816,6673.510597020389
8000.0,6517.65166270733,6936.570717334748,6568.946979403497,6627.878814458848,6662.762043476106
6000.0,6537.642916321755,6865.741255283357,6550.714311361314,6687.23345398903,6660.332984238864
8000.0,6550.920134067536,6862.506367087365,6551.004033684731,6742.419977068902,6676.712627977134
6000.0,6563.83488893509,6840.044414401055,6538.964231967927,6838.176717996598,6695.255063325168
5500.0,6591.38330757618,6880.731595754624,6555.283740758897,6856.277130484582,6720.918943643571
4000.0,6642.023959279061,6988.602532148362,6571.998776316644,6902.534337162972,6776.28990122676
5000.0,6651.261183142663,7029.694332838059,6647.696895956994,6860.017482876779,6797.167473703624
6000.0,6619.9963834285745,6995.357484579087,6671.09496998787,6791.788082361222,6769.5592300891885
6000.0,6692.155427098275,7006.9893605709085,6711.513920545579,6770.29118192196,6795.237472534181
6000.0,6715.425791859628,7014.074125289918,6702.8011726140985,6745.302734851838,6794.4009561538705
6999.999999999999,6738.475868463517,7043.214983463288,6619.191691040994,6762.87743151188,6790.93999361992
6999.999999999999,6731.339028120042,7128.100731134416,6570.035194635392,6834.3132026195535,6815.947039127351
8000.0,6718.461470127107,7088.447209596635,6560.683900356294,6825.950931906701,6798.385877996684
6500.0,6697.030284166337,7064.874310255052,6526.971546292306,6871.048835992814,6789.981244176627
6000.0,6665.98990559578,7047.650504112245,6511.644367456437,6887.283618569375,6778.142098933459
6000.0,6717.052948474885,7107.179555654527,6577.088548660279,6915.251535296441,6829.143147021533
5000.0,6759.883496403695,7167.689778089524,6621.885158061982,6949.363135814668,6874.705392092467
5000.0,6799.383270859719,7232.0114402771005,6670.574213743211,6950.088888168336,6913.014453262092
6600.0,6819.259214162827,7284.32264494896,6732.895510673524,6921.629972696305,6939.526835620404
8000.0,6793.096999049188,7244.667470216752,6662.847182989121,6915.434626579286,6904.011569708587
6000.0,6792.490689992906,7219.653811931611,6649.775787949563,6954.839342355729,6904.189908057452
6999.999999999999,6744.281060695649,7196.838902235032,6540.958811044694,6973.579127788545,6863.91447544098
6500.0,6694.960071444512,7043.023212909699,6504.063231110574,6924.370555758477,6791.604267805816
5500.0,6741.475176453591,7026.111033916474,6580.557363867761,6887.584913253785,6808.932121872903
6600.0,6721.671560406686,6896.893224477769,6603.606613874436,6835.165424346925,6764.334205776454
6600.0,6752.783439636231,6937.818879127503,6572.452991485597,6903.999067425729,6791.763594418765
6000.0,6767.846107363702,6981.198700904847,6541.173313021661,6962.96396636963,6813.29552191496
5500.0,6824.022067308427,7122.139312028886,6545.284807562829,7051.86284351349,6885.827257603408
6600.0,6848.354196190835,7199.828704357148,6591.900757431985,7061.641488552094,6925.431286633016
6000.0,6847.666054010392,7236.565990924836,6589.634641170503,7067.330130577088,6935.299204170705
6000.0,6828.457587957383,7265.916804790498,6589.483373880387,7057.361368179322,6935.304783701898
6999.999999999999,6832.753826975823,7281.82632136345,6618.157204627992,7013.36159849167,6936.524737864734
6999.999999999999,6806.820992588998,7235.726168155671,6586.578711271287,6989.812670469285,6904.73463562131
6000.0,6773.318594217301,7205.465270757676,6564.451117157937,7008.65826034546,6887.973310619594
8000.0,6684.777633666993,7085.291261434556,6556.491812586785,6966.004190921784,6823.14122465253
6000.0,6674.376147627831,7065.73479795456,6517.589667916299,7017.854154348374,6818.888691961766
6000.0,6686.786264896394,7123.444509029389,6540.892683267594,7062.796244859696,6853.479925513268
5000.0,6701.457952141763,7135.296259880067,6604.4232919216165,7051.023020744325,6873.050131171943
6000.0,6732.991809248925,7224.557186603547,6662.8500760793695,7060.105670928956,6920.126185715199
8000.0,6741.942617177964,7329.923533439637,6722.8626869916925,7075.535761117936,6967.5661496818075
5500.0,6750.099891781808,7309.50823545456,6684.288288116456,7106.02149295807,6962.4794770777235
6999.999999999999,6677.449022769929,7200.08742928505,6656.8018642663965,7057.789545536042,6898.0319654643545
8000.0,6722.872192859651,7181.855174541474,6661.678787827493,7029.39427804947,6898.950108319522
4000.0,6735.8315839767465,7155.237091064454,6602.387382984162,7095.0996639728555,6897.138930499555
5500.0,6787.589795112611,7193.440761089326,6691.117220997811,7062.255650281907,6933.600856870414
6000.0,6870.406983256341,7227.146089076997,6733.999017953874,7007.352236747743,6959.7260817587385
5000.0,6893.898049473763,7184.440770626069,6652.0084270238885,6969.2824754714975,6924.907430648805
5000.0,6909.967512607575,7152.828386783601,6680.963714122773,6899.252332925797,6910.752986609937
8000.0,6914.609269261361,7129.556368827821,6743.529270529748,6800.774020671845,6897.117232322694
6999.999999999999,6896.406358718873,7166.36226296425,6664.683055400849,6831.338279247285,6889.697489082814
6000.0,6852.72772204876,7138.338137626649,6638.677480459214,6823.153313636781,6863.224163442851
6000.0,6835.575416564942,7155.8743975162515,6631.174870848657,6821.894819378854,6861.129876077176
6999.999999999999,6832.463278055192,7171.740104436875,6649.586910486222,6802.820675373078,6864.152742087842
6999.999999999999,6807.439287304879,7107.909440994264,6609.567619681359,6758.673771381379,6820.89752984047
6999.999999999999,6787.090530395509,7064.52961921692,6587.92895781994,6744.395131111146,6795.9860596358785
6000.0,6785.380714058877,7087.337916135789,6542.2185451984415,6809.311943292619,6806.0622796714315
6600.0,6726.164529561997,6957.110004901887,6503.356077194215,6793.586757898332,6745.054342389108
8000.0,6734.831401348115,6971.9060950279245,6527.828314304353,6819.3596457242975,6763.481364101172
6999.999999999999,6769.884909391404,6999.530973911286,6518.258385062219,6904.008573293687,6797.920710414649
6999.999999999999,6802.244537115098,7106.373623371125,6522.493455886842,7013.910459041596,6861.255518853665
6999.999999999999,6822.228764653207,7160.295866012574,6506.436805009843,7088.405053138734,6894.341622203589
6000.0,6771.014454483987,7083.581031799317,6497.365727186204,7129.4274196624765,6870.347158282996
6999.999999999999,6821.7303265333185,7156.160400152207,6527.944451212884,7162.358226060868,6917.0483509898195
6600.0,6784.800029516221,7141.704868078233,6527.348061323167,7157.873109579087,6902.931517124177
6000.0,6682.158560395242,7055.832163333894,6498.654392242433,7169.308255434037,6851.488342851401
4000.0,6784.46319115162,7194.627754688264,6570.768386363984,7257.201990365983,6951.765330642463
6600.0,6874.617669463159,7254.295674562455,6730.730652570725,7227.885893583299,7021.882472544909
5500.0,6929.195816993714,7265.39191555977,6714.272688746453,7208.67742753029,7029.384462207557
5000.0,6904.513624191285,7359.267734527589,6688.93293786049,7216.669795989991,7042.346023142339
6999.999999999999,6907.238501906396,7461.238420009614,6684.449474573136,7197.1422634124765,7062.517164975406
6000.0,6824.396515846253,7370.864066839219,6635.470283269883,7134.810220718385,6991.385271668435
6999.999999999999,6777.082917928697,7320.792114019395,6675.466842651368,7038.284331083299,6952.9065514206895
6600.0,6760.957659482957,7321.184747695924,6649.893164753915,6991.437760591508,6930.868333131076
6999.999999999999,6728.785256028176,7349.998273372651,6564.135357022286,7011.931585311891,6913.712617933751
5000.0,6697.820511102677,7339.755907297135,6566.656065225602,6986.563316822053,6897.698950111867
6000.0,6719.979102611543,7342.053847551347,6624.652192234994,6935.4217472076425,6905.526722401381
6000.0,6726.270334005357,7291.675227165223,6697.024911284448,6853.63697898388,6892.151862859727
5000.0,6747.304753303529,7313.879281520844,6730.577318787576,6797.537892580033,6897.3248115479955
5500.0,6762.786092519761,7283.518365859986,6752.166384816171,6711.76355290413,6877.558599025012
6999.999999999999,6721.011109232903,7112.607819557191,6718.485028147698,6590.203753352166,6785.57692757249
6999.999999999999,6668.8400127887735,7020.238060712815,6645.16668188572,6527.834100484849,6715.5197139680395
5500.0,6609.793280720712,6930.688651561738,6520.393485665322,6542.132579088212,6650.751999258996
6999.999999999999,6539.665186405183,6844.653933763505,6574.2111637592325,6504.158703088761,6615.67224675417
6000.0,6554.577000141145,6869.811419963838,6536.92873632908,6567.707083582879,6632.256060004235
8000.0,6516.015000224114,6826.706028461457,6588.44434118271,6567.8612439632425,6624.756653457881
8000.0,6534.1757543087015,6790.011724948884,6502.1537915468225,6651.584795951844,6619.481516689063
6600.0,6547.023554801942,6791.791388750077,6476.083742022515,6750.73389184475,6641.408144354821
6999.999999999999,6655.982293128968,6940.398689031602,6536.216622829438,6855.1661838293085,6746.940947204829
8000.0,6703.798462152482,6945.388856410981,6477.320331454278,6937.551888227464,6766.014884561301
6000.0,6712.843088865281,7013.996425151826,6436.924938917161,7042.665296316148,6801.607437312604
6999.999999999999,6748.844703912736,7133.671996355058,6517.178022503854,7093.46300148964,6873.289431065322
6000.0,6744.357107639314,7105.563558101655,6545.813416481019,7106.44967031479,6875.545938134194
5500.0,6785.740283846856,7167.902213573457,6595.094315767289,7161.452275514604,6927.547272175551
6000.0,6766.877748727799,7185.294645547868,6644.4814327955255,7186.960238933564,6945.903516501189
6000.0,6756.786649942399,7172.59976553917,6658.236837029458,7186.687461853028,6943.577678591014
6999.999999999999,6730.2925560474405,7164.066802501679,6659.14444077015,7194.689749479295,6937.048387199641
6000.0,6769.002103567124,7256.969716548921,6665.801441431046,7248.967428922654,6985.185172617436
5500.0,6765.210915446282,7292.877926111222,6688.134444952012,7257.988910913468,7001.053049355746
8000.0,6792.081524372102,7329.497835874558,6692.6439460515985,7254.389080047608,7017.153096586467
6000.0,6854.085821270944,7429.26729297638,6633.705498218537,7329.88881635666,7061.73685720563
8000.0,6839.629049301148,7492.735906839372,6638.797750353814,7348.267378807069,7079.857521325351
6999.999999999999,6815.474638819695,7499.441263437272,6567.736841082574,7377.411543369294,7065.016071677209
6000.0,6792.9320929050455,7479.3491649627695,6544.320581912995,7347.678841590882,7041.070170342923
6000.0,6878.427042722703,7552.269917964936,6585.833533883096,7362.048407554627,7094.644725531341
6000.0,6917.560634613038,7517.585898876191,6592.536410689355,7312.159959316255,7084.96072587371
5500.0,6932.664218902589,7558.9851937294015,6569.275965094567,7295.389955043794,7089.078833192588
8000.0,6915.124652624131,7436.169379711152,6619.550020933152,7188.733289957047,7039.894335806371
6600.0,6873.441834926606,7322.286601781846,6556.505451440812,7188.706012248994,6985.2349750995645
6999.999999999999,6841.537248969079,7310.222415447236,6572.765031933785,7210.04379272461,6983.642122268678
6999.999999999999,6827.830200672151,7259.6875681877145,6587.934330701829,7190.529485702516,6966.495396316052
6000.0,6818.073873758317,7166.287042617799,6484.818808078767,7206.4075915813455,6918.896829009057
5500.0,6843.823203563691,7228.7587802410135,6489.858571290971,7258.013708829881,6955.113565981389
5000.0,6865.280840635301,7218.250249862672,6592.439698815347,7237.338032722474,6978.327205508948
8000.0,6908.390778422357,7257.133382797242,6668.485402584077,7216.454880714417,7012.616111129523
6000.0,6947.810786247254,7321.102914571763,6577.82587337494,7266.9715428352365,7028.427779257298
8000.0,6922.299929738046,7358.778388977052,6610.421081304551,7254.347750186921,7036.461787551642
5500.0,6863.852480649949,7387.477017641068,6521.062202811242,7309.326384067536,7020.429521292449
5000.0,6835.835381388665,7369.423307895661,6501.361084818841,7288.062170743943,6998.670486211778
6000.0,6845.704952120782,7424.592059135438,6517.019729137422,7265.253873825074,7013.142653554679
6000.0,6881.811131715775,7484.78321504593,6662.773202538491,7216.241618633271,7061.402291983367
6600.0,6860.161724090577,7393.230960845948,6646.731843709947,7137.599159717561,7009.430922091008
6000.0,6850.028882145883,7424.39615559578,6608.192988514901,7147.481956005097,7007.524995565415
6999.999999999999,6797.0960763692865,7299.291493892671,6583.154532313348,7077.088937282563,6939.157759964467
6999.999999999999,6764.731902360917,7253.2144854068765,6588.360854864121,7046.015494823457,6913.080684363843
6000.0,6778.277764201165,7270.793728351594,6550.520887613297,7062.063053131104,6915.41385832429
6000.0,6781.743273019792,7311.958269596101,6581.497204899789,7074.142944812776,6937.335423082114
5500.0,6809.3871636390695,7343.528496980668,6655.70579636097,7069.489202499391,6969.527664870025
6999.999999999999,6861.881459593774,7399.799102306367,6736.809035182,7037.171731233598,7008.915332078935
6000.0,6821.018626332284,7259.351969718934,6642.753431320191,6954.728578329087,6919.463151425124
6999.999999999999,6826.547321796418,7226.1740107536325,6591.974324584008,6925.227737069131,6892.480848550797
8000.0,6759.047393321992,7169.841410636903,6513.785667538644,6945.983179807664,6847.164412826301
6500.0,6670.84781742096,7112.730155944825,6455.425424456597,6976.841706991197,6803.961276203395
6000.0,6663.176168680192,7108.719506263734,6488.871200919152,6994.632558822633,6813.849858671428
8000.0,6731.179494857789,7163.903136253358,6489.362199664117,7015.263598680497,6849.92710736394
6000.0,6767.229879140855,7255.820746421815,6443.710475444795,7102.868024587632,6892.407281398774
6000.0,6729.347342133523,7149.118618488313,6504.3298087120065,7083.109044790269,6866.476203531028
6600.0,6807.076824426652,7186.45601463318,6609.209289789201,7086.303843021394,6922.2614929676065
6000.0,6767.783285975457,7065.061121225358,6546.611909389497,7056.048731803895,6858.876262098552
6999.999999999999,6792.323717355729,7109.425420284272,6627.814339876176,7040.245846271516,6892.452330946923
6000.0,6833.0257774591455,7201.5075232982645,6611.69114792347,7071.944196224214,6929.5421612262735
6000.0,6855.679500699044,7249.715499401093,6560.452866435052,7108.407052516938,6943.563729763032
6999.999999999999,6867.8486648798,7269.518288850785,6599.942308425904,7078.864468097688,6954.043432563544
6999.999999999999,6846.171566247941,7238.0274147987375,6560.523953795434,7032.655204057694,6919.344534724952
5000.0,6836.223055481912,7250.689230918885,6518.614235162736,7035.776435136796,6910.325739175082
6999.999999999999,6813.22216141224,7206.725831508637,6619.553740620614,6965.900866270066,6901.350649952889
6000.0,6767.840734481812,7173.907442331315,6537.566042780877,6974.410684585572,6863.431226044894
6000.0,6734.43298149109,7203.6575026512155,6602.730834126473,6955.826299428941,6874.16190442443
6999.999999999999,6712.871193170548,7222.873408079148,6614.844202995301,6916.02605688572,6866.6537152826795
8000.0,6708.088501691819,7295.639587402345,6500.257164239884,6978.533751487733,6870.629751205445
6999.999999999999,6645.011694908143,7280.207017421723,6466.691531181336,7036.579887628556,6857.12253278494
5000.0,6643.322956800462,7321.515386581422,6530.37134063244,7068.783288478852,6890.998243123294
8000.0,6760.460874557496,7301.806829214097,6552.529518842698,7032.0030188560495,6911.700060367585
6000.0,6691.572676062585,7201.167791843415,6534.790742635728,7029.767073392869,6864.324570983649
6500.0,6694.143393397332,7206.877098798753,6549.9951717853555,7046.13535141945,6874.2877538502225
6000.0,6753.229388833047,7265.18443965912,6619.7045946121225,7049.535972356797,6921.9135988652715
6600.0,6735.0045734643945,7161.353910446168,6573.680075049401,7033.046184539796,6875.77118587494
6000.0,6757.710785627366,7184.861508607865,6581.90017104149,7076.53429055214,6900.251688957215
6000.0,6779.255628705026,7223.0412073135385,6615.877449512483,7096.260206460954,6928.608622998
8000.0,6782.110695481301,7209.465174674989,6650.226283431054,7063.245913743974,6926.262016832829
6999.999999999999,6813.524282693864,7258.789883613587,6478.409373283387,7140.867525100709,6922.897766172887
6000.0,6774.696531772614,7262.466588020326,6448.583679318429,7165.7431416511545,6912.872485190631
6600.0,6808.847808957101,7285.5509684085855,6546.012213110925,7171.089572429658,6952.875140726567
6000.0,6822.851192355157,7334.76656651497,6549.662466406823,7227.392415046693,6983.668160080911
5500.0,6834.88190150261,7344.194734334947,6570.467504978181,7216.203595161439,6991.436933994294
5500.0,6821.099219560624,7336.009768724442,6587.0606174469,7192.632349014283,6984.2004886865625
6999.999999999999,6867.551089882852,7443.088824987412,6637.96578025818,7211.129114866258,7039.933702498675
5500.0,6826.884160161019,7378.041410446168,6615.155003547669,7133.745563507081,6988.456534415484
6000.0,6843.492151379586,7412.993247032166,6591.510603547097,7111.906865119935,6989.975716769696
6999.999999999999,6838.782613754273,7454.118938207627,6591.577144622804,7080.43417620659,6991.2282181978235
6000.0,6785.54024732113,7402.2292981147775,6563.003745436669,7019.858652591706,6942.657985866071
6999.999999999999,6738.061743259431,7230.681445360185,6608.219026327134,6918.760027170182,6873.930560529233
6000.0,6718.06594336033,7154.1360635757455,6549.567821025849,6870.286713361741,6823.014135330916
6999.999999999999,6740.357617020608,7250.536310434342,6512.303992033006,6872.227150321008,6843.856267452241
6000.0,6638.855612158776,7133.896830797196,6446.618857741357,6856.796646833421,6769.0419868826875
6000.0,6629.945720791818,7156.504264593125,6525.391919016839,6880.545611381532,6798.096878945828
6999.999999999999,6653.099535346032,7170.580388545991,6521.696616172791,6867.360559225083,6803.184274822474
8000.0,6622.10751271248,7176.823677301408,6465.639272928239,6870.022202253343,6783.648166298867
6999.999999999999,6604.153407931329,7153.424363374711,6401.997900247575,6918.245057106019,6769.455182164908
6000.0,6637.188778877259,7188.750648498536,6419.8127233982095,6992.246999263764,6809.499787509442
6999.999999999999,6693.419707536698,7211.7631149292,6526.235461473466,6984.0967507362375,6853.8787586689
6000.0,6653.821154713632,7071.336647272111,6489.904034137727,6940.917792081834,6788.994907051326
6000.0,6678.214451789857,7049.586394786836,6423.931657314301,6976.291193246842,6782.005924284459
5500.0,6691.043240547181,7092.957123994828,6474.4970886707315,7003.701983451844,6815.549859166146
9000.0,6674.766301512719,7066.12329864502,6595.622924685479,6991.230284690858,6831.935702383519
5500.0,6675.816079974175,7117.4897027015695,6450.953946828843,7097.019022703172,6835.31968805194
5000.0,6735.855555295945,7170.7696793079385,6605.150284171105,7102.97796201706,6903.688370198012
6600.0,6820.375946998597,7223.674380779267,6663.080696702004,7079.852251768113,6946.7458190619955
6000.0,6798.58767104149,7227.6949496269235,6559.758111476899,7085.698773860932,6917.934876501561
6000.0,6783.970539212228,7281.64529657364,6578.4788851737985,7088.060362100602,6933.038770765067
5000.0,6789.245056033135,7325.698795080186,6649.45506823063,7066.649014472962,6957.761983454228
6600.0,6783.569639563561,7310.96056675911,6716.763639450074,7001.668554306031,6953.240600019694
8000.0,6788.207263231278,7337.386879682542,6770.908650040627,7003.521785259248,6975.006144553424
5500.0,6743.667312264443,7326.671700000764,6611.513429522515,7029.552984714509,6927.851356625558
5000.0,6799.964368700982,7377.328057050706,6711.699904918672,7023.251007556916,6978.060834556819
6999.999999999999,6847.873529911042,7310.735732316972,6749.0860702991495,6925.809661507607,6958.376248508693
6000.0,6876.050989031793,7306.632503747941,6656.489823818208,6885.489076018334,6931.165598154069
6000.0,6927.710835099221,7352.193715572358,6576.7244325876245,6905.001316547395,6940.40757495165
6999.999999999999,6893.044174551965,7313.952022075654,6489.364679455758,6886.376014828683,6895.684222728015
6999.999999999999,6785.987849712373,7167.585626840592,6462.682947993279,6841.6459465026865,6814.475592762233
6000.0,6712.897230982781,7112.807856082917,6472.620299696923,6870.5185738801965,6792.210990160705
6000.0,6724.733689785005,7141.307274818421,6514.574241280557,6879.085014104844,6814.925054997207
5000.0,6709.694580078126,7096.06512951851,6542.254502177239,6838.506943583489,6796.630288839341
5500.0,6751.145537257195,7104.054191589356,6586.172852039338,6791.520264863969,6808.223211437465
6999.999999999999,6723.202418446542,7113.403006076814,6587.114346265794,6747.072892785073,6792.698165893556
6000.0,6706.402656674386,7147.701830863954,6500.294361114503,6736.167182445527,6772.641507774592
8000.0,6576.647559046746,6939.219961404801,6408.486688375474,6665.371610879899,6647.43145492673
6000.0,6542.225984573365,6980.372930288316,6418.133491158486,6753.214096784593,6673.48662570119
6500.0,6614.373455882073,7065.9480600357065,6539.418033838273,6785.868819713593,6751.402092367412
6600.0,6611.150966644288,7027.994022369386,6601.73354458809,6768.728913187982,6752.401861697436
6000.0,6632.311855316163,7041.249335289002,6486.58524632454,6789.9873403310785,6737.533444315196
5500.0,6637.806660294534,7074.6587414741525,6519.003975749017,6811.156908273698,6760.65657144785
6999.999999999999,6687.948460578919,7164.475968122483,6566.974718451501,6828.332771778108,6811.932979732753
6000.0,6673.210232257844,7113.79068017006,6544.265199899674,6784.109407544137,6778.843879967929
8000.0,6631.093451023103,6987.801559448243,6524.91207933426,6695.457682967187,6709.816193193198
8000.0,6636.129907846452,7040.945147514344,6378.479556322099,6796.824125885964,6713.094684392215
5500.0,6623.47925078869,7136.122030496598,6277.717355966569,6932.267038941384,6742.39641904831
6999.999999999999,6636.175370693208,7117.479783535005,6414.030675888062,6945.791409254075,6778.369309842587
6999.999999999999,6648.690465807916,7135.364040851594,6383.233316898347,7004.532713651658,6792.955134302379
6999.999999999999,6641.595781922341,7170.96640944481,6372.141208887101,7057.787892341615,6810.622823148967
5500.0,6637.587612032891,7139.934296846391,6421.388630986215,7069.699158191682,6817.152424514295
6999.999999999999,6695.97265303135,7113.705540657044,6512.477164149285,7073.627148151399,6848.94562649727
8000.0,6727.28746187687,7177.282438755036,6477.557151556016,7151.874493598939,6883.500386446715
6000.0,6717.610488295556,7220.943303585053,6430.858128666879,7232.125510692597,6900.384357810021
6000.0,6821.409606814385,7327.934740543366,6505.44075536728,7277.819804668427,6983.151226848365
6999.999999999999,6867.608538389207,7419.400202035905,6447.795518875123,7330.265744686128,7016.267500996591
6999.999999999999,6872.993819236756,7433.091958284379,6571.72310614586,7347.27215576172,7056.270259857179
5800.0,6932.8874001503,7465.716923713685,6502.237691164018,7376.618836641313,7069.365212917329
6000.0,6898.538152933122,7373.885279655457,6531.910051345826,7339.904694795609,7036.059544682504
6600.0,6933.606539726258,7424.38293004036,6645.0555045604715,7340.047696113587,7085.773167610169
6500.0,6960.961947917939,7433.753236055375,6555.354828119279,7358.524623632432,7077.148658931256
6000.0,6921.526648044587,7430.270781993867,6588.864252567292,7299.824649095536,7060.121582925321
6850.0,7058.747571706773,7499.817365169526,6522.1082615852365,7361.915325403214,7110.647130966187
8000.0,7133.532301425935,7586.639003515244,6418.02066063881,7413.259411334992,7137.862844228745
5500.0,7154.008767604829,7604.095910072328,6351.414697051049,7443.487244844438,7138.251654893161
6000.0,7235.636069059373,7677.1943814754495,6381.728083372117,7427.35372042656,7180.478063583375
6000.0,7154.381562948228,7530.66514658928,6400.772056579591,7336.552016496659,7105.5926956534395
5500.0,7087.0213294029245,7401.115045070649,6441.903533935548,7249.722938776017,7044.940711796285
6600.0,7122.259995222093,7444.652746915818,6495.0028990507135,7232.6016306877145,7073.629317969085
8000.0,7075.3291118145,7382.705071926118,6512.640830397607,7176.3186264038095,7036.7484101355085
6999.999999999999,7032.412184476853,7342.661396503449,6535.757448077203,7182.192426204682,7023.255863815547
6999.999999999999,6973.922992229463,7300.704975128175,6528.3350183963785,7147.938237667085,6987.725305855275
6999.999999999999,6951.465999126435,7342.968890666963,6537.3507142066965,7156.3480377197275,6997.033410429955
6999.999999999999,6916.810084342957,7283.703523635865,6565.296312808991,7180.49459552765,6986.576129078866
5500.0,6858.930507540704,7170.066245079041,6551.172659516335,7125.434955120088,6926.401091814042
5000.0,6870.106515169145,7210.563722372056,6580.310624599458,7140.064899206162,6950.261440336705
6000.0,6869.52831041813,7263.240283012391,6672.482826709748,7127.362579822541,6983.153499990703
6000.0,6838.55447292328,7214.566932678224,6659.964838504792,7072.4666056633005,6946.388212442399
6000.0,6793.638420224191,7169.309082031251,6646.815330028535,7000.692342996598,6902.613793820144
5000.0,6756.310116648675,7211.329977989198,6640.77662408352,7017.50450372696,6906.480305612088
6500.0,6743.722694277764,7222.227835655213,6622.473281979562,6949.281302690507,6884.426278650762
6000.0,6764.484749794007,7181.861787319184,6663.672540307046,6845.975662708283,6863.99868503213
5000.0,6756.171661615373,7186.4725465774545,6692.68734240532,6788.856555342675,6856.047026485206
6999.999999999999,6749.844473242761,7176.116936683656,6698.527665019036,6704.2249863147745,6832.178515315057
8000.0,6722.82342362404,7110.304093122483,6666.616466283799,6685.8596494197855,6796.400908112527
5500.0,6636.770107388497,6978.546977043153,6587.38175046444,6712.200822830201,6728.724914431573
5500.0,6625.148150563241,7020.974558830262,6545.132300376893,6717.3364713191995,6727.147870272399
6800.0,6671.473964810372,7013.9782400131235,6514.197312951089,6681.698145747186,6720.336915880443
7499.999999999999,6718.784669637681,7025.011659622193,6559.716781616212,6666.835514545442,6742.587156355382
6600.0,6720.532509446145,7087.013063430787,6560.2172862291345,6740.853162050248,6777.154005289079
6600.0,6699.2856546640405,7085.9252614974985,6500.179464101792,6794.4530317783365,6769.960853010417
6999.999999999999,6670.224563121797,6958.004383087159,6458.051937103272,6811.425965666772,6724.42671224475
8000.0,6665.662573099137,6944.553993225099,6433.079608678819,6846.180658817292,6722.369208455087
5800.0,6713.199352264405,6940.683865070344,6498.291516065598,6939.769648551942,6772.986095488072
6000.0,6701.2087330818185,6915.839659214021,6483.083367228509,6960.581713199616,6765.178368180991
6999.999999999999,6703.169421672822,6917.518891453744,6536.48857331276,6961.786065340043,6779.740737944842
5500.0,6776.864696264268,6984.133121013642,6607.7734904289255,7044.062245607377,6853.208388328553
5000.0,6828.38526070118,7072.725330591203,6608.8207890987405,7081.843524456025,6897.943726211787
8000.0,6844.033159255982,7109.377477645875,6659.019211292268,7076.069742918015,6922.124897778035
6000.0,6859.84679055214,7147.167849063874,6685.776989698411,7164.0858142375955,6964.219360888005
6999.999999999999,6842.7713586092,7178.001578330995,6661.1216613054285,7168.662683010102,6962.639320313931
6000.0,6877.589699745179,7281.061718940736,6683.894827842713,7233.488569498063,7019.008704006673
6999.999999999999,6862.920492291451,7319.429055213929,6707.631393432618,7253.5161933898935,7035.874283581973
6500.0,6833.658950924874,7365.110123634339,6675.600338101388,7310.161247253419,7046.132664978505
8000.0,6841.631481051446,7471.765135526658,6685.694743275643,7348.700515747071,7086.947968900205
6000.0,6829.437105655671,7446.641539812089,6695.816426157952,7372.247790575028,7086.035715550185
5500.0,6768.629308223725,7323.443011283875,6675.456923484803,7308.780003309251,7019.077311575414
6999.999999999999,6808.8056524992,7384.3731451034555,6746.935264348985,7291.972802162171,7058.021716028453
6000.0,6858.711459279061,7444.980906009675,6759.639236927033,7310.101732254029,7093.35833361745
5000.0,6890.125459790231,7449.829725265504,6819.727068185807,7283.965554952622,7110.911952048541
6000.0,6879.3301001787195,7381.07667541504,6823.72697210312,7192.749725818635,7069.220868378879
6000.0,6892.587892889977,7344.096369266511,6794.535278201104,7121.366443634034,7038.146495997907
6000.0,6875.797223687173,7313.741239786149,6720.904891490937,7079.1471643447885,6997.397629827262
6999.999999999999,6859.562027812005,7245.8495042324075,6691.266008496285,6997.606655597688,6948.571049034596
6000.0,6771.6997035741815,7129.128191471101,6595.927939057351,6954.373968124391,6862.782450556756
8000.0,6759.863244771958,7149.565807580949,6589.907831549645,6909.83608365059,6852.293241888286
8000.0,6755.484346032144,7179.841583728791,6548.487871766091,6978.14029121399,6865.488523185254
6000.0,6718.314749121667,7155.8388538360605,6543.8399156332025,7025.1926844120035,6860.796550750733
6000.0,6768.32470715046,7222.5386362075815,6544.1610486507425,7079.6497354507455,6903.668531864882
6600.0,6838.113483309747,7319.863845348359,6583.795558452607,7082.397344589234,6956.042557924987
6999.999999999999,6830.410010576249,7201.687721490861,6567.110280394555,7042.77606034279,6910.496018201114
6000.0,6856.809872388841,7258.840306043626,6583.978649735452,7112.118474006654,6952.936825543643
6000.0,6851.872193932534,7236.814796686173,6601.221467614175,7113.619574546815,6950.882008194924
5000.0,6856.156447291375,7283.891161203385,6597.385643243791,7140.176489830018,6969.402435392142
5500.0,6869.820925831796,7218.933019161225,6654.289422035218,7061.455504179002,6951.12471780181
6999.999999999999,6903.611393332482,7221.616153717042,6735.443496584893,7017.991369485856,6969.665603280068
6000.0,6834.113166093827,7123.747870206834,6699.0748723745355,6986.8187353611,6910.938661009074
6999.999999999999,6795.964051485063,7151.153700828553,6658.669560670854,6987.11879014969,6898.22652578354
5000.0,6788.296535730363,7184.185352087022,6658.081436753274,6981.080497503282,6902.910955518485
5500.0,6738.442804574967,7127.3030648231515,6671.400397658349,6920.859584093095,6864.501462787391
6600.0,6719.521994352342,7158.064053535462,6669.538900732995,6906.796272397042,6863.48030525446
5500.0,6706.381165146829,7239.981490612031,6649.786533713342,6947.468575000764,6885.904441118241
6000.0,6689.399965286256,7238.73415541649,6628.039587616921,6902.740159869195,6864.728467047215
6000.0,6694.962137937547,7231.784952640534,6689.889310836793,6804.9313913583765,6855.391948193313
5500.0,6694.280608534814,7259.580110549928,6707.59543645382,6766.736400604249,6857.048139035703
5000.0,6685.423619389535,7193.983008861543,6687.938541412354,6685.656306505204,6813.250369042159
5500.0,6687.270650863648,7226.236832141877,6712.035503387452,6637.2301087379465,6815.693273782731
6999.999999999999,6636.444014787675,7013.192972660066,6623.56108391285,6522.876170396806,6699.018560439349
6500.0,6576.281789779664,6819.343113780023,6571.002726674081,6446.073716878892,6603.175336778165
6000.0,6565.586448431016,6793.950047373773,6541.517177462579,6445.914183616639,6586.741964221002
6999.999999999999,6550.270428657533,6784.229677438737,6585.6954921484,6427.899323940278,6587.023730546237
6000.0,6556.3971672058115,6746.432693243028,6593.741589426995,6452.05910730362,6587.157639294864
6600.0,6525.885397553445,6654.520869255067,6566.58497786522,6450.323253154756,6549.328624457122
6999.999999999999,6514.9557158947,6660.493034124375,6517.149918198586,6524.507046699525,6554.276428729297
8000.0,6540.050380706788,6660.754238843919,6518.048842668534,6552.655161619187,6567.877155959607
6999.999999999999,6556.300042033196,6746.377724528314,6491.118305444718,6667.537708878518,6615.333445221187
8000.0,6551.633900761605,6835.0625129938135,6453.83918440342,6796.503819465638,6659.259854406119
6000.0,6531.913771033288,6833.5510799884805,6441.502634286881,6921.187743186952,6682.0388071239
5000.0,6540.735629796983,6898.061619639398,6455.365082859994,7013.515345573426,6726.91941946745
6000.0,6541.820538640023,6926.606914520265,6547.526125907899,7030.941668033601,6761.723811775447
8000.0,6617.855496644975,7018.3691244125375,6568.763061523438,7068.953567504884,6818.485312521459
5500.0,6725.4247250556955,7076.629349231721,6611.553519487382,7149.026866197587,6890.658614993096
8000.0,6745.414325475694,7054.376525640489,6680.30202305317,7113.391433715821,6898.371076971293
6999.999999999999,6812.42532169819,7110.689287424088,6652.307241916657,7187.042072057725,6940.615980774165
6000.0,6839.650127530099,7166.138255119325,6656.09966993332,7229.6961414814,6972.896048516036
6999.999999999999,6854.159388422967,7201.553812742234,6651.284327864648,7265.105912923814,6993.025860488416
6000.0,6890.245729684831,7254.804858446122,6684.327964782716,7280.570720195771,7027.48731827736
6000.0,6913.454926252366,7354.415608882905,6700.645407080651,7326.329488754273,7073.711357742549
8000.0,6937.971799612046,7421.2641787529,6731.846972107888,7334.31855082512,7106.350375324489
6000.0,6914.342278361321,7431.5982971191415,6670.310529232026,7388.257325410844,7101.127107530833
6400.0,6924.063061594964,7441.431497573853,6651.813763380052,7405.418310165406,7105.681658178569
6000.0,6957.135629415513,7496.785406589509,6666.5383528471,7419.478728771211,7134.984529405833
5000.0,6957.152987957002,7481.543780565263,6665.154629111291,7385.600641965867,7122.363009899856
6999.999999999999,7015.514057636262,7533.3069512844095,6738.418833255769,7357.655869960786,7161.2239280343065
6400.0,7034.996953964234,7524.750843524934,6709.5238877534875,7331.689145088197,7150.240207582713
6999.999999999999,6993.287685155869,7530.222917079926,6672.023651957513,7323.938143014909,7129.868099302054
6000.0,6903.581222534181,7425.948505163194,6601.984830141068,7292.004212856294,7055.879692673684
5500.0,6890.136205554009,7372.594961404801,6613.433201551438,7212.354958534242,7022.129831761123
6999.999999999999,6858.349409699441,7249.3617157936105,6561.362536668778,7133.553792953492,6950.6568637788305
8000.0,6852.152410387994,7256.6944596767435,6527.200100421906,7152.694478034974,6947.185362130404
5000.0,6834.953402161599,7369.152184009553,6543.9663850069055,7264.6008620262155,7003.168208301068
6000.0,6871.0471827983865,7420.611166954041,6623.5507514476785,7256.883750438691,7043.023212909699
8000.0,6846.224468469621,7334.611992835999,6608.116941571237,7218.388291597367,7001.835423618556
5000.0,6870.270181417466,7408.644519090653,6599.841876864434,7285.830358266831,7041.146733909846
6000.0,6862.772944688798,7308.508879423142,6660.812927246095,7203.526900291444,7008.90541291237
6000.0,6877.29749763012,7294.414570331574,6683.303810834886,7162.750859737397,7004.441684633494
6999.999999999999,6893.020616531373,7310.541481971742,6652.925949931146,7157.957422494889,7003.611367732287
6500.0,6882.841071844102,7305.171906471253,6636.181570172311,7160.861258506776,6996.26395174861
6000.0,6837.273247241975,7320.435850620271,6616.813570857049,7139.418500185014,6978.485292226077
6500.0,6849.508125901223,7343.711174964906,6629.757669925691,7111.54150915146,6983.62961998582
6000.0,6792.1633574962625,7178.644670963288,6654.877132654191,6987.417191743852,6903.275588214398
6000.0,6801.44604420662,7178.2644362449655,6640.419120788575,6961.176036596299,6895.326409459115
5500.0,6769.131879329682,7159.268405675889,6648.521839976312,6907.847290754319,6871.1923539340505
6999.999999999999,6755.8244907856,7162.6491882801065,6635.587246775628,6888.965330600739,6860.756564110518
6999.999999999999,6754.237010836602,7259.250298261643,6647.9936443567285,6935.206831932069,6899.171946346761
6999.999999999999,6688.955255985261,7196.621507167817,6601.312393307687,6945.698830366136,6858.146996706725
5000.0,6640.433172941209,7164.962007284165,6574.690590143205,6942.842936992646,6830.732176840306
6400.0,6661.101822972299,7111.135649919511,6571.300714969636,6900.5137202739725,6811.012977033854
5000.0,6681.447273492814,7141.966072797776,6545.586515545846,6932.871281504632,6825.467785835267
6000.0,6694.606287837029,7185.335148811341,6623.115548014642,6878.437375187875,6845.373589962722
6999.999999999999,6704.76475429535,7086.398075103761,6633.433961033822,6782.016876697541,6801.6534167826185
8000.0,6656.318304896356,6939.791966676713,6598.0832912921915,6714.087944269181,6727.07037678361
6000.0,6660.292997598649,7030.773042201997,6543.319159388543,6825.58102965355,6764.991557210685
5000.0,6655.2937376499185,7049.866611242295,6594.298302650453,6836.455742597581,6783.978598535062
6000.0,6599.206223607064,6932.906411886216,6634.347764253617,6784.864504098893,6737.831225961448
6999.999999999999,6642.445523858071,7024.700859069825,6722.591976404191,6793.991790533067,6795.9325374662885
6000.0,6676.865031838418,7029.602580547334,6692.566659212113,6794.0864359140405,6798.280176877976
5000.0,6724.141019582749,7033.875261545182,6643.646569609643,6809.551656484605,6802.803626805545
8000.0,6709.088684320451,6991.658462047578,6685.541409492494,6754.464325070382,6785.188220232726
6500.0,6705.827345013619,6970.191732406617,6568.02945649624,6819.150103330613,6765.799659311772
5000.0,6658.841079592706,7002.06118798256,6567.89720094204,6848.3620488643655,6769.290379345418
8000.0,6706.277427196504,7039.51182794571,6586.254685163499,6841.03095817566,6793.268724620343
6000.0,6687.855468392373,7081.194645643235,6569.814906477929,6899.349871397019,6809.553722977639
8000.0,6670.255560517312,7117.608732700349,6549.969133973123,6933.314750909806,6817.787044525147
6999.999999999999,6712.731084942819,7183.088457584382,6522.973295569421,7014.76764035225,6858.390119612218
6000.0,6688.468390226365,7159.988371849061,6514.243189096452,7068.495632648469,6857.798895955087
8000.0,6680.5247910022745,7135.40289092064,6542.962895989419,7067.03255558014,6856.480783373118
6999.999999999999,6676.524060487748,7101.515711545945,6498.396080613137,7124.295904159547,6850.182939201594
6000.0,6723.96123468876,7202.685424327851,6503.399473547936,7235.671612739564,6916.429436326028
6000.0,6760.514190077783,7204.829617500306,6530.5370733737955,7250.529697656632,6936.602644652129
6999.999999999999,6848.675742506982,7320.648286104203,6573.9904623031625,7314.271915197373,7014.39660152793
6000.0,6888.366047620774,7360.011672019959,6611.671722888947,7317.957712173463,7044.501788675786
6000.0,6913.900462150575,7358.692422866822,6600.270467519761,7314.109075546266,7046.743107020856
5000.0,6861.042050123216,7245.840411663056,6653.7533737421045,7213.280747413636,6993.479145735503
6000.0,6876.465114235879,7286.039487361909,6692.248832583428,7198.489616870881,7013.310762763024
6000.0,6875.708777785302,7375.209488391877,6702.0555819273,7213.226191997529,7041.550010025502
5500.0,6817.167096614839,7407.715423822404,6634.869760394097,7208.3145513534555,7017.016708046199
6500.0,6784.486335873605,7362.824582338334,6683.9006140232095,7104.398882627488,6983.902603715659
6600.0,6785.9432134628305,7369.753946781159,6663.351407289506,7042.949645757676,6965.499553322793
6500.0,6797.995000839234,7451.739164829255,6671.385518908502,7045.288089275361,6991.601943463088
6000.0,6738.318814992906,7277.0800001621255,6635.0408660173425,6922.3230744600305,6893.190688908101
6000.0,6766.032553076745,7250.087468147279,6597.975833654405,6885.489489316941,6874.896336048842
6000.0,6771.60216510296,7332.367781400681,6667.405866622926,6861.444189667703,6908.205000698567
6000.0,6733.450984001161,7198.667335271836,6615.525319099427,6753.605077266694,6825.3121789097795
6999.999999999999,6720.386615037919,7223.28422689438,6546.822691679002,6751.938657283784,6810.608047723771
6000.0,6662.809986114503,7069.299911737443,6517.387978196145,6712.783573865891,6740.570362478496
6999.999999999999,6622.812186837197,7006.955470085145,6542.724009394647,6689.7024998664865,6715.548541545869
6000.0,6628.182175636292,7028.749532222749,6570.484036922456,6691.342882037164,6729.689656704665
6000.0,6586.213355302812,6897.682624816895,6546.718953728677,6648.9000082016,6669.878735512496
6000.0,6565.653816103936,6840.7928981781015,6504.724922180177,6667.5265498161325,6644.674546569587
5500.0,6558.840588569642,6852.294998407365,6508.797153353692,6690.42618572712,6652.589731514455
5000.0,6591.119209766389,6849.289904236794,6550.733736395837,6674.049228429795,6666.298019707204
8000.0,6569.851276755334,6823.9485001564035,6577.620463967324,6625.229570388795,6649.162452816964
6999.999999999999,6583.521128177644,6841.94806778431,6581.456701636315,6710.889013051988,6679.453727662564
6500.0,6581.440996289254,6890.825587630273,6550.476251363755,6775.5752046108255,6699.579509973527
6000.0,6640.216191172601,6973.621284246446,6629.07448732853,6776.254667520524,6754.791657567025
6999.999999999999,6721.579394817353,6990.980652332307,6588.279021739961,6796.1165586709985,6774.238906890155
6999.999999999999,6742.914695501328,7004.757548093797,6576.615735054017,6787.114501714707,6777.850620090962
6000.0,6764.879863262177,7071.187859773637,6463.307442188264,6866.466594338418,6791.460439890624
6000.0,6756.164222240449,7081.762517929078,6480.440735936166,6863.952498912812,6795.579993754626
6000.0,6736.915252923966,7056.531464576722,6480.18903708458,6849.788342356683,6780.856024235488
5000.0,6730.827364444734,7045.529455661775,6518.6543251276025,6851.718446850778,6786.682398021222
6000.0,6755.951786756516,7046.696610927583,6608.808803439141,6806.754864811898,6804.553016483785
6000.0,6736.617264628411,7071.449891090394,6567.577307820321,6818.363182783128,6798.5019115805635
6000.0,6713.718455314637,7086.922137737275,6666.05603337288,6776.241028666497,6810.734413772822
8000.0,6752.64085161686,7076.427659511567,6670.382029891015,6745.208916068078,6811.16486427188
8000.0,6709.182916402818,7021.468863964082,6519.09738123417,6794.327389001847,6761.019137650729
6999.999999999999,6661.551491856576,7044.585481643678,6454.061952352525,6880.34226846695,6760.135298579932
6600.0,6609.075381040574,7038.790208578111,6453.745778918267,6934.805932283402,6759.104325205089
6000.0,6641.840867996217,7072.141752958299,6541.113384723664,6984.23644566536,6809.833112835885
6500.0,6718.464776515962,7095.854347229005,6545.205867528916,7006.027201414109,6841.388048171998
6000.0,6733.532817125321,7128.47683286667,6558.805044889451,7024.400804281236,6861.303874790669
6999.999999999999,6746.784823656083,7191.880972146989,6583.709179043771,7067.011064052583,6897.346509724856
5800.0,6787.555904626847,7301.176135540009,6581.008272647859,7118.575851440431,6947.0790410637865
6500.0,6724.439834475518,7151.530629158021,6582.954082489015,7064.521353244782,6880.861474841834
6000.0,6723.430972576142,7149.834451675416,6617.829045534135,7057.69861984253,6887.198272407056
6000.0,6748.646733880044,7181.547680377961,6566.067528009416,7088.940688133241,6896.300657600165
5000.0,6765.927988529206,7173.369327545167,6618.093556642533,7038.766237258912,6899.039277493955
5500.0,6768.93928217888,7167.32690191269,6611.049295186997,6993.721648693086,6885.259281992913
8000.0,6750.50533771515,7097.619958877564,6717.025670766831,6895.433040499688,6865.146001964808
6000.0,6752.633412241937,7122.791497230531,6578.513602256776,6932.01120710373,6846.487429708243
5000.0,6746.4202942848215,7141.4882996082315,6578.789685726167,6910.236983299256,6844.233815729619
6000.0,6769.944424390794,7147.699351072312,6626.812504053117,6852.418161392213,6849.218610227109
6999.999999999999,6777.939685940743,7246.174356937409,6591.185750842095,6876.405185937882,6872.926244914533
6999.999999999999,6721.941444396974,7260.52077817917,6629.725432634355,6842.930478572846,6863.779533445836
6000.0,6708.518332242967,7302.744190454484,6549.6451078653345,6882.6542608737955,6860.890472859145
5000.0,6706.079043865205,7318.139563560487,6628.955044031144,6836.5185639858255,6872.423053860665
8000.0,6697.020778298379,7152.58536720276,6699.047594666482,6704.086944580079,6813.185171186925
5000.0,6643.885042905808,7032.312992811204,6535.31645846367,6706.282800078393,6729.449323564769
6000.0,6595.484882950784,6991.319557189942,6590.079763770104,6669.8162240982065,6711.675107002259
6000.0,6583.160318493844,6953.236570358277,6702.573031783105,6627.377069950105,6716.586747646333
6500.0,6599.970412731172,6985.470555305482,6698.217277765275,6660.671579122544,6736.082456231118
6999.999999999999,6624.712533831597,6976.245730400086,6663.709323883058,6653.936878323556,6729.651116609574
6500.0,6660.292584300042,6978.5866537094125,6591.530855178834,6675.9098987579355,6726.579997986556
8000.0,6672.269151329995,6940.032506465913,6606.348436832429,6653.347101211549,6717.999298959971
6999.999999999999,6714.562411069871,6984.138080596925,6476.609457850457,6769.179408669473,6736.122339546681
5000.0,6722.4361628294,6985.272171974183,6430.70066189766,6840.44944703579,6744.714610934258
6000.0,6778.491026282311,7005.248546838761,6562.501174330712,6843.766994953156,6797.501935601235
6999.999999999999,6821.006227374078,7025.653925657273,6644.970778346063,6824.370891332627,6829.00045567751
5500.0,6870.591314435006,7118.699841022492,6545.157511591912,6881.250698804856,6853.924841463567
8000.0,6924.9111503362665,7175.136592388154,6674.267450094224,6876.266317605973,6912.645377606154
5000.0,6836.163540482522,7058.442557334901,6504.324849128724,6897.357772111894,6824.07217976451
6000.0,6840.878450989724,7100.977596759797,6562.056878328324,6910.682105898858,6853.648757994176
6000.0,6866.272343993188,7202.899513006211,6686.248150110246,6929.212762236596,6921.15819233656
8000.0,6844.985812544824,7207.940929412843,6696.314037680627,6933.436260700227,6920.66926008463
6999.999999999999,6785.362528920175,7192.954721927644,6539.940856575967,6993.171961545945,6877.857517242433
6600.0,6722.065433979035,7108.540961265565,6556.191757798196,6959.589796543122,6836.59698739648
6500.0,6783.584105014802,7125.81518983841,6534.020354032517,6982.409665822984,6856.457328677178
6000.0,6881.639612793923,7211.530841112138,6531.136769652368,7020.144655227662,6911.112969696523
6000.0,6895.017675399781,7120.934133291245,6494.056445240975,6989.162138462068,6874.792598098517
6000.0,6913.125527262689,7212.587232351304,6501.426385998727,7025.623341560365,6913.190621793271
6000.0,6903.9771625995645,7255.317348718644,6591.675096392632,6995.412866592408,6936.595618575812
6999.999999999999,6926.700733304025,7282.83063697815,6550.920547366143,6974.929787635804,6933.845426321031
5500.0,6892.220057129861,7284.907049179078,6563.584429979325,6946.486577510835,6921.799528449775
6999.999999999999,6856.522216558457,7243.575535297395,6542.938098073007,6910.782537460328,6888.454596847297
5500.0,6817.334482550622,7270.372990369798,6461.628209948541,6957.622495174409,6876.739544510842
6000.0,6682.515237092973,7105.046934843064,6488.247946619988,6881.74707043171,6789.389297246934
6000.0,6646.778133153916,7078.87604045868,6516.331173658372,6839.441411733628,6770.356689751149
6999.999999999999,6674.090144991876,7151.924916028977,6541.992884159089,6833.665977001191,6800.418480545283
5800.0,6659.300667643548,7185.214465618134,6484.534045338632,6878.919694662095,6801.992218315602
8000.0,6647.90891814232,7141.9131705760965,6538.931994676591,6854.555741786958,6795.827456295491
6000.0,6660.444264888764,7207.173847198487,6458.773556470872,6939.561346054078,6816.48825365305
6000.0,6619.109857916833,7085.277209281922,6508.666964292527,6925.82908654213,6784.720779508353
8000.0,6720.658978819848,7180.383831501008,6645.517159104348,6956.1676840782175,6875.681913375855
6000.0,6748.595898151399,7228.55047774315,6502.551384806634,7019.742928981782,6874.860172420741
6000.0,6787.572023272515,7256.6423840522775,6480.008425593377,7019.216386556626,6885.859804868699
8000.0,6716.072604179383,7132.846225738526,6506.44507098198,6964.232793092729,6829.899173498155
8000.0,6672.082340359689,7131.754290819169,6476.60243177414,7030.601109981538,6827.760043233634
6000.0,6658.677000045777,7109.961055278779,6449.375559449197,7094.577254533769,6828.14771732688
5000.0,6715.341892242433,7117.501275062562,6494.82228755951,7138.678695678712,6866.586037635804
5200.0,6816.5252438783655,7161.382014751435,6618.251436710359,7145.064985752107,6935.3059202730665
6999.999999999999,6840.79703116417,7208.949378013612,6741.814494609834,7125.339069843293,6979.224993407727
6000.0,6826.927143216134,7257.602890014649,6740.46300816536,7182.526371479035,7001.879853218795
6999.999999999999,6850.963763594628,7303.798101902009,6734.705345273019,7206.70433998108,7024.042887687684
6000.0,6839.423639893533,7308.262553453446,6594.285077095033,7230.668219804765,6993.159872561694
6500.0,6918.03220832348,7349.472557544709,6675.351119041444,7194.829444408418,7034.421332329513
5800.0,6963.046626091004,7299.250164031983,6620.212951898576,7119.631416082383,7000.535289525987
5500.0,7015.707481384278,7358.550248146058,6574.172726988793,7117.856711864472,7016.5717920959005
8000.0,6978.392403364182,7406.272185087205,6627.531230330468,7105.574303865434,7029.442530661822
6999.999999999999,6886.240039587022,7460.114247798921,6488.741838455201,7165.1496448516855,7000.061442673207
6000.0,6782.353715062142,7407.078117370606,6481.209471344949,7158.318645477296,6957.239987313748
6999.999999999999,6841.985677957536,7451.285362958909,6617.722827792169,7174.175259828568,7021.292282134295
6600.0,6824.545716643334,7349.894948720933,6552.859744429589,7106.581925868989,6958.470583915711
6500.0,6872.802461981774,7361.291244506837,6574.098746538163,7109.228690147401,6979.355285793544
8000.0,6921.720071792603,7380.126088619233,6547.194660425187,7105.801618099214,6988.710609734059
5000.0,6851.150987863542,7270.0134205818185,6369.575037837029,7130.086217641831,6905.206415981055
6000.0,6915.673099875451,7323.4264793396005,6542.449579119683,7114.221337318421,6973.942623913289
6000.0,6931.483424782754,7370.081279277802,6531.250013470651,7114.122972249986,6986.734422445298
6999.999999999999,6865.8941757678995,7236.957798004151,6578.1709777116785,7026.139138221742,6926.790522426368
6000.0,6801.724194169045,7124.592652559281,6471.561841964723,6991.460905313493,6847.3348985016355
8000.0,6797.577569246293,7127.539471626283,6545.453020095826,6994.144039869309,6866.178525209428
6999.999999999999,6772.879671096803,7218.540385484696,6373.150484085084,7087.8256084918985,6863.09903728962
6000.0,6724.969269990922,7298.183853626252,6463.684370517732,7118.395653247834,6901.308286845685
5500.0,6727.525521874429,7254.408918380738,6511.688590407372,7093.648985862733,6896.818004131318
6000.0,6774.2910858392725,7292.4489221572885,6471.948689460755,7091.824685811997,6907.628345817328
6000.0,6700.947115063668,7272.518010139466,6563.367448210717,7101.534723281861,6909.591824173928
5000.0,6725.569792866708,7306.084469795228,6692.284376263619,7072.998107671739,6949.234186649323
6999.999999999999,6783.85398900509,7323.062776565553,6698.183387279511,7024.523967266084,6957.406030029059
5500.0,6770.976844310761,7368.19581103325,6638.409249663354,7000.901472091676,6944.62084427476
6000.0,6808.033610701562,7416.945208311082,6629.173265695573,6956.099076509477,6952.562790304423
6999.999999999999,6733.742772817613,7287.362042903901,6505.367188215257,6873.8815846443185,6850.088397145272
6999.999999999999,6666.254003405572,7224.448902368546,6407.112057209016,6843.797165751458,6785.403032183648
6000.0,6636.799038290978,7236.124588012696,6430.965173006059,6876.786247253419,6795.168761640788
6000.0,6625.175841569901,7227.218829631806,6525.284874677659,6877.808748006822,6813.872073471547
5500.0,6651.207041025163,7198.315204858781,6565.121074199677,6849.594918608666,6816.059559673072
6999.999999999999,6665.203811645509,7186.389060258866,6593.077418565751,6817.41672897339,6815.521754860879
6000.0,6655.3768106699,7043.1314971447,6485.428423523904,6789.174795269967,6743.277881652118
6000.0,6742.703913211823,7155.42390203476,6415.478874206544,6830.568303942681,6786.043748348952
6000.0,6792.513008117677,7186.707300186158,6362.731226205827,6838.556539416314,6795.127018481494
6500.0,6826.143115758897,7206.694420814515,6430.322080373765,6812.444746732713,6818.901090919972
6000.0,6810.555972099305,7134.263839960099,6456.389650106431,6779.696618318559,6795.2265201210985
6999.999999999999,6835.120374798776,7148.300287246705,6501.688830614091,6776.488181233407,6815.399418473245
8000.0,6784.510307192803,7005.268385171891,6481.476875543595,6774.631643891335,6761.471802949906
6000.0,6768.302802324296,6968.610451936723,6468.668751716615,6835.043914556504,6760.156480133534
6000.0,6741.628096938134,6950.058304071427,6418.5219918489465,6865.265135288239,6743.868382036687
6000.0,6765.984197139741,6993.620803833009,6474.053619265557,6895.2404433488855,6782.224765896798
5500.0,6755.318613290788,6958.483809471131,6478.338285923005,6897.345373153687,6772.371520459653
6000.0,6773.481433868409,6956.99593448639,6526.541715741158,6855.413336396218,6778.108105123044
6000.0,6807.413662791253,7015.252852916718,6571.045296430589,6853.234839439393,6811.736662894488
6999.999999999999,6802.626838326455,6976.253996372224,6643.192767739297,6810.695667028428,6808.192317366601
8000.0,6807.961283445359,7026.634269952775,6658.364546298982,6875.391777753831,6842.087969362737
8000.0,6810.267902970315,7050.222874641419,6666.206887364388,6958.082083225251,6871.1949370503435
8000.0,6743.487940669061,7026.211878776551,6565.936512351037,7053.243260860444,6847.219898164273
6999.999999999999,6695.943722128869,7011.126479625703,6520.27486896515,7129.4728825092325,6839.2044883072385
6000.0,6683.31249010563,7079.797696352006,6510.520195245744,7235.640202045442,6877.317645937205
5000.0,6695.777989387513,7156.09923195839,6490.315679550172,7292.705993890763,6908.72472369671
6000.0,6757.246651291848,7238.7374618053445,6581.033897161485,7287.815018177033,6966.208257108928
6000.0,6778.076074481011,7258.407995700837,6676.710044860841,7283.658887386323,6999.213250607253
5000.0,6786.35692536831,7306.967275619508,6716.968635559083,7282.245406150819,7023.13456067443
6999.999999999999,6832.870790481568,7361.346626520158,6770.042789459229,7269.604254961015,7058.466115355493
6999.999999999999,6860.887063145638,7404.800015449525,6789.720349431039,7279.171291112901,7083.644679784776
6000.0,6868.427282929421,7393.60871577263,6746.39136338234,7259.192436456681,7066.904949635268
5500.0,6848.889417886735,7435.346915483476,6695.165480852128,7260.914238452912,7060.079013168813
6000.0,6816.067309021951,7391.339706420899,6662.411979556085,7198.521027565003,7017.0850056409845
6000.0,6770.319699525834,7278.883635282517,6637.636381268502,7140.532753229142,6956.843117326499
6600.0,6756.434106230737,7276.697285652162,6552.462977766992,7114.099827528001,6924.923549294473
6000.0,6732.342517137528,7261.1308069229135,6529.189719915391,7069.6280708313,6898.072778701783
6999.999999999999,6734.316844582559,7276.854339122773,6574.397561430932,7020.045463562013,6901.403552174569
5500.0,6735.113684296609,7325.082153558732,6607.716455221177,7007.275363206864,6918.796914070846
6000.0,6705.170200228692,7345.96778535843,6587.373071193696,6972.326006412507,6902.709265798331
8000.0,6684.726384639741,7390.310592889787,6585.695078849793,6951.365154266358,6903.02430266142
6999.999999999999,6676.238884449006,7334.197867631913,6595.2617017030725,6972.202016830445,6894.475117653609
6999.999999999999,6632.607777118684,7205.276806592942,6555.866491794587,6912.152209043504,6826.475821137429
6600.0,6594.693002820016,7025.443143367768,6531.529816627503,6844.809334039689,6749.118824213744
6999.999999999999,6560.18876862526,6898.002104640008,6528.227147459985,6830.153765439988,6704.14294654131
6999.999999999999,6564.520551323892,6854.273872137071,6569.999650955201,6842.74366760254,6707.884435504676
8000.0,6611.1298884153375,6887.079862356187,6601.342150807382,6907.753058671952,6751.8262400627145
5500.0,6637.3565781116495,6991.1988739967355,6580.487516403199,7060.265204191209,6817.327043175698
6000.0,6636.6882742643365,7051.284225463868,6589.542062282563,7109.909806251527,6846.856092065574
6000.0,6676.386018753053,7119.506599903108,6613.223659157754,7170.234870910645,6894.83778718114
5500.0,6726.72578907013,7226.269896030427,6626.991462349893,7218.378372430802,6949.591379970313
6999.999999999999,6738.58787238598,7212.477294921876,6668.8106685876855,7184.960700273515,6951.209134042264
8000.0,6714.763687491418,7176.135121822358,6660.011127948762,7135.287993907929,6921.549482792617
6000.0,6768.520610690118,7206.396019220353,6672.510517716409,7192.392635822297,6959.954945862294
6999.999999999999,6816.5607875585565,7264.333044528962,6706.577068686486,7209.552793979646,6999.255923688413
5500.0,6841.923683166505,7312.79891896248,6708.199679017068,7264.330564737321,7031.813211470843
8000.0,6898.599321126939,7357.8385479450235,6775.285895586015,7252.897898674012,7071.155415832997
6000.0,6928.596120715142,7346.285198688508,6727.472206354142,7283.620863914491,7071.493597418071
6000.0,6918.312424778939,7391.422366142274,6730.158234000207,7285.021946191789,7081.228742778302
5000.0,6930.587393403054,7380.450114727021,6772.933399915696,7238.87550354004,7080.711602896453
6000.0,6969.2857818603525,7456.462341308595,6839.9208381176,7231.029442787171,7124.17460101843
5000.0,6967.001067161561,7488.3648607730875,6869.502685904504,7169.756271123887,7123.65622124076
6999.999999999999,6921.372487664224,7347.001031875611,6865.699925422669,7031.577321290971,7041.412691563369
6000.0,6883.815629959107,7343.079654693604,6800.422303557397,7041.3138098716745,7017.157849520446
6999.999999999999,6831.083687305451,7330.586464405061,6773.990617752076,6991.935372114182,6981.899035394193
6000.0,6786.474302172662,7302.3565163612375,6676.300879240037,6982.727905750276,6936.964900881053
5000.0,6718.242835164071,7282.926522254945,6630.411508321763,6945.770744323731,6894.3379025161275
6500.0,6687.392573952676,7221.262370109559,6596.676422834397,6867.62135064602,6843.238179385663
6000.0,6641.937993168832,7024.118934631349,6591.316766500474,6767.383626222611,6756.189330130816
6999.999999999999,6675.410634040833,7049.619458675385,6571.419331669808,6778.2442870140085,6768.673427850009
6000.0,6687.975324988366,7028.521391391755,6592.286778330804,6761.072556495667,6767.464012801648
6000.0,6685.00536119938,7032.533694267274,6550.735389590264,6754.605259895326,6755.719926238061
6000.0,6701.405049920083,7082.882557153703,6603.494609951974,6732.075526237489,6779.964435815812
5500.0,6699.170344352723,7059.114580869676,6625.558556079865,6686.626731634141,6767.617553234101
6000.0,6662.47728073597,6911.7897461652765,6651.638524770738,6594.799633860589,6705.176296383143
5500.0,6658.631537199021,6929.78187441826,6596.006465792657,6613.173236727715,6699.398278534413
8000.0,6638.797750353814,6859.38554930687,6582.3738112449655,6582.41555440426,6665.743166327477
6999.999999999999,6645.724635004998,6927.0937802791605,6582.378357529641,6682.948787331582,6709.536390036345
8000.0,6569.077581763268,6784.019721746446,6560.980235457421,6684.320525407792,6649.599516093732
6000.0,6561.093892574311,6796.035965442658,6525.808937311173,6770.04402935505,6663.245706170798
6500.0,6553.969037890435,6835.339009761811,6524.325195312501,6835.653943300248,6687.321796566249
6999.999999999999,6584.273331642152,6923.6262049675,6592.953842282296,6862.983726978303,6740.959276467563
6000.0,6618.33450973034,6975.220749855042,6606.043835759164,6952.5678532123575,6788.041737139226
5000.0,6654.29975450039,7082.680040836335,6644.585584044457,7014.887496948243,6849.113219082356
6000.0,6669.104110598565,7036.746033668519,6703.562881946565,6953.6283774375925,6840.76035091281
8000.0,6701.557557106019,7071.982219696046,6755.364076137544,6929.490912199021,6864.598691284657
6000.0,6697.394813537599,7042.151152849198,6722.491958141328,6972.959179878236,6858.74927610159
6000.0,6685.254580259324,7083.005720138551,6747.315499067307,7005.604810237885,6880.295152425767
6000.0,6772.747415542603,7164.187485694886,6774.463844656945,7022.455821037293,6933.463641732932
6999.999999999999,6754.55979704857,7149.784855842591,6701.568302869798,7020.482733488084,6906.598922312261
6999.999999999999,6771.900153398515,7166.928482055665,6656.395178437234,7047.734817028047,6910.739657729865
6999.999999999999,6749.558883905412,7158.748476028443,6632.357731461526,7084.678752899171,6906.335961073638
6000.0,6785.9692512750635,7189.330919742585,6649.173198580743,7110.1280279159555,6933.650349378587
6500.0,6812.486903190614,7231.158391952516,6699.615466952325,7116.96894645691,6965.057427138091
8000.0,6856.463941454888,7281.5328793525705,6721.709997177125,7126.569046497346,6996.568966120482
5000.0,6892.434145808221,7356.242388725282,6657.774355888368,7219.987757205964,7031.6096619069585
6000.0,6985.766477108003,7405.721671342851,6700.194498300553,7215.541490793229,7076.806034386159
6000.0,7000.798147439958,7487.140670299531,6729.895376086236,7215.056278228761,7108.222618013621
6000.0,6982.989937067033,7356.094427824021,6756.394429564477,7109.300604104997,7051.194849640132
6999.999999999999,6948.94653081894,7327.380920410157,6689.876911878587,7100.67588877678,7016.720062971116
5000.0,6869.832911491395,7198.063092708589,6670.881294608117,7026.051518917085,6941.207204431296
6000.0,6883.9644174575815,7212.897206306458,6679.907736182214,7002.618314504624,6944.8469186127195
6000.0,6859.944329023362,7225.739220619203,6685.536449909211,6986.093809604646,6939.328452289105
5500.0,6796.342633008958,7142.181814670564,6650.794155716897,6944.039849758149,6883.339613288642
6000.0,6812.057072639466,7154.02447295189,6703.562881946565,6903.277861356736,6893.230572223664
8000.0,6809.661180615426,7234.509417057038,6735.000440478326,6886.127622365952,6916.324665129186
6999.999999999999,6799.0679240226755,7258.404689311982,6688.885821819306,6923.029401779176,6917.346959233285
6999.999999999999,6725.735525608064,7142.939804315568,6650.314729332925,6916.197575807572,6858.796908766032
6500.0,6735.2446999549875,7156.017398834229,6647.539015889169,6932.912611365319,6867.928431510926
6999.999999999999,6776.8820548057565,7194.9435148239145,6659.858207464219,6952.507511615754,6896.047822177411
5500.0,6854.608644008637,7238.84243965149,6632.714408159257,7014.725483894349,6935.222743928433
6000.0,6877.876528978349,7162.542557239533,6715.255926132203,6948.021568536759,6925.924145221711
6500.0,6929.9166097641,7121.892159461976,6699.070739388467,6937.53783607483,6922.104336172343
8000.0,6932.7981276512155,7072.365760803224,6732.664063453675,6892.257254004479,6907.521301478148
6999.999999999999,6948.188541173936,7114.501553773881,6674.0450954437265,6960.6007249355325,6924.333978831769
6600.0,6945.014407873155,7114.264320373536,6654.045575857163,6983.628070116044,6924.2380935549745
6000.0,6874.208503842355,6984.70429968834,6628.263595461846,6975.022366523744,6865.549691379071
5500.0,6924.77186870575,7075.675456047059,6644.042922973634,7041.986660003663,6921.6192269325265
6000.0,6930.820080518723,7105.303179979325,6678.203292727471,7050.519623041154,6941.2115440666685
8000.0,6917.559394717217,7137.936411380769,6632.107272505761,7079.014908790589,6941.654496848584
6000.0,6907.1132724285135,7163.530340909959,6598.697453022004,7140.193848371507,6952.383728682996
6999.999999999999,6858.624253273011,7149.0252130031595,6670.453943848611,7105.800791502,6945.976050406695
6999.999999999999,6882.727001428605,7229.708540439607,6686.737495660783,7124.700936794282,6980.968493580819
6000.0,6869.363404273988,7283.333208084107,6638.80229663849,7168.237812042237,6989.9341802597055
8000.0,6868.873232126237,7304.434581756593,6657.942155122758,7181.15008711815,7003.100014030934
5000.0,6854.46026980877,7395.680994987489,6638.023642063142,7251.315791606904,7034.870174616576
5000.0,6865.504435181619,7463.107356309892,6748.137549996377,7234.266397476197,7077.753934741021
6000.0,6850.912101268769,7363.366003513337,6723.617783546449,7160.143772125245,7024.50991511345
6000.0,6834.114405989648,7316.335928440095,6723.733507156373,7117.426054716111,6997.902474075557
6000.0,6821.180639386178,7282.48181295395,6753.4996861219415,7063.289723396302,6980.112965464593
6000.0,6797.593687891961,7266.397057771684,6703.539323925973,7040.578964948655,6952.027258634568
6999.999999999999,6759.649982690812,7218.339522361756,6674.33936405182,6994.705299377442,6911.758542120458
6999.999999999999,6773.661632061006,7278.716662645341,6660.519071936608,7008.621063470841,6930.379607528449
6000.0,6770.996269345284,7301.987854003907,6675.856583237649,6988.031353473664,6934.218015015126
8000.0,6789.155370235444,7322.956972122193,6711.279993534089,6954.024317502976,6944.354163348676
8000.0,6750.750010490418,7220.9267716407785,6596.979784011842,6981.676474094392,6887.583260059358
6999.999999999999,6707.0722004175195,7222.225355863572,6577.994499206544,7058.4078402519235,6891.42497393489
6000.0,6709.839234590531,7217.77743625641,6576.022238254548,7126.445056915284,6907.520991504193
5500.0,6753.105812549592,7246.342982769013,6634.07250738144,7150.889189720155,6946.10262310505
5500.0,6834.017280817033,7320.816085338593,6676.24632382393,7168.665989398957,6999.936419844628
6000.0,6889.026498794557,7349.322116851808,6755.977824568749,7116.282870769502,7027.652327746154
6000.0,6875.4934492111215,7218.92971277237,6747.707306146623,7030.3977670669565,6968.132058799268
6999.999999999999,6899.6834033727655,7247.434091091157,6738.233262181283,7011.058698654176,6974.102363824845
6000.0,6853.667149782182,7235.5658082962045,6652.732526183129,7042.158592224122,6946.031019121409
8000.0,6797.67841410637,7212.798841238023,6646.786399126054,7035.843389511109,6923.276760995389
6500.0,6763.837937474252,7226.091351032258,6595.934551835061,7099.741007328034,6921.401211917401
6000.0,6660.765397906304,7120.623332738877,6611.521282196046,7032.621313571931,6856.38283160329
5200.0,6740.47499382496,7198.408610343934,6624.2351739406595,7053.935122728349,6904.2634752094755
6000.0,6805.662103295327,7300.770276308061,6686.439507365228,7062.228372573853,6963.775064885617
6999.999999999999,6820.811563730241,7311.546624183656,6764.589727640153,7020.952240705491,6979.475039064885
6000.0,6849.465556144715,7358.338639259339,6724.709718465806,7042.944686174394,6993.8646500110635
8000.0,6852.49916791916,7396.338139772416,6715.228235125543,7049.305351734162,7003.34272363782
6000.0,6841.489306330682,7433.630899667741,6654.842415571214,7088.778675079347,7004.685324162246
6000.0,6791.196652054788,7407.970842361451,6675.742926120759,7068.302208900453,6985.803157359363
6600.0,6792.348928570748,7398.809665441514,6698.70827651024,7041.7287616729745,6982.898908048869
6500.0,6795.490411281587,7441.191784381867,6691.205666899682,7046.936324119569,6993.706046670676
6999.999999999999,6793.315634012223,7294.055827140809,6654.555586338044,6988.2479219436655,6932.543742358685
8000.0,6748.936042904855,7144.978193044663,6602.987905859948,6939.18441772461,6859.021639883519
5000.0,6725.082513809205,7094.100307941438,6511.9898850917825,6972.145808219911,6825.829628765584
6000.0,6765.916002869607,7106.689383506776,6602.40887451172,6948.814275264741,6855.957134038211
6999.999999999999,6789.221498012544,7170.94657111168,6558.60170197487,6987.064234733582,6876.458501458169
6999.999999999999,6789.2640677690515,7246.04210138321,6563.195929288865,7048.1770465374,6911.669786244632
6000.0,6783.275370955468,7276.1558644771585,6621.519802093507,7067.06561946869,6937.004164248706
5000.0,6820.973163485528,7309.899215936662,6647.241854190827,7076.584712982179,6963.674736648799
8000.0,6852.225977540017,7228.812509059907,6711.5833547115335,6997.323959350587,6947.486450165511
6999.999999999999,6865.115521192552,7264.496710777284,6612.277205348016,7053.593738079072,6948.870793849231
6000.0,6747.095624208451,7117.869937419892,6596.225514054299,7054.674100637437,6878.96629408002
6000.0,6769.007476449014,7138.667949914933,6706.876710176469,7046.875155925752,6915.356823116542
6999.999999999999,6792.316277980805,7184.947474718095,6661.858986020089,7080.138254404069,6929.8152482807645
6000.0,6805.64185166359,7285.899792432786,6606.678249120713,7138.000059366227,6959.054988145829
6000.0,6807.177669286729,7340.696574926377,6657.869827866555,7161.641566276551,6991.846409589053
6000.0,6790.652337789536,7324.74407529831,6643.673020720483,7170.27124118805,6982.335168749095
5000.0,6811.468122124673,7371.3749039173135,6715.951920986176,7170.844899654389,7017.409961670638
8000.0,6836.7756357193,7299.835394859315,6723.113559246064,7102.566316604615,6990.572726607324
5000.0,6821.464988827706,7341.622363805772,6666.228378891946,7158.477352142335,6996.94827091694
6000.0,6824.67053282261,7389.985740184785,6739.376446127892,7117.252469301225,7017.821297109128
6000.0,6837.122393250466,7362.6187596321115,6715.7117944955835,7038.62902212143,6988.520492374898
6999.999999999999,6858.0233170986185,7349.092322826386,6656.320784687997,7014.469238758088,6969.476415842772
6600.0,6797.99954712391,7343.655792951585,6588.002524971963,7034.638210773469,6941.074018955232
6999.999999999999,6679.479558825494,7216.291214466096,6627.999497652055,6975.967993736268,6874.934566169978
6999.999999999999,6705.942655324937,7297.307660579682,6601.58021080494,7006.776925086976,6902.901862949134
6000.0,6760.766302227975,7326.0484457016,6512.652816057206,7019.607367038728,6904.768732756377
8000.0,6710.281877398492,7269.793545722962,6534.350992918015,7019.132073640824,6883.3896224200735
6000.0,6678.566168904305,7214.638020038606,6482.872998237611,7048.418412923814,6856.123900026084
6500.0,6717.6704165935525,7235.831146001817,6549.320255160333,7045.838603019715,6887.165105193854
5500.0,6750.268517613412,7323.158661842347,6583.726950883866,7059.513000726701,6929.1667827665815
6999.999999999999,6727.408145070077,7201.386840105058,6565.19340145588,7024.218126296998,6879.551628232003
6000.0,6679.917242050172,7164.456956386567,6537.84584593773,7029.891062974931,6853.02777683735
5500.0,6667.20045721531,7206.061247348786,6586.929188489915,7044.5243134498605,6876.178801625968
6999.999999999999,6687.664937734605,7226.741056442262,6720.4920061826715,7004.202901363374,6909.775225430728
6999.999999999999,6670.568840861321,7179.807693243028,6666.974382877351,6974.161878824235,6872.878198951484
6000.0,6667.889425992967,7213.065005540849,6592.083022117616,6986.103728771211,6864.78529560566
6999.999999999999,6684.988002657891,7224.132315635682,6593.9354264736185,6996.824694633485,6874.970109850169
8000.0,6683.4368929862985,7231.042668342591,6637.782688975335,6979.934833765031,6883.049271017314
6000.0,6720.940021872521,7333.206777572633,6539.464323282243,7066.751512527467,6915.090658813716
8000.0,6636.922201275826,7188.434888362885,6597.3600187301645,7003.862343311311,6856.644862920047
6999.999999999999,6692.956813097001,7297.292781829835,6573.3841532468805,7104.617930889131,6917.062919765712
5800.0,6715.991597652436,7353.288130283357,6578.2032150030145,7174.915890932084,6955.599708467723
6000.0,6806.639967799188,7384.371491909028,6675.325081229211,7177.292357921601,7010.907224714757
6000.0,6836.325140237809,7358.502305507661,6711.023748397828,7142.305804252625,7012.039249598981
6999.999999999999,6854.142029881478,7352.224299669267,6674.504683494569,7146.700821638108,7006.8929586708555
5400.0,6860.377052664758,7309.857059478761,6623.912801027299,7152.178681373597,6986.581398636104
6000.0,6904.209436416627,7312.2574977874765,6635.44424545765,7127.603119611741,6994.878574818374
6000.0,6916.457540631295,7332.333064317704,6719.80634379387,7117.140052080155,7021.434250205756
8000.0,6873.744369506837,7211.73005104065,6738.854449987412,7019.221346139909,6960.887554168702
6000.0,6857.574474811555,7249.204662322999,6634.922662615777,7088.19013786316,6957.472984403373
8000.0,6830.53152036667,7274.556398868562,6681.653509497643,7125.053067207337,6977.948623985053
6000.0,6796.710882067681,7334.107768535615,6625.294871568681,7198.425142288209,6988.6346661150465
6600.0,6832.412442326547,7300.170166730882,6638.710544347764,7155.524746894837,6981.704475075007
6000.0,6911.272296309472,7349.010489702226,6618.165883898736,7170.416722297669,7012.216348052026
6000.0,6986.342615365983,7432.31082391739,6581.11118400097,7188.391905307771,7047.039132148028
8000.0,6987.292375564576,7441.604256391526,6599.1826655864725,7172.106287002564,7050.046396136285
6000.0,6926.961111426354,7445.664501905442,6502.238517761231,7213.3510081768045,7022.053784817458
5400.0,6896.037283062936,7481.381767511369,6617.004101514817,7249.992409467698,7061.103890389205
6000.0,6932.343499183656,7503.084077358247,6641.513122200967,7226.158305406571,7075.77475103736
6000.0,6870.382185339929,7416.357497692109,6704.133234024049,7139.907019138337,7032.694984048606
6000.0,6894.123297214509,7471.563445806504,6754.1159143447885,7146.258592128755,7066.515312373639
5000.0,6844.1980654001245,7349.297318935395,6669.072699904443,7090.250844717027,6988.204732239247
6999.999999999999,6847.986360430718,7274.3365240097055,6827.467737793923,6989.098490476609,6984.722278177739
6999.999999999999,6837.920472860337,7298.40620827675,6683.965915203095,6998.8201003074655,6954.778174161912
6000.0,6785.555952668191,7321.4839758872995,6614.8855328559885,6979.981949806214,6925.476852804423
6500.0,6793.995923519135,7322.45522761345,6597.162875294686,6922.75001192093,6909.09100958705
5000.0,6787.374879837037,7227.419692754746,6572.920845508576,6865.223805427552,6863.234805881978
6000.0,6803.796473383904,7288.714355945588,6585.1759757995615,6841.643466711045,6879.832567960025
5500.0,6778.6464265584955,7290.385735511781,6534.386949896813,6806.233695268632,6852.41320180893
6000.0,6751.996519088746,7334.549171447755,6655.812427401544,6754.244036912919,6874.150538712741
6999.999999999999,6715.777922272683,7180.282160043717,6597.675365567208,6678.278926372529,6793.003593564034
6000.0,6679.249351501466,7191.029577016831,6590.583161473275,6714.05240058899,6793.728622645141
8000.0,6608.43228840828,7033.12884426117,6664.5429471731195,6667.609209537507,6743.428322345019
6999.999999999999,6600.831727027894,7055.499871253968,6582.373397946359,6742.470812797547,6745.293952256442
6500.0,6582.750739574433,7010.532982826234,6548.863973498345,6754.301072120667,6724.11219200492
6000.0,6629.826277494431,7031.849271774293,6596.135414958001,6749.465065121652,6751.819007337094
5800.0,6694.395505547524,7064.281640052796,6569.080888152123,6763.107638835908,6772.716418147088
8000.0,6651.760447859765,6951.565190792085,6550.615532994271,6740.644859552384,6723.646507799626
5000.0,6639.816531419755,6962.844109773637,6481.491754293443,6812.43854725361,6724.147735685111
6000.0,6680.168940901757,7049.624418258668,6526.312748312951,6853.036456108094,6777.285640895368
6999.999999999999,6682.792147159577,7094.989726543427,6661.8383210897455,6849.182859897614,6822.200763672591
5500.0,6701.841079950334,7128.103210926057,6563.1748510599145,6908.821435570718,6825.485144376756
6000.0,6706.330329418183,7144.955874919892,6674.779527068139,6913.144952297212,6859.802670925857
6000.0,6776.591092586518,7246.485984086991,6681.870904564858,6953.555636882783,6914.625904530288
6999.999999999999,6738.132830619813,7171.195376873017,6629.1773986816415,6932.374909877778,6867.720129013062
6999.999999999999,6698.899220466615,7156.921696186067,6617.01691377163,6959.631953001023,6858.117445856334
6999.999999999999,6706.663448095323,7177.257640838624,6611.185683727265,6970.984439134599,6866.522802948953
6999.999999999999,6748.2169033288965,7169.275191545487,6539.729247689248,6980.5423827171335,6859.440931320191
5500.0,6769.558816790582,7239.766575336457,6601.911262989045,7006.340481758119,6904.394284218551
6999.999999999999,6796.294690370561,7284.136660575868,6560.5545378923425,7020.581925153733,6915.391953498126
6999.999999999999,6793.205696582795,7348.578179359437,6557.560189485551,7050.089792490006,6937.358464479447
8000.0,6801.734939932824,7371.798948287965,6463.03962469101,7083.342145204545,6929.978914529086
5000.0,6728.96586751938,7320.358150482179,6428.875535249711,7132.208919286729,6902.6021181344995
6999.999999999999,6848.469506502152,7357.216120243073,6770.556932926179,7110.395845413209,7021.659601271153
5500.0,6786.845031023026,7221.723611354829,6680.9785928726205,7058.143329143525,6936.9226410985
5800.0,6782.929853320123,7193.903655529023,6680.406587600709,7011.018195390702,6917.064572960139
5000.0,6800.688054561616,7228.65876197815,6621.174697756768,7012.296941280366,6915.704613894225
8000.0,6793.673550605775,7281.5328793525705,6651.8431075811395,6999.909555435182,6931.739773243667
5500.0,6748.6611993312845,7317.1187160015115,6649.508383750916,7043.366250753404,6939.663637459279
6000.0,6702.436643242837,7201.488511562348,6739.764533519746,6980.487827301026,6906.044378906489
5000.0,6768.256099581719,7283.825860023499,6722.353089809419,6977.053315877915,6937.872091323138
6000.0,6813.065107941628,7320.758223533631,6722.648185014726,6937.7081151008615,6948.544907897712
6000.0,6762.908842206002,7279.987969160081,6736.543284177781,6903.284474134446,6920.681142419578
6000.0,6799.377071380616,7319.86632514,6819.377417564393,6903.787871837617,6960.602171480657
6999.999999999999,6836.864494919778,7332.896803617478,6742.115375995637,6878.331570744515,6947.552061319352
8000.0,6827.729355812074,7326.564242362977,6631.919634938241,6863.293700933457,6912.376733511687
6000.0,6772.41884315014,7270.641634464265,6517.663235068322,6886.715746283532,6861.859864741565
6000.0,6764.437220454217,7225.1523365974435,6633.091336488725,6891.653424739839,6878.583579570056
6999.999999999999,6805.058274030686,7206.611761093141,6687.9773914814,6853.815110683442,6888.365634322167
6999.999999999999,6811.672291636468,7192.066129922868,6586.576231479646,6850.621965646745,6860.2341546714315
5500.0,6788.055582642556,7246.370260477067,6500.488611459733,6890.697465062142,6856.402979910375
6000.0,6800.387999773026,7216.03827571869,6412.440302848817,6878.76181459427,6826.907098233701
6999.999999999999,6746.502127408982,7166.020878314973,6542.5458776950845,6854.931016921998,6827.499975085259
6999.999999999999,6638.588621258737,7042.742169857026,6493.1219770908365,6868.524821400643,6760.744397401811
6000.0,6633.828661203385,7131.738585472108,6538.219467878343,6927.746792078019,6807.883376657964
6999.999999999999,6666.252350211144,7108.949300289155,6608.345908999444,6910.97389471531,6823.630363553763
6999.999999999999,6683.31910288334,7173.332957267762,6475.341457724572,6954.653357982636,6821.661718964578
6500.0,6644.762475848199,7225.114313125611,6498.820124983788,7032.266703367234,6850.240904331208
6999.999999999999,6735.501771688462,7308.046811580659,6639.0300241708765,7068.283197164536,6937.7154511511335
6600.0,6721.33926832676,7181.866746902467,6519.269313454629,7036.970868110658,6864.861549198628
6000.0,6799.141904473306,7218.782578468324,6558.359922289849,7063.71955394745,6910.000989794732
6000.0,6854.645840883256,7253.083883047105,6495.932820916177,7073.414712667466,6919.269314378501
5000.0,6857.321122765542,7353.030231952668,6489.10678112507,7124.143810272218,6955.900486528874
6000.0,6859.546322464944,7358.9833850860605,6609.3072415590295,7071.039898872376,6974.719211995603
6000.0,6862.064964175225,7373.1975507736215,6542.43676686287,7047.723244667054,6956.355631619693
8000.0,6871.588190674783,7375.298760890962,6701.267008185388,6994.368874311448,6985.630708515645
6000.0,6843.457020998002,7324.501055717469,6553.704526782037,6997.168559074403,6929.707790642978
6999.999999999999,6773.9505277872095,7216.319318771363,6535.546252489091,6972.491325855256,6874.57685622573
6000.0,6734.208147048951,7224.888652086259,6487.912348151208,7011.651368856431,6864.665129035712
6000.0,6776.512152552606,7279.276268959046,6591.99126982689,7055.403985977174,6925.795919328929
8000.0,6795.989675998689,7272.069994449616,6649.869193434716,7045.877453088761,6940.951579242946
5500.0,6767.739476323129,7229.291935443879,6525.891597032548,7088.87869334221,6902.950425535441
6000.0,6841.219835639001,7296.591827392579,6523.940001010896,7105.675975322724,6941.8569098413
6000.0,6858.673435807229,7338.945842027665,6575.648203015328,7077.61795949936,6962.721360087396
6000.0,6862.6249837875375,7303.358352184297,6498.182818531991,7047.178517103196,6927.836167901755
6000.0,6894.570899605752,7304.075838565827,6488.3124212026605,7077.307158946992,6941.066579580308
6999.999999999999,6925.11284005642,7360.215014934541,6480.426683783532,7079.538971424104,6961.323377549649
6999.999999999999,6945.270653009416,7374.534985065461,6493.399300456048,7093.907710790635,6976.77816233039
6000.0,6896.483645558358,7324.676294326783,6448.3807497024545,7053.797907590867,6930.834649294616
6000.0,6878.663449525834,7305.970399379731,6485.885945081712,7015.139609098435,6921.414850771428
6999.999999999999,6832.803422808648,7276.428641557694,6496.314708828927,7020.763776540757,6906.577637434007
5000.0,6806.915224671365,7222.2013845443735,6538.483978986741,6991.150104761125,6889.687673240901
8000.0,6800.844281435014,7240.144330263139,6615.208732366563,6968.85264492035,6906.262497246266
5800.0,6799.370045304299,7238.093542575837,6622.693983435632,6991.698138713838,6912.963927507401
6000.0,6785.188943505288,7304.833001613618,6638.800643444062,7008.916985273362,6934.434893459083
6999.999999999999,6786.563987970353,7293.265600204469,6648.561516642571,6978.984246969224,6926.843837946654
6000.0,6798.638506770135,7301.53157234192,6669.280175805093,6964.020357608796,6933.367653131486
6000.0,6763.447370290757,7168.18986940384,6655.71116924286,6908.951624631883,6874.075008392335
6600.0,6769.024834990502,7162.760778903962,6678.571541786195,6863.099450588227,6868.364151567222
6999.999999999999,6755.842675924302,7067.685567378999,6657.783861756326,6826.8023270368585,6827.028608024121
6000.0,6787.07978463173,7080.089485168458,6666.757401108743,6878.750655531884,6853.169331610204
6000.0,6804.599512577058,7096.765257358552,6649.902670621873,6909.463288307191,6865.182682216168
5500.0,6764.064011812211,6938.600840091706,6635.149150252343,6835.172863721848,6793.246716469527
5000.0,6795.126708507539,6972.087119817735,6674.412104606629,6791.854210138322,6808.370035767556
6000.0,6804.190346956254,6988.595919370652,6683.627423644067,6754.544918298722,6807.739652067424
6000.0,6803.479060053826,7014.826328754426,6690.4063473939905,6734.8037103414545,6810.878861635924
5000.0,6784.72480916977,7031.287185668946,6616.884658217431,6742.322025299073,6793.804669588805
6000.0,6747.9734704494485,7036.116166591645,6606.212461590768,6681.060425996781,6767.840631157161
8000.0,6732.06478047371,6994.796225070954,6625.9313514232645,6645.060464143754,6749.463205277921
6999.999999999999,6709.942972540856,6968.769158601762,6676.845606803895,6690.055456876756,6761.403298705817
6999.999999999999,6647.357164502145,6975.822512626649,6613.012050271035,6711.708997488023,6736.975181221963
5500.0,6661.176216721536,6990.4822142124185,6606.473253011704,6759.911600708962,6754.510821163655
6999.999999999999,6636.982956171037,6962.724253177644,6551.10074555874,6754.66146850586,6726.36735585332
6000.0,6664.9938559532175,7058.840977191926,6573.458960294724,6803.337711930276,6775.157876342536
6999.999999999999,6628.749221324922,6940.343307018281,6535.565677523614,6799.641169190408,6726.074843764306
6000.0,6669.797625660897,6993.591046333314,6607.438718557359,6857.115300059319,6781.985672652722
8000.0,6682.885139346124,7014.335330009461,6584.756891012193,6884.653386235238,6791.657686650754
6999.999999999999,6712.82077074051,7006.828174114228,6602.116259098054,6958.63590335846,6820.100276827813
6999.999999999999,6716.175102233888,7063.765843391419,6609.931322455407,7047.185129880906,6859.264349490405
8000.0,6753.44967699051,7118.859374284745,6602.421686768533,7125.190282344819,6899.980255097152
8000.0,6775.248698711396,7126.570699691773,6605.951670169831,7217.076481819154,6931.211887598039
6000.0,6756.448571681977,7117.988140821458,6563.118229150773,7313.804887771607,6937.839957356454
6000.0,6815.671368956567,7155.526400089265,6612.254887223245,7319.410870075227,6975.715881586076
6000.0,6869.359684586526,7232.365223884583,6651.370293974877,7393.752543687821,7036.711936533452
6000.0,6937.825491905213,7315.511811017991,6718.553222417832,7426.053483009339,7099.486002087594
5000.0,6997.221461296082,7403.768422126771,6748.689716935159,7462.957742214204,7153.159335643054
8000.0,7011.3868577480325,7440.661935567857,6791.820732951165,7431.998370170594,7168.966974109412
6000.0,7022.107823610307,7486.395906209947,6801.033572196961,7473.947352170945,7195.87116354704
6000.0,6971.303505659104,7587.7772278785715,6796.919184565545,7499.07673406601,7213.769163042308
6000.0,6968.6534349918375,7616.752766609193,6804.754086256028,7474.916950702668,7216.269309639932
8000.0,6915.984313726426,7532.393561363221,6785.655557632447,7373.953060626985,7151.99662333727
8000.0,6893.394238471986,7517.881820678712,6771.049171566964,7376.285717964173,7139.652737170459
5500.0,6812.269921422006,7506.478085517884,6744.352148056031,7414.864663124085,7119.491204530002
6000.0,6796.623676061631,7580.883407115937,6756.0195677280435,7429.1565289497385,7140.670794963838
6000.0,6795.021317362786,7569.974803686143,6728.267392873765,7392.161344051362,7121.356214493514
6999.999999999999,6801.9994510412225,7604.666262149812,6712.531461715699,7382.605880260468,7125.4507637918005
5500.0,6793.361096858979,7580.90159225464,6719.261202931405,7314.170243740083,7101.923533946277
6000.0,6818.094125390054,7642.301233291627,6755.694301724435,7293.652447700501,7127.435527026654
6999.999999999999,6815.099363684655,7521.507276058198,6731.3270424604425,7191.663577079774,7064.899314820767
5000.0,6818.31400024891,7486.691001415254,6709.491237163545,7176.525275707246,7047.7553786337385
8000.0,6824.8370921611795,7431.6049098968515,6675.439978241921,7133.26200413704,7016.285996109248
6000.0,6817.177842378617,7292.145560979844,6646.082964897157,7102.077797651292,6964.371041476727
6000.0,6695.10307276249,7129.0901679992685,6588.17073750496,7043.180266380311,6863.886061161757
6000.0,6710.076467990876,7156.622467994691,6571.307327747346,7060.640479326249,6874.6616857647905
6000.0,6741.141231179238,7171.041629791261,6579.051717042924,7060.983517169953,6888.054523795844
6999.999999999999,6739.264028906823,7200.273413658143,6604.348484873773,7047.343009948731,6897.8072343468675
6500.0,6750.451608896256,7207.940929412843,6627.124131202699,7036.5757546424875,6905.523106038571
8000.0,6758.019106388093,7278.991919517518,6672.651039242745,7020.595150709153,6932.564303964377
6000.0,6736.465584039689,7169.946388483048,6631.137673974038,7026.800415992738,6891.087515622378
5800.0,6734.87438440323,7207.07961511612,6654.819270849229,7035.06225514412,6907.958881378175
6600.0,6724.987041831017,7261.263062477113,6674.84813463688,7054.302958488465,6928.850299358369
6999.999999999999,6711.16096353531,7310.8663346767435,6673.38381767273,7075.906903266908,6942.829504787923
6000.0,6678.1086473464975,7197.013314247132,6650.637102246285,7039.005123853684,6891.1910469234
5500.0,6639.2503123283395,7074.086736202241,6643.684593081475,6980.015013694764,6834.259163826705
6000.0,6633.285173535348,7118.73455810547,6708.291431307794,6952.900971889497,6853.303033709527
6999.999999999999,6643.303945064546,7127.157583713532,6753.471168518067,6918.252083182336,6860.54619511962
6999.999999999999,6654.154686689378,7141.561866760255,6734.106062293054,6922.2490940094,6863.017927438022
6999.999999999999,6643.384951591493,7138.127355337144,6730.707094550134,6942.137022972108,6863.5891061127195
6000.0,6636.060886979104,7219.185957908631,6715.746924877168,6993.253794670106,6891.061891108752
8000.0,6644.714119911195,7242.794400930406,6706.446053028108,7009.118674993516,6900.768312215806
6000.0,6615.540197849275,7180.116014003755,6640.289758324624,7061.249681472779,6874.298912912608
6000.0,6690.092653751374,7271.191321611405,6665.371197581292,7083.890179157258,6927.636338025332
6999.999999999999,6663.310077428819,7157.083709239961,6663.976728081704,7038.315741777421,6880.671564131976
6999.999999999999,6731.202639579774,7185.733568668366,6675.416006922723,7043.920897483827,6909.068278163672
5000.0,6781.539516806603,7227.225442409516,6687.469034194947,7104.790689706803,6950.2561707794675
6000.0,6825.280561566354,7244.182257652284,6766.181340575219,7069.60161972046,6976.311444878579
6999.999999999999,6880.987840890885,7266.769853115083,6802.039127707482,7032.522948503495,6995.579942554236
6000.0,6869.579559445382,7245.246914863587,6762.052900791169,7059.976721763612,6984.214024215938
5500.0,6840.06755912304,7268.7065703868875,6727.225053787232,7063.923723459245,6974.980726689101
5000.0,6808.674223542214,7136.618815422059,6787.906381845475,6950.816293716432,6921.003928631545
5500.0,6849.0043148994455,7179.320000886918,6778.772482633592,6925.381070852281,6933.119467318059
6999.999999999999,6871.5435544252405,7215.0372664928445,6793.104438424111,6879.696696043015,6939.845488846303
6000.0,6849.479194998742,7177.211351394654,6744.809669613839,6876.203082919122,6911.925824731589
6000.0,6792.634931206704,7152.259687900544,6718.745406270028,6860.64900314808,6881.072257131339
6000.0,6765.259271383286,7172.989092826844,6718.463949918748,6839.543909788133,6874.064055979253
8000.0,6763.250640153886,7222.183199405671,6761.463123679162,6807.047893524171,6888.486214190722
7499.999999999999,6754.868117809297,7255.513252258302,6709.406510949136,6851.7056345939645,6892.873378902675
6999.999999999999,6707.621060967446,7226.452574014665,6639.678076386453,6899.89955854416,6868.412817478181
8000.0,6692.493505358697,7234.658204555512,6609.218382358552,6967.897098541261,6876.0667977035055
8000.0,6676.657555937768,7219.534781932832,6596.058128118516,7054.265761613847,6886.629056900741
6999.999999999999,6654.839109182359,7258.16580271721,6591.9635788202295,7172.337734222413,6919.326556235553
6999.999999999999,6658.69518518448,7127.977568149568,6558.748422980309,7185.784817695619,6882.801498502494
5500.0,6715.834130883218,7192.343039989472,6603.817809462548,7233.946504354478,6936.485371172429
6000.0,6778.60881638527,7272.239446878434,6674.873759150506,7293.331727981568,7004.763437598945
6600.0,6774.6415630579,7282.263591289521,6727.445341944695,7304.333736896516,7022.171058297158
8000.0,6777.606153964997,7238.5299859046945,6728.442631483079,7299.098070144654,7010.919210374356
6999.999999999999,6887.400168776513,7352.355728626252,6730.811659097672,7411.344185590745,7095.477935522796
6000.0,6911.755029082299,7406.10107946396,6772.83503484726,7462.9230251312265,7138.403542131186
6000.0,6884.907564878465,7380.1021173000345,6783.4460632801065,7456.079626798631,7126.133843064309
6999.999999999999,6922.544189214707,7411.5880317688,6762.558364987374,7480.125339746476,7144.203981429339
5800.0,6955.304716587068,7481.2428991794595,6736.965675354005,7535.070083141328,7177.145843565465
6999.999999999999,6980.464682579041,7558.213151931764,6773.634767651559,7534.002119541169,7211.578680425883
6999.999999999999,6997.313213586808,7638.174860000611,6773.68477678299,7567.818211555482,7244.247765481473
6999.999999999999,6982.185657978059,7593.360065460206,6764.191721081735,7525.994045734406,7216.432872563601
6000.0,6972.059842109681,7640.45461511612,6783.919290184976,7509.54062819481,7226.493593901397
8000.0,6987.371728897096,7706.52287721634,6788.71190083027,7509.452182292939,7248.014672309161
6000.0,6962.264665126801,7779.043557167054,6749.2220455408105,7556.864145278932,7261.848603278399
6000.0,6924.682182908059,7700.172130823136,6724.319564580918,7515.477249383927,7216.16278192401
6500.0,6936.123528242112,7642.476471900941,6715.7051817178735,7452.864990234376,7186.792543023826
6999.999999999999,6953.565556049348,7607.51967573166,6775.984783530236,7356.765624761582,7173.458910018207
6000.0,6978.886708498002,7475.1525309085855,6758.122844338418,7271.283073902131,7120.861289411784
6000.0,6965.094107389451,7317.567558288575,6752.696233630181,7168.503976345063,7050.965468913318
6999.999999999999,6940.610297918321,7287.537281513215,6692.088472723962,7153.915362119676,7018.537853568793
5000.0,6904.325160026551,7278.125645637513,6687.292555689813,7131.016966104508,7000.190081864596
6000.0,6893.015243649484,7340.9023976326,6752.362701654435,7096.42056632042,7020.675227314235
6000.0,6880.227784752847,7385.443588495255,6721.453752040864,7081.253334045411,7017.094614833594
6000.0,6851.7283660173425,7364.265341281892,6697.691148638726,7053.619362592698,6991.826054632665
5000.0,6782.554991483689,7234.811951637269,6743.273438692094,6931.430109262467,6923.01762276888
8000.0,6764.353734135629,7206.180277347566,6724.252610206605,6850.259089469911,6886.261427789927
6000.0,6743.37304365635,7211.559772014619,6627.302676200868,6876.671350240708,6864.726710528136
8000.0,6707.0300439596185,7224.1372752189645,6589.134549856187,6879.6479268074045,6849.987448960544
5500.0,6673.224284410478,7178.757088184358,6565.1433923244485,6915.942570567132,6833.266833871604
6000.0,6665.620416641236,7218.542865276338,6713.254320979119,6881.439989566804,6869.714398115874
6000.0,6704.167951107026,7160.857125520707,6685.3277341127405,6851.017905712129,6850.342679113151
6999.999999999999,6696.069778203965,7136.040197372437,6635.715782642365,6866.384761214257,6833.552629858256
5000.0,6677.390334367753,7121.506965160371,6667.324033498765,6862.16208934784,6832.095855593682
6999.999999999999,6724.948605060578,7165.048799991609,6698.657854080201,6831.775549173356,6855.107702076436
6000.0,6695.6449072361,7041.3915100097665,6621.887637853623,6812.004997015,6792.732263028623
5500.0,6685.78112268448,7063.829491376878,6654.033590197564,6831.895405769349,6808.884902507068
6999.999999999999,6714.689707040788,7092.589288234712,6676.248390316964,6829.180447220803,6828.176958203317
6999.999999999999,6672.019518971444,7108.9377279281625,6649.746443748475,6874.27256512642,6826.244063943625
5800.0,6632.365997433663,7066.910219192506,6609.832957386971,6870.704144954682,6794.953329741956
6600.0,6598.345322608949,7092.726503372193,6643.370486140252,6877.708316445352,6803.037657141686
8000.0,6646.821116209031,7099.754232883454,6656.462959408761,6883.684201002122,6821.680627375842
6999.999999999999,6637.857082724572,7079.471190452577,6566.010906100274,6935.565575122834,6804.726188600064
6999.999999999999,6682.950027227403,7175.530052661897,6536.366650223733,7036.217011451722,6857.765935391189
6999.999999999999,6720.879680275918,7195.938737869264,6574.198351502419,7070.690248250962,6890.426754474641
8000.0,6791.442564725877,7213.156757831574,6543.796932578088,7119.380957126618,6916.944303065539
6999.999999999999,6805.350476145745,7264.382640361787,6515.105329990388,7212.25080728531,6949.272313445807
6000.0,6846.291009545327,7367.611406803132,6559.261326551438,7273.124732494355,7011.572118848563
6999.999999999999,6855.740668892861,7257.081307172776,6637.977352619172,7225.202759027482,6994.000521928073
6000.0,6934.910083532334,7289.58228302002,6651.887743830682,7253.965862274171,7032.586493164302
6999.999999999999,6913.302005767823,7193.321731090547,6638.110021471978,7245.685011386872,6997.604692429305
6000.0,6932.694802999497,7266.387965202332,6652.823865175248,7290.512204885484,7035.60470956564
8000.0,6942.42219901085,7306.354767084123,6721.749260544778,7281.587434768678,7063.028415352107
6999.999999999999,6951.960304260255,7337.715038776399,6652.456856012345,7343.01683330536,7071.28725808859
6999.999999999999,6889.198017716409,7337.7836463451395,6692.524502754212,7333.863095760346,7063.342315644027
6999.999999999999,6950.479868650437,7448.817143678666,6687.731892108918,7425.369887113572,7128.099697887898
6000.0,6920.768658399583,7448.107096672059,6663.012915730477,7466.110383987428,7124.499763697387
6999.999999999999,6972.515297174455,7496.746556520463,6725.9533339738855,7468.135547161103,7165.837683707477
6000.0,6966.0298154354105,7591.4936089515695,6699.164558172227,7520.303750514985,7194.247933268548
8000.0,6959.412078142167,7576.5528643131265,6710.704681873322,7473.732436895371,7180.100515305997
6000.0,6928.236137628556,7587.7706151008615,6693.04815208912,7456.321819782258,7166.344181150199
6000.0,6952.957180500031,7658.881120204926,6701.054572701455,7478.143986225129,7197.7592149078855
6000.0,6989.867225885392,7662.2536368370065,6752.68052828312,7421.396434307099,7206.5494563281545
5000.0,6966.437327861787,7576.239583969117,6736.35977959633,7337.695200443269,7154.182972967626
6000.0,6961.115694999696,7532.79942059517,6753.951008200646,7249.392299890519,7124.314605921508
5000.0,6944.396939754487,7495.232230424882,6716.35984671116,7187.547949552537,7085.884241610766
6999.999999999999,6927.446323990823,7480.439446687699,6743.899172782899,7112.36479997635,7066.037435859443
6000.0,6820.0535740852365,7352.478065013886,6706.113347649575,7049.8591718673715,6982.126039654017
8000.0,6766.720695257188,7318.847130775453,6770.105610847474,6981.16398382187,6959.209355175496
5500.0,6755.890205264092,7356.797862052918,6697.121209859849,7030.249806165696,6960.014770835639
6000.0,6746.680259108544,7320.558187007905,6745.627174258233,6989.054680824281,6950.480075299741
6999.999999999999,6783.308021545411,7339.662501811982,6768.275937914849,6942.864428520204,6958.5277224481115
6999.999999999999,6789.251668810845,7308.751899003983,6659.282482504846,6929.892225146295,6921.794568866492
5000.0,6769.010369539262,7362.1128821372995,6646.719858050347,6993.982026815415,6942.956284135581
6500.0,6779.2787734270105,7254.083239078523,6681.94075202942,6933.5214002132425,6912.206041187049
6000.0,6805.8621398210535,7247.288609981538,6657.756584048272,6938.708297729493,6912.403907895089
6500.0,6802.0254888534555,7154.951088428498,6721.078476905824,6866.797646522523,6886.213175177575
6999.999999999999,6830.4930835962305,7097.165330410005,6659.616014480592,6865.27298796177,6863.136854112149
8000.0,6799.687045335771,7136.356784105302,6606.857207417489,6922.105266094209,6866.2515757381925
6000.0,6741.981053948403,7086.201344966889,6511.573280096055,6959.916302442552,6824.917995363475
6999.999999999999,6766.921971678735,7127.2187519073495,6536.169506788255,6997.462827682496,6856.943264514209
6000.0,6709.406097650529,7049.8657846450815,6532.13157939911,6975.941542625428,6816.836251080037
6999.999999999999,6776.065376758576,7064.148557901383,6554.021940112115,6973.038533210755,6841.8186019957075
6000.0,6780.943126916886,7100.7684676647195,6507.608919858933,7032.80647134781,6855.531746447087
5800.0,6791.049931049348,7148.564798355103,6528.481326103211,7061.223230361939,6882.3298214674005
6999.999999999999,6787.817109346391,7233.733242273332,6570.21911251545,7088.266184806825,6920.008912235499
6600.0,6774.42747437954,7254.077452898026,6576.89677810669,7103.087899446488,6927.122401207686
6999.999999999999,6792.07780468464,7339.265735149384,6627.436998248101,7141.27173113823,6975.013067305089
6999.999999999999,6772.831728458405,7301.67953324318,6556.674077272416,7146.909950733186,6944.523822426797
6999.999999999999,6745.512690544129,7344.364186763764,6554.886147499085,7154.316261768342,6949.76982164383
5500.0,6690.6820175647745,7221.065639972688,6503.511477470399,7118.613048315049,6883.4680458307275
6999.999999999999,6758.1178847551355,7278.749726533891,6585.819068431855,7101.093320369721,6930.945000022651
6999.999999999999,6789.1309856176385,7333.343166112901,6535.168497562409,7153.446681499482,6952.772332698108
6999.999999999999,6746.162395954133,7314.8034172058115,6553.61029469967,7176.293001890183,6947.717277437449
5000.0,6711.305204749108,7273.4867820739755,6565.1144614219675,7162.4317932128915,6928.084560364486
6999.999999999999,6827.2143857479105,7367.2691955566415,6616.640398740769,7164.344539165498,6993.867129802705
6999.999999999999,6810.503896474839,7376.5477492809305,6530.809023857118,7190.511300563813,6977.092992544175
5500.0,6804.962388753892,7435.149358749391,6545.747702002526,7238.3679728508005,7006.056855589152
6999.999999999999,6792.174103260041,7437.882089138032,6603.033782005311,7218.741248607636,7012.957805752755
8000.0,6753.210377097131,7388.281296730042,6614.287076473237,7191.270943403245,6986.762423425914
5500.0,6678.871183276177,7298.400422096253,6579.727046966554,7213.04103422165,6942.509921640159
5000.0,6731.460951209069,7349.77509212494,6677.955726861955,7238.112554311753,6999.326081126929
6999.999999999999,6788.2490063905725,7341.307430267335,6839.018607258798,7191.375921249391,7039.987741291524
8000.0,6842.494861841203,7383.211776018144,6747.431635975839,7193.60277414322,7041.685261994601
8000.0,6819.198459267617,7347.951618671418,6628.264008760453,7242.143868923188,7009.389488905669
8000.0,6803.344738006593,7406.327567100526,6567.073496818543,7320.787981033326,7024.383445739747
6000.0,6832.702577948571,7465.460678577424,6569.754978179933,7352.163958072663,7055.020548194648
6600.0,6910.30393767357,7457.366638660432,6573.973930358888,7343.6243822574625,7071.317222237588
6999.999999999999,6951.265962600709,7440.027935504914,6652.501078963281,7317.608888149262,7090.3509663045415
8000.0,7005.164233922959,7432.731561899186,6635.629816532136,7336.9727544784555,7102.624591708184
6999.999999999999,6965.595851898194,7437.806042194367,6587.819433689118,7369.25302886963,7090.118589162827
6000.0,6995.548428535462,7413.72230577469,6615.487708926202,7396.643154144288,7105.35039934516
6000.0,7084.460531234742,7507.0219864845285,6703.4723695516595,7425.4269223213205,7180.095452398063
6999.999999999999,7086.305496215821,7484.084740400315,6687.689735651017,7395.608254432679,7163.422056674958
6999.999999999999,7060.346210718156,7464.163747549058,6755.127256035806,7357.81127023697,7159.362121134997
8000.0,7060.391673564912,7446.440676689149,6610.709563732148,7367.222079515458,7121.190998375417
5000.0,7034.177796125413,7555.7391464710245,6569.927323698998,7481.300760984422,7160.286256819964
8000.0,7078.19409775734,7545.386016368867,6761.9024600982675,7461.07640695572,7211.639745295049
6999.999999999999,7004.269029140473,7526.437928438188,6679.195622682572,7481.41731119156,7172.829972863198
6999.999999999999,6996.136139154435,7620.2691111564645,6616.219247460366,7531.3999915122995,7191.006122320891
6000.0,7009.717957973481,7638.036818265916,6600.213019013406,7537.453989505769,7196.355446189643
6999.999999999999,7076.944282770158,7579.53770685196,6600.124573111535,7480.884982585908,7184.37288632989
6000.0,7047.938159942628,7663.5282497406015,6631.65677702427,7498.103002548219,7210.3065473139295
6000.0,7154.942822456361,7792.245141267777,6645.607671499253,7516.409651041032,7277.301321566106
6000.0,7157.416001319886,7814.335125207902,6619.487612843514,7482.852283954621,7268.522755831481
8000.0,7092.223932266236,7685.882744789124,6695.210530400277,7356.977233648301,7207.573610275985
6500.0,7008.721908330918,7588.837752103806,6510.644598126412,7343.805407047273,7113.002416402102
6999.999999999999,6914.783681273461,7536.940672636033,6635.171055078507,7336.58094739914,7105.8690890967855
6999.999999999999,6918.202074050904,7590.843076944352,6585.30037868023,7376.8345785141,7117.795027047397
6999.999999999999,6941.679088115693,7578.172994852067,6632.549502015115,7332.262803554536,7121.166097134353
5000.0,6998.283638715745,7556.000351190568,6536.933695912362,7348.9947843551645,7110.05311754346
6000.0,6984.421603441239,7461.597989797593,6796.083908081056,7266.235871315003,7127.084843158723
6999.999999999999,6998.7018969059,7429.968247413636,6727.327965140344,7221.754195451737,7094.438076227904
5800.0,6986.83857369423,7479.655005931855,6619.824864506722,7227.907385110856,7078.556457310916
8000.0,6994.363914728166,7543.31869673729,6640.902266860009,7225.803695201875,7101.097143381835
6000.0,6921.630385994912,7553.723902463914,6562.113086938859,7257.5698261260995,7073.759300380946
6999.999999999999,6920.285512328149,7519.9293019771585,6653.551270723344,7199.375729084016,7073.285453528167
5000.0,6873.67658853531,7398.134335517884,6594.843856811524,7140.72204399109,7001.844206213952
6999.999999999999,6966.972962856294,7487.517598628999,6635.034666538239,7145.382399082185,7058.726906776429
5000.0,6875.412029385568,7367.7783794403085,6543.065394043923,7104.989073038102,6972.811218976975
6999.999999999999,6894.756883978845,7342.280335187913,6679.288614869119,7043.606790542603,6989.98315614462
6999.999999999999,6834.6504542827615,7303.089708089829,6558.290074825288,7043.547275543214,6934.894378185273
6999.999999999999,6751.6836520433435,7352.680581331254,6582.836705684663,7081.462463140489,6942.165850549937
6000.0,6749.694032549859,7295.094033241273,6569.906658768655,7046.714796066285,6915.352380156518
6999.999999999999,6787.342229247094,7336.592519760133,6544.922757983209,7059.403063297273,6932.065142571927
5000.0,6759.630144357682,7379.535071611405,6483.3020021915445,7060.925655364991,6920.848218381406
5500.0,6886.080919623376,7423.462927341462,6653.976141691209,7025.624994754792,6997.28624585271
6000.0,6847.683412551881,7334.368973255158,6562.0887023210535,6954.583923816682,6924.681252986194
6999.999999999999,6871.430723905564,7337.006644964219,6611.665523409844,6966.100076198579,6946.550742119552
6999.999999999999,6864.509625434876,7299.522941112519,6527.519166946412,6985.345739126206,6919.2243681550035
6000.0,6853.339403986932,7298.860010147096,6462.29568719864,7026.688825368882,6910.295981675387
5500.0,6816.310741901399,7253.452545404435,6469.462698340417,6975.190992355348,6878.6042445004
8000.0,6885.616371989251,7354.016362428666,6566.796586751939,6974.576004028321,6945.251331299544
6999.999999999999,6897.297017216683,7365.097724676133,6570.590667963029,7017.039956092835,6962.50634148717
6000.0,6836.081294059754,7327.231306314469,6592.285538434983,7054.722043275834,6952.58004552126
6000.0,6853.0224039554605,7356.8689494133005,6631.644791364671,7024.879404067994,6966.603887200356
5000.0,6862.465450525285,7217.160794734956,6668.880516052247,6977.97910475731,6931.621466517449
6999.999999999999,6929.280129909516,7246.903415679933,6759.4280413389215,6964.074913024903,6974.921624988318
5000.0,6947.892619371415,7178.484311103822,6719.290547132493,6939.477033138276,6946.2861276865015
6000.0,6961.909228324891,7227.896639347077,6766.316902518273,6901.558539152146,6964.420327335597
5500.0,6941.081458330155,7146.417298793794,6793.200323700906,6839.894387006761,6930.148366957904
6000.0,6914.250939369203,7212.200384855271,6802.568563222886,6827.11271429062,6939.033150434495
8000.0,6858.774280667306,7139.05562400818,6764.459538578988,6786.174660682679,6887.116025984288
6000.0,6783.982938170434,7044.658222198487,6688.4311933517465,6824.8015484809885,6835.468475550414
5000.0,6708.851864218713,7016.782057762147,6664.145767211915,6807.946817994119,6799.431626796723
6600.0,6714.771126866342,7023.266712903977,6652.355184555055,6778.524916768075,6792.229485273362
6999.999999999999,6705.490919947625,6981.617785692216,6626.4144974946985,6757.895116806031,6767.854579985143
6999.999999999999,6719.023142933846,7040.893898487092,6629.599376559258,6794.873769760133,6796.097546935082
6999.999999999999,6738.315508604051,7105.716478586198,6635.849278092385,6845.781412363053,6831.415669411422
6000.0,6764.908380866052,7136.355130910874,6654.48739206791,6833.568025231362,6847.32973226905
6999.999999999999,6785.336077809335,7086.951068639756,6681.012483358384,6796.462076306344,6837.440426528455
6999.999999999999,6809.746733427049,7040.312800645829,6679.58577656746,6845.150305390359,6843.698904007674
6000.0,6805.393872499467,7076.480561733247,6668.131205677987,6878.058380365373,6857.016005069018
6500.0,6831.671811223031,7159.713114976884,6695.474214911462,6915.478022933007,6900.584291011096
6999.999999999999,6801.23195552826,7034.5001690387735,6644.7604093551645,6924.4441229105005,6851.234164208175
6000.0,6786.489594221116,6996.857758522035,6676.805516839028,6901.824703454972,6840.494393259288
6999.999999999999,6803.300928354264,7026.7524733543405,6700.066375732423,6911.26857662201,6860.347088515759
6999.999999999999,6812.33150291443,7050.858527898789,6697.567159056664,6974.358608961106,6883.778949707747
8000.0,6805.595562219621,7139.959921360017,6671.771539807321,7052.990322113038,6917.579336374999
8000.0,6812.927892804147,7108.334311962129,6667.010753154756,7124.565374851228,6928.209583193065
8000.0,6853.2914613485345,7224.07445383072,6688.346053838731,7240.866776227952,7001.644686311484
5000.0,6855.683220386506,7295.6428937912,6655.700423479081,7325.769882440568,7033.199105024339
6000.0,6900.382291316987,7399.956155776978,6729.365527272225,7358.985864877702,7097.172459810973
6999.999999999999,6949.083745956422,7449.399068117143,6764.152457714082,7384.553343296052,7136.7971537709245
5000.0,6931.168491244317,7326.74361395836,6776.200112104417,7328.240581512452,7090.588199704886
8000.0,6951.628012180329,7384.458284616471,6840.480857729913,7315.932548999787,7123.124925881625
6999.999999999999,6962.672177553178,7481.000706195832,6839.538123607636,7396.583639144898,7169.948661625386
6000.0,6920.592593193055,7484.085566997529,6798.595937013627,7424.611897468568,7156.971498668195
6999.999999999999,6929.381801366807,7450.228145122529,6817.654375672341,7365.838355779649,7140.7756694853315
5500.0,6936.4012649059305,7415.2663893699655,6791.598378300668,7336.297424554826,7119.890864282847
8000.0,6985.704482316972,7444.026186227799,6825.129294276238,7341.044572353364,7148.976133793593
6000.0,6982.517123460771,7485.046899557115,6790.515122652055,7344.513800859452,7150.648236632348
6999.999999999999,6947.218116044999,7439.358391761781,6792.683287143708,7285.4311118125925,7116.17272669077
6500.0,6918.133466482163,7455.404296875001,6771.447178125382,7329.130000114442,7118.528735399247
6999.999999999999,6887.602271795274,7504.841423034669,6755.011945724488,7353.932876110078,7125.347129166127
6999.999999999999,6895.160676717759,7487.267966270448,6752.783439636231,7306.294425487519,7110.376627027989
6000.0,6905.683672547341,7552.45838212967,6723.236308932305,7348.672411441804,7132.51269376278
6999.999999999999,6936.132620811463,7609.2720618247995,6757.1222484111795,7332.955492019654,7158.870605766774
6000.0,6967.468094587327,7592.854187965394,6751.849384784699,7317.094744682313,7157.316603004933
5000.0,6965.747945785523,7547.192957878114,6750.193297266961,7265.442337989808,7132.1441347301015
6999.999999999999,6962.651512622834,7430.654323101045,6755.424417734147,7181.450141906739,7082.545098841191
6000.0,6917.436645030976,7332.78686618805,6709.879324555398,7152.000962972642,7028.025949686767
8000.0,6862.963888645173,7232.328027009965,6695.648213624955,7116.992917776109,6976.98326176405
5000.0,6875.808796048165,7325.902964591981,6707.453261733056,7197.874628543855,7026.759912729264
6999.999999999999,6872.630943059922,7357.588088989259,6762.217393636704,7153.686394691468,7036.530705094338
6999.999999999999,6858.2502180337915,7370.729331493379,6753.727000355721,7188.112515449525,7042.704766333104
6000.0,6834.541343450547,7470.549211025239,6771.173574447633,7220.138197898866,7074.100581705571
8000.0,6805.275255799294,7329.498662471772,6761.9024600982675,7150.387445211411,7011.765955895186
6999.999999999999,6807.651309490205,7294.312898874284,6727.270516633988,7170.542365074159,6999.944272518159
6000.0,6788.395727396012,7335.611348867417,6733.636968374253,7180.931038856507,7009.6437708735475
6999.999999999999,6820.899596333505,7309.7181911468515,6770.6424857378015,7153.77732038498,7013.759398400784
6999.999999999999,6855.145105600358,7398.579871416093,6804.682998895646,7191.218867778779,7062.406710922719
6600.0,6820.143673181535,7345.56605911255,6777.8421474695215,7205.013948678971,7037.141457110644
6999.999999999999,6810.686574459077,7386.987672090531,6758.362144231797,7227.324634075166,7045.840256214143
6999.999999999999,6819.929584503175,7353.970072984696,6730.279330492021,7231.847774028779,7034.006690502168
6000.0,6850.784391999246,7347.554025411607,6716.568149209023,7263.094801902772,7044.500342130662
6000.0,6841.573619246484,7353.63530111313,6720.027458548547,7267.241840124131,7045.619554758073
5500.0,6874.506905436517,7294.567490816117,6736.457318067552,7214.965352535249,7030.124266713859
8000.0,6917.027479410172,7354.275087356568,6782.135080099107,7201.439742326737,7063.719347298146
5000.0,6917.318028330804,7305.400873899461,6737.990242600442,7215.937430858613,7044.16164392233
8000.0,6930.37785100937,7332.350422859193,6780.609181642533,7202.797841548921,7061.533824265004
6999.999999999999,6964.835382461549,7424.26142024994,6770.678442716599,7280.9881517887125,7110.1908493042
6999.999999999999,6914.6014165878305,7383.015872478486,6731.006322741509,7254.751129627229,7070.843685358764
6000.0,6953.633337020875,7413.900850772859,6742.28937470913,7283.583667039872,7098.351807385684
6999.999999999999,6935.177074432374,7333.332420349122,6778.679903745652,7227.722227334977,7068.727906465531
6999.999999999999,6971.511808156968,7442.976407766343,6830.686507344247,7233.116600751878,7119.572831004859
6999.999999999999,6985.635874748231,7407.33270931244,6820.150285959245,7220.725081920625,7108.460987985135
6999.999999999999,6990.343345880509,7394.429526805879,6789.938984394074,7259.438762426377,7108.53765487671
6000.0,6983.520612478257,7459.4463572502145,6802.485076904298,7304.660242795945,7137.528072357179
6999.999999999999,6950.029373168946,7362.138506650926,6821.11037862301,7235.389743089677,7092.16700038314
6000.0,6962.291942834855,7371.343493223191,6790.961485147477,7260.512512207032,7096.277358353139
6999.999999999999,6994.623466253282,7419.433265924455,6830.94771206379,7248.720276355744,7123.431180149318
8000.0,6985.845830440522,7434.368224382401,6782.1359066963205,7278.767085075379,7120.279261648656
6999.999999999999,6934.86048769951,7418.994342803956,6730.409106254579,7273.210698604585,7089.368658840657
6999.999999999999,6927.798867702485,7413.054415225984,6702.863167405129,7274.3299112319955,7079.511590391398
5000.0,6905.357579946519,7375.9385471344,6697.882092595101,7266.425988674165,7061.401052087546
5400.0,6933.178775668145,7332.162785291673,6745.492025613786,7223.642143487931,7058.618932515384
5500.0,7001.39908361435,7378.900244951249,6789.493448495866,7210.074376821519,7094.966788470746
8000.0,6990.901298999787,7431.699968576432,6864.064502835275,7166.891285181046,7113.389263898135
5500.0,6998.040619134904,7518.023168802262,6834.864129662515,7231.079038619996,7145.501739054919
5000.0,6945.155755996705,7402.138372421266,6814.993559241296,7163.644411325456,7081.4830247461805
6999.999999999999,6958.3143570423135,7500.365399122239,6873.9692039489755,7125.590355396272,7114.55982887745
8000.0,6893.862919092179,7376.150156021119,6782.444227457047,7069.471017360688,7030.4820799827585
6000.0,6825.0024116039285,7312.178971052171,6755.224381208421,7015.5413353443155,6976.986774802209
8000.0,6806.407693982125,7274.789499282838,6712.181811094285,6997.6298003196725,6947.75220116973
6500.0,6810.51298904419,7346.973754167558,6695.628375291825,7070.010785341264,6980.781475961209
6999.999999999999,6780.222747445107,7363.78591489792,6705.121017694474,7103.857461452485,6988.246785372497
6999.999999999999,6816.855469465257,7329.132479906083,6690.148035764695,7112.571449279786,6987.176858603955
5800.0,6818.335491776467,7278.732367992402,6686.273774623872,7111.91017150879,6973.812951475383
6500.0,6857.474456548692,7274.090198040009,6719.021903038026,7117.168982982636,6991.938885152341
6999.999999999999,6914.656798601151,7330.978271484376,6737.035109519959,7166.497824907304,7037.292001128198
8000.0,6916.408771395684,7307.840988874436,6725.068461656571,7208.126913785935,7039.361283928157
6000.0,6918.0359280109415,7373.230614662171,6713.317968964578,7304.861105918885,7077.361404389144
6999.999999999999,6929.790553689004,7356.623450040818,6754.680480241776,7292.6985545158395,7083.4482596218595
6000.0,6882.836112260819,7307.590529918672,6701.562929987908,7318.6851177215585,7052.668672472239
5400.0,6894.866408109666,7305.1454553604135,6725.659065365792,7307.132595062257,7058.200880974532
6000.0,6927.436404824258,7291.333015918733,6766.304916858674,7289.378113508225,7068.613112777472
8000.0,6955.573360681535,7370.099464416505,6777.900009274484,7313.229576110841,7104.200602620841
6600.0,6949.916129350663,7438.535100936891,6753.479434490205,7355.8538880348215,7124.446138203145
6000.0,6959.045068979264,7497.44999074936,6750.001113414765,7368.218955755235,7143.678782224656
6000.0,6956.032948732377,7384.600459337235,6723.047018170358,7310.572892665864,7093.5633297264585
8000.0,6983.22551727295,7443.445088386537,6750.571052193643,7304.166764259339,7120.352105528117
8000.0,6974.74793624878,7549.154473066331,6710.504232048989,7389.130212068559,7155.884213358165
6999.999999999999,6918.907574772836,7526.020496845246,6654.267103910447,7416.293023109437,7128.8720496594915
8000.0,6896.292288303376,7502.536043405534,6694.444688081742,7396.743999004365,7122.504254698754
6999.999999999999,6911.275602698327,7551.993834495545,6682.737178444863,7463.998428106309,7152.501260936261
8000.0,6864.266605854035,7488.401231050492,6716.090376019479,7480.474163770677,7137.308094173671
6999.999999999999,6896.062080979348,7500.275300025941,6691.152764678002,7541.544819116593,7157.258741199971
6999.999999999999,6914.036850690843,7501.492877721787,6693.34283399582,7564.194409370423,7168.266742944718
5800.0,6956.355321645738,7515.342514038087,6694.257877111436,7605.178752422334,7192.7836163043985
6999.999999999999,7010.911564350129,7600.70190191269,6815.121681809426,7640.0809931755075,7266.704035311938
5400.0,7049.698812007905,7631.786916732789,6824.808987855912,7691.991298198701,7299.571503698827
6000.0,7082.437847852708,7638.882427215577,6902.993925213815,7675.502336978913,7324.954134315253
6999.999999999999,7051.659500598908,7554.540580511094,6934.624907493592,7585.611543178559,7281.6091329455385
6999.999999999999,7089.353986740113,7610.2937359809885,6919.686229348184,7581.028888225556,7300.09071007371
6500.0,7054.741881608964,7598.6899642944345,6830.587728977204,7590.418205976487,7268.6094452142725
6999.999999999999,7036.473256587983,7664.513553619386,6846.92500960827,7620.214555740357,7292.031593888999
5000.0,7005.4196524620065,7746.108617782594,6865.349448204041,7621.5503368377695,7309.607013821603
6000.0,7119.042878866197,7794.6769902706155,6895.090829253198,7591.485342979432,7350.07401034236
6000.0,7081.525284528733,7707.4164288043985,6907.97004044056,7456.014325618745,7288.231519848109
6000.0,7104.475756168366,7705.60700750351,6894.398554086686,7387.217466115952,7272.924695968629
5000.0,7099.078076362611,7740.277801036836,6891.107870578767,7343.208603858949,7268.4180879592905
6000.0,7103.513597011567,7789.989357471467,6963.597966432572,7262.08139371872,7279.795578658582
6000.0,7022.13510131836,7634.650249481202,6867.6453219652185,7097.929106235505,7155.5899447500715
6000.0,6928.0179159641275,7490.325549364091,6845.407377123834,6938.066858291627,7050.45442518592
6600.0,6883.8734917640695,7476.670989990235,6808.641986250878,6867.515132904054,7009.175400227309
5000.0,6790.0976910591135,7336.2172446250925,6762.955958247186,6779.775971651078,6917.261716395617
6999.999999999999,6763.469688415528,7267.669190883637,6748.690130233766,6690.708881974221,6867.634472876788
6999.999999999999,6681.484883666039,7084.322489500047,6709.4300689697275,6589.112231731416,6766.087418466807
8000.0,6645.571301221848,7025.433224201203,6621.255290985108,6612.150322675706,6726.1025347709665
6000.0,6586.5444074869165,6958.327582597733,6589.541235685349,6660.2458815574655,6698.664776831866
6999.999999999999,6595.428261041642,6997.920762538911,6610.90753376484,6706.2939591407785,6727.637629121543
6000.0,6613.257136344911,6945.243375301362,6575.862291693688,6754.824308156968,6722.296777874232
6999.999999999999,6633.981581687928,7017.213541507722,6606.006638884545,6778.010360002519,6758.8030305206785
6000.0,6654.248092174531,7049.707077980042,6598.9036890268335,6793.814485430718,6774.168336153031
5000.0,6675.127111196519,7047.280188560487,6569.793001651765,6826.504338741303,6779.6761600375185
6999.999999999999,6693.112626671792,6977.1177904605875,6600.115480542184,6801.9672137498865,6768.078277856112
6999.999999999999,6684.187856554986,6948.573735475541,6590.516620397569,6823.450888633729,6761.682275265456
8000.0,6637.233415126801,6875.8307008743295,6589.216382980348,6834.197892308236,6734.119597822429
5400.0,6666.7450021505365,6962.714334011079,6522.506268143655,6962.733345746995,6778.674737513066
6000.0,6714.25326371193,7009.589008808137,6554.974180102349,6997.962092399598,6819.194636255504
6500.0,6734.614419579507,7065.400852680207,6594.330539941789,7035.187897920609,6857.383427530528
8000.0,6726.067817687989,7080.73671078682,6611.320005774499,7058.505378723145,6869.1574782431135
5400.0,6781.639535069467,7175.63007092476,6627.173727035523,7153.438415527345,6934.470437139274
5000.0,6856.705307841302,7238.548997640611,6701.838600158692,7168.897436618806,6991.497585564853
6999.999999999999,6899.586691498757,7278.586886882783,6875.455839037896,7130.298653125764,7045.9820176363
6999.999999999999,6923.849799513818,7332.570297718049,6797.06259918213,7124.5637216568,7044.511604517699
6999.999999999999,6934.943974018098,7308.099713802339,6745.7619096040735,7116.889593124391,7026.423797637225
6999.999999999999,6924.757816553117,7392.33079648018,6696.779825210572,7132.9396312236795,7036.702017366887
5400.0,6875.536432266236,7415.661502838136,6603.88889682293,7165.931605815888,7015.254609435798
6999.999999999999,6884.792254567147,7394.340254306794,6620.994499564172,7130.064726114274,7007.547933638097
5000.0,6816.593438148499,7284.393732309342,6661.096450090409,7075.153046607972,6959.309166789056
6999.999999999999,6886.461154341699,7320.763183116914,6687.690148949624,7053.674744606019,6987.147307753564
6999.999999999999,6862.12117278576,7267.965112686158,6705.471081614495,6997.037956714631,6958.148830950261
6999.999999999999,6854.053170681001,7304.628832101823,6620.198486447335,7021.987967014314,6950.217114061118
5000.0,6810.734517097474,7306.024954795838,6610.90753376484,7065.39919948578,6948.266551285983
6000.0,6885.837486743928,7321.44429922104,6740.967232465745,7034.86139202118,6995.777602612973
6000.0,6931.461106657983,7402.469011306764,6775.806651830674,7015.125556945802,7031.215581685306
6999.999999999999,6951.791678428651,7385.410524606706,6727.957832217217,6972.635153770448,7009.448797255755
5800.0,6900.450898885728,7325.304508209229,6690.872548222543,6949.339991092683,6966.491986602546
6999.999999999999,6854.015147209168,7156.98203778267,6633.855938911439,6877.462403774262,6880.578881919385
6500.0,6818.182984590531,7234.409398794175,6617.261586546899,6943.370306015016,6903.306068986655
6999.999999999999,6767.596475005151,7244.643498897553,6625.843318820001,6965.90830564499,6900.997899591924
6999.999999999999,6760.025671124459,7213.376632690431,6605.004389762879,6975.399294853211,6888.451497107745
6000.0,6746.3649122715005,7088.619968414308,6546.0680084228525,6986.433541059495,6841.871607542039
6600.0,6767.798578023911,7158.698053598405,6633.915040612222,6984.453840732575,6886.216378241778
6999.999999999999,6842.674646735192,7265.219156742097,6617.669925570489,7016.944070816041,6935.626949965955
6000.0,6846.856402039529,7254.4469418525705,6600.226657867433,7003.70776963234,6926.309442847968
5000.0,6864.598071336747,7199.293895959855,6618.925940036775,6973.468363761903,6914.07156777382
6000.0,6859.362404584886,7201.805924892426,6628.372706294061,6973.231956958772,6915.693248182536
6000.0,6799.758132696153,7159.579206228257,6645.748606324197,6960.251074314118,6891.334254890681
8000.0,6778.6170823574075,7229.438243150712,6679.6750490665445,6959.004565715791,6911.683735072614
5000.0,6739.794291019441,7178.95629811287,6590.92082643509,6982.627060890199,6873.0746191144
8000.0,6725.102352142335,7267.935355186463,6727.58751666546,6994.313492298127,6928.734679073096
6999.999999999999,6713.3766573667535,7251.660482645036,6646.575616836549,7016.084409713746,6906.924291640521
6000.0,6681.128206968308,7207.590452194215,6588.368294239045,7017.826876640321,6873.728457510472
8000.0,6690.442304372788,7156.126509666444,6569.5966848135,7023.780029773713,6859.986382156611
5800.0,6693.9962590932855,7256.706032037736,6533.730218410493,7140.769986629487,6906.30062404275
6999.999999999999,6718.740033388139,7309.769440174104,6630.598319292069,7170.321663618089,6957.3573641181
8000.0,6759.670234322549,7378.759723424912,6635.332654833795,7218.910701036454,6998.1683284044275
5000.0,6727.790032982827,7349.011316299439,6571.809485554696,7283.878762245179,6983.122399270535
8000.0,6849.252707362176,7406.210190296174,6721.242969751359,7266.02095603943,7060.681705862285
6999.999999999999,6853.334857702256,7384.946803569795,6601.076813101769,7296.311610937119,7033.917521327735
6999.999999999999,6810.9465392828,7374.113420486451,6655.931044101716,7314.785232067109,7038.944058984519
6000.0,6833.666803598405,7349.391551017762,6625.76933836937,7352.002771615983,7040.20761615038
6999.999999999999,6837.875423312188,7327.325538396836,6694.553798913957,7336.394136428834,7049.037224262954
6999.999999999999,6884.183879017831,7377.409063577653,6698.852104425431,7368.055289506913,7082.125084131957
8000.0,6910.113820314408,7377.532226562501,6676.064472436906,7364.275260448457,7081.996444940568
6000.0,6922.855403065682,7392.516780853272,6513.146294593812,7434.196292161942,7065.678692668677
6999.999999999999,6946.6882672309885,7439.9006395339975,6630.779757380486,7431.0891132354745,7112.114444345237
8000.0,6998.210071563722,7525.865923166276,6639.666917324067,7442.601132631303,7151.586011171342
6999.999999999999,7030.375448942185,7581.085923433305,6546.472214460374,7522.406613826753,7170.085050165654
8000.0,7014.015436887742,7660.086298942567,6553.774787545205,7586.393504142762,7203.567506879569
6000.0,6930.207985281945,7601.82524752617,6512.376319289208,7595.244707107545,7159.913564801217
6999.999999999999,7032.658510446549,7724.063270092011,6601.373974800111,7656.251714468003,7253.586867451669
5500.0,6991.5154607296,7661.760984897614,6641.287461161614,7641.801968574525,7234.091468840838
6000.0,7030.295269012452,7673.8474893569955,6667.7600635290155,7621.844605445863,7248.4368568360815
6500.0,7038.396748304368,7726.035531044007,6758.443564057351,7605.367216587068,7282.0607649981985
6600.0,6985.423439264298,7641.507699966432,6740.143528342248,7556.095409870149,7230.792519360782
5000.0,7034.233178138734,7698.76030278206,6699.917588233949,7544.685061931611,7244.399032771588
6000.0,7081.743506193162,7697.003783702851,6752.610267519952,7485.069217681886,7254.106693774463
8000.0,7013.54923605919,7566.65684247017,6732.0891650915155,7356.889614343644,7167.29621449113
6999.999999999999,7020.7464179992685,7676.943922519685,6620.002169609071,7412.113747596742,7182.451564431191
7499.999999999999,6935.278745889665,7618.911838531495,6571.984310865403,7378.618375301362,7126.198317646981
6999.999999999999,6864.873741507531,7585.840510606767,6547.519513130189,7354.562743186952,7088.19912710786
5500.0,6845.782652258874,7573.449818372727,6532.059665441514,7370.459034204484,7080.4377925694
6999.999999999999,6917.075008749963,7641.204338788987,6645.495254278184,7380.104597091676,7145.969799727202
8000.0,6898.357954740525,7639.884263038636,6650.083695411683,7368.347904920579,7139.168454527856
8000.0,6888.976902961732,7623.567234039308,6649.33479833603,7352.534273624421,7128.603302240373
5000.0,6859.125171184541,7535.485861539842,6492.591714978219,7367.973456382752,7063.794051021338
6999.999999999999,6916.586489796639,7614.325877189637,6658.5530104637155,7398.605495929719,7147.017718344928
5000.0,6950.379850387574,7631.428173542024,6721.282646417619,7399.3915898799905,7175.620565056802
6000.0,6994.243231534959,7500.057078361512,6709.323437929154,7327.881011724473,7132.876189887525
6000.0,6987.807345628739,7471.630400180818,6704.0042848587045,7279.676342010499,7110.77959316969
5500.0,6926.063426852227,7353.412119865418,6692.915069937707,7200.201499700547,7043.148029088975
6999.999999999999,6940.330908060075,7373.799313545228,6706.840753197671,7173.76940059662,7048.685093849898
6000.0,6892.799501776696,7310.1786057949075,6740.687016010285,7106.308322191239,7012.493361443282
6000.0,6908.986755013467,7363.022965669633,6738.244007945062,7082.410570144654,7023.166074693204
6500.0,6918.474024534226,7408.02126479149,6699.6749819517145,7052.37285399437,7019.63578131795
6999.999999999999,6873.341816663743,7377.044534206391,6670.841617941857,7025.997790098191,6986.806439727546
6000.0,6810.938686609269,7352.819449663163,6689.732670664788,7005.573399543763,6964.766051620246
6999.999999999999,6870.416489124299,7435.40973687172,6672.401406884194,7025.095972537995,7000.830901354552
5000.0,6853.7068264484415,7474.475547790528,6606.606748461724,7017.675609350205,6988.116183012725
6999.999999999999,6890.38459801674,7337.000858783723,6731.178254961968,6882.325275182725,6960.222246736289
6600.0,6853.27616930008,7294.454246997834,6625.40728878975,6842.230350732804,6903.842013955117
6999.999999999999,6805.056207537652,7218.470951318742,6599.010320067407,6806.262626171113,6857.200026273728
6999.999999999999,6747.564304828645,7150.256016254426,6523.72136604786,6833.544880509377,6813.771641910077
6000.0,6693.608171701432,7214.535521984101,6610.903814077378,6888.099056720735,6851.786641120912
6000.0,6745.568485856057,7165.475324153901,6565.352521419526,6885.0766040086755,6840.36823385954
8000.0,6716.992193579675,7094.060631275178,6541.842856764794,6859.333060383798,6803.057185500861
5500.0,6630.185020685197,6993.113273143769,6409.30915260315,6898.214953422547,6732.705599963666
5000.0,6653.928199052812,7096.392462015153,6530.167997717858,6948.6762335300455,6807.291223078967
6000.0,6642.457509517671,7045.026057958604,6695.488680362702,6927.715381383897,6827.671907305718
8000.0,6705.4830672740945,7109.336147785188,6777.962830662728,6908.7834120988855,6875.391364455224
6999.999999999999,6736.710670113564,7141.256025791169,6572.096314787866,6974.994262218476,6856.264318227769
6999.999999999999,6709.145306229592,7192.834038734437,6495.8720660209665,7046.1361780166635,6860.996897250415
8000.0,6735.699328422547,7260.740653038026,6535.168497562409,7099.213638305665,6907.705529332162
5000.0,6722.336971163751,7263.617211341859,6460.384594440461,7175.082036972047,6905.355203479529
8000.0,6881.07174050808,7312.443482160569,6575.338229060174,7171.8335099220285,6985.171740412713
8000.0,6884.426485300065,7383.696161985398,6454.6624752283105,7228.909220933915,6987.923585861922
6500.0,6830.346775889398,7395.340436935426,6358.695365309716,7313.4899542331705,6974.4681330919275
8000.0,6886.523562431336,7362.921294212342,6536.222822308541,7319.083537578584,7026.187804132701
6000.0,6943.491815805436,7419.572960853578,6429.626912117005,7415.281268119813,7051.993239223958
6999.999999999999,6938.517353773118,7417.099781990052,6550.872604727746,7426.83709716797,7083.331709414721
5800.0,6999.579743146897,7546.940019130708,6534.6167439222345,7505.362179279328,7146.624671369792
6999.999999999999,7011.486049413682,7549.062720775605,6646.228446006776,7498.4766244888315,7176.313460171224
6999.999999999999,7015.652925968171,7576.737195491792,6659.41143167019,7540.805841207505,7198.151848584414
6999.999999999999,6968.1731820106515,7565.083001375199,6610.728988766671,7552.212056159974,7174.049307078124
6000.0,6953.166309595109,7528.125013351441,6607.2188436985025,7529.03840327263,7154.387142479421
6999.999999999999,7098.422584772111,7553.363506078721,6603.993048071862,7505.836646080018,7190.403946250678
6500.0,7097.700965404511,7606.796403169633,6558.173937916757,7497.91784477234,7190.14728781581
6999.999999999999,7083.963746309281,7544.868566513062,6487.406883955003,7475.573268890382,7147.953116416932
6000.0,7027.698100566865,7625.368389368058,6569.166027665139,7485.108894348145,7176.835352987052
6000.0,7052.525774478913,7724.776623487473,6580.762359976769,7500.44061946869,7214.6263443529615
6999.999999999999,7052.66629600525,7808.095969438554,6679.102630496026,7478.615146636964,7254.620010644198
5500.0,7005.885026693345,7723.441668987275,6582.807774782182,7418.36612892151,7182.625149846078
7499.999999999999,6964.693207740785,7699.961348533631,6595.012482643128,7350.149540662766,7152.454144895078
6000.0,6883.151045799256,7672.350521802903,6615.482336044312,7304.4676456451425,7118.862887322904
8000.0,6853.6386321783075,7541.783705711366,6666.756574511529,7226.337677001954,7072.129147350789
6500.0,6823.01733839512,7635.008166074754,6589.447830200196,7249.439415931703,7074.228187650443
6000.0,6853.491084575654,7534.965931892396,6518.415025234223,7208.5608773231515,7028.858229756356
6000.0,6805.499676942826,7411.478094339372,6526.588418483735,7110.90585589409,6963.618011415006
4000.0,6925.162022590638,7440.58092904091,6497.205780625344,7151.915823459626,7003.71613892913
6999.999999999999,6955.187339782716,7356.721815109254,6521.23950791359,7063.703022003175,6974.212921202184
8000.0,7001.429667711259,7408.779254436494,6519.190786719323,7071.932623863221,7000.333083182574
5000.0,6952.354591131211,7381.7106754779825,6507.360527396203,7107.337435722352,6987.190807431937
6999.999999999999,6918.8633518219,7429.3218483924875,6517.884349822999,7096.311455488206,6990.595251381398
6000.0,6891.350063562394,7366.068976402284,6546.476347446443,7052.402611494065,6964.074499726296
6000.0,6849.0270463228235,7303.556735515595,6606.121949195863,6984.4340023994455,6935.784933358432
6999.999999999999,6834.09828734398,7223.337129116059,6673.193287014962,6918.211993217469,6912.210174173118
6999.999999999999,6837.367892622949,7240.441905260087,6724.915954470635,6929.968272089959,6933.1735061109075
5500.0,6804.4610575437555,7225.4995074272165,6716.541284799577,6985.956594467164,6933.114611059428
6000.0,6803.478646755219,7192.048771381379,6742.113722801209,6977.145068168641,6928.696552276612
5000.0,6791.55580854416,7163.736990213395,6707.384240865708,6958.701204538346,6905.344561040402
6000.0,6786.530924081803,7165.410849571229,6723.864522814752,6899.805326461793,6893.902905732394
8000.0,6786.990512132646,7163.0740592479715,6775.064780831338,6845.303639173509,6892.608247846366
6999.999999999999,6772.938359498979,7121.353218078614,6750.882266044618,6892.766851186753,6884.485173702241
6999.999999999999,6741.263980865479,7167.288878440858,6749.519620537759,6901.5287816524515,6889.900315374137
6000.0,6730.865801215173,7112.993013858796,6714.068105936051,6912.9573147296915,6867.721058934928
6000.0,6752.605721235276,7134.623409748078,6704.777566552163,6908.246123909951,6875.063205361367
6999.999999999999,6726.39804327488,7069.189974308015,6664.675616025926,6890.829307317735,6837.773235231639
8000.0,6745.753230333329,7029.751368045808,6637.802527308465,6890.96734905243,6826.068618685008
6500.0,6753.999777436257,7063.642680406571,6638.73616886139,6965.542123079301,6855.48018744588
6000.0,6817.684133172036,7089.756539583207,6634.750317096711,7017.3573694229135,6889.887089818717
8000.0,6893.4471406936655,7258.131912231446,6653.769079089166,7120.223259687425,6981.3928479254255
5000.0,6914.899404883386,7234.332525253297,6662.506624937058,7184.603610277177,6999.085541337729
6600.0,6889.929556250573,7132.05021262169,6647.04719054699,7128.7529163360605,6949.444968938828
6999.999999999999,6963.855038166047,7217.515404939652,6690.487767219544,7151.215695619584,7005.768476486207
6999.999999999999,6942.347805261613,7185.617845058442,6683.918385863305,7149.838584661485,6990.430655211211
6000.0,6916.474899172784,7237.4727680683145,6685.84187757969,7226.567471027375,7016.589253962041
6500.0,6952.014033079148,7291.475190639497,6719.362874388696,7268.371798515321,7057.805974155665
8000.0,6928.423775196076,7277.095705509187,6656.469158887864,7280.564934015275,7035.6383934021005
8000.0,6910.172508716584,7233.839873313905,6642.548021912576,7262.833597183228,7012.348500281573
6999.999999999999,6911.646331548692,7317.018697738648,6687.102851629258,7361.59873867035,7069.341654896737
5800.0,6883.642457842828,7375.064007282258,6664.120142698289,7427.752966880799,7087.6448936760435
6999.999999999999,6926.91812837124,7501.7358973026285,6719.764187335969,7472.201578855515,7155.154947966338
4500.0,6953.317576885224,7578.645808458329,6753.510018587113,7530.765164852143,7204.0596421957025
6999.999999999999,6948.554723739625,7476.604862213136,6786.66483283043,7464.285257339478,7169.027419030667
8000.0,6964.523755311967,7472.6619935035715,6774.886649131776,7422.728909015656,7158.700326740743
6999.999999999999,6962.715987205506,7472.042045593263,6786.173834085465,7454.75293827057,7168.921201288701
6999.999999999999,6927.629828572274,7525.589013099671,6763.183272480966,7467.589993000031,7170.998026788236
6999.999999999999,6944.685422182084,7557.08897972107,6782.79139828682,7441.809252500535,7181.593763172627
6000.0,6950.174027681352,7531.397511720658,6786.901239633561,7409.781916856767,7169.563673973084
6999.999999999999,6919.839149832726,7439.924610853196,6817.6518958807,7329.709444761277,7126.781275331975
8000.0,6934.985303878785,7429.77482366562,6848.801385283471,7298.7599918842325,7128.080376178027
8000.0,6968.214511871339,7469.31344819069,6863.222613573075,7366.680658340455,7166.85780799389
6999.999999999999,6905.989926815034,7382.390964984895,6809.259041070939,7387.744835138322,7121.346192002297
5800.0,6929.152420639993,7496.815164089204,6829.87602877617,7471.5171563625345,7181.840192466975
6999.999999999999,6929.0718274116525,7529.847641944886,6861.398726820947,7473.388572454453,7198.426692157985
6999.999999999999,6955.715535402299,7539.308873653413,6848.3103865385065,7501.728457927705,7211.265813380481
8000.0,6960.6850378513345,7533.241650104524,6836.792994260789,7503.935472488404,7208.663788676263
6999.999999999999,6960.257687091828,7593.279058933259,6840.606087207795,7578.6317563056955,7243.1936473846445
6000.0,6956.428888797761,7612.460247278214,6809.407001972199,7614.274628162385,7248.14269155264
6000.0,6989.286128044129,7586.734888792039,6829.001902222634,7585.451183319093,7247.618525594474
6999.999999999999,6994.4192967414865,7516.547692775727,6808.53204882145,7544.5180892944345,7216.004281908275
6999.999999999999,7014.6262922287,7505.724228858949,6781.293190836907,7550.528277635575,7213.042997390033
6999.999999999999,7049.049933195115,7567.68760919571,6798.591390728951,7563.067757368089,7244.599172621966
6000.0,7037.094857692719,7526.207307815553,6764.679413437844,7527.04547739029,7213.756764084102
6999.999999999999,7093.1637732982645,7657.913174867631,6837.658028244973,7549.800045490266,7284.633755475284
6999.999999999999,7090.512876033784,7671.6942036151895,6817.088156580926,7537.346531867982,7279.16044202447
8000.0,7056.635615825654,7564.640771865846,6784.2891924381265,7472.584293365479,7219.537468373776
5000.0,7048.705242156983,7550.691943883897,6752.983476161958,7519.174618721009,7217.888820230962
8000.0,7032.833749055863,7573.386996984483,6793.194950819016,7497.132577419282,7224.137068569661
6999.999999999999,7028.7586247921,7579.221120119096,6767.167884349824,7511.145053386689,7221.573170661927
6500.0,6980.640747785569,7658.31242132187,6764.0462399721155,7583.052398204804,7246.51295182109
5000.0,6981.364020347596,7692.632737636567,6772.253523707391,7600.45474934578,7261.676257759334
6000.0,6976.324257135392,7627.566311359406,6794.342267751695,7541.677901268006,7234.977684378625
6000.0,6958.886362314225,7529.971631526948,6758.772549748422,7468.057847023011,7178.9220976531515
6000.0,6959.221960783006,7514.315880298615,6805.31947875023,7402.670701026917,7170.382005214692
5800.0,6972.95339369774,7567.052782535554,6860.165030479432,7352.907895565034,7188.26977556944
6999.999999999999,6949.070520401002,7523.586168050767,6862.490661740304,7286.051059722901,7155.2996024787435
5000.0,6898.980795741082,7496.939980268479,6831.947068095208,7234.164726018907,7115.508142530919
5500.0,6864.373236894608,7392.058845996858,6816.092106938363,7141.260985374452,7053.44629380107
5000.0,6847.461057901383,7324.294406414033,6797.134099841119,7058.046617269517,7006.734045356513
6000.0,6814.939003825189,7353.570826530457,6806.039858222009,6977.226074695588,6987.943940818311
6999.999999999999,6808.182811498643,7367.832934856416,6806.078294992448,6910.309310555459,6973.100837975741
5000.0,6737.554212570191,7308.181546926499,6734.64831006527,6869.982112288476,6912.591545462609
5500.0,6678.102861166001,7253.365752696992,6706.738668441773,6795.821050167085,6858.507083117963
6500.0,6670.812273740769,7182.566048145295,6706.787850975991,6712.144614219666,6818.0776967704305
6999.999999999999,6639.713620066644,7203.037554740907,6661.2349051237115,6716.275120496751,6805.065300107003
5000.0,6583.391352415086,7108.8600277900705,6656.6332384347925,6650.8896276950845,6749.943561583758
6999.999999999999,6588.198841810227,7078.872734069825,6639.899604439736,6604.904784798623,6727.968991279603
6999.999999999999,6566.059675335885,6896.205495595933,6635.055331468583,6552.020334959031,6662.335209339858
8000.0,6577.989539623261,6963.9542298316965,6630.109800338746,6600.463064670564,6693.129158616067
6000.0,6552.8394927978525,6820.299486756326,6564.225042819978,6639.731391906739,6644.273853570224
6000.0,6560.653316259385,6763.644927024842,6545.74852859974,6667.116970896722,6634.290935695172
8000.0,6590.7150037288675,6745.177918672563,6557.219631433488,6696.697578787805,6647.452533155681
6999.999999999999,6613.35632801056,6832.907987356187,6546.372609496118,6838.002719283105,6707.659911036492
6500.0,6616.083272218705,6868.873645424844,6539.360998630525,6918.783998489381,6735.775478690864
6999.999999999999,6633.628211379052,6938.528099536897,6550.410123586656,7001.448679447175,6781.003778487445
6999.999999999999,6649.10748410225,6985.435011625291,6574.354991674424,7051.833086013795,6815.18264335394
6999.999999999999,6682.574752092362,7029.478590965272,6598.178349971772,7087.897522449494,6849.532303869725
6999.999999999999,6700.001901149751,7003.598658800126,6586.143921136857,7127.54112482071,6854.321401476861
5500.0,6793.3115010261545,7111.456369638444,6587.697510600091,7245.7651913166055,6934.557643145324
6500.0,6844.224516510964,7200.216378450395,6666.735082983972,7292.515049934388,7000.92275696993
5500.0,6902.100373625756,7299.540299654008,6684.754075646401,7352.125108003617,7059.629964232446
5000.0,6923.924193263055,7345.7255923748025,6716.416468620301,7355.619134426118,7085.421347171069
6000.0,6920.577714443208,7311.890488624574,6771.350879549981,7267.615462064744,7067.858636170627
6999.999999999999,6954.136734724046,7386.884347438813,6782.384299159051,7256.256363153459,7094.915436118842
6600.0,6936.830268859864,7449.6685388088235,6789.791023492814,7253.529418945313,7107.454812526704
5500.0,6912.875068306924,7423.1760981082925,6777.379666328431,7205.092475414277,7079.630827039481
6999.999999999999,6889.08022761345,7428.624200344087,6772.7147649526605,7179.963093519212,7067.595571607352
6000.0,6834.363211750985,7520.04667878151,6741.843425512315,7219.782761096955,7079.009019285441
8000.0,6803.136435508729,7497.470655679704,6742.202995300294,7159.596564769746,7050.601662814618
5000.0,6759.332569360734,7466.857627868653,6687.585171103478,7173.499103307725,7021.818617910148
6000.0,6729.866858482362,7360.31420660019,6727.342017292977,7078.463568449021,6973.996662706138
8000.0,6768.400754094125,7382.767066717149,6763.354378104211,7024.147038936616,6984.667309463025
6000.0,6790.235732793809,7428.486158609391,6736.55402994156,7075.018311262132,7007.573558151723
6000.0,6743.4755417108545,7283.78618335724,6710.3314732313165,7046.039466142655,6945.9081661105165
5800.0,6756.574627757073,7268.068437337876,6737.447994828225,7021.810248613358,6945.975327134133
6999.999999999999,6771.802614927293,7254.074973106385,6750.3441512584695,6996.889169216157,6943.277727127076
6000.0,6751.708036661149,7237.291743278504,6710.238894343377,7022.078066110612,6930.329185098411
6999.999999999999,6743.68095111847,7201.762941837312,6732.86038029194,6980.091060638429,6914.598833471538
8000.0,6728.533143877984,7130.233351945878,6724.544399023057,6929.754596710206,6878.266372889281
8000.0,6734.295353055001,7081.995618343354,6663.450598955155,6979.919955015183,6864.9153813421735
6000.0,6742.876672029496,7153.912055730821,6643.414709091187,7105.230439424516,6911.358469069005
6999.999999999999,6757.496696949006,7130.450747013093,6659.762322187425,7122.355053901673,6917.516205012799
6500.0,6794.302591085435,7172.0897550582895,6666.461479306222,7142.690998554231,6943.886206001044
8000.0,6900.297565102578,7272.655225276948,6670.744079470635,7204.8511090278635,7012.136994719506
5000.0,6930.683278679849,7319.4505467414865,6657.347831726075,7273.777744293214,7045.314850360156
8000.0,6927.136350035668,7300.087507009507,6747.565544724465,7261.305218935014,7059.023655176164
6999.999999999999,6940.037466049195,7308.968467473985,6703.635622501374,7315.7209401130685,7067.090624034406
8000.0,6926.145673274995,7390.432102680207,6705.123910784722,7387.516694307328,7102.304595261813
6999.999999999999,6926.8309223651895,7363.658618927003,6646.493783712388,7412.059192180634,7087.260629296304
6999.999999999999,6960.580060005189,7426.6139159202585,6676.400484204293,7441.241380214692,7126.208960086108
6000.0,6937.658519268037,7343.4913001060495,6639.958706140519,7429.171407699586,7087.569983303548
5000.0,7016.619218111039,7444.689943790437,6705.157387971879,7461.757523059846,7157.0560182333
8000.0,7076.950068950654,7520.677372455598,6751.025680661202,7495.710003614427,7211.09078142047
5000.0,7003.373824357987,7457.746046781541,6697.794886589051,7499.763636350633,7164.669598519803
5000.0,6996.7899775505075,7490.098235130311,6758.172440171243,7485.998312950135,7182.764741450549
6000.0,7044.490422964097,7550.080261945725,6828.608441948892,7449.699949502946,7218.219769090415
6999.999999999999,7048.131583690644,7612.049428462983,6828.623733997346,7412.37164592743,7225.294098019601
6999.999999999999,6991.639450311662,7599.1082224845895,6757.035042405129,7381.234555482865,7182.2543176710615
8000.0,6940.611124515534,7655.211028575898,6734.5181210041055,7380.947726249696,7177.822000086308
5800.0,6866.126036286355,7672.322417497636,6694.529414296151,7353.8626153469095,7146.710120856763
8000.0,6836.2404140234,7568.438159465791,6661.022882938386,7272.975118398667,7084.669143706561
6999.999999999999,6795.955372214318,7473.058760166169,6599.071074962617,7266.5012090206155,7033.64660409093
5800.0,6776.592745780946,7510.613551378251,6646.90584242344,7278.257074594499,7053.092303544284
6999.999999999999,6859.5475623607645,7491.10668373108,6654.728345155717,7249.989929676057,7063.8431302309045
6000.0,6872.384617090226,7503.064239025117,6640.691071271897,7285.899792432786,7075.509929955007
6000.0,6855.313318133355,7419.316715717317,6702.249418973924,7210.415761470796,7046.823803573848
6999.999999999999,6906.549533128739,7530.253501176835,6717.088078856469,7243.613558769227,7099.376167982818
6999.999999999999,6878.682047963143,7412.131932735444,6718.782603144647,7179.948214769364,7047.38619965315
6000.0,6890.580501556397,7378.751457452775,6696.342555284501,7163.250951051713,7032.231366336347
5500.0,6845.931026458741,7280.456649780274,6667.4195054769525,7148.2597839832315,6985.5167414248
6000.0,6851.553540706635,7291.172656059266,6682.069287896157,7148.275489330293,6993.267743498088
6999.999999999999,6802.66982138157,7249.563405513764,6698.596685886384,7117.471517562867,6967.075357586146
5000.0,6780.142567515374,7278.113246679307,6706.148478031159,7123.423017501832,6971.956827431918
6000.0,6840.531280159951,7342.320838451386,6810.281541824342,7089.439126253129,7020.643196672202
6999.999999999999,6773.341738939286,7220.900320529939,6722.441949009896,7027.794812440873,6936.1197052299985
6999.999999999999,6789.924105644227,7286.980981588365,6737.731104373933,7026.049865722657,6960.171514332295
6000.0,6763.964820146562,7375.7790138721475,6700.7483184337625,7088.452995777131,6982.236287057401
6999.999999999999,6761.399475693704,7425.5922417640695,6737.706719756127,7070.244712352754,6998.7357873916635
5000.0,6739.059032797814,7359.380978345872,6732.883525013925,6986.002883911134,6954.331605017186
6999.999999999999,6775.645052075387,7323.68024468422,6758.309655308724,6911.819916963578,6942.363717257977
6000.0,6739.77321279049,7227.417212963105,6711.979708075524,6873.47572541237,6888.161464810372
6000.0,6766.33715415001,7277.150260925294,6683.395149827004,6866.240933299066,6898.2808745503435
8000.0,6703.536844134332,7124.4686629772195,6655.397062301637,6805.914628744126,6822.3292995393285
6999.999999999999,6671.747568488122,7060.177584886552,6576.013558983804,6833.3791477680215,6785.329465031625
6000.0,6633.279387354852,7087.037861347199,6632.783015727998,6843.577704191209,6799.169492155314
8000.0,6664.930207967759,7028.681751251222,6647.128197073937,6811.064329385758,6787.951121419669
6000.0,6672.706007957459,7082.116301536561,6536.799787163735,6918.221912384034,6802.4610022604475
8000.0,6658.487295985223,7107.562270164491,6641.508162617684,6923.78739142418,6832.836280047894
8000.0,6657.995057344438,7102.358840703965,6550.984608650208,7010.549514770509,6830.47200536728
6000.0,6593.668848872186,7076.19869208336,6506.172293901444,7053.322614192964,6807.340612262488
6999.999999999999,6657.681777000428,7105.8925437927255,6534.248081564904,7068.839497089387,6841.665474861861
5000.0,6691.882650017739,7184.48953986168,6520.454653859139,7134.446517944337,6882.818340420724
6500.0,6745.857794880868,7246.273548603059,6611.546080112458,7167.28061246872,6942.739509016276
6000.0,6730.551280975343,7225.611098051072,6614.557373762132,7183.974569797517,6938.673580646516
6999.999999999999,6789.456251621247,7342.429122686387,6670.147689580918,7235.382303714753,7009.353841900826
6999.999999999999,6803.534855365754,7346.982020139695,6714.324351072312,7226.734443664552,7022.893917560578
6999.999999999999,6815.573417186738,7336.491674900056,6654.516322970391,7220.906933307649,7006.872087091208
5800.0,6793.828124284745,7289.015237331391,6640.701403737069,7183.6026010513315,6976.786841601134
5000.0,6823.901797413827,7345.668557167054,6633.213259577752,7194.158247470857,6999.235465407372
6000.0,6833.196469783784,7357.997254610063,6673.058964967729,7179.636587619782,7010.972319245339
5000.0,6855.194288134576,7455.492742776872,6708.9175786972055,7213.575016021729,7058.294906407596
6999.999999999999,6879.993857741357,7400.269436120988,6836.297449231149,7110.804184436799,7056.841231882573
8000.0,6888.489623904229,7437.050532341004,6777.14987230301,7093.278670310975,7048.992174714805
6999.999999999999,6888.011024117471,7464.071995258332,6653.7050178051,7110.8967633247385,7029.17120012641
6999.999999999999,6821.114511609078,7374.864797353745,6585.617792010308,7091.00635457039,6968.15086388588
6000.0,6803.2674511671075,7365.733377933503,6563.0583008527765,7102.37537264824,6958.608625650407
8000.0,6825.003238201142,7424.586272954942,6586.140201449395,7119.080075740815,6988.702447086574
5800.0,6795.011811494828,7318.250327587129,6567.650048375131,7128.608261823655,6952.380112320186
6999.999999999999,6851.444843173028,7379.992179870606,6642.566207051278,7151.743891239167,7006.43678033352
6500.0,6821.944001913072,7270.6978430747995,6601.1251690387735,7156.78778743744,6962.638700366021
6000.0,6781.096873998643,7207.189552545548,6624.048362970353,7155.747101545335,6942.02047276497
8000.0,6850.489296793939,7252.858222007752,6646.614880204202,7162.606205224992,6978.142151057721
6999.999999999999,6830.352562069894,7236.831328630448,6559.310509085656,7217.086400985719,6960.895200192929
5500.0,6814.269460082055,7328.227355957032,6596.330905199052,7295.381689071656,7008.552352577449
5000.0,6887.290644645692,7331.273366689683,6625.65444135666,7294.083931446076,7034.575596034528
6999.999999999999,6888.97318327427,7386.695883274079,6698.466496825219,7283.07117676735,7064.30168503523
6999.999999999999,6899.178765773774,7332.791825771333,6739.890589594842,7244.220281124116,7054.020365566016
6999.999999999999,6934.022318124772,7302.179624557496,6685.362037897111,7216.516048908235,7034.520007371903
8000.0,6897.107726454736,7289.044994831086,6618.246477127076,7196.41237807274,7000.202894121409
5000.0,6883.618486523629,7336.433813095094,6507.418389201165,7257.71778702736,6996.297118961812
6000.0,6909.164886713029,7427.7909903526315,6594.290863275529,7292.14473438263,7055.847868680955
6000.0,6895.721522927285,7449.523884296418,6691.471004605294,7248.426834344865,7071.285811543466
6000.0,6951.657769680024,7567.899218082429,6685.3277341127405,7271.688106536866,7119.143207103015
6000.0,6912.175767064095,7535.665233135224,6723.474782228471,7197.601851463319,7092.229408472777
8000.0,6867.867676615716,7429.349126100541,6703.423600316049,7097.6067333221445,7024.5617840886125
6999.999999999999,6820.032082557679,7399.345300436021,6586.309240579606,7116.616816043855,6980.57585990429
6999.999999999999,6737.228533267976,7387.392704725266,6577.37785768509,7142.058651685716,6961.014436841012
8000.0,6736.18660748005,7414.7216618061075,6604.128610014916,7125.626725673676,6970.165901243688
6000.0,6689.10734987259,7305.175212860108,6449.95004451275,7133.510809898377,6894.435854285956
6999.999999999999,6733.47619521618,7374.606072425843,6568.349349617959,7143.964784860612,6955.0991005301485
6000.0,6744.793137669564,7349.216312408448,6590.42528140545,7163.443548202516,6961.969569921494
6000.0,6778.391008019448,7356.002675533296,6602.832918882371,7187.306583166123,6981.1332964003095
8000.0,6859.247094273568,7419.115025997163,6675.716475009919,7200.5734684467325,7038.663015931846
5000.0,6818.155706882478,7315.587031364442,6573.185769915582,7218.506494998933,6981.3587507903585
7499.999999999999,6851.035264253617,7284.905395984651,6680.447090864182,7193.700312614442,7002.522015929223
5800.0,6867.401889085771,7355.547220468522,6652.88172698021,7223.9785685539255,7024.952351272107
8000.0,6918.208686828614,7450.315764427186,6675.036598801614,7247.080307483674,7072.660339385272
6500.0,6881.269710540772,7417.337841987611,6594.520244002343,7292.0339703559885,7046.290441721679
6000.0,6861.588017582894,7423.028137207032,6602.664293050767,7323.567827463151,7052.712068825961
6000.0,6930.442325592042,7414.982039928437,6626.047488331796,7320.485446453095,7072.9893250763425
6000.0,6934.766255617143,7317.685761690141,6610.130119085313,7252.677197217942,7028.814833402635
6999.999999999999,6977.797253370286,7403.486552476884,6598.405250906945,7269.596815586091,7062.3214680850515
6999.999999999999,6955.931277275086,7447.863250494004,6609.61638891697,7284.756608486176,7074.541881293059
6999.999999999999,6925.479849219323,7501.382940292359,6591.524242401124,7298.971600770951,7079.339658170939
5500.0,6902.427292823792,7560.144083023072,6560.505355358125,7355.149627208711,7094.556589603425
6999.999999999999,6927.210743784905,7624.761667013169,6643.884216308595,7361.540876865388,7139.349375993014
6000.0,6876.939167737962,7503.571769714356,6683.278186321259,7296.289292812348,7090.0196041464815
5000.0,6909.64307320118,7468.646384239198,6604.49685907364,7266.863258600236,7062.4123937785635
6500.0,6921.784959673882,7472.0684967041025,6715.492332935334,7221.780646562577,7082.781608968974
6500.0,6871.9779312610635,7371.875821828843,6646.273908853532,7164.144502639771,7013.568041145802
6999.999999999999,6859.0024214983,7422.471837282182,6591.357269763947,7187.22640323639,7015.014482945205
6999.999999999999,6805.92868089676,7387.553891181947,6561.126129865647,7190.12445306778,6986.183288753034
6000.0,6777.049854040147,7384.059038162232,6628.347495079041,7166.747457265855,6989.050961136819
8000.0,6878.298506855966,7410.806070804597,6644.998056054116,7129.189359664918,7015.822998344899
6999.999999999999,6827.135032415391,7296.150424480439,6467.846700787545,7123.216368198396,6928.587131470443
6000.0,6795.408991456033,7395.859539985658,6552.490255475045,7189.456562519074,6983.3038373589525
6999.999999999999,6807.826548099519,7350.709146976472,6652.0311584472665,7173.609040737153,6996.0439735651025
6000.0,6837.193893909455,7411.957520723344,6587.356125950814,7223.493355989457,7015.000224143268
6000.0,6778.568313121797,7273.095801591874,6624.855535149575,7158.468259572984,6958.746977359057
5000.0,6821.734459519387,7246.652130126954,6687.078053712846,7110.534713745118,6966.499839276076
6000.0,6898.903508901597,7273.386763811112,6687.674443602563,7079.683625936509,6984.912085562945
6000.0,6873.8104972839365,7320.0440435409555,6574.290517091752,7081.020233631135,6962.291322886945
6999.999999999999,6809.1375312805185,7368.682676792146,6588.144699692727,7078.831404209138,6961.199077993632
6999.999999999999,6734.2531965971,7350.125569343568,6587.938050389291,7092.234678030015,6941.137873589993
6500.0,6702.651145219804,7313.38166999817,6584.059656262399,7082.061746120454,6920.5385544002065
6000.0,6748.262779474259,7276.252576351167,6592.2553676366815,7079.411675453187,6924.045599728824
6999.999999999999,6806.786688804627,7347.584609508515,6591.4056257009515,7117.945984363557,6965.930727094413
7499.999999999999,6752.180023670197,7289.923667669297,6574.961714029313,7091.109679222108,6927.043771147729
6999.999999999999,6789.874096512795,7314.758780956269,6430.776708841325,7105.868572473527,6910.319539695979
6500.0,6819.966368079186,7400.212400913239,6440.345398187638,7128.926501750947,6947.362667232753
6000.0,6846.9328622818,7400.728197574616,6418.834858894349,7151.905904293061,6954.600455760957
6999.999999999999,6846.4583954811105,7386.461129665376,6472.396705150605,7119.815747261048,6956.282994389535
6999.999999999999,6827.5144405365,7357.5244410038,6419.958204507829,7146.461935043336,6937.864755272866
8000.0,6776.165808320046,7322.596575737,6476.369744658471,7141.184938430787,6929.079266786576
5000.0,6792.654356241227,7368.30409526825,6361.532660245896,7204.5882511138925,6931.769840717317
6000.0,6834.200372099877,7260.38852262497,6536.94320178032,7139.15068268776,6942.670694798232
6000.0,6811.957054376603,7220.818487405778,6562.73014175892,7092.166070461274,6921.917938500644
5000.0,6860.6014738082895,7240.424546718598,6573.620146751405,7071.497007131577,6936.5357936024675
6999.999999999999,6834.902153134347,7202.370490789414,6556.644319772721,7036.428620338441,6907.586396008731
6999.999999999999,6769.3744856119165,7225.810307979585,6566.819731473924,7025.238147258759,6896.810668081046
6000.0,6727.580077290536,7259.836355686189,6497.332249999047,7069.721476316453,6888.617539823056
5800.0,6745.156840443612,7345.7809743881235,6509.868423342706,7085.606194972993,6921.6031082868585
6500.0,6719.450080394746,7395.821516513825,6559.942442655564,7065.813324689866,6935.2568410635
6999.999999999999,6721.261154890061,7429.850870609284,6568.832082390786,7070.024837493897,6947.492236346007
6000.0,6698.681412100793,7376.806474208833,6558.950939297677,7043.5514085292825,6919.497558534146
6999.999999999999,6713.52255177498,7347.749928951264,6588.928727149964,7002.086812496186,6913.072005093099
8000.0,6744.045480489732,7331.102261066438,6592.945163011552,6994.982209444047,6915.768778502942
6999.999999999999,6767.798164725305,7372.80657029152,6411.6033731699,7069.099048614503,6905.326789200307
5500.0,6736.767292022706,7328.273645401002,6484.435266971589,7043.621669292451,6898.274468421937
6999.999999999999,6812.239337325097,7295.2899367809305,6465.542147755624,7034.443133831025,6901.878638923169
6999.999999999999,6856.5151904821405,7335.949427127839,6511.767943739892,7084.567988872529,6947.2001375556
6500.0,6877.3503998518,7355.241379499436,6441.186047554017,7151.052855968476,6956.207670718432
6500.0,6906.043655633927,7424.994611978532,6422.30904698372,7222.141869544984,6993.872296035291
6000.0,6871.401379704476,7357.720344543458,6404.3433698415765,7223.259428977967,6964.1811307668695
8000.0,6886.381387710572,7325.7938537597665,6463.901765584947,7234.504457473756,6977.64536613226
6000.0,6874.489133596421,7218.392424583436,6529.2884982824335,7237.546335220338,6964.929097920657
8000.0,6923.431541323663,7310.592730998994,6557.9081869125375,7294.260823249818,7021.548320621253
6000.0,6965.2123107910165,7342.170397758485,6568.1596455574045,7367.219599723817,7060.690488457681
6000.0,7019.6792809963235,7369.122426509858,6628.951737642289,7355.055395126344,7093.202210068704
6999.999999999999,7084.528312206269,7454.407420635224,6731.510133743287,7390.856973648072,7165.325710058213
6999.999999999999,7077.926280260087,7442.451518535615,6724.920914053918,7388.952493667603,7158.562801629306
5800.0,7054.346768140794,7369.710963726045,6742.138520717622,7356.750746011735,7130.736749649049
6999.999999999999,7042.128008127213,7421.199704170228,6788.112204551698,7376.383256435395,7156.955793321134
9000.0,7018.236868858338,7460.6011135578165,6828.0314770936975,7354.375932216645,7165.311347931624
6000.0,6986.680693626405,7465.816941976548,6850.438047766686,7436.614089012147,7184.8874430954465
6000.0,6944.332465171815,7461.954253196717,6824.955295562745,7436.0966391563425,7166.834663271905
6000.0,6959.878278970719,7508.642943620683,6850.478137731553,7415.585455894471,7183.6462040543565
5000.0,6969.052681446076,7485.168409347535,6869.165020942689,7379.78553056717,7175.792910575868
6999.999999999999,6930.980027079583,7392.5878682136545,6851.93749511242,7265.161294937135,7110.166671335698
7499.999999999999,6919.468007683755,7399.112200021745,6870.151151418687,7248.554956912995,7109.321579009295
5000.0,6918.399217486382,7466.042603015901,6871.360463142396,7269.986969470979,7131.447313278914
6000.0,6880.671254158021,7469.559774160386,6849.974740028382,7227.2345349788675,7106.860075831414
5800.0,6852.202419519425,7453.136114120484,6797.7056918144235,7182.096540927888,7071.285191595555
6000.0,6850.488470196725,7435.304759025575,6810.082331895829,7123.769361734391,7054.91123071313
6000.0,6866.799713015557,7408.3196663856515,6795.331291317941,7053.593738079072,7031.011102199555
6999.999999999999,6834.040425539018,7417.663521289826,6730.180138826371,7031.841005802155,7003.431272864343
6000.0,6777.1577249765405,7294.136833667756,6685.772443413735,6981.952557563783,6934.754889905454
8000.0,6759.546244740487,7290.055923223496,6646.194968819619,6957.154641151429,6913.237944483758
5500.0,6773.35579109192,7115.345509529115,6626.305386662484,6930.670879721642,6861.41939175129
6999.999999999999,6802.60369360447,7157.25564146042,6647.911811232568,6935.572187900544,6885.8358335495
6000.0,6824.187800049783,7173.552832126618,6594.345418691636,6935.385376930238,6881.867856949569
6000.0,6824.22912991047,7110.915775060655,6617.459556579591,6881.002306342126,6858.40169197321
6999.999999999999,6830.028949260713,7092.40578365326,6672.405539870263,6847.552810192109,6860.598270744086
6999.999999999999,6835.735776424409,7160.764546632768,6696.784371495248,6921.359675407411,6903.661092489959
6500.0,6800.074719429017,7181.577437877656,6663.22535121441,6978.837112665177,6905.928655296565
8000.0,6727.196949481965,6982.722946166993,6594.464861989022,6950.812160730363,6813.799229592086
5000.0,6737.917915344239,7014.021223068238,6612.9264974594125,7051.488394975663,6854.088507711888
8000.0,6740.06128191948,7065.374401569367,6623.35898089409,7084.552283525468,6878.336736977101
5000.0,6761.359385728837,7122.216185569764,6620.2819727659235,7150.514741182328,6913.593071311713
6999.999999999999,6770.9148495197305,7238.785404443742,6640.945663213731,7196.518182516099,6961.7910249233255
6000.0,6763.308088660241,7210.5843873024,6633.300878882409,7186.6056287288675,6948.449745893479
6999.999999999999,6720.944981455804,7156.538981676103,6688.591139912606,7139.291204214097,6926.341576814652
6999.999999999999,6750.827297329904,7224.739037990571,6716.629730701447,7176.66745042801,6967.215879112483
5500.0,6755.071460723878,7253.761692762376,6707.367708921433,7223.924013137818,6985.031218886376
6999.999999999999,6795.814437389375,7314.776966094972,6748.526050686837,7240.342713594438,7024.865041941405
8000.0,6789.04088652134,7357.5905687809,6712.412845015527,7255.809174060822,7028.713368594647
6000.0,6805.343863368035,7405.63983821869,6708.920471787454,7321.100434780122,7060.251152038575
8000.0,6779.2180185318,7367.821362495423,6685.077275156976,7328.848130464555,7040.2411966621885
6999.999999999999,6824.99166584015,7415.935933113099,6679.97427725792,7382.071898460389,7075.74344366789
8000.0,6777.72601056099,7332.228913068772,6653.71163058281,7400.428969383241,7041.023880898953
6000.0,6805.9658777713785,7419.554775714875,6661.557691335679,7465.211046218873,7088.072347760201
6000.0,6831.632547855378,7410.514281988145,6691.425955057145,7463.381786584855,7099.238642871381
6999.999999999999,6895.773598551751,7472.837232112885,6770.367642164231,7462.223723888398,7150.3005491793165
6000.0,6944.196076631547,7546.9697766304025,6787.124834179879,7522.302462577821,7200.148287504912
5000.0,6962.840803384782,7537.407700061799,6787.564170598985,7516.4526340961465,7201.066327035428
8000.0,7000.711354732514,7520.371531486512,6839.271132707597,7446.111690998078,7201.616427481175
5800.0,7010.728886365891,7530.463456869126,6798.672810554505,7475.009529590608,7203.718670845033
6000.0,6961.755481243134,7437.810175180436,6785.637372493745,7404.158576011659,7147.3404012322435
6999.999999999999,6988.099134445191,7532.232374906541,6778.132283091546,7445.5694432258615,7186.008308917285
6000.0,6887.20757162571,7447.375558137895,6714.206147670747,7411.78889489174,7115.144543081523
6999.999999999999,6889.274891257287,7521.422963142396,6762.267816066743,7378.893632173539,7137.964825659991
6000.0,6895.951316952706,7497.694663524629,6761.42634010315,7340.591597080232,7123.915979415179
6999.999999999999,6901.213848114015,7555.553162097932,6783.632047653199,7348.922043800355,7147.330275416375
5000.0,6861.374342203141,7513.066065311433,6743.240374803544,7307.833549499513,7106.378582954408
8000.0,6862.855604410172,7488.374779939652,6758.704355478288,7246.187582492829,7089.030580580235
6000.0,6862.948596596719,7576.079224109651,6770.925181984902,7306.75153374672,7129.176134109498
6999.999999999999,6797.978882193566,7569.2333459854135,6745.578405022622,7302.762375593186,7103.888252198697
6999.999999999999,6759.539631962777,7451.868113994599,6705.552914738656,7231.560944795609,7037.1304013729105
6500.0,6764.966655969621,7472.298290729524,6700.817752599717,7245.966881036759,7046.012395083905
6000.0,6768.032918334008,7358.61472272873,6678.048305749894,7225.215157985688,7007.47777619958
6500.0,6775.761602282525,7325.947600841523,6695.7994809150705,7196.901723623277,6998.602601915599
8000.0,6730.624021530152,7223.487569808961,6637.031312108041,7177.341953754426,6942.121214300395
6999.999999999999,6732.187530159951,7252.6730642318735,6640.432759642602,7192.022320270539,6954.328918576241
6999.999999999999,6743.31228876114,7288.186986923219,6657.77270269394,7197.5150587558755,6971.6967592835435
6000.0,6748.571513533593,7227.228748798371,6658.27486050129,7176.5294086933145,6952.651132881642
6000.0,6798.4905458688745,7268.809895038606,6713.344833374024,7180.454092264176,6990.27484163642
5800.0,6844.200958490373,7375.383073806764,6785.980410337449,7195.033613920213,7050.1495141386995
6999.999999999999,6783.962686538697,7237.478554248811,6762.586469292642,7130.144906044007,6978.543154031039
5000.0,6794.016175150872,7290.073281764985,6774.274967193604,7154.846110582353,7003.302633672954
6999.999999999999,6803.537748456002,7304.912354946137,6781.327907919885,7137.468557357789,7006.811642169953
6999.999999999999,6781.134897470475,7244.087198972703,6737.536854028703,7088.571199178697,6962.832537412644
6000.0,6772.196488499642,7281.601486921311,6701.849345922471,7121.4267852306375,6969.2685266435155
5000.0,6754.269661426545,7250.02382016182,6736.041539669038,7061.0835354328165,6950.354639172555
6999.999999999999,6787.285607337953,7274.154672622682,6761.7371406555185,7011.854711771012,6958.758033096791
5500.0,6791.332213997842,7214.409879207612,6729.283694148065,6949.508616924287,6921.133601069451
6999.999999999999,6834.767831087113,7313.8660559654245,6730.514084100724,6962.653165817262,6960.450284242631
6999.999999999999,6774.943271040917,7192.777830123902,6700.903718709947,6896.348083615304,6891.2432258725175
6999.999999999999,6773.953834176064,7207.276345252992,6660.783996343614,6933.919406771661,6893.983395636083
6000.0,6750.100718379022,7170.150557994843,6658.181455016137,6912.942022681237,6872.84368851781
8000.0,6745.009292840959,7142.806722164155,6649.606748819352,6897.9744136333475,6858.849294364453
8000.0,6756.3597124815,7123.097338199616,6618.032801747323,6940.776443958283,6859.566574096681
6500.0,6753.665418863297,7176.284735918046,6599.4583357572565,7040.76990890503,6892.5445998609075
6999.999999999999,6790.722598552705,7169.261965990067,6611.405971884728,7083.231381177903,6913.655479401351
5800.0,6779.286626100541,7114.650341272355,6602.365478157998,7113.595603227616,6902.474512189628
6000.0,6819.418334126473,7117.005316734315,6638.796097159387,7121.497045993806,6924.179198503495
5800.0,6839.476955413819,7118.792419910432,6700.154408335687,7104.217857837678,6940.660410374404
6000.0,6874.975999355317,7189.116831064225,6729.892482995988,7133.249605178834,6981.808729648591
5000.0,6894.227035164834,7236.883404254914,6760.977497816087,7144.998031377793,7009.271492153407
6000.0,6921.510529398919,7276.267455101014,6827.176775574685,7104.530311584474,7032.371267914773
6500.0,6881.745417237283,7247.724226713181,6758.58243238926,7093.994503498078,6995.511644959451
8000.0,6859.719494581223,7315.20266366005,6739.883976817132,7117.37067270279,7008.044201940299
6000.0,6821.736112713815,7263.397336483003,6709.765667438508,7122.853492021562,6979.438152164222
5000.0,6750.473100423814,7219.781107902528,6694.871625542642,7093.845715999604,6939.742887467147
6999.999999999999,6797.697012543679,7248.723582744599,6702.011358976365,7070.372834920884,6954.701197296382
6000.0,6815.42380309105,7315.717633724214,6693.854497671128,7075.357216119767,6975.08828765154
8000.0,6827.217692136765,7306.901147842408,6684.699106931687,7039.359734058381,6964.5444202423105
6999.999999999999,6795.819810271264,7363.94048857689,6658.309990882874,7049.095396041871,6966.791421443225
8000.0,6750.364402890206,7350.071013927461,6600.641609668733,7082.966870069505,6946.010974138976
5500.0,6723.575627088548,7330.63936662674,6589.311441659928,7145.608886718751,6947.283830523492
6999.999999999999,6740.58865094185,7351.623363494874,6664.563612103463,7151.731492280961,6977.126779705287
6999.999999999999,6758.120364546777,7388.059768676759,6682.628067612649,7140.799744129182,6992.401986241342
6000.0,6757.112742543221,7295.398221015931,6659.755709409715,7136.184025287629,6962.112674564124
8000.0,6750.427224278451,7180.854991912843,6700.296996355058,7097.348834991456,6932.232011884452
6999.999999999999,6767.2406249046335,7182.244501829148,6655.158175706864,7193.875551223756,6949.6297134161005
6000.0,6727.217614412309,7153.898830175401,6628.813695907594,7247.415079355241,6939.336304962636
6999.999999999999,6798.188424587251,7218.584195137025,6665.182320117951,7293.964074850083,6993.9797536730775
6999.999999999999,6808.5990031957635,7272.979251384736,6678.496321439744,7343.456583023072,7025.882789760829
6000.0,6829.66855287552,7331.008028984071,6666.807410240174,7405.753908634187,7058.309475183488
6000.0,6859.276025176049,7387.15299153328,6685.40047466755,7445.895949125291,7094.431360125543
6000.0,6949.511096715928,7489.67419075966,6779.782997727395,7441.955560207368,7165.230961352588
6000.0,7005.932969331742,7514.728352308274,6804.294084906579,7416.98901796341,7185.486106127501
6000.0,6995.867495059968,7503.704025268556,6825.9104286432275,7367.783339023591,7173.3163219988355
6200.0,6939.186070919038,7409.309929847718,6853.044308781625,7266.287120342256,7116.956857472659
6999.999999999999,6970.786882400514,7446.293542385102,6830.988215327264,7265.734953403474,7128.450898379088
8000.0,6905.000489950181,7533.684706211091,6798.624867916108,7312.946053266526,7137.564029335977
6000.0,6858.580443620683,7501.954945564271,6736.9293050766,7318.390849113465,7103.963885843755
5000.0,6803.9357550144205,7560.996304750443,6784.030880808831,7331.533744812013,7120.124171346427
6999.999999999999,6856.25233256817,7500.225704193116,6807.269834876061,7243.054779052735,7101.700662672521
6000.0,6866.913783431054,7456.260651588441,6755.758776307107,7176.693074941636,7063.9065715670595
6000.0,6841.919136881829,7340.416358470918,6708.164548635484,7102.731636047364,6998.307920008899
6999.999999999999,6843.5462934970865,7411.849236488343,6771.409567952157,7085.249104976655,7028.01355072856
6999.999999999999,6819.902306795121,7412.63863682747,6708.091394782067,7112.0738377571115,7013.176544040442
6500.0,6774.012935876847,7383.010912895204,6701.149218082429,7096.404860973359,6988.64448195696
6999.999999999999,6786.903719425202,7434.744326114655,6697.541121244431,7134.066283226014,7013.313862502576
5500.0,6743.515218377114,7263.460157871247,6663.900267839433,7044.179622411729,6928.763816624881
8000.0,6803.268691062928,7198.653283119203,6655.304483413697,7002.3810811042795,6914.901884675027
6999.999999999999,6801.277005076409,7229.832530021668,6607.378790259362,7086.4344453811655,6931.230692684651
8000.0,6768.372649788857,7210.525698900224,6582.95201599598,7131.854309082032,6923.426168441773
6999.999999999999,6724.32989704609,7156.920042991639,6573.025410056115,7143.739123821259,6899.503618478776
6999.999999999999,6741.831853151322,7166.101058244706,6573.41597723961,7162.497920989991,6910.961702406407
6999.999999999999,6764.662881493569,7220.92263865471,6557.3795779943475,7234.108517408372,6944.26840388775
5000.0,6769.493102312089,7265.162121534348,6591.089038968087,7281.531226158143,6976.818872243167
6000.0,6862.799809098245,7334.701265335084,6649.8129848241815,7320.440810203553,7041.938717365266
8000.0,6884.799693942071,7386.540482997895,6706.999046564103,7327.870265960694,7076.552372366191
6000.0,6898.019876480103,7439.350125789643,6677.382894992829,7397.884703159333,7103.159400105477
6000.0,6889.077747821809,7398.908857107163,6764.907554268838,7336.711549758912,7097.4014272391805
5800.0,6867.9565358161935,7321.1078741550455,6731.555596590043,7312.184757232667,7058.201190948487
6500.0,6920.547543644906,7356.718508720399,6771.376504063607,7297.729225158692,7086.592945396901
5000.0,6965.442104816438,7446.126569747926,6769.566256165505,7341.822400331498,7130.739332765342
6999.999999999999,6961.018156528474,7436.45372915268,6852.2181248664865,7269.218234062196,7129.727061152459
6600.0,6950.819600105287,7455.3406488895425,6797.471351504327,7240.695670604707,7111.081817775966
6000.0,6933.006843447686,7503.598220825196,6718.861543178559,7268.388330459596,7105.963734477759
6999.999999999999,6874.830931544305,7457.973361015321,6760.225294351579,7170.203460216523,7065.808261781932
6999.999999999999,6855.512114763261,7429.549162626267,6695.3584913015375,7155.117234468461,7033.884250789882
8000.0,6832.093789100648,7415.678861379624,6651.919567823411,7157.842525482179,7014.383685946465
6999.999999999999,6812.905574679376,7422.89753484726,6608.3409494161615,7200.827233791352,7011.242823183537
8000.0,6775.52436888218,7498.497289419175,6628.694665908814,7231.255103826524,7033.492857009173
6999.999999999999,6780.638112545014,7358.68085050583,6535.438381552697,7219.4058327674875,6973.540794342757
5800.0,6780.36905515194,7328.293483734132,6529.181040644647,7253.638529777528,6972.870527327062
5000.0,6799.646542072297,7286.578428745271,6562.427607178689,7257.681416749955,6976.583498686553
5800.0,6823.11776995659,7311.989680290223,6638.8320541381845,7266.138332843781,7010.019459307195
6999.999999999999,6810.337750434876,7306.733348608018,6669.913762569428,7242.633214473725,7007.404519021512
6000.0,6821.753471255303,7258.407995700837,6703.268613338471,7198.774792909623,6995.551218301059
6000.0,6884.197104573251,7334.581408739091,6767.912235140801,7198.362320899964,7046.263267338277
6000.0,6898.194288492204,7380.188083410264,6720.899105310441,7225.249048471452,7056.13263142109
6000.0,6789.628597140313,7273.792623043061,6716.11269414425,7179.9573073387155,6989.872805416585
6500.0,6782.832314848901,7302.559859275819,6745.289922595025,7147.369538784028,6994.512908875943
5500.0,6782.968703389169,7313.928877353669,6687.435970306397,7148.096944332124,6983.10762384534
6500.0,6829.792129158975,7370.10938358307,6675.325494527818,7128.7074534893045,7000.983615189792
6999.999999999999,6792.505155444146,7355.0008397102365,6680.954621553422,7099.589740037919,6982.012589186431
6000.0,6786.574320435525,7459.859655857087,6665.565447926522,7150.441174030305,7015.61014956236
8000.0,6802.713217735291,7420.8541865348825,6660.253734230996,7090.587269783021,6993.602102071048
5000.0,6768.459442496301,7406.7168943882,6590.287652969361,7089.797869443894,6963.815464824439
6500.0,6815.156398892404,7461.628573894502,6700.901652216912,7058.2458271980295,7008.983113050462
5500.0,6812.280253887177,7404.842171907426,6629.307587742806,7020.641440153123,6966.767863422633
6600.0,6815.960264682771,7382.69019317627,6606.176091313363,6981.365673542024,6946.548055678607
5800.0,6732.903776645661,7255.879434823991,6579.585285544396,6961.662902355195,6882.507849842311
6999.999999999999,6693.16180920601,7208.336042881013,6631.73737025261,6919.688295841218,6863.230879545213
5500.0,6629.565899372102,7084.505167484284,6603.2234860658655,6917.39779496193,6808.673086971045
6000.0,6636.584949612618,7027.527821540833,6595.048852920533,6897.574340581895,6789.18399116397
6999.999999999999,6645.836225628854,7053.260619401933,6641.8772382736215,6882.040099143983,6805.753545612098
8000.0,6667.381895303727,7123.160986185075,6609.881726622582,6934.719966173173,6833.786143571139
6000.0,6649.951026558877,7144.072242498399,6570.092229843141,6958.858258008958,6830.7434392273435
6000.0,6671.212346792222,7112.572275877,6565.079331040383,6932.649753451348,6820.378426790238
6999.999999999999,6702.353156924249,7153.473959207536,6533.814944624902,6954.039196252824,6835.9203142523775
6000.0,6686.828421354295,7176.144214391709,6542.572742104531,7017.394566297532,6855.734986037017
6000.0,6711.70279800892,7208.078144550324,6559.3741570711145,7061.875415563584,6885.257628798486
8000.0,6735.321160197259,7243.682992935182,6632.288297295571,7066.523371696473,6919.453955531121
5000.0,6750.107331156732,7216.427603006364,6575.941231727601,7101.218136548997,6910.923575609923
6999.999999999999,6814.790629625321,7294.802244424821,6638.367919802667,7115.071905851365,6965.7581749260435
5000.0,6829.151516318322,7287.790220260621,6612.613217115403,7127.719669818879,6964.318655878306
6999.999999999999,6792.093923330308,7221.824456214906,6673.769838571549,7081.5633080005655,6942.312881529332
8000.0,6822.3366355896005,7257.603716611863,6670.904026031495,7094.032526969911,6961.219226300717
6999.999999999999,6768.099459409715,7158.161592006684,6535.0870777368555,7114.9470896720895,6894.073804706336
6999.999999999999,6776.655980467797,7247.582878589631,6598.857399582864,7177.50396680832,6950.150056362153
5000.0,6805.946039438249,7228.752994060517,6571.043643236161,7189.975665569306,6948.929585576058
6999.999999999999,6923.027748584748,7293.005222082139,6613.963876962663,7196.933960914613,7006.732702136041
8000.0,6913.543785452844,7274.047214984895,6569.149082422257,7178.140446662904,6983.720132380725
6500.0,6890.13744544983,7338.2804312706,6509.76344549656,7272.0567688941965,7002.559522777797
6999.999999999999,6865.7739058733,7308.207171440125,6569.7194344997415,7289.69470024109,7008.348803013564
6000.0,6862.766331911088,7383.792873859406,6605.646655797959,7343.187112331391,7048.848243474961
6999.999999999999,6875.926999449731,7454.343772649766,6629.447282671929,7387.085210561753,7086.700816333295
6999.999999999999,6864.559634566308,7436.575238943101,6627.937502861024,7371.884914398194,7075.239322692157
6999.999999999999,6844.669639110566,7379.320982933045,6638.056705951692,7339.5153675079355,7050.39067387581
6000.0,6860.971789360047,7444.131164073945,6572.507546901704,7414.253807783128,7072.966077029706
8000.0,6875.896415352822,7483.326750755311,6680.511978745461,7392.100175857545,7107.958830177785
6999.999999999999,6872.270959973336,7433.360602378846,6590.390977621079,7414.538157224656,7077.640174299479
6000.0,6876.999096035958,7464.639867544175,6599.073554754258,7441.983664512635,7095.674045711757
6999.999999999999,6926.158072233201,7520.377317667008,6656.432375311852,7465.142438650132,7142.0275509655485
6000.0,6882.971260905267,7420.482217788697,6690.726653814317,7414.277779102326,7102.114477902652
6000.0,6992.6809628009805,7519.9780712127695,6731.6642941236505,7421.617135763169,7166.485115975142
8000.0,6985.164714336396,7507.499759674073,6667.806766271592,7415.8036775589,7144.06872946024
6500.0,6970.619909763337,7617.179290771485,6610.104907870294,7487.521731615067,7171.356460005046
5800.0,6905.511327028275,7603.416447162629,6674.759688735009,7486.83152294159,7167.629746466876
8000.0,6889.991964340211,7533.706197738648,6721.629817247392,7426.908184528352,7143.059040963651
6999.999999999999,6879.026739001275,7507.578286409379,6642.573233127595,7443.31117963791,7118.12235954404
6999.999999999999,6871.333598732949,7484.426125049592,6602.672972321511,7432.0297808647165,7097.615619242192
6999.999999999999,6919.853615283967,7595.699335575105,6570.851872682572,7509.476153612138,7148.970244288445
6500.0,6891.334358215333,7623.431672096253,6595.183174967767,7552.8526690006265,7165.700468569995
6999.999999999999,6883.006391286851,7531.1404399871835,6654.946980118752,7518.012423038484,7146.776558607818
5400.0,6926.779673337937,7524.997996091844,6641.686294317246,7507.496453285218,7150.240104258061
5600.0,7049.188801527024,7531.036288738252,6599.917923808099,7513.547971487046,7173.422746390105
6999.999999999999,7080.141560792924,7568.820873975755,6630.390016794206,7488.274761676789,7191.906803309918
5500.0,7047.769534111024,7547.364063501359,6671.82320213318,7428.100137710572,7173.764234364034
5000.0,7034.014956474305,7568.084375858308,6621.135847687722,7416.908011436463,7160.0357978642
6999.999999999999,6985.4036009311685,7538.05905866623,6760.834083199502,7322.266763448716,7151.640876561404
6500.0,6930.182360768319,7592.115210056306,6645.690331220628,7341.786856651307,7127.44368967414
6000.0,6767.23979830742,7447.642549037934,6631.680335044862,7247.940795183183,7023.62586939335
8000.0,6759.921519875527,7417.291552543641,6687.035897254945,7162.3896367549905,7006.659651607276
5000.0,6760.522042751313,7458.857820034028,6567.457864522935,7181.0508954525,6991.972155690194
6000.0,6796.2335221767435,7423.480285882951,6599.804266691209,7133.2735764980325,6988.197912812234
6999.999999999999,6808.716380000115,7469.4027206897745,6636.051381111146,7107.524246692658,7005.4236821234235
6999.999999999999,6791.773203611375,7476.656111240388,6657.289969921113,7049.552504301072,6993.817947268487
6000.0,6775.819877386094,7386.012287378312,6566.200196862222,7027.579070568086,6938.902858048678
7499.999999999999,6759.694618940354,7377.800044059754,6549.016893982888,7015.523150205613,6925.5086767971525
5800.0,6739.013983249665,7424.967334270478,6559.042691588403,7032.295634269715,6938.829910844565
6999.999999999999,6724.923393845559,7301.919246435166,6575.182002186776,6976.89543581009,6894.730019569398
6999.999999999999,6717.2715834379205,7260.159555196763,6593.7440692186365,6974.015571117402,6886.2976947426805
6999.999999999999,6723.20531153679,7204.786634445191,6517.332182884217,6992.913236618043,6859.55934137106
6999.999999999999,6689.1738909482965,7148.894610643388,6496.425059556962,6979.071039676667,6828.391150206328
6000.0,6695.415939807893,7124.622410058976,6420.895152449609,7016.247249364854,6814.295187920333
8000.0,6691.969856023789,7069.003163337708,6475.508017063142,7017.020944356919,6813.37549519539
5600.0,6700.987205028535,7109.85525083542,6465.937261223794,7083.9728388786325,6840.188138991595
6000.0,6783.137329220773,7178.882730960847,6482.993681430818,7121.2093901634225,6891.555782943965
6000.0,6769.030207872392,7173.218060255052,6601.588476777078,7087.3197309970865,6907.789118975402
6000.0,6780.386413693429,7242.48194718361,6586.2265808582315,7096.809893608094,6926.476208835841
6000.0,6815.260963439942,7352.960797786714,6615.114913582803,7111.406773805619,6973.685862153769
5000.0,6795.935533881188,7308.564261436463,6666.615639686585,7049.679800271989,6955.1988088190565
8000.0,6802.420602321626,7293.492087841035,6691.4181023836145,6999.3780534267435,6946.677211493255
5000.0,6770.740850806237,7342.482024908067,6555.827228426934,7068.998203754426,6934.512076973916
5000.0,6693.461863994599,7224.895264863969,6649.83695614338,6977.7435245513925,6886.484402388335
6999.999999999999,6751.693984508515,7288.347346782685,6746.506260395051,6928.589921236039,6928.784378230573
6000.0,6743.64127445221,7339.258295774461,6604.200937271119,6949.211041927339,6909.077887356282
8000.0,6718.539996862412,7342.291080951692,6656.384432673455,6915.823127269746,6908.259659439326
6999.999999999999,6699.909735560418,7288.756512403489,6598.319698095323,6920.256994724275,6876.810735195876
6999.999999999999,6707.148247361184,7313.791662216187,6579.353425025941,6934.041329860688,6883.583666116
5000.0,6726.948143720628,7267.394760608674,6547.320716500283,6952.432291269303,6873.523978024722
6000.0,6799.887081861497,7330.3698959350595,6598.416823267938,6955.8659760952005,6921.134944289924
6999.999999999999,6800.157792448998,7286.135372638703,6596.87563276291,6925.446785330773,6902.153895795346
6999.999999999999,6793.237107276917,7227.48664712906,6575.391131281854,6914.4456030130395,6877.640122175218
7499.999999999999,6798.607509374619,7210.161996126176,6505.691214323045,6903.583702325822,6854.5111055374155
6500.0,6771.662093400956,7164.820659160615,6394.922228097917,6920.34089434147,6812.936468750239
6999.999999999999,6779.287039399148,7193.009277343751,6390.146975994111,6977.440163373948,6834.9708640277395
6000.0,6700.112251877786,7074.088389396668,6372.552441000939,7001.744601249696,6787.124420881272
6000.0,6699.576616883279,7137.2982783317575,6478.204377174378,7070.370355129243,6846.362406879664
5600.0,6743.168874144555,7171.584704160691,6598.968990206719,7070.269510269166,6895.998019695283
6500.0,6778.866301417352,7229.248952388764,6546.114297866822,7087.32717037201,6910.389180511237
8000.0,6754.31925725937,7284.694613695146,6580.592080950738,7126.883153438569,6936.622276335956
6000.0,6707.051122188569,7333.491127014161,6456.218131184579,7215.710943222047,6928.117830902339
6999.999999999999,6792.432828187943,7418.48763871193,6605.997959613801,7224.669603824616,7010.397007584573
6000.0,6803.281090021134,7310.361283779145,6531.283903956414,7209.702408075334,6963.657171458007
4000.0,6856.34739124775,7405.605121135713,6518.272023916245,7268.64540219307,7012.217484623195
5600.0,7005.391548156739,7514.2993483543405,6866.138021945954,7219.468654155732,7151.3243931531915
6500.0,7016.856451511384,7490.808282136918,6694.611247420312,7148.095291137696,7087.5928180515775
8000.0,6956.7124116420755,7530.961894989015,6682.303214907647,7140.922080516816,7077.724900513888
6000.0,6822.740428328515,7409.805888175965,6511.091373920442,7112.768179416657,6964.101467460395
6000.0,6771.655067324639,7370.72519850731,6623.672261238099,7080.973944187165,6961.756617814303
6999.999999999999,6773.915810704232,7334.016842842103,6580.222178697587,7040.745110988618,6932.224985808135
6000.0,6757.192922472955,7415.671422004701,6598.556104898454,7093.439030170442,6966.214869886638
6000.0,6781.380396842957,7433.98385667801,6628.208213448525,7089.253141880036,6983.206402212382
6000.0,6804.59124660492,7389.93614435196,6555.0737850666055,7072.623659133912,6955.5562087893495
8000.0,6817.989560842515,7383.42503809929,6571.459834933282,7036.610471725465,6952.371226400138
5800.0,6746.3132499456415,7327.342896938325,6491.343139886857,7070.214954853059,6908.8035604059705
6999.999999999999,6766.104053735734,7306.828407287599,6495.697654008866,7056.336387634278,6906.241625666619
6000.0,6745.457721829415,7249.083152532578,6528.997949361802,7040.619468212129,6891.039572983981
6999.999999999999,6789.337221622468,7249.135228157044,6531.906331658364,7016.344787836076,6896.680892318488
6500.0,6775.191250205041,7282.673583507539,6473.792414546014,7048.747398614884,6895.101161718369
6000.0,6786.360231757165,7346.7538793087015,6412.972218155862,7094.7301750183115,6910.20412606001
8000.0,6768.214356422425,7330.676563501359,6466.681612014771,7061.355485916139,6906.732004463674
6999.999999999999,6699.3960053920755,7213.10716199875,6346.189362764359,7063.210370063783,6830.475725054742
6000.0,6689.742589831353,7255.475228786469,6343.149964809419,7124.447998046876,6853.203945368529
6999.999999999999,6653.796770095826,7198.194521665574,6425.483593583108,7107.808596134187,6846.320870369674
5000.0,6627.653980016709,7222.333640098573,6469.443273305894,7118.126182556153,6859.389268994332
6999.999999999999,6690.997364401818,7385.931280851365,6456.399569272996,7188.299326419831,6930.406885236503
6999.999999999999,6667.735265612603,7444.546942472459,6522.52941286564,7185.001203536988,6954.953206121922
6999.999999999999,6715.354704499246,7455.216659307481,6463.456229686738,7212.743459224702,6961.6927631795415
5000.0,6714.2879807949075,7408.9197759628305,6411.143371820451,7254.174164772035,6947.131323337556
6999.999999999999,6761.578847289086,7463.714078664781,6420.911684393884,7262.450056076051,6977.16366660595
6500.0,6811.958294272424,7496.447328329087,6464.239843845368,7246.486810684205,7004.783069282771
6999.999999999999,6799.8007024526605,7449.018006801606,6485.371388316155,7213.96351671219,6987.038403570653
6000.0,6830.2789949178705,7456.007712841035,6523.754016637803,7200.118013381959,7002.539684444667
6000.0,6872.172181606294,7457.300510883332,6593.337796688081,7176.105364322663,7024.7289633750925
5800.0,6899.968579411508,7482.987019300462,6607.425079703332,7165.555504083634,7038.984045624734
6999.999999999999,6876.356830000878,7309.230498790742,6645.227850079537,7056.463683605195,6971.819715619088
6999.999999999999,6890.173402428628,7325.421885013581,6649.290162086488,7044.528446435929,6977.3534739911565
6000.0,6869.844897150994,7274.535733938218,6638.568369627,7052.901049613954,6958.962512582541
6999.999999999999,6885.418401956559,7292.766335487367,6666.145719170571,7024.499169349671,6967.207406491042
6000.0,6879.83887076378,7231.644431114198,6630.647915124894,7036.131045341493,6944.565565586091
8000.0,6873.105823159219,7195.571728706361,6655.2127311229715,6988.75214624405,6928.16060730815
8000.0,6880.741928219796,7228.940631628037,6670.752345442773,7046.0163214206705,6956.612806677819
6999.999999999999,6826.360924124719,7136.265031814576,6658.904314279557,7111.93000984192,6933.365070015193
6500.0,6797.242384076119,7139.201105117799,6638.505134940148,7190.354247093202,6941.325717806817
6000.0,6823.015685200692,7202.088621139527,6640.316622734071,7255.405794620515,6980.206680923701
8000.0,6826.146422147752,7212.749245405198,6661.833361506463,7239.041649580003,6984.942669659854
6000.0,6872.11060011387,7318.209824323655,6736.8854954242715,7340.364282846452,7066.892550677062
6999.999999999999,6823.694734811784,7358.930482864381,6723.053630948068,7396.1422362327585,7075.455271214248
6000.0,6829.420573711396,7377.365253925324,6721.403742909432,7428.052195072175,7089.060441404582
5600.0,6822.335808992387,7368.599190473557,6730.84637618065,7407.631110906602,7082.353121638299
5000.0,6875.664968132974,7468.379393339158,6798.284723162652,7441.803466320039,7146.033137738706
6999.999999999999,6847.44824564457,7455.950677633286,6787.742715597154,7368.784348249436,7114.981496781112
5000.0,6854.194932103158,7437.655601501466,6796.026872873307,7328.875408172608,7104.188203662635
6000.0,6831.35481119156,7395.516502141953,6800.940166711808,7278.495134592057,7076.576653659345
6999.999999999999,6824.414700984956,7428.544847011567,6781.255993962289,7265.7101554870615,7074.981424361468
8000.0,6818.793839931489,7433.674709320069,6793.6876027584085,7197.710962295533,7060.966778576375
5000.0,6797.849519729615,7478.701112747193,6787.482337474824,7237.99931049347,7075.508070111276
6999.999999999999,6763.048950433732,7430.821295738221,6755.292162179948,7160.986074686051,7027.537120759488
6000.0,6791.440911531449,7398.415378570558,6757.251610875131,7141.480860233308,7022.147190302611
8000.0,6765.606855511666,7449.178366661073,6757.909582257272,7143.8945240974435,7029.147332131864
6000.0,6753.6588060855875,7417.036134004594,6694.7129188776025,7174.681963920594,7010.0224557220945
6999.999999999999,6741.691331624986,7488.036701679231,6710.736505866052,7183.487704038621,7030.988060802222
5600.0,6738.651933670045,7388.225088119508,6688.454751372338,7141.669324398042,6989.250274389983
6500.0,6739.43224143982,7280.145022630692,6725.6355073452005,7096.142003059388,6960.338693618775
6999.999999999999,6737.240518927575,7246.751321792603,6648.2304644584665,7108.6004762649545,6935.2056953609
6000.0,6730.235934138299,7220.685405254365,6667.9092643260965,7092.911661148072,6927.935566216708
5000.0,6738.000988364221,7256.754801273347,6713.525031566621,7076.332600831986,6946.153355509044
6999.999999999999,6706.609305977822,7156.896898269654,6719.239711403848,7020.098365783692,6900.711070358754
6999.999999999999,6715.84570324421,7158.904702901841,6726.3815113306055,7008.451611042024,6902.39588212967
6999.999999999999,6680.833938360215,7113.143454551698,6705.958360671998,6999.312752246858,6874.812126457692
6000.0,6702.2919887304315,7146.832250595094,6704.084051489831,7031.5293786525735,6896.184417366982
5800.0,6710.084733963014,7191.939660549165,6731.66966700554,7024.990168094636,6914.6710574030885
6000.0,6767.7725402116785,7294.125261306764,6755.879046201707,7051.183380603791,6967.240057080985
6999.999999999999,6771.345919966699,7247.186111927033,6739.769906401635,7002.748090267182,6940.262507140637
6000.0,6772.000584959985,7332.4487879276285,6707.787620306016,7067.494623422624,6969.932904154063
6999.999999999999,6775.077179789544,7337.152126073838,6735.9130038023,7017.883911848069,6966.506555378438
6999.999999999999,6779.960302829743,7339.490569591523,6712.691821575166,7047.057007312776,6969.799925327302
8000.0,6764.312817573548,7219.241339921952,6693.955342531205,7031.655021429063,6927.291130363942
6000.0,6770.783833861352,7321.202932834626,6662.025132060052,7145.040187835694,6974.763021647931
6000.0,6773.280570745469,7287.214082002641,6666.503635764123,7144.97736644745,6967.993913739921
6000.0,6803.761756300927,7333.173713684083,6699.293507337571,7148.480485439301,6996.177365690471
8000.0,6768.29040336609,7199.68570303917,6644.411998629571,7123.862767219544,6934.062718063594
6000.0,6811.019279837609,7258.279873132707,6661.207214117051,7203.763307094575,6983.567418545485
6999.999999999999,6784.045346260072,7241.864479064942,6662.907937884332,7227.70734858513,6979.131277948619
6999.999999999999,6814.352533102036,7300.712414503098,6675.534210324288,7255.705849409104,7011.576251834632
8000.0,6874.263059258462,7283.724188566209,6687.8410029411325,7253.53520512581,7024.840863972903
6000.0,6887.091848015786,7301.062891721726,6697.165019512177,7329.194474697114,7053.628558486701
6999.999999999999,6911.067300200463,7358.105538845063,6744.52284038067,7348.430218458177,7090.531474471093
6500.0,6943.2926058769235,7447.932684659959,6790.674655914308,7358.863528490067,7135.190868735314
6000.0,6943.385184764863,7438.374741077424,6766.213577866555,7384.908780097962,7133.220570951701
5000.0,6937.596524477006,7405.349702596665,6761.294497847558,7370.4086117744455,7118.662334173919
6500.0,6932.308782100678,7377.8579058647165,6779.635036826135,7318.317281961442,7102.029751688243
5800.0,6942.478407621385,7416.027685403825,6773.321487307549,7333.299356460572,7116.281734198333
8000.0,6932.888640046121,7466.884905576707,6793.747531056405,7329.900388717652,7130.855366349221
6999.999999999999,6910.420487880708,7524.998822689057,6780.427330255509,7379.543337583543,7148.847494602204
5000.0,6850.979468941689,7481.18999695778,6761.2085317373285,7310.715893983842,7101.02347290516
6999.999999999999,6829.224670171739,7526.903302669526,6785.537354230882,7265.879607915879,7101.886233747006
8000.0,6802.873990893365,7484.290563106538,6781.106793165208,7194.514510869981,7065.696464508773
6000.0,6767.813870072366,7448.210421323777,6766.5012336969385,7195.683319330216,7044.552211105824
6999.999999999999,6711.256435513497,7309.686780452729,6719.977449417115,7132.3882908821115,6968.327239066363
5000.0,6712.944760322572,7349.090669631959,6714.262769579888,7163.460906744004,6984.939776569606
6000.0,6714.187962532044,7412.291465997697,6718.447417974473,7167.201259136201,7003.032026410104
6999.999999999999,6753.537709593774,7441.034730911256,6762.261203289033,7111.530763387681,7017.091101795436
6000.0,6740.136502265931,7322.515569210053,6711.14773797989,7083.1297097206125,6964.232379794122
6000.0,6755.31696009636,7327.371001243592,6744.550944685937,7037.197355747224,6966.109065443278
6000.0,6756.147690296174,7281.587434768678,6701.969202518464,7012.541614055634,6938.0614854097375
8000.0,6744.191788196565,7242.519970655442,6753.406280636788,6950.564181566239,6922.670555263759
6999.999999999999,6716.768599033357,7137.070137500764,6684.763994812966,6978.355206489564,6879.239484459163
6999.999999999999,6704.391132354737,7183.400084733964,6682.158973693849,7005.061735868455,6893.752981662751
6000.0,6702.7329783439645,7199.786547899247,6616.048968434335,7061.945676326753,6895.128542751075
8000.0,6727.1791776418695,7179.356371164323,6596.344130754472,7062.241598129273,6891.280319422484
6999.999999999999,6774.834986805917,7212.731060266496,6594.516524314881,7142.670333623887,6931.188226252795
8000.0,6788.473014235497,7311.157296895982,6641.083704948426,7188.851493358613,6982.39137735963
6999.999999999999,6801.281551361085,7310.496845722199,6612.537583470345,7240.450171232224,6991.1915379464635
5800.0,6805.374860763551,7389.660887479783,6619.945134401322,7339.264081954957,7038.561241149903
6999.999999999999,6804.2891253232965,7303.834472179414,6640.457557559014,7332.815797090531,7020.349238038064
6000.0,6802.39621770382,7318.123858213426,6656.311692118646,7336.45943760872,7028.322801411153
6500.0,6859.595504999162,7435.342782497407,6691.08829009533,7394.963508605958,7095.247521549464
6000.0,6865.247776746751,7441.946467638017,6736.230830430985,7375.804638385774,7104.807428300382
5000.0,6829.853297352792,7349.100588798524,6761.161002397538,7313.912345409394,7063.506808489562
5000.0,6853.736583948136,7384.174761772157,6817.6568554639825,7282.679369688035,7084.561892718078
6999.999999999999,6830.169057488442,7363.905771493913,6807.776952266694,7217.2880907058725,7054.78496798873
6999.999999999999,6824.372957825662,7440.76856660843,6789.922865748406,7234.969831705094,7072.508555471898
6999.999999999999,6765.470053672791,7467.55444931984,6778.493506073953,7221.9872958660135,7058.3763262331495
5800.0,6712.1801578998575,7416.34675192833,6737.733584165574,7170.801090002061,7009.265395998956
6999.999999999999,6758.92340373993,7460.56226348877,6744.18186903,7159.568460464478,7030.808999180795
6999.999999999999,6754.757767081262,7481.718192577363,6717.100891113282,7157.522632360459,7027.7748707830915
8000.0,6743.466035842896,7528.271321058274,6740.408039450646,7125.501909494401,7034.4118264615545
6999.999999999999,6694.598435163499,7391.983625650407,6667.399253845216,7116.236581325532,6967.554473996163
6000.0,6661.460566163064,7403.00464630127,6663.865964055062,7162.962468624116,6972.823411285878
5000.0,6706.727509379388,7372.008903980256,6676.213673233987,7134.722601413728,6972.41817200184
6999.999999999999,6773.844310045243,7422.463571310044,6711.8135620355615,7124.844764709474,7008.241552025081
6999.999999999999,6775.337557911874,7295.699928998948,6687.6335270404825,7071.0589106082925,6957.432481139899
8000.0,6773.706268310548,7304.629658699037,6674.956832170487,7124.9423031806955,6969.558765590192
6000.0,6750.5384016037,7207.175500392915,6660.263653397561,7157.404428958894,6943.845496088267
6000.0,6755.319853186608,7168.084891557694,6706.797356843949,7132.495748519898,6940.674462527038
6999.999999999999,6825.085071325303,7220.731694698335,6720.130783200265,7154.981672525407,6980.232305437327
6000.0,6837.459644913674,7213.968476295472,6695.506865501405,7171.5318019390115,6979.616697162391
6000.0,6878.134427309037,7235.223597049714,6692.544754385949,7183.338089942933,6997.310217171908
6000.0,6889.770849585534,7246.47027873993,6703.066923618318,7177.785009860993,7004.273265451194
5000.0,6877.39792919159,7286.747881174088,6704.601501345635,7189.111044883729,7014.464589148761
5800.0,6891.300467729569,7388.358170270921,6738.803614258767,7212.636001586915,7057.774563461543
6500.0,6888.409443974496,7474.501998901368,6774.8391197919855,7203.665768623353,7085.354082822801
5800.0,6855.520794034005,7449.750371932984,6758.436124682427,7172.369144916535,7059.019108891488
5800.0,6827.508241057397,7396.466262340547,6763.13243675232,7095.1905896663675,7020.574382454158
5000.0,6789.2901055812845,7343.664885520936,6751.505107045175,7028.552802085877,6978.253225058318
8000.0,6751.439392566682,7394.750246524812,6780.1640590429315,6991.22201871872,6979.393929213286
6999.999999999999,6736.129572272302,7323.25868010521,6764.274794101716,6960.693303823472,6946.089087575675
6999.999999999999,6682.7979333400735,7326.174915075303,6731.84407901764,6987.743697643281,6932.140156269074
6000.0,6679.33077132702,7184.563107013703,6701.672040820123,6938.104881763459,6875.917700231076
6999.999999999999,6758.297256350518,7127.791583776475,6699.537353515626,6887.497707247735,6868.2809752225885
6000.0,6794.274073481561,7167.888988018037,6648.027121543885,6922.410280466081,6883.150115877391
6999.999999999999,6814.189693450929,7246.800917625428,6700.496619582177,6920.63557624817,6920.530701726676
5000.0,6807.608739733697,7201.738970518113,6680.598358154298,6892.956968545915,6895.725759238006
8000.0,6829.197805762292,7154.775849819184,6666.043634414674,6869.3642308712015,6879.845380216838
6000.0,6747.4320492744455,7050.791573524476,6587.885148167611,6919.84658920765,6826.488840043546
6999.999999999999,6697.384481072427,7085.139167547227,6595.011242747308,6964.0319299697885,6835.3917053341875
6000.0,6732.685141682626,7126.167320251466,6596.392486691476,6995.326900482179,6862.6429622769365
5000.0,6679.665543198586,7069.753713607789,6609.700288534165,6971.661422252656,6832.695241898299
6000.0,6709.946692228318,7086.4633762836465,6665.615457057954,6943.319056987763,6851.3361456394205
6000.0,6723.43262577057,7115.04214835167,6647.334846377374,6945.745119810105,6857.88868507743
6500.0,6709.680114626885,7132.716449975968,6647.711361408235,6967.796253681184,6864.476044923068
8000.0,6742.919241786004,7186.01461172104,6712.009052276612,6962.444863319398,6900.8469422757635
6999.999999999999,6773.080120921136,7225.931817770005,6651.641831159593,7033.427245855332,6921.0202539265165
6999.999999999999,6734.047787189485,7187.927357673646,6642.545128822328,7045.87497329712,6902.5988117456445
6500.0,6788.072527885438,7250.209804534913,6594.579345703126,7117.179728746415,6937.510351717473
6999.999999999999,6788.897471904756,7308.083181858064,6612.29249739647,7165.518307209016,6968.697864592076
6999.999999999999,6831.097326159478,7414.891114234925,6633.6497029066095,7213.842006921769,7023.3700375556955
8000.0,6821.55302143097,7307.58805012703,6624.33684539795,7187.028019905091,6985.1264842152605
6999.999999999999,6848.1235755682,7294.736943244935,6559.864329218865,7251.338109731675,6988.515739440919
6000.0,6811.821079134942,7263.542817592622,6597.868376016618,7258.389810562135,6982.905520826579
6000.0,6831.305215358735,7320.701188325883,6607.581719875337,7305.902618408204,7016.37268549204
8000.0,6824.92429816723,7322.029530048371,6639.533835172654,7302.837595939637,7022.331314831973
6999.999999999999,6832.867484092713,7389.031847000123,6618.540745735169,7398.282296419145,7059.680593311788
6999.999999999999,6789.511220335961,7388.30940103531,6672.563419938088,7396.591905117036,7061.743986606599
5800.0,6834.367758035661,7494.082433700562,6662.51695740223,7487.573807239533,7119.635239094497
6999.999999999999,6795.608614683152,7379.494568347932,6690.563400864602,7426.891652584077,7073.139559119941
6000.0,6853.690294504167,7416.344272136689,6712.941867232324,7436.108211517335,7104.771161347629
6000.0,6851.222901821137,7441.524903059007,6708.699770331384,7465.2027802467355,7116.662588864566
5000.0,6894.515517592431,7488.633504867555,6742.832449078561,7458.170917749406,7146.038097321988
6000.0,6953.652348756791,7574.84098148346,6830.166577696801,7433.09443807602,7197.938586503268
8000.0,6970.700916290284,7608.783542871476,6844.868022441865,7369.466290950776,7198.4546931386
6999.999999999999,6946.223719596864,7646.237489223481,6777.631778478623,7392.140679121018,7190.558416604997
6999.999999999999,6859.266932606698,7682.002697467805,6769.67660689354,7407.815442085267,7179.690419763328
5800.0,6789.938984394074,7559.047188520432,6746.406655430795,7300.450383186341,7098.960802882911
6000.0,6820.13499391079,7523.210066318513,6717.847721695901,7233.127346515656,7073.580032110215
5000.0,6824.445698380471,7476.190737009049,6758.256753087045,7148.297807455064,7051.797748982907
8000.0,6875.500888586045,7458.337890386582,6813.358549952508,7071.839218378068,7054.759136825801
6500.0,6861.053209185601,7429.698776721955,6702.170478940011,7078.43463754654,7017.839275598527
5800.0,6804.630509972573,7387.036441326142,6678.277686476708,7066.749859333039,6984.173624277116
6999.999999999999,6790.241932272912,7282.747977256776,6679.449388027192,6997.873646497727,6937.578236013652
6999.999999999999,6759.244123458863,7265.068716049195,6700.369736909867,6988.649648189546,6928.333056151868
6999.999999999999,6778.183945417405,7272.3030948638925,6663.236923575402,7002.004152774812,6928.932029157878
6000.0,6795.930160999299,7335.694835186006,6584.525443792344,7070.606761932374,6946.689300477506
6999.999999999999,6743.392468690873,7198.72106409073,6642.621589064599,6988.837285757066,6893.393101900817
6000.0,6764.285953164102,7188.50432252884,6615.751806735993,6985.978085994721,6888.630042105914
6000.0,6773.121037483216,7152.120819568635,6545.517907977105,6998.133198022843,6867.22324076295
6999.999999999999,6798.252899169923,7207.252373933793,6548.502337217332,7040.602936267854,6898.652636647225
6999.999999999999,6757.721531391145,7175.79787015915,6598.188269138337,7039.749887943269,6892.864389657975
6999.999999999999,6793.205696582795,7203.210313558579,6556.782361507417,7074.860431194306,6907.014700710774
6000.0,6778.932429194451,7250.300730228425,6522.3351625204095,7134.905279397965,6921.618400335313
5000.0,6794.963868856431,7369.118293523789,6578.768607497216,7191.847081661225,6983.674462884665
8000.0,6831.542862057687,7422.534658670426,6693.176687955857,7180.51443386078,7031.9421606361875
6999.999999999999,6785.959745407105,7312.075646400453,6594.269785046578,7168.841228008271,6965.286601215602
6000.0,6765.053035378457,7264.357842445374,6582.57674086094,7150.409763336183,6940.5993455052385
6999.999999999999,6768.73304617405,7272.281603336335,6575.972229123116,7172.937017202378,6947.48097395897
6500.0,6745.523023009301,7334.535119295121,6570.276561021806,7237.675284385682,6972.0024969279775
6000.0,6721.388864159585,7383.557293653489,6588.924594163896,7274.4142241477975,6992.071244031192
5000.0,6794.036426782609,7502.209537506104,6637.29706311226,7300.051136732102,7058.398541033269
6000.0,6790.789139628411,7393.249145984651,6665.858063340188,7220.5440571308145,7017.610101521016
6000.0,6810.8659460544595,7376.348539352418,6672.715927124024,7174.931596279145,7008.715502202512
5000.0,6827.968242406846,7418.4347364902505,6713.239442229272,7126.870754480363,7021.628293901683
6500.0,6828.217048168183,7372.427988767625,6678.509960293771,7053.204410791398,6983.089852005244
6999.999999999999,6776.079842209817,7300.6115696430215,6689.693407297135,6963.329322338105,6932.42853537202
8000.0,6733.76426434517,7244.299634456635,6620.822154045106,6925.326515436173,6881.053142070771
5800.0,6681.593994498254,7280.278104782105,6561.859734892846,7010.8908994197855,6883.655683398248
6000.0,6680.164394617082,7270.382082939149,6558.942260026933,7016.8754632473,6881.591050207616
6999.999999999999,6694.82822918892,7293.92357158661,6608.6587760448465,7016.059611797334,6903.3675471544275
6000.0,6703.690177917481,7296.540578365327,6596.741724014283,7003.063850402833,6900.009082674981
5000.0,6696.629384517671,7252.568912982942,6567.621944069863,7000.122817516328,6879.235764771701
8000.0,6721.05119919777,7227.355218172074,6602.197678923608,6967.979758262635,6879.645963639022
8000.0,6685.147535920144,7172.56670165062,6552.705997347833,6999.651657104493,6852.517973005773
6999.999999999999,6646.7744134664545,7193.75073504448,6577.283625602723,7056.728194713593,6868.634242206813
8000.0,6713.781276702882,7299.546085834504,6586.281136274339,7159.123751163484,6939.683062493802
6999.999999999999,6679.374994277955,7209.7900273799905,6530.699913024903,7204.8899590969095,6906.18872344494
6999.999999999999,6671.461152553559,7219.033864021302,6550.172476887704,7278.9514162540445,6929.904727429152
6999.999999999999,6754.408116459847,7265.498546600343,6621.770674347878,7317.6799755096445,6989.839328229428
6000.0,6783.849029421807,7258.648535490037,6530.291574001313,7387.5481050014505,6990.084310978652
6500.0,6820.011830925942,7279.399431943894,6514.033646702767,7422.693365335465,7009.034568727017
5800.0,6842.15430378914,7344.603073358537,6591.419264554978,7481.363582372666,7064.88505601883
6500.0,6955.900693178178,7445.242110729218,6604.462968587876,7521.951985359193,7131.889439463616
5500.0,6961.650503396989,7483.265582561494,6680.55578839779,7500.896074533463,7156.591987222434
6999.999999999999,7000.959333896638,7544.142814159394,6652.501078963281,7523.519213676454,7180.280610173942
5000.0,6958.452398777009,7639.419715404511,6658.913820147515,7573.2059721946725,7207.497976630927
6999.999999999999,6983.223037481309,7665.702200412751,6732.762015223504,7527.748911619187,7227.359041184188
6000.0,6941.964264154435,7635.314833641053,6694.830708980561,7465.659061908723,7184.442217171193
5000.0,6889.219095945359,7496.596115827561,6647.144315719605,7333.214216947556,7091.543436110021
5800.0,6913.960803747178,7541.648970365525,6709.331703901292,7278.991092920304,7110.983142733575
5500.0,6912.134023904801,7576.477643966676,6627.973459839822,7241.452833652497,7089.509490340949
6000.0,6838.149026989938,7557.91888332367,6659.294468164445,7163.960171461106,7054.83063748479
6000.0,6793.467727899552,7582.659764528275,6679.889551043511,7099.359119415284,7038.844040721656
6999.999999999999,6771.707142949105,7657.194035291673,6757.714918613435,7045.375708580018,7057.997951358558
6000.0,6723.115212440492,7519.198590040208,6666.778479337693,6930.75312614441,6959.961351990701
6000.0,6672.729979276658,7392.382872104646,6643.913147211076,6846.927902698518,6888.988475322724
6999.999999999999,6656.6753948926935,7322.121282339097,6666.003544449807,6768.999210476876,6853.449858039618
5800.0,6626.094191074372,7196.697554111482,6560.995940804482,6745.448215961457,6782.308975487948
6000.0,6598.67554819584,7126.860835313798,6562.247822284699,6710.379829168321,6749.541008740664
6999.999999999999,6582.651547908784,7110.331370830537,6554.009541153909,6736.266787409783,6745.814811825753
5000.0,6546.5966173410425,6998.552282810212,6587.33422112465,6695.639121055604,6707.030560582877
6000.0,6610.576481580735,7012.746610164643,6565.446753501893,6698.708689808846,6721.8696337640295
6999.999999999999,6603.8686451911935,6961.716631174088,6602.590725898744,6697.436143398286,6716.403036415578
6000.0,6601.042509317399,6982.220375061036,6603.047007560731,6728.750952243806,6728.765211045743
8000.0,6619.045796632768,6972.335925579072,6556.707554459573,6714.9335532188425,6715.755707472564
6999.999999999999,6624.673270463944,7020.620775222779,6498.859801650048,6802.759093880654,6736.7282353043565
5000.0,6564.144036293031,6945.134264469148,6520.6034413576135,6796.336020231248,6706.55444058776
6000.0,6625.704450488091,7032.889131069184,6496.499866604806,6829.847924470902,6746.235343158246
6999.999999999999,6601.655844449998,6964.435309410096,6577.859763860703,6818.152400493623,6740.525829553605
6500.0,6609.175812602044,6972.329312801362,6588.640658020974,6843.158206105233,6753.325997382403
6000.0,6685.255406856538,7054.34594154358,6517.229684829713,6902.879028201104,6789.927515357734
6500.0,6697.3464576005945,7094.068070650102,6524.300397396089,6937.384088993073,6813.2747536599645
6000.0,6722.263404011727,7140.824542045594,6575.463871836663,6963.200373172761,6850.438047766686
6999.999999999999,6742.5609118938455,7173.006451368333,6577.443572163583,6962.720946788789,6863.9329705536375
6999.999999999999,6750.912850141526,7202.951588630677,6557.262201189996,6966.319951057435,6869.3616477549085
6000.0,6701.493909120561,7166.266377687455,6503.305654764176,6978.358512878419,6837.356113612653
6000.0,6693.568908333779,7180.665701150895,6531.565360307694,6977.152507543565,6845.738119333983
5000.0,6688.975920915605,7211.733357429505,6556.1859716177,6969.190723180772,6856.521493285895
6500.0,6680.5570282936105,7170.281160354615,6580.273427724839,6929.937274694444,6840.262222766877
5800.0,6674.954352378846,7203.849273204804,6643.713110685349,6943.560423374177,6866.519289910794
6999.999999999999,6697.091452360154,7200.9561829566965,6596.770654916764,6916.110783100129,6852.732268333436
8000.0,6677.536228775979,7167.544296979905,6647.068682074548,6911.164838671685,6850.828511625529
6999.999999999999,6672.7899075746545,7239.213581800462,6503.109751224519,6978.843725442887,6848.489241510631
6000.0,6683.605932116509,7251.52905368805,6495.209135055543,6988.326448678971,6854.667642384768
6500.0,6692.7865340709695,7228.775312185288,6410.808599948884,6989.307619571687,6830.419516444207
6000.0,6695.703182339669,7293.649141311646,6456.771538019181,7041.736201047898,6871.965015679599
5000.0,6657.415612697602,7180.68884587288,6496.005561470986,7031.70957684517,6841.45489922166
5000.0,6696.261962056161,7182.38832974434,6608.488497018815,7018.571640729905,6876.427607387305
6000.0,6767.767580628396,7277.935528278352,6690.266239166261,6999.974030017854,6933.9858445227155
6999.999999999999,6799.821780681611,7295.532129764558,6674.240998983384,6946.440288066865,6929.0087993741045
8000.0,6769.854738593102,7230.573987722398,6581.362469553948,6892.4320793151865,6868.555818796159
6999.999999999999,6699.383606433869,7209.3296127319345,6392.489552497865,6938.303265094758,6809.876509189607
6999.999999999999,6626.712485790254,7215.242262601853,6455.239026784898,6987.435376882554,6821.15728801489
5500.0,6609.59531068802,7196.195809602738,6469.00765657425,7004.47567844391,6819.8186138272295
6999.999999999999,6699.367901086808,7237.814152717591,6495.647644877435,7023.889140605927,6864.17970982194
6500.0,6675.566447615624,7229.234073638917,6481.198312282563,7060.309013843537,6861.57696184516
6999.999999999999,6692.98202431202,7194.308688163758,6578.001111984254,7038.7290403842935,6876.0052162110815
6000.0,6799.438239574433,7232.228008747102,6544.52475142479,7074.6165850162515,6912.701896190644
5000.0,6811.5958313941965,7276.29307961464,6516.707688689233,7078.709894418717,6920.826623529197
6999.999999999999,6867.2853388786325,7355.267004013062,6606.781573772431,7066.166281700135,6973.875049591065
6500.0,6821.469121813775,7358.084047317506,6483.759937047959,7086.271605730058,6937.396177977324
6000.0,6737.126448512078,7409.267773389817,6563.665023207665,7117.841833114625,6956.975269556046
6999.999999999999,6733.035205602647,7354.464378118516,6590.242190122605,7077.298892974854,6938.760166704656
6000.0,6672.857275247575,7222.1947717666635,6571.740051388741,7012.1101303100595,6869.72555717826
6999.999999999999,6726.254215359689,7196.212341547013,6555.802843809129,6965.035418987275,6860.826204925776
6999.999999999999,6723.32558143139,7201.328151702882,6491.804794430734,6946.151805639268,6840.652583301068
8000.0,6733.3443529605875,7179.528303384782,6410.69948911667,6986.105381965638,6827.419381856919
6000.0,6666.765253782273,7193.571363449098,6332.848910331727,7069.476803541184,6815.665582776071
6000.0,6664.194536447526,7275.361504554749,6514.870989680291,7123.270923614503,6894.424488574267
8000.0,6710.181445837022,7366.078068971635,6551.74301159382,7157.883855342866,6946.4715954363355
5800.0,6692.67287695408,7419.496913909913,6464.681246757508,7239.073886871339,6953.98123112321
6999.999999999999,6735.929122447968,7438.6326394081125,6474.076763987542,7239.781454086305,6972.104994982482
6000.0,6700.799567461015,7349.452719211579,6458.564427375794,7202.243194818498,6927.7649772167215
8000.0,6695.672184944154,7329.068831920625,6470.062394618989,7190.333582162858,6921.284248411656
6000.0,6650.622223496438,7312.830329656602,6407.917989492417,7245.072502851487,6904.110761374236
6999.999999999999,6694.713332176209,7392.2117664814,6471.006368637086,7286.060978889466,6960.9981115460405
6999.999999999999,6681.929592967034,7369.099281787873,6465.232587099076,7295.103952407838,6952.841353565455
8000.0,6776.228216409684,7422.269320964814,6474.7045645713815,7365.059701204301,7009.565450787545
5000.0,6849.175420522691,7436.771969079972,6411.2512427568445,7452.537657737733,7037.43407252431
6500.0,6940.724368333817,7508.972755908967,6423.081088781358,7486.769528150559,7089.886935293675
6999.999999999999,7049.337589025498,7618.152195692063,6474.874843597413,7486.81829738617,7157.295731425286
6999.999999999999,7052.539000034333,7606.210345745088,6525.105089783669,7484.812972545625,7167.166852027179
6999.999999999999,7062.10190320015,7606.522799491883,6584.794914484025,7503.294033050538,7189.178412556649
6500.0,7100.357648849488,7640.429817199708,6651.314085364343,7518.341408729554,7227.610740035773
5000.0,7108.107824325562,7602.813031196595,6654.491111755372,7500.630736827851,7216.510676026345
6000.0,7135.316098213197,7635.800872802735,6701.469937801362,7449.022139787675,7230.402262151242
6000.0,7123.790026664735,7624.191314935685,6762.679048180581,7398.991516828538,7227.412976652385
6000.0,7073.243607044221,7574.760801553727,6803.785727620126,7321.837759494782,7193.406973928214
6999.999999999999,6979.035495996476,7440.022975921632,6813.291182279588,7187.352872610093,7104.925631701947
6000.0,6925.750559806825,7440.461072444917,6826.151795029641,7149.670785427094,7085.508553177119
6500.0,6850.664535403253,7435.646970272065,6847.14033818245,7095.017830848695,7057.117418676616
8000.0,6761.5457834005365,7274.03729581833,6777.339163064958,7019.636297941209,6958.139635056258
5000.0,6727.018404483796,7317.005472183228,6800.214001059533,7081.555868625642,6981.44843658805
8000.0,6676.188462018968,7312.008692026139,6750.221814870835,7064.029527902604,6950.6121242046365
6999.999999999999,6689.9294008016595,7359.535552024842,6728.83898484707,7102.028201818467,6970.08303487301
6999.999999999999,6625.15889632702,7245.1394572258005,6654.1683255434045,7061.178594112397,6896.411318302155
6500.0,6628.757073998452,7294.495576858521,6634.618888139726,7123.0320370197305,6920.225894004107
5800.0,6646.827315688134,7291.506601333619,6602.219170451165,7140.02687573433,6920.144990801812
6999.999999999999,6708.014934539796,7260.581946372987,6634.104331374169,7108.168165922166,6927.717344552279
8000.0,6717.934514403344,7145.236917972566,6632.603230834008,7078.179219007493,6893.488470554353
6000.0,6776.595225572587,7247.933355808259,6672.285269975663,7196.218127727509,6973.257994771005
6999.999999999999,6788.383741736413,7272.457668542863,6686.964396595956,7190.729522228242,6984.633832275868
8000.0,6809.928171515466,7256.150558710099,6689.3491295576105,7217.5410294532785,6993.2422223091135
6000.0,6806.848270297051,7238.5299859046945,6659.236606359483,7295.508985042573,7000.03096190095
8000.0,6784.381358027459,7234.201096296311,6630.415641307832,7325.661598205567,6993.664923459292
6999.999999999999,6805.724924683572,7224.3968267440805,6642.190931916238,7340.0567886829385,7003.092368006707
5000.0,6848.515382647515,7323.138823509217,6694.551319122315,7375.845968246461,7060.512873381377
6000.0,6896.710133194924,7383.642433166505,6776.8270860910425,7381.480054855348,7109.664926826955
6000.0,6922.602877616883,7454.589272022248,6840.697012901307,7409.324808597566,7156.803492784501
6999.999999999999,6931.733883738519,7505.262987613679,6832.231417536736,7415.570577144624,7171.199716508389
5000.0,6901.520102381707,7497.7955083847055,6799.019568085671,7396.249693870545,7148.646218180657
6000.0,6890.496601939202,7541.386112451554,6816.442584156991,7369.287745952607,7154.403261125089
6999.999999999999,6884.080141067506,7544.8768324852,6796.033898949624,7341.355372905732,7141.586561352015
6500.0,6832.347554445268,7448.800611734391,6785.320372462274,7249.428670167924,7078.974302202464
5000.0,6796.171114087106,7513.056972742082,6790.372947931291,7206.313359498979,7076.478598564864
6000.0,6736.593293309213,7395.317292213441,6776.689870953561,7085.365655183793,6998.491527915002
8000.0,6718.335827350617,7352.684714317323,6794.736554622651,6997.849675178529,6965.90169286728
8000.0,6715.261712312699,7317.093091487885,6752.764841198922,7022.705453395844,6951.956274598838
6999.999999999999,6667.416612386704,7303.556735515595,6721.864984154702,7088.019858837129,6945.214547723533
6999.999999999999,6645.436565876008,7378.605149745942,6704.446927666665,7156.967985630036,6971.364157229663
6000.0,6648.182108521462,7358.01874613762,6676.836514234544,7153.727724552155,6959.191273361445
6000.0,6696.529779553414,7252.249019861222,6643.736668705941,7120.300133228303,6928.20390033722
6000.0,6757.469005942346,7325.1292695999155,6675.184146404267,7136.507224798203,6973.572411686183
6999.999999999999,6776.826672792436,7316.778984546662,6710.733199477197,7093.759749889375,6974.524651676417
5500.0,6765.604789018632,7188.066226005555,6639.88720548153,7092.377679347993,6921.4839749634275
6500.0,6815.40933763981,7232.44623041153,6679.225380182267,7092.172683238984,6954.813407868148
6999.999999999999,6764.9154069423685,7175.231651067735,6678.93028497696,7072.781539201737,6922.9647205472
6000.0,6741.068490624429,7180.813662052155,6680.22142982483,7083.369422912599,6921.368251353503
6500.0,6785.195556282998,7291.92403292656,6699.462959766389,7137.996752977372,6978.64482548833
6500.0,6767.515055179597,7321.600526094438,6678.345054149629,7171.778954505921,6984.809897482396
10000.0,6764.747194409371,7335.771708726884,6668.782150983811,7183.348009109498,6988.162265807391
6999.999999999999,6701.637737035752,7273.645488739015,6601.029697060586,7196.847994804383,6943.290229409934
6999.999999999999,6706.495648860932,7355.890258312226,6594.767396569253,7237.448796749116,6973.650525122882
5800.0,6760.944433927537,7372.728043556214,6596.605335474015,7258.037680149079,6997.078873276711
5000.0,6816.263625860215,7368.411552906037,6622.12197816372,7270.665605783463,7019.365690678359
8000.0,6861.655798554421,7406.926850080491,6675.842531085015,7279.50440979004,7055.982397377492
6500.0,6884.908391475678,7521.5444729328165,6702.277936577798,7363.391628026963,7118.030607253314
6000.0,6875.927826046945,7592.111903667451,6734.911167979241,7406.4614758491525,7152.353093385697
6999.999999999999,6846.871694087983,7473.986202239991,6750.794233441354,7315.5167706012735,7096.79222509265
5000.0,6787.481097579003,7323.94062280655,6706.460518479348,7233.00005054474,7012.72057235241
8000.0,6779.125439643861,7297.567212104798,6724.458432912827,7174.5199508667,6993.917758882047
6000.0,6771.165308475495,7252.9193902015695,6700.653673052789,7174.96135377884,6974.924931377173
6000.0,6738.619283080102,7269.872072458268,6687.818684816361,7189.906231403352,6971.554067939521
6999.999999999999,6772.374620199204,7322.133681297303,6701.998960018159,7213.97674226761,7002.621000945569
6999.999999999999,6761.593312740327,7363.684243440629,6700.635487914086,7231.19476222992,7014.276951581241
8000.0,6753.310395359994,7311.986373901368,6673.504914164544,7192.2785654068,6982.770062208177
6000.0,6784.335895180703,7383.072081089021,6649.696434617043,7268.581754207612,7021.421541273595
5000.0,6798.746377706529,7389.747680187226,6688.053851723672,7233.376978874207,7027.481222122909
6999.999999999999,6850.951364636422,7400.819949865342,6697.9602060318,7212.120204925538,7040.462931364776
6000.0,6852.621091008187,7454.853783130647,6682.962426185609,7250.345366477967,7060.1956667006025
6999.999999999999,6872.275092959405,7454.928176879884,6692.421178102494,7244.469086885453,7066.023383706809
6000.0,6860.800683736802,7443.96667122841,6704.071239233018,7213.923013448716,7055.690401911736
8000.0,6803.927489042283,7269.500930309297,6656.972143292428,7160.9108543396005,6972.827854245902
5000.0,6799.03031384945,7258.606379032136,6646.350369095803,7205.239609718324,6977.306667923928
10000.0,6821.218249559403,7228.515760660172,6732.074699640275,7150.66518187523,6983.11847293377
6000.0,6816.995577692986,7265.814306735993,6642.606297016145,7203.128480434419,6982.136165469886
6000.0,6821.086820602418,7352.4970767498025,6657.776009082795,7224.4100522995,7013.942489683629
6999.999999999999,6789.2867991924295,7270.881347656251,6666.545792222024,7171.38797402382,6974.525478273631
7499.999999999999,6783.884986400605,7265.992851734162,6649.694781422616,7187.016447544099,6971.647266775371
6000.0,6783.053429603578,7327.699986934663,6619.41817867756,7243.912786960603,6993.521095544101
8000.0,6762.135560512544,7349.081577062608,6620.784130573274,7274.05713415146,7001.514600574971
6000.0,6770.848308444024,7478.7879054546365,6618.540745735169,7389.847698450089,7064.50616452098
6500.0,6729.549445152284,7405.9952750206,6628.747154831887,7354.569355964662,7029.715307742358
6999.999999999999,6757.606634378434,7458.657783508302,6640.505086898805,7387.067025423051,7060.959132552148
6000.0,6754.917300343514,7498.835367679597,6659.9929428100595,7399.467636823655,7078.3033119142065
5500.0,6769.88284289837,7502.684830904008,6683.8390325307855,7395.938066720963,7088.086193263532
6000.0,6798.004920005799,7483.640857696534,6714.302446246148,7346.876215696336,7085.706109911204
6500.0,6766.153649568559,7379.2945318222055,6713.126611709596,7272.406419515611,7032.745303153993
6999.999999999999,6784.098661780358,7418.976157665254,6702.80489230156,7279.904482841493,7046.446048647166
6500.0,6818.058168411256,7491.898563861848,6719.819982647897,7270.697016477586,7075.1184328496465
6999.999999999999,6796.30667603016,7457.054184913636,6650.102707147599,7245.464309930802,7037.231969505549
6500.0,6794.86757028103,7476.29240846634,6630.92730498314,7242.3009223938,7036.097051531077
5000.0,6770.315153241158,7429.926090955735,6653.238816976548,7172.786576509477,7006.56665942073
8000.0,6822.821848154069,7451.933415174485,6687.271064162255,7123.853674650193,7021.470000535251
6999.999999999999,6801.72088778019,7347.950792074204,6622.69026374817,7128.346230506898,6975.177043527366
8000.0,6791.399994969369,7463.875265121461,6683.294718265534,7157.196953058244,7023.941732853652
5000.0,6706.527059555055,7286.630504369737,6595.848172426225,7140.6774077415475,6932.420786023141
6000.0,6734.865705132485,7345.9479470253,6636.037328958512,7172.217051029206,6972.267008036376
6000.0,6763.756930947305,7410.662242889405,6641.4945237636575,7209.567672729493,7006.370342582465
6999.999999999999,6738.650280475617,7389.147570610047,6660.460796833039,7191.769381523133,6995.007007360459
6000.0,6702.550300359727,7349.990007400514,6653.667407631875,7205.109007358552,6977.829180687667
5000.0,6743.512738585473,7392.234084606172,6711.879689812661,7186.058421373368,7008.4212335944185
6999.999999999999,6723.17886042595,7243.716056823731,6705.681450605393,7089.1002213954935,6940.419147312642
5800.0,6724.381559371949,7287.899331092835,6645.309683203698,7131.322807073594,6947.228345185519
8000.0,6710.836524128915,7268.216398239137,6661.010897278787,7105.427996158601,6936.37295395136
6999.999999999999,6695.3324534893045,7239.658291101457,6632.996277809144,7130.031662225724,6924.504671156407
6999.999999999999,6669.504183650018,7272.458495140077,6653.276013851167,7186.020397901536,6945.314772635699
6999.999999999999,6701.838186860085,7333.767210483552,6685.793108344079,7214.509897470475,6983.977100789548
6999.999999999999,6774.799856424333,7384.025974273683,6633.0789375305185,7269.000012397767,7015.226195156575
5000.0,6778.443496942521,7378.248059749604,6649.492265105248,7266.699592351914,7018.220853537322
6999.999999999999,6867.841225504876,7380.912182569505,6772.921414256097,7228.521546840669,7062.549092292787
6500.0,6903.895742774011,7354.752860546113,6719.381886124612,7208.750994682313,7046.695371031762
5000.0,6897.201958537103,7336.412321567536,6645.754392504693,7221.677321910859,7025.261498630048
6999.999999999999,6924.79046714306,7355.420751094819,6684.168431520463,7186.9784240722665,7037.839518457652
8000.0,6919.386587858201,7463.52644109726,6669.588909864427,7222.400594472886,7068.7256333231935
5800.0,6813.108090996743,7348.667451858521,6584.501885771752,7208.227758646012,6988.626296818257
6000.0,6748.828171968461,7343.6599259376535,6651.58272945881,7202.44901752472,6986.629961222411
6000.0,6708.309203147889,7249.38155412674,6631.455500602723,7173.470172405244,6940.654107570649
6000.0,6717.587756872178,7332.434735774995,6657.52555012703,7203.141705989839,6977.67243719101
8000.0,6715.781228661538,7358.151828289033,6660.6740589141855,7231.685760974885,6991.57321920991
5000.0,6716.3701791763315,7384.7492468357095,6635.514092922212,7280.987325191499,7004.405211031438
6999.999999999999,6790.099757552148,7351.303470373155,6696.292132854463,7226.331890821458,7016.006812900306
6999.999999999999,6808.752336978913,7384.817027807237,6672.734112262727,7203.213619947434,7017.379274249078
6500.0,6850.192135095597,7468.8836176395425,6651.840627789498,7238.528332710267,7052.361178308726
5000.0,6841.099152445794,7435.339476108552,6585.979428291322,7233.5745356082925,7023.99814811349
8000.0,6865.352754592896,7496.302673816682,6634.66848397255,7230.716162443162,7056.760018706323
6000.0,6803.039723634721,7395.9248411655435,6601.998055696488,7196.608281612397,6999.392725527287
5500.0,6771.330214619637,7353.560080766679,6647.991991162301,7146.445403099061,6979.83192241192
5500.0,6749.504741787911,7314.39921116829,6653.995153427125,7106.181852817536,6956.020239800216
8000.0,6731.46219110489,7268.3238558769235,6731.692398428918,7032.549399614335,6941.006961256267
6999.999999999999,6690.631595134736,7249.290628433228,6617.1425565481195,7084.199326515199,6910.316026657821
5000.0,6661.386172413827,7345.009759187699,6673.325542569161,7142.232237100602,6955.488427817822
6000.0,6729.63582456112,7305.29920244217,6663.01787531376,7112.225105047227,6952.544501841069
6000.0,6743.261039733888,7276.789037942887,6645.329108238221,7087.39329814911,6938.193121016026
7499.999999999999,6766.615304112435,7375.358275890351,6658.292219042779,7102.392731189729,6975.6646325588235
6000.0,6743.397428274156,7339.00866341591,6615.701384305955,7072.664988994599,6942.693116247655
7499.999999999999,6712.081792831422,7223.674380779267,6635.681892156602,6984.753068923951,6889.0477836728105
6000.0,6720.631701111794,7266.3325831890115,6566.802786231042,7041.249335289002,6898.754101455213
8000.0,6697.842829227448,7290.8891332149515,6569.259433150292,7075.813497781754,6908.451223343612
6999.999999999999,6661.656469702722,7311.811135292054,6575.566369891168,7097.90596151352,6911.734984099866
8000.0,6669.999728679658,7333.980472564698,6520.5191284418115,7154.441904544831,6919.73530855775
6000.0,6610.696338176728,7226.3880994319925,6461.7972490787515,7202.116725444795,6875.249603033067
6000.0,6700.0672023296365,7332.931520700456,6520.150466084481,7251.246357440949,6951.098886638881
6999.999999999999,6722.113789916039,7333.024926185609,6589.304828882218,7226.712952136994,6967.789124280215
6999.999999999999,6738.821386098863,7295.5883383750925,6581.488938927651,7207.444144487382,6955.835701972247
8000.0,6738.158041834832,7297.689548492433,6525.60187470913,7257.801273345948,6954.812684595586
6000.0,6739.475224494935,7384.18881392479,6504.448012113572,7347.6738820076,6993.946483135224
6999.999999999999,6720.915637254716,7287.930741786958,6607.363084912301,7289.70792579651,6976.479347437621
6999.999999999999,6761.116779446603,7329.9450249671945,6620.220391273499,7301.6687874794015,7003.237745791675
6000.0,6784.121806502343,7417.764366149903,6567.489275217057,7376.943689346314,7036.5797843039045
6999.999999999999,6836.1358494758615,7505.825073719026,6622.577019929887,7416.134316444398,7095.168064892293
6999.999999999999,6789.484769225121,7412.9800214767465,6578.506989479066,7378.376182317735,7039.836990624667
6500.0,6776.485701441766,7376.204711437226,6595.967615723611,7334.382198810578,7020.760056853295
5000.0,6825.3735537529,7466.0946786403665,6550.812676429749,7381.261833190919,7055.885685503484
5500.0,6882.717908859254,7513.656255722047,6626.026823401452,7364.728235721589,7096.782305926085
6999.999999999999,6921.335290789605,7554.470319747926,6738.270872354508,7301.33732199669,7128.853451222182
6999.999999999999,6907.222796559335,7511.900563240052,6670.8734419345865,7235.05497121811,7081.262943238021
6999.999999999999,6912.310915708543,7562.113037586213,6653.339248538018,7214.944687604905,7085.67697235942
6999.999999999999,6858.181610465051,7494.544501543046,6608.53271996975,7163.627879381181,7031.221677839757
6999.999999999999,6809.1924999952325,7518.518300533296,6539.35107946396,7169.583512306214,7009.1613480746755
6000.0,6732.185463666917,7453.078252315522,6545.684467315675,7146.6057629585275,6969.38848656416
6000.0,6742.030236482621,7408.028704166413,6565.166537046433,7092.442153930665,6951.916907906533
6000.0,6725.558633804322,7271.063199043275,6498.744904637338,7032.433676004411,6881.950103372336
6999.999999999999,6700.142422676087,7335.006279706956,6532.6643213033685,7051.682645320893,6904.873917251826
6500.0,6703.42608010769,7376.722161293031,6604.716320633889,7072.258303165437,6939.280716300012
8000.0,6726.2418164014825,7380.9063963890085,6565.783591866494,7098.630887269975,6942.89067298174
6000.0,6682.48258650303,7342.625026226045,6469.874757051469,7115.769553899766,6902.687980920077
5000.0,6653.939771413804,7230.621103763581,6438.283451437951,7103.859941244126,6856.676066964866
6000.0,6682.933495283128,7282.754590034486,6588.624952673913,7090.137600898744,6911.1126597225675
5000.0,6685.023959636689,7290.266705513001,6606.408778429032,7068.956873893739,6912.664079368115
6000.0,6693.742907047273,7239.341704368592,6695.341959357263,6988.3710849285135,6904.19941392541
5800.0,6724.831641554833,7265.975493192674,6612.796308398248,6992.651205301286,6899.06366211176
5500.0,6702.0812064409265,7218.7214102745065,6637.359057903291,6943.684412956239,6875.461521893741
8000.0,6707.144527673722,7201.860480308534,6677.287423014642,6892.675512194634,6869.741985797883
6999.999999999999,6695.591178417207,7177.636222362519,6594.471888065339,6919.441969871522,6846.785314679147
8000.0,6650.648261308671,7259.900830268861,6620.049698948861,6995.917090892793,6881.628970354796
8000.0,6630.746693491937,7333.955674648286,6614.652845740319,7098.269664287568,6919.406219542027
7499.999999999999,6641.725144386292,7329.275481224061,6524.187566876412,7175.846639394761,6917.758707970382
6000.0,6687.488872528077,7349.690779209138,6524.036712884904,7217.926223754884,6944.785647094251
6999.999999999999,6784.649588823319,7344.635310649873,6549.71578192711,7217.471595287324,6974.118069171906
6500.0,6789.592640161515,7338.272165298463,6531.812512874604,7252.560647010804,6978.059491336347
5000.0,6786.784276127816,7308.970947265626,6547.92247927189,7280.245040893556,6980.980685889722
6999.999999999999,6873.136407256127,7359.739721536637,6623.538352489472,7286.058499097825,7035.6182450950155
6999.999999999999,6857.569928526879,7406.705322027207,6567.947623372079,7298.17889404297,7032.600441992284
6999.999999999999,6851.565113067628,7434.321108341218,6600.198553562165,7288.959028720857,7043.760950922967
8000.0,6830.671628594399,7402.426028251649,6557.7817175388345,7307.998042345048,7024.719354182483
6999.999999999999,6736.460624456407,7384.869930028916,6515.478125333787,7363.518097400666,7000.081694304944
8000.0,6705.785188555718,7295.685876846314,6493.3943408727655,7357.563291072846,6963.107174336911
6000.0,6693.379617571832,7322.383313655854,6465.178031682969,7426.542828559876,6976.870947867633
8000.0,6795.223420381547,7426.408093214036,6551.3995604515085,7485.279173374177,7064.577561855317
5500.0,6813.4701405763635,7498.6353311538705,6465.709533691407,7571.281653881074,7087.274164825679
5000.0,6915.618131160737,7619.113528251649,6632.032465457917,7614.1010427474985,7195.21629190445
6999.999999999999,6960.314722299577,7664.083723068238,6708.386076688767,7602.120342731477,7233.726216197015
5500.0,6967.897925138474,7724.598905086518,6698.114366412164,7597.456681251527,7247.016969472171
6000.0,7054.259148836137,7824.599809408189,6669.693887710572,7603.6809582710275,7288.058451056481
5000.0,6977.105391502381,7763.220006704331,6628.670694589616,7534.775814533235,7225.942976832391
6000.0,6980.606857299806,7742.77495121956,6742.360462069512,7444.902379274369,7227.661162465812
5000.0,6927.841024160386,7601.64422273636,6726.928305387498,7291.648776054383,7137.015582084657
6500.0,6926.411424279214,7481.2528183460245,6736.490795254708,7147.751426696778,7072.976616144181
8000.0,6822.999566555024,7426.250213146211,6615.180214762689,7092.637230873109,6989.266806334258
6000.0,6735.0793805122385,7481.616521120072,6476.573500871659,7135.12267446518,6957.098019242288
6999.999999999999,6689.401205182076,7453.224560022355,6612.637601733209,7065.514923095704,6955.194572508336
6500.0,6688.692811369897,7444.471722126008,6551.063548684121,7075.615114450456,6939.96079915762
6500.0,6669.9005370140085,7541.734936475755,6514.423800587655,7140.703858852387,6966.690783232451
6999.999999999999,6663.152197360993,7517.347012281419,6535.478884816171,7123.452775001527,6959.857717365027
6999.999999999999,6711.220478534699,7522.0858941078195,6580.513140916825,7094.577254533769,6977.099192023278
5800.0,6743.082908034326,7483.268888950349,6528.384200930596,7072.801377534867,6956.8843438625345
5500.0,6742.799385190011,7334.444193601609,6452.165738344193,7011.78362441063,6885.298235386611
7499.999999999999,6739.561603903771,7307.397106170655,6566.375022172929,6956.347882270814,6892.420403629542
6999.999999999999,6684.064693570138,7173.891736984254,6450.227367877961,6934.429830551148,6810.653407245875
6000.0,6649.919615864755,7196.82732987404,6397.674796819688,7006.267741203309,6812.672370940448
6000.0,6589.387075304986,7078.417279005052,6443.936136484147,6985.504445791245,6774.3112341463575
6999.999999999999,6616.730497837068,7139.212677478791,6579.847316861154,7027.666689872743,6840.864295512439
8000.0,6656.551818609239,7203.140879392625,6581.231040596963,7028.033699035645,6867.239359408618
6500.0,6648.30403161049,7148.601168632508,6428.508112788201,7056.832345962525,6820.561414748431
6000.0,6667.971672415734,7211.1977224349985,6441.76053261757,7129.168694734574,6862.524655550719
6999.999999999999,6704.066279649735,7225.15812277794,6433.965307593347,7132.549477338792,6873.934796839953
6500.0,6712.53394150734,7302.889671564103,6483.768616318704,7166.99130344391,6916.545883208514
6000.0,6751.91799235344,7351.091034889222,6393.394676446916,7209.994196891786,6926.599475145341
6999.999999999999,6750.690908789636,7470.120207071305,6457.888684153558,7259.580110549928,6984.569977641107
5800.0,6740.749010801316,7458.194062471391,6545.006244301797,7227.806540250779,6992.938964456321
5000.0,6775.247872114182,7405.924187660218,6515.086318254472,7221.92695426941,6979.546333074571
6999.999999999999,6824.702356815339,7478.887097120286,6497.6719814538965,7232.839690685273,7008.525281518699
6999.999999999999,6805.717485308648,7455.562176942826,6460.407739162446,7234.196136713029,6988.970884531737
6000.0,6776.464623212815,7430.148445606233,6479.812108755113,7211.105143547059,6974.382580280305
6999.999999999999,6757.091664314271,7400.774487018586,6528.9479402303705,7152.725888729096,6959.884995073081
6000.0,6739.245017170907,7380.8121643066415,6560.263575673104,7121.152354955674,6950.368278026582
6500.0,6748.516131520272,7324.499402523042,6609.594484090806,7093.563846349717,6944.043466120959
6000.0,6748.1520154476175,7335.7907204628,6592.896807074548,7076.022626876832,6938.215542465449
5500.0,6774.106754660607,7379.40364265442,6656.460066318513,7054.215339183808,6966.046450704337
6600.0,6756.232003211976,7290.417146205903,6710.542668819428,6955.891600608827,6928.2708547115335
6000.0,6754.406876564027,7227.766863584519,6713.08114886284,6952.630674600602,6911.971390902997
6500.0,6723.609930872918,7225.74087381363,6696.673607468606,6940.065570354463,6896.522495627404
6500.0,6762.424869537354,7227.032845258714,6689.660756707192,6943.1239800453195,6905.560612887145
6999.999999999999,6732.704980015756,7207.294530391694,6626.455414056779,6951.198181629182,6879.413276523353
6000.0,6702.93177497387,7071.902866363526,6618.598194241525,6916.272382855416,6827.426304608584
6000.0,6703.720348715783,7021.160543203355,6560.791771292687,6898.413336753846,6796.021499991418
6999.999999999999,6737.523215174676,7045.771648645402,6599.278550863267,6902.585172891618,6821.289646893741
5000.0,6729.813956260682,6989.157178878785,6595.214585661889,6863.74006342888,6794.481446057559
8000.0,6710.439757466317,6969.621380329133,6614.878093481065,6811.721060872079,6776.665073037148
8000.0,6743.61358344555,7017.516076087953,6667.397187352181,6899.396160840989,6831.980751931668
6999.999999999999,6701.095075964929,7023.82797241211,6646.626865863801,6981.387991666795,6838.234476476909
8000.0,6669.090471744538,7066.488654613496,6625.0427594184885,7009.017003536225,6842.409722328187
6000.0,6699.045528173448,7177.512232780457,6659.942107081414,7127.034420728684,6915.883572191001
6000.0,6686.63747739792,7166.120896577836,6649.944413781167,7140.794784545899,6910.8743930757055
6999.999999999999,6675.894606709481,7164.285850763322,6635.051611781121,7180.664047956468,6913.974029302598
6999.999999999999,6683.430280208589,7225.555716037751,6623.056446313859,7258.5493438243875,6947.6479465961465
6999.999999999999,6693.164288997651,7225.947523117066,6612.428059339524,7274.930847406388,6951.6176797151575
6000.0,6727.97064447403,7270.514338493348,6670.105946421624,7276.685713291169,6986.319160670043
6999.999999999999,6780.159926056863,7286.791690826417,6722.562218904496,7293.601198673249,7020.778758615256
5000.0,6782.187155723573,7328.009960889817,6707.624367356301,7319.29679965973,7034.279570907355
8000.0,6832.223151564599,7409.248761653901,6765.334905028344,7324.614299535752,7082.855279445649
7499.999999999999,6854.866129040719,7397.212679624558,6747.616380453111,7359.228884458543,7089.731018394233
8000.0,6844.744032859803,7424.61685705185,6753.104572653771,7375.9087896347055,7099.593563050033
5000.0,6832.116520524026,7424.107673168183,6729.936292648316,7411.8451035022745,7099.5013974607
6999.999999999999,6836.805806517602,7425.2516837120065,6721.662467837335,7408.093178749085,7097.953284204007
8000.0,6841.340518832208,7435.934626102448,6721.573608636857,7442.859030961991,7110.426946133376
6000.0,6862.578281044961,7475.474903821946,6719.266575813294,7471.767615318299,7132.271843999625
6000.0,6863.811150789262,7530.657707214356,6773.4574625492105,7463.862039566041,7157.947090029717
8000.0,6895.004863142968,7541.895296335221,6821.040944457055,7456.249905824662,7178.547752439977
6999.999999999999,6926.265529870988,7681.715041637422,6850.799270749093,7557.186518192292,7253.991590112449
5000.0,6879.063522577287,7592.95916581154,6824.04149234295,7523.6167521476755,7204.920233219863
6999.999999999999,6878.851087093354,7508.83884716034,6828.575791358949,7467.54783654213,7170.953390538693
6400.0,6884.044184088708,7521.1518392562875,6813.068414330483,7445.361140727998,7165.906394600869
6999.999999999999,6869.0042477846155,7450.820815324784,6816.5802125930795,7414.408381462098,7137.703414291144
8000.0,6860.182802319528,7497.405354499818,6781.649040937425,7439.991565227509,7144.80719074607
6000.0,6846.20339024067,7525.205471992494,6758.802720546723,7489.046803474427,7154.814596563579
6999.999999999999,6880.923366308213,7509.5645995140085,6783.389028072358,7444.1295108795175,7154.501626193524
5000.0,6903.855652809144,7478.863952398301,6773.608729839326,7394.152616739274,7137.620237946511
5000.0,6930.909353017808,7511.314505815507,6798.992290377618,7394.736194372178,7158.988085895778
6999.999999999999,6954.2508051395425,7549.118102788926,6843.301207423211,7342.712645530702,7172.345690220595
8000.0,6979.3586955070505,7509.605929374696,6837.882862687112,7273.3702318668375,7150.054429858924
6000.0,6967.150681257249,7647.6923003196725,6855.631558060647,7374.288659095765,7211.190799683333
6999.999999999999,6908.452773213387,7516.246811389924,6807.447553277017,7292.508437156678,7131.163893759252
8000.0,6874.365970611573,7459.662099123002,6754.616005659104,7247.878800392152,7084.130718946458
5800.0,6846.90517127514,7366.63767528534,6725.794627308846,7253.602986097337,7048.235114991666
6000.0,6857.5657955408105,7462.50228714943,6758.438604474069,7280.730253458024,7089.809235155583
6600.0,6894.108831763268,7425.787318706513,6777.307752370835,7221.831068992616,7079.758742958308
6000.0,6877.881075263024,7322.660223722459,6741.329282045365,7175.5631165504465,7029.358424395324
6999.999999999999,6897.867782592774,7378.045543432237,6742.553472518922,7222.989958286286,7060.364189207555
7499.999999999999,6896.909343123437,7427.2718873024,6766.249534845353,7214.490059137345,7076.230206102134
5000.0,6866.07520055771,7307.8600006103525,6726.257935047151,7186.270030260087,7021.615791618825
6999.999999999999,6859.352072119714,7296.955530166627,6737.882784962655,7155.695025920869,7012.471353292466
5800.0,6870.961216688157,7405.672075510026,6723.836418509484,7229.533301830293,7057.50075313449
6999.999999999999,6862.894041180612,7377.380132675172,6756.379137516023,7161.691162109376,7039.5861183702955
8000.0,6863.521015167237,7395.800024986268,6766.092894673348,7162.783097028733,7047.049257963897
6600.0,6816.98193883896,7324.338216066361,6724.476204752923,7148.001059055329,7003.449354678393
5000.0,6747.346083164216,7184.418452501298,6648.317670464517,7153.86328649521,6933.48637315631
6500.0,6769.114107489587,7240.532830953599,6674.859293699265,7156.152960777284,6960.164798229934
6999.999999999999,6780.962138652802,7218.532946109773,6631.636525392533,7162.641748905183,6948.443339765073
6000.0,6802.003997325898,7293.553256034852,6648.246996402741,7209.103125095368,6988.226843714715
6999.999999999999,6823.677376270295,7396.754744768144,6650.806554675103,7243.798716545106,7028.759348064662
6500.0,6826.155101418496,7398.936134815217,6647.4146130085,7248.848398923875,7030.338562041522
6999.999999999999,6812.730336070062,7275.468962192536,6630.631796479226,7196.027183771134,6978.71456962824
6000.0,6817.6895060539255,7330.269051074983,6637.355751514436,7243.081230163575,7007.09888470173
6000.0,6827.02013540268,7299.939546108247,6654.274543285371,7216.066380023957,6999.325151205064
6999.999999999999,6790.492391228677,7204.99824333191,6624.6567385196695,7169.947215080262,6947.52364704013
6000.0,6794.792349934579,7250.446211338044,6640.183127284051,7182.961161613465,6967.095712542535
5000.0,6798.06691479683,7288.43661928177,6699.238538622857,7167.853444337846,6988.398879259826
6000.0,6812.719590306283,7279.854887008668,6734.201947569848,7123.5478336811075,6987.581064641477
5500.0,6813.863187551499,7286.674314022065,6781.549849271775,7076.730194091798,6989.704386234284
6000.0,6793.691735744477,7265.98127937317,6820.960764527322,7015.4049468040475,6974.009681612254
5000.0,6761.218037605287,7217.469942092896,6757.531414031983,7003.064677000047,6934.821017682553
6000.0,6730.815378785134,7309.342916011811,6763.214269876481,7005.088186979295,6952.11518791318
8000.0,6713.238202333451,7257.97155237198,6743.878094553948,6929.31402039528,6911.100467413665
6999.999999999999,6673.9111866951,7317.18236398697,6726.968808650971,6977.774935245515,6923.959323644639
8000.0,6585.530999302865,7272.410552501679,6711.983427762986,6960.5974185466775,6882.630599528552
5800.0,6506.452097058297,7167.5657885074625,6644.833976507188,6944.475466489793,6815.831832140685
8000.0,6520.023170113564,7139.653253793717,6618.446100354196,6928.787064671517,6801.727397233249
6000.0,6572.984493494035,7247.2803440094,6615.272793650628,7047.462866544724,6870.750124424697
6500.0,6575.608113050462,7232.819852352143,6627.931303381921,7067.333436965943,6875.923176437617
6999.999999999999,6625.716436147691,7188.285274267198,6621.169324874879,7080.086178779603,6878.8143035173425
6400.0,6674.255051136018,7212.18467950821,6634.568879008294,7097.342222213746,6904.587707966567
6000.0,6730.357857227326,7184.520123958589,6605.384624481202,7134.099347114564,6913.59048819542
6999.999999999999,6746.200832724572,7164.443730831147,6615.898114442826,7138.090158462525,6916.158209115268
5000.0,6762.018183708192,7110.503303050996,6611.339844107629,7124.116532564164,6901.994465857745
6999.999999999999,6824.82386660576,7142.86293077469,6646.9657707214365,7123.380034446717,6934.508150637151
5000.0,6848.197142720223,7152.383677482606,6669.914589166642,7108.302901268006,6944.699577659369
6000.0,6812.477397322656,7111.538202762605,6706.898615002633,7055.939620971681,6921.7134590148935
6999.999999999999,6810.660123348237,7147.463770866395,6692.430683970452,7069.55533027649,6930.027477115394
6000.0,6809.44791853428,7225.442472219468,6711.89167547226,7090.440962076188,6959.305757075549
6999.999999999999,6765.8428490161905,7249.801465511323,6698.001949191094,7094.249095439912,6951.97383978963
6999.999999999999,6734.735102772714,7311.724342584611,6687.559546589852,7129.277805566789,6965.824199378491
6999.999999999999,6694.331857562066,7310.830790996552,6695.702769041062,7090.929481029511,6947.948724657298
6000.0,6683.023181080819,7402.908761024476,6666.140346288682,7157.56478881836,6977.409269303084
6999.999999999999,6709.266402721406,7460.868104457856,6685.443044424058,7169.215676546098,7006.198307037354
6999.999999999999,6687.442583084107,7359.85296535492,6681.090183496476,7092.300805807115,6955.171634435655
8000.0,6674.382760405541,7335.341051578523,6633.953477382661,7118.061707973481,6940.4347493350515
8000.0,6629.502251386643,7275.3127353191385,6614.845856189729,7140.574909687043,6915.058938145638
8000.0,6635.081369280816,7348.623642206193,6599.270698189736,7252.487906455995,6958.865904033185
6500.0,6632.296149969102,7255.811653852464,6572.237662911416,7297.244839191438,6939.397576481105
6000.0,6727.232079863549,7308.150962829591,6621.6731358766565,7364.372798919679,7005.357244372369
6999.999999999999,6752.632172346116,7319.819209098817,6653.155743956567,7371.54187655449,7024.287250488997
6999.999999999999,6784.581394553185,7293.6392221450815,6670.590332388879,7372.560244321824,7030.342798352242
5000.0,6852.025114417077,7285.632801532746,6702.374648451806,7372.870218276978,7053.225695669652
6999.999999999999,6903.052200317384,7331.130365371705,6743.818992853166,7395.0742726326,7093.2689577937135
8000.0,6874.153948426248,7314.190082073213,6716.223044872285,7413.855387926103,7079.605615824462
6999.999999999999,6885.094375848771,7423.871266365052,6717.979150652886,7520.130165100099,7136.768739491702
7499.999999999999,6832.087176322938,7432.969621896745,6739.38471210003,7562.527989387513,7141.742374926806
6999.999999999999,6874.697849392892,7532.221629142762,6779.650328874589,7584.829582214356,7192.84984740615
6999.999999999999,6944.6482253074655,7590.71908736229,6778.994837284089,7595.495992660523,7227.464535653592
4000.0,6960.495747089387,7607.07827281952,6768.247007012368,7598.040258884431,7233.4653214514265
8000.0,7033.1478559970865,7671.358605146409,6816.217336416245,7610.036664247514,7282.690115451814
5000.0,7032.725464820863,7690.050447940827,6792.432828187943,7615.46327495575,7282.668003976346
6000.0,6995.593064785005,7703.352050304414,6884.185945510865,7569.172177791596,7288.07580959797
6000.0,6980.778789520265,7686.530797004701,6860.135272979737,7500.8621840477,7257.076760888101
7499.999999999999,6943.599273443223,7730.013116836549,6840.685440540315,7473.821709394456,7247.029885053636
8000.0,6884.122710824014,7738.529547929765,6810.216653943063,7435.1559715271005,7217.006221055985
8000.0,6864.469948768617,7714.261480331422,6733.814273476602,7421.72541999817,7183.5677806437025
5000.0,6798.439296841622,7621.489168643952,6668.720982789994,7406.196964740754,7123.711603254081
6999.999999999999,6869.891186594964,7492.608610868455,6679.473359346391,7317.239399194718,7089.803139001132
6999.999999999999,6852.835592985154,7380.778273820878,6665.865089416505,7252.014266252519,7037.873305618764
6500.0,6844.389835953713,7391.206624269486,6652.302695631982,7261.8929295539865,7037.448021352292
5500.0,6864.095913529397,7447.887221813203,6664.360682487489,7312.725351810456,7072.267292410136
6000.0,6891.131841897965,7411.74260544777,6749.753547549249,7249.963478565217,7075.64786836505
4000.0,6919.002633452416,7417.88504934311,6773.420265674592,7216.408591270448,7081.6791349351415
6000.0,6971.905268430711,7516.871718883515,6851.718033552171,7184.940035343171,7131.358764052392
6999.999999999999,6963.130939006806,7491.235632896424,6821.384395599366,7124.836498737336,7100.146866559983
6400.0,6862.333608269692,7363.737972259522,6778.844396591187,7057.16215825081,7015.519533842803
6999.999999999999,6779.41226887703,7319.282747507096,6727.417237639428,7051.88268184662,6969.498733967544
6000.0,6685.801374316216,7263.825513839723,6729.9486916065225,7021.366365909577,6925.23548641801
5800.0,6710.751384615899,7234.58050441742,6677.413479089738,7018.006248235703,6910.18790408969
6999.999999999999,6717.036829829217,7218.445326805116,6694.134300827981,6983.065157413484,6903.170403718949
8000.0,6766.6016652584085,7369.177808523179,6691.488363146783,7064.436213731767,6972.926012665034
6000.0,6715.791974425317,7271.705465078355,6635.745126843453,7051.166848659516,6918.60235375166
5000.0,6752.816090226174,7358.196464538575,6682.027544736863,7064.578388452531,6964.404621988536
6000.0,6814.907179832459,7408.908203601838,6743.259799838067,7032.917235374452,6999.998104661704
6500.0,6826.532443046571,7434.162401676179,6761.31805586815,6979.158658981324,7000.292889893056
6000.0,6781.563074827195,7350.763702392579,6678.431020259858,6952.402533769608,6940.79008281231
6000.0,6714.4404879808435,7199.838623523713,6658.947297334672,6894.112138152123,6866.834636747838
6999.999999999999,6655.104860186578,7015.533895969392,6673.745040655137,6796.101266622544,6785.121265858413
5000.0,6669.577750802041,7087.301545858384,6668.582114458085,6808.158840179444,6808.405062824489
6600.0,6677.58499801159,7070.736537694932,6635.838945627213,6782.909601688386,6791.76752075553
6500.0,6626.990635752679,7029.119021177293,6602.181146979333,6810.480751752854,6767.19288891554
8000.0,6585.311537742616,6995.412866592408,6611.238999247552,6832.596360206605,6756.139940947295
6000.0,6568.179483890534,7040.345864534379,6605.705344200135,6886.689295172692,6775.229996949435
8000.0,6571.10853111744,7072.874944686891,6584.161327719689,6917.76521742344,6786.477505236865
5000.0,6609.032811284066,7241.246184349061,6580.353194355966,7068.536135911942,6874.792081475259
6000.0,6679.007985115052,7283.220790863038,6645.921778440476,7065.502524137498,6918.413269639016
6000.0,6705.838917374612,7273.954636096955,6662.813292503358,7036.686518669129,6919.823341161014
6999.999999999999,6716.318516850472,7255.370250940324,6691.306925058366,6990.364010810853,6913.339925915004
6999.999999999999,6710.3703233003625,7205.766152143479,6657.5057117939,6964.27494955063,6884.479284197093
5000.0,6695.955294489861,7221.022656917573,6579.476588010789,7016.035640478135,6878.12254497409
6999.999999999999,6727.66149711609,7264.329738140107,6678.522359251977,6989.081958532334,6914.898888260127
6999.999999999999,6716.54748427868,7200.240349769593,6644.765368938447,6958.659048080445,6880.053062766791
5800.0,6650.8474712371835,7084.786210536958,6558.286355137826,6951.039474964143,6811.2398779690275
5000.0,6659.055168271066,7113.522036075593,6582.5230120420465,6952.731519460679,6826.957933962346
6999.999999999999,6725.652865886689,7201.958018779756,6662.286750078202,6946.029469251634,6883.98177599907
6999.999999999999,6727.879305481912,7260.140543460847,6602.675038814546,6996.670947551728,6896.841458827258
6999.999999999999,6714.756248116494,7217.232708692552,6643.020835518838,6980.043118000031,6888.763227581979
5000.0,6738.589938879014,7236.926387310029,6594.657872438432,7001.05687236786,6892.807767748834
5000.0,6771.040078997613,7276.444346904756,6616.79621231556,7004.82450246811,6917.27628517151
6999.999999999999,6777.461912751199,7266.22181916237,6615.169882297517,6976.20026755333,6908.763470441104
5000.0,6763.697415947915,7362.436908245088,6635.4529247283945,7017.362329006196,6944.737394481898
6000.0,6777.721464276315,7310.503458499909,6747.832948923112,6924.87230026722,6940.232542991639
6000.0,6796.168220996858,7273.531418323518,6751.600165724755,6863.997961759568,6921.324441701175
8000.0,6750.421438097955,7186.24853873253,6658.483162999154,6844.22245001793,6859.843897461892
6000.0,6706.205513238908,7203.405390501023,6608.819135904313,6906.771061182023,6856.300275206567
8000.0,6599.743925094605,7031.282226085664,6641.597021818162,6869.858536005021,6785.620427250863
6999.999999999999,6605.358586668969,7126.224355459214,6579.997757554055,6985.763170719148,6824.3359676003465
8000.0,6571.387920975686,7165.334802627564,6620.349340438844,7027.717938899995,6846.197500735522
8000.0,6628.268555045129,7208.895649194718,6538.293035030366,7121.039937734605,6874.124294251204
4000.0,6595.305924654008,7210.648861885072,6484.661341309548,7190.965929031373,6870.39551422
5000.0,6746.3033307790765,7190.106267929078,6641.094864010812,7154.756011486054,6933.065118551255
6000.0,6817.085676789285,7297.548200368882,6765.446908950807,7140.568296909333,7005.162270754577
5000.0,6798.917070031167,7249.479092597962,6715.349331617356,7107.72758960724,6967.868270963431
6999.999999999999,6792.727096796037,7204.258438825608,6740.175352334977,7040.614508628846,6944.443849146367
6999.999999999999,6783.641966819764,7231.60310125351,6725.214356064797,7036.674946308137,6944.283592611552
6000.0,6768.292469859124,7313.178327083589,6647.719214081765,7095.418730497361,6956.15218538046
6999.999999999999,6748.6512801647195,7269.31411933899,6621.66610980034,7059.748580932618,6924.845022559167
6000.0,6707.998815894128,7207.9624209404,6659.991702914239,7012.220894336701,6897.043458521367
6999.999999999999,6700.441237568856,7170.53161931038,6603.903775572778,6977.239300251008,6863.0289831757555
8000.0,6690.025699377061,7250.814047098161,6552.56092953682,7046.427140235902,6884.956954061986
6999.999999999999,6674.861773490907,7324.423355579377,6562.752046585084,7096.806587219239,6914.710940718652
6000.0,6702.464747548104,7303.366618156434,6570.014943003655,7103.286282777787,6919.783147871495
5000.0,6785.156292915345,7407.182268619538,6553.223860502244,7157.369711875916,6975.733033478261
6000.0,6852.523139238358,7468.748882293702,6610.732295155526,7141.685856342317,7018.422543257476
6999.999999999999,6869.617582917214,7497.602911233903,6634.841242790223,7098.181218385697,7025.060738831759
6000.0,6816.102026104928,7399.373404741288,6647.274918079377,7009.538586378098,6968.072233825923
8000.0,6850.522773981095,7428.396059513093,6658.413315534593,6983.815707683564,6980.286964178086
6999.999999999999,6762.818743109704,7302.720219135285,6533.274763345719,6990.273085117341,6897.271702677012
6999.999999999999,6659.775961041451,7251.724957227708,6556.311201095582,6998.986246347428,6866.699591428042
6000.0,6611.16791188717,7120.357168436051,6473.090220212937,6996.518853664399,6800.283538550139
5000.0,6548.989616274835,7020.511664390565,6457.794452071191,7001.308984518052,6757.151179313661
6500.0,6658.030601024629,7161.395240306855,6664.528481721879,7004.821196079255,6872.193879783154
6500.0,6749.511767864228,7261.059719562531,6610.869510293008,7051.680992126466,6918.280497461558
6999.999999999999,6759.650395989419,7278.606725215913,6618.920567154885,7070.748110055924,6931.981449604035
8000.0,6774.229917645455,7365.594509601594,6584.910638093949,7125.337416648866,6962.518120497466
6999.999999999999,6725.611949324609,7330.156633853913,6506.521117925645,7163.180690288545,6931.367597848178
6500.0,6692.504664421082,7288.808588027955,6537.83262038231,7157.667286872865,6919.203289926053
6999.999999999999,6748.423139333726,7322.874312400819,6567.125572443009,7196.284255504609,6958.676819920541
6999.999999999999,6755.820771098138,7323.443011283875,6548.704026937486,7197.601851463319,6956.392415195704
5000.0,6822.743321418763,7381.249434232713,6522.77119255066,7224.6505920887,6987.853635072709
5800.0,6838.614814519883,7365.707753419877,6498.18033874035,7221.349162817002,6980.963017374278
6000.0,6790.309299945832,7311.493721961976,6557.119199872018,7189.193704605103,6962.028981596232
8000.0,6781.147709727288,7268.609031915666,6642.096699833871,7140.6451704502115,6958.124652981759
8000.0,6769.548897624017,7294.607994079591,6553.625173449517,7218.115514516831,6958.974394917489
6000.0,6743.696656465531,7403.381574630738,6484.186047911645,7324.716797590257,6988.995269149543
5000.0,6740.582451462747,7481.633053064347,6572.691878080369,7384.360746145249,7044.817032188178
6600.0,6805.794358849526,7514.292735576631,6675.280031681062,7378.569606065751,7093.484183043242
8000.0,6829.553242564202,7580.511438369752,6640.407548427583,7415.889643669129,7116.5904682576665
6999.999999999999,6767.565064311028,7478.481237888337,6568.504336595536,7387.727476596833,7050.569528847934
5500.0,6760.068240880967,7449.522231101991,6525.184443116189,7408.141121387483,7035.729009121657
5800.0,6824.915205597878,7444.8527834415445,6642.920817255975,7388.001080274583,7075.172471642495
6999.999999999999,6866.533962011338,7474.564820289613,6682.298255324365,7364.9828276634225,7097.0949663221845
6999.999999999999,6918.648436546327,7583.479748964311,6661.8544397354135,7404.443752050401,7142.106594324113
6999.999999999999,6926.602368235589,7587.704487323762,6621.756208896638,7412.698978424073,7137.1905107200155
6000.0,6893.539719581605,7585.639647483827,6605.365612745286,7426.476700782777,7127.755420148374
6999.999999999999,6900.913793325425,7569.584649801255,6594.630594730378,7427.552103757859,7123.170285403729
6999.999999999999,6868.409511089326,7453.308046340943,6615.796856284142,7341.287591934205,7069.700501412154
6500.0,6897.549129366876,7422.197407007218,6561.5729056596765,7319.060392856599,7050.094958722592
8000.0,6908.343662381173,7417.232037544251,6463.693049788476,7331.1254057884225,7030.098538875581
6000.0,6833.574638009072,7402.24087047577,6409.343869686128,7350.789326906205,6998.987176269294
6500.0,6902.499620079995,7406.370550155641,6514.777584195138,7329.923533439637,7038.392821967603
6500.0,6930.570861458779,7495.660407781602,6510.627652883531,7380.071533203126,7079.232613831759
6999.999999999999,6917.472188711167,7563.782763957978,6454.987327933312,7420.99718785286,7089.30986711383
8000.0,6876.371295452119,7616.85361146927,6541.836243987084,7432.651381969453,7116.928133219481
5000.0,6790.598608970643,7481.866153478623,6414.459679841996,7412.142678499223,7024.766780197621
5000.0,6814.871636152268,7398.622854471208,6520.411670804025,7343.801274061204,7019.426858872176
5000.0,6830.303792834283,7424.618510246278,6592.570301175118,7298.760818481446,7036.563355684281
6999.999999999999,6844.451830744744,7522.573586463929,6629.971345305444,7287.8406426906595,7071.209351301194
6500.0,6820.727250814439,7495.833993196488,6673.67725968361,7235.551756143571,7056.447564959527
6000.0,6783.394400954247,7385.458467245103,6595.713023781777,7186.382447481156,6987.737084865571
5500.0,6744.467045068742,7340.01959180832,6559.7829093933115,7137.442932844163,6945.428119778634
8000.0,6805.361635208131,7393.880666255952,6589.266392111779,7120.682847738267,6977.297885328532
6000.0,6790.83294928074,7444.731273651124,6470.404605865479,7154.482407808305,6965.112809151412
6999.999999999999,6739.057379603387,7420.971563339234,6520.93160045147,7123.129575490952,6951.022529721261
5000.0,6723.257387161256,7397.348241567613,6591.500271081925,7082.402304172517,6948.627050995828
6000.0,6778.686103224755,7364.664587736131,6645.634949207307,7013.870782375337,6950.714105635882
8000.0,6757.5049629211435,7385.487398147584,6548.403972148896,6989.339856863023,6920.184047520162
6000.0,6653.130119442941,7397.558197259904,6433.503239750863,7049.4409136772165,6883.408117532731
8000.0,6613.3166513443,7366.283065080644,6509.105474114419,7058.275584697724,6886.745193809272
7499.999999999999,6580.7264029979715,7355.238899707795,6518.257145166398,7123.983450412751,6894.551474571229
6600.0,6558.8682795763025,7248.44997906685,6485.06554734707,7095.1624853611,6846.8865728378305
6000.0,6708.8526908159265,7308.763471364976,6415.958713889123,7174.075241565705,6901.912529408933
6999.999999999999,6721.152870655061,7305.341358900071,6516.800680875779,7157.249855279923,6925.136191427709
5000.0,6781.0138009786615,7323.356218576432,6462.611860632897,7211.302700281144,6944.571145117284
8000.0,6805.224420070649,7283.596065998078,6614.935128688813,7153.916188716889,6964.4179508686075
6500.0,6747.398985385896,7175.460618495942,6465.971565008164,7145.401410818101,6883.558144927026
6000.0,6754.049786567689,7263.479996204377,6406.214372634889,7212.644267559052,6909.097105741502
6000.0,6757.906689167024,7365.577151060105,6538.128542184831,7239.664077281953,6975.319114923478
6000.0,6850.895569324494,7500.548077106477,6550.740762472154,7342.718431711198,7061.225710153581
6000.0,6858.3766874074945,7503.194014787675,6502.835734248162,7385.160065650941,7062.391625523568
8000.0,6863.17177784443,7491.809291362763,6507.825488328935,7329.449066638947,7048.063906043769
6999.999999999999,6868.335530638696,7514.63907980919,6526.534276366235,7350.505804061891,7065.003672719003
6000.0,6848.545966744424,7559.67126941681,6533.911243200303,7360.583677291871,7075.678039163352
5000.0,6842.315903544427,7465.035807609559,6566.937521576882,7323.98029947281,7049.5673830509195
8000.0,6884.187598705293,7486.038816213609,6607.854083657266,7299.210487365724,7069.322746485473
5000.0,6926.134100914002,7486.61743426323,6658.805122613908,7337.843987941743,7102.350161433221
5000.0,6958.966542243958,7579.177310466767,6699.179436922074,7319.6191725730905,7139.235615551473
6999.999999999999,6976.274661302567,7619.36977338791,6766.9000668525705,7279.443241596223,7160.496935784818
6000.0,6931.278841972352,7485.155183792115,6759.401590228082,7190.069897651673,7091.4763784110555
6999.999999999999,6890.610672354699,7467.518905639649,6783.957726955415,7119.65952038765,7065.436706334353
5800.0,6805.188463091851,7280.998897552491,6745.570139050485,7035.449102640153,6966.801650583745
5000.0,6754.596993923188,7215.057931423188,6752.738390088082,6996.7023582458505,6929.773918420077
6500.0,6735.074007630349,7163.536127090455,6742.9663578271875,6928.44444012642,6892.505233168603
6000.0,6736.721415877343,7177.98504638672,6731.429540514947,6937.547755241395,6895.920939505101
8000.0,6710.671204686166,7109.33449459076,6716.673953652383,6882.0768827199945,6854.689133912326
5000.0,6721.850518703462,7187.563654899598,6701.585248112679,6959.47241973877,6892.617960363627
6500.0,6644.0144053697595,7086.407994270326,6699.894856810571,6857.566208839417,6821.970866322518
6500.0,6663.022421598435,7097.542258739472,6725.278417348863,6864.415393352509,6837.56462275982
6999.999999999999,6621.031283140183,7129.335667371751,6638.244343519212,6898.556751370431,6821.792011350394
6999.999999999999,6604.37658917904,7126.425218582154,6646.521061420442,6883.770167112351,6815.273259073497
6999.999999999999,6595.489429235459,7122.369932651521,6669.009878516198,6851.075767517091,6809.486251980067
8000.0,6600.161769986154,7159.090687274934,6684.954112172128,6862.557616114617,6826.691046386958
8000.0,6583.8298622369775,7058.131756782533,6687.058215379716,6911.613680958749,6810.158378839494
6999.999999999999,6554.141383409501,7031.191300392152,6622.757218122483,7017.982276916505,6806.51804471016
6000.0,6566.434537172318,7060.502437591554,6583.974103450776,7109.454351186753,6830.09135735035
6999.999999999999,6661.932139873506,7162.470643281938,6638.511747717858,7174.357111215592,6909.317910522223
6999.999999999999,6641.142806649209,7064.995820045472,6617.389295816422,7141.990044116975,6866.37949165702
6600.0,6706.88580274582,7189.1804790496835,6667.744771480561,7260.345539569856,6956.03914821148
5500.0,6761.2849919796,7306.6697006225595,6701.486469745637,7359.7388949394235,7032.295014321805
6999.999999999999,6769.3972170352945,7305.4893198013315,6683.024834275247,7352.94013285637,7027.712875992061
6999.999999999999,6818.955026388169,7358.403113842011,6702.366795778275,7397.226731777192,7069.237916946412
6999.999999999999,6825.690553784371,7318.3090159893045,6676.807170033456,7369.741547822953,7047.637071907521
8000.0,6866.969992041589,7370.85993385315,6711.780498147012,7397.859078645707,7086.8673756718645
5000.0,6915.196979880334,7461.802159309388,6734.458606004716,7460.330816268922,7142.94714036584
5000.0,6919.437836885453,7469.1787128448495,6763.325860500337,7440.24781036377,7148.047555148602
8000.0,6940.125911951066,7512.477528095246,6812.304225206376,7396.024032831193,7165.23292452097
6999.999999999999,6912.300996541978,7421.73864555359,6804.990079760552,7393.072254180909,7133.025494009257
6000.0,6877.781057000161,7536.207480907441,6819.982900023461,7477.61000442505,7177.895360589028
5500.0,6852.366499066354,7541.93910598755,6854.749992132188,7420.609513759614,7167.416277736426
8000.0,6878.738256573678,7537.003494024278,6831.585431814195,7381.63297533989,7157.24003943801
6000.0,6879.40408062935,7548.021208286286,6815.575896978379,7406.991324663163,7162.498127639295
6500.0,6841.857555389405,7572.348790884019,6831.538315773011,7365.019197940827,7152.690964996816
6999.999999999999,6832.795156836511,7577.563792705537,6770.211415290833,7355.118216514588,7133.922145336867
6000.0,6785.108763575555,7490.251982212068,6717.988656520844,7322.425470113755,7078.9437181055555
8000.0,6775.6529047489175,7349.120427131654,6680.656633257867,7237.288436889649,7010.679600507022
6000.0,6770.9636187553415,7319.382765769959,6645.494014382363,7267.312927484513,7000.788331598044
5000.0,6784.411528825761,7365.175424814225,6673.981860756875,7285.822918891908,7027.347933322192
6000.0,6796.168220996858,7390.170897960664,6700.649953365327,7268.317243099214,7038.826578855515
5000.0,6813.549493908883,7368.665318250657,6711.775538563729,7225.1556429862985,7029.786498427392
6500.0,6819.169941663743,7351.72172856331,6773.350831508637,7140.992341279984,7021.308710753919
6999.999999999999,6846.012859582902,7419.471289396287,6810.962657928468,7165.729916095735,7060.544180750848
8000.0,6784.08254313469,7383.467194557191,6750.987243890763,7156.076087236405,7018.653267204762
5000.0,6747.632499098779,7346.966314792634,6741.491295099259,7185.232650756837,7005.330689936877
6999.999999999999,6696.538458824159,7317.21542787552,6720.267998337747,7157.848311662675,6972.967549175025
6000.0,6672.755603790284,7217.660059452058,6697.689908742906,7099.946003437043,6922.012893855573
6999.999999999999,6692.152534008027,7310.883693218232,6744.328176736833,7101.513231754304,6962.219408929349
6999.999999999999,6711.732968807221,7422.453652143479,6743.123411297799,7168.580023288728,7011.472513884307
6000.0,6672.047209978105,7293.9797801971445,6731.520879507066,7088.872907161714,6946.605194211007
6500.0,6692.748923897744,7267.15339422226,6704.676721692086,7094.5937864780435,6939.793206572534
5000.0,6719.455453276635,7312.968371391297,6705.131350159646,7130.31766486168,6966.968209922315
6999.999999999999,6759.60658633709,7369.709310531617,6736.202312827111,7102.786191463471,6992.0761002898225
6999.999999999999,6737.357069134713,7230.87900209427,6694.6091809272775,7036.894821166993,6924.935018330813
8000.0,6747.158445596696,7258.065784454347,6687.174352288247,7053.464788913728,6936.465842813254
5800.0,6750.12468969822,7217.26329278946,6660.345899820329,7046.1394844055185,6918.468341678382
6500.0,6759.055659294129,7172.0897550582895,6641.404424667359,7021.599466323853,6898.537326335908
7499.999999999999,6795.005612015725,7207.671458721162,6654.125755786897,7064.431254148484,6930.308520168067
5000.0,6725.7037016153345,7049.603753328324,6608.76540708542,7035.3887610435495,6854.865405768157
6999.999999999999,6718.177120685578,7071.010141372682,6675.318468451501,7006.396690368653,6867.7256052196035
6000.0,6747.88998413086,7169.323960781098,6697.513430237771,7073.174172878266,6921.975387006999
5500.0,6722.46922671795,7211.540760278703,6715.295189499856,7081.207044601441,6932.628055274487
6000.0,6744.688986420632,7324.4481534957895,6705.461989045144,7139.453217267991,6978.513086557389
8000.0,6741.038319826127,7318.938883066178,6747.064626812936,7086.880807876588,6973.480659395457
8000.0,6747.542813301087,7262.130989551545,6732.512382864953,7077.018676519395,6954.801215559245
6999.999999999999,6689.504116535188,7159.970186710359,6688.469216823579,7074.3636462688455,6903.076791584493
6999.999999999999,6706.592774033547,7237.63064813614,6676.010743618012,7127.883336067201,6937.029375463725
5500.0,6709.291613936425,7241.731396913529,6644.6922150850305,7174.483580589295,6942.54970163107
6999.999999999999,6770.963205456735,7298.7079162597665,6660.7831697464,7219.949733734132,6987.601006299258
5800.0,6793.380521893502,7281.976762056352,6659.822250485421,7239.893871307374,6993.768351435662
6999.999999999999,6812.463345170022,7282.834769964219,6707.919049263001,7218.5593972206125,7005.444140404464
8000.0,6861.0069197416315,7294.646017551423,6720.377109169961,7211.242358684541,7021.818101286889
6999.999999999999,6884.387635231019,7299.760174512864,6696.470264554025,7272.37087583542,7038.247237533332
6000.0,6882.86380326748,7408.785867214204,6718.927257657052,7349.650275945664,7090.0568010211
6999.999999999999,6904.206130027772,7391.567847251893,6722.258857727052,7340.78998041153,7089.705703854562
5000.0,6891.204582452775,7359.216485500337,6708.8721158504495,7312.495557785035,7067.947185397149
6999.999999999999,6853.229466557504,7320.207709789277,6716.46689105034,7292.073647022248,7045.494428604842
6999.999999999999,6862.611344933511,7367.216293334962,6753.375283241273,7285.193051815034,7067.098993331195
6500.0,6845.584268927575,7349.858578443528,6755.856728076936,7272.958586454392,7056.064540475608
8000.0,6804.300697684289,7309.184209346772,6723.785169482232,7288.573007822038,7031.460771083833
6000.0,6797.4560594558725,7423.376961231233,6728.302523255349,7378.3670897483835,7081.875658422709
5000.0,6778.326533436776,7415.323424577714,6739.2627890110025,7359.692605495454,7073.151338130237
5000.0,6806.327927350999,7470.074744224549,6806.996231198312,7329.725976705552,7103.281219869853
6000.0,6854.86075615883,7518.800996780396,6836.599157214166,7283.503487110139,7123.441099315883
6000.0,6861.968665599824,7582.038990020753,6872.84668493271,7234.820217609406,7137.918639540673
6300.0,6799.75317311287,7475.631957292558,6800.077612519265,7154.4022278785715,7057.466242700816
6500.0,6740.081946849824,7355.600122690202,6781.147296428681,7053.385435581208,6982.553700387479
5000.0,6705.0065339803705,7298.555822372437,6740.270824313165,6999.683067798615,6935.879062116147
6999.999999999999,6679.255137681962,7234.7160663604745,6771.783603191377,6883.229159235955,6892.245991617442
8000.0,6710.151688337327,7254.5990357399,6781.270872712136,6858.316345810891,6901.0844856500635
6000.0,6697.254705309869,7195.12123322487,6729.371726751328,6875.314904212953,6874.265642374755
6999.999999999999,6692.044249773026,7244.685655355454,6741.13833808899,6898.002931237222,6893.967793613673
6999.999999999999,6664.729758143426,7198.930193185807,6691.511921167375,6911.662036895753,6866.70847734809
8000.0,6640.654287695886,7061.939063549043,6659.4449088573465,6876.46098124981,6809.624810338021
6500.0,6681.963070154191,7044.317664146424,6616.728018045426,6956.6636424064645,6824.9180986881265
5000.0,6722.967251539231,7090.331851243974,6636.874258637429,7022.00697875023,6868.045085042716
6999.999999999999,6802.452839612962,7094.549976825715,6731.914339780808,6979.304140090943,6902.055324077607
6999.999999999999,6899.287463307382,7190.867563962937,6730.43803715706,7026.448285579682,6961.760337501765
6000.0,6916.418277263642,7185.17809534073,6699.97297024727,7050.264204502107,6962.958386838437
6999.999999999999,6899.190751433373,7186.580830812455,6689.355329036714,7068.994897365571,6961.030452162028
5000.0,6874.814812898637,7166.933441638947,6654.455568075181,7103.085419654847,6949.822310566903
6000.0,6802.537565827371,7067.127614259721,6637.28383755684,7064.985900878907,6892.98372963071
6500.0,6805.4889311790475,7104.397229433061,6632.970653295518,7080.227526903153,6905.771085202695
6000.0,6854.557808279992,7189.638413906098,6657.508191585542,7133.08097934723,6958.6963482797155
8000.0,6851.079073905946,7257.034191131593,6702.8077853918085,7122.721236467362,6983.410571724177
6000.0,6807.496322512628,7299.22288632393,6665.035599112512,7191.925608396531,6990.9201040864
6000.0,6785.332358121873,7304.02128314972,6708.9564287662515,7156.716700077058,6988.756692528726
5000.0,6789.278946518899,7327.275115966798,6718.964867830277,7141.2841300964365,6994.200765103103
5000.0,6773.905891537667,7342.805224418641,6733.0848014354715,7114.595785856248,6991.097925812007
8000.0,6796.131024122239,7441.055395841599,6844.174507379533,7072.450073719026,7038.452750265599
5000.0,6800.6029150486,7446.803552865983,6787.920433998109,7091.060909986497,7031.596952974797
6000.0,6745.289095997811,7319.019062995912,6842.501061320306,6982.44851589203,6972.314434051515
6999.999999999999,6742.513382554055,7336.486715316773,6845.3817526102075,6929.680202960969,6963.515513360501
6000.0,6728.495533704759,7279.087804794312,6779.957823038102,6892.9346504211435,6920.118952989579
7499.999999999999,6690.186472535134,7219.665384292603,6754.79496395588,6825.34048986435,6872.496827661992
6999.999999999999,6609.574645757676,7070.4265637397775,6678.295458316804,6758.184425830842,6779.120273411275
7499.999999999999,6577.717175841332,7049.32023048401,6600.751547098161,6800.795512199403,6757.146116405726
6500.0,6576.7665890455255,7166.257285118104,6599.296322703362,6879.571053266526,6805.4728125333795
6000.0,6546.908244490624,7121.156487941743,6574.644713997842,6885.474610567094,6782.046014249326
6500.0,6483.945921421052,7091.398988246919,6573.662303209306,6891.323199152947,6760.082603007556
10000.0,6487.123361110688,7113.606348991395,6590.583574771882,6940.089541673661,6782.850706636907
6999.999999999999,6487.494089961053,7051.52972483635,6548.913156032563,7001.123826742173,6772.265199393035
6300.0,6580.343275189401,7135.413636684419,6545.087250828744,7086.794841766358,6836.90975111723
6000.0,6657.3077417612085,7171.478073120118,6562.928111791612,7133.780280590058,6881.373551815749
6000.0,6664.015991449357,7175.706944465638,6592.811254262925,7132.857798099519,6891.34799706936
5500.0,6712.971211433412,7223.633877515794,6667.3839617967615,7140.459186077119,6936.112059205771
6500.0,6700.841310620309,7115.525707721711,6633.6236650943765,7131.278170824052,6895.317213565112
5000.0,6738.342373013497,7151.543854713441,6663.092269062997,7171.773168325425,6931.18791627884
6999.999999999999,6769.226111412049,7189.845063209535,6739.058206200601,7148.52429509163,6961.663418978454
8000.0,6817.42458164692,7251.319097995759,6742.744829773904,7158.450074434281,6992.484645962716
6999.999999999999,6862.7386409044275,7346.549709796906,6699.996114969254,7241.9157280921945,7037.800048440696
8000.0,6793.739265084268,7263.243589401246,6655.052371263505,7228.843919754029,6985.219786375762
5800.0,6826.465488672257,7371.688184261323,6663.522512912751,7304.93715286255,7041.65333467722
8000.0,6863.768167734147,7431.542915105821,6698.912446022035,7318.977733135224,7078.300315499307
6999.999999999999,6869.5911318063745,7414.633215904237,6653.48431634903,7353.698122501374,7072.851696640254
5000.0,6870.350774645806,7498.288160324098,6652.844943404199,7407.79395055771,7107.319457232953
6000.0,6948.412549018861,7496.210094928742,6773.236347794534,7354.00396347046,7142.965738803149
6000.0,6986.749301195146,7491.336477756501,6763.615169525147,7326.3096504211435,7142.002649724484
6000.0,6955.809767484666,7469.611849784852,6720.494072675706,7325.010239601136,7117.73148238659
6999.999999999999,6920.848425030709,7492.673912048341,6732.775654077531,7323.831511974336,7117.532375782729
8000.0,6891.842715501786,7534.7014207839975,6722.28282904625,7333.948235273362,7120.693800151349
6000.0,6850.541785717011,7537.84496998787,6685.264499425889,7374.422567844392,7112.018455743791
6999.999999999999,6751.4761761426935,7367.462619304658,6694.086358189584,7301.92668581009,7028.737959861756
6000.0,6748.110272288323,7339.98652791977,6653.301225066186,7317.22204065323,7014.655016481877
5800.0,6759.878536820413,7360.664683818818,6669.252484798432,7286.051886320115,7018.9618979394445
6500.0,6788.831757426263,7399.823900222779,6730.555413961411,7270.37133717537,7047.395602196456
6999.999999999999,6809.516112804414,7446.900264739991,6734.387931942941,7289.344223022462,7070.037133127452
6000.0,6797.626338481904,7499.776035308839,6740.571705698968,7320.6730840206155,7089.661790877582
6000.0,6814.854690909387,7499.111451148988,6800.353282690049,7292.704340696336,7101.75594136119
8000.0,6847.7168897390375,7606.998919487,6791.448350906373,7340.153500556947,7146.579415172339
5000.0,6803.739438176156,7591.0654315948495,6710.662112116815,7359.962076187135,7116.357264518739
6500.0,6878.739083170892,7477.654640674592,6856.029151320458,7257.950887441636,7117.5934406518945
6999.999999999999,6901.876779079438,7441.742298126222,6757.001565217973,7223.355314254762,7080.9939891695985
6999.999999999999,6819.431146383286,7328.740672826768,6681.593994498254,7162.552476406098,6998.079572528602
5500.0,6824.246075153352,7368.390887975694,6624.100025296212,7155.089130163194,6992.956529647113
8000.0,6805.507529616357,7253.719536304475,6562.692944884301,7096.155228614808,6929.518809854985
6000.0,6710.614169478417,7227.770996570588,6494.580921173097,7146.842169761659,6894.95206424594
6999.999999999999,6706.770492434503,7349.8147687912,6515.926141023637,7237.660405635835,6952.542951971293
6999.999999999999,6704.759381413461,7387.882876873017,6590.97496855259,7248.8657574653635,6983.120746076108
6999.999999999999,6769.128986239434,7410.83334851265,6538.071506977082,7278.539770841599,6999.143403142692
6999.999999999999,6752.217220544816,7437.153030395509,6557.9958062171945,7287.724092483521,7008.77253741026
8000.0,6784.857478022576,7423.796872615815,6483.788041353227,7290.888306617738,6995.832674652339
6999.999999999999,6709.22093987465,7310.691922664643,6402.250012397767,7294.246771097184,6929.102411508561
6000.0,6731.260501384736,7333.056336879731,6449.560717225076,7325.659118413926,6959.884168475867
6000.0,6731.623790860177,7308.325374841691,6418.3306345939645,7347.080385208131,6951.340046375991
6999.999999999999,6725.168066620828,7377.648776769639,6501.299916625024,7395.510715961457,6999.906868994237
6500.0,6730.5876512527475,7443.310353040696,6506.6810644865045,7447.951696395875,7032.132691293956
6500.0,6721.130139231683,7463.650430679322,6523.129109144212,7479.9715926647195,7046.970317929984
6000.0,6721.102861523629,7445.275174617768,6568.270822882653,7484.976638793946,7054.906374454499
6000.0,6791.755845069886,7500.280259609223,6615.709650278092,7465.989700794221,7093.433863937856
6999.999999999999,6834.871569037438,7526.455286979676,6594.5578541755685,7445.682687044145,7100.391849309207
6999.999999999999,6754.913167357446,7447.05897140503,6526.802920460702,7416.631927967072,7036.351746797563
5000.0,6778.214529514314,7557.384074926377,6589.767310023309,7448.986596107484,7093.588127642871
5500.0,6818.718619585038,7564.124148607255,6672.761803269387,7399.361005783082,7113.741394311191
6999.999999999999,6805.669129371644,7546.481257677079,6616.983023285867,7368.86452817917,7084.49948462844
6000.0,6776.458010435105,7536.065306186677,6656.157945036889,7304.183296203614,7068.216139465571
6999.999999999999,6827.724396228791,7598.961914777757,6682.290815949441,7266.490463256837,7093.866897553206
8000.0,6756.02535390854,7466.591463565827,6578.168911218644,7198.725197076798,6999.877731442452
5000.0,6696.471917748452,7478.372127056123,6534.826286315919,7224.671257019044,6983.585397034884
6500.0,6790.228293418885,7438.297040939332,6692.040530085565,7133.470306634904,7013.509042769671
8000.0,6815.17541062832,7407.199627161027,6632.0217196941385,7098.370509147645,6988.1918166577825
6000.0,6769.373245716096,7373.946447849275,6514.693271279336,7115.844774246217,6943.464434772731
5000.0,6741.964522004128,7339.912134170533,6627.899066090585,7067.87568473816,6944.412851750852
6500.0,6755.971625089646,7224.217455148698,6709.814023375512,6961.388472080232,6912.847893923522
6999.999999999999,6727.754076004029,7215.719209194184,6633.067365169526,6965.962861061097,6885.625877857209
8000.0,6671.192095160485,7237.695949316026,6574.290930390359,6985.187032461167,6867.091501832009
5800.0,6631.905169487,7265.150549173356,6491.068709611894,7070.930788040162,6864.763804078103
6500.0,6631.522454977036,7252.282910346986,6595.344361424447,7067.0019714832315,6886.537924557925
8000.0,6656.087684273721,7238.29936528206,6639.394553542138,7097.041340827943,6907.705735981465
6500.0,6641.435008764268,7224.648112297059,6492.085837483407,7151.953020334245,6877.530494719745
6000.0,6647.946941614152,7277.413118839265,6504.593906521798,7212.67898464203,6910.658237904311
6999.999999999999,6675.113885641099,7323.939796209336,6583.767040848733,7243.866497516633,6956.67180505395
6000.0,6730.433077573777,7286.127106666566,6571.316833615304,7239.006932497025,6956.720987588168
6999.999999999999,6782.451253533364,7291.080077171327,6495.481498837472,7247.472941160203,6954.121442675591
6000.0,6767.648963928224,7388.030011177064,6466.45057809353,7309.543779134751,6982.918333083392
5000.0,6783.30554175377,7437.798602819444,6547.24053657055,7297.550680160523,7016.473840326072
5000.0,6806.472168564797,7456.005233049394,6568.320832014085,7288.154749631883,7029.73824581504
8000.0,6825.5182082653055,7506.726064682008,6648.086223244668,7258.4261808395395,7059.68916925788
8000.0,6764.531865835191,7467.140324115754,6543.883311986924,7237.285957098008,7003.210364758969
5000.0,6641.244064807893,7355.511676788331,6465.591330289842,7252.771429300309,6928.779625296594
6000.0,6821.143855810166,7456.025897979737,6636.398551940919,7258.259208202363,7042.956878483296
6999.999999999999,6823.272756934167,7453.8618664741525,6559.045997977258,7246.777772903443,7020.739598572255
6999.999999999999,6715.882486820222,7364.75055384636,6535.44334113598,7207.312715530396,6955.8472743332395
6000.0,6721.663294434548,7401.121657848359,6526.597511053086,7214.208189487458,6965.897663205863
6999.999999999999,6808.676290035249,7498.822142124177,6601.050775289536,7220.382870674134,7032.233019530774
8000.0,6814.568688273431,7490.144524574281,6562.981427311898,7180.241656780244,7011.984074234963
6500.0,6785.963465094567,7468.375260353089,6437.921815156938,7217.335206747056,6977.3989368379125
6999.999999999999,6721.094595551492,7358.196464538575,6433.113085865975,7195.696544885636,6927.02517271042
6600.0,6746.999738931657,7404.992612600327,6517.973622322083,7220.785423517228,6972.687849342824
6000.0,6817.941204905511,7394.703957080842,6450.627027630807,7253.145051240922,6979.10431021452
6999.999999999999,6776.672099113465,7298.969947576524,6539.782149910928,7179.234861373902,6948.664764493705
6500.0,6789.98444724083,7315.483706712724,6484.34930086136,7220.8912279605875,6952.677170693875
6999.999999999999,6784.808708786965,7346.134757995606,6443.977466344834,7257.979818344117,6958.225187867881
6500.0,6759.370179533959,7302.986383438111,6529.61004459858,7249.0765397548685,6960.26078683138
5500.0,6815.177063822747,7351.937470436097,6444.1324533224115,7299.286534309388,6977.633380472661
5000.0,6750.566919207574,7349.661021709443,6489.9081671237955,7312.386446952821,6975.630638748408
6999.999999999999,6807.045000433923,7400.1603252887735,6641.889223933221,7285.637761116029,7033.683077692986
6000.0,6811.4400178194055,7493.424462318421,6598.344496011735,7333.362177848817,7059.142788499595
6999.999999999999,6837.960149526597,7592.617781162263,6626.298360586167,7352.829368829728,7102.426415026189
6500.0,6806.875134706498,7489.168313264848,6654.646925330163,7263.986700296403,7053.669268399478
6999.999999999999,6772.2965067625055,7353.4832072258005,6557.007195949555,7204.748610973359,6971.883880227805
6000.0,6768.270151734353,7447.461524248124,6535.6933867931375,7224.934114933015,6994.089794427157
5500.0,6864.294710159303,7503.51969408989,6509.845278620721,7274.8002450466165,7038.114981979133
6000.0,6875.80548965931,7514.160480022431,6450.584044575692,7295.184132337571,7033.933536648751
6000.0,6874.572206616403,7520.330201625825,6442.474299311639,7294.764220952989,7033.035232126714
6999.999999999999,6882.215337753297,7561.8716711997995,6498.473780751229,7240.15342283249,7045.678553134204
8000.0,6875.888562679292,7563.323175907136,6559.773403525353,7212.5930185318,7052.894540160895
6999.999999999999,6816.733133077622,7431.192437887193,6576.116470336915,7167.556695938111,6997.89968430996
6000.0,6767.644830942155,7408.00142645836,6567.515726327897,7196.563645362855,6984.931407272817
6999.999999999999,6772.901989221574,7345.736338138581,6599.99314415455,7140.945225238801,6964.894174188376
6999.999999999999,6793.1168373823175,7297.481245994569,6627.110492348672,7141.279997110368,6964.7471432089815
5000.0,6803.217855334283,7316.545057535172,6620.610545158387,7163.483224868775,6975.964170724154
6000.0,6852.152410387994,7262.5773520469675,6674.390199780465,7130.54497909546,6979.916235327722
6000.0,6864.2434611320505,7226.024396657945,6657.988444566728,7110.744669437409,6964.750242948533
8000.0,6856.255225658418,7153.204488515855,6682.645012855531,7067.4623861312875,6939.891778290273
6999.999999999999,6841.86747455597,7129.870475769044,6680.366084337235,7108.345884323121,6940.112479746343
6999.999999999999,6784.918232917787,7138.092638254167,6653.196660518647,7120.574563503266,6924.195523798467
5500.0,6773.445476889611,7216.8665261268625,6645.013761401177,7165.692719221116,6950.254620909692
5000.0,6802.530953049661,7176.548420429231,6654.067067384721,7139.657386779786,6943.2009569108495
6000.0,6831.702808618546,7196.485945224763,6672.44562983513,7098.99624323845,6949.907656729222
6000.0,6825.336356878282,7192.001655340196,6693.077496290208,7058.516951084138,6942.233114898206
6000.0,6810.675415396691,7173.1825165748605,6651.021883249284,7032.028643369676,6916.727114647628
6000.0,6757.955045104028,7162.960815429688,6614.6032499074945,7022.315299510957,6889.458602488042
8000.0,6756.138597726823,7162.549170017243,6672.84735608101,6966.888649940492,6889.605943441392
6999.999999999999,6766.308636546136,7178.3206448555,6684.769367694856,6955.554348945619,6896.238249510528
5000.0,6729.040261268617,7195.492375373841,6658.209972620011,6998.993685722352,6895.434073746205
8000.0,6709.680941224099,7237.382668972016,6658.530692338944,6959.633606195451,6891.306977182628
6500.0,6745.104764819146,7216.40693807602,6702.747857093812,6989.358042001725,6913.404400497676
6000.0,6699.65968990326,7126.78396177292,6654.277849674226,6991.062485456468,6867.945996701718
6999.999999999999,6685.717887997628,7088.567892789842,6617.584372758866,6981.7715327739725,6843.410421580077
6600.0,6685.943549036981,7121.538375854493,6638.911407470704,6981.922800064088,6857.079033106566
6500.0,6672.594004034997,7116.149788618089,6635.63725590706,7027.165771961213,6862.88670513034
6500.0,6690.394361734391,7086.460069894792,6657.4924862384805,7047.6538105010995,6870.500182092191
6999.999999999999,6692.812158584596,7194.9757521152505,6664.540467381478,7118.531215190888,6917.714898318053
8000.0,6682.775615215302,7235.541010379792,6612.665706038476,7174.672044754029,6926.4135940969
6999.999999999999,6686.512247920037,7302.802052259446,6657.65119290352,7271.054106473924,6979.504899889232
5000.0,6625.936724305154,7194.8525891304025,6625.9896265268335,7236.646997451783,6920.856484353543
6800.0,6663.329502463342,7166.870620250703,6694.530240893365,7181.341857671739,6926.518055319787
8000.0,6707.334231734277,7145.5452387332925,6750.997163057328,7201.983643293382,6951.46506920457
5800.0,6724.879584193231,7216.347423076631,6719.787745356561,7307.25245165825,6992.066801071168
8000.0,6759.1296397447595,7307.969938039781,6749.333636164666,7349.224578380586,7041.414448082448
5000.0,6783.627501368524,7370.512763023377,6764.428541183473,7405.35300898552,7080.9804536402235
6999.999999999999,6803.10585141182,7407.544318199159,6774.6799998283395,7390.078319072724,7093.852122128011
6000.0,6833.4117983579645,7424.147349834443,6760.692321777345,7381.667692422868,7099.979790598155
6000.0,6853.223680377007,7483.495376586915,6796.806767344476,7410.741596221925,7136.066855132581
6600.0,6818.871540069581,7428.920122146607,6805.555472254754,7340.254345417024,7098.4003699719915
5000.0,6812.571629405023,7413.749583482743,6771.165308475495,7347.059720277787,7086.136560410262
6000.0,6855.425735354424,7538.543444633485,6810.916368484498,7369.0562987327585,7143.485461801291
6999.999999999999,6828.250938653947,7457.915499210359,6761.202332258225,7302.978944063188,7087.58692854643
6999.999999999999,6816.284704089166,7433.528401613236,6754.421342015267,7259.248645067216,7065.870773196221
5000.0,6808.739111423493,7453.034442663194,6757.7512888908395,7252.515184164048,7068.010006785394
6000.0,6794.9849470853815,7451.654025316239,6740.985417604447,7216.90785598755,7051.1330614984045
8000.0,6797.383318901063,7430.682427406312,6683.562535762788,7180.859951496125,7023.122058391572
8000.0,6793.030457973481,7428.414244651795,6695.30269598961,7205.163562774659,7030.477740347386
6000.0,6765.297294855119,7428.771334648133,6708.713822484017,7244.752609729768,7036.883765429259
6999.999999999999,6765.88252568245,7387.803523540498,6706.050939559937,7182.288311481477,7010.5063250660905
6000.0,6760.042203068734,7280.549228668214,6669.259924173356,7160.824888229371,6967.669061034919
6999.999999999999,6752.5234748125085,7282.917429685594,6689.863686323167,7145.119541168214,6967.606032997371
6500.0,6770.112636923791,7412.837020158769,6685.083474636079,7241.064332962037,7027.274366170169
8000.0,6794.689025282861,7411.672344684602,6720.058455944062,7266.999647140504,7048.354868263007
6800.0,6740.818858265878,7283.930011272431,6660.889387488366,7290.184045791627,6993.9555757045755
6000.0,6756.308876752854,7355.648891925813,6694.268209576608,7360.186910629273,7041.603222221137
6000.0,6695.576712965966,7271.582302093507,6681.555557727815,7316.762452602387,6991.369256347419
6500.0,6737.666629791261,7368.192504644395,6731.441112875939,7353.698122501374,7047.749592453242
6000.0,6731.653135061265,7342.918468236924,6737.5633051395425,7361.152376174928,7043.321821153165
8000.0,6719.371966958047,7375.656677484513,6759.883909702302,7356.477142333985,7052.847424119712
6000.0,6741.855824470521,7413.469367027284,6783.829604387284,7382.75632095337,7080.477779209615
6999.999999999999,6720.986724615098,7397.836760520936,6757.924874305726,7373.061988830567,7062.452587068082
8000.0,6752.814850330354,7482.962221384049,6806.780902624131,7378.296828985215,7105.213700830937
5500.0,6762.336423635484,7508.316437721253,6784.026334524156,7425.29218697548,7119.992845714093
6000.0,6781.704836249352,7475.718750000001,6818.699194550515,7349.07992386818,7106.300676167012
6999.999999999999,6826.895319223405,7456.074667215348,6802.192461490632,7309.723150730134,7098.72139966488
6999.999999999999,6845.799597501756,7536.123167991639,6826.344805479051,7308.650227546693,7129.2294496297845
6000.0,6856.45319569111,7566.060039281846,6788.669744372369,7320.19944381714,7132.845605790616
8000.0,6802.8297679424295,7439.286477804185,6710.188471913339,7248.905434131623,7050.302537947894
6999.999999999999,6768.034571528436,7334.11107492447,6694.543466448785,7212.979866027833,7002.417244732381
6999.999999999999,6755.247939229012,7389.55425643921,6680.125957846642,7277.341204881669,7025.567339599133
5800.0,6745.26016509533,7365.931761264802,6654.1133568286905,7259.287495136262,7006.148194581271
8000.0,6807.907967925073,7421.9080979824075,6681.27864766121,7271.361600637437,7045.614078551532
6500.0,6834.18549335003,7380.590636253358,6660.259107112885,7246.261976242066,7030.324303239585
5000.0,6834.394622445107,7390.1262617111215,6656.874604821206,7287.50091123581,7042.224100053311
5500.0,6814.6798655986795,7271.941045284272,6675.770203828813,7198.474738121034,6990.2164632081995
6999.999999999999,6822.250669479371,7247.892025947572,6745.055582284928,7126.184678792954,6985.345739126206
6000.0,6837.098008632661,7292.368742227555,6761.000642538072,7136.174106121064,7006.660374879838
6999.999999999999,6815.013397574426,7328.726620674134,6729.816022753716,7154.056710243226,7006.903187811376
6999.999999999999,6770.008485674859,7324.01336336136,6694.0871847867975,7169.8033871650705,6989.478105247022
6999.999999999999,6761.341200590135,7375.450854778291,6711.256848812104,7168.398171901704,7004.111769020558
6999.999999999999,6690.720454335214,7295.9999837875375,6668.039453387261,7130.756587982179,6946.379119873048
6999.999999999999,6691.2527829408655,7330.252519130708,6630.696271061898,7168.111342668534,6955.078228950501
5000.0,6661.246890783311,7320.331699371339,6629.813878536225,7144.259880065919,6938.913087189198
5000.0,6669.024343967439,7228.458725452424,6615.275686740876,7088.57863855362,6900.33434867859
6500.0,6690.942808985711,7322.391579627992,6644.1181433200845,7104.395576238633,6940.462027043105
5000.0,6718.486681342126,7361.079635620118,6651.345082759858,7120.911815166474,6962.955803722144
6999.999999999999,6701.107888221742,7355.0041460990915,6709.257723450662,7053.12753725052,6954.624323755504
6999.999999999999,6700.243267536164,7309.986008644105,6722.115856409074,6982.686575889588,6928.757927119733
6500.0,6687.128889441491,7332.080952167512,6710.3380860090265,6967.318480491639,6924.216602027417
8000.0,6660.487247943879,7218.270088195802,6662.5971373319635,6936.879038095475,6869.55837789178
6000.0,6618.162577509881,7170.486983060838,6633.955543875695,6956.977749347688,6844.895713448525
8000.0,6570.904361605645,7122.388944387437,6585.981081485749,6968.666660547257,6811.985262006522
6000.0,6602.16172194481,7183.673688411714,6585.6818532943735,7056.047905206681,6856.8912922143945
8000.0,6537.741694688798,7127.042686700822,6596.982263803483,7051.223057270051,6828.247425615788
8000.0,6540.4574798345575,7107.840006828309,6572.046305656434,7077.140186309815,6824.370994657279
6000.0,6574.216123342515,7223.952117443086,6565.64141714573,7208.045080661775,6892.963684648276
6000.0,6617.724067687989,7323.398375034333,6602.18817305565,7277.077520370484,6955.097034037114
6000.0,6673.206512570382,7297.0282707214365,6649.845635414124,7241.123021364213,6965.300860017539
8000.0,6750.911610245706,7331.91728591919,6691.766099810601,7238.067918062211,7003.165728509427
6999.999999999999,6764.859611630441,7311.4143686294565,6660.591399192811,7280.899705886842,7004.4412713348875
6000.0,6738.129110932351,7307.737664222718,6673.973181486131,7279.329171180726,6999.7922819554815
6999.999999999999,6759.06351196766,7281.813922405244,6681.522493839265,7264.602515220643,6996.750610858203
6000.0,6752.916935086251,7272.028664588929,6659.015904903413,7301.275327205659,6996.309207946063
6999.999999999999,6726.893175005914,7276.1203207969675,6665.648107647897,7327.450354576112,6999.027989506722
8000.0,6756.580000638963,7373.665404796601,6692.632373690606,7382.065285682679,7051.235766202212
6000.0,6779.659834742547,7469.897852420808,6701.204186797143,7471.756869554521,7105.629685878755
6999.999999999999,6791.868675589562,7470.147484779359,6752.309386134149,7436.689309358598,7112.753713965417
5500.0,6859.447130799294,7591.384498119355,6771.603818297387,7496.019977569581,7179.613856196404
6800.0,6869.169980525971,7616.934617996217,6789.816234707833,7494.566819667817,7192.62191322446
6999.999999999999,6898.275708317758,7632.992095470429,6788.582538366319,7505.211738586427,7206.265520185233
8000.0,6845.95623767376,7628.654113292695,6767.031909108163,7473.569597244264,7178.80296432972
6000.0,6784.0978351831445,7542.70949459076,6698.295804500581,7472.961221694947,7124.516088992358
6999.999999999999,6852.118933200837,7575.798181056977,6741.305724024774,7471.736204624177,7160.239760726691
6999.999999999999,6826.238587737084,7492.507766008378,6731.787870407105,7405.824995994569,7114.089805036784
5000.0,6828.749376773835,7551.002744436265,6729.975142717362,7429.050724506379,7134.69449710846
6500.0,6798.615775346757,7511.083885192872,6759.297852277757,7376.824659347535,7111.45554304123
5500.0,6776.780796647073,7410.838308095933,6720.375042676927,7340.5758917331705,7062.142509788276
8000.0,6802.180062532426,7432.295945167542,6818.552886843682,7283.729974746705,7084.189717322589
6000.0,6821.9865716695795,7480.3733189106,6775.886005163194,7333.822592496873,7103.017122060061
6999.999999999999,6810.196815609933,7533.333402395249,6822.954930305482,7309.023022890092,7118.877042800189
6000.0,6762.588949084283,7434.1475229263315,6728.800961375237,7272.549420833589,7049.52171355486
6500.0,6736.189500570298,7415.442454576493,6775.128428816796,7211.558118820191,7034.579625695945
6999.999999999999,6770.7689551115045,7470.493829011918,6738.05265069008,7238.582888126374,7054.474580734969
6999.999999999999,6766.28425192833,7437.341494560243,6700.190778613091,7213.87093782425,7029.421865731479
6000.0,6769.4426798820505,7457.1699085235605,6673.756613016129,7247.256372690202,7036.9063935279855
5000.0,6762.291374087335,7447.076329946519,6687.904237627984,7227.249413728715,7031.130338847638
6000.0,6744.181042432786,7355.382727622987,6700.708228468896,7146.379275321961,6986.6628184616575
6500.0,6764.910034060479,7406.023379325868,6735.099632143975,7136.520450353623,7010.638373970986
6000.0,6754.086156845094,7383.789567470551,6719.986955285073,7127.82795405388,6996.4226584136495
6999.999999999999,6750.257771849633,7435.9569442272195,6730.919530034066,7143.630012989045,7015.191064774991
6999.999999999999,6751.277792811395,7402.149944782258,6741.865743637086,7096.386675834657,6997.920039266349
8000.0,6739.515314459802,7343.282997608186,6723.429732680322,7030.6829431056985,6959.227746963502
5000.0,6691.040347456933,7185.260755062104,6628.401223897935,7011.9803545475015,6879.170670241118
6000.0,6702.797452926637,7215.690278291703,6687.001593470574,7000.021972656251,6901.377824336291
6999.999999999999,6700.9169442653665,7212.847610473634,6635.542610526086,7017.403658866883,6891.677706032992
5000.0,6645.02533376217,7187.452890872956,6645.064597129823,7017.17551803589,6873.67958495021
6999.999999999999,6692.967145562173,7291.248703002931,6656.529087185861,7041.770091533662,6920.6287568211565
5500.0,6678.185520887376,7274.223280191422,6621.569811224938,7056.852184295655,6907.707699149848
8000.0,6669.1483335495,7354.0767040252695,6671.559517621995,7059.160870313645,6938.4863563776025
6999.999999999999,6626.360355377198,7226.2517108917245,6624.078120470048,7049.370652914048,6881.515209913255
8000.0,6578.87647843361,7254.289061784745,6657.705748319627,7074.351247310639,6891.305633962155
6999.999999999999,6585.989347457887,7222.674198150636,6585.991000652314,7139.106873035432,6883.440354824067
6999.999999999999,6575.409729719163,7277.660271406175,6597.92623782158,7214.632233858109,6916.407118201257
6999.999999999999,6623.431308150292,7253.886508941651,6600.103908181191,7208.109555244447,6921.382820129395
6999.999999999999,6678.746367096902,7248.5607430934915,6558.627739787103,7264.313206195832,6937.562014043332
6800.0,6691.215586066247,7201.1669652462015,6543.019104599954,7278.889421463014,6928.572769343854
6000.0,6726.093028903008,7248.80541586876,6557.181194663049,7351.248088359834,6970.831931948663
6500.0,6754.758593678475,7353.073215007783,6597.713802337647,7414.112459659577,7029.914517670871
6000.0,6798.733152151109,7415.092803955079,6621.119315743447,7464.333199977876,7074.819617956878
6000.0,6755.900537729264,7417.332882404328,6639.541687846185,7456.3557102680215,7067.28270456195
6999.999999999999,6797.101035952569,7456.698748111726,6658.458778381349,7473.250530719758,7096.37727329135
6000.0,6785.5638053417215,7455.8952956199655,6716.930612087251,7439.584879398347,7099.493648111821
5000.0,6828.627866983415,7471.550220251084,6704.508095860482,7451.4068727493295,7114.023263961078
6000.0,6821.133936643601,7385.570057868958,6690.492726802827,7375.758348941804,7068.238767564298
8000.0,6855.827874898911,7483.630111932755,6677.815618634225,7415.660676240922,7108.233570426703
7499.999999999999,6794.114953517915,7498.585735321046,6675.091980814935,7432.288505792619,7100.0202938616285
5500.0,6742.990329146386,7461.190477371217,6659.718512535096,7400.243811607362,7066.035782665015
5000.0,6806.255186796189,7546.052253723145,6752.26557648182,7377.26275587082,7120.458943217994
6999.999999999999,6844.939936399461,7534.074033498765,6747.1303412914285,7301.238956928254,7106.845817029477
8000.0,6828.276563167573,7625.602316379548,6701.640630126,7345.438763141633,7125.239568203689
6999.999999999999,6727.078332781793,7541.39851140976,6673.738427877427,7319.176116466523,7065.347847133876
6999.999999999999,6665.736553549767,7521.182423353196,6666.0250359773645,7321.721209287644,7043.666305541993
8000.0,6661.963550567628,7415.456506729127,6625.958629131318,7277.624727725984,6995.250853538514
6999.999999999999,6641.817723274232,7403.604755878449,6563.231059670449,7314.065265893937,6980.679701179267
6800.0,6636.386152982713,7397.856598854066,6603.008157491685,7304.005577802659,6985.314121782781
5000.0,6686.389084935189,7382.195888042451,6561.589437603951,7334.849226236344,6991.255909204484
6800.0,6663.762226104737,7384.452498435975,6604.6307678222665,7335.960172891618,6997.201416313649
8000.0,6663.315037012101,7394.511359930039,6609.100592255593,7370.542520523072,7009.3673774302015
6999.999999999999,6646.541726350785,7439.112065792085,6593.895749807359,7453.990815639497,7033.385089397431
6500.0,6722.824250221253,7447.710330009461,6660.037992358209,7467.286631822587,7074.464801102878
6000.0,6843.394199609757,7489.527056455613,6648.723116397859,7512.786675453187,7123.607761979104
6999.999999999999,6865.051046609879,7512.900745868684,6706.3976970911035,7484.725353240968,7142.268710702659
6500.0,6890.1002485752115,7504.192544221879,6690.689043641091,7475.420348405839,7140.100546211005
6999.999999999999,6944.255591630937,7530.04933166504,6664.08831870556,7503.963576793672,7160.589204698802
6000.0,6932.832431435586,7624.175609588624,6673.514006733895,7577.761349439622,7202.070849299432
6999.999999999999,6953.301044940949,7650.858167648316,6736.653221607209,7554.263670444489,7223.769026160241
8000.0,6884.371516585351,7524.9302151203165,6698.122219085694,7469.614329576493,7144.259570091964
6000.0,6813.738784670831,7489.514657497407,6652.86188864708,7488.564897298814,7111.170057028533
6000.0,6901.560605645181,7582.450635433198,6690.148035764695,7531.976956367494,7176.534058302642
6999.999999999999,6927.602137565614,7714.282145261765,6714.335096836091,7588.076456069947,7236.073958933354
5000.0,6912.887053966523,7691.577999591828,6740.310500979424,7525.8055815696725,7217.645284026862
6500.0,6915.006449222566,7587.168025732041,6770.82103073597,7423.576997756959,7174.143125861884
6999.999999999999,6901.522582173348,7570.589792013169,6702.236606717111,7402.83684706688,7144.296456992627
6999.999999999999,6820.5660643577585,7549.08586549759,6719.336423277856,7366.917065143586,7113.976354569198
8000.0,6756.541150569917,7460.2960991859445,6643.298572182656,7335.213755607606,7048.837394386531
6000.0,6701.836946964265,7454.35121202469,6601.554999589921,7349.7569069862375,7026.875016391278
6000.0,6728.226476311685,7448.2806820869455,6647.825845122338,7314.000791311265,7034.583448708058
6000.0,6800.699626922608,7555.08034849167,6649.680315971375,7360.6696434021005,7091.5324836969385
6999.999999999999,6813.491632103921,7548.07493710518,6646.769867181779,7329.650756359101,7084.496798187495
6500.0,6768.01018691063,7429.900466442109,6627.723414182664,7235.493067741395,7015.2817838191995
6999.999999999999,6745.482519745828,7395.009798049928,6550.589081883431,7214.869467258454,6976.48771673441
6800.0,6679.458480596543,7403.773381710053,6553.40281879902,7248.554956912995,6971.297409504653
8000.0,6675.735486745835,7455.353047847749,6594.336326122285,7289.60212135315,7003.756745517255
6000.0,6618.643243789674,7430.219532966615,6601.778180837632,7321.242609500886,6992.970891773702
6999.999999999999,6702.960705876351,7420.36153459549,6659.818530797959,7291.704984664918,7018.71143898368
6999.999999999999,6720.783381700517,7383.135729074479,6580.14117217064,7311.780551195146,6998.960208535195
6000.0,6738.6205229759225,7438.869046211244,6612.257780313493,7333.998657703401,7030.936501801015
5500.0,6753.755517959596,7430.302192687989,6599.20415711403,7349.25433588028,7033.129050910474
6999.999999999999,6775.3483036756525,7305.94808125496,6695.708141922952,7244.998935699464,7005.500865638257
6999.999999999999,6822.77018582821,7363.709867954255,6633.5459649562845,7288.534984350205,7027.140250772239
6999.999999999999,6796.899346232415,7404.3536529541025,6580.620185256005,7316.026781082154,7024.474991381169
5000.0,6740.988310694695,7409.020620822907,6595.42330145836,7314.162804365159,7014.89875933528
6000.0,6872.522658824922,7523.045573472978,6646.235058784486,7325.124310016633,7091.7319002747545
6999.999999999999,6846.4034267663965,7525.353432893754,6645.429539799691,7291.616538763047,7077.200734555722
6999.999999999999,6761.1924130916605,7493.348415374757,6598.90410232544,7274.871332406999,7032.079065799714
6999.999999999999,6700.044884204865,7443.823669910432,6613.212500095368,7225.796255826951,6995.719327509404
6000.0,6691.618138909341,7346.710069656373,6526.1135383844385,7194.324393510819,6939.691535115243
5000.0,6719.057860016824,7393.118543624879,6516.856476187707,7206.259630680085,6958.823127627374
5000.0,6750.400359869004,7432.846458911897,6589.744165301324,7180.453265666963,6988.361062437297
6000.0,6758.491919994355,7474.702862024308,6654.525415539742,7150.146905422212,7009.466775745154
6999.999999999999,6772.577963113786,7468.602574586869,6729.636651158334,7083.419018745423,7013.559051901103
8000.0,6801.9444823265085,7457.569981575013,6690.994884610177,7065.433089971543,7003.9856096208105
6999.999999999999,6728.836091756822,7405.742336273194,6542.951736927033,7100.643651485444,6944.543454110623
5000.0,6668.201466441155,7386.36276459694,6557.083656191827,7109.890794515611,6930.384670436383
8000.0,6720.706921458245,7269.529034614564,6586.752296686173,7057.406004428864,6908.598564296962
5000.0,6721.350427389146,7319.9564242362985,6511.086827635766,7130.542499303819,6920.734044641257
5000.0,6698.082955718041,7295.320520877839,6590.369486093522,7121.993004322053,6926.441491752864
6000.0,6755.001613259316,7284.485484600068,6756.571734666825,7066.500226974488,6965.6397648751745
6000.0,6777.0279492139825,7297.1481273174295,6657.892145991326,7074.21899175644,6951.571803569795
6500.0,6780.190923452378,7371.972533702851,6670.802767872811,7075.577917575837,6974.6360356509695
6000.0,6735.697261929513,7314.733156442643,6618.447753548623,7048.773849725724,6929.413005411626
6999.999999999999,6694.691840648652,7277.820631265641,6654.822163939477,7023.371690750123,6912.676581650973
8000.0,6658.803882718087,7221.035882472993,6589.030398607255,7033.742179393769,6875.653085798026
6800.0,6618.15472483635,7303.095494270326,6607.47550213337,7072.435194969178,6900.290229052306
6999.999999999999,6668.546570777894,7318.977733135224,6525.1956021785745,7095.869225978852,6902.147283017636
6000.0,6636.7825063467035,7258.441059589387,6547.048766016961,7061.313329458238,6875.896415352822
6000.0,6696.2565891742715,7204.12866306305,6529.562101960183,7074.357860088349,6876.0763035714635
6500.0,6689.513622403146,7159.980932474137,6524.313209652902,7056.808374643327,6857.654034793378
8000.0,6681.946951508523,7178.852973461152,6523.222514629365,7090.9063363075265,6868.732193976642
6000.0,6656.878324508668,7265.55971479416,6520.064086675645,7187.254507541657,6907.4391583800325
8000.0,6725.653692483903,7361.704543113709,6582.613524436952,7209.123790025712,6969.773887515069
6999.999999999999,6715.846529841424,7410.587849140168,6546.724739909173,7259.224673748017,6983.095948159696
6000.0,6673.141211390496,7369.653101921082,6554.002515077592,7241.127980947495,6959.4812023341665
6000.0,6717.32324576378,7288.311803102494,6542.237143635751,7249.178211212159,6949.262600928546
6999.999999999999,6726.806795597077,7294.936153173448,6509.657227754594,7302.6127614974985,6958.503234505654
6000.0,6769.590227484704,7377.130500316621,6514.644915342332,7329.574709415437,6997.735088139773
6000.0,6725.306108355523,7301.462138175965,6530.756121635438,7280.147502422334,6959.417967647315
6999.999999999999,6753.528617024423,7386.608263969422,6606.181877493859,7277.679283142091,7005.999510407449
6000.0,6782.344622492791,7493.803043842317,6662.415699243546,7360.98953652382,7074.8882255256185
6000.0,6771.625723123551,7493.372386693955,6704.982149362565,7301.927512407304,7067.976942896844
7799.999999999999,6802.738428950311,7531.920747756959,6750.165192961694,7298.810414314271,7095.908695995809
8000.0,6790.332857966424,7524.206115961076,6748.602510929109,7322.849514484406,7096.497749835254
6999.999999999999,6798.44218993187,7545.224829912187,6742.929160952569,7347.947485685349,7108.635916620494
5000.0,6767.930833578111,7466.260824680329,6714.768233776093,7286.526353120805,7058.8715612888345
5000.0,6762.779066443444,7401.057183265687,6733.05587053299,7234.765662193299,7032.914445608855
5500.0,6772.119614958764,7383.167966365815,6770.096518278123,7172.552649497987,7024.484187275172
6500.0,6782.255349993707,7356.511032819749,6835.562604308129,7095.963458061219,7017.573111295701
6500.0,6829.482981801034,7363.376749277116,6872.703683614732,7093.253045797349,7039.704115122558
6999.999999999999,6806.453983426095,7392.323357105256,6819.612171173097,7103.582204580308,7030.492929071189
8000.0,6760.7220792770395,7347.310179233552,6794.545610666276,7051.0428590774545,6988.4051820635805
6500.0,6706.174515843392,7225.73426103592,6760.049642443658,7053.43007183075,6936.34712278843
6999.999999999999,6701.002497076989,7282.518183231355,6751.486095309258,7100.083218574525,6958.772498548032
8000.0,6663.417948365212,7174.510031700135,6665.041385293008,7054.544324874879,6889.378422558309
6000.0,6656.105042815209,7171.5838775634775,6637.14372932911,7131.371576309205,6899.0510565042505
6999.999999999999,6695.72426056862,7216.364781618119,6663.149717569352,7132.867717266084,6927.026619255544
6000.0,6780.627366781236,7244.387253761292,6685.448417305947,7171.354083538056,6970.454280346633
6000.0,6794.071143865586,7256.333236694337,6666.231271982194,7195.376651763917,6978.0030760765085
6999.999999999999,6836.85498905182,7313.105586528779,6647.343112349511,7234.772274971009,7008.01899072528
5000.0,6850.534759640695,7365.217581272126,6655.46401667595,7287.9671120643625,7039.795867413283
5000.0,6884.821598768235,7335.73781824112,6651.805910706521,7244.38890695572,7029.188558667899
6999.999999999999,6926.625926256181,7393.378095149995,6686.13655948639,7219.800119638444,7056.485175132752
8000.0,6943.116540670396,7410.587849140168,6689.2127410173425,7193.171290397645,7059.022105306388
6000.0,6887.016214370728,7305.5670199394235,6689.8711256980905,7195.051799058915,7019.376539766789
6999.999999999999,6807.622378587724,7206.033143043519,6671.554144740106,7152.039813041688,6959.312369853259
6999.999999999999,6780.524868726731,7198.165590763093,6627.470062136651,7181.78574037552,6946.986565500499
6000.0,6752.6305191516885,7263.851964950562,6616.127908468247,7218.741248607636,6962.837910294534
6999.999999999999,6745.190317630769,7361.402008533479,6616.681728601457,7271.877397298814,6998.787863016129
6999.999999999999,6768.90621829033,7449.508178949357,6652.039011120797,7333.530803680421,7050.996053010226
6999.999999999999,6754.658575415612,7458.413110733033,6665.3666512966165,7325.774015426637,7051.053088217975
5000.0,6762.837341547013,7455.559697151185,6671.881063938142,7319.321597576142,7052.399925053121
5000.0,6752.563564777375,7478.372127056123,6678.344640851022,7303.2905712127695,7053.142725974322
8000.0,6759.289999604226,7385.649411201478,6687.5814514160165,7208.41704940796,7010.23447790742
6999.999999999999,6753.78403556347,7390.764394760133,6699.704326152802,7257.368136405946,7025.405223220588
6999.999999999999,6727.141154170037,7354.967775821687,6721.272727251054,7220.539097547532,7005.980188697577
6999.999999999999,6687.506231069566,7226.641864776612,6692.872500181199,7180.26066851616,6946.820316135884
6000.0,6690.141422986985,7286.474277496339,6685.737726330758,7266.639250755311,6982.248169392348
6500.0,6659.289921879769,7281.130326509477,6640.634449362756,7282.131335735322,6965.796508371831
6000.0,6724.033148646356,7309.789278507234,6664.977737307549,7307.2698101997385,7001.517493665219
6000.0,6762.0677795410165,7326.890748262406,6695.325014114381,7281.126193523408,7016.352433860303
6500.0,6795.051901459695,7288.585406780244,6721.89432835579,7205.005682706834,7002.634329825641
6999.999999999999,6833.533721446992,7377.759540796281,6765.0856859684,7250.985152721406,7056.84102523327
8000.0,6796.180619955064,7487.856503486634,6744.83860051632,7312.553419589997,7085.357285887004
6400.0,6778.154601216317,7465.706177949906,6722.537834286691,7331.859424114228,7074.564509391786
6999.999999999999,6700.933889508248,7363.018832683564,6675.399888277055,7324.654802799226,7016.001853317023
6000.0,6714.244584441186,7405.406737804414,6693.4254937171945,7316.1458110809335,7032.305656760932
8000.0,6728.5314906835565,7384.105327606202,6661.450233697892,7295.84375691414,7017.482702225448
6999.999999999999,6750.467727541924,7341.523998737336,6667.5104311704645,7267.345991373063,7006.712037205697
6000.0,6776.009168148042,7372.152731895448,6668.401502966882,7299.58493590355,7029.03708472848
6000.0,6791.315682053567,7347.312659025193,6675.704902648927,7282.256978511811,7024.1475555598745
5000.0,6791.607470870019,7325.690529108048,6661.782525777818,7274.948205947877,7013.5071829259405
5000.0,6803.812178730966,7302.830983161927,6702.4800395965585,7216.849994182588,7006.49329891801
8000.0,6833.75731599331,7404.08170247078,6755.291335582734,7214.363589763642,7051.873485952617
6000.0,6848.223180532456,7495.479382991792,6795.764428257943,7253.74929380417,7098.30407139659
5500.0,6760.0897324085245,7347.140726804734,6768.81363940239,7138.056267976762,7003.525091648103
5500.0,6704.59819495678,7336.552843093873,6739.435134530068,7101.999270915986,6970.646360874177
6999.999999999999,6670.052630901338,7314.333909988404,6772.456453323365,7024.792611360551,6945.408901393414
6500.0,6648.372639179231,7235.3583323955545,6748.144989371301,6971.7308564186105,6900.901704341174
5000.0,6682.230887651444,7242.190984964372,6735.364969849587,6979.594275712968,6909.845279544593
6000.0,6657.385028600694,7214.754570245744,6690.484460830689,6937.757710933686,6875.095442652703
6999.999999999999,6669.926161527635,7260.077722072602,6698.318535923959,6928.980075120927,6889.325623661281
6999.999999999999,6656.754748225213,7291.6090993881235,6686.218392610551,6928.171249747277,6890.688372492791
5000.0,6613.064539194108,7282.378488302232,6650.858217000962,6956.127180814744,6875.6071063280115
8000.0,6645.713475942613,7251.298433065415,6642.567446947099,6917.8313452005395,6864.3526752889165
6000.0,6656.446014165879,7110.433868885041,6614.981004834176,6909.4384903907785,6822.824844568969
6000.0,6642.716234445573,7086.812200307847,6606.298840999604,6927.3822627067575,6815.802384614945
6999.999999999999,6655.713649034501,7069.552023887635,6635.332241535188,6892.701550006867,6813.324866116048
6000.0,6698.1668553352365,7103.717766523362,6626.125601768495,6945.779836893083,6843.447515130044
6999.999999999999,6666.296159863473,7035.529282569886,6626.3334909677515,6931.741736412049,6814.97516745329
6999.999999999999,6659.771001458169,6998.43490600586,6595.968442320825,6943.540585041047,6799.428733706475
6999.999999999999,6661.182829499246,7036.241809368134,6591.665590524674,7025.324939966203,6828.603792339564
6000.0,6669.914589166642,7054.859258413316,6605.585074305535,7062.496190071107,6848.21377798915
6999.999999999999,6714.836428046227,7160.195021152497,6646.89261686802,7098.774715185166,6905.174695312978
6999.999999999999,6733.570427298547,7254.726331710816,6635.393409729005,7171.547507286073,6948.80941900611
6999.999999999999,6680.517764925958,7165.361253738404,6612.137097120286,7196.52066230774,6913.634194523097
6500.0,6676.374033093453,7213.380765676499,6630.864483594895,7269.416617393495,6947.508974939586
5000.0,6720.885466456414,7281.139419078828,6667.581518530847,7321.591433525086,6997.799459397794
5000.0,6773.911264419557,7352.276375293733,6735.943587899209,7304.8892102241525,7041.755109459163
6000.0,6793.676443696023,7324.003444194795,6721.074343919755,7259.211448192597,7024.4914200007925
6999.999999999999,6780.707133412362,7323.941449403764,6739.728163242341,7217.601371049882,7015.494529277087
5000.0,6786.992991924287,7398.287256002427,6769.74934744835,7232.280910968781,7046.827626585961
6000.0,6759.232551097871,7430.085624217988,6788.6577587127695,7205.638029575349,7045.903490900994
6999.999999999999,6714.819069504739,7379.233363628388,6734.759487390519,7163.1129093170175,6997.981207460166
5000.0,6676.583988785745,7312.945226669312,6751.876249194146,7082.197308063508,6955.900693178178
6999.999999999999,6710.050016880036,7409.878628730775,6763.243614077569,7076.070569515229,6989.810707300902
6999.999999999999,6667.757170438767,7272.944534301759,6726.6278373003015,6990.998837471009,6914.582094877959
6500.0,6617.845164179803,7272.465107917787,6675.234568834306,7013.358292102815,6894.725783258677
5000.0,6629.444389581681,7305.034691333772,6665.436498761178,7036.655934572221,6909.142878562213
5500.0,6645.598578929902,7262.835250377656,6651.835668206216,6986.870810985566,6886.785077124835
5500.0,6697.462594509126,7285.108738899232,6735.411672592164,6911.518208980561,6907.375303745271
6000.0,6707.6008093357095,7218.455245971681,6712.592216610909,6834.659546852113,6868.326954692603
6000.0,6689.716138720513,7152.820120811463,6674.431529641152,6806.214683532716,6830.795618176461
6999.999999999999,6642.043384313584,7089.844985485078,6682.016798973084,6760.549733757974,6793.61372563243
6000.0,6625.699490904809,7119.87360906601,6687.7922337055215,6761.721435308457,6798.7716922462
6500.0,6575.468418121339,7012.533348083497,6680.831458568574,6694.312432527543,6740.786414325238
6999.999999999999,6568.286941528321,6939.875452995301,6652.869741320611,6681.851892828942,6710.721007168294
6999.999999999999,6517.228031635285,6877.27104651928,6592.583940029145,6735.965492725373,6680.762127727271
6500.0,6453.904072284699,6860.937485575677,6570.465851783753,6800.573984146119,6671.470348447562
6000.0,6495.831562757493,6946.866812229157,6597.034339427949,6876.011312365533,6728.936006695033
6999.999999999999,6515.166084885598,7009.114542007447,6641.320525050164,6876.060081601144,6760.415308386088
6999.999999999999,6564.6441276073465,7044.062245607377,6639.6929551363,6909.32194018364,6789.430317133666
8000.0,6573.499463558198,6998.775464057923,6613.894856095315,6927.082621216775,6778.313101232053
8000.0,6602.667599439622,7099.811268091203,6587.54830980301,7058.840150594712,6837.216831982137
8000.0,6623.901228666306,7121.428438425065,6572.730728149415,7147.354660034181,6866.353763818742
6999.999999999999,6596.664437174798,7114.562721967698,6550.179089665414,7186.853607892991,6862.064964175225
6000.0,6657.9983637332925,7218.116341114045,6564.03575205803,7247.804406642915,6921.988715887071
6000.0,6675.468495845796,7201.284342050553,6551.714907288552,7274.976310253144,6925.861013859511
6000.0,6701.562516689301,7180.801263093949,6589.158521175385,7270.583772659303,6935.526518404485
8000.0,6720.209309935571,7185.676533460618,6631.30795300007,7288.636655807496,6956.457613050939
6999.999999999999,6772.093163847924,7286.33540916443,6660.691004157067,7370.845881700517,7022.491364717484
6000.0,6794.61380493641,7365.41927099228,6698.573954463006,7406.8896532058725,7066.374170899392
6999.999999999999,6826.855229258538,7435.972649574281,6715.142269015313,7456.162286520005,7108.533108592034
6999.999999999999,6832.6141320467,7465.912000656129,6715.55102133751,7479.217736005784,7123.323722511531
6999.999999999999,6811.90456545353,7525.278212547303,6699.1691044569025,7530.179934024812,7141.632954120637
6999.999999999999,6784.303657889367,7535.963634729386,6718.213490962983,7543.228597640992,7145.427345305682
8000.0,6796.6712054014215,7587.863193988801,6762.397178530694,7524.618587970735,7167.887541472913
6000.0,6808.371275663377,7608.8860409259805,6744.835294127465,7523.881263256074,7171.493468493224
6999.999999999999,6816.20617735386,7576.166843414308,6711.732968807221,7508.164343833924,7153.067583352328
6000.0,6834.738486886025,7569.325924873353,6704.866425752641,7480.980867862702,7147.47792634368
6000.0,6827.261501789094,7587.887991905213,6746.77201139927,7445.5694432258615,7151.87273707986
8000.0,6850.834401130677,7661.67171239853,6772.751135230065,7446.972178697587,7183.057356864215
5000.0,6850.4149030447015,7653.638840675355,6732.423936963082,7455.746508121491,7173.0560472011575
6999.999999999999,6847.624724149705,7635.766155719758,6800.502896785737,7375.974090814591,7164.966966867448
5500.0,6804.495774626733,7503.193188190461,6717.283982396127,7301.901061296464,7081.718501627446
6999.999999999999,6760.5435342788705,7382.82244873047,6757.715331912042,7182.505706548692,7020.896755367518
8000.0,6732.634719252587,7317.351816415788,6713.00840830803,7139.641681432725,6975.6591563522825
6000.0,6681.374946236611,7305.306641817094,6655.4495512247095,7141.8743205070505,6946.001364946366
6999.999999999999,6704.478751659394,7335.485706090928,6615.085156083108,7154.162514686585,6952.303032130004
8000.0,6698.627683281899,7389.946890115739,6598.386652469636,7185.8013496398935,6968.190643876792
6999.999999999999,6668.682132720948,7430.070745468141,6576.07886016369,7258.123646259309,6983.238846153022
8000.0,6606.144680619241,7333.129904031754,6555.072958469392,7247.098492622376,6935.361508935691
6500.0,6599.823691725732,7353.336072921754,6529.139710783959,7301.377825260163,6945.919325172902
5500.0,6653.0949890613565,7404.356959342957,6564.043604731561,7356.14485025406,6994.410100847484
5000.0,6647.250120162965,7406.907011747361,6594.0585894584665,7359.807502508164,7002.005805969239
6000.0,6675.649520635606,7399.216351270677,6639.839262843133,7339.284746885301,7013.497470408679
6999.999999999999,6689.968664169312,7389.6203842163095,6682.839676499368,7309.3842458724985,7017.953242689372
6500.0,6743.583825945855,7395.361928462983,6708.352186203004,7308.870102405549,7039.042010754348
6999.999999999999,6753.818752646447,7365.297761201859,6681.791137933732,7324.301019191743,7031.302167743445
6000.0,6748.9207508564,7403.980857610703,6660.814580440522,7364.923312664033,7044.659875392915
5000.0,6770.179591298104,7407.620365142823,6673.878536105157,7359.89925479889,7052.894436836244
6999.999999999999,6779.520553112031,7457.108740329743,6716.602452993394,7349.7924506664285,7075.756049275399
6000.0,6817.127006649972,7503.986721515656,6735.218248844148,7338.277124881745,7098.65227547288
6500.0,6792.570869922639,7400.589329242707,6680.243334650994,7292.816757917405,7041.555072933436
6000.0,6820.359001755715,7498.6419439315805,6705.497946023942,7335.650198936463,7090.037272661925
6000.0,6811.377196431161,7436.478527069093,6743.564400911332,7236.9602777957925,7057.095100551845
5000.0,6846.89979839325,7526.722277879716,6747.970990657807,7244.5459604263315,7091.534756839276
6999.999999999999,6818.979411005975,7498.946131706239,6725.993423938752,7173.030422687531,7054.237347334624
6000.0,6771.6348156929025,7422.598306655885,6737.29796743393,7089.875569581986,7005.351664841176
6500.0,6740.32827281952,7443.882358312608,6702.856554627419,7091.932143449784,6994.749832302333
6999.999999999999,6725.980611681939,7419.429132938386,6678.6372562646875,7073.522170305253,6974.392292797566
6000.0,6649.8324098587045,7248.544211149217,6651.197535157205,6996.75526046753,6886.582354158164
6500.0,6614.573079109193,7177.591586112977,6631.202561855317,6964.37662100792,6846.935962021352
8000.0,6594.528509974481,7052.326564550401,6590.667474389077,6921.870512485505,6789.848265349866
6999.999999999999,6552.546050786973,7048.37790966034,6569.971546649934,6994.737536668778,6791.408260941506
5000.0,6524.550856351853,7094.680579185487,6581.480259656907,7074.673620224,6818.846328854562
6999.999999999999,6639.7045274972925,7199.272404432298,6636.610160827638,7101.2454142570505,6894.20812675357
8000.0,6661.197294950486,7244.331045150758,6663.697338223458,7106.433138370515,6918.914704173804
5800.0,6603.635958075524,7222.900685787202,6596.573924779893,7161.525842666627,6896.1591028273115
8000.0,6621.108983278275,7229.420884609223,6653.8116488456735,7174.319914340974,6919.6653577685365
6500.0,6629.732872009278,7197.475382089616,6610.239229917527,7203.030941963197,6910.1196064949045
6999.999999999999,6650.421773672105,7237.927396535874,6604.693175911904,7264.408264875413,6939.362652748824
6999.999999999999,6702.960705876351,7338.939229249955,6610.101601481439,7357.088824272157,7002.272590219975
5000.0,6717.362922430039,7308.122858524323,6646.539246559144,7335.521249771119,7001.8865693211565
6999.999999999999,6815.269642710687,7326.909759998322,6710.349658370019,7302.586310386659,7038.778842866422
6500.0,6814.710862994195,7313.596585273744,6669.939800381661,7293.220963954926,7022.867053151132
6000.0,6819.913879156114,7362.460879564286,6613.741109013558,7340.473393678666,7034.147315353156
6999.999999999999,6775.495024681092,7402.107788324357,6666.405683994294,7319.30341243744,7040.827977359296
6000.0,6785.596455931664,7489.007126808167,6685.367410779,7328.3786232471475,7072.087404191495
5500.0,6773.413652896882,7486.02145767212,6665.756805181504,7310.212496280671,7058.851103007794
6999.999999999999,6774.958149790765,7506.287141561509,6701.98821425438,7286.713990688325,7067.486874073745
8000.0,6727.943780064584,7493.257489681245,6700.305675625802,7259.7851066589365,7045.323013007642
6000.0,6667.595157384873,7469.489513397218,6613.693579673768,7289.445067882539,7010.055829584599
6999.999999999999,6695.319227933885,7495.426480770112,6665.151322722436,7258.464204311372,7028.590308934451
6999.999999999999,6729.559364318849,7511.44097518921,6623.33252978325,7260.090121030808,7031.105747580529
6999.999999999999,6674.456740856172,7390.075012683869,6572.872076272965,7237.393414735795,6968.6993111372
6000.0,6680.485114336015,7349.421308517457,6579.855169534684,7220.482062339784,6957.560913681985
6000.0,6766.19043314457,7458.442868232728,6595.224504828454,7258.984960556031,7019.710691690446
6000.0,6768.416046142579,7465.939278364182,6599.697635650636,7247.5208837986,7020.393460988999
6000.0,6723.210684418679,7368.2520196437845,6577.274533033372,7205.535531520844,6968.56819215417
6500.0,6742.255897521974,7413.528882026673,6588.635285139085,7219.5223829746255,6990.985611915589
5500.0,6721.240076661111,7310.184391975404,6556.338478803636,7177.406428337098,6941.292343944312
5000.0,6724.221199512483,7280.820352554322,6672.377848863603,7102.381158828736,6944.950139939786
6000.0,6740.903997778893,7237.457062721253,6648.388757824899,7041.23776292801,6916.996895313264
6000.0,6723.805834412576,7228.231411218644,6628.609113097192,7016.590287208558,6899.309161484242
6999.999999999999,6740.493178963662,7316.825273990632,6716.568149209023,7005.94123530388,6944.956959366799
8000.0,6698.306136965753,7267.68076324463,6660.8327655792245,6985.482954263688,6903.075655013324
8000.0,6637.028419017793,7264.737250566483,6603.981889009477,7030.719313383103,6884.116717994214
6500.0,6558.205761909486,7294.2227997779855,6622.683237671853,7065.804232120515,6885.22900786996
5000.0,6559.943682551385,7282.518183231355,6576.36031651497,7095.033536195756,6878.463929623366
6000.0,6630.366458773614,7331.632109880448,6586.191863775254,7100.370047807694,6912.140120059253
6000.0,6661.417583107949,7407.716250419618,6614.20606994629,7134.8399782180795,6954.544970422984
8000.0,6641.7677141428,7361.931857347489,6648.925632715226,7078.695842266084,6932.8302616179
6500.0,6605.746260762216,7201.493471145631,6606.033089995385,7060.046155929566,6868.3297444581995
6000.0,6625.087808966638,7239.760789155961,6630.541284084321,7105.805751085282,6900.2989083230505
8000.0,6665.400128483773,7200.6610877513895,6666.743348956109,7093.3224799633035,6906.531761288644
5500.0,6672.771309137345,7169.48762702942,6574.227695703507,7123.260177850724,6884.936702430249
8000.0,6669.108656883241,7124.75797200203,6705.690956473351,7067.675648212434,6891.808308392764
6500.0,6696.3665266037,7175.887969255448,6601.01729810238,7131.627821445466,6901.224903851748
6000.0,6681.304272174836,7226.731137275697,6555.5928881168375,7198.970696449281,6915.649748504163
6500.0,6689.32143855095,7242.48194718361,6600.750720500947,7220.477102756501,6938.257802248002
6999.999999999999,6715.421245574952,7263.951156616212,6569.410287141801,7252.3920211792,6950.293677628041
6999.999999999999,6662.552914381028,7270.172127246858,6562.833879709245,7295.818132400514,6947.844263434411
6000.0,6695.823452234269,7354.041986942292,6614.068441510201,7370.300327539445,7008.558552056552
6000.0,6789.72282922268,7436.962913036347,6662.988531112672,7402.495462417603,7073.042433947326
6000.0,6850.470698356629,7465.348261356355,6680.4599031209955,7361.688837766648,7089.491925150157
6500.0,6900.903460860253,7517.056876659394,6638.588621258737,7373.400893688203,7107.487463116647
6999.999999999999,6907.6873441934595,7506.260690450669,6573.210154533387,7345.756176471711,7083.228591412307
6000.0,6798.306214690209,7428.506823539735,6552.00462961197,7298.044985294343,7019.215663284064
8000.0,6754.669734477998,7365.394473075868,6614.050669670106,7226.193849086762,6990.077181577683
5000.0,6716.288346052171,7359.208219528199,6529.989452719689,7277.840469598771,6970.831621974708
6000.0,6777.480924487115,7450.241370677949,6646.598348259927,7276.647689819337,7037.742083311082
6999.999999999999,6798.290509343148,7474.101099252702,6589.734659433366,7260.760491371156,7030.721689850093
6999.999999999999,6747.954458713532,7524.115190267564,6595.978774785996,7267.624554634095,7033.918244600297
6000.0,6693.916492462159,7407.096302509309,6596.857034325601,7215.730781555177,6978.400152713061
5800.0,6714.887263774873,7398.858434677125,6571.9053708314905,7192.003308534623,6969.413594454528
6999.999999999999,6696.220632195474,7432.624104261399,6562.245342493058,7217.593105077744,6977.170796006919
5000.0,6628.5839018821725,7344.293099403382,6590.714590430261,7139.742526292802,6925.833529502154
6000.0,6714.628952145577,7437.61675143242,6597.675365567208,7157.825993537904,6976.936765670777
8000.0,6660.884014606477,7334.12430047989,6623.093229889871,7077.003797769547,6923.776335686446
6999.999999999999,6605.898354649545,7314.614953041078,6595.00958955288,7060.9893033504495,6894.128050148488
8000.0,6595.194747328759,7322.10640358925,6563.120708942414,7054.515393972398,6883.734313458205
6000.0,6541.384095311166,7304.299846410752,6470.097525000573,7081.502966403962,6849.321108281613
6000.0,6549.861263036729,7254.851974487306,6506.847623825074,7045.04506969452,6839.151482760907
6999.999999999999,6560.6582758426675,7218.747861385346,6472.867452263833,7053.572246551515,6826.46145901084
5000.0,6565.861292004586,7237.38349556923,6541.791607737542,7072.313685178758,6854.337520122529
6000.0,6661.808150291444,7287.647218942643,6554.796461701394,7078.035391092301,6895.571805506946
6999.999999999999,6669.631066322328,7300.237947702409,6603.210260510446,7055.67015028,6907.187356203795
5800.0,6651.963377475739,7294.606340885163,6624.8803330659875,7057.386166095735,6907.209054380656
5000.0,6662.075967788697,7269.065313577653,6594.012713313104,7029.928259849549,6888.770563632251
6999.999999999999,6686.745348334313,7308.511359214784,6622.787388920785,7016.271220684052,6908.578829288484
6000.0,6609.380395412446,7149.529437303544,6571.778074860574,6962.471314430238,6823.2898055017
6000.0,6642.638947606088,7245.346106529237,6617.040058493615,6979.1768441200265,6871.0504891872415
6500.0,6650.981793284417,7252.745804786683,6595.038520455361,6964.627079963685,6865.848299622537
8000.0,6633.995633840562,7201.784433364869,6584.242334246636,6942.3163945674905,6840.584699004889
6000.0,6602.784562945367,7132.459378242494,6594.870307922364,6932.674138069154,6815.697096794845
6999.999999999999,6648.4251281023035,7177.924704790116,6600.3630464077005,6953.041493415833,6844.938593178988
5500.0,6647.836590886117,7199.350931167603,6584.16918039322,7003.819360256196,6858.794015675784
8000.0,6699.34392976761,7179.6655185222635,6673.66403412819,6957.175306081773,6877.462197124959
5000.0,6710.308328509332,7265.210890769959,6579.778295993806,7000.418739318849,6888.929063647986
8000.0,6746.168595433236,7316.274760246278,6536.347638487817,7011.518286705018,6902.577320218087
6500.0,6662.378502368928,7257.447489738465,6465.303674459458,7041.789929866792,6856.729899108411
6999.999999999999,6612.3817698955545,7254.33865761757,6510.674768924714,7067.912881612779,6861.327019512654
6999.999999999999,6575.928006172181,7160.302478790284,6461.806341648103,7077.773359775544,6818.952546596528
8000.0,6567.8285933733,7192.409994363786,6532.671347379685,7103.396220207215,6849.0765388309965
6000.0,6595.344774723054,7201.653831005097,6422.96577847004,7152.367145538331,6843.082882434131
8000.0,6618.137779593469,7167.467423439027,6453.613110065461,7175.925166130067,6853.785869807006
6000.0,6635.145430564881,7267.25258588791,6398.525778651238,7291.11396765709,6898.00944069028
5000.0,6698.387556791306,7315.729206085206,6458.532603383065,7300.21397638321,6943.215835660697
6999.999999999999,6723.983139514924,7298.028453350068,6464.106761693955,7281.65190935135,6941.942565977574
5000.0,6722.973451018334,7354.325509786607,6529.180214047433,7293.134997844697,6974.903543174268
6000.0,6800.742609977723,7439.158355236054,6618.190268516541,7291.37434577942,7037.366394877435
6999.999999999999,6748.133417010308,7422.919026374818,6528.689215302468,7279.669729232789,6994.852846980096
5000.0,6680.283011317254,7482.554708957673,6542.413208842278,7314.760434150697,7005.002840816976
6000.0,6749.553924322129,7508.979368686677,6646.924854159356,7267.99652338028,7043.363667637111
6500.0,6759.599560260774,7497.246647834779,6703.027246952058,7185.996426582337,7036.467470407487
6000.0,6724.845693707467,7435.037768125535,6579.583632349969,7160.163610458375,6974.907676160336
6999.999999999999,6719.575309872628,7465.49952864647,6655.313989281655,7114.504860162736,6988.723421990872
6999.999999999999,6726.741081118585,7426.294022798539,6574.957167744637,7071.239935398103,6949.808051764966
6000.0,6713.125371813775,7500.7142231464395,6573.268016338349,7082.174163341523,6967.320443660022
6000.0,6718.0337060689935,7454.843863964082,6496.087394595147,7054.589787721635,6930.888688087464
6500.0,6715.29601609707,7544.534621238709,6579.457576274873,7082.332043409348,6980.405064255
6999.999999999999,6668.356040120126,7429.242495059968,6511.277358293534,7027.379860639573,6909.0639385283
5000.0,6605.761966109277,7420.433448553086,6531.51039159298,7032.92136836052,6897.656793653966
6999.999999999999,6614.159367203713,7384.564089059831,6576.500838041306,6986.2533428668985,6890.369409292937
6999.999999999999,6608.485603928567,7330.531908988954,6634.92886209488,6961.0355150699625,6883.745472520591
6000.0,6625.8891949653635,7197.257160425187,6576.818664669991,6928.203073740006,6832.042023450137
6000.0,6671.626058697701,7189.9426016807565,6526.411526679994,6938.742188215257,6831.680593818427
6000.0,6630.9806205034265,7014.934612989427,6469.135779142381,6868.084245085717,6745.783814430238
6999.999999999999,6603.5743765831,7037.0328629016885,6486.573260664941,6871.044703006745,6749.556300789119
5000.0,6598.704892396928,7121.153181552888,6468.18436574936,6946.754395008088,6783.699208676816
5000.0,6608.231838583947,7099.350026845933,6593.386152625085,6921.428282976151,6805.599075257779
5000.0,6730.94680774212,7216.855780363084,6633.448839783669,6974.260243892671,6888.877917945386
6999.999999999999,6750.20404303074,7232.4363112449655,6593.442774534226,6947.571073055268,6880.9135504663
6999.999999999999,6727.566025137902,7174.397614479066,6562.44331252575,6886.278889656068,6837.6714604496965
5000.0,6674.053774714471,7255.3388402462015,6533.861647367478,6931.504503011704,6848.689691334964
6999.999999999999,6616.9933557510385,7270.044004678727,6566.570925712586,6886.919915795327,6835.13205048442
6999.999999999999,6589.821865439416,7221.868265867234,6564.444917678834,6889.809286355973,6816.486083835364
8000.0,6512.853265881539,7238.4456729888925,6579.651413321496,6912.310915708543,6810.815316975118
8000.0,6501.69420349598,7173.219713449479,6565.90179526806,6945.11277294159,6796.482121288777
6999.999999999999,6438.836858272553,7129.442298412324,6553.1490534544,6974.695860624314,6774.031017690898
8000.0,6445.849709033967,7128.37102842331,6526.4119399786005,7007.0249042510995,6776.914395421744
6000.0,6492.015576720239,7152.469643592835,6524.655007600785,7087.6503698825845,6814.197649449111
8000.0,6542.333028912545,7164.366030693055,6557.058444976808,7123.661077499391,6846.85464552045
6999.999999999999,6573.910695672036,7162.7789640426645,6583.779853105546,7205.932298183442,6881.600452750922
8000.0,6595.407182812692,7268.448672056199,6594.295822858811,7318.068476200105,6944.055038481952
6999.999999999999,6615.551770210267,7232.0635159015665,6594.635967612267,7339.778225421906,6945.507369786502
6000.0,6636.320851802827,7214.593383789063,6614.849575877191,7406.856589317323,6968.155100196601
6999.999999999999,6685.508345603944,7259.04199576378,6664.843828558923,7439.949408769608,7012.335894674064
6000.0,6718.534210681916,7318.240408420564,6682.537141919137,7511.295494079591,7057.651813775302
6000.0,6759.654528975488,7361.474749088288,6748.902565717698,7503.735435962678,7093.441819936038
6000.0,6784.3735053539285,7354.898341655732,6735.419111967088,7507.589032173158,7095.5699977874765
5500.0,6847.589180469514,7434.726967573167,6807.038387656213,7515.403682231904,7151.189554482699
6000.0,6896.90892982483,7508.199887514115,6882.199219107629,7480.90316772461,7192.052801042796
6000.0,6937.38987517357,7600.15221476555,6937.7114214897165,7468.24300479889,7235.874129056931
6999.999999999999,6914.65307891369,7590.718260765077,6942.035351514817,7395.899216651917,7210.826476961375
6500.0,6888.875231504441,7551.583015680314,6871.851875185967,7359.89925479889,7168.052344292403
6999.999999999999,6843.1375411748895,7668.906917810441,6843.704173564912,7432.4579582214365,7197.05164769292
6999.999999999999,6788.503185033799,7639.252742767335,6819.855190753938,7361.297030687333,7152.227037310601
6000.0,6742.401378631593,7625.94700741768,6790.955285668374,7293.257334232331,7113.140251487494
6000.0,6702.19445025921,7506.0912380218515,6716.388364315034,7211.291954517365,7033.991501778365
6500.0,6699.95437180996,7435.1204278469095,6711.494495511056,7157.458984375001,7001.007069885732
6000.0,6692.923749208451,7407.817921876908,6700.175486564637,7135.9071152210245,6984.206068217755
9000.0,6666.002717852593,7295.291589975358,6654.448541998864,7081.041725158692,6924.196143746377
8000.0,6677.727586030961,7354.486696243287,6684.371774435044,7181.317059755326,6974.475779116155
5800.0,6603.521061062814,7273.428920269013,6645.124112129212,7229.220848083497,6937.823735386134
6999.999999999999,6682.835130214692,7250.86694931984,6647.774182796479,7229.071233987809,6952.636874079705
6000.0,6710.192604899407,7200.39409685135,6631.784072995187,7226.766680955888,6942.284363925458
6000.0,6752.092817664147,7181.660924196244,6641.002285122872,7259.659463882447,6958.603872716428
6000.0,6817.079477310182,7249.284842252732,6687.092105865479,7288.335774421693,7010.4480499625215
6000.0,6828.233993411065,7230.588039875031,6648.602846503259,7286.615625619889,6998.510126352311
8000.0,6848.547206640244,7268.966948509217,6657.240374088288,7306.067937850953,7020.205616772176
6400.0,6862.8572576046,7273.888508319856,6672.39272761345,7321.689798593522,7032.707073032857
6000.0,6865.853259205819,7330.316167116166,6708.800201892854,7365.167985439301,7067.534403413535
6999.999999999999,6856.940888047219,7403.744450807572,6739.558297514916,7366.076415777207,7091.580013036729
6999.999999999999,6841.825318098069,7445.222272396089,6758.502665758134,7365.067967176438,7102.6545558571825
5500.0,6820.280061721803,7503.712291240693,6755.971211791039,7405.857233285905,7121.45519950986
6999.999999999999,6788.587497949601,7458.298213720323,6797.190308451653,7337.797698497773,7095.468429654838
6999.999999999999,6787.450926780702,7454.106539249421,6770.421784281732,7355.104990959168,7091.771060317756
6999.999999999999,6712.969971537591,7432.557149887086,6758.226582288743,7324.391944885255,7057.036412149669
5500.0,6666.220526218415,7434.461629867555,6720.690802812577,7327.385053396226,7037.189503073693
6000.0,6694.080158710481,7469.08613395691,6716.144931435586,7321.497201442719,7050.202106386424
6999.999999999999,6713.17620754242,7511.464119911195,6705.388835191728,7322.447788238526,7063.119237720967
6999.999999999999,6681.462565541268,7525.108760118485,6684.9677510261545,7323.6670191288,7053.801523953677
6000.0,6693.999978780747,7549.625633478166,6694.000805377961,7317.433649539948,7063.765016794206
5000.0,6653.307011246682,7357.8840107917795,6662.99142420292,7194.829444408418,6967.25297266245
6999.999999999999,6604.162913799287,7211.7846064567575,6620.20055294037,7089.780510902406,6881.482146024705
6999.999999999999,6630.959128975869,7255.986065864564,6635.432673096658,7102.118300914765,6906.124042212964
6999.999999999999,6615.392236948014,7206.481158733369,6641.116768836976,7067.7219376564035,6882.678025543691
5000.0,6611.169565081597,7220.689538240434,6619.563659787179,7110.15778541565,6890.395137131215
6000.0,6644.260318040849,7255.594258785249,6682.994250178338,7075.644045352937,6914.623218089343
6500.0,6728.3012833595285,7274.7580885887155,6728.117778778077,7021.564749240876,6938.185474991799
6000.0,6762.045874714852,7299.199741601945,6685.267392516137,7047.003278493882,6948.379071831704
6000.0,6707.872759819032,7176.8278102874765,6646.545859336854,6991.5154607296,6880.6904725432405
6000.0,6710.917943954469,7176.326065778733,6660.691417455674,6983.490028381349,6882.856363892556
6999.999999999999,6696.099949002267,7209.318040370942,6678.995586156846,6969.622206926347,6888.5089456141
6000.0,6673.703297495843,7176.1500005722055,6689.233819246293,6935.801981925965,6868.722274810077
8000.0,6630.180474400521,7131.574092626573,6634.0030732154855,6925.147557139398,6830.226299345494
6000.0,6614.403213381768,7213.633704423905,6618.499829173089,7031.003662824632,6869.3851024508485
6999.999999999999,6585.207799792291,7161.783740997315,6597.883254766465,7019.516441345216,6841.097809225322
6999.999999999999,6588.338950037957,7145.468365192414,6590.746827721597,7020.564566612245,6836.279677391053
6000.0,6599.039664268495,7107.876377105714,6549.053264260293,7043.79360151291,6824.940726786853
6000.0,6651.157445192338,7175.5953538417825,6556.217795610429,7097.3033721447,6870.068491697312
8000.0,6675.884687542916,7188.90604877472,6551.124303579331,7118.417971372605,6883.583252817393
6999.999999999999,6697.4956583976755,7144.279718399049,6546.680103659631,7154.1782200336465,6885.6584251225
5800.0,6643.818915128709,7103.269750833512,6542.608285784722,7161.319193363191,6862.7540362775335
6000.0,6694.579010128976,7150.103922367097,6556.445109844209,7188.540692806245,6897.4171837866315
5000.0,6736.385817408563,7231.510522365571,6614.706161260606,7192.777830123902,6943.84508278966
6500.0,6742.626626372338,7231.153432369233,6629.841982841493,7172.645228385926,6944.0668174922475
8000.0,6733.739053130151,7232.477641105653,6635.912926077844,7194.802993297578,6949.233153402806
6999.999999999999,6687.413652181626,7214.92154288292,6623.328810095788,7250.8892674446115,6944.1383181512365
6000.0,6657.467275023461,7325.765749454499,6645.5808070898065,7352.71281862259,6995.381662547589
6999.999999999999,6684.444514989854,7394.877542495728,6693.970634579659,7367.144379377366,7035.109267860652
6500.0,6701.584008216859,7386.061883211137,6669.285548686982,7376.882521152497,7033.453490316869
5000.0,6739.182195782662,7410.533293724061,6703.585200071336,7396.171993732453,7062.368170827628
6000.0,6746.883602023126,7455.511754512788,6742.2269666194925,7378.798573493958,7080.855224162341
6000.0,6800.204495191575,7499.970285654069,6814.454204559327,7332.320665359498,7111.737412691117
6999.999999999999,6799.382857561112,7493.318657875062,6779.689592242242,7314.1223011016855,7096.628352195025
6500.0,6794.265394210816,7536.270302295686,6760.28191626072,7338.706955432893,7107.381142050029
8000.0,6748.348745584489,7398.805532455445,6757.729384064675,7236.8792712688455,7035.440733343364
6999.999999999999,6730.84761607647,7422.829753875733,6732.326811790467,7258.268300771714,7036.068120628596
6500.0,6683.177754759789,7388.922736167909,6692.877046465875,7258.651015281678,7005.907138168813
8000.0,6678.445072412492,7360.825043678285,6642.151255249978,7261.606926918031,6985.757074564696
6999.999999999999,6686.287413477899,7378.316667318345,6614.202350258828,7310.295156002046,6997.275396764279
6999.999999999999,6711.397370338441,7406.560667514802,6620.525818943978,7335.513810396195,7018.499416798354
6000.0,6698.50865328312,7304.909875154496,6585.559930205346,7333.70273590088,6980.6702986359605
6000.0,6685.439738035203,7278.6480550766,6617.977006435395,7316.166476011277,6974.557818889619
5800.0,6731.791590094567,7325.400393486024,6678.446725606919,7308.5311975479135,7011.042476683856
5000.0,6757.1776304245,7381.944602489472,6685.414940118791,7335.854368448258,7040.097885370255
6000.0,6790.525868415833,7485.060951709748,6730.021432161332,7358.993304252625,7091.150389134885
6000.0,6782.345035791398,7473.887010574342,6717.609661698342,7331.518866062165,7076.340143531562
6000.0,6736.115106821061,7356.571374416352,6729.699472546578,7216.957451820374,7009.8358514010915
6000.0,6716.457385182382,7310.128183364869,6704.8151767253885,7157.16306257248,6972.14095196128
6000.0,6688.897807478906,7344.999013423921,6681.209213495255,7155.485070228578,6967.647776156665
6999.999999999999,6663.07201743126,7297.633339881898,6665.823759555818,7101.820725917817,6932.087460696698
5000.0,6617.400041580201,7272.97346520424,6696.055312752725,7048.2431743145,6908.667998462916
6999.999999999999,6636.4419482946405,7366.321088552476,6696.263615250588,7053.771456480027,6938.199527144433
6400.0,6626.208674788476,7403.872573375703,6706.292305946351,7053.2969896793375,6947.417635947467
6000.0,6632.416006565095,7419.892027378083,6707.677682876588,7044.709471225739,6951.173797011376
6600.0,6582.288258433343,7383.293609142304,6663.907707214356,7021.7160165309915,6912.801397830249
5500.0,6596.273869991303,7385.006318569184,6685.7282204628,7010.234581232072,6919.31074756384
5000.0,6623.751201272012,7258.5881938934335,6713.466343164445,6894.9160039424905,6872.680435568095
6999.999999999999,6644.758756160737,7204.921369791032,6724.9543912410745,6807.614112615586,6845.562157452107
6999.999999999999,6629.148881077767,7152.810201644898,6696.121440529824,6778.033091425897,6814.028403669597
6000.0,6542.404942870141,6995.915437698365,6606.165345549584,6767.922567605973,6728.102073431016
6500.0,6519.19120001793,6946.820522785188,6578.045334935189,6768.068875312806,6703.031483262778
6000.0,6485.87561261654,6877.128458499909,6563.777853727342,6772.501089572907,6674.820753604175
5000.0,6478.079560995103,6896.989936351777,6620.224524259568,6751.824586868287,6686.779652118684
8000.0,6478.091546654702,6916.650137782098,6595.435700416566,6742.841128349305,6683.254628300668
8000.0,6495.475299358369,6950.953508853913,6569.022613048554,6831.928469657899,6711.844972729684
8000.0,6493.601403474809,7028.514778614045,6591.116729974748,6945.937716960908,6764.792657256127
6999.999999999999,6467.425549507142,7038.7778096199045,6605.278820037843,6997.575244903565,6777.264356017114
6999.999999999999,6489.089009284974,7091.711441993714,6555.568916797639,7097.02315568924,6808.348130941392
6000.0,6539.229569673539,7132.8619310855875,6559.287364363671,7149.929510354997,6845.327093869449
8000.0,6672.422071814538,7167.0078353881845,6568.991202354432,7176.224394321443,6896.161375969649
6500.0,6698.392516374589,7210.629850149156,6548.327511906625,7265.711808681489,6930.765421777965
6999.999999999999,6684.976016998292,7214.850455522538,6544.227589726449,7312.288908481599,6939.0857426822195
6000.0,6685.247554183007,7318.07839536667,6579.2637392282495,7381.818959712983,6991.102162122727
5000.0,6679.534114241601,7302.974811077119,6606.350090026856,7395.957905054093,6996.204230099917
6000.0,6754.907794475556,7328.63734817505,6644.716599702836,7395.88433790207,7031.036520063878
6000.0,6793.080053806306,7342.537406921388,6710.5488682985315,7348.191331863404,7048.589415222407
6000.0,6818.966185450555,7328.756378173829,6726.839859485627,7297.709386825562,7043.067952483893
6999.999999999999,6835.548138856889,7403.948620319367,6708.088501691819,7327.557812213899,7068.7857682704935
6000.0,6817.546091437341,7492.010981082917,6723.1123193502435,7354.195734024049,7096.7162814736375
6999.999999999999,6782.8459537029275,7463.802524566651,6641.641658067704,7338.839210987092,7056.782336831094
5000.0,6713.138597369195,7424.198598861695,6667.952247381211,7265.481188058854,7017.692657917739
6000.0,6762.801797866822,7449.492473602296,6663.525819301606,7234.5507469177255,7027.592709422112
6999.999999999999,6733.29517042637,7452.271493434907,6651.846827268601,7210.652168273927,7012.016414850951
8000.0,6692.556740045548,7519.326712608338,6676.766666769982,7241.408197402955,7032.514579206706
6500.0,6659.303974032403,7610.087086677552,6682.685102820397,7282.771121978761,7058.711821377278
6000.0,6651.6356316804895,7497.874861717225,6637.5574412345895,7229.693661689759,7004.190399080516
5500.0,6638.434047579766,7408.2907354831705,6615.455471634866,7196.398325920106,6964.644645154477
8000.0,6682.260645151139,7340.827177286149,6696.630211114884,7114.167608499528,6958.471410512925
8000.0,6726.472023725511,7303.928704261781,6611.60931479931,7141.125423431397,6945.7838665545
5000.0,6649.925815343858,7271.223558902741,6565.488496661187,7206.403458595277,6923.260332375766
6000.0,6759.4929292202005,7322.646998167039,6629.961839437486,7217.016966819764,6982.279683411122
6600.0,6746.63851594925,7211.511829376222,6593.271668910981,7171.835163116456,6930.814294338227
6000.0,6740.234040737153,7202.2663395404825,6626.829862594605,7168.750302314759,6934.52013629675
6999.999999999999,6737.50420343876,7187.377670526505,6607.855736851693,7154.656819820405,6921.848607659341
5000.0,6725.657412171365,7194.71950697899,6593.32870411873,7181.883278846742,6923.897225528956
6999.999999999999,6755.545514225961,7264.865373134614,6667.909677624703,7166.728445529939,6963.762252628804
6000.0,6739.921586990357,7292.704340696336,6645.1203924417505,7171.302834510804,6962.262288659812
6000.0,6726.620397925378,7325.3789019584665,6618.733756184579,7169.981932163239,6960.178747057916
6999.999999999999,6720.331646323205,7357.63024544716,6604.823364973069,7152.679599285127,6958.86621400714
6000.0,6648.4850564003,7320.055615901948,6563.97499716282,7150.372566461564,6920.722058981658
6999.999999999999,6639.8958847522745,7326.083162784577,6578.150726079942,7146.5669128894815,6922.674171626569
6500.0,6616.372167944909,7291.291686058045,6621.980216741563,7097.827434778214,6906.867876380683
5800.0,6661.038588285447,7386.066842794419,6600.115067243577,7143.387820005418,6947.652079582215
5000.0,6644.050775647164,7420.396251678468,6616.041529059411,7134.8077409267435,6953.824074327947
8000.0,6650.8280462026605,7394.252635002137,6632.739619374276,7080.115936279298,6939.484059214593
8000.0,6603.526433944703,7276.400537252427,6634.994163274766,7021.128305912019,6884.012360095979
8000.0,6572.731968045236,7259.2238471508035,6579.765483736993,7044.450746297837,6864.043011307717
6000.0,6537.508594274522,7284.316858768464,6518.090999126435,7137.320596456529,6869.309262156487
6000.0,6603.44625401497,7384.063171148301,6594.080080986024,7204.535348892213,6946.531213760377
6999.999999999999,6635.477722644807,7265.490280628205,6600.677979946137,7147.878722667695,6912.381176471711
6999.999999999999,6598.5792496204385,7137.479303121568,6543.455547928811,7136.242713689805,6853.939203590156
8000.0,6643.356847286225,7228.273567676545,6592.049544930459,7189.6053500175485,6913.3213274776945
6000.0,6646.61116051674,7270.398614883424,6553.4036453962335,7269.687741279603,6935.025290519
6999.999999999999,6649.976651072503,7264.219800710679,6603.884350538255,7293.876455545426,6952.989314466716
6000.0,6699.706805944444,7297.669710159303,6609.858168601991,7313.920611381532,6980.288824021817
8000.0,6766.686391472817,7262.960893154145,6582.9511893987665,7297.225000858308,6977.455868721009
5000.0,6793.974845290185,7375.697180747987,6569.583045959474,7411.016853094102,7037.567981272937
6999.999999999999,6816.378936171533,7354.4106492996225,6623.7421087026605,7395.638011932374,7047.542426526547
6999.999999999999,6810.217893838883,7397.378825664521,6615.509200453759,7439.400548219682,7065.626617044211
6999.999999999999,6777.542505979539,7462.693231105805,6596.68923509121,7503.5519313812265,7085.119225889445
6000.0,6781.842051386834,7443.811270952226,6609.248553156854,7494.4031534194955,7082.326257228852
6000.0,6837.076103806497,7470.683119773866,6683.676192879678,7470.213612556458,7115.412257254125
6000.0,6886.345844030381,7477.853024005891,6641.625539422036,7471.203876018525,7119.257070869208
6000.0,6878.6944469213495,7504.614935398103,6625.017134904862,7451.707754135133,7115.008567839862
6999.999999999999,6866.317393541337,7559.554719209672,6639.681382775308,7460.592847585679,7131.536585777999
6999.999999999999,6822.637930274011,7666.513092279435,6620.552270054818,7509.711733818055,7154.85375660658
6000.0,6759.269747972489,7623.426712512971,6575.31632423401,7480.261728286744,7109.5686282515535
8000.0,6723.206964731217,7565.232615470887,6612.517745137216,7418.6554379463205,7079.90319082141
6000.0,6659.169651985169,7455.998620271684,6573.616427063943,7345.249472379685,7008.50854292512
5500.0,6695.684170603753,7494.208903074265,6557.11630678177,7345.704100847245,7023.178370326758
8000.0,6716.500368237496,7553.079983234406,6649.615841388703,7314.8844237327585,7058.520154148341
6000.0,6703.795155763627,7527.544742107392,6549.713715434075,7325.692182302476,7026.686448901893
6500.0,6673.5098737478265,7507.890740156175,6556.8055062294015,7314.689346790315,7013.223866730929
6000.0,6666.688380241395,7420.303672790528,6548.635832667352,7259.239552497865,6973.716859549285
6999.999999999999,6638.925872921945,7441.802639722825,6566.155147314073,7275.0631029605875,6980.486690729857
6000.0,6638.992413997651,7400.012364387513,6589.143642425538,7255.558715105058,6970.92678397894
6000.0,6695.315094947816,7442.122532844544,6577.212124943734,7275.726033926011,6997.593946665526
6999.999999999999,6684.555279016496,7291.947177648545,6617.961714386941,7155.7933909893045,6937.564390510322
6000.0,6747.426263093949,7363.580918788911,6636.173304200173,7149.068196058274,6974.062170535327
6500.0,6758.14640235901,7317.6667499542245,6583.617013454438,7133.585203647614,6948.253842353822
6999.999999999999,6728.472802281381,7250.920678138734,6519.7958558797845,7115.732357025147,6903.730423331262
6000.0,6647.241027593614,7227.330420255662,6537.490822434426,7132.016322135926,6886.019648104907
6000.0,6681.802296996118,7257.2780373096475,6597.00375533104,7115.358735084535,6912.860706180335
8000.0,6711.58252811432,7281.858558654786,6554.6621396541605,7119.667786359788,6916.9427531957635
8000.0,6669.531048059464,7347.039881944657,6507.725056767465,7199.1302297115335,6930.85655412078
8000.0,6615.329002261163,7367.136113405229,6531.549654960633,7245.592432498933,6939.901800781489
6500.0,6554.887387394906,7351.490281343461,6466.934550762177,7323.5107922554025,6924.205752938987
6000.0,6579.727046966554,7331.694931268693,6497.778199195863,7366.009461402894,6943.802409708501
8000.0,6624.0471230745325,7389.517886161805,6561.980004787446,7416.059922695161,6997.901234179736
6999.999999999999,6614.3470047712335,7345.309813976289,6496.4362186193475,7433.673056125642,6972.441523373128
8000.0,6686.647396564485,7405.079405307771,6530.396138548852,7477.710849285127,7024.958447426558
5000.0,6727.444102048875,7497.648374080659,6492.8657319545755,7541.130693912507,7064.772225499154
5000.0,6762.299640059472,7423.289341926576,6483.604536771775,7517.116391658784,7046.577477604152
6999.999999999999,6799.633729815484,7458.930560588838,6646.199515104295,7491.653891086579,7099.104424148799
6999.999999999999,6785.768388152123,7489.157567501069,6581.173178792001,7532.182779073716,7097.070478379727
6999.999999999999,6744.641457080842,7522.105732440949,6591.83669614792,7561.1872487068185,7104.942783594132
6999.999999999999,6731.847798705102,7490.7256224155435,6633.20829999447,7526.675161838532,7095.614220738412
6000.0,6779.920626163484,7504.462841510774,6657.978525400163,7514.721739530564,7114.270933151246
6999.999999999999,6920.431820034982,7582.151407241822,6615.1252460479745,7592.617781162263,7177.58156362176
6999.999999999999,6951.406484127046,7623.463082790376,6558.695934057237,7620.145121574403,7188.427655637265
6000.0,6988.262800693513,7669.035866975785,6557.514313340188,7652.572530269624,7216.846377819777
6999.999999999999,6996.8015499115,7680.7586686611185,6566.840809702874,7601.99965953827,7211.600171953441
6000.0,6980.854009866715,7641.506046772004,6565.126447081567,7558.023034572602,7186.377384573222
6000.0,6973.880009174348,7697.372446060182,6614.187058210374,7546.346522331239,7207.9465089440355
6000.0,6926.3510826826105,7726.398407220841,6603.634718179704,7527.719980716706,7196.026047199965
6000.0,6864.273218631745,7634.141065597535,6623.3011190891275,7448.059154033662,7142.443639338017
6000.0,6822.843339681626,7533.152377605439,6662.862888336183,7323.547162532807,7085.601442039014
6999.999999999999,6779.308944225312,7400.664549589158,6644.5074706077585,7231.0806918144235,7013.890414059163
5000.0,6726.878296256066,7369.176981925965,6690.561334371568,7175.510214328767,6990.5317067205915
6000.0,6705.303695678712,7384.116073369981,6686.167143583299,7149.050010919572,6981.159230887891
6000.0,6677.193604230882,7264.986056327821,6656.58736228943,7095.9494059085855,6923.679107189179
6000.0,6625.643695592881,7199.882433176042,6641.431289076806,7043.604310750962,6877.640432149173
6000.0,6582.493667840959,7117.820341587068,6640.200072526933,6985.83425807953,6831.587085008622
8000.0,6576.284269571305,7184.651552915574,6631.392265915872,7005.041070938111,6849.3422898352155
6999.999999999999,6562.0072824955,7278.891901254655,6691.915300607682,7085.366481781007,6904.545241534711
5000.0,6503.911137223245,7217.805540561677,6651.559584736825,7063.269885063172,6859.13653689623
8000.0,6504.532325029374,7189.747524738313,6633.625731587411,7024.8876700401315,6838.198312848807
6000.0,6523.415525078774,7167.482302188874,6640.146343708039,7043.370383739472,6843.60363867879
8000.0,6494.168449163438,7129.146376609803,6635.921192049981,7004.324411153794,6815.890107244254
6999.999999999999,6541.575452566148,7153.711192607881,6639.544580936433,7094.526005506516,6857.339307904244
6600.0,6534.813474059106,7122.872503757478,6641.1217284202585,7117.40373659134,6854.0528607070455
5000.0,6545.362920999528,7085.682241916657,6595.383211493493,7123.504024028779,6837.483099609614
8000.0,6609.885446310044,7136.1079783439645,6643.690792560578,7113.75761628151,6875.860458374024
6999.999999999999,6625.9441636800775,7098.719333171845,6657.807419776917,7108.68561577797,6872.789133101703
6999.999999999999,6616.125015377999,7144.212764024735,6663.108801007272,7165.071944713593,6897.1296312809
6999.999999999999,6643.166316628457,7178.512415409089,6628.560343861581,7227.028712272645,6919.316947042943
8000.0,6648.8628113269815,7201.756329059602,6612.3623448610315,7244.446768760682,6926.857063502074
5000.0,6683.028967261315,7260.367031097413,6645.0360795259485,7348.664145469666,6984.274055838586
8000.0,6728.114472389222,7302.60201573372,6661.421302795411,7358.27912425995,7012.604228794576
6500.0,6760.035590291024,7294.804724216462,6647.602663874627,7353.655139446259,7014.024529457093
5500.0,6812.411269545556,7387.778725624085,6700.219296216966,7436.581025123597,7084.247579127551
6999.999999999999,6820.772300362588,7404.969467878343,6717.243065834046,7391.930723428727,7083.728889375926
6000.0,6849.80322110653,7449.080001592637,6744.150458335877,7404.474336147309,7111.877004295588
8000.0,6846.835737109185,7498.5187809467325,6808.11048424244,7395.746296167375,7137.302824616433
6999.999999999999,6878.573763728143,7531.2313656806955,6830.217826724053,7451.090286016465,7172.778310537339
6000.0,6782.964157104493,7447.898794174195,6754.999133467675,7429.637608528138,7103.874923318625
5000.0,6778.28107059002,7429.745892763139,6706.272467613221,7414.987826108933,7082.321814268828
6000.0,6827.684306263925,7534.524528980256,6726.9683953523645,7416.416186094285,7126.3983541727075
