Actual_Price,GRU_General_Pred,GRU_Optimized_Pred,LSTM_General_Pred,LSTM_Optimized_Pred,Ensemble_Pred
1450.0,1566.4217776060102,1682.645305097103,1409.9009305238721,1700.1964014768598,1589.7911036759613
1490.0,1576.5170875191686,1687.5931340456007,1475.6186155974863,1708.5853847861288,1612.078555487096
1207.0,1630.9741541743276,1685.8829209208486,1516.6222023963926,1706.6291692852972,1635.0271116942165
1161.0,1645.1930627226827,1684.2711663246153,1493.3363285660741,1707.253315746784,1632.513468340039
1265.0,1602.4801264703271,1678.9909678697584,1446.402702629566,1697.8652086853979,1606.4347514137623
1450.0,1583.9095380902288,1679.4918972253797,1467.3761685192583,1699.946800470352,1607.6811010763047
1642.9999999999998,1569.013367295265,1687.286242842674,1481.7490984499452,1707.5803592801092,1611.4072669669983
1365.0,1646.4936077594755,1692.6589980721471,1540.8987072110174,1710.3300008177755,1647.5953284651039
1187.0,1640.7507693767545,1693.4790539741514,1523.6862419545648,1711.1019790172575,1642.254511080682
1850.0,1574.0861406922338,1686.140726804733,1506.3956864178178,1701.423678398132,1617.0115580782292
3285.0,1548.5047005116937,1689.6786123514173,1469.1862076520918,1703.0574566125867,1602.6067442819474
1264.0,1639.596040844917,1696.7140787839887,1474.234006553888,1707.9996716976163,1629.6359494701026
1450.0,1628.9587771892545,1695.9514570236204,1433.4646186232565,1704.7827839851377,1615.7894092053173
1498.0000000000002,1602.1247977018354,1696.614468693733,1445.479725897312,1702.7105486392973,1611.7323852330444
1225.0,1606.8615309894083,1696.7474740743635,1472.6135432720182,1699.899010658264,1619.0303897485135
1479.0,1629.1543987393377,1697.6654127240179,1474.8285722732542,1699.9178674817083,1625.3915628045795
1450.0,1621.070723235607,1699.0757879614828,1450.6952929496763,1704.4684076309202,1618.8275529444215
1313.0,1593.8458605110643,1702.036021351814,1528.778879791498,1711.0110056400297,1633.9179418236015
2250.0,1637.8668269515035,1700.5899477005003,1567.7768059074876,1708.7597024440763,1653.748320750892
1369.0,1622.8793948888776,1705.91117054224,1525.9784975647924,1716.6245812177656,1642.8484110534189
1444.0000000000002,1597.541150152683,1706.7413026094434,1529.8857465386388,1720.2446594834325,1638.6032146960495
1537.0,1640.130077600479,1703.5306045413015,1552.0498552918432,1713.9063197374342,1652.4042142927644
1065.0,1710.4981288313863,1694.867405593395,1571.4420829713342,1701.7089778184888,1669.629148803651
1400.0,1671.3504996895788,1690.503418445587,1504.8647570610044,1695.5279701948164,1640.5616613477466
1505.0,1639.7585549950597,1685.8110922574995,1518.8856689631937,1691.9228622317312,1634.094544611871
1380.0,1639.7555321455,1681.3605940341947,1539.1340827941892,1683.9796772599218,1636.0574715584514
1510.0,1641.7935085296629,1681.6189756989477,1530.2628830075262,1684.1538509726522,1634.4573045521972
1243.0,1622.3311075568197,1679.6796017885206,1550.9973278641698,1684.262241721153,1634.3175697326658
1450.0,1595.2899909019468,1678.7609434127805,1506.9783766567705,1689.3272420763967,1617.5891382619736
1450.0,1589.0514051914213,1681.0931438207624,1515.1565521955488,1695.3106129169462,1620.1529285311697
1962.9999999999998,1618.4483292698858,1684.4223088026044,1516.1504939198492,1700.004378557205,1629.756377637386
1475.0,1644.975129663944,1685.0383943319318,1502.7163746953008,1700.8412760496137,1633.3927936851976
1236.0,1588.864924162626,1687.5447684526441,1435.1021394133566,1703.61049413681,1603.7805815413592
1630.0,1572.8601592779157,1690.9440347552297,1535.2246026694772,1709.620494842529,1627.162322886288
1900.0,1662.4224415421484,1692.3267725110052,1662.7884942293165,1713.264324069023,1682.7005080878732
1439.0,1646.8736231327055,1696.1886787414549,1562.4180133640764,1718.5301280021665,1656.0026108101008
1450.0,1647.5982433557508,1697.3357781767843,1569.471041113138,1720.380975604057,1658.6965095624325
1370.0,1643.1284564733503,1699.0111565589903,1551.9608971476553,1720.9358844161031,1653.7590986490247
1373.0,1632.6178646087644,1705.8865559101102,1519.8515413701532,1727.4237832427023,1646.4449362829325
1100.0,1685.6478583812711,1708.932004868984,1592.714019268751,1730.660247504711,1679.4885325059292
1349.0000000000002,1692.718447446823,1706.1636504530904,1581.6097253561018,1725.0828021764753,1676.3936563581226
1450.0,1696.8368640542028,1695.848968029022,1582.1272084116933,1712.3911523818967,1671.8010482192037
1999.9999999999998,1699.8386976122854,1692.5714793801305,1597.314292490482,1707.555168867111,1674.3199095875023
1301.0,1665.5330976843832,1690.4110056161878,1532.2068631649015,1704.5707526803014,1648.1804297864435
1450.0,1621.7669862508772,1690.3388890624044,1525.2779161930082,1702.730844914913,1635.0286591053007
1480.0,1661.4944267272947,1693.273356258869,1606.6340975463388,1707.801603078842,1667.300870902836
1527.0,1651.6841283440588,1692.7862456440923,1599.4651938974855,1706.818025410175,1662.688398323953
1450.0,1643.1535029411314,1692.1479925513265,1552.273258268833,1705.126237273216,1648.1752477586267
1277.0,1620.7720369100568,1692.9981330037115,1516.795368492603,1707.423890829086,1634.4973573088644
1500.0,1605.4144497215746,1686.8624681234357,1490.1478700339792,1697.7283167839048,1620.0382761657236
1307.0,1615.6953769922254,1682.9854476451872,1474.9858324229715,1692.8929090499876,1616.639891527593
1590.0,1582.940210998058,1686.7788359522817,1443.2524615526197,1697.9779177904127,1602.737356573343
964.0,1623.2789868116377,1688.1730893254278,1562.3368282616136,1699.2082175612447,1643.249280489981
1500.0,1647.5002166628835,1689.8641577363012,1547.2151672840116,1702.7197611331937,1646.8248257040975
1799.9999999999995,1626.6598281264303,1690.3489652276037,1513.2146592438219,1701.8042695522306,1633.0069305375216
1344.0,1643.0567717552183,1694.740301966667,1541.0759757459161,1707.978655695915,1646.712926290929
1999.9999999999998,1628.4723863005636,1695.4467850923536,1542.6164774596689,1708.4536749124525,1643.7473309412596
1950.0,1619.1595625877378,1701.245618164539,1506.5725231170652,1716.9234114885328,1635.9752788394687
1450.0,1578.5971678793428,1708.1315255165098,1523.805356621742,1726.8445476889608,1634.3446494266389
1207.0,1606.9917294383047,1710.708432793617,1593.349249511957,1730.3773951530454,1660.356701724231
1265.0,1655.6593194603918,1706.5058082342146,1609.5761218667028,1727.2261464595792,1674.741849005222
1345.0,1664.1709440946577,1705.4560157656667,1493.425286710262,1725.7235023379324,1647.1939372271297
1748.9999999999998,1678.3931633830068,1705.84941804409,1559.118429124355,1726.727520227432,1667.522132694721
3383.0,1667.4235302209852,1702.5576788187025,1637.410232722759,1721.6150179505346,1682.2516149282453
1450.0,1672.8518483042715,1703.4838223457334,1645.4688617587087,1719.4172623753545,1685.305448696017
1450.0,1645.5080148577688,1701.598283946514,1590.9746572375295,1714.116911590099,1663.0494669079778
1369.0,1572.56125703454,1702.1557837724683,1464.5739869773386,1715.0522676110265,1613.5858238488433
1368.0,1613.6643099784849,1700.348551571369,1571.1653482913969,1714.3015933036802,1649.8699507862327
1450.0,1655.1032590866087,1699.3610873818395,1652.1853455901144,1712.1114668250082,1679.6902897208927
1450.0,1680.5431291460989,1702.199974954128,1556.9057032465932,1716.4162924885748,1664.0162749588487
1450.0,1695.5391979217527,1706.8492615222929,1668.186583817005,1722.6455217599867,1698.3051412552593
1450.0,1706.5209224820135,1708.7902188301084,1708.1880959868429,1726.405082941055,1712.476080060005
1450.0,1707.7031445503233,1708.9963483810423,1687.2060653567312,1727.8498610854147,1707.9388548433778
1450.0,1695.47758936882,1709.3177780508993,1682.3857718706129,1730.9999582171438,1704.545274376869
1450.0,1696.8188709020612,1708.9915981888769,1674.3426889181135,1731.5096682310102,1702.9157065600155
1450.0,1713.7636700272558,1708.0445826053617,1676.772340238094,1730.6123137474058,1707.2982266545293
1450.0,1700.85351139307,1708.5255035758016,1656.9720998406408,1732.777681648731,1699.7821991145609
1799.9999999999995,1680.8112990856168,1710.2083671092985,1652.2459465265272,1735.4688814282415,1694.683623537421
1776.9999999999998,1646.5588149428365,1698.3857145905492,1550.371022224426,1725.5235624313352,1655.2097785472868
1040.0,1665.8392691612241,1688.3648243546484,1585.3777073323724,1713.315424621105,1663.2243063673375
1372.0,1710.953859388828,1679.4038027524946,1634.9719446897504,1705.513737797737,1682.7108361572025
1573.0,1755.1047363877294,1672.0199888944624,1599.9540318548677,1697.7113312482832,1681.1975220963357
1263.0,1795.8819693326948,1669.7430634498594,1614.6281671524046,1694.9899029731748,1693.8107757270334
1450.0,1729.9478626251218,1669.7715646028516,1597.5223653018472,1696.4960017800329,1673.4344485774634
1450.0,1644.840540885925,1671.5872895717619,1597.1959695219991,1696.757838129997,1652.5954095274208
1450.0,1582.7137851715086,1674.3911984562872,1588.6094214022157,1698.4565356373785,1636.0427351668475
1691.9999999999998,1545.584052056074,1677.9092195630071,1567.1281167864797,1700.964205265045,1622.8963984176514
1232.0,1598.5498462617395,1675.184768438339,1590.5285710096357,1699.0873035788534,1640.837622322142
1252.0,1585.1919460296629,1662.3326197266576,1608.4192341566084,1682.4613431096075,1634.601285755634
1363.0000000000002,1591.8075962364671,1656.9135141372678,1606.0837230086324,1670.6300538778303,1631.3587218150494
1450.0,1587.2939780354498,1656.4220851659773,1587.7274690568445,1666.3426455855367,1624.446544460952
1497.0,1582.657286673784,1661.3044190406797,1565.8098664879797,1671.4835050702093,1620.3137693181632
1490.0,1521.0619047284124,1658.7416183948515,1524.2381998896597,1665.6433597207067,1592.4212706834076
1533.0,1494.6288126707075,1657.0089498162267,1514.5408265292642,1660.765056312084,1581.7359113320706
1291.0,1433.3783234655855,1661.3454434275625,1389.2623531818388,1666.4170652627943,1537.6007963344452
1300.0,1477.9326069355009,1665.304800570011,1502.2145816683767,1674.3629851937292,1579.9537435919044
1203.0,1523.320621103048,1663.924941718578,1540.6061385571954,1670.858926773071,1599.6776570379732
994.0,1550.6357374787328,1666.1791238188741,1498.175766766071,1671.476739645004,1596.6168419271705
1009.0,1559.4661287963388,1669.1223716735838,1460.3027725219724,1675.1178339123724,1591.0022767260668
1661.0000000000002,1592.0422989130018,1671.450541615486,1493.745564818382,1680.3244763612745,1609.390720427036
1550.0,1557.468457072973,1675.2103906869886,1433.671611845493,1684.5472532510755,1587.7244282141326
1799.9999999999995,1579.3768471479414,1674.0622836351392,1451.04148119688,1682.394552528858,1596.7187911272047
1450.0,1576.0984228551386,1670.7007309794424,1400.946458429098,1684.9456936120985,1583.1728264689443
1458.0000000000002,1556.0772985219953,1667.8986933827398,1437.9097908735273,1681.0744309425352,1585.7400534301994
1817.0,1595.5940032005308,1665.7839941978452,1498.2410459220407,1675.3765034675596,1608.748886696994
1450.0,1582.1868017315862,1666.160410940647,1488.5690069198606,1675.9799218177793,1603.2240353524683
1450.0,1529.075262993574,1667.325503528118,1427.646856755018,1674.9504256248472,1574.7495122253893
1972.9999999999998,1486.1270482838152,1665.4087290167806,1412.3282787203786,1670.1082524657247,1558.4930771216748
1851.0000000000002,1528.979683369398,1672.0155265927312,1390.966880470514,1678.9980211853979,1567.7400279045103
1760.0,1540.5202032625673,1675.6109902262685,1486.2197490036485,1681.4079520106313,1595.939723625779
1533.0,1566.7521318793295,1671.7716833949087,1530.1335482299326,1676.196703314781,1611.213516704738
1900.0,1548.6573544144628,1670.0724101066587,1494.6581774950025,1673.3278751373289,1596.6789542883632
1850.0,1597.1918670833109,1671.5556216239927,1498.7823519110677,1672.636362314224,1610.0415507331488
1450.0,1634.3001523613927,1676.687556505203,1484.9538947641847,1678.7144491076467,1618.6640131846068
1349.9999999999998,1609.7145971655843,1681.115455329418,1491.348157227039,1685.8318203687666,1617.002507522702
1373.0,1622.0733016729353,1682.464078068733,1552.2683641314504,1688.5372707247732,1636.335753649473
1450.0,1625.7965886592863,1683.231737911701,1580.5363258719442,1691.810872852802,1645.3438813239334
1252.0,1594.8652805387972,1682.498768866062,1580.4115253686903,1692.517643868923,1637.573304660618
1317.0,1618.2138425111768,1679.8035386204717,1592.0477688312528,1692.438330054283,1645.625870004296
1473.0,1650.038258731365,1677.0799511671064,1565.547958165407,1687.5528293848035,1645.0547493621705
1213.0000000000002,1697.2619342803953,1674.223934113979,1608.0969408154485,1682.4757376313207,1665.514636710286
1450.0,1663.6422333121297,1672.7919670939443,1585.5672112107275,1680.6957110762594,1650.6742806732652
1287.0,1597.5907392799852,1669.7213277220724,1516.5898866951463,1677.7467054128645,1615.412164777517
1178.0,1582.958635985851,1662.5184530019758,1534.8520004749296,1672.3044246435163,1613.1583785265682
1450.0,1568.7162643671033,1660.4185801744459,1501.6563621163366,1667.400642931461,1599.5479623973367
1490.0,1584.4989937543867,1664.502593874931,1524.2943385243414,1671.366909444332,1611.1657088994978
1450.0,1624.6813011169431,1664.0570834279058,1478.3719277381895,1669.147562086582,1609.064468592405
1450.0,1635.8300021290777,1669.5936483144758,1387.7114874124525,1676.6098260879514,1592.4362409859893
1440.0,1591.6854587197301,1676.0140368342397,1433.1092178821561,1685.8473664522169,1596.6640199720857
1799.9999999999995,1618.3287107944486,1679.3567326664922,1506.7180517315862,1692.389532625675,1624.1982569545505
1386.0,1640.888093113899,1676.5005716681478,1478.483197391033,1689.9148264527319,1621.446672156453
1186.0,1609.697899520397,1672.2851359844205,1452.2611290216444,1681.76795899868,1604.0030308812854
1205.0,1617.4883586168287,1668.1213766336439,1498.3185604214666,1678.160979747772,1615.5223188549278
1450.0,1587.3328432440755,1664.4650241732595,1448.353520184755,1675.435521006584,1593.8967271521685
1329.0,1576.9318656623361,1663.5203117132185,1434.8824790120123,1672.9799595475195,1587.0786539837716
1452.0,1578.4758940339086,1663.3683055639265,1420.9195050597189,1672.2865754365919,1583.7625700235365
1334.0,1532.6607224345205,1664.9914318323133,1416.8277183175085,1672.0309287309644,1571.6277003288267
1579.0,1543.039460480213,1664.7353532910345,1503.9943203330038,1674.4677773118017,1596.5592278540132
1900.0,1512.5980699062345,1664.714193344116,1404.3224775791166,1675.5162742733953,1564.2877537757156
1444.0000000000002,1487.0218837261198,1670.0587353110311,1364.1500304639337,1682.6751017570493,1550.9764378145335
1488.0,1530.534075796604,1672.7469122409818,1435.6779202818868,1683.682286441326,1580.6602986901996
1219.0,1569.4382935762403,1676.2416142225263,1473.349535167217,1688.6537224054334,1601.9207913428543
1450.0,1546.5246620774267,1677.5777137279508,1457.3561419546602,1687.2809168696401,1592.1848586574195
1550.0,1663.3546307682989,1681.0185801982877,1519.1767981648443,1691.022628843784,1638.6431594938038
1450.0,1692.335265278816,1678.9859297871587,1477.5717362761495,1687.4869024753568,1634.0949584543703
1428.0,1655.2238851785658,1680.377160310745,1433.721920698881,1690.3957474231718,1614.9296784028409
1642.9999999999998,1556.1721584200857,1677.392312288284,1410.2245193719862,1686.6190567612646,1582.6020117104051
1950.0,1584.3585032224653,1676.9961750507352,1502.6337501406667,1685.854995548725,1612.460855990648
1575.0,1587.6583033800123,1681.5268507599828,1464.5593765377996,1690.9781497716901,1606.1806701123712
1587.0,1563.2473537325857,1667.5173825025556,1393.8298788666723,1675.4271721839903,1575.005446821451
1450.0,1517.5539597868917,1665.1633024215696,1364.0364576876161,1672.6651513576505,1554.854717813432
1272.0,1561.5040332078931,1669.0432018041608,1506.7148129642007,1677.3425072431562,1603.6511388048527
2200.0,1610.342918038368,1666.8395444750784,1556.7802549898622,1672.0725288987157,1626.508811600506
1450.0,1589.2620690166948,1676.4537894725797,1472.285348176956,1682.072115242481,1605.0183304771779
1450.0,1538.6982166767118,1684.2684313654897,1468.922500014305,1690.5368137359617,1595.606490448117
1799.9999999999995,1617.0442876219747,1686.5083628892896,1512.1478812396524,1690.929064452648,1626.6573990508912
1550.0,1647.7108085155485,1693.1255245208738,1500.3476122021673,1698.3307275176046,1634.8786681890485
1900.0,1619.6992132067678,1693.5562086105344,1466.2078371644018,1697.820873558521,1619.3210331350563
1450.0,1521.033763438463,1700.8163735270498,1429.1302122175691,1707.8751590847967,1589.7138770669696
1450.0,1529.2942756414411,1706.1944547295568,1535.7968568801878,1715.8492922782896,1621.7837198823688
1492.0,1584.5822660624979,1707.967715859413,1566.6407182812688,1718.1737196445463,1644.3411049619315
1124.0,1635.3066173195837,1707.2943401336668,1522.681576311588,1715.8086997270582,1645.2728083729742
1450.0,1622.6405897736547,1704.3384250998495,1487.7983242273328,1711.621621251106,1631.5997400879858
1450.0,1648.1817972660062,1702.109721302986,1535.313416868448,1709.42818403244,1648.75827986747
1300.0,1612.196356654167,1699.5605954527853,1505.0300061702726,1707.667014300823,1631.113493144512
1339.0,1531.62762761116,1690.7685655355451,1452.9814308881757,1700.5899477005003,1593.9918929338453
1301.0,1520.9771929681299,1683.0063197016714,1505.8054390549657,1691.7302635312078,1600.3798038139937
1450.0,1569.2831206321714,1681.257817149162,1480.0650113821027,1689.8165118694303,1605.1056152582166
1454.0,1639.1642051935194,1684.8968961834905,1488.5701584815977,1696.2335896492002,1627.216212376952
1223.0,1630.8597177267072,1684.4558480381963,1495.1866723597047,1694.9059829115865,1626.3520552590487
1900.0,1616.6618251800535,1683.2451248168943,1471.379932761192,1694.286586642265,1616.3933673501012
1450.0,1567.253205180168,1684.3005311489103,1436.6440805792806,1695.5576229095457,1595.9388599544761
1467.0,1567.8350317478178,1684.8124003410337,1418.3166876435278,1695.4767256975172,1591.610211357474
1137.0,1580.251602232456,1685.2399176359174,1409.267715513706,1696.9898778200147,1592.9372783005235
1900.0,1542.236102223396,1678.3645182847974,1418.3582158386705,1686.8172693252561,1581.44402641803
1443.0,1631.5911033749578,1668.9572665095327,1458.070398122072,1674.3412494659422,1608.2400043681262
1450.0,1619.2590287327764,1666.7137363553045,1396.714541018009,1666.9826260209081,1587.4174830317495
1081.0,1541.259361952543,1671.243260502815,1350.4252858459947,1671.9399553537367,1558.7169659137724
1603.0,1535.1116056740282,1673.5118371248243,1446.6099837422369,1677.639754116535,1583.218295164406
1450.0,1570.267418026924,1673.1149801611898,1478.2076862454412,1676.467176377773,1599.514315202832
1799.9999999999995,1576.0760393738744,1674.8852184414861,1418.6593492329118,1678.6286577582357,1587.062316201627
1450.0,1546.0097700357435,1679.8966711759565,1373.5451188683508,1684.9596562981603,1571.1028040945528
1450.0,1592.195600569248,1686.7678961157796,1449.6847975254057,1691.4678514003751,1605.029036402702
1450.0,1617.1584361791608,1693.6781302094457,1431.1042049527166,1699.7396633028982,1610.4201086610553
1450.0,1595.6600740551946,1699.3439579010007,1461.1812701821325,1708.2787814736364,1616.116020902991
1450.0,1637.9588079452512,1703.0607673525808,1559.554367214441,1715.3836295008657,1653.9893930032847
1450.0,1674.5754483342168,1705.3266090154646,1602.0505939424036,1721.1686438322065,1675.7803237810729
1450.0,1692.9866173863409,1704.2743694782255,1617.3723387718198,1722.7010846137998,1684.3336025625465
1450.0,1706.7512348294256,1703.4717309474943,1656.0550248622892,1723.7695899605749,1697.511895149946
1215.0,1686.6308602690694,1702.4153169989584,1645.7809349894521,1723.7510210275648,1689.6445333212612
1278.0,1603.9232492446897,1689.9047502875326,1394.6683597564695,1711.871222257614,1600.0918953865764
1634.0000000000002,1585.5942729115484,1678.934109508991,1512.4394422769544,1704.6476194262502,1620.403861030936
1409.0,1577.2887058556078,1673.0441591143606,1556.4381691813467,1698.186638355255,1626.2394181266425
1300.0,1611.477494239807,1670.8714500069616,1573.6830940842626,1695.2574971318243,1637.8223838657138
1850.0,1608.9621955156324,1664.1471931338308,1565.2108384668825,1685.129799544811,1630.8625066652892
1550.0,1625.9622696042059,1666.130182445049,1570.5887757241724,1682.0509552955625,1636.1830457672474
1372.0,1658.096168041229,1664.0028160810468,1576.5791998803613,1675.3147509694097,1643.4982337430117
1786.0,1637.0542562007902,1661.7854839563367,1529.433182775974,1670.3287765383718,1624.6504248678682
1450.0,1621.063238084316,1661.0123541951177,1541.3240653276441,1673.5445126891134,1624.2360425740478
1560.0,1604.516447484493,1660.3116288781164,1544.5647040009496,1670.0133925676344,1619.8515432327983
1900.0,1645.4327315092085,1659.0279254317281,1568.6357989907262,1664.3511635065076,1634.3619048595426
1154.0,1632.9820460081098,1662.6789519190786,1532.817118912935,1667.299449443817,1623.944391570985
1450.0,1627.0133575797079,1661.6876012086866,1521.0493814945219,1667.4756383895872,1619.3064946681259
2250.0,1600.6732541322706,1663.8538327813146,1537.215149104595,1668.6041688919065,1617.5866012275217
1799.9999999999995,1587.5039941072462,1671.4380183815954,1551.5068939328191,1676.5440431237218,1621.7482373863456
1295.0000000000002,1552.630026489496,1676.5895298123357,1561.5063363313673,1682.4183034896848,1618.286049030721
1799.9999999999995,1496.9287693500517,1677.2004333138464,1571.3634169101713,1684.273181557655,1607.441450282931
1504.0,1540.1646585762498,1674.3572273850439,1561.3186317682264,1681.8464091420171,1614.4217317178843
1373.0,1602.8260987997053,1670.9090197086332,1573.8114932179449,1676.3605129718778,1630.9767811745403
1611.9999999999998,1650.0199776887891,1669.2444372177122,1590.1846139132974,1677.1915087103841,1646.6601343825457
1333.0,1628.5416239500044,1667.0268172025678,1576.5690517425535,1673.9661282300947,1636.525905281305
1145.0,1630.0565034151075,1666.1547970771787,1599.1357752680776,1672.364881634712,1641.927989348769
2120.0,1581.9277003407476,1664.7354972362516,1592.1701222658155,1668.9094766974447,1626.9356991350649
1450.0,1589.5868813991544,1669.7695493698118,1608.733754456043,1675.0367927551267,1635.781744495034
1438.0,1531.1528962850568,1673.4156817197797,1547.115197330713,1681.4073762297628,1608.272787891328
1450.0,1443.4999753534792,1674.9525848031042,1542.3574480414388,1683.9556384086607,1586.1914116516707
1469.0,1535.3199663758276,1677.102262675762,1593.2898721098898,1688.8414269685743,1623.6383820325134
1490.0,1578.5591663420198,1667.8971099853513,1590.0149025022981,1681.245725750923,1629.429226145148
1256.0,1610.401503741741,1659.0133869647977,1550.4856745898721,1667.7380505204198,1621.9096539542077
1267.0,1619.6423548460004,1655.7086926698682,1537.3475067317484,1664.8257508873937,1619.3810762837527
1450.0,1648.5359025001524,1656.1628398299215,1484.9751986563203,1662.3009517788885,1612.9937231913207
1767.0,1645.1891762018201,1661.413241624832,1536.7217049002645,1667.0982140302656,1627.6055841892955
1318.0,1597.8128467500208,1659.275367259979,1527.951626628637,1665.1491957902906,1612.5472591072319
1450.0,1499.8230038583276,1658.9067235589025,1473.4438912570474,1660.405769050121,1573.1448469310997
1450.0,1507.2369742393491,1661.2390679121015,1551.3614372909067,1661.8276599049566,1595.4162848368285
1278.0,1537.0326265692709,1663.3072727918623,1502.2605721652506,1664.5322465896604,1591.783179529011
1385.0,1510.935214757919,1657.1770778298376,1442.6709948480127,1655.5971351265905,1566.59510564059
1559.0,1489.5892906188963,1655.8750933408735,1407.5397971272466,1654.5849123597143,1551.8972733616827
1450.0,1453.8357457518575,1659.4347146153448,1298.8907389342783,1660.2302998304365,1518.0978747829793
1397.0,1551.1565312743185,1666.4769464731214,1402.525897324085,1672.0103445649145,1573.0424299091098
1385.0,1591.0231667757032,1671.4338439702985,1510.0957982242105,1678.8490378856657,1612.8504617139695
1219.0,1548.166645169258,1674.3956607580183,1489.059644192457,1682.5579303503034,1598.5449701175091
1450.0,1536.6112989187238,1674.4955587387083,1495.2181963622568,1685.9728866815565,1598.0744851753113
1799.9999999999995,1565.7930968701837,1675.894850194454,1474.253942966461,1687.1762686967847,1600.7795396819708
1490.0,1562.456230819225,1676.6427895426748,1430.6959763169286,1688.64235073328,1589.6093368530271
1450.0,1525.4204219579694,1671.5891608595846,1369.0635284781454,1681.7882552742956,1561.9653416424987
1345.0,1479.598844796419,1673.4872224926946,1325.1849958300588,1685.5230578780172,1540.9485302492974
1450.0,1507.6774466037748,1668.5630005598066,1461.263678818941,1677.600601017475,1578.7761817499993
1799.9999999999995,1547.015155404806,1671.4352834224699,1459.8285450041292,1679.8847237229345,1589.5409268885849
1284.0,1546.4929941296575,1673.0160897970197,1433.9980076253412,1679.4917532801626,1583.2497112080453
1900.0,1541.744241416454,1671.440897285938,1392.2854186594484,1676.944930553436,1570.6038719788191
1406.0,1571.1509537696836,1671.527840197086,1322.2842118144033,1676.5683698654173,1560.3828439116476
1535.0,1604.5396226644514,1672.6153463125227,1475.9518487751482,1678.3863979578016,1607.873303927481
1900.0,1613.650203347206,1672.0631724596021,1488.2112310826776,1678.4924855828283,1613.1042731180785
1450.0,1562.5192788243291,1676.763559579849,1416.3442063331602,1684.9623912572858,1585.147358998656
1360.0,1608.6863964796064,1675.715638399124,1466.7578518390653,1684.3123346567152,1608.8680553436277
1450.0,1615.4437607526777,1676.4277353882787,1481.30358800292,1685.4572749137876,1614.658089764416
1367.0,1588.5978338122366,1681.209883391857,1533.894260972738,1692.263580560684,1623.9913896843789
1632.0,1579.1512849926946,1683.8578996062276,1500.4177135229108,1694.5474153757093,1614.4935783743856
1308.9999999999998,1654.7603815793989,1683.9195081591604,1566.1721046268938,1693.6261659860609,1649.6195400878785
1500.0,1686.8626120686529,1682.8748977184293,1530.094323158264,1690.2205660939214,1647.513099759817
1335.9999999999998,1630.0087136030195,1678.1379485130308,1504.3138067424295,1685.7589840888975,1624.5548632368443
1450.0,1605.748258680105,1665.7580840587614,1562.2826328873632,1671.5606597065923,1626.3374088332055
1293.0,1582.7687002718446,1660.4634910821912,1561.3091313838956,1662.2607910633085,1616.70052845031
1397.0,1543.2830877602098,1658.3234575390813,1503.0289517343042,1660.683583319187,1591.3297700881956
1234.0,1538.7209600210188,1658.2750919461248,1475.5321764945982,1658.3388596773145,1582.716772034764
1380.0,1637.2999706864355,1660.0359737873075,1536.5446522831915,1660.1886996626852,1623.517324104905
1569.0,1615.5937516689298,1660.9005087614057,1532.6746851205824,1665.5169758200643,1618.6714803427456
1672.9999999999998,1506.6255669295786,1661.0019901394842,1486.6330157220361,1665.5880847573278,1579.9621643871067
1467.0,1525.627415180206,1664.2826455831525,1470.1006196439264,1672.362722456455,1583.093350715935
1550.0,1534.8198287189005,1669.4263839721677,1440.9855403006075,1680.8436867594717,1581.5188599377868
1372.0,1647.015409171581,1669.476620852947,1539.939456284046,1680.4417917132375,1634.2183195054529
1450.0,1665.0798141956327,1670.031385719776,1536.6831995546816,1683.0391392111776,1638.708384670317
1450.0,1587.3355062305925,1672.3199707269666,1495.089221447706,1684.1983300447462,1609.7357571125028
1407.0,1551.681499481201,1674.463746845722,1483.1759554147718,1684.6936455368993,1598.5037118196485
2250.0,1517.6100984215734,1676.409454345703,1434.9209123849867,1684.0264594554899,1578.2417311519382
1548.0,1514.5652252435682,1683.8924464583395,1446.2802052497861,1691.9221425056455,1584.1650048643348
1417.0000000000002,1480.3373557329176,1682.4606233835218,1412.353613078594,1688.1686270236967,1565.8300548046825
1533.0,1545.6733700633047,1684.8266509175298,1453.5730457305906,1688.7844246625898,1593.2143728435037
1490.0,1591.7338243126867,1686.5764489769933,1503.8807475566862,1691.6531088948248,1618.4610324352977
1570.0,1615.7561218738554,1683.471694588661,1431.59548997879,1689.0868535637853,1604.977540001273
1460.0,1643.7327384948728,1678.0756202340124,1419.9710500240324,1682.1898624300954,1605.9923177957533
1545.0,1639.1560003161428,1675.2355810999868,1448.2549177110193,1679.9638935923574,1610.6525981798766
1806.9999999999998,1614.326745867729,1677.1401202678678,1411.588112413883,1682.9739320278165,1596.507227644324
1760.0,1658.056007325649,1682.8432297706602,1478.040134012699,1688.8742464780805,1626.9534043967722
1363.0000000000002,1673.6839956045148,1681.8728950619695,1554.7389678657053,1686.0746559500692,1649.0926286205647
1400.0,1654.3769115209577,1674.1371351480482,1557.7857843041418,1672.9046761989591,1639.8011267930267
2250.0,1623.3774453401563,1668.2650339603422,1535.5921667814252,1658.5409587621687,1621.443901211023
1312.0,1611.9254517555235,1675.4582643508909,1505.5856347084043,1664.025703370571,1614.2487635463474
1450.0,1610.9243127703664,1677.399941384792,1551.2567891180513,1668.0073720216749,1626.8971038237212
1450.0,1617.7137768268583,1678.24792265892,1547.588993012905,1669.384351968765,1628.233761116862
1450.0,1566.7073649168012,1681.0190120339391,1516.9746522605417,1674.2877018451688,1609.7471827641127
1799.9999999999995,1560.0392466783521,1683.8924464583395,1510.6394073367117,1680.4430872201917,1608.7535469233987
1900.0,1610.4877269268034,1686.856278479099,1538.6085388064382,1686.7676082253454,1630.6800381094215
1349.9999999999998,1585.3086856007574,1691.0754567384718,1521.952925622463,1694.8594886064527,1623.2991391420362
1610.9999999999998,1566.9447305798528,1686.1228775978086,1571.3562196493147,1695.2654141187666,1629.9223104864357
1358.0,1591.7977359890936,1681.8438181281088,1594.6839815378187,1691.0791993141172,1639.8511837422845
1900.0,1633.1115967035291,1675.1850563287733,1598.541641384363,1684.9672853946684,1647.9513949528334
1573.0,1641.8315100669859,1678.5055845975874,1555.9156480431554,1689.4423982501028,1641.4237852394579
1449.0,1667.09547907114,1680.2123430371282,1583.6031506955621,1693.0774468183515,1655.9971049055455
1539.9999999999998,1613.5223799943922,1683.7795934081075,1561.0930696129797,1699.3151688575742,1639.4275529682634
1547.0,1598.9685828983781,1687.511948943138,1604.4374215602872,1703.190174102783,1648.5270318761466
1450.0,1645.5828663706777,1690.494781732559,1643.4056949615476,1704.5163413882253,1670.9999211132524
1450.0,1674.8234659433363,1691.2546685338018,1635.3692334890363,1703.634245097637,1676.2704032659528
1450.0,1708.111229240894,1689.614268839359,1623.400908410549,1700.7251122593877,1680.4628796875475
1743.9999999999995,1693.4901377558706,1687.6376131176946,1579.8962734639642,1697.6562002301214,1664.6700561419127
1746.9999999999998,1643.329116106033,1687.2007393836973,1519.1965906322,1696.444037556648,1636.5426209196446
1450.0,1586.39237716794,1686.7809951305387,1527.6966276764867,1692.4833849072454,1623.3383462205527
1373.0,1585.4230500757692,1688.023530244827,1554.3177121877668,1693.620983958244,1630.3463191166518
1463.0,1594.9496324360368,1686.657634079456,1518.4973767399786,1695.269156694412,1623.8434499874709
1565.0,1611.9476193189619,1687.7647167444227,1542.805477529764,1697.4833220243452,1635.0002839043734
1247.0,1682.3245951533315,1684.8819258809087,1597.14270979166,1694.552453458309,1664.7254210710523
1900.0,1669.8710307478902,1682.5344672799108,1546.8980559706686,1694.9703264236448,1648.5684701055286
1320.0,1654.6108224987981,1683.3582657575605,1537.3426845669744,1694.93793874979,1642.5624278932808
1330.0,1655.50529807806,1683.1083768606184,1509.4386163353918,1692.521962225437,1635.1435633748767
1313.0,1650.5934554338453,1682.9684621095655,1507.2895142436025,1689.6996283531187,1632.637765035033
1268.9999999999998,1676.301063597202,1684.630309641361,1511.6355802118776,1689.3921613693235,1640.489778704941
1685.0,1633.591366112232,1686.2403368949888,1476.86489328742,1689.7066816687582,1621.6008194908497
1200.0,1611.8649947643278,1685.0948208570478,1512.0992277562616,1688.5626050829885,1624.4054121151564
1465.0,1590.0818370282648,1681.4186039566991,1482.2296595573423,1686.694340109825,1610.1061101630328
1300.0,1534.7436816990373,1675.780989527702,1431.704528480768,1677.8529369831083,1580.020534172654
1450.0,1576.2345230579374,1668.0894207954404,1440.3071984648702,1670.7146936655042,1588.836458995938
1450.0,1595.278187394142,1667.1216771006582,1407.120412737131,1668.9748278260229,1584.6237762644885
1699.9999999999998,1653.789902925491,1670.5683013796804,1465.4388818144796,1673.434394598007,1615.8078701794145
1360.0,1684.628006517887,1668.9270380139349,1504.4199663400648,1676.6193264722822,1633.6485843360422
1333.0,1625.3741094470022,1666.030140519142,1459.7791717946527,1675.0711956620214,1606.5636543557046
2250.0,1611.3643532991407,1660.2061170339582,1501.8508321046827,1670.6805786490438,1611.0254702717064
1450.0,1597.4533435702322,1665.4694738984106,1427.678236812353,1673.6022347211835,1591.0508222505448
1305.0,1663.7848830223081,1671.6782629489896,1485.1918362081049,1679.9235889315603,1625.1446427777407
1746.9999999999998,1694.5072546601293,1676.0785242915151,1486.8145306408403,1684.0974244475362,1635.3744335100052
1545.0,1680.7623577117918,1680.510597527027,1532.694837450981,1691.7448019981382,1646.4281486719844
1799.9999999999995,1643.1209713220594,1684.1370093822477,1555.0322562456129,1700.2369940280912,1645.6318077445028
1900.0,1634.5841562747953,1684.4781595468519,1550.8986534178255,1703.6384195089338,1643.3998471871016
1450.0,1669.691675007343,1687.260188758373,1596.2406051158903,1706.1704158782957,1664.8407211899755
1900.0,1680.1649850606916,1689.9698135256765,1595.8666354417799,1709.7208246588705,1668.9305646717546
1305.0,1680.592070519924,1695.7536762952802,1539.2057675123212,1716.213617622852,1657.9412829875944
1450.0,1691.2162351608274,1697.089056074619,1575.1490321755407,1716.1584866046903,1669.9032025039194
1450.0,1688.4444260597227,1697.5908491015432,1609.7731828689573,1715.267753601074,1677.7690529078243
1265.0,1649.9507400393484,1696.8885403871534,1588.9695003628729,1712.9775851964948,1662.1965914964674
1450.0,1614.578649997711,1688.0033779144285,1534.1853901743887,1699.0052548050878,1633.943168222904
1361.0,1618.9047795534132,1686.6030788421629,1533.6084577441213,1695.3031277656553,1633.6048609763382
910.0,1637.8969115018842,1686.8738397955892,1512.197902202606,1693.2648634910581,1632.5583792477844
1559.0,1660.7287821173666,1685.9014898538587,1538.1523044407365,1691.1566418409345,1643.984804563224
1072.0,1687.861591875553,1685.969144105911,1566.6009894013403,1694.0810328721998,1658.628189563751
1900.0,1662.0704954862592,1677.4864524602888,1519.6559917926786,1683.452118039131,1635.6662644445894
1560.0,1632.4030983448026,1665.3835386037824,1459.4061377644537,1670.5485808849332,1606.935338899493
1429.0,1591.9554999470708,1659.406789243221,1445.2658952772615,1662.0432898402212,1589.6678685769436
1462.0,1585.2221025526521,1654.9403131008146,1421.0870572924612,1657.053860723972,1579.575833417475
1799.9999999999995,1593.4027971327303,1651.1666452884672,1441.2435621023176,1647.6889288425443,1583.3754833415148
1450.0,1602.2457116842268,1657.929047644138,1404.7802953422067,1650.5658179521558,1578.8802181556819
1278.0,1601.6457480192182,1666.4400964975355,1417.230045199394,1656.7936077713964,1585.527374371886
1760.0,1603.40015232563,1672.5105541944502,1384.1465401649473,1661.3870435953138,1580.3610725700853
1385.0,1630.487043559551,1672.9006457328794,1490.9356822073457,1662.7610006928442,1614.271093048155
1569.0,1601.6451722383497,1671.6366627812383,1485.6376345455644,1663.2976284623144,1605.5542745068667
1544.0,1541.114481091499,1672.705743908882,1400.5945843458173,1662.1377179026601,1569.1381318122146
1103.0,1591.6367332637308,1676.055637001991,1442.6314099133012,1664.1434505581854,1593.616807684302
1280.0,1593.577762544155,1678.5253050923345,1436.0082025825975,1669.106249809265,1594.304380007088
1633.0,1608.3328670263288,1674.2841032147405,1447.8895127773283,1662.5889861583707,1598.273867294192
1450.0,1655.407559275627,1674.6075481176374,1445.336356461048,1662.5157180428503,1609.4667954742906
1215.0,1619.0321710705755,1677.5058850646017,1374.465576559305,1667.0564699172971,1584.5150256529448
1400.0,1579.029435366392,1677.8549522161481,1360.518796443939,1668.1796744465826,1571.3957146182654
1813.0,1623.1895968317983,1674.3098694086073,1446.507062911987,1667.7908784151075,1602.949351891875
1213.9999999999998,1602.368640899658,1675.6514388322828,1398.4295043349264,1669.442937672138,1586.4731304347513
1547.0,1638.6519041657446,1673.4031584858892,1474.9286861717699,1669.4412103295324,1614.106239788234
1699.9999999999998,1646.6578492522237,1672.6740759611127,1418.963505476713,1667.8221145272253,1601.5293863043187
2406.0,1635.809705853462,1675.0180798768995,1395.2184464037416,1672.3712152242658,1594.6043618395922
1500.0,1654.6315506100652,1679.516080021858,1501.3319095969198,1683.2366320490835,1629.6790430694816
1440.0,1640.908821225166,1674.9515771865842,1461.637360602617,1680.0966110825536,1614.3985925242303
1500.0,1609.8614212870596,1673.0972748994825,1394.7604127228258,1677.756061851978,1588.8687926903365
1378.0,1656.2837538123129,1664.1091915965078,1482.7031673490999,1670.4203256964681,1618.3791096135972
1245.0,1646.0139822959898,1662.2225016355512,1480.2584017813203,1666.7268353700636,1613.8054302707312
1900.0,1658.570611476898,1662.1074894070623,1488.3859805762766,1670.1679897308347,1619.808017797768
1362.0,1608.6082342267034,1670.4905709624288,1508.7256556749342,1684.3640109896658,1618.047117963433
1450.0,1617.6713129878042,1668.433161973953,1599.3976835906503,1685.237182676792,1642.6848353072999
1625.0,1625.9164950251577,1669.8433932662008,1612.6725274324415,1684.8980477452276,1648.332615867257
2252.0,1633.6580127477644,1671.4932933449743,1547.5296875834463,1685.8064860105512,1634.621869921684
1300.0,1650.0418573617933,1678.1520551443098,1545.7151141762731,1693.3728224039075,1641.820462271571
1450.0,1652.8178408741949,1680.8998253941534,1556.4394646883009,1691.7587646842,1645.4789739102123
1450.0,1656.872489750385,1687.2977584600446,1594.0753811597822,1696.433097720146,1658.6696817725895
1450.0,1662.0936706662176,1693.3716708421705,1637.2873035073278,1702.539829611778,1673.8231186568735
1332.0,1679.1536259651182,1697.7409839630125,1624.672376513481,1708.138290941715,1677.4263193458316
2078.0,1680.084087848663,1695.9220921993253,1614.7816127538679,1707.8365817666051,1674.6560936421154
1450.0,1686.8829083442686,1694.2081364989278,1653.2303878664968,1708.3035400509832,1685.656243190169
1559.0,1664.6345916390417,1694.402606487274,1579.9558667838571,1710.968973636627,1662.4905096367
1799.9999999999995,1731.9174650311468,1694.7785913944242,1610.01601845026,1714.2289009690282,1687.7352439612148
1450.0,1723.8362365961073,1695.2412313222883,1624.0108042955396,1714.5429894328115,1689.4078154116867
1552.9999999999998,1679.283752441406,1695.5769115686414,1605.3177185356615,1714.8055455088613,1673.7459820136426
1403.9999999999998,1630.7815554738042,1694.2884579300878,1529.9476429820058,1709.9509930610654,1641.2421623617408
1450.0,1643.5447460412977,1687.955012321472,1508.8890334963796,1697.7237105369566,1634.5281255990265
1349.0000000000002,1634.529457092285,1687.9623535275457,1504.761116504669,1694.4853749871252,1630.4345755279062
1295.9999999999998,1641.414788663387,1687.8677815198896,1461.4754942059515,1690.7623758912084,1620.3801100701091
1547.0,1671.064192652702,1690.0492712855337,1475.6640303134916,1691.0836616158483,1631.965288966894
1550.0,1688.7246873974798,1687.9381707310674,1544.828483611345,1691.3522633910177,1653.2109012827275
1549.0,1679.0885627269743,1681.9861799478529,1568.6173740029333,1683.2124492526052,1653.2261414825914
1600.0,1710.3328797221182,1680.6028664112089,1533.2748647034166,1678.7943387031553,1650.7512373849747
1799.9999999999995,1726.7118301987646,1680.6646189093588,1548.885651528835,1682.2808358073232,1659.6357341110704
1667.9999999999998,1714.5219734311102,1679.5517784357069,1563.5168911516664,1685.8783146739004,1660.867239423096
1414.0,1678.3242136240003,1680.8664301037786,1545.9609726071355,1693.9383831620214,1649.772499874234
1699.9999999999998,1695.3953966498373,1678.7144491076467,1609.508899450302,1695.355955660343,1669.7436752170322
1414.0,1692.235367298126,1672.9747775197027,1641.7691817879675,1692.4934610724447,1674.8681969195602
2106.0,1631.204754412174,1672.311621904373,1509.537794589996,1690.133335292339,1625.7968765497205
1450.0,1659.3836140632627,1678.0485585331915,1585.798459202051,1696.4985927939413,1654.9323061481116
1490.0,1620.3029194474218,1676.2752974033353,1554.8935650289056,1689.8478919267652,1635.329918451607
1452.0,1648.6664608120916,1673.2764866948125,1554.155701845884,1683.4953016042707,1639.8984877392647
1363.0000000000002,1638.3549451828,1677.9120984673498,1565.602729320526,1687.090765237808,1642.240134552121
1560.0,1649.6481671929357,1683.1157180666921,1605.6413073837755,1695.0951269268987,1658.3750798925755
1900.0,1657.3299476504324,1681.3243198394773,1645.1860094070432,1692.2857481241224,1669.0315062552688
1479.0,1673.6694571375845,1685.4520928859708,1629.8153951764104,1697.4981483817098,1671.608773395419
1450.0,1675.2794843912122,1689.5237272977827,1593.2336615025995,1701.3488268852232,1664.8464250192044
2250.0,1673.0798575282095,1693.9641493558881,1597.5936181843279,1705.9914919734,1667.6572792604563
1450.0,1685.8581623435018,1701.195669174194,1634.4538858532903,1714.4412201642988,1683.9872343838213
1450.0,1681.5149033069608,1705.469258725643,1654.1011124849317,1718.278799653053,1689.8410185426471
1611.9999999999998,1681.3067585229871,1708.733216524124,1667.8426986932752,1722.006261050701,1694.9722336977718
1450.0,1687.250400483608,1707.111097872257,1697.2914430499075,1721.1025729775426,1703.1888785958288
1450.0,1691.98015242815,1707.9576396942136,1654.8818713426588,1723.6603355407713,1694.6199997514484
1950.0,1711.5112152695654,1710.1856237649915,1657.0357236266134,1727.6650354266164,1701.5993995219467
1452.0,1724.4328895211218,1702.6844945549963,1659.6166613698003,1717.9223912954328,1701.1641091853378
1450.0,1704.0862330794332,1698.3337503671644,1664.6193334460256,1714.7828021645544,1695.4555297642944
1450.0,1669.7314038872717,1702.6925554871557,1631.5970051288602,1721.266958415508,1681.321980729699
1450.0,1748.1449851393697,1707.5950416922567,1691.1750668287275,1727.853459715843,1718.6921383440492
1450.0,1752.2890239953992,1709.0444260835645,1677.8183901309965,1729.2946392297742,1717.1116198599336
1450.0,1729.9851444363592,1708.7900748848913,1648.7803214788435,1727.7352806925771,1703.8227053731678
1699.9999999999998,1622.8805464506147,1700.0743359327314,1527.0012283325193,1720.718527138233,1642.6686594635246
1454.0,1613.3143791556356,1687.768315374851,1596.9526301324365,1711.3658306002615,1652.3502888157961
1560.0,1590.8168213069437,1677.478103637695,1603.4452071785925,1697.2319936752317,1642.2430314496157
1408.0,1600.3280735015867,1670.6067347526548,1586.4665809273718,1685.9587800502775,1635.8400423079727
1450.0,1608.3730277419088,1665.1553854346273,1543.89953315258,1674.1492265462873,1622.8942932188509
1805.9999999999998,1617.8388652205465,1668.693702816963,1521.788972020149,1675.0569450855253,1620.844621285796
1450.0,1620.0366207957265,1673.3000937104223,1550.7290139794347,1680.768115520477,1631.2084610015152
1684.0,1613.5435399413107,1673.516875207424,1591.993789374828,1676.911247372627,1638.9913629740474
1799.9999999999995,1620.876541137695,1671.377849280834,1604.1121053695676,1671.5513032674787,1641.9794497638939
1760.0,1572.3977352678774,1666.5378352999685,1550.2649345993993,1668.2445937395094,1614.3612747266886
1500.0,1571.2481887638567,1657.6385661959646,1548.8807573914526,1656.4333128929136,1608.5502063110468
1764.0,1611.3817706704137,1649.7302159667013,1574.3744629621503,1641.7334833741186,1619.304983243346
1450.0,1677.5217190384863,1650.4115086793897,1557.5565515458582,1641.202901303768,1631.6731701418755
1799.9999999999995,1656.656284034252,1654.8709315061567,1593.8640695810316,1647.973076701164,1638.341090455651
1723.9999999999998,1612.3067626357076,1661.3421326875684,1573.605363667011,1658.2016798853872,1626.3639847189186
1371.0,1496.1624769866464,1666.6750150918958,1523.9716133475301,1666.41677737236,1588.306470699608
1450.0,1516.1088937520979,1669.1619566082952,1546.45772755146,1669.1451150178907,1600.218423232436
1659.0,1627.0361009240148,1672.9500189423559,1607.664241492748,1675.1112124323843,1645.6903934478757
1950.0,1642.0883083343504,1666.1471679806707,1627.1336957812307,1674.1020125150678,1652.36779615283
1640.9999999999998,1650.7034295797346,1651.959063708782,1595.7149171829221,1655.3603452444074,1638.4344389289615
1900.0,1634.6401509642599,1647.9992747306821,1587.1110956370828,1646.3261994719503,1629.0191802009938
1316.0,1603.6247068643568,1654.639899432659,1574.0333127975462,1651.0074418783186,1620.82634024322
1450.0,1573.2987603545187,1653.010151684284,1563.6974704265592,1648.9809811115263,1609.746840894222
1292.0,1525.7008272409437,1657.44352042675,1567.5974501669405,1650.0756844878194,1600.2043705806134
1346.0,1514.4779224693773,1662.4674963951109,1576.555520892143,1652.274015843868,1601.4437389001248
1490.0,1602.3173244297502,1667.551353573799,1609.7550457715986,1656.1762267351148,1633.9499876275656
1010.0,1638.7908113002775,1667.1815583109853,1619.599459171295,1655.5142226815221,1645.27151286602
1674.9999999999998,1604.8349262773988,1665.7579401135442,1591.8419991433618,1659.2454266548154,1630.42007304728
1349.9999999999998,1611.1904674768446,1663.409042060375,1564.6420389413831,1660.632626712322,1624.9685437977312
1799.9999999999995,1660.3212732076643,1656.011265516281,1559.8172831535337,1654.5615932345388,1632.6778537780044
1424.0,1650.0247278809545,1651.2524366378782,1518.2951337099073,1648.5220837593076,1617.023595497012
1450.0,1665.2109482884405,1650.5715757608411,1559.3131870031355,1644.4228118658064,1629.8796307295559
1450.0,1674.8679450154302,1654.427148401737,1601.2153518199918,1650.440009832382,1645.2376137673853
1444.0000000000002,1628.4365439414976,1656.508596241474,1559.8529815673826,1656.6804668307302,1625.369647145271
1450.0,1597.3921668529508,1656.1680218577383,1534.654939472675,1661.4038851857183,1612.4047533422706
1450.0,1549.3146082758901,1659.7001495957372,1481.789619028568,1667.7666956186292,1589.6427681297062
1450.0,1599.159598201513,1664.9699839949606,1518.1075730919836,1675.5015918612478,1614.4346867874262
1450.0,1636.1698567867277,1668.2656097412107,1558.3512011170385,1679.7780603170393,1635.641181990504
1450.0,1641.1982950568197,1670.5138900876043,1551.8722988665102,1682.287169396877,1636.4679133519528
1450.0,1617.4044385552404,1671.9347733259199,1539.0422457456586,1683.277368545532,1627.9147065430877
1450.0,1604.6142582595346,1672.4113759398458,1522.2015909850595,1682.72677809,1620.48850081861
1450.0,1600.0587520003317,1673.8151296973226,1470.1856192946432,1684.1244861483572,1607.0459967851637
2250.0,1587.2903074324129,1675.8466285467146,1464.3292081356046,1686.3690239191053,1603.4587920084593
1712.0,1649.3689134716985,1683.1034827232359,1455.8028291165826,1693.8502886891363,1620.5313785001633
1450.0,1655.8857452869413,1684.206822812557,1431.6624245047567,1694.1466718912122,1616.4754161238668
1999.9999999999998,1591.4966745674608,1686.7448648810384,1393.6630463600156,1698.1135141849516,1592.5045249983666
1360.0,1634.8677283525465,1692.3333939909933,1522.187412381172,1707.9397904872892,1639.3320813030002
2712.0,1639.4577094912527,1682.927725613117,1538.177134990692,1697.0316219329832,1639.3985480070112
1864.9999999999998,1681.3067585229871,1678.9843463897703,1505.2817663550375,1687.9188820719717,1638.3729383349416
1500.0,1647.6576927304266,1677.5923961400983,1346.664932966232,1682.9589617252348,1588.718495890498
1227.0000000000002,1626.6490322351453,1676.7052617669103,1454.710356891155,1680.439056754112,1609.6259269118307
1454.0,1693.8124310970304,1673.2723122835157,1591.069157272577,1672.4578702449796,1657.6529427245257
2600.0,1663.847787082195,1673.4787297248838,1579.430322796106,1668.750273287296,1646.3767782226203
1444.9999999999998,1601.1918887495992,1677.9309552907941,1590.2848717570303,1676.6540172696111,1636.5154332667587
1450.0,1516.920168995857,1676.9121110439298,1511.8594869971273,1672.931593954563,1594.6558402478693
1235.0,1558.5718691349027,1676.899155974388,1574.3317832052705,1672.6061338186262,1620.6022355332968
1450.0,1605.1220250129697,1676.336905956268,1597.8261616826055,1671.4564433693884,1637.685384005308
1822.0,1614.064045846462,1678.6231878399847,1577.3166312277315,1676.2526980042455,1636.564140729606
1470.0,1628.3303123712537,1679.9968570470808,1599.973896294832,1681.7688226699827,1647.5174720957873
1448.0,1632.3967647552488,1671.2336161732671,1579.8729543387888,1669.9211236834524,1638.3561147376893
1525.0000000000002,1631.010428369045,1663.0429893732069,1599.5897065103052,1663.9152973890302,1639.3896054103968
1686.0,1593.9989462494848,1660.274203121662,1558.3632925152776,1656.753015220165,1617.3473642766473
1680.0,1705.915488898754,1659.9809867143629,1617.137995958328,1655.2460527420042,1659.5701310783622
1734.0,1721.2478137016294,1661.4107945561407,1606.1459073424337,1658.3395794034002,1661.786023750901
1348.0,1623.1898847222326,1661.2120062112806,1530.3985513746736,1659.2303124070165,1618.5076886788008
1580.0000000000002,1556.3304981589315,1663.0342087149618,1546.0316497087476,1661.8600475788114,1606.814101040363
2240.0,1646.2451583147047,1663.8084900379179,1595.5852945148943,1663.871538043022,1642.3776202276347
1477.0,1619.9290937185285,1671.5153169631956,1523.7953524291513,1675.3180617094038,1622.6394562050698
1452.0,1550.3407217562196,1678.7534582614896,1502.1061909198759,1684.9671414494512,1604.041878096759
1799.9999999999995,1619.6540144085882,1682.1206247806547,1581.7194116115568,1687.8879338502882,1642.845496162772
1450.0,1694.2834198474882,1686.355637013912,1595.2501900494096,1692.6893705129621,1667.144654355943
1450.0,1642.5057494640348,1688.8876333832739,1531.892486810684,1695.1424849033353,1639.607088640332
1306.0,1653.8281923532484,1688.8836029171941,1576.0765431821344,1695.1624932885168,1653.4877079352734
2337.0,1653.0778059363363,1685.904080867767,1553.010545670986,1691.2470394372938,1645.8098679780958
1450.0,1613.2491719722746,1684.0745371580122,1540.509479343891,1693.8291287422178,1632.9155793040989
1566.0000000000002,1590.6730200350282,1679.256690740585,1510.4077994823454,1686.8352624773977,1616.793193183839
1450.0,1592.5726650655267,1668.6928391456602,1536.803609728813,1677.4572315812109,1618.8815863803027
1349.9999999999998,1630.5125218629835,1663.5833597183225,1523.942752331495,1666.5322214365003,1621.1427138373253
1347.0,1676.059811413288,1661.3104647397993,1539.9667339026926,1661.4662134647367,1634.700805880129
1717.9999999999995,1689.4149047136304,1661.115850806236,1537.5938689708707,1659.4705569744108,1636.898795366287
1500.0,1669.5310321450231,1663.9885655045507,1551.3108405470846,1659.4234868884084,1636.0634812712667
1710.0,1674.6023660898206,1661.703147292137,1590.5665725469587,1657.2624373435972,1646.0336308181284
1450.0,1674.4559738039968,1657.3705402016637,1595.4984955489633,1655.3341472148893,1645.6647891923783
1983.0,1631.0141709446905,1657.891909778118,1600.5600412189958,1655.7343149185178,1636.3001092150805
1900.0,1651.3578045368192,1662.5358703732488,1596.386349648237,1665.83797365427,1644.0294995531438
1385.0,1632.7812424302099,1667.0445224642751,1532.9811444878576,1672.2333157062528,1626.2600562721489
1742.9999999999995,1620.3233596682546,1670.4858207702634,1588.047819137573,1676.5899616479871,1638.8617403060196
1545.0,1664.1132220625875,1669.0060639381406,1609.6774592995641,1674.8473608493803,1654.4110265374181
1365.0,1652.021967768669,1662.3399609327314,1597.3847536742685,1669.5094403624532,1645.3140306845305
1402.0,1628.0203983187673,1651.685423851013,1573.1846117973325,1652.1043044328687,1626.2486845999954
1569.0,1629.332890808582,1644.3089511990545,1541.0199810564516,1632.1517699956892,1611.7033982649443
1380.0,1640.2318468689916,1649.4122409820554,1507.411723732948,1625.9422612190244,1605.749518200755
1628.0,1629.616174995899,1656.9892293214796,1500.1788364350793,1631.0544756054876,1604.4596790894864
1450.0,1602.444787919521,1661.6950863599775,1505.16517072916,1636.1697128415105,1601.3686894625423
1580.0000000000002,1581.399277448654,1670.1622319221494,1554.851029217243,1647.2175082564352,1613.4075117111204
1999.9999999999998,1621.231510043144,1673.0808651447294,1575.0317887961862,1653.8140857219694,1630.7895624265072
1507.0,1640.6962141394613,1678.9641940593717,1526.6515854001043,1664.5290797948835,1627.7102683484552
1450.0,1635.2935183048246,1684.2999553680418,1589.7185193002222,1674.7975558042524,1646.0273871943352
1409.0,1693.3869290351865,1688.0433946847913,1652.3659968376157,1681.799626946449,1678.8989868760107
1450.0,1736.826716661453,1685.7830229401586,1645.5140605568884,1684.8016044497488,1688.2313511520622
1479.0,1742.9587829113004,1685.4310768842695,1597.5697952508924,1687.4647349119184,1678.3560974895952
1972.9999999999998,1702.3135477304456,1686.7491832375524,1539.7860106825826,1689.9980267882345,1654.7116921097038
1505.0,1668.5726448893545,1690.8923584222791,1567.239242494106,1698.4160870313642,1656.280083209276
1450.0,1630.014615356922,1692.6202768087385,1616.439717710018,1705.6598421931265,1661.1836130172012
1911.9999999999998,1607.4722905457018,1696.598202884197,1610.1360687613485,1713.3506911993024,1656.8893133476374
1769.9999999999995,1646.4295521378515,1701.168319582939,1623.0027559399603,1719.1351297497747,1672.4339393526313
1000.0000000000001,1670.1233667135236,1698.3410915732381,1666.6423395276067,1717.5321558117864,1688.1597384065387
1586.0,1661.8514108657835,1692.3122340440748,1629.9573251605032,1710.9478136897085,1673.7671959400175
1440.0,1665.3937587141988,1688.6675411462782,1592.1935133635995,1701.5975642204282,1661.9630943611262
1333.0,1627.6066997647283,1689.0285557508466,1595.8698022365568,1699.044551849365,1652.8874024003742
1900.0,1551.67602956295,1690.8316135406492,1546.8796309828756,1699.0801063179968,1622.1168451011179
1500.0,1607.2329096496103,1693.3129411935804,1593.7527279555795,1702.1549201011655,1649.113374724984
1363.9999999999998,1609.7931912541387,1689.1948124766348,1603.948439657688,1699.1788527369497,1650.5288240313528
1505.0,1540.4234720766542,1686.450209021568,1555.9887722134588,1693.4442192316053,1619.0766681358216
2366.0,1609.5972818136213,1686.1084830760954,1587.3113954067228,1692.0613375306127,1643.769624456763
2250.0,1678.276135921478,1686.8978786468504,1622.62677103281,1696.9751954078672,1671.1939952522514
1314.0,1693.5603830218313,1688.0904647707937,1677.1332108974455,1698.9083796739576,1689.423109591007
1450.0,1611.3013052940366,1686.544637084007,1547.6121681928632,1697.710179686546,1635.7920725643633
2179.9999999999995,1616.1905485391615,1687.396936714649,1580.072030574083,1699.2158466577528,1645.7188406214116
1450.0,1677.7203634381292,1690.4072630405424,1686.8223074078558,1705.4011726379392,1690.0877766311166
1500.0,1661.730496883392,1689.1111803054807,1623.301154375076,1704.1839718818662,1669.5817008614538
1400.0,1638.3933785557745,1688.637024760246,1556.0893899202345,1703.2736623287199,1646.5983638912437
1864.9999999999998,1673.8348501920698,1684.4711062312124,1592.7226559817789,1698.0592468380926,1662.2719648107884
1321.0,1722.51884996891,1684.1375851631162,1653.5728335380552,1700.0171896815298,1690.0616145879028
1675.9999999999998,1708.545368015766,1679.5825827121732,1632.6915645599363,1693.5762169957159,1678.5989330708978
1416.0,1695.11815816164,1677.173947393894,1601.308916211128,1689.5821690559385,1665.79579770565
1450.0,1649.0509384870527,1676.2568724155424,1586.7957116663454,1689.4301629066465,1650.3834213688967
2584.0,1605.1708224415777,1675.2077996730802,1582.9499273002145,1686.580479443073,1637.4772572144864
1219.0,1650.1233303546903,1678.2018601894376,1625.3113493323324,1690.5011153221128,1661.0344137996433
1639.9999999999998,1629.6599343419073,1674.0009629726408,1584.189943373203,1684.5897170901296,1643.1101394444702
1490.0,1594.3159855902193,1672.8200364112852,1572.4891404807565,1680.6693691015241,1630.0736328959463
1762.0,1586.3019795715807,1668.291951715946,1545.156390815973,1671.5877214074133,1617.8345108777282
1450.0,1610.1614031195638,1670.8137279748914,1554.8084214329717,1676.8365398049352,1628.1550230830906
1799.9999999999995,1605.8773055672643,1677.9116666316984,1584.8782174289224,1685.416394472122,1638.5208960250018
1799.9999999999995,1683.5191965103147,1686.1099225282667,1645.5827224254606,1695.0212830305097,1677.558281123638
1450.0,1707.1201664209364,1694.0657746791837,1637.4106645584104,1703.7216198444364,1685.5795563757417
1450.0,1718.5343024134634,1699.3469807505605,1656.168885529041,1707.945980131626,1695.4990372061727
1450.0,1729.7217246890066,1701.401798725128,1691.3793250918386,1708.698525726795,1707.800343558192
1450.0,1733.5970178246496,1702.720049023628,1667.4413794279096,1709.6488520503042,1703.3518245816229
1749.9999999999998,1704.8082622885702,1703.9683419466016,1641.397227346897,1712.042804956436,1690.5541591346262
1450.0,1709.0510475635526,1689.143999814987,1675.8675006031988,1697.4512222409246,1692.8784425556657
1450.0,1650.1745748519895,1687.784581184387,1634.2145049571989,1695.5148711800573,1666.9221330434082
1450.0,1691.2804347276685,1690.4127329587934,1647.624441385269,1698.6462554335592,1681.9909661263225
1450.0,1712.6459354162214,1694.4780337810514,1663.2532933354375,1704.4776201248167,1693.7137206643818
1799.9999999999995,1694.771825969219,1698.346417546272,1638.950014710426,1710.8399987220762,1685.7270642369983
1450.0,1723.7737643718717,1702.958854138851,1676.055493056774,1717.2248327732084,1705.0032360851762
1533.0,1656.5645909309385,1693.529722690582,1555.4453070461748,1710.8274754881857,1654.0917740389702
1827.9999999999998,1621.4612466096876,1684.4306576251981,1562.2295171022413,1703.1330278515813,1642.813612297177
1305.0,1657.7024778723714,1675.146766901016,1631.2358465790746,1696.7615807056425,1665.2116680145261
1999.9999999999998,1693.3572763204572,1664.9912878870962,1573.0176353454588,1681.5979596972463,1653.2410398125646
1850.0,1803.3750376105306,1661.071371734142,1651.5350010991094,1676.0389393568037,1698.0050874501464
1450.0,1714.7934541106222,1657.7164405584333,1578.7885430455206,1672.0339515805242,1655.833097323775
1450.0,1642.554834783077,1657.20457136631,1563.5650408267973,1667.9909622669218,1632.8288523107765
1667.9999999999998,1632.3368835449216,1659.1022011637685,1585.718785524368,1667.690548598766,1636.212104707956
1699.9999999999998,1620.362944602966,1661.3988471031187,1564.546459317207,1668.3165663480756,1628.6562043428419
1388.0,1552.0477680861948,1661.8011739850042,1523.1004568934438,1665.7154762744901,1600.6662188097832
1999.9999999999998,1529.6312513947485,1664.0815541148183,1541.9209341704843,1669.3421760201452,1601.243978925049
1450.0,1515.8596526086328,1666.183442175388,1550.7819858193395,1672.078286707401,1601.2258418276904
1450.0,1581.120311617851,1669.6849095821378,1612.719885408878,1673.323700726032,1634.2122018337247
1500.0,1655.9411641955373,1671.5888729691503,1653.9642205834386,1673.1852254271505,1663.6698707938192
2971.9999999999995,1701.3088101148603,1668.1167703866956,1647.9704856872556,1665.994298160076,1670.8475910872219
1450.0,1656.3737195730207,1669.465824961662,1613.7663671374319,1668.444101810455,1652.0125033706424
1758.0,1580.3434392809866,1668.9631682634351,1579.298253059387,1665.3944784402845,1623.4998347610233
1627.0,1539.3148779869077,1667.8811320662496,1571.9160945713518,1662.9176130890844,1610.5074294283984
1450.0,1579.6031290292738,1667.9680749773977,1599.8557892441747,1665.362378656864,1628.1973429769275
1450.0,1588.3421871066091,1670.6776997447012,1574.2865124344823,1670.9665977954862,1626.0682492703197
1900.0,1636.1780616641042,1672.0833247900007,1622.138220965862,1674.606108665466,1651.2514290213583
1305.0,1612.1510139107702,1674.6402236819265,1601.5648508071897,1678.3953225612638,1641.6878527402876
1450.0,1624.4483977556226,1669.258255958557,1613.7151226401327,1673.1600350141523,1645.1454528421161
1718.9999999999998,1694.7367033362386,1668.7076655030248,1617.3321780562399,1668.8829907774923,1662.414884418249
1400.0,1726.1392161250112,1669.7541472315786,1595.2862483263013,1668.6125177145002,1664.9480323493478
1238.0,1696.5770429372785,1666.6922885179517,1591.1454482376573,1663.6741891503332,1654.5222422108052
1320.0,1648.6162239313123,1664.8831850290296,1583.7334930896757,1658.6882147192953,1638.9802791923282
1450.0,1619.5464873313902,1664.2968961596487,1600.7994940876958,1659.620547890663,1636.0658563673494
1892.9999999999998,1597.9208056628702,1665.620760321617,1587.8607623279092,1660.1753127574918,1627.894410267472
1467.0,1582.4081175029276,1668.1088533997533,1537.2603479027746,1663.9944672584531,1612.9429465159772
1760.0,1556.3430933654306,1671.3014143705366,1517.9395890235899,1668.561273217201,1603.5363424941895
1450.0,1646.2126266956327,1667.3911425471304,1590.7788197696207,1668.0088114738462,1643.0978501215575
1385.0,1640.1631850004194,1666.2829083204267,1558.0002626776693,1666.0299965739248,1632.61908814311
1428.0,1605.5847369134424,1658.2346433401106,1564.0366773307321,1655.4600992798803,1620.8290392160413
1520.0,1608.0999636650083,1649.2341807484624,1549.164617359638,1639.3696150183675,1611.467094197869
1450.0,1570.3986960649488,1648.2508909702299,1503.098693192005,1631.2443393468855,1588.2481548935173
1333.0,1579.404772520065,1651.6708853840826,1449.488744139671,1632.3779079318044,1578.2355774939058
1718.9999999999998,1547.4076220393179,1654.9151226878164,1425.1202583312986,1632.89970934391,1565.0856781005857
1429.0,1571.9747522473333,1658.738883435726,1453.050092756748,1639.2331549525259,1580.7492208480833
1450.0,1541.0283298790453,1662.1643477678297,1382.39091232419,1644.130315184593,1557.4284762889145
1850.0,1569.3388994038103,1666.914108097553,1453.7117369472978,1653.7128922343252,1585.9194091707466
1452.0,1559.6165515482423,1671.9048327207563,1444.6983912587164,1663.9806485176084,1585.0501060113309
1450.0,1603.6252826452253,1670.8656921982763,1455.1095889508722,1668.6381399631498,1599.559675939381
1709.0,1619.9011683464048,1671.5160366892812,1441.482439190149,1673.39308232069,1601.5731816366313
1850.0,1670.2815625071523,1670.6669038534162,1500.0744041800497,1674.8352694511411,1628.9645349979398
1292.0,1668.2349494099615,1668.5108923912046,1485.0092417001722,1677.0009252429006,1624.6890021860597
1236.0,1600.5720606446264,1665.9915632009504,1455.1937249302862,1671.4856642484663,1598.3107532560823
1710.0,1606.1351834237573,1665.5365523695943,1509.874194562435,1669.8187786340711,1612.8411772474644
1450.0,1568.830988705158,1667.3685431480405,1435.7402485609052,1668.4209266304968,1585.0901767611501
2300.0,1542.7156557142732,1673.59187066555,1465.518627464771,1673.3805590867994,1588.8016782328484
1450.0,1554.721406549215,1678.8986989855764,1558.6178596317766,1679.7481197118757,1617.996521219611
1412.0,1545.0338214635847,1679.6228873729704,1541.0445237159727,1675.4663252830503,1610.2918894588945
1441.0,1559.9144461750982,1677.455216348171,1581.1416155099867,1670.8485627174375,1622.3399601876733
1450.0,1609.6344196796415,1674.5620614290235,1544.5697420835493,1665.9457886219022,1623.6780029535291
1319.0,1662.1616128087041,1676.0228174924848,1506.6937249898908,1664.041105508804,1627.229815199971
1450.0,1698.9855343103407,1677.2171309590337,1508.0621401965616,1661.9654154777525,1636.557555235922
1664.9999999999998,1665.243048071861,1678.0867040157316,1486.1454012989996,1659.397000968456,1622.218038588762
1900.0,1592.236912846565,1680.1641213893888,1445.6722526252267,1663.035504221916,1595.2771977707741
1332.0,1534.4364306330679,1678.3245015144346,1464.5426788926122,1660.1728656888006,1584.3691191822288
1450.0,1587.0539493858812,1675.5008721351621,1510.3592899441717,1654.4909161329267,1606.8512568995354
1765.0,1658.552186489105,1674.4440263509748,1567.9018943011758,1655.0262483954427,1638.9810888841746
2099.9999999999995,1674.2913004755972,1658.8307204842565,1506.7196351289747,1641.6635259985921,1620.3762955218551
1810.9999999999998,1587.2783599793909,1653.634586036205,1428.518876880407,1638.362430334091,1576.9485633075235
1500.0,1614.4905555248258,1652.1649053692815,1467.6145417988298,1635.0917071104047,1592.3404274508355
1930.0,1617.3134651780126,1652.48777449131,1488.9203771948812,1632.7525973320005,1597.868553549051
1332.0,1659.5298624038694,1644.7488477826116,1539.6872642636297,1625.2779540419576,1617.310982123017
1485.9999999999998,1524.9969351291654,1647.9137712717054,1493.1641700863836,1623.3221703767774,1572.349261716008
1340.0,1583.382122814655,1655.7449668645856,1589.5495276153085,1633.730417191982,1615.6017586216328
1320.0,1594.4404262304304,1658.3725428581236,1613.0452015995977,1639.0414199233053,1626.2248976528642
1447.0,1611.302888691425,1658.1510111689565,1596.1353811621664,1635.0980406999586,1625.1718304306266
1450.0,1611.2802892923353,1652.6586374640463,1573.9703367650507,1629.2779037356374,1616.7967918142674
1400.0,1575.8880469202993,1653.3746209740636,1501.3139884173868,1626.924543380737,1589.3752999231217
1450.0,1567.4971923232076,1652.8934121131895,1505.1192522048948,1628.072074651718,1588.3954828232525
1450.0,1531.473822146654,1657.7309790253637,1482.695178389549,1633.529613614082,1576.3573982939122
1517.0,1547.4782271683214,1664.239749908447,1516.491356194019,1643.0704465508459,1592.8199449554083
1295.0000000000002,1567.4257954955099,1662.6531857252119,1546.1678938567636,1640.338654220104,1604.1463823243973
1643.9999999999998,1583.8084885478017,1663.6469835042951,1513.1901165843008,1640.1928377151487,1600.2096065878866
2393.9999999999995,1594.5530633628366,1667.9225882887838,1460.8101074397562,1646.6752666234968,1592.4902564287183
2288.9999999999995,1677.8317770361898,1671.0319489240644,1518.7880021333692,1657.0576032996175,1631.1773328483102
1450.0,1663.3769422769544,1669.5488813519476,1505.5123665928838,1658.748671710491,1624.2967154830692
1490.0,1581.3501201570032,1666.03575438261,1423.3015824854372,1653.8378366827963,1581.1313234269617
1900.0,1479.4530282914636,1660.1804947853086,1414.1303288936613,1646.0334149003027,1549.949316717684
1480.0,1540.338544398546,1663.5681015253065,1465.8617208898065,1650.8253511786459,1580.1484294980762
1672.9999999999998,1495.5476149916647,1668.119361400604,1437.385614365339,1655.1900580525396,1564.0606622025368
1253.0,1514.5711269974706,1673.5262316465376,1477.4869525432584,1662.1205884218214,1581.926224902272
1376.0000000000002,1585.9948724508283,1675.5470785498617,1521.0929249227045,1663.2370275259016,1611.467975862324
2012.0,1684.1663742065427,1673.7758326530454,1547.724229544401,1664.6255230903623,1642.5729898735879
1512.0000000000002,1731.6004976630209,1671.844807565212,1500.045471191406,1663.450354337692,1641.7352826893327
1450.0,1687.72268474102,1671.9375082850454,1415.9621757268903,1663.752207458019,1609.8436440527437
1470.0,1645.4576340317724,1674.688589274883,1518.7767744064329,1670.1560422778127,1627.2697599977253
1450.0,1621.7829641699789,1670.998985469341,1547.1433386206625,1669.9861869215963,1627.4778687953947
1601.0,1584.1179707646368,1668.5360828042028,1556.6847473382948,1667.2493565082548,1619.1470393538473
1625.0,1573.8287666440008,1665.1327860355375,1553.777197897434,1664.551247358322,1614.3224994838235
1659.0,1567.0266354084013,1664.6625170111654,1518.9598727226255,1669.4891440868375,1605.0345423072574
1799.9999999999995,1574.7452658414838,1662.6998239755628,1537.7381740510461,1665.3433778882024,1610.1316604390738
1760.0,1619.00985956192,1665.87611913681,1558.7912416458128,1666.004230380058,1627.4203626811502
1663.9999999999995,1609.3812200427053,1664.057227373123,1514.4691418111322,1661.524079442024,1612.3579171672461
1715.0000000000002,1579.4483879208562,1664.0511816740034,1499.3371167778967,1654.8631584644315,1599.424961209297
1450.0,1576.6626161336897,1662.4529579281805,1483.1455829739568,1648.096725642681,1592.589470669627
1367.0,1578.5259869694708,1667.0381888747213,1470.216495543718,1651.140303313732,1591.7302436754105
2418.0,1600.0865334272382,1669.9311998486517,1515.3731177747247,1655.268796086311,1610.1649117842314
2200.0,1623.5945147275922,1674.4371169805524,1553.0793514847753,1661.3169422745702,1628.1069813668726
1450.0,1616.0743847489355,1673.3750891685484,1487.8846913576124,1656.9269010424612,1608.5652665793893
1519.0,1587.2598630189893,1674.3300217390058,1475.4887050390241,1655.4182112216947,1598.1242002546785
1345.0,1671.9223940372465,1674.632162749767,1581.4620375633237,1659.5317336916921,1646.8870820105074
1900.0,1674.9573349952695,1675.4152247309682,1556.2405323982236,1662.1182852983472,1642.1828443557022
1451.0,1674.9309930205343,1678.7767773866651,1607.8394228219984,1670.1003354787824,1657.911882176995
1824.9999999999995,1637.1711397171018,1678.3354413509367,1588.3118866384027,1669.9276012182233,1643.4365172311661
1827.9999999999998,1614.7816127538679,1678.374882340431,1540.3601361811159,1673.6313116550443,1626.7869857326148
2031.0,1643.5670575499532,1677.7507358789442,1564.3124763667581,1677.1477493643758,1640.6945047900078
1192.0,1691.5768179297445,1679.0626525878904,1578.3930535614488,1678.535525202751,1656.8920123204587
1490.0,1698.0251318216322,1679.014430940151,1616.3406834006307,1677.65055000782,1667.7576990425584
1372.0,1711.0875844955442,1676.8063113093374,1660.8950388431547,1674.735227525234,1680.8810405433176
1452.0,1605.1063349843023,1679.784249961376,1577.3021647334097,1677.88748383522,1635.020058378577
1450.0,1537.1968680620191,1682.1603536605833,1601.523826420307,1683.5384851694105,1626.10488332808
1322.0000000000002,1520.6065340340135,1685.1957264542577,1612.1839773654935,1687.3268353939054,1626.3282683119176
1900.0,1556.4604806900022,1677.9342660307882,1613.4692642092702,1679.1839984059332,1631.7620023339985
1450.0,1491.8726935982702,1678.7128657102583,1578.3664236962793,1677.7366292476652,1606.6721530631182
1320.0,1518.0854775011537,1680.494475662708,1565.3539919853208,1677.6632171869276,1610.3992905840275
1327.0,1621.3262259960172,1679.3453609943388,1552.2068995237348,1672.7391391992567,1631.4044064283369
1450.0,1648.0313745141027,1673.2409322261808,1525.01176148653,1661.4695242047308,1626.938398107886
1450.0,1562.86561101675,1674.7006806731222,1479.3677407503126,1661.6755098104475,1594.652385562658
2288.9999999999995,1499.9247011542318,1677.799533307552,1472.0684227347372,1665.3275439143179,1578.7800502777097
1306.66,1584.5541247725484,1679.4181972742078,1526.4561797678468,1671.317104399204,1615.4364015534518
1450.0,1529.6224707365034,1669.4590595364568,1470.9125426411626,1656.00277274847,1581.4992114156482
1664.9999999999998,1447.9188776016233,1667.8942310810087,1402.7900367975233,1652.6966390013692,1542.8249461203811
1630.0,1432.244179099798,1670.800197124481,1416.1731994152067,1655.7449668645856,1543.7406356260178
1400.0,1575.445847213268,1672.0536720752714,1528.5572761297224,1662.1742799878118,1609.5577688515184
1560.0,1536.0193961858747,1669.8449766635893,1482.373748719692,1658.3673608303068,1586.6513705998657
1550.0,1547.314345538616,1668.0816477537153,1496.4014260470865,1660.5890113115308,1593.0966076627371
1412.0,1498.4148597717283,1662.4496471881864,1445.7743817567823,1653.8578450679777,1565.1241834461687
1702.9999999999998,1562.2158423066137,1658.1836867332456,1484.576326459646,1653.5060429573057,1589.6204746142027
1400.0,1531.6821828484533,1654.7979512810705,1514.244659245014,1651.2354511022565,1587.9900611191986
1450.0,1476.4108180999754,1651.5981930494306,1415.1121792197225,1650.1488086581228,1548.3174997568128
1238.0,1485.7066562771795,1654.22620087862,1495.9297895431516,1650.9333100914953,1571.6989891976116
1467.0,1543.33980217576,1659.0467822551725,1545.8237208425996,1652.6744714379308,1600.2211941778658
1428.0,1545.6794877350328,1666.2056097388265,1493.9216098189352,1658.0781748890874,1590.9712205454705
1387.0,1551.9207364320753,1669.3182811141012,1573.2738578319547,1665.6560268998144,1615.0422255694864
1813.0,1563.2571420073507,1669.350668787956,1577.97683596611,1670.9896290302274,1620.393568947911
1809.9999999999998,1547.0243678987024,1670.676404237747,1571.814325302839,1676.3609448075292,1616.4690105617044
1450.0,1602.7726231515405,1667.9392859339712,1629.2496904730795,1676.7854392528532,1644.186759702861
1450.0,1620.54647475481,1669.4079589843748,1568.5993808507917,1676.0917672514913,1633.661395460367
2292.9999999999995,1671.010932922363,1674.6956425905225,1546.8316972255705,1680.5224010348318,1643.265168443322
1521.0,1696.633037626743,1680.2548068761823,1587.7463978528974,1687.191814780235,1662.9565142840145
1337.0,1691.9756901264188,1681.0250577330587,1559.6353363990781,1683.335954248905,1653.9930096268652
1375.0,1611.1223813891409,1678.2279142737386,1507.1947263181207,1675.8751296997068,1618.1050379201768
1699.9999999999998,1658.5940745472906,1676.9561582803724,1585.708349496126,1673.9549005031583,1648.8033707067368
1716.9999999999995,1688.1670436263082,1672.708047032356,1623.4275382757185,1668.4946265816686,1663.1993138790128
1450.0,1629.9186038970945,1672.079438269138,1539.7856508195398,1665.1382559537885,1626.7304872348902
1840.0,1640.4225742816923,1671.5324464440343,1580.6778240203855,1663.9872699975965,1639.1550286859272
2270.0,1670.6941094994543,1673.5010412335394,1594.5393165946005,1667.3383146524427,1651.5181954950092
1825.9999999999995,1657.76279091835,1675.0671651959417,1599.78072181344,1673.8955950736997,1651.6265682503579
1771.9999999999995,1659.8330110311506,1672.2652715444563,1632.6709803938863,1668.6371323466299,1658.3515988290308
1585.0,1647.222690284252,1671.5389239788053,1536.6318111121652,1666.1972609162328,1630.3976715728638
1368.0,1641.1034351587293,1671.042456924915,1526.8526768684385,1661.4509552717207,1625.112381055951
1297.0,1682.9752275347707,1663.8679394125936,1574.5158171653745,1652.9119810461996,1643.5677412897346
1490.0,1667.0026344060896,1655.8465921878812,1548.476127386093,1636.5963664650915,1626.9804301112888
1891.9999999999998,1653.8186919689176,1652.0628482103346,1502.8373606503008,1627.5744560360906,1609.073339216411
1450.0,1615.622252821922,1657.1020823717115,1486.8973711133,1633.75762283802,1598.3448322862384
2013.0,1602.8793585300443,1666.5538132190702,1561.0318928956983,1645.3277954459188,1618.948215022683
1671.9999999999998,1623.5071399807928,1676.4815708994863,1637.427506148815,1661.003861427307,1649.6050196141002
1290.0,1627.2279798984525,1682.9238390922544,1648.291195631027,1673.0301964282987,1657.8683027625082
1767.0,1639.4246020913122,1687.405573427677,1642.8625896573064,1682.6561009883878,1663.0872165411708
1332.0,1692.1838349103925,1692.3627588152883,1655.8858892321584,1688.6275243759153,1682.2650018334386
1360.0,1731.9452464580534,1692.552334666252,1678.1116065382955,1690.4674321413038,1698.2691549509761
1450.0,1741.4310923218725,1685.1561415195463,1671.746061146259,1684.2127245664594,1695.6365048885343
1450.0,1728.8668340444563,1679.8172134160993,1632.9774397611616,1675.6818112730978,1679.3358246237037
1809.9999999999998,1731.3339111208913,1678.1955265998838,1627.611737847328,1674.3959486484525,1677.884281054139
1699.9999999999998,1706.7985928058622,1673.8098037242887,1587.9998853802679,1675.257604718208,1660.9664716571567
1450.0,1623.2096052169798,1672.4716889858244,1571.2559618055818,1675.073930621147,1635.5027966573832
1900.0,1636.004031896591,1673.5911509394643,1589.9753895401952,1675.9673985838888,1643.8844927400348
1773.9999999999998,1650.7576969265936,1676.6501307487486,1599.711700081825,1679.3462246656416,1651.6164381057022
1450.0,1661.4179918169973,1678.8930851221082,1572.1711654961107,1678.7764894962309,1647.8146829828618
1799.9999999999995,1655.3180253505705,1682.6307666301725,1540.2942812442777,1682.9140508174894,1640.2892810106275
1345.0,1634.0167242288587,1683.0411544442175,1543.8176283240316,1683.142779767513,1636.0045716911552
1450.0,1664.6651080250738,1689.0167522430418,1600.1181294023988,1689.044245779514,1660.7110588625071
1450.0,1732.59299993515,1693.3336693048475,1712.489179074764,1694.6087360382078,1708.2561460882423
1450.0,1755.537579655647,1695.4724073410032,1726.5664455294607,1698.709015548229,1719.071362018585
1450.0,1745.78255623579,1694.5454001426695,1704.6399903297422,1700.1006779074667,1711.267156153917
1450.0,1736.1291581392286,1693.2075732946394,1713.2908099889753,1701.9027280807493,1711.1325673758981
1450.0,1705.789536833763,1692.474316358566,1692.6476263999937,1704.0188667178152,1698.7325865775344
1450.0,1696.1251989006994,1689.9980267882345,1682.4737223982809,1703.426963984966,1693.0059780180452
1450.0,1693.954217135906,1686.9792076945303,1658.833455443382,1701.1285907030103,1685.2238677442072
1565.0,1685.2803662419317,1685.0735169649122,1616.4942729473112,1698.5010147094724,1671.3372927159069
1455.0,1605.7323527336118,1668.958562016487,1483.5130751132963,1680.2096080780027,1609.6033994853494
1837.9999999999998,1589.7751617431638,1658.1720271706579,1540.1445062458513,1671.9025295972822,1614.9985561892388
1713.0,1584.527494907379,1657.2945371270177,1558.0407112836835,1669.5190846920011,1617.3454570025203
1900.0,1668.9257425069807,1658.5069876909254,1617.7799916267393,1671.9356369972227,1654.287089705467
1447.0,1643.974998295307,1659.1544532775877,1601.0947977006433,1667.804409265518,1643.007164634764
1771.9999999999995,1620.2404472231863,1658.1292754411695,1628.5246384143827,1661.729201376438,1642.155890613794
2273.0,1600.6780762970445,1661.3833010196684,1569.0044426918028,1662.8669443726537,1623.4831910952923
1289.0,1643.0704465508459,1663.1533953547475,1605.011978894472,1667.309237718582,1644.6362646296618
1866.0,1616.1991852521894,1658.1844064593313,1567.7237620949743,1657.7774733304975,1624.9712067842481
1338.0,1533.4232002496717,1658.2130515575407,1578.8066801428793,1655.345806777477,1606.4471846818922
1867.0,1584.6656103432176,1656.7550304532049,1573.6214855313299,1650.832980275154,1616.4687766507266
1334.0,1654.1810020804403,1657.66390055418,1601.9507679343221,1654.4986891746519,1642.0735899358986
1368.0,1595.6032876670358,1647.0365691184995,1601.5929920971391,1644.6476542949674,1622.2201257944105
1450.0,1599.1526888310907,1640.3936412930486,1611.1049640178678,1636.8689987063406,1621.880073212087
1450.0,1638.3958256244657,1639.552569389343,1583.3349087834356,1633.3028998970983,1623.6465509235857
1450.0,1700.4629880189893,1641.8922549486158,1603.6275857686994,1635.6068870425222,1645.3974289447067
1399.0,1649.9461337924001,1645.3883963823316,1588.3462895452974,1640.984680354595,1631.166375018656
1050.0,1538.0331897735593,1642.7791014313696,1557.7074781060217,1637.8710013628004,1594.0976926684377
2099.9999999999995,1583.7106777727602,1640.5456474423406,1607.6668325066564,1639.5609182119367,1617.8710189834235
1774.9999999999998,1618.4205478429792,1638.4693816304205,1590.005618035793,1638.5338690876958,1621.3573541492221
1349.0000000000002,1598.92230451107,1637.183231115341,1575.3312668204305,1633.5202571749685,1611.2392649054525
1505.0,1598.4138180315492,1637.5822472572324,1596.6407008469102,1631.4398169517515,1616.0191457718608
1450.0,1588.7757501006124,1637.9285794496534,1571.926026791334,1630.435943007469,1607.2665748372672
1900.0,1604.149531126022,1640.5388820171354,1571.4538145065305,1633.586040139198,1612.4320669472215
1820.0,1563.1469519436357,1646.4276808500288,1481.667337566614,1641.1528083682058,1583.098694682121
1450.0,1590.7452085614202,1648.4764531254766,1543.930913209915,1646.0584613680837,1607.3027590662239
1572.0,1632.6895493268964,1649.1954594850538,1564.735315442085,1645.2077451348302,1622.9570173472164
1450.0,1630.1908043026922,1651.2165942788122,1511.8939618766306,1644.6657913923261,1609.4917879626153
1719.9999999999998,1635.0708350539205,1653.507482409477,1548.9525860548017,1647.4891328811643,1621.255009099841
1670.9999999999998,1643.875244259834,1652.2224834561346,1498.7067086994646,1644.7987967729566,1609.9008082970975
1490.0,1584.9474550783632,1654.3615093827245,1459.4866031408308,1650.0638809800146,1587.2148621454833
2769.0,1580.33573821187,1651.5789043903349,1471.6580349206922,1644.8866033554075,1587.1148202195761
1707.0,1658.780195713043,1653.7166348099706,1484.0364599227903,1647.9922214150426,1611.1313779652116
1719.9999999999998,1557.01179087162,1656.7733114957807,1448.7143908441064,1648.8020572066305,1577.8253876045344
1450.0,1553.0717223882673,1656.660602390766,1525.8278588950632,1644.6185773611066,1595.0446902588008
1999.9999999999998,1633.1205213069913,1661.0032856464384,1582.9284074902532,1649.3048578500745,1631.5892680734394
1932.0000000000002,1590.8117112517355,1662.1529760956762,1559.6125930547712,1655.1906338334081,1616.9419785588977
2443.0,1557.2463496029375,1662.2413584589956,1523.0901648104189,1653.8037216663358,1599.095398634672
1360.0,1622.9162448644636,1665.5479240417478,1620.371437370777,1661.846516728401,1642.6705307513473
1698.9999999999998,1649.7879379987714,1661.6864496469495,1607.95731395483,1658.2739403843877,1644.4264104962347
1450.0,1664.4268786907194,1658.1844064593313,1596.4766752719877,1651.7774048447607,1642.7163413166998
1288.0,1708.8706842064855,1659.856330156326,1596.8736042082307,1652.0294529199598,1654.4075178727505
1830.9999999999998,1689.804276525974,1661.7387017607687,1585.5870036780832,1652.0180812478063,1647.287015803158
1366.0,1632.1546489000318,1664.4690546393392,1616.0389742255209,1654.3995109200475,1641.7655471712349
1387.0,1582.2693543136118,1666.362366080284,1610.3835105895994,1652.988415956497,1628.000911734998
1585.0,1518.2934063673017,1668.2851862907407,1605.6943511962888,1652.7894836664198,1611.2656068801878
1666.9999999999998,1608.909655511379,1666.1124771833418,1613.430974781513,1649.039422869682,1634.373132586479
1450.0,1669.5619803667066,1666.4334750175474,1620.5166780948637,1651.292309463024,1651.9511107355354
2138.0,1648.4132611751554,1665.21699398756,1623.778764605522,1653.077518045902,1647.6216344535349
1444.0000000000002,1688.539142012596,1664.3249654769895,1625.6100356578825,1656.0021969676015,1658.6190850287674
2373.9999999999995,1657.766101658344,1661.0466131567953,1538.4151484072206,1654.1756761074064,1627.8508848324416
1500.0,1673.7404221296308,1662.6187828183172,1580.2032366394994,1662.6003578305242,1644.790699854493
1337.0,1622.957988977432,1655.5658990144727,1552.754970937967,1655.8608427643774,1621.7849254235623
1592.0,1592.5466109812257,1649.365170896053,1579.682226926088,1647.2294557094572,1617.205866128206
1408.0,1616.8846523761747,1648.308469057083,1595.218594074249,1639.1385829448698,1624.887574613094
1490.0,1644.027106463909,1646.6474851965902,1555.7279434800146,1635.6268954277036,1620.5073576420543
1453.0,1633.525151312351,1645.5389630794523,1510.317401885986,1629.3324589729307,1604.67849381268
1528.0,1656.214372217655,1650.9192034602163,1529.2607364058492,1631.6875466704366,1617.0204646885393
1532.0,1675.1035833358762,1656.5772581100462,1533.8135077059267,1641.852238178253,1626.8366468325255
1450.0,1638.4715408086774,1659.8451024293897,1511.926565468311,1648.211881816387,1614.6137726306913
1799.9999999999995,1671.601540148258,1663.9083880186079,1574.2543406784532,1655.8978366851804,1641.4155263826249
1799.9999999999995,1644.4171980023382,1668.5638642311094,1551.9681663811205,1663.476264476776,1632.106373272836
1433.0,1653.0671539902685,1672.7962854504583,1559.5116874575613,1669.081491231918,1638.6141545325515
1450.0,1648.4054881334303,1665.7670086622236,1600.666056871414,1661.847668290138,1644.1715554893015
1362.0,1634.045225381851,1662.5662428140638,1570.0263817608354,1654.675885736942,1630.328433923423
1450.0,1630.7022416591642,1660.7395780086515,1547.6990391314027,1651.9389113783834,1622.7699425444005
1634.9999999999995,1623.6863517761228,1661.647872328758,1529.552513360977,1650.582371652126,1616.367277279496
1450.0,1600.5302445590494,1660.8293998241422,1573.1136468052862,1648.2687401771543,1620.685507841408
1709.0,1573.916501253843,1660.5386304855344,1556.0525399446485,1647.0866620540617,1609.398583434522
1450.0,1535.90567946434,1659.60010766983,1481.4969784021375,1646.8138858675954,1580.9541628509758
1000.0000000000001,1526.185346841812,1662.095254063606,1428.002977222204,1651.5253567695615,1566.9522337242959
1799.9999999999995,1601.7971783876417,1661.4912599325178,1532.5357779860494,1654.909364879131,1612.683395296335
1601.0,1640.989142656326,1657.735585272312,1564.5779833197591,1654.8791363835333,1629.5454619079826
1719.9999999999998,1643.6311131715772,1655.9641954302786,1518.9678616821764,1652.685411274433,1617.8121453896163
1900.0,1608.2991838455198,1652.1051681041715,1466.9144642353056,1644.6355628967283,1592.9885947704313
1355.0,1590.7111655175684,1656.9618797302244,1483.2382117211816,1648.5770708322523,1594.8720819503067
1900.0,1546.870418488979,1655.3753155469892,1483.3463865518568,1642.7842834591863,1582.0941010117529
1450.0,1510.8001221716402,1661.9471344351766,1467.9352517426012,1649.0826064348219,1572.44127869606
1440.0,1555.5678044259546,1668.743795752525,1528.6856752634046,1656.114618182182,1602.2779734060166
2026.9999999999998,1645.7871246337888,1669.8158997297285,1554.8927733302114,1659.9870324134824,1632.6207075268028
2300.0,1668.322324156761,1672.8151422739027,1475.4920157790182,1664.968400597572,1620.3994707018135
1751.9999999999998,1639.458141326904,1676.37145280838,1551.3632366061208,1675.1290616393087,1635.5804730951784
1799.9999999999995,1646.0613402724264,1677.0384949445722,1580.3444468975065,1677.3497045040128,1645.1984966546295
1335.9999999999998,1635.9457340836523,1676.761256456375,1531.4750456809995,1672.9622542858122,1629.2860726267097
1450.0,1681.9638684391973,1676.1525121331213,1540.6938731670377,1668.4380561113355,1641.812077462673
1353.0,1738.4692755341528,1678.8588261604307,1560.8680832386015,1671.0689428448675,1662.316281944513
1500.0,1710.7614046335218,1677.796222567558,1572.138417959213,1668.129149675369,1657.2062987089155
1900.0,1664.8364028334615,1672.3288953304288,1577.767755538225,1664.024695754051,1644.7394373640416
1432.0,1599.8748619854448,1670.4319852590559,1551.369498223066,1660.649900138378,1620.5815614014862
1542.0,1624.6314960718153,1667.2444623708723,1586.6063517332075,1659.7742813825605,1634.5641478896139
1450.0,1660.5036517977712,1667.2188401222227,1517.1180936694143,1658.732549846172,1625.893283858895
1450.0,1722.6083838939664,1670.89260995388,1581.8259310722349,1664.0579470992086,1659.8462180048225
1999.9999999999998,1687.4103236198423,1673.0540913343427,1592.565827667713,1667.1788233518598,1655.0522664934394
1335.9999999999998,1639.9573433399198,1674.01204675436,1561.92737609148,1669.9748152494428,1636.4678953588007
1691.9999999999998,1605.1883117854593,1673.8598966598508,1550.4202514886854,1672.7172595262525,1625.546429865062
1485.0000000000002,1661.9305807352064,1673.1775963306425,1591.9368590414522,1673.2242345809934,1650.0673176720736
1799.9999999999995,1675.3308728337286,1663.2445126771925,1610.937843620777,1661.2410831451414,1652.6885780692098
1631.0,1678.2030117511747,1655.1663070917127,1603.484288305044,1651.98727697134,1647.2102210298178
1450.0,1630.440261363983,1649.9019426107404,1519.6749205887315,1638.864079415798,1609.7203009948132
1531.0,1664.831508696079,1653.8280484080312,1558.941232562065,1639.563509225845,1629.291074723005
1802.9999999999998,1652.42501437664,1659.2857313156126,1562.977816313505,1644.9473482370374,1629.9089775606988
1373.0,1618.8998854160307,1661.9694459438322,1548.3945824205873,1648.9812690019605,1619.5612956956027
1719.9999999999998,1562.704320400953,1663.343978822231,1555.4828047752378,1653.812502324581,1608.8359015807507
1413.0,1566.2622143328188,1661.4215904474256,1526.8089175224302,1650.60626655817,1601.2747472152112
1450.0,1612.9797065258024,1662.0074474811552,1558.299668729305,1653.237153291702,1621.6309940069912
1450.0,1646.3721179962156,1665.2129635214803,1553.9067485928533,1656.0996478796003,1630.3978694975374
1999.9999999999998,1668.5393935441969,1667.6931396126745,1572.1506533026693,1658.180807828903,1641.640998572111
1767.0,1681.1750486493108,1668.2425785064695,1556.3248123228548,1658.7803396582601,1641.1306947842238
1450.0,1648.2105863094328,1662.9645392298696,1547.2535286843774,1651.7779806256292,1627.5516587123273
1479.0,1643.0487108230589,1660.4508239030836,1574.9877415597437,1645.1174914836881,1630.9011919423936
1450.0,1656.264321208,1656.6526854038236,1553.8185821473596,1641.9866830110548,1627.1805679425595
1900.0,1664.0711900591848,1659.091837108135,1519.539108276367,1644.2518049478529,1621.738485097885
1490.0,1693.554625213146,1666.4611124992368,1509.0311074256895,1654.1431444883344,1630.7974974066017
1343.0,1684.3797010183332,1666.9719740748403,1550.5829815566537,1654.958162307739,1639.2232047393916
2306.0,1657.0249277353284,1669.4062316417692,1525.817278921604,1657.6872196793554,1627.4839144945142
1363.9999999999998,1666.6822123527525,1673.7942576408384,1571.268197149038,1667.9365509748457,1644.9203045293687
1826.9999999999995,1671.6647320985792,1666.3930264115331,1538.7110997736452,1654.8595598340032,1632.9071045294402
1450.0,1670.6853288412092,1667.4033778905866,1499.8628766834734,1654.333871901035,1623.071363829076
1401.0,1661.0910922288892,1672.3883447051046,1487.3330932855604,1659.1963413357732,1620.0022178888319
1450.0,1753.6809742450712,1676.231538057327,1533.7935712933538,1661.5966278314588,1656.3256778568027
1626.0,1719.100582897663,1675.4327860474584,1522.5495785474775,1659.1989323496816,1644.07046996057
1900.0,1627.5645238161085,1676.946082115173,1537.0750184357164,1661.5960520505903,1625.795419104397
1430.0000000000002,1633.7913060188291,1679.4160380959509,1545.976662635803,1667.3302537202833,1631.6285651177166
1799.9999999999995,1625.2855831384657,1672.4725526571272,1499.711086452007,1659.6160855889318,1614.271326959133
1999.9999999999998,1607.5446230173109,1665.6800657510755,1527.3995247483251,1657.9107666015623,1614.6337450295684
1771.9999999999995,1563.1196023523805,1662.4313661456106,1475.8145250380037,1653.7389463186262,1588.7761099636552
1688.9999999999995,1649.8260834813116,1663.0903473496435,1484.0705749392507,1654.027700424194,1612.7536765486
1715.0000000000002,1665.5476361513136,1665.5902439355848,1564.343208670616,1658.0051946640012,1638.3715708553789
1450.0,1653.6672616004942,1671.071677803993,1598.826221078634,1668.824117183685,1648.0973194167016
1268.0000000000002,1621.7055216431615,1673.990311026573,1593.2620187103746,1670.527708828449,1639.8713900521395
2273.0,1628.7319195270536,1674.6045252680776,1628.4918189048765,1669.4345888495443,1650.315713137388
1710.0,1652.577020525932,1676.405135989189,1622.8675913810728,1672.727623581886,1656.14434286952
1450.0,1653.0642750859258,1670.7846510410307,1589.6902340650556,1662.390629649162,1643.9824474602935
1259.0,1594.221773445606,1672.8304004669187,1574.781252145767,1663.3552065491674,1626.2971581518648
1450.0,1615.098724067211,1672.907699048519,1589.6842603385446,1664.6092572808263,1635.5749851837752
1626.0,1631.0131633281705,1674.69276368618,1618.2485333085058,1665.3171798586843,1647.3179100453851
1512.9999999999998,1623.3427545428274,1675.446460843086,1603.592463135719,1667.4825477600095,1642.4660565704105
1657.0,1631.3946181535719,1666.6203159093855,1606.7506931722162,1657.1013626456258,1640.4667474701998
1450.0,1638.361422717571,1661.9861435890195,1602.7382922172544,1650.0735253095625,1638.2898459583519
1490.0,1624.0298050642011,1661.4703878760336,1564.4080559909341,1646.8803885579107,1624.1971593722699
1452.0,1662.131096422672,1657.6644763350484,1572.0475885272024,1641.290995776653,1633.283539265394
1254.0000000000002,1689.7114318609235,1655.7429516315458,1562.6873348653314,1641.1808776855466,1637.3306490108369
1586.0,1620.7503011822698,1656.315421760082,1571.3687428832052,1643.1480330228803,1622.8956247121093
1450.0,1635.3988862037656,1655.7737559080122,1600.6271916627882,1638.41468244791,1632.553629055619
1333.0,1674.8521110415456,1657.878954708576,1591.4037579298017,1639.764312803745,1640.974784120917
1450.0,1609.3577569723127,1659.2983984947202,1480.5509704351423,1640.0067165493963,1597.3034606128929
1533.0,1629.445743858814,1663.7818601727483,1510.0068400800226,1646.7673915624616,1612.5004589185116
1446.0,1654.3819496035574,1664.4923737645147,1529.326663315296,1653.36526453495,1625.3915628045795
1450.0,1577.8809684514997,1663.3533352613447,1517.9053300619123,1658.2401132583616,1604.3449367582796
1354.0,1559.246540367603,1665.2692461013792,1543.7335643172262,1663.6150276660917,1607.966094613075
2269.0,1631.4038306474683,1668.8498833775518,1551.3294094800947,1666.9675117731092,1629.637658819556
1866.0,1663.6482790112493,1673.9376270771024,1515.7439926266668,1671.9844344258306,1631.3285832852123
1568.0,1672.6660150289533,1677.3338705301283,1443.2497265934942,1675.4146489500997,1617.1660652756689
1450.0,1693.2660150527952,1679.2800098657606,1514.685563445091,1680.9447363018987,1642.0440811663864
1453.0,1694.4050535559652,1682.8001901507375,1576.1141848564146,1686.44257992506,1659.9405021220443
2120.0,1717.816159725189,1686.1991685628889,1586.082535088062,1689.769441783428,1669.966826289892
1634.0000000000002,1720.045439302921,1691.3018825650213,1598.6180762946603,1696.2455371022222,1676.5527338162062
1238.0,1682.616228163242,1691.0763204097746,1568.6915777623651,1696.4833346009252,1659.7168652340767
1385.0,1661.5275341272352,1687.6731675863264,1559.7176010906694,1690.972679853439,1649.9727456644175
1370.0,1635.852025747299,1681.08724206686,1560.2129165828226,1682.2792524099348,1639.857859201729
1485.9999999999998,1638.9952135086057,1669.5447069406507,1582.3130416870115,1666.2177011370657,1639.2676658183334
1848.0,1661.7027154564855,1662.8305262327192,1571.1880916357038,1650.1368612051008,1636.4645486325023
1358.0,1613.254066109657,1663.275460898876,1497.2729423642156,1650.3562337160108,1606.0396757721899
1718.9999999999998,1544.2623470723627,1665.4760953783987,1514.9589154124258,1654.625936746597,1594.830823652446
1450.0,1624.5634099841116,1666.4544910192487,1604.2659828066824,1656.2987241148946,1637.8956519812343
1450.0,1625.261976122856,1671.8387618660925,1574.6396100521085,1663.240770101547,1633.745279535651
1450.0,1600.1994584500787,1677.7759262919424,1575.695592164993,1670.819773674011,1631.1226876452563
1590.0,1594.9240101873872,1677.8825896978376,1584.875122606754,1669.3618965148924,1631.7609047517178
1450.0,1638.984561562538,1677.8251555562017,1577.9991474747656,1668.0619272589681,1640.7176979631183
1699.9999999999998,1671.3191196322439,1677.4526253342626,1588.2368911802766,1666.726115643978,1650.9336879476903
1450.0,1687.558731138706,1673.6648508906362,1522.1230688691137,1662.168954014778,1636.3789012283085
1571.0,1667.61555314064,1676.7981064319608,1478.595042824745,1667.4848508834837,1622.6233883202074
1354.0,1644.186741709709,1674.1757124662397,1507.7104820311067,1662.3108839988706,1622.0959550514815
2166.0,1642.6822263002393,1673.4358340501783,1557.873374968767,1662.410062253475,1634.1003743931649
1295.9999999999998,1616.7143651843069,1672.8868269920347,1555.3885926306245,1663.3446985483167,1627.0836208388207
1932.9999999999995,1627.860475182533,1667.6398798823354,1543.0426272749899,1656.151468157768,1623.6736126244066
1450.0,1642.8235805034635,1667.7890071272848,1482.1226362884042,1651.6788023710249,1611.1035065725443
1572.0,1644.9879407882688,1668.6755657196043,1472.1676009893415,1650.2780714631078,1609.0272947400806
1450.0,1663.9495563507078,1668.0352973937986,1497.1685820817945,1651.5907078981397,1620.1860359311102
1400.0,1632.755188345909,1673.0941081047056,1497.454601228237,1659.749810695648,1615.7634270936248
1504.0,1657.4833932518957,1674.7738048434255,1594.968705177307,1667.6701083779333,1648.7240029126403
1798.9999999999995,1648.9639955759046,1677.815799117088,1587.9008510708807,1673.2417958974836,1646.9806104153392
1448.0,1696.7378297448156,1681.2070044875143,1611.5988400578497,1679.1346251964567,1667.169574871659
1799.9999999999995,1699.127176403999,1680.7576075196264,1583.600847572088,1676.4929425716398,1659.9946435168383
1450.0,1727.9677522182462,1677.0442527532575,1615.7880777120588,1676.3763469457624,1674.2941074073312
1450.0,1677.1182405948637,1675.5807617306707,1588.8434043526647,1674.8141095042226,1654.0891290456054
1450.0,1670.7820600271223,1679.1151925921438,1597.1712109446523,1678.7705877423284,1656.4597628265617
1450.0,1668.6830508708952,1683.207843005657,1631.6563105583189,1684.2135882377622,1666.9401981681583
1450.0,1670.0131046772,1686.7396828532217,1627.4794521927831,1689.823853075504,1668.5140231996772
1450.0,1678.489030897617,1687.2249221801756,1628.4083306789396,1691.587038040161,1671.4273304492233
1450.0,1704.7649347782133,1686.2820810079572,1636.762047410011,1691.2990036606786,1679.777016714215
1450.0,1700.0013557076452,1685.299223065376,1606.9770470261572,1691.02032572031,1670.824487879872
1450.0,1683.9134624600408,1686.0211083292959,1595.888011306524,1692.8517407178877,1664.668580703437
1519.0,1682.2950863838194,1685.8842164278028,1604.601087272167,1692.7463728189466,1666.381690725684
1345.0,1614.7801733016965,1670.0420376658437,1497.3353426158426,1675.583352744579,1614.4352265819905
1050.0,1572.1782907843588,1658.0806219577787,1510.8638179302213,1667.786991894245,1602.227430641651
1450.0,1615.784047245979,1650.8355712890623,1573.5667863488195,1662.949856817722,1625.7840654253957
1450.0,1781.6534164547918,1650.2223646640775,1591.581098437309,1660.7274866104124,1671.0460915416477
1452.0,1745.9393125772474,1652.135972380638,1539.5136663317678,1661.2032255530355,1649.6980442106722
1450.0,1495.39222612977,1652.989423573017,1522.3707985877988,1659.4391769170759,1582.5479063019154
1900.0,1458.9090229570863,1654.6501195430753,1556.1715106666086,1660.7821857929227,1582.6282097399232
1450.0,1521.3068275153635,1657.4249514937399,1494.0639716386793,1664.25817489624,1584.2634813860057
1638.9999999999998,1406.5217445790765,1657.8950765728948,1509.2538626492021,1664.904201030731,1559.6437212079761
1295.9999999999998,1466.6844397783277,1656.1835679411886,1502.4497881531713,1662.5937363505361,1571.977883055806
1450.0,1478.9418068528173,1654.052459001541,1486.858074069023,1661.837880015373,1570.4225549846885
1900.0,1466.0220038890836,1653.1481951475141,1488.6923679709432,1658.5177835822103,1566.5950876474378
1358.0,1511.468243896961,1656.1723402142522,1467.9017844796178,1658.2313326001165,1573.443425297737
2099.9999999999995,1495.1238402724264,1656.736749410629,1474.9258072674272,1657.500090897083,1571.0716219618914
1799.9999999999995,1455.3674668073652,1656.2788596749303,1506.124997437,1653.0467137694357,1567.7045094221828
1450.0,1533.0980280041692,1652.9393306374548,1569.4968792796133,1648.241246640682,1600.9438711404798
1442.0,1499.0240359306333,1652.387012839317,1552.5524400174615,1643.8715016841886,1586.9587476179001
1756.9999999999998,1517.4094387888906,1653.0219551920889,1554.4324365258215,1641.7755153775213,1591.6598364710806
2362.0,1547.8343476355074,1656.4210775494573,1559.2500670254228,1645.5035525560377,1602.2522611916063
1416.0,1536.5417014062402,1659.2454266548154,1537.5069260597227,1652.8715324401853,1596.541396640241
1450.0,1553.8297379016874,1649.1678220033643,1558.4181356430051,1640.4985773563383,1600.4785682260988
1387.0,1553.6649206280706,1646.201111078262,1559.842473566532,1631.8689176440237,1597.894355729222
1562.0,1634.3806177377699,1641.926226019859,1553.0294744670389,1621.788578033447,1612.7812240645287
1694.9999999999998,1668.7721529603002,1642.31372654438,1610.3463727235792,1617.9010495543478,1634.8333254456518
1633.0,1646.843826472759,1642.0896038413046,1599.2778491973875,1615.7794409990308,1625.9976801276205
1417.9999999999998,1603.1995646655557,1646.1949214339254,1554.8308049142358,1623.7627866864202,1606.9970194250343
1500.0,1619.4523471593855,1647.5242555141447,1557.5943371653555,1628.616043627262,1613.2967458665369
1419.0,1663.5738593339918,1643.323646187782,1619.2178604006765,1626.127374768257,1638.0606851726768
1906.9999999999995,1652.4735239148138,1641.2064999341962,1626.4359933137891,1625.3741094470022,1636.3725316524503
1799.9999999999995,1661.3353672623632,1641.6065236926077,1635.0210300087926,1625.8302718400953,1640.9482982009647
1450.0,1642.344098985195,1645.196661353111,1620.1591181755064,1633.1973880529401,1635.2243166416881
1812.0,1597.6189525425432,1648.1774789094923,1610.537388026714,1639.752221405506,1624.0215102210639
1303.0,1580.922171026468,1651.2082454562185,1567.3573495447633,1645.5812829732893,1611.2672622501848
1720.9999999999998,1571.1207252740858,1653.4594047069547,1545.913758575916,1648.2649976015089,1604.6897215396164
1475.0,1702.4099910259245,1658.7152764201162,1601.888223737478,1655.2934107184408,1654.5767254754899
1924.0,1722.3618057370184,1660.7290700078008,1607.728297114372,1656.0389029979704,1661.7145189642904
1760.0,1691.764234602451,1662.8442010283468,1631.612983047962,1658.8708811998365,1661.273074969649
1457.0000000000002,1644.1376563906667,1656.3898414373396,1627.2537460923193,1653.326255381107,1645.2768748253582
1657.0,1620.4968136548994,1649.6196660399435,1614.1014716029165,1645.8614003658292,1632.5198379158971
1639.9999999999998,1626.2872979044912,1649.7791573405264,1638.4718286991117,1645.856794118881,1640.0987695157526
1450.0,1664.0667277574537,1651.0834449529646,1581.2420172989366,1644.6426162123678,1635.2587015554307
1490.0,1688.0883055925367,1654.2790287733076,1579.9777464568613,1646.565868258476,1642.2277372702954
1425.0,1669.4566124677656,1652.000375986099,1564.10757035017,1642.022669315338,1631.896807029843
1476.0,1660.0567018985746,1652.1037286520002,1572.6832506060598,1644.8832926154134,1632.431743443012
1799.9999999999995,1617.9864090681074,1653.7189379334447,1557.4736391007898,1644.6393054723737,1618.454572893679
1292.0,1643.8408413529394,1659.190583527088,1588.9654698967931,1651.0368067026136,1635.7584253698585
1369.0,1636.5124464035032,1661.3120481371877,1585.77089369297,1654.7606694698331,1634.5890144258735
1450.0,1653.8389882445333,1657.3439103364942,1612.6368290185926,1649.8899951577184,1643.4274306893346
1749.9999999999998,1709.1680750250814,1656.1235427856443,1642.8651806712148,1644.8333436250684,1663.2475355267522
1548.0,1730.1105207204816,1647.4178799986837,1637.367768883705,1632.6118189096449,1661.8769971281288
1450.0,1688.934559524059,1646.9070184230802,1593.12771782279,1631.2554231286047,1640.0561797246335
1900.0,1634.0979093313215,1648.9150542020795,1537.3072020709512,1631.367556452751,1612.9219305142758
1715.0000000000002,1655.5176773667333,1654.7477144002912,1557.054254710674,1638.0762672424314,1626.3489784300325
2358.0,1613.7152665853498,1657.1576452255247,1534.8018355667589,1642.6881280541418,1612.0907188579438
1367.0,1575.9279917180536,1660.9482985734937,1573.1163817644117,1652.0985466241834,1615.5228046700356
1456.0,1562.438669502735,1654.9259185791013,1579.522591680288,1648.4927189350126,1611.3449746742842
1347.0,1576.302609145641,1652.468341886997,1590.5903954803941,1639.5889875292776,1614.7375835105775
2099.9999999999995,1685.0717896223066,1651.884212195873,1648.7361302971838,1639.4282007217405,1656.280083209276
1491.0,1733.6514291167257,1651.1584404110906,1629.8002809286115,1637.0755600929258,1662.9214276373384
1665.9999999999998,1619.0932038426397,1644.6459269523618,1564.6629109978674,1624.1286954283712,1613.13268430531
1799.9999999999995,1588.5879015922544,1645.4449668526647,1603.2585102319715,1624.0323960781095,1615.33094368875
1625.0,1566.4374676346777,1643.4533408284185,1563.82543772459,1624.4656711816785,1599.5454793423412
1450.0,1501.11052185297,1645.1242569088934,1584.1401383280752,1623.6500775814054,1588.506248667836
1388.0,1550.6029179692266,1649.315221905708,1616.2358912825582,1628.5046300292013,1611.1646652966735
1450.0,1588.2445202767847,1650.794115066528,1620.3767633438108,1634.9135029315946,1623.5822254046795
1399.0,1619.7658598423002,1653.252267539501,1612.9941010475156,1640.876145660877,1631.7220935225484
1450.0,1641.5584459900854,1647.0334023237226,1629.275312721729,1637.7063280344007,1638.8933722674844
1812.0,1634.807415306568,1647.3536804318426,1599.6741303801534,1636.374258995056,1629.552371278405
1900.0,1626.0182642936704,1649.9704605340955,1569.8868268728254,1638.6782461404798,1621.1384494602678
1347.0,1678.606202304363,1656.2234407663343,1559.921787381172,1645.6161177158353,1635.0918870419262
1928.0,1687.198292315006,1659.9894794821737,1562.8778463602064,1648.4655132889745,1639.6327828615902
1500.0,1630.0232520699499,1665.4745119810102,1535.4541233181951,1655.9771504998205,1621.732259467244
1699.9999999999998,1560.4392704367635,1667.0766222476957,1525.7265934348104,1656.4508742094038,1602.4233400821684
1450.0,1673.066326677799,1667.5075942277906,1603.789955973625,1655.30449450016,1649.9170928448436
1450.0,1668.4697240591047,1671.222676336765,1576.671180874109,1660.9501698613165,1644.3284377828238
1382.0,1576.6899657249448,1673.2366138696668,1535.5204100906847,1664.625235199928,1612.518056221306
2498.0,1564.011630862951,1672.8881224989889,1543.6831834912298,1663.2823702692983,1610.966326780617
1550.0,1605.349170565605,1675.0693243741987,1555.4241470992563,1668.557962477207,1626.1001511290667
1699.9999999999998,1575.4610334336755,1664.11811619997,1476.9677421450613,1655.4036727547643,1592.9876411333678
1799.9999999999995,1506.5976415574548,1661.2556216120718,1473.9051637053487,1646.6166809201238,1572.0937769487498
1552.9999999999998,1623.7076556682584,1662.8706869482992,1564.1023883223531,1646.0325512289999,1624.1783205419777
1385.0,1683.0584278702734,1662.4109259247778,1531.3479420542715,1642.1654629707334,1629.745689705014
1500.0,1617.8939962387083,1661.8282356858251,1504.765434861183,1644.0584865212438,1607.13653832674
1450.0,1513.7068799138067,1658.0069220066068,1470.2232609689233,1636.943418383598,1569.7201203182337
1799.9999999999995,1589.700454175472,1658.2432800531385,1569.7433134913442,1636.969328522682,1613.6640940606592
1718.9999999999998,1590.9211815893648,1654.5929732918737,1576.9732499122617,1638.7071791291235,1615.298645980656
1900.0,1513.78151550889,1652.2026190161703,1505.3635272383688,1636.1497044563291,1576.8743415549395
1900.0,1489.9163341522215,1658.8481378555296,1521.7655089497564,1644.9323779344556,1578.8655897229908
1443.0,1581.4647005498407,1666.923752427101,1576.29915446043,1655.5198365449903,1620.0518609955905
1932.0000000000002,1612.344044446945,1665.4402530193327,1584.7137600183485,1651.0005325078962,1628.3746474981306
2125.9999999999995,1576.025010794401,1668.8865894079206,1556.3752651214597,1655.2233093976972,1614.1275436803696
1450.0,1614.3183970451353,1674.2416393756864,1599.4665613770483,1664.3120104074476,1638.0846520513294
1692.9999999999998,1664.7291636466978,1675.4893565177915,1607.6623702049253,1664.0461435914037,1652.9817584902046
1369.0,1705.6611377000806,1677.6977640390394,1604.8478093743322,1664.8993068933485,1663.2765045017002
1450.0,1691.6713899374006,1674.5683950185773,1608.487176299095,1660.019132196903,1658.686523362994
1417.0000000000002,1665.0016519427297,1675.3793823719022,1611.4348864555357,1662.484913766384,1653.5752086341379
1699.9999999999998,1632.8121906518934,1668.0154329538343,1586.778006404638,1656.3943037390707,1635.999983437359
1450.0,1600.2109740674493,1661.8016058206556,1557.1482509374616,1646.0246342420576,1616.296366266906
1401.0,1584.2816364765165,1663.43840688467,1536.4811004698274,1645.8376494050024,1607.509698309004
1450.0,1600.827347487211,1663.9435106515882,1517.5296330451963,1648.7693816423414,1607.7674682065842
1450.0,1585.0695206224916,1668.6516708135603,1522.9347759485242,1654.1581147909162,1607.703520543873
1375.0,1621.160832941532,1672.8509846329687,1586.1599056422708,1659.792130589485,1634.990963451564
2099.9999999999995,1630.739955306053,1672.8291049599645,1564.853134602308,1663.503470122814,1632.9814162477849
1450.0,1576.6933484375475,1673.183498084545,1516.863742470741,1665.2632004022596,1608.0009473487733
1430.9999999999998,1653.5700985789297,1674.5237720012663,1574.0875801444051,1666.8411278724668,1642.255644649267
1439.0,1726.2183859944341,1669.662166237831,1581.6562916338441,1663.7491846084592,1660.321507118642
1744.9999999999995,1689.2372763156889,1666.3900035619733,1543.591058552265,1658.0783188343046,1639.324164316058
1450.0,1699.4399693608282,1664.6694263815878,1570.0345146656034,1657.9195472598074,1648.0158644169567
1767.0,1630.5257648229597,1666.0304284095762,1510.1845404505727,1662.7435833215711,1617.37107925117
1706.0,1578.1215728819368,1661.183073222637,1534.901229739189,1661.0716596245763,1608.8193838670848
1593.9999999999998,1568.9322541654108,1659.3348166346548,1555.5094346404073,1658.7718468904493,1610.6370880827305
1450.0,1588.3879616856573,1650.0293341279028,1567.6894311606882,1645.1213780045507,1612.8070262446997
1900.0,1641.6809433698652,1649.3284648656843,1552.8604108095167,1637.8941765427587,1620.4409988969562
1450.0,1677.4439886212347,1653.178423643112,1483.838535249233,1638.1122535467146,1613.1433002650735
1450.0,1666.7921864986417,1658.5428300499914,1440.645253807306,1642.535258233547,1602.1288821473715
1450.0,1629.9232101440427,1662.7159458398817,1502.996636033058,1647.0450618863104,1610.6702134758232
1378.0,1629.7163608670232,1666.308242678642,1546.4249080419538,1651.2996506690977,1623.4372905641792
1799.9999999999995,1616.2000489234922,1660.5917462706564,1539.677763879299,1646.1374872922895,1615.6517615914343
1450.0,1609.5018461346624,1654.122128486633,1522.123860567808,1640.85541754961,1606.6508131846783
1450.0,1574.8301215469835,1654.9293732643125,1473.4287770092485,1637.8931689262388,1585.2703601866958
1308.9999999999998,1655.472910404205,1659.5811069011686,1500.7470601797102,1641.9173014163969,1614.4295947253702
1550.0,1690.9097757935522,1657.214503586292,1525.393936038017,1636.041025817394,1627.3898103088138
1450.0,1652.6675620675085,1656.600865125656,1489.4830590486524,1631.7818307876585,1607.6333292573688
1337.0,1612.3833414912222,1661.1858081817625,1493.3792242407796,1637.5382000207899,1601.1216434836385
1380.0,1662.2999441623685,1662.604532241821,1522.745631933212,1643.520131409168,1622.7925599366424
1799.9999999999995,1658.4237873554227,1657.02334433794,1522.429672181606,1640.507070124149,1619.5959684997795
2099.9999999999995,1590.76881557703,1655.4747816920278,1499.583982825279,1639.738258719444,1596.3914597034452
2236.9999999999995,1573.624940216541,1654.012442231178,1478.2567715644834,1639.6118748188017,1586.376507207751
1450.0,1621.2708070874212,1650.2691468596456,1498.342239409685,1639.6690210700033,1602.3878036066887
1718.9999999999998,1614.9937880039213,1648.0909678339956,1488.232247084379,1633.2250255346296,1596.1355071142314
1987.9999999999995,1615.3047096729276,1647.4542981386182,1422.9950511455534,1631.426142156124,1579.2950502783058
1490.0,1614.9442708492277,1651.9032129645345,1502.1146117150781,1638.4626162052152,1601.856177933514
1436.0,1610.8267179131506,1650.4054629802702,1481.8958505988119,1633.0900049209592,1594.054509103298
1514.0,1598.428788334131,1650.6016603112218,1477.572815865278,1625.9878918528555,1588.1477890908716
1710.0,1596.4101725816724,1656.0712906718252,1534.6467345952985,1624.5459926128385,1602.9185476154087
1900.0,1580.4957333207128,1659.9069988727567,1521.8950596451757,1625.4724240303037,1596.9425539672372
1089.0,1544.074786454439,1670.7334065437315,1493.8828885555265,1638.448221683502,1586.7848258092997
1412.0,1575.6632044911382,1677.7714639902113,1569.7929026186464,1646.1351841688154,1617.3406888172028
1450.0,1648.8904395699499,1680.580267012119,1651.9478359818456,1655.3029111027715,1659.1803634166715
1353.0,1633.909628987312,1682.0060443878172,1619.1512137651441,1660.3494864702222,1648.854093402624
1283.0,1647.1974998712537,1682.0256209373472,1568.6155027151106,1661.8613430857656,1639.9249916523693
1480.0,1645.5024009943006,1675.6384837627409,1534.3642421066759,1654.5578506588934,1627.5157443806527
1992.9999999999998,1650.9468409419057,1672.755836844444,1521.07457190752,1649.2491510510442,1623.5066001862285
1787.0,1614.077144861221,1673.5815066099165,1457.4481949210165,1653.797388076782,1599.726058617234
1450.0,1598.6930717527864,1678.0923178791998,1476.776798814535,1663.0285948514936,1604.1476958245037
1450.0,1679.093744754791,1680.1141723990438,1591.528486460447,1667.250652015209,1654.4967639073727
1408.0,1730.594176650047,1680.0259339809415,1580.9739913046358,1668.7820851802824,1665.0940467789767
1900.0,1667.7786430716512,1674.1165509819982,1512.1681055426595,1665.175681710243,1629.809745326638
2406.0,1601.4481832087038,1672.568995952606,1506.357325017452,1663.0287387967107,1610.8508107438681
2345.9999999999995,1615.6935057044027,1673.1777402758596,1573.236791938543,1666.0577780008314,1632.0414539799092
2107.0,1592.5118482112882,1673.15211802721,1563.2456983625887,1665.2480861544607,1623.539437688887
1439.0,1504.397366940975,1669.5166376233099,1441.2215384840963,1657.1724715828893,1568.0770036578176
1340.0,1518.3071531355379,1667.8817078471182,1471.518695950508,1652.3665726184843,1577.518532387912
3600.0,1584.181306660175,1659.1121333837507,1568.160060048103,1639.8725596070287,1612.8315149247644
1600.0,1661.814992725849,1661.8210384249685,1698.2766041159628,1637.5659814476965,1664.8696541786192
1450.0,1616.1866620182989,1658.7729984521864,1508.6319473385809,1633.3240598440168,1604.2289169132707
1219.0,1512.1773900091646,1659.1956216096876,1469.122295975685,1629.6035078167913,1567.524703852832
1572.0,1604.4341108202932,1659.996388852596,1598.753888607025,1629.7861742973325,1623.2426406443117
1699.9999999999998,1679.2290532588956,1661.185232400894,1653.939749896526,1634.8919111490247,1657.311486676335
1450.0,1626.9533324241636,1661.1541402339933,1608.418946266174,1638.4261980652807,1633.738154247403
2034.0,1652.8047418594358,1666.8008232116697,1615.6608301401136,1649.3450185656545,1646.1528534442184
1372.0,1684.549988210201,1673.4122270345686,1636.0872322320936,1658.6424401402471,1663.1729719042776
1450.0,1671.7179918289182,1673.9959248900411,1665.8137908577917,1664.677199423313,1669.051226750016
1379.0,1606.513255536556,1678.3910042047498,1683.333795070648,1671.501642167568,1659.9349242448804
1271.0,1690.2182629704473,1680.6900972127912,1700.6112515926359,1673.7718021869657,1686.32285349071
1900.0,1749.259265065193,1675.638627707958,1648.8240808248518,1666.1065754294393,1684.9571372568605
1709.0,1732.7389603853223,1678.093613386154,1636.6867640614507,1669.9487611651418,1679.3670247495172
1490.0,1717.2924870252607,1677.7432507276533,1628.6564922332761,1671.9854420423505,1673.9194180071352
1450.0,1693.532889485359,1674.6913242340086,1612.2841632366178,1669.5223954319952,1662.5076930969951
1332.0,1658.2370904088018,1678.869046270847,1586.9727642834184,1676.5378534793851,1650.1541886106131
1799.9999999999995,1624.8728922009466,1681.4724394679067,1624.9594032764433,1681.8808120489118,1653.296386748552
1600.0,1636.7300915718076,1683.7751311063764,1644.1143372654913,1683.3300524950025,1661.9874031096695
1450.0,1650.639805793762,1681.5370708703992,1625.88525891304,1677.5785773992536,1658.9101782441137
1450.0,1645.0329956412313,1683.4964531660078,1567.5351938605306,1679.1336175799368,1643.7995650619266
1829.9999999999998,1691.1672937870023,1686.2422081828115,1627.8339892625806,1682.0945706963537,1671.834515482187
1450.0,1689.424261152744,1679.8235470056532,1647.4851024150846,1676.9325512647627,1673.4163654595611
1450.0,1608.067000210285,1678.78958851099,1649.4773042201994,1674.8964461684225,1652.8075847774742
1450.0,1596.558939963579,1680.0473818182943,1644.7176116704939,1677.3790693283079,1649.6757506951687
1450.0,1629.1827559471128,1680.5809867382047,1646.7904227972028,1679.1867333650587,1658.9352247118948
1450.0,1665.7042485475538,1680.0597611069677,1648.2511788606641,1679.855934679508,1668.4677807986734
1450.0,1645.095755755901,1680.9886395931242,1616.7273202538488,1682.6788443326948,1656.3726399838922
1450.0,1643.3078122138975,1681.3096374273298,1612.9687666893003,1683.4935742616651,1655.2699476480482
1266.0,1650.8282300829885,1682.4354329705236,1636.4712780714033,1685.8152666687963,1663.887551948428
1749.9999999999998,1669.0203145146368,1680.9067347645757,1677.6036238670347,1686.7591154575346,1678.5724471509454
1420.0,1599.6839186549184,1668.1294375658033,1535.466574579477,1680.7859647274015,1621.0164738819
1705.0,1603.252968341112,1658.4774789214132,1599.5430682599542,1674.7368109226225,1634.0025816112754
1985.0,1668.7355908751485,1653.3759164810178,1624.0434798598287,1667.7428007125852,1653.474446982145
1564.0,1750.9583944082258,1654.9401691555975,1615.580796599388,1667.3587548732755,1672.2095287591217
1450.0,1701.2228748202322,1659.3280512094495,1562.2958758473394,1670.131283700466,1648.2445213943718
1450.0,1660.6070044636724,1663.2825142145155,1606.606532037258,1671.2455636262891,1650.4354035854337
1379.0,1593.0926671624181,1666.661052405834,1589.7184473276136,1671.914333105087,1630.3466250002382
1378.0,1472.2056025266645,1666.8389686942098,1568.4259988367555,1667.87710160017,1593.83691791445
1490.0,1542.7684836089609,1663.2751730084417,1614.6402585506437,1664.3347537517545,1621.2546672299502
1450.0,1568.8807217776773,1655.292547047138,1572.275669723749,1651.119863092899,1611.8922004103658
1420.0,1561.2887631356714,1654.7501614689825,1547.3280203342435,1649.1167214512823,1603.120916597545
1665.9999999999998,1602.6098930835722,1653.031887412071,1517.059220075607,1644.105268716812,1604.2015673220155
1367.0,1632.74007409811,1653.5130962729452,1533.6278903484342,1645.9123569726942,1616.4483544230459
1450.0,1537.38457262516,1645.9116372466085,1542.8762985765932,1632.5474753975866,1589.679995961487
1829.9999999999998,1518.8018928468225,1645.9356760978696,1556.843518912792,1629.6623814105985,1587.8108673170207
1400.0,1529.7167548537252,1640.922783911228,1497.022621631622,1624.9952456355093,1573.1643515080211
1439.0,1528.2426838576791,1640.306122601032,1518.2048800587652,1619.5033037662504,1576.5642475709317
1689.9999999999995,1615.77094823122,1641.7932206392286,1596.8723806738851,1621.3386052846906,1618.943788707256
1750.9999999999998,1635.2301824092863,1640.4620152711866,1543.621574938297,1619.143440723419,1609.6143033355472
1612.9999999999998,1627.9497212171552,1644.4064021110532,1523.7757039070127,1625.2400964498518,1605.3429809212682
1294.0,1607.9751631617544,1647.158778607845,1508.9558240771291,1633.5386821627615,1599.4071120023725
1450.0,1622.7306994795797,1638.4616085886953,1583.4137907624242,1627.4031612277029,1618.0023150146005
1691.9999999999998,1619.3592146039007,1635.9566739201543,1580.1514883339403,1621.7128628492353,1614.2950599268077
1267.0,1571.0305435955522,1637.3637384176252,1509.1197776794431,1621.4292907714841,1584.7358376160262
1229.0,1590.8379092812536,1636.1830997467039,1492.8256109356878,1617.5161400437353,1584.3406900018451
1450.0,1609.870489835739,1630.8777108788488,1546.8221968412397,1617.7674683928487,1601.334466487169
1450.0,1548.0958241224287,1630.7690322399137,1529.5637410879133,1614.5610886812208,1580.747421532869
1900.0,1542.3101620376108,1635.256956219673,1506.818813383579,1617.2956159710882,1575.4203869029877
1335.9999999999998,1550.3691509366033,1641.8745496869085,1502.779422700405,1624.2434197664259,1579.8166357725856
1623.0,1545.0227376818655,1644.5969855785368,1529.4757905602453,1629.5996212959287,1587.173783779144
1363.9999999999998,1558.6793962121008,1643.7010705471037,1581.3062168657777,1630.005978643894,1603.423165567219
1080.0,1615.0208497047422,1642.4501866102216,1580.99536716938,1624.706203639507,1615.7931517809627
1359.0,1660.627156794071,1640.819719135761,1602.390880435705,1625.234914422035,1632.268167696893
1450.0,1666.4497408270834,1638.2927608489988,1574.480046778917,1625.028496980667,1626.0627613589165
1586.0,1675.8659172058103,1638.4965872764585,1584.6240821480749,1626.9110125303266,1631.4743997901676
2627.0,1630.4133436083791,1637.9896122217176,1574.9357053637502,1627.4248969554899,1617.6908895373342
1292.0,1584.728442430496,1640.1099252700803,1492.9617831110952,1631.9531255960462,1587.4383191019294
1356.0,1523.3414211869238,1639.2059493064878,1479.5735824108122,1630.0858682394025,1568.0517052859066
1560.0,1564.9813897907732,1638.121466040611,1567.8181901574133,1627.6828467845914,1599.6509731933472
1389.0,1678.5371086001394,1638.0040067434309,1588.761211633682,1624.4671106338499,1632.4423594027755
1444.9999999999998,1679.4505849480627,1638.3195346593855,1563.8215512037275,1621.7040821909902,1625.8239382505415
1558.0,1618.6263895034788,1638.5946139693258,1581.555242091417,1625.7005771994588,1616.1192056909201
1465.0,1502.1319571137426,1638.926119804382,1512.6931457221506,1628.489083945751,1570.5600766465066
1450.0,1537.3647081851957,1641.495110094547,1554.0435685217378,1635.5324673652647,1592.1089635416863
1900.0,1525.7535111904142,1644.7045126557348,1570.433026999235,1638.1064957380293,1594.7493866458533
1281.0000000000002,1531.1616049706934,1651.2639522552488,1523.8080915808675,1644.7374761104581,1587.742781229317
1749.9999999999998,1585.6452295184133,1647.0482286810873,1582.9149486124513,1643.7799525260923,1614.847089834511
1450.0,1607.8055956959722,1641.3351869583128,1580.7120110094545,1637.161639332771,1616.7536082491276
1359.0,1595.6554678082464,1641.321368217468,1561.8809537589548,1631.0904619097707,1607.48706292361
1450.0,1583.3954377472398,1641.9319838285444,1541.079502403736,1631.5916791558263,1599.4996507838366
1450.0,1538.9315518736837,1648.185827732086,1522.0544070005415,1637.6104605197904,1586.6955617815254
1622.0,1571.4729592204092,1655.1855957508085,1584.940689653158,1646.1714583635328,1614.442675746977
1450.0,1586.459239721298,1657.0024722814558,1591.7765040695665,1650.502913892269,1621.4352824911473
1932.0000000000002,1570.720269680023,1656.8547844886778,1593.2018496096132,1648.3168178796766,1617.2734304144976
1450.0,1579.9513325095174,1657.3931396007536,1530.4475647211073,1648.7585857510564,1604.1376556456087
1346.0,1651.6883027553556,1660.1337125897405,1531.2983529269693,1652.195709645748,1623.8290194794533
1213.0000000000002,1741.2615248560903,1660.9382224082945,1566.1726084351537,1652.5439131259916,1655.2290672063825
1679.0,1666.427573263645,1659.4583216309545,1557.9681628942487,1653.1718021631239,1634.256464987993
1799.9999999999995,1578.2913562655447,1657.5078639388082,1526.703261733055,1650.3556579351423,1603.2145349681375
1452.0,1568.2340478897092,1659.520649909973,1500.7212939858434,1653.0354860424993,1595.3778694570062
1426.0,1565.7963356375692,1660.7349717617033,1466.973625719547,1653.3213612437246,1586.706573590636
1400.0,1570.8835035562513,1660.302560329437,1531.203133165836,1650.783175230026,1603.2930930703876
1416.0,1600.4274676740167,1659.560810625553,1539.4108894467352,1650.075252652168,1612.3686050996182
1410.0,1599.1507455706594,1654.753904044628,1454.4765898585317,1645.9286227822301,1588.5774655640123
1541.0,1597.3992201685903,1653.0431151390073,1465.87359637022,1639.0694892406461,1588.846355229616
1669.9999999999998,1715.8993852138517,1650.3562337160108,1526.448334753513,1631.9807630777357,1631.1711791902778
1599.0,1675.0247013568876,1651.8322479724882,1511.9141142070291,1635.7118231058118,1618.6207216605542
1450.0,1617.0297491550443,1649.2474237084386,1527.5120179355142,1632.7255356311796,1606.6286816075442
1450.0,1603.1086632609365,1648.3431598544119,1510.8279035985468,1632.235114276409,1598.628710247576
1744.9999999999995,1559.7282530367372,1649.4369995594022,1463.5615482926366,1635.1677101850507,1576.9736277684567
1705.0,1594.8435448110101,1650.834275782108,1483.8182389736173,1639.163917303085,1592.1649942174552
1533.0,1624.5022332668302,1651.0592621564863,1531.6033008694646,1643.265924155712,1612.6076801121233
1461.0,1583.4448109567163,1649.299963712692,1512.6611179113386,1641.525482535362,1596.7328437790272
1425.0,1616.515864729881,1648.0637621879575,1530.3384542465208,1638.8757389783857,1608.4484550356863
1529.0,1671.8528684973714,1646.1295703053472,1572.5495974719522,1640.5875355005262,1632.7798929437993
1689.9999999999995,1667.9591503739355,1645.0052142143247,1528.157396316528,1643.5666257143018,1621.1720966547725
1467.0,1648.5016435384748,1641.4926630258558,1513.9836865663526,1638.6192286014555,1610.6493054330347
1329.0,1643.9028817415235,1644.4639801979063,1543.0567339062688,1642.425715923309,1618.462327942252
1450.0,1626.0120746493337,1646.4725917577741,1576.071289181709,1647.0629110932348,1623.904716670513
2280.0,1655.2929788827894,1650.0055831670759,1589.8094207048414,1649.001277387142,1636.0273150354622
1357.0,1677.1091720461843,1656.216531395912,1559.263309985399,1654.1756761074064,1636.6911723837254
1450.0,1645.2571183443067,1656.630373895168,1545.8868408203123,1655.965778827667,1625.9350279718635
1900.0,1601.0142603516576,1658.8266900181768,1542.7200460433958,1657.2671875357626,1614.9570459872482
1829.9999999999998,1622.542131245136,1663.560040593147,1567.5592327117918,1661.0086116194723,1628.6675040423868
1450.0,1586.9965152442453,1661.6382279992101,1518.892074525356,1655.7164657115934,1605.8108208701012
1344.0,1570.7349520921705,1666.3761848211286,1553.9926838874815,1657.6369827985761,1612.1852008998392
1767.0,1659.8170331120489,1668.7646678090093,1618.9470994472501,1659.8803690075872,1651.8522923439739
1450.0,1691.4996632933614,1663.8138160109518,1614.8603507876394,1652.799415886402,1655.7433114945886
1638.9999999999998,1683.6845895648,1660.7980197668073,1608.8428649306295,1644.6583062410352,1649.495945125818
1450.0,1666.8091720342634,1658.2277339696882,1565.8507469296453,1640.2269527316091,1632.7786514163015
1393.0,1626.8388959765432,1660.1773279905317,1531.2494115531442,1641.5752875804899,1614.9602307751773
1423.0,1584.5950771868227,1662.8928545117376,1507.846006453037,1642.8266033530233,1599.5401353761551
1959.0000000000002,1594.3229669332502,1661.954043805599,1560.541255623102,1642.775214910507,1614.8983703181145
1248.0,1617.3586639761922,1663.3510321378706,1552.8701990842817,1644.1887569427488,1619.4421630352733
1725.9999999999998,1639.2341625690458,1664.691449999809,1578.582701385021,1646.1428132653234,1632.1627818047998
1900.0,1676.6751772165296,1666.6456502676008,1599.0553098917005,1653.2076445221899,1648.8959454745052
1319.0,1654.2873775959013,1669.721903502941,1488.8925957679746,1658.4976312518118,1617.8498770296571
1520.0,1682.1776270866392,1661.4587283134458,1572.812657356262,1652.042695879936,1642.1229271590707
1694.9999999999998,1707.2636798024175,1657.3362812399862,1590.3310781717298,1647.0417511463163,1650.4931975901125
1450.0,1674.5816379785535,1651.973170340061,1501.9489307701585,1636.9680330157278,1616.3679430261252
1497.0,1656.1255580186842,1655.1075774431226,1529.3656724691389,1639.3189463019369,1619.9794385582206
1312.0,1611.610067784786,1656.9133701920507,1524.1750079393385,1639.1817665100095,1607.9700531065462
1492.0,1604.7158116102216,1652.6183328032491,1536.408480107784,1631.2477940320966,1606.2476046383379
1388.0,1549.8164732754228,1652.5154119729993,1491.8353398144243,1633.428420126438,1581.898911297321
1450.0,1510.7917733490465,1655.1321920752523,1449.8309019207952,1633.9608734846113,1562.4289352074263
1616.9999999999998,1683.599805831909,1659.7034603357313,1567.4416294693945,1640.3857243061063,1637.7826549857853
1600.0,1733.2670953869817,1662.9773503541944,1510.767950415611,1645.414882302284,1638.1068196147678
1400.0,1552.736905813217,1661.1728531122205,1460.9964445233343,1642.5022947788236,1579.3521245568988
1641.9999999999998,1575.9635461866853,1656.4036601781843,1543.1102815270422,1640.35391241312,1603.957850076258
1749.9999999999998,1570.8639989793298,1649.8983439803121,1577.1948535740373,1637.9516106843946,1608.9772018045185
1600.0,1545.0501592457292,1640.31475931406,1537.4467569589613,1630.4334959387777,1588.311292864382
1333.0,1475.8603715896604,1636.3022863864896,1430.0791710615156,1625.8743190765379,1542.0290370285509
1218.0,1519.5219787955282,1638.345156908035,1468.6847744882105,1623.702905476093,1562.5637039169667
1450.0,1634.3891105055807,1642.2253441810606,1599.1724812984464,1630.5476444959638,1626.5836451202629
1900.0,1587.3700530827043,1646.914359629154,1576.401355564594,1635.0318259000776,1611.4293985441325
1799.9999999999995,1509.3719696998594,1656.327225267887,1506.1761699616907,1645.282452702522,1579.2894544079898
1425.0,1551.1563153564928,1663.8735532760618,1530.5615693330762,1654.348986148834,1599.9851060286162
1429.0,1588.282809704542,1667.0789253711698,1529.595481008291,1658.5036769509313,1610.8652232587335
1400.0,1556.5387868881223,1666.544888615608,1542.8985381126402,1655.7125791907308,1605.4236982017753
1900.0,1574.2033120989797,1662.1643477678297,1570.6473614275453,1652.1670645475385,1614.7955214604733
1450.0,1573.3223673701284,1661.329753398895,1515.8759903907774,1649.5392006635664,1600.0168279558418
1304.0,1592.4742785096166,1662.7464622259138,1542.3984724283216,1650.4762840270994,1612.0238742977378
1376.0000000000002,1643.5623073577879,1660.1010370254514,1530.39070636034,1650.560491979122,1621.1536356806753
1432.0,1645.4903095960615,1654.4388079643247,1525.6384989619253,1640.109637379646,1616.4193134754894
1500.0,1660.0306478142736,1656.0730180144308,1523.1167946755884,1637.8306967020033,1619.262789301574
1699.9999999999998,1649.5495647192,1660.9349116683004,1515.6170329451559,1643.683077394962,1617.4461466819046
1057.0,1625.9793990850446,1665.3675606846807,1500.0858478248117,1646.427824795246,1609.4651580974457
1450.0,1686.3482958078382,1663.7886255979536,1602.8977115452287,1647.9298931360242,1650.2411315217612
2280.0,1703.5926449298856,1661.3162225484846,1585.3051589429376,1643.849190175533,1648.5158041492102
1450.0,1694.8964825272558,1662.831389904022,1534.7639060020445,1646.6964265704153,1634.7970512509344
1699.9999999999998,1640.9420725703237,1664.3651261925695,1494.1035565733907,1650.9317266941068,1612.5856205075977
1327.0,1607.3030109703539,1662.2239410877226,1447.9389579594133,1650.1155573129652,1591.8953668326137
1450.0,1581.9039493799207,1663.881470263004,1502.796984016895,1655.341488420963,1600.9809730201957
1394.0,1584.6566857397554,1667.814197540283,1556.8747550249097,1659.8786416649816,1617.3060699924824
1393.0,1630.7756537199018,1668.0014702677724,1594.5496086776254,1662.3057019710538,1638.9081086590884
1460.0,1660.0312235951421,1664.4455915689466,1591.3799349963663,1658.083212971687,1643.4849907830355
1450.0,1639.9258193373678,1660.3494864702222,1516.461487561464,1647.5576508045194,1616.0736110433934
1749.9999999999998,1620.5054503679273,1660.227564871311,1496.9583500921724,1644.6408888697622,1605.5830635502932
2186.0,1580.619814097881,1657.269778549671,1479.5738703012464,1644.7466886043546,1590.5525378882883
1380.0,1524.9851316213606,1657.784526646137,1513.24236869812,1645.1851457357404,1585.2992931753395
1600.0,1529.3219131231306,1649.6794033050535,1531.410918086767,1631.964929103851,1585.5942909047005
1372.0,1502.301812469959,1646.823242306709,1482.874246239662,1625.8302718400953,1564.4573932141063
1307.0,1539.485597014427,1649.2675760388372,1538.487121015787,1625.2258458733556,1588.1165349856017
1492.0,1649.1778981685636,1652.3199343681333,1568.6979833245275,1623.5415428876875,1623.434339687228
1765.0,1712.939871549606,1655.8566683530805,1591.760310232639,1631.3020613789556,1647.9647278785703
2014.0000000000002,1654.3368947505949,1647.8740423917768,1568.058866560459,1626.3021242618559,1624.1429819911716
1450.0,1672.8843799233434,1650.172847509384,1589.435954838991,1632.3198980093,1636.2032700702546
2168.0,1695.1315450668333,1653.653011023998,1588.0958968400953,1634.554503560066,1642.8587391227481
1450.0,1708.7048593163488,1660.5976480245588,1594.872261881828,1643.5500720143316,1651.9312103092668
1571.0,1684.4781595468519,1668.337582349777,1591.6465935111044,1654.7379261255262,1649.8000653833149
1450.0,1712.4128881096838,1671.2208050489423,1631.7516022920606,1661.035529375076,1669.1052062064407
1349.0000000000002,1686.735796332359,1674.7822976112363,1616.2789309024809,1666.5879282355306,1661.0962382704017
1219.0,1626.4518272876737,1677.0920425653455,1593.3864593505857,1668.8537698984144,1641.4460247755048
1500.0,1661.3543680310247,1678.5576927661893,1620.2296513319013,1670.9018224477766,1657.760883644223
1392.0,1690.9179806709287,1670.7662260532377,1630.9801998734472,1663.1077647209165,1663.9430428296325
1450.0,1664.9050647020338,1667.3063588142393,1625.1423576474187,1657.9110544919965,1653.816208913922
1600.0,1654.8209825158117,1666.9321012496946,1646.445242166519,1654.6479603648183,1655.711571574211
1417.9999999999998,1641.871814727783,1668.8038209080694,1541.0229319334028,1655.5296248197553,1626.8070480972526
1367.0,1665.3828188776968,1667.0789253711698,1594.9345901608465,1656.9785773754118,1646.0937279462812
1900.0,1630.5138173699377,1659.0623283386228,1587.5334309041498,1649.896040856838,1631.751404367387
1413.0,1646.8062567710874,1658.9815750718114,1585.1100412011144,1647.343316376209,1634.5602973550556
1785.0,1641.9701293110845,1661.9010719656942,1524.7399929165838,1646.7918622493742,1618.8507641106842
1450.0,1643.2928419113157,1665.4825729131696,1500.996661186218,1652.210967838764,1615.4957609623668
1900.0,1605.4911005496976,1673.4165453910825,1516.1586268246172,1662.1783104538915,1614.3111458048222
2280.0,1650.9353253245351,1682.7981749176977,1601.2768164277074,1674.5403257012365,1652.3876605927942
1356.0,1680.8369213342664,1690.4521739482877,1663.428618609905,1685.1994690299032,1679.9792957305906
1450.0,1654.8037090897558,1690.4783719778059,1654.6188834309576,1689.2369884252546,1672.2844882309435
1450.0,1638.096563518047,1691.8871638178823,1602.6925176382063,1692.9620027542112,1656.4095619320867
1685.0,1677.2626176476476,1693.2801216840742,1628.0784082412717,1694.9485906958578,1673.3924345672128
1387.0,1694.1446566581724,1688.0645546317098,1588.2730934023855,1684.4611740112302,1663.7358696758745
1450.0,1697.1188527345655,1682.0826232433317,1580.3919488191602,1676.170793175697,1658.9410544931886
1450.0,1666.3735938072202,1680.5950933694837,1583.6612325906751,1671.1327105760572,1650.440657585859
1400.0,1708.9560437202451,1679.812607169151,1616.724297404289,1668.5707736015318,1668.5159304738042
1450.0,1720.3018057346342,1678.626786470413,1586.0852700471876,1665.653435885906,1662.6668245345352
1799.9999999999995,1652.9132765531538,1677.9191517829893,1569.0093368291853,1666.1003857851026,1641.4855377376077
1349.9999999999998,1619.8967060446737,1677.663792967796,1575.1422667503355,1668.2687765359876,1635.2428855746982
1450.0,1606.5886828303335,1675.1191294193266,1551.6787645220754,1668.782660961151,1625.5423094332216
1450.0,1579.1404171288011,1674.03263092041,1561.4768995344637,1667.9123681783674,1620.6405789405105
1900.0,1609.417926073074,1676.0326057672498,1613.258240520954,1670.3158214688299,1642.256148457527
1450.0,1635.6647530198095,1677.5742590427396,1603.5606512427328,1673.2111355662344,1647.502699717879
1450.0,1612.5115966796873,1679.4187730550764,1618.7501823902128,1676.8653288483617,1646.8864702433345
1450.0,1570.6131744384763,1681.4145734906194,1595.2041275799272,1681.2497562170026,1632.1204079315064
1450.0,1615.6041157245634,1681.8203550577161,1630.9748739004133,1682.6483279466627,1652.7619181573389
1765.0,1655.3676864504812,1680.4918846487997,1648.8144364953039,1681.4017623662946,1666.5189424902198
1450.0,1648.5628202557562,1667.2978660464285,1627.9291370511053,1668.5444316267965,1653.0835637450216
1450.0,1529.433182775974,1667.1085780858991,1586.3201166689394,1665.7172036170957,1612.144770286977
1450.0,1607.0785284042356,1670.5729076266286,1621.8153518438337,1667.8799805045126,1641.8366920948026
1450.0,1668.377887010574,1674.5432046055791,1642.388722002506,1671.394259035587,1664.1760181635616
1799.9999999999995,1578.3345398306844,1668.2307749986646,1496.1221003532407,1667.8778213262556,1602.6413091272113
1287.0,1584.6916644275186,1659.1750374436376,1564.8445698618887,1661.7860597372053,1617.6243328675625
1450.0,1625.5488589406011,1644.6043267846105,1639.8941513895986,1650.5325666069982,1640.1449759304521
1759.0,1677.8350877761839,1637.8865474462507,1623.6882230639455,1638.019408881664,1644.357316792011
1450.0,1693.004178702831,1636.653512716293,1614.3694975972173,1634.1318804025648,1644.5397673547266
1500.0,1659.2550709843633,1636.0652086138723,1580.476948469877,1628.6657047271726,1626.1157331988213
1598.0,1619.0418154001234,1632.3029124736784,1583.8156138360498,1623.3601719141004,1614.630128405988
1450.0,1559.454469233751,1625.527123212814,1576.794973760843,1613.9382377266882,1593.928700983524
1308.9999999999998,1568.7976653873918,1625.1413500308988,1589.7827908396719,1607.4869729578493,1597.802194803953
1627.0,1578.012174516916,1626.332784593105,1588.9320746064184,1608.9322549104688,1600.552322156727
1450.0,1576.6971629858015,1628.1715407967565,1582.0576108992097,1610.3825029730795,1599.3272044137118
1400.0,1566.849438846111,1631.1703515052793,1551.327538192272,1611.2526518106458,1590.149995088577
1327.0,1601.7250618338583,1629.2266592383382,1571.3596743345258,1606.302015930414,1602.153352834284
1039.0,1614.7765746712682,1628.1593054533002,1608.5818922519682,1608.3543148636816,1614.9680218100546
1749.9999999999998,1577.6428830623624,1623.6338117718694,1578.3408734202383,1603.2399412989614,1595.714377388358
1450.0,1598.0833917856214,1618.1908112764356,1534.2534042894838,1596.7445573210714,1586.818041168153
1412.0,1570.8461497724054,1623.0145594477651,1495.9821856021879,1599.737754166126,1572.395162247121
1450.0,1556.3230849802492,1629.518580138683,1506.866603195667,1605.0186723470686,1574.431735165417
1450.0,1584.6118468046186,1636.2090098857877,1545.79860240221,1612.4925959110258,1594.7780137509105
1759.0,1543.0672419071195,1640.7858920097349,1506.4777351915834,1617.6669946312902,1576.999465934932
1755.9999999999998,1545.9806931018827,1645.060777068138,1471.734901666641,1619.8929634690282,1570.6673338264225
1400.0,1584.1814506053922,1649.2222332954404,1521.1691439151762,1624.5934945344923,1594.7915805876253
1823.0,1590.4493291676042,1650.1621955633161,1539.1295485198495,1624.7211739420889,1601.1155617982147
1450.0,1677.970972061157,1649.6166431903837,1572.8033009171484,1626.3755363225935,1631.6916131228206
1408.0,1658.7485277652738,1647.999130785465,1536.548034995794,1624.5808273553846,1616.9691302254794
1450.0,1639.9371910095213,1645.1508867740629,1496.4489279687402,1620.2079156041143,1600.4362303391097
1450.0,1631.9175711274145,1645.7596310973165,1475.6424385309217,1623.191324174404,1594.1277412325142
2014.9999999999995,1618.6779218912122,1646.8098554015157,1484.4962209463117,1627.733515501022,1594.4293784350155
1407.0,1619.3550401926038,1648.3754035830495,1459.6731561422346,1633.2195556163786,1590.1557888835666
1400.0,1555.702465176582,1648.4993404150007,1484.2602227628229,1639.3133324384687,1581.9438401982186
1318.0,1583.7879043817518,1643.420233428478,1519.3149855732916,1633.4688687324522,1594.9979980289934
1653.0,1623.6512291431425,1642.444140911102,1558.8259324431417,1631.7844218015669,1614.1764310747383
1353.0,1607.433929145336,1644.414750933647,1531.9291928410528,1634.8684480786321,1604.661580249667
1774.9999999999998,1583.0305366218088,1644.7803717851637,1471.1114029586313,1635.5500286817548,1583.6180850118396
1450.0,1645.0527161359785,1645.1952219009397,1562.5102822482584,1638.2580700516698,1622.7540725842116
1623.0,1618.451783955097,1643.0288463830946,1553.441013842821,1634.5297449827192,1612.362847290933
1413.0,1543.3513177931306,1639.5832297205923,1523.7243154644964,1629.0661603212354,1583.9312558248637
1290.0,1489.9784465134142,1637.8139990568159,1482.0950707793234,1622.7443742752073,1558.1579726561902
1631.0,1541.8070735037325,1637.2588023543356,1521.3479238748548,1623.3430424332616,1580.9392105415461
1363.9999999999998,1572.5128194689748,1634.5162141323087,1560.930555462837,1620.9771588444708,1597.2341869771478
1198.0,1594.7491167485712,1629.7913563251493,1557.5805184245107,1614.7462022304533,1599.2167984321711
1576.0,1599.3133316934106,1619.104431569576,1556.59111097455,1604.632611274719,1594.910371378064
1450.0,1597.872224152088,1613.751252889633,1476.2593157589433,1591.5649046003816,1569.8619243502615
1440.0,1628.8739934563635,1619.2136859893797,1431.950602829456,1590.959974825382,1567.7495642751453
1312.0,1604.1811990737913,1622.7075242996214,1472.2666352987287,1594.1549828648565,1573.3275853842495
1878.0000000000002,1602.0289301872251,1626.7911061644552,1572.7383816242216,1598.9487904310224,1600.126802101731
1450.0,1597.4077849090097,1630.4759597778318,1542.5806351006029,1600.9013353288171,1592.8414287790654
1453.0,1567.6779155433176,1636.438458561897,1479.9528780579565,1606.5124638378618,1572.6454290002582
1749.9999999999998,1569.298450797796,1642.198570370674,1476.1848241090772,1611.1481475830076,1574.7074982151387
1450.0,1616.1397358775137,1643.9702481031416,1546.1670301854608,1619.832938313484,1606.5274881199
1432.0,1508.2871265709398,1646.7158591747282,1494.3538773059843,1622.7348738908765,1568.0229342356322
1466.0,1553.2050876319406,1649.1617763042448,1506.5056605637071,1624.2298889160154,1583.275603353977
1482.0,1656.2532374262807,1649.9619677662847,1559.435396492481,1629.5984697341917,1623.8122678548095
1450.0,1652.112221419811,1644.081517755985,1530.5470308661459,1626.5689986944196,1613.3274421840904
1689.9999999999995,1608.5554063320158,1643.0893033742902,1533.8803702592847,1623.7672489881513,1602.3230822384355
1450.0,1568.4714135527609,1641.2730026245115,1468.7215524911878,1619.0462777018545,1574.3780615925787
1443.0,1543.2225587964056,1647.9034072160719,1445.8987504243848,1624.9311900138853,1565.4889766126869
1430.0000000000002,1501.2348905205724,1652.0779624581335,1484.38135266304,1626.1298218369482,1565.9560068696735
1450.0,1549.9979162216184,1653.499997258186,1513.6885268986223,1630.0354874134061,1586.8054819479582
1450.0,1530.3910662233827,1656.0685557126997,1467.7237242460249,1632.215681672096,1571.5997569635508
1465.0,1561.5326783061025,1659.7146880626676,1476.5967953205106,1636.7341220378873,1583.644570931792
1547.0,1594.5094479620454,1661.8861016631124,1471.5553300082681,1637.7780127525327,1591.4322230964897
1363.9999999999998,1586.752456128597,1663.4800070524213,1525.9023505449293,1642.8831738233564,1604.754496887326
1376.9999999999998,1611.5081545710561,1658.410976231098,1535.6655788421629,1639.9354636669157,1611.3800433278082
1425.0,1646.9622933864591,1653.4421312808988,1492.1847668290136,1631.4624163508413,1606.0129019618032
1787.0,1669.568889737129,1647.0102271437643,1471.5424469113348,1626.7955684661863,1603.7292830646036
1450.0,1673.7565439939497,1644.2438879609106,1492.0196616649625,1625.230596065521,1608.812672421336
2221.0,1665.7550612092016,1642.57426738739,1491.1724720895288,1622.7633750438688,1605.5662939324973
1574.0,1637.855311334133,1642.3874264955518,1517.1045628190038,1628.5571700334547,1606.4761176705358
2052.0,1584.1346684098241,1638.4539794921873,1437.7282039821146,1624.1681364178655,1571.1212470754979
1383.0,1520.17599388957,1641.2413346767423,1365.094383060932,1627.9226595163343,1538.6085927858946
1689.9999999999995,1546.9297958910463,1647.1957725286481,1482.8997245430944,1633.9317965507505,1577.7392723783848
1760.0,1655.1771029829977,1651.0428524017332,1587.2319376468656,1638.1020334362981,1632.8884816169736
1900.0,1661.9151785969732,1652.702972590923,1579.734191149473,1645.0269499421117,1634.8448230698702
1390.9999999999998,1608.9381566643713,1657.0987716317175,1544.9258625507352,1647.8498595952985,1614.7031626105306
1558.0,1680.2900734543798,1652.76688426733,1612.682891488075,1644.1700440645216,1647.4774733185766
1410.0,1679.8936483263967,1650.014507770538,1597.6962511241434,1633.0512836575506,1640.1639227196572
1611.9999999999998,1661.9868633151052,1645.018601119518,1596.8258143961427,1616.8044748902319,1630.1589384302495
1450.0,1620.7184892892835,1641.7071413993833,1573.2005897164343,1607.5017273426054,1610.7819869369266
1406.0,1570.9941974282262,1643.1658822298048,1545.4171475768087,1601.1946237087247,1590.1929627358911
1313.0,1547.654344141483,1645.9931102395055,1552.3790580034254,1597.3394109308717,1585.8414808288214
1361.0,1586.912091374397,1649.4126728177068,1577.7066507935522,1602.8402774035928,1604.2179230973122
1450.0,1604.1555768251417,1650.636495053768,1591.7487946152685,1603.5835385322569,1612.5311012566087
1298.0,1645.1186430454252,1651.429201364517,1602.5312270224092,1606.9806456565855,1626.5149292722342
1450.0,1636.949895918369,1650.3724995255468,1539.7326070070264,1612.3394381999967,1609.8486101627348
2256.0,1659.347051978111,1650.4392901062963,1526.4527970552442,1613.9444273710249,1612.545891627669
1386.0,1671.2554958462713,1651.509522795677,1530.2566933631895,1621.652693748474,1618.668601438403
1425.0,1655.546610355377,1647.2486004233358,1503.5255627334116,1612.400614917278,1604.6803471073506
1950.0,1584.2516238987444,1647.6533743739126,1488.7303695082662,1610.8648633956907,1582.8750577941535
1369.0,1551.635508984327,1652.693184316158,1469.2765332758424,1616.8981832265852,1572.6258524507282
1467.0,1621.094762086868,1647.0319628715513,1543.2786974310873,1614.1610649228094,1606.391621828079
1400.0,1621.9613122940061,1641.99445605278,1510.2612632513044,1611.047673821449,1596.3161763548849
1450.0,1510.02353772521,1639.4719600677488,1420.0810241699216,1605.3853727877138,1543.7404736876485
1408.0,1654.7183495759962,1643.2034519314764,1552.8827942907808,1610.6585898995397,1615.3657964244483
1425.0,1686.1535379290578,1645.0817930698393,1547.9112143814561,1617.4152344465253,1624.1404449567196
1760.0,1479.880761504173,1641.348573863506,1492.9008942842481,1615.1342785358427,1557.3161270469425
2200.0,1508.693339973688,1638.7310740351675,1555.1721709966657,1616.3733589649198,1579.7424859926102
1900.0,1526.77077203989,1640.270280241966,1545.0155404210088,1619.0786653757093,1582.7838145196436
1373.0,1506.68422460556,1642.615723609924,1479.4726768136022,1617.1677926182745,1561.4851044118402
1450.0,1501.0697853565214,1638.5262399911878,1499.4518411159513,1610.2371183037756,1562.321246191859
1628.0,1508.0941680073736,1640.976043641567,1511.4979685842989,1606.4075997471807,1566.743944995105
1624.0,1546.4611822366712,1640.5845126509664,1528.0441114306448,1602.800908386707,1579.4726786762474
1450.0,1554.3540583550928,1640.952148735523,1515.307190865278,1598.7914583086965,1577.3512140661476
1900.0,1528.7251882255075,1647.9509091377256,1502.7862600982187,1603.6627084016798,1570.781266465783
1400.0,1571.9846844673154,1653.6766180396078,1536.7668317258356,1610.462392568588,1593.2226317003367
1392.0,1601.1065292358396,1654.0143135190008,1564.5254433155058,1608.0241045355795,1606.9175976514814
1944.9999999999998,1645.7378953695295,1655.9883782267568,1612.0398882031438,1608.8156592845914,1630.6454552710054
1386.0,1657.452157139778,1659.2586696147916,1614.0962895750997,1618.2462301850317,1637.2633366286752
1441.0,1636.1911606788633,1658.9608469605444,1562.8353825211523,1626.5236559510229,1621.1277615278957
1345.0,1653.7544924020765,1658.2975473999975,1581.0817342996595,1627.648587822914,1630.1955904811618
1559.0,1657.9758298397062,1658.445667028427,1558.656940758228,1630.407873690128,1626.3715778291223
1366.0,1647.4501237273214,1657.2445881366727,1560.086892545223,1632.073463797569,1624.2137670516965
1450.0,1610.658877789974,1647.8990888595579,1541.228989511728,1627.1371504664419,1606.7310266569255
1691.9999999999998,1588.6987394094465,1643.6944490671156,1515.6458219885824,1617.4889343976972,1591.3819862157104
1450.0,1609.2205771803854,1643.8352274894712,1494.3305581808088,1615.2374872565267,1590.655962526798
1450.0,1618.4634435176847,1645.0682622194288,1501.0297685861585,1612.5573712587354,1594.2797113955019
1649.0,1648.9396688342092,1647.442206740379,1521.5124532580373,1612.9290378093717,1607.7058416604993
1689.9999999999995,1617.7270197868345,1650.66600382328,1472.4732686579225,1615.7489246129987,1589.153804220259
1348.0,1597.5872126221655,1649.9700286984441,1470.694753527641,1614.889283776283,1583.2853196561334
1696.9999999999998,1636.968320906162,1651.8562868237493,1519.4839772582052,1621.356454491615,1607.416259869933
1450.0,1652.2627881169317,1654.06455039978,1526.2406218051908,1626.4548501372335,1614.755702614784
1765.0,1627.0332220196722,1656.1994019150732,1486.346276849508,1628.187230825424,1599.4415329024193
1576.0,1668.596107959747,1646.7478150129316,1485.9469008445737,1620.2873733639715,1605.394549295306
1381.0,1641.7398169636724,1644.5800000429151,1469.6367561817167,1618.6128586530683,1593.6423579603431
1866.0,1562.8984305262563,1642.8912347555158,1502.3054111003873,1612.3557040095327,1580.112695097923
1450.0,1617.5044804811475,1645.8743554353712,1603.948583602905,1617.7725064754484,1621.274981498718
1600.0,1593.7242987751958,1649.803771972656,1541.0668352246282,1618.5302340984342,1600.7812850177286
1900.0,1642.159561216831,1650.6611096858976,1527.1868456900118,1618.6810886859892,1609.6721513196824
1450.0,1728.938230872154,1655.2898120880125,1527.668054550886,1621.5879184007642,1633.3710039779542
1433.0,1735.8691930770872,1659.5949256420133,1563.6459380388258,1627.7641758322713,1646.7185581475494
1799.9999999999995,1702.4939110875127,1662.1594536304472,1582.5301110744474,1634.3865194916723,1645.39249882102
1765.0,1683.7872225046156,1656.8183663487432,1565.8173516392706,1631.7164796590803,1634.5348550379274
1450.0,1673.6583733558653,1644.1090112924574,1566.5639954805372,1618.7592509388921,1625.772657766938
1359.0,1637.4023157358167,1644.082525372505,1552.5597092509267,1614.8019090294836,1612.211614847183
1396.0,1656.9877898693082,1648.6916512250898,1554.2697784304617,1616.10979527235,1619.0147536993024
1450.0,1664.7930753231046,1654.3145832419393,1591.6486087441442,1625.7748529314993,1634.1327800601719
1760.0,1670.1261016726492,1657.5342059135435,1613.8823869824407,1628.5830801725385,1642.531443685293
1339.0,1651.4483460783956,1655.2076193690298,1563.441607803106,1626.114419698715,1624.0529982373116
1501.0,1628.429490625858,1651.6425281763075,1540.72086289525,1620.566914975643,1610.3399491682646
1375.0,1566.4051519334314,1655.313275158405,1504.4640135765073,1622.2509300708768,1587.1083426848052
1932.0000000000002,1619.9234798550604,1657.7332821488378,1585.4961742460725,1626.0050213336942,1622.2894893959162
2067.0,1640.1188498735426,1659.9298861622808,1612.5942212343214,1629.3854308128355,1635.507097020745
1437.0,1648.8910153508184,1663.8093537092207,1590.147691965103,1638.7552568316457,1635.400829464197
1450.0,1650.4214408993719,1657.8683027625082,1573.7837837636469,1627.7427279949186,1627.4540638551114
1450.0,1667.0623716711996,1659.1394829750059,1559.6689476072786,1626.876609623432,1628.186852969229
1384.0,1642.3456823825834,1663.7454420328138,1541.4063300192354,1632.5340884923933,1620.0078857317565
1509.0,1672.4167019128797,1666.8946754932401,1561.8115721642969,1636.6470351815221,1634.4424961879847
1450.0,1712.8227001428602,1669.1485697031019,1578.4874096512792,1639.3454322218893,1649.9510279297826
1363.0000000000002,1637.519918978214,1671.8695661425588,1538.5135349631307,1645.8249822258947,1623.4320005774496
1450.0,1641.1480581760404,1670.2874642610548,1566.0162839293478,1648.8930305838583,1631.5862092375753
1825.9999999999995,1672.4472182989118,1667.592665851116,1590.0649954378603,1647.4989211559293,1644.4009501859543
1900.0,1666.5532374382017,1662.107201516628,1576.5422059595583,1646.6913884878156,1637.973508350551
1749.9999999999998,1645.1373559236524,1657.877803146839,1541.8622764945028,1640.6950625777242,1621.3931245356796
1450.0,1627.9507288336752,1651.8106561899183,1491.3255578279493,1637.7182754874227,1602.2013045847414
1689.9999999999995,1535.3070113062856,1652.9358759522436,1466.5363201498983,1635.6910949945448,1572.617575600743
1563.0,1586.5235832333562,1653.8542464375494,1507.820959985256,1633.5942450165746,1595.448258668184
1387.0,1620.1114723086355,1658.4471064805982,1553.2778519392011,1635.771704316139,1616.9020337611435
1505.0,1588.4533128142355,1663.5190162062643,1538.4505589306352,1637.5593599677084,1606.9955619797108
1386.0,1636.6779834032056,1666.9614660739896,1584.5016567409036,1645.0747397541998,1633.3039614930747
1639.9999999999998,1634.4835385680196,1661.6647139191625,1599.9031472206113,1640.91515481472,1634.2416386306284
1433.0,1664.999780654907,1661.2251052260397,1630.637898147106,1639.450512230396,1649.0783240646122
1665.9999999999998,1651.5285235643385,1658.9211180806158,1552.3105400800703,1631.2498092651365,1623.5024977475402
1360.0,1654.2179960012434,1658.9785522222517,1566.535638272762,1630.988692641258,1627.6802197843788
1450.0,1590.5514582991598,1658.8940563797948,1500.2975912392137,1627.7100524306295,1594.3632895871995
1950.0,1597.121477872133,1660.251603722572,1564.3263670802114,1630.0553518533704,1612.9387001320717
1829.9999999999998,1611.3811948895452,1663.7465935945509,1587.1758709847925,1636.8622332811353,1624.791473187506
1799.9999999999995,1575.9464886784551,1661.695518195629,1566.7569540441034,1638.984561562538,1610.8458806201813
1387.0,1574.3016266822813,1663.626255393028,1662.542635798454,1641.6445252299307,1635.5287607759235
1444.0000000000002,1587.4042400717733,1656.535801887512,1498.7357136607168,1641.303950846195,1595.9949266165493
1660.0,1641.6343051195142,1648.9704731106756,1569.6164977550504,1639.5246440172193,1624.936480000615
1450.0,1679.6492293477056,1641.7487415671346,1605.6400118768213,1633.5604178905485,1640.1496001705525
1405.0,1713.615262508392,1639.0657466650007,1619.7295856475828,1628.2843938469885,1650.173747166991
1428.0,1680.7324171066282,1637.7817553281782,1623.3644902706144,1622.928768098354,1641.2018577009437
1699.9999999999998,1570.1488791406152,1637.6953881978986,1602.7435462176798,1624.2483139038084,1608.7090318650005
1450.0,1554.3650701642034,1635.8875802159307,1595.5186478793619,1624.4809293746946,1602.5630569085477
1448.0,1554.7007504105566,1636.6779834032056,1610.6449151039121,1623.3120942115781,1606.3339357823131
1450.0,1469.0238374471662,1638.1175795197485,1560.4122087359426,1622.032853066921,1572.3966196924446
1450.0,1545.629178881645,1641.0366445779798,1603.265563547611,1625.3030005097387,1603.8085968792436
1878.0000000000002,1556.1047920584676,1644.0429404377935,1575.962610542774,1628.6904633045194,1601.2002015858886
1422.0,1486.1451853811739,1645.438777208328,1522.660848200321,1630.9247809648512,1571.2923979386685
3377.9999999999995,1578.8304311037061,1644.3889847397802,1571.3054069876669,1633.2791489362714,1606.9509929418562
1772.9999999999995,1619.7934973239896,1647.0357054471967,1554.4192655384538,1636.4734372496603,1614.4304763898251
1450.0,1586.4525462687013,1641.6430857777593,1543.7839451432226,1627.8460806608198,1599.9314144626258
1900.0,1505.9958785772321,1640.3305932879446,1584.8394961655138,1620.1951044797895,1587.84026812762
1450.0,1571.5359352529047,1643.3818000555036,1620.026256740093,1619.6714317798612,1613.6538559570906
1639.9999999999998,1619.1722297668455,1645.8943638205526,1628.2188987731931,1620.160845518112,1628.3615844696758
1826.9999999999995,1599.1693145036695,1645.722061395645,1603.9683040976522,1620.963340103626,1617.4557550251482
1694.9999999999998,1599.554224014282,1641.8453288078306,1600.7318398356435,1620.0258249044416,1615.5393043905494
1398.0,1594.6128726005552,1639.9620935320852,1582.0178100466726,1615.7109230756757,1608.0759248137472
1453.0,1641.059675812721,1630.2765956521032,1639.3152037262914,1603.9685919880865,1628.6550167948005
1602.0,1664.6996548771856,1626.770234107971,1631.8021270632742,1592.5240835547445,1628.9490249007938
1400.0,1629.0360757708547,1627.1519768238065,1615.1191642880437,1590.816605389118,1615.5309555679557
1279.0,1623.2465991377828,1624.924280643463,1597.8261616826055,1584.7456438839433,1607.6856713369486
1610.9999999999998,1561.636318862438,1620.8425700664518,1594.177150428295,1577.7888435125349,1588.61122071743
1585.0,1562.6972670853136,1623.4223562479017,1604.1071392595766,1580.2091383934019,1592.6089752465484
1799.9999999999995,1543.851743340492,1624.7325456142423,1546.624991893768,1582.9481279850004,1574.5393522083757
1317.0,1553.2714463770387,1630.6288295984266,1556.5279909968374,1591.1284627020357,1582.8891824185846
1440.0,1600.4834623634813,1636.7310991883276,1555.5197986960409,1599.1098651289938,1597.9610563442109
2283.0,1661.6103026270864,1639.8623394966123,1571.074230968952,1602.951762974262,1618.8746590167282
1474.0,1611.8775179982183,1644.848169982433,1562.253627926111,1615.7870700955389,1608.6915965005753
1430.0000000000002,1533.674384653568,1643.9948627352712,1523.9891746640203,1611.7122688889501,1578.3426727354524
1450.0,1553.3344224095342,1642.6272392272947,1615.9890252351759,1607.0319621264932,1604.7456622496245
1639.9999999999998,1622.3306757211683,1644.1363608837125,1592.6149129867551,1609.0707302093504,1617.0381699502466
1295.0000000000002,1587.2395667433736,1646.0335588455198,1499.300050884485,1612.8752022981641,1586.3620946928856
1450.0,1635.0885403156278,1644.3419146537778,1586.4395192265508,1615.8604821562765,1620.4326140880582
1946.9999999999998,1642.0645573735235,1641.759969294071,1580.1829403638837,1615.2348962426183,1619.8105908185241
1362.0,1606.0760219395158,1641.0937908291814,1516.5686547756193,1617.4991545081136,1595.3094055131075
1521.0,1594.9718719720838,1635.1043742895124,1473.5702751576898,1612.3284983634946,1578.9937549456952
1386.0,1640.276757776737,1634.5763832330701,1532.792576253414,1616.6893187165258,1606.0837589949367
1688.9999999999995,1630.6489819288252,1628.4836140275,1552.6210299134252,1617.7874767780302,1607.3852756619451
1751.9999999999998,1604.6962350606916,1627.8872489929197,1549.127263575792,1614.067356586456,1598.9445260539649
1500.0,1596.5207225084303,1630.3756299614904,1573.4840178489683,1615.8172985911367,1604.0494172275064
1900.0,1576.3863132894037,1627.674785852432,1570.4885178804395,1612.0473733544347,1596.6492475941775
1440.0,1554.7118341922758,1631.0171937942503,1563.329258561134,1612.2666019201276,1590.331222116947
1428.0,1592.0738229155538,1633.467717170715,1597.6816406846044,1612.227880656719,1608.862765356898
1799.9999999999995,1627.564091980457,1635.3074809908865,1606.1253231763837,1612.4556019902227,1620.3631245344875
1731.0,1606.362904757261,1635.4345846176145,1588.6708140373228,1613.6052924394605,1611.0183989629147
1771.9999999999995,1582.2449555993078,1635.7950234413145,1519.700398892164,1612.7819257974622,1587.6305759325621
1482.0,1667.1118888258932,1638.696959018707,1561.894196718931,1617.1128055453298,1621.2039625272153
1450.0,1649.3729439377782,1642.05318570137,1559.4446089863775,1618.250980377197,1617.2804297506807
2166.0,1633.2708001136778,1645.0432157516477,1585.0273446738718,1621.2830424308775,1621.1561007425187
1596.0,1585.4514072835443,1647.9661673307417,1564.2957067489622,1628.515281975269,1606.5571408346293
1374.0,1543.1656284630296,1645.6682258844373,1554.871613383293,1621.7615163326261,1591.3667460158465
1471.9999999999998,1538.9625720679758,1637.2042471170423,1600.7693375647066,1609.808593392372,1596.6861875355241
1740.0,1538.8138046860693,1632.1497547626493,1564.9964320659635,1601.328996568918,1584.3222470209
1436.0,1565.6626825034616,1630.9797680377958,1576.201055794954,1600.510236173868,1593.3384356275199
1450.0,1617.5709831714628,1628.4382712841032,1585.2899727225301,1589.043488204479,1605.0856788456438
1959.0000000000002,1662.9168933629987,1633.794472813606,1578.8711676001546,1589.9087429046629,1616.3728191703556
1450.0,1633.9634644985197,1641.7473021149633,1487.7179308235643,1598.388627618551,1590.4543312638996
1689.9999999999995,1603.9769408106802,1650.560491979122,1519.1029542684553,1610.2736803889272,1595.9785168617962
1437.0,1661.8188792467115,1653.774644732475,1584.2329110205171,1616.0784152150152,1628.9762125536797
1485.9999999999998,1675.0510433316229,1656.9303557276723,1567.6996512711046,1625.218648612499,1631.2249247357247
1632.0,1546.3861148059366,1657.7648061513898,1555.4337914288042,1626.580226421356,1596.5412347018716
1675.9999999999998,1603.7530340254305,1655.9225952625272,1619.8202711343763,1629.1998854279516,1627.1739464625714
1450.0,1604.2982985079286,1652.7307540178297,1575.8520606160162,1627.8634980320928,1615.1861527934668
1480.0,1535.198908448219,1649.4483712315557,1563.1385311484335,1622.8891831636427,1592.6687484979627
1423.0,1571.3950848579404,1647.5334680080412,1545.4062077403066,1618.2557305693624,1595.6476227939127
1427.0,1602.562966942787,1647.378007173538,1558.5214883089063,1622.901562452316,1607.8410062193868
1900.0,1616.9225099682806,1637.6504772901533,1586.9519641995428,1618.0408203601835,1614.89144295454
1449.0,1578.1952008605,1634.3947243690488,1524.497013390064,1610.228913426399,1586.828963011503
1450.0,1593.14729437232,1634.695569872856,1476.8484115600584,1604.5540891587732,1577.3113412410019
1450.0,1615.5640989542005,1639.9094095826147,1505.0048157572744,1609.0684270858762,1592.3866878449915
1510.0,1628.3291608095167,1645.0639438629148,1535.6773823499677,1616.02947384119,1606.2749902158973
1550.0,1617.9698553681371,1646.1382070183752,1523.0944111943243,1620.1504814624784,1601.8382387608287
1450.0,1528.6039143800733,1647.4548739194868,1510.6412066519258,1627.4557012319563,1578.5389240458605
1765.0,1576.4063216745851,1650.383583307266,1518.75583037734,1634.9168136715887,1595.115637257695
1435.0,1670.7873860001562,1643.0084061622617,1558.4241813421247,1631.1687681078909,1625.8471854031084
1709.0,1692.7514109015463,1641.285381913185,1533.102202415466,1624.6348068118093,1622.9434505105016
1450.0,1688.845457434654,1639.2226469516752,1579.7667947411535,1621.523718833923,1632.3396544903514
1411.0,1606.933431625366,1640.946678817272,1539.539360553026,1618.2581776380537,1601.4194121584294
1363.0000000000002,1538.3753475546835,1641.5954399108884,1566.8355481326578,1617.2206205129621,1591.006739027798
1319.0,1510.0918397307394,1635.9643030166624,1547.2035077214239,1603.9205142855642,1574.2950411885975
1500.0,1498.0859449505804,1632.58043885231,1522.1551686525343,1593.197891116142,1561.5048608928917
1450.0,1532.8076905012128,1631.812922954559,1531.470655351877,1592.1059226989744,1572.0492978766558
1699.9999999999998,1613.1502816081045,1634.576239287853,1567.3142379522321,1592.330333292484,1601.8427730351684
1200.0,1670.8312892913816,1638.4087806940076,1539.663801193237,1595.0484508275983,1610.9880805015562
1776.9999999999998,1567.2258555889127,1635.9884858131406,1434.0162166953085,1590.623934715986,1556.963623203337
1398.0,1616.8008762598035,1637.4060583114622,1538.2080832123754,1595.1992334425447,1596.9035628065465
1450.0,1608.3522996306417,1640.1207211613653,1507.60439440608,1600.2722227573393,1589.0874094888566
1450.0,1535.1007378101347,1643.9172762632368,1521.293800473213,1610.520978271961,1577.7081982046363
1760.0,1524.0237215161321,1646.997991800308,1529.770374447107,1618.7640011310575,1579.8890222236512
1476.0,1564.913231730461,1645.1992523670194,1525.4901634156702,1625.366336405277,1590.2422459796069
1450.0,1541.8226915597913,1641.794804036617,1496.5681865811346,1624.5919111371038,1576.1943983286617
1450.0,1585.6624309718607,1644.87091332674,1505.4385226964948,1628.0306184291837,1591.0006213560698
1900.0,1635.178937911987,1650.1973181962965,1561.1405715346334,1634.859667420387,1620.344123765826
1466.0,1606.325910836458,1657.4648243188856,1530.2910962700842,1644.476791322231,1609.6396556869147
1339.0,1552.03344553709,1658.709662556648,1544.3754880130289,1644.1386640071867,1599.8143150284884
1450.0,1569.6878945827482,1658.7843701243398,1542.5804191827772,1642.8778478503225,1603.482632935047
1434.0,1606.298345327377,1660.3892153501508,1519.7353056073187,1645.0288212299345,1607.8629218786953
1430.0000000000002,1638.558915555477,1658.939830958843,1512.5501361489294,1645.859960913658,1613.9772108942268
1639.9999999999998,1635.1449668407438,1648.122779726982,1536.0512800514696,1634.323327541351,1613.4105885401366
1403.0000000000002,1618.102284967899,1640.717661976814,1530.9710215032098,1623.1134498119352,1603.2261045649645
1699.9999999999998,1611.2707889080045,1630.0032436847684,1509.7943049669263,1610.7223576307294,1590.4476737976072
1611.9999999999998,1572.284306436777,1623.8068339228628,1441.728225648403,1595.5643504858015,1558.345929123461
1450.0,1586.4378638565538,1619.3869960308073,1508.50498765707,1584.046070128679,1574.5939794182775
1559.0,1602.41873383522,1616.7987170815466,1523.4695324301717,1574.4221088290212,1579.27727304399
1779.9999999999998,1571.5446439385412,1618.5993278026579,1471.8751043081281,1573.0138207972047,1558.758224211633
1317.0,1585.3063824772833,1625.7914066314695,1550.9110327064989,1580.9988938271997,1585.7519289106128
1452.0,1649.3093201518057,1630.913697183132,1558.6299510300157,1584.3914666771886,1605.8111087605355
1424.0,1647.7725610136984,1636.5456977486608,1584.8898050189016,1597.3903675377367,1616.6496078297494
1491.0,1647.9831528663633,1637.0818936824796,1578.3098532259462,1601.4558842778204,1616.2076960131524
1443.0,1640.604808926582,1640.7071539759634,1517.888272553682,1604.532713294029,1600.9332371875641
1412.0,1640.679660439491,1647.1092614531515,1524.1159184277055,1612.6859143376348,1606.1476886644957
1779.9999999999998,1626.578067243099,1645.7730180025098,1534.9710431694982,1610.0252309441564,1604.3368398398159
1602.0,1558.235469162464,1642.9607602953909,1479.288858771324,1609.1504758596418,1572.4088910222051
1424.0,1499.7644181549547,1643.1939515471456,1507.1403869986532,1605.2822360396383,1563.845248185098
1689.9999999999995,1563.7737613916395,1644.2199930548666,1549.7459401190279,1605.5319809913633,1590.8179188892243
1368.0,1590.0834923982618,1642.4198141694067,1495.3931617736814,1600.5067095160482,1582.1007944643495
1512.9999999999998,1639.1729858517645,1643.283341526985,1552.8165075182912,1603.2885947823522,1609.6403574198482
1440.0,1658.2867515087125,1644.2018559575079,1530.747978389263,1605.9321486949918,1609.7921836376188
1760.0,1647.2165006399152,1643.2033079862592,1518.7691453099249,1601.1208517849443,1602.577451430261
1450.0,1665.35604506731,1639.8490965366361,1536.2269651889799,1599.1935692727563,1610.1564190164206
2283.0,1610.398193001747,1639.5594787597654,1489.6274361014364,1595.8396457135675,1583.856188394129
1959.9999999999995,1599.8994766175745,1642.8954091668127,1511.0863572359083,1603.3044287562368,1589.296417944133
1450.0,1557.204461544752,1643.2754245400426,1396.7687363922594,1603.3357368409631,1550.1460898295043
1474.0,1534.2955802381036,1648.4112459421156,1485.6803862750528,1609.9253329634664,1569.5781363546846
1435.0,1644.609220921993,1653.1065949797628,1590.9806309640405,1615.4606023430822,1626.0392623022196
1450.0,1683.9422515034673,1656.0283949971197,1554.3658618628976,1618.2848075032232,1628.155328966677
1689.9999999999995,1632.6833596825597,1659.3591433763502,1551.527837961912,1624.0156984329221,1616.896509863436
1406.0,1613.9773908257482,1657.571775615215,1475.1464033126829,1623.2818657159803,1592.4943588674066
1450.0,1638.2151743769643,1653.0396604537962,1452.728807032108,1616.8129676580427,1590.1991523802278
1525.0000000000002,1628.5623520612714,1655.3686940670011,1484.6161992847917,1620.1123359799383,1597.1648953482506
1450.0,1601.1977905035017,1657.5353574752805,1506.0916741192339,1625.6699168682096,1597.6236847415564
1362.0,1622.2081783413885,1657.4888631701467,1540.2058269083498,1625.3068870306013,1611.3024388626216
1446.0,1635.2717825770376,1651.08617991209,1487.5603108108041,1615.262677669525,1597.2952377423642
1731.0,1607.9391768574712,1642.4704828858373,1498.2301780581472,1609.747848510742,1589.5969215780494
1452.0,1585.5664195120332,1634.3430480360983,1473.6813288927076,1597.202806919813,1572.698400840163
1509.0,1592.9136712849138,1625.9480190277097,1469.7318319976328,1582.0825134217737,1567.6690089330075
2133.0,1583.8354063034055,1626.1152833700178,1414.5494973659513,1572.3960798978803,1549.2240667343137
1420.0,1615.3704926371572,1631.7993921041486,1506.1193835735319,1579.0151128172872,1583.0760952830312
1426.0,1592.3961882293222,1629.9914401769636,1485.1973780989645,1574.8309852182863,1570.6039979308841
1760.0,1585.286661982536,1631.0392174124715,1492.9085233807562,1574.0484990179536,1570.8207254484294
1900.0,1623.5870295763013,1629.3301558494566,1561.7147690057752,1577.0288847386835,1597.9152097925542
1458.9999999999998,1633.3421969413755,1632.8533589839933,1507.108719050884,1579.0933470427988,1588.099405504763
1450.0,1611.879389286041,1638.399424254894,1518.6728459596632,1588.6132359504697,1589.391223862767
1610.9999999999998,1573.1305603682993,1644.0094012022016,1523.858616352081,1595.2892711758611,1584.0719622746108
1300.0,1588.5440702736375,1647.6120620965955,1546.7913925647733,1602.5413031876085,1596.3722070306537
1652.0,1556.3438130915163,1645.5124771595,1534.1445817053316,1597.3049360513685,1583.326452001929
1547.0,1579.3497134745119,1646.5513297915456,1554.2844608426092,1599.9182614684103,1595.0259413942692
1450.0,1553.7818761169908,1651.1554175615308,1532.8859247267244,1603.7234532833097,1585.386667922139
1749.9999999999998,1629.9757501482961,1657.2435805201528,1547.4634727835653,1614.2010816931722,1612.2209712862966
1450.0,1657.9956942796705,1655.8565244078634,1565.7626524567602,1619.9113884568212,1624.8815649002788
1450.0,1666.9669359922407,1657.2428607940672,1578.8407951593397,1622.9715198278425,1631.5055279433725
1392.0,1685.80504655838,1658.5352009534834,1582.9024253785608,1627.4722549319265,1638.6787319555876
1419.0,1700.030432641506,1656.322906911373,1573.330716192722,1629.5918482542036,1639.8189759999511
1999.9999999999998,1683.5406443476675,1655.6752973794935,1533.5626111924646,1628.0749535560606,1625.2133766189215
1850.0,1676.96882545948,1655.1059940457342,1510.0183556973932,1628.9177528023718,1617.7527320012448
1749.9999999999998,1601.989777088165,1658.3364126086233,1442.3241588473318,1632.6872462034223,1583.8343986868856
1579.0,1613.2169282436369,1653.7714779376981,1527.882460951805,1628.478144109249,1605.8372528105972
1450.0,1643.2784473896024,1652.3061156272886,1560.9276045858858,1624.0172818303106,1620.1323623582718
1420.0,1621.5458863973615,1653.338058888912,1511.898352205753,1623.0417650938032,1602.4560156464574
1705.0,1595.915576815605,1664.8905262351034,1442.74994879961,1636.762047410011,1585.0795248150823
1498.0000000000002,1651.7861855030058,1669.896940886974,1529.4779497385023,1644.1421186923978,1623.82579870522
1450.0,1664.2911383509634,1668.0178800225256,1537.2067283093927,1640.3282901644704,1627.461009211838
1466.0,1682.3201328516004,1667.898837327957,1566.8313017487524,1639.3389546871183,1639.097306653857
1450.0,1650.9726071357725,1665.309262871742,1521.7429815232751,1637.4741443991659,1618.8747489824889
2225.0,1644.2407211661337,1662.7201202511785,1525.1318117976186,1632.1573838591573,1616.062509268522
1533.0,1666.206185519695,1664.9656656384466,1527.8710892796514,1635.1513004302976,1623.5485602170227
1450.0,1585.4467290639875,1667.4271288514135,1470.3759148716924,1639.0371015667913,1590.5717185884712
1972.9999999999998,1568.474724292755,1669.9932402372358,1566.519876271486,1644.1323304176328,1612.2800428047774
1450.0,1635.4151520133016,1672.3848900198934,1667.2990176081655,1651.261937022209,1656.5902491658924
1450.0,1624.6337991952894,1675.1959961652753,1589.1441778838632,1659.2773824930189,1637.0628389343617
1409.0,1636.4008888602255,1675.7042667269704,1612.4957627058027,1663.9285403490064,1647.1323646605013
1900.0,1659.5094221830366,1674.2787772417066,1607.7982544898985,1666.69588714838,1652.0705852657554
1478.0,1669.3849277496336,1674.5459395647047,1602.5998888909814,1668.3740004897115,1653.7261891737578
1769.9999999999995,1674.053359031677,1673.443031311035,1561.882753074169,1668.7065139412878,1644.5214143395422
1415.0,1688.2673734426496,1666.0651192069051,1578.819491267204,1660.8175963163374,1648.492395058274
1453.0,1636.2156313657758,1664.2319768667219,1563.0533875524995,1653.6564657092092,1629.2893653735516
1428.0,1612.0656543970106,1661.822765767574,1594.549680650234,1653.2613360881803,1630.4248592257497
1450.0,1586.0611592233179,1656.0230690240858,1552.3587617278097,1647.0374327898023,1610.370105691254
1760.0,1623.6949884891508,1656.3954553008077,1605.0122667849062,1642.7251219749448,1631.9569581374524
1652.0,1662.2910195589063,1654.7838446497915,1588.1164810061452,1642.200729548931,1636.8480186909435
1699.9999999999998,1615.967577397823,1653.4355098009107,1544.261627346277,1636.9753742218015,1612.660022191703
1900.0,1610.9405785799024,1655.4688799381254,1519.3086519837377,1634.9568304419515,1605.1687352359293
1360.0,1666.1153560876844,1665.7232493162153,1563.0556906759737,1644.3542939424512,1634.8121475055812
1450.0,1634.49706941843,1674.0038418769834,1570.3249241411684,1650.9515911340711,1632.4443566426633
1767.0,1651.1286437511442,1681.8782210350034,1619.9944448471067,1659.6622920036314,1653.1659004092214
1450.0,1683.1825086474416,1680.2037063241003,1635.764075219631,1657.9525107145307,1664.275700226426
1489.0,1692.1249613165853,1678.3656698465345,1632.3021927475927,1653.66596609354,1664.1146975010631
1441.0,1638.224674761295,1674.7229921817777,1568.4123960137365,1645.7404863834379,1631.7751373350618
1450.0,1641.5224596858022,1666.6267934441564,1542.4862790107725,1632.816077172756,1620.8629023283718
1450.0,1633.6210188269613,1666.5107735991476,1534.894752204418,1630.553258359432,1616.3949507474897
1450.0,1601.664029061794,1667.9990231990812,1516.1997231841085,1631.041952371597,1604.2261819541452
1450.0,1607.7729201316831,1670.197498500347,1535.594685822725,1634.0255048871038,1611.8976523354647
1450.0,1625.392246544361,1671.3890770077703,1551.3935370743272,1637.0153909921644,1621.2975629046557
1769.9999999999995,1641.880595386028,1672.4909776449201,1575.8705575764177,1640.6776452064512,1632.7299439534543
1450.0,1645.1508867740629,1667.543868422508,1552.3391851782796,1640.688297152519,1626.4305593818424
1450.0,1615.987010002136,1667.081228494644,1646.2925162911413,1641.4145007729528,1642.6938138902185
1450.0,1679.2320761084554,1667.2761303186414,1609.7212186455724,1643.5877856612203,1649.9543026834724
1760.0,1704.88959133625,1668.4767773747442,1607.3726084828374,1647.67107963562,1657.102514207363
1450.0,1621.3339990377424,1655.5028510093687,1475.701456069946,1641.9658109545705,1598.626029267907
1506.0,1630.8340954780576,1646.4033541083334,1550.5221647024152,1634.765239357948,1615.6312134116886
1634.9999999999995,1642.2929984331129,1634.4278317689893,1589.1515910625455,1625.052391886711,1622.7312032878397
1450.0,1631.9287988543508,1627.9980868101118,1582.357088923454,1616.1066284775732,1614.5976507663725
1463.0,1628.0284592509267,1626.5946209430692,1564.3881195783613,1607.9170092940328,1606.7320522665975
1480.0,1620.5699378252027,1626.3503459095953,1568.4573788940904,1604.7001215815542,1605.0194460526106
1408.0,1577.0996338129041,1626.0700845718382,1570.959074795246,1595.821148753166,1592.4874854832885
1450.0,1553.6333966255186,1626.065622270107,1564.443250596523,1595.078031569719,1584.805075265467
1611.9999999999998,1496.9165340065954,1631.14069879055,1509.8595121502874,1598.8566654920576,1559.1933526098726
1458.0000000000002,1577.2398364543913,1634.3380099534986,1565.6061120331285,1602.461557537317,1594.9113789945839
1799.9999999999995,1597.4274334311483,1631.0508769750593,1557.4025301635263,1595.8630368113515,1595.4359693452714
1699.9999999999998,1534.0404373407362,1634.549033641815,1504.8205658793447,1598.8569533824918,1568.066747561097
1850.0,1524.3225517868993,1635.3980225324628,1424.2406091094015,1597.5229410827158,1545.3710311278699
1760.0,1610.643619596958,1643.0351799726484,1422.870970368385,1607.0335455238817,1570.8958288654683
1400.0,1620.5538159608839,1645.8246943354604,1533.7205910682676,1617.2777667641637,1604.344217032194
1450.0,1575.1986213028429,1642.8411418199537,1508.1981684267519,1611.9710823893545,1584.5522534847257
1450.0,1600.5511885881422,1645.8229669928548,1579.2123177647588,1615.909855365753,1610.3740821778772
1769.9999999999995,1604.2211438715456,1647.691951692104,1571.9447396695612,1620.101252198219,1610.9897718578575
1492.0,1583.475543260574,1643.53107124567,1521.097819060087,1619.6322786808012,1591.934178061783
1450.0,1486.652952134609,1641.8876487016676,1486.7557290196416,1614.7798854112623,1557.5190538167951
1900.0,1610.7573363184927,1642.9502522945402,1570.8552902936933,1616.5633666515348,1610.2815613895652
1709.0,1634.5201006531713,1645.2450269460676,1531.672106683254,1620.9696736931799,1608.1017269939182
1564.0,1583.2905016839502,1646.2225589156149,1502.5543643534181,1625.1581916213033,1589.3064041435716
1483.0,1562.7575801312921,1644.8863154649732,1537.4541701376436,1625.5376312136648,1592.6589242368934
1450.0,1597.6872545480726,1640.8621829748151,1557.0490726828573,1619.6240738034246,1603.8056460022924
1749.9999999999998,1637.7428901195524,1641.9744476675985,1547.7424386143682,1620.1448675990102,1611.9011610001323
1308.9999999999998,1586.0623827576635,1638.4806093573568,1501.2422317266462,1616.8977513909338,1585.67074380815
1860.9999999999998,1598.9626091718671,1639.6107232570646,1570.4389287531374,1619.620187282562,1607.1581121161578
1450.0,1584.1520857810972,1638.6038264632223,1543.6810243129728,1616.9682845473287,1595.8513052761552
1512.0000000000002,1573.7369295954702,1640.9632325172422,1545.6832303106783,1615.9796687960622,1594.0907653048632
2166.0,1646.1311537027357,1642.7760785818098,1587.8331248462198,1614.2331814765928,1622.7433846518395
1437.0,1660.0938397645948,1644.984917938709,1612.6260331273077,1622.705940902233,1635.102682933211
1878.0000000000002,1623.6375543475149,1643.7623912096021,1580.0997400283811,1618.6599287390707,1616.5399035811422
1450.0,1618.8974383473394,1643.1667459011076,1572.2283117473123,1618.198872208595,1613.1228420510886
1504.0,1638.5917350649831,1640.6215065717695,1513.8197329640386,1618.0927845835683,1602.78143979609
1519.0,1660.4041856527326,1640.3066983819006,1580.7004234194753,1618.2643672823904,1624.9189186841247
1600.0,1657.6782950758932,1642.67416536808,1596.682732850313,1615.665724277496,1628.1752293929455
1834.9999999999998,1615.1970386505125,1646.2484690546987,1564.6399517357347,1622.2194060683248,1612.0762163773177
1806.9999999999998,1599.911352097988,1648.0866494774816,1549.0284451842306,1623.3221703767774,1605.0871542841194
1450.0,1640.589550733566,1647.8227978944776,1587.4567800760267,1623.5991209745405,1624.8670624196527
1429.0,1619.4614157080648,1647.9183775186536,1556.2254181504247,1621.0091146826742,1611.1535815149543
1872.0,1590.3428816795347,1642.3122870922086,1578.5897547006605,1610.2325120568273,1605.3693588823078
1450.0,1628.670454919338,1640.2983495593069,1576.0622206330297,1606.0698322951791,1612.7752143517134
1450.0,1600.3287932276723,1641.3307246565817,1554.6243155002592,1604.2505086958406,1600.1335855200884
1420.0,1651.6753476858137,1642.4815666675565,1605.8347697556017,1604.426841586828,1626.10463142395
1450.0,1651.0533604025838,1639.1826301813123,1548.9411424100397,1598.6113828420637,1609.4471289589999
1483.0,1638.0936846137045,1641.0549256205557,1562.4123275279997,1601.6166710853574,1610.7944022119043
1511.0,1670.7054811716077,1638.1194508075712,1561.7534902691839,1602.7824114263055,1618.340208418667
1485.9999999999998,1632.2919726371763,1629.4850409030912,1575.2749842405317,1596.2931451201437,1608.3362857252357
1900.0,1595.0110970437524,1626.268585026264,1565.360757410526,1587.0168834924696,1593.414330743253
1349.0000000000002,1605.2345182001588,1629.4857606291769,1527.630556821823,1590.0734162330625,1588.1060629710553
1529.0,1616.5707078576086,1629.6484187245367,1495.6888972222803,1590.930753946304,1583.2096944376824
1760.0,1553.1303080916402,1634.3679505586622,1426.9772955775259,1594.396522939205,1552.2180192917583
1450.0,1607.211893647909,1637.4740004539487,1547.1706882119176,1605.3879638016222,1599.3111365288494
1759.0,1563.8943874835966,1641.157414615154,1512.3659582436082,1609.4678750634191,1581.7214088514445
1812.0,1571.8308070302007,1644.829601049423,1532.2348605096338,1611.6650548577306,1590.140080861747
1170.0,1598.7659080326555,1649.6467277407644,1537.945455163717,1617.2872671484945,1600.9113395214079
1488.0,1588.446907252073,1648.5972231626508,1491.0988441109655,1616.027170717716,1586.0425363108513
1450.0,1644.1045489907262,1651.484476327896,1494.930090010166,1619.851363301277,1602.5926196575163
1539.9999999999998,1654.8785606026647,1655.8221215009687,1542.4367618560789,1629.1847711801527,1620.5805537849662
1525.9999999999998,1579.8087547719476,1654.727849960327,1511.3062335550783,1629.5408916473386,1593.8459324836729
1450.0,1600.7155740261076,1653.147043585777,1512.024160325527,1629.7241339087484,1598.90272796154
1764.0,1582.9895842075346,1652.7867487072942,1481.3130883872507,1630.725848674774,1586.9538174942134
1850.0,1639.4630354642866,1651.133825778961,1453.2000117003915,1630.8438837528226,1593.6601891741154
1450.0,1679.7589156031606,1653.9368709921835,1414.2991766333578,1636.6725134849546,1596.1668691784141
1438.0,1601.8503661453722,1654.9662232398985,1513.5528585314748,1640.7179498672483,1602.7718494459984
1699.9999999999998,1586.9320997595785,1652.7228370308874,1528.0451190471647,1642.299619913101,1602.4999189376829
1797.9999999999995,1532.764362990856,1650.0902229547498,1430.108463913202,1637.8322800993917,1562.6988324895499
1493.0,1578.2571692764757,1651.1385759711263,1530.6897525489328,1642.8376871347425,1600.7307962328193
1461.0,1588.0412696301935,1651.811519861221,1555.1998804509637,1642.481998503208,1609.3836671113966
1450.0,1654.2341178655622,1653.5315212607381,1527.0267066359518,1636.37656211853,1617.7922269701955
1717.9999999999995,1673.7122088670728,1658.081917464733,1515.4692012071607,1636.7762979865072,1621.0099063813684
1998.9999999999998,1670.5017986893652,1659.8903012275694,1486.8836963176725,1637.418869435787,1613.6736664175985
1170.0,1626.7509454488752,1663.763003349304,1466.467154473066,1642.5155377387998,1599.8741602525113
1485.0000000000002,1541.2355390191076,1665.520862340927,1533.0651365220544,1647.7300971746442,1596.8879087641833
1654.0,1600.804604142904,1664.784726500511,1578.2213269174097,1645.8946517109869,1622.4263273179529
1500.0,1639.523204565048,1665.1715072989462,1556.3222213089464,1648.372524678707,1627.3473644629119
1439.0,1658.6339473724363,1659.634798467159,1514.0086610615251,1642.0582237839697,1618.5839076712725
1900.0,1788.3817037940023,1656.3780379295347,1540.6786149740217,1632.961605787277,1654.599990621209
1360.0,1753.321255147457,1656.4559122920034,1576.344785094261,1632.3967647552488,1654.6296793222425
2166.0,1685.9795081615446,1647.9671749472616,1544.7894024848936,1624.6394130587576,1625.8438746631143
1450.0,1624.3244609236715,1645.2244427800176,1538.9083047211168,1622.3731395602224,1607.707586996257
1611.9999999999998,1549.8201438784597,1643.5142296552656,1491.6911067068575,1615.281246602535,1575.0766817107794
1300.0,1552.992120683193,1643.0068227648733,1525.7329270243642,1609.8732247948644,1582.9012738168237
1489.0,1562.5703074038026,1639.377819895744,1528.8290446996687,1600.0992725789545,1582.7191111445425
1450.0,1583.2797057926653,1639.3730697035787,1555.446098744869,1600.2843141555784,1594.5957970991728
1546.0,1603.7782244384287,1639.868529140949,1576.0750317573545,1598.5001851618288,1604.5554926246402
1985.0,1620.1103207468984,1639.8430508375166,1539.844020605087,1599.9557591974733,1599.9382878467438
1450.0,1594.2026287317274,1637.5819593667982,1536.5461637079713,1602.2239759564397,1592.6386819407342
1999.9999999999998,1593.697237074375,1636.5179163217542,1526.273441314697,1598.50212842226,1588.7476807832716
1450.0,1673.115124106407,1635.454593002796,1571.0028341412542,1597.9106575250623,1619.3708021938799
1634.9999999999995,1658.349079787731,1636.4060708880422,1555.9566724300382,1598.6694647371767,1612.345321960747
1799.9999999999995,1645.3272196650503,1635.4594871401785,1583.7854573130605,1601.1317916214464,1616.425988934934
1300.0,1595.0675235688684,1637.0862120389936,1530.8776010572908,1603.4926371276376,1591.6309934481976
1466.0,1535.0987225770948,1636.2709063291547,1507.1920633316038,1604.8142701387403,1570.8439905941484
1749.9999999999998,1543.1305058300493,1634.423225522041,1524.474773854017,1601.1133666336534,1575.7854679599402
1487.0,1587.1159178018568,1632.8126224875448,1541.0367506742475,1599.0015463531015,1589.9917093291876
1509.0,1520.1714596152303,1635.0240528583524,1487.1262440085409,1602.750959396362,1561.2681789696214
1556.0,1576.2571944296358,1641.9059297442434,1500.4101563990114,1606.6993767023084,1581.3181643187997
1428.0,1781.145577728748,1649.6034002304075,1601.817546635866,1612.9795625805853,1661.3865217939017
1450.0,1707.651900053024,1652.6448187232015,1561.1984375119207,1615.5165970325468,1634.2529383301733
1760.0,1631.752034127712,1656.112459003925,1554.7578966617582,1621.8088743090627,1616.1078160256145
1450.0,1568.0180580914018,1651.9748976826666,1519.4690069556234,1621.3931605219839,1590.213780812919
1409.0,1554.0735091269014,1648.7829124927518,1524.7169616818426,1616.1089316010473,1585.9205787256358
1400.0,1543.7089496850965,1649.2900314927099,1518.7205637991426,1617.964241504669,1582.4209466204045
1170.0,1526.8143154680727,1646.413862109184,1463.407310992479,1614.3634518980978,1562.7497351169584
1450.0,1539.3645390868185,1649.34775352478,1415.0796476006506,1617.4601453542707,1555.31302139163
1170.0,1609.2034476995466,1653.4736552834509,1516.0812562704084,1622.535653710365,1600.3235032409427
1878.0000000000002,1618.220607936382,1655.6253483891485,1522.4267932772634,1625.539934337139,1605.4531709849832
1415.0,1556.1603549122808,1656.8717700242994,1433.0138541758058,1629.075372815132,1568.7803379818795
1450.0,1516.487397700548,1661.3707777857778,1415.9908208250997,1633.7243714928625,1556.893341951072
1450.0,1594.3655027449129,1665.4887625575063,1502.4416552484033,1640.2367410063741,1600.6331653892992
1372.0,1604.6251980960367,1667.4387884140012,1478.8668113946912,1643.204027712345,1598.5337064042685
1450.0,1616.6727650165556,1664.7036853432653,1448.3407810330389,1641.8646174669263,1592.8954622149465
1450.0,1611.9209894537923,1666.5486311912534,1387.1603931486604,1644.4100007414816,1577.510003633797
1550.0,1596.361950933933,1669.7483894228933,1461.9384220242498,1649.1255021095274,1594.2935661226509
1556.0,1630.319779217243,1667.81736433506,1507.8444230556486,1649.2449766397474,1613.8066358119247
1502.0,1613.8756215572355,1665.8581259846685,1465.855819135904,1643.605922758579,1597.2988723590968
1500.0,1643.238862454891,1661.722723841667,1511.937361359596,1640.8682286739347,1614.4417940825222
1450.0,1626.231591105461,1654.6650898456571,1419.996168464422,1629.7926518321035,1582.6713753119109
1494.0,1622.1108713746069,1653.6209112405775,1431.0011401772497,1628.3693215250967,1583.7755610793827
1539.9999999999998,1644.172779023647,1650.6739208102224,1473.7666164338586,1629.7113227844236,1599.581159763038
1850.0,1615.1479533314703,1649.473705589771,1456.0422819852827,1631.7308741807935,1588.0987037718294
1799.9999999999995,1562.582038938999,1652.0139068365095,1475.9796302020548,1635.7742953300474,1581.5874678269026
1900.0,1601.5601006150243,1652.0596814155576,1496.0037054121492,1637.2671511769292,1596.722659654915
1699.9999999999998,1626.5678471326826,1653.6206233501432,1510.6797119975088,1638.41669768095,1607.3212200403211
1300.0,1650.276200175285,1648.361728787422,1489.2746263742445,1631.4937964081762,1604.851587936282
1450.0,1631.3727384805677,1645.609208345413,1449.7365458309648,1625.5187743902204,1588.0593167617915
1392.0,1658.2435679435728,1653.0292963981626,1504.1615846753118,1631.4536356925962,1611.7220211774109
2008.0,1654.167759120464,1660.388207733631,1565.2593480050562,1635.4800713062284,1628.823846541345
1308.9999999999998,1639.7788512706754,1665.4258584976194,1580.222237408161,1643.5322228074072,1632.2397924959657
1508.0,1618.536423742771,1665.0740563869474,1585.3137956559656,1642.3036503791807,1627.8069815412161
1450.0,1603.4750758111475,1656.5323472023008,1569.5045083761213,1629.6144476532934,1614.7815947607157
1444.9999999999998,1599.1173502802847,1654.3129998445509,1535.758135616779,1621.0124254226682,1602.5502277910707
1450.0,1624.342310130596,1653.1342324614523,1516.2903366982935,1617.5424820184705,1602.827340327203
1448.0,1664.9905681610105,1653.9796227216718,1549.8266933858392,1614.4521221518514,1620.8122516050933
1506.0,1645.1190748810766,1655.7461184263227,1505.9709760546682,1612.5470072031019,1604.8457941412923
1531.0,1646.2473174929617,1657.676999568939,1551.231958568096,1617.9723024368284,1618.2821445167062
1779.9999999999998,1670.4941695928571,1655.2647656202314,1591.3289783895013,1620.463850200176,1634.3879409506915
1450.0,1652.4235749244688,1650.619221627712,1566.486696898937,1619.4900608062742,1622.254888564348
1969.9999999999998,1660.937790572643,1649.6091580390928,1580.865744501352,1615.4823380708692,1626.7237577959893
1843.0,1702.5389659404752,1642.5924044847486,1552.2199985384939,1611.187588572502,1627.134739384055
1765.0,1671.1982056498525,1643.2456278800962,1561.3228061795232,1610.0936049222944,1621.4650611579416
1437.0,1666.9880959391592,1647.005620896816,1532.3423875868318,1606.9205485284326,1613.31416323781
1450.0,1642.19324439764,1653.626956939697,1497.644608914852,1610.1056963205335,1600.8926266431806
1699.9999999999998,1628.2387632131574,1660.5714499950407,1544.0767297148702,1618.3799552917478,1612.816724553704
1748.9999999999998,1608.2069149613378,1662.357954084873,1532.0085066556928,1621.9772902131078,1606.1376664787529
1450.0,1634.5955279469488,1664.915140867233,1590.9330570697782,1624.248889684677,1628.6731538921592
1900.0,1683.18509966135,1666.2949997186658,1641.5014436841009,1627.340257167816,1654.5804500579832
1851.9999999999995,1697.4057355523107,1668.812025785446,1616.221640706062,1635.3185647726057,1654.439491704106
1512.0000000000002,1695.7561233639715,1666.0507246851919,1631.4509007334707,1641.5263462066648,1658.6960237473247
1900.0,1686.048457920551,1660.5861324071882,1658.2935169339178,1639.213722348213,1661.0354574024675
1444.9999999999998,1657.6256111264227,1657.910478711128,1570.4089881479738,1636.4898470044134,1630.6087312474845
1649.0,1667.6460695266721,1651.4859157800672,1544.3257549405096,1625.8335825800893,1622.3228307068346
1417.0000000000002,1647.6968458294866,1652.6630997657774,1537.720756679773,1624.2753756046293,1615.5890194699166
1450.0,1648.1774789094923,1652.244651019573,1582.5999964773653,1626.350058019161,1627.3430461063979
1779.9999999999998,1647.526702582836,1656.1671581864355,1602.0600943267343,1630.4126238822935,1634.0416447445748
1500.0,1715.672815442085,1661.69998049736,1608.3508601784704,1634.9961274862287,1655.179945901036
1496.0,1679.5755293965337,1662.1948641538618,1601.1274732649324,1634.7099643945692,1644.4019578024743
1797.0000000000002,1682.4036210775373,1661.231870651245,1596.269682049751,1632.1880441904066,1643.023304492235
1832.9999999999998,1739.0073427557943,1661.924822926521,1627.535734772682,1636.0326769948003,1666.1251443624494
1500.0,1687.8590008616445,1660.2092838287351,1576.3745817542074,1632.5666201114652,1639.252371639013
1450.0,1672.8781902790067,1653.9557278156278,1580.9433309733865,1626.4840710163114,1633.5653300210831
1892.9999999999998,1633.840103447437,1651.2494137883184,1564.5781272649763,1620.6122577190397,1617.5699755549429
1500.0,1642.2619062662122,1650.9181958436964,1593.56545522809,1621.4180630445478,1627.0409050956366
1170.0,1602.6206170022485,1654.7468507289884,1508.4324392676351,1625.4544308781622,1597.8135844692586
1450.0,1652.2721445560453,1657.9240095615385,1621.055608987808,1632.3815065622327,1640.9083174169061
1450.0,1644.409281015396,1654.3623730540273,1561.9102466106413,1635.1089805364606,1623.9477203041313
1450.0,1582.7366724610326,1649.6563720703123,1576.154921352863,1635.9851750731466,1611.1332852393386
1552.9999999999998,1626.0107791423795,1646.3575795292852,1594.377090334892,1635.8180546760557,1625.6408759206531
1539.9999999999998,1669.3051820993421,1644.1861659288404,1537.50404715538,1632.6496765017507,1620.9112679213283
1493.0,1651.700682044029,1641.8605870008466,1570.8451421558855,1628.3150541782377,1623.1803663447497
1450.0,1582.4854880571363,1643.099811375141,1562.2611850500105,1627.675937414169,1603.8806054741142
1374.0,1526.8397217988966,1641.640638709068,1527.0624050498006,1623.2762518525121,1579.7047543525694
1458.9999999999998,1512.588857412338,1641.438683569431,1491.754082739353,1620.2310907840726,1566.5031786262987
1450.0,1556.0120913386343,1634.9309203028677,1563.8648067414758,1615.0454643368719,1592.4633206799624
1427.0,1561.7461490631101,1632.7589309215543,1527.9149925708768,1609.2037355899809,1582.9059520363805
1749.9999999999998,1533.014107942581,1632.7446803450582,1471.7991012334821,1604.749278873205,1560.5767920985816
1583.0,1611.2222793698309,1628.8457801938055,1522.9126083850858,1601.1372615396974,1591.029482372105
1670.9999999999998,1580.618518590927,1629.8510935902593,1474.702332317829,1598.6611878871915,1570.9582830965517
1450.0,1475.9681145846841,1632.8288882970808,1486.7328417301176,1605.2774138748644,1550.2018146216867
1850.0,1526.9283200800417,1634.5163580775259,1505.5681453645227,1607.249391376972,1568.5655537247656
1400.0,1583.4611487388609,1638.1098064780233,1488.3433008193967,1612.726362943649,1580.6601547449825
1500.0,1468.2236459851263,1635.8428132534025,1466.6439911723135,1610.159531831741,1545.2174955606458
1699.9999999999998,1594.3864467740057,1632.4280008673666,1554.3405994772909,1610.8353546261785,1597.9976004362104
1386.0,1574.6054230630396,1627.9741919040678,1507.6024511456487,1604.1832862794397,1578.591338098049
1900.0,1577.9031360149381,1622.9196995496748,1524.7546033561227,1596.158844232559,1580.4340707883237
1548.0,1584.0673740208147,1626.8599119782446,1519.7998650372026,1600.1380658149717,1582.7163042128084
1536.0,1593.5156501829622,1630.4617092013357,1497.3906175792215,1605.6544783711431,1581.7556138336656
1485.9999999999998,1536.6605281829832,1631.7590874433515,1486.7504030466077,1608.1356620788572,1565.82642018795
1450.0,1552.3964034020898,1632.5217092037199,1566.1328795552251,1610.4347550868986,1590.3714368119834
1979.0,1586.7874348163602,1633.6680889129636,1597.9262755811212,1609.5126420259473,1606.973610334098
1380.0,1559.6146802604196,1636.5471372008321,1498.939108252525,1611.87391936779,1576.7437112703917
1170.0,1541.3699838519094,1634.8485836386678,1512.012212872505,1607.5960114598272,1573.9566979557273
1489.0,1637.0358312129972,1636.9994130730627,1587.6144000887869,1609.8599818348882,1617.8774065524337
1450.0,1620.4357808828352,1640.3991112112997,1567.3445384204385,1617.0644399523733,1611.3109676167367
1630.0,1569.5653252303598,1642.3629558086393,1538.6220696568487,1618.7978282570837,1592.3370447382329
1760.0,1579.4570246338842,1641.9455146789549,1553.3532792329786,1617.2502732276914,1598.0015229433773
1799.9999999999995,1616.2803703546522,1638.726323843002,1557.306158840656,1617.3451331257818,1607.414496541023
1484.0,1591.7499461770055,1636.8494221568105,1452.914856225252,1612.824101746082,1573.5845815762875
1739.0,1618.0052658915517,1639.6670058369634,1514.7609907388685,1614.5173293352125,1596.737647950649
1319.0,1641.293011009693,1638.6710488796232,1579.583192616701,1615.6202375888822,1618.7918725237248
1779.9999999999998,1619.919737279415,1635.5717644095419,1548.0845963954923,1609.5526587963102,1603.2821892201898
1765.0,1576.9570560753343,1633.2267528772352,1530.537890344858,1606.303167492151,1586.7562166973946
1609.9999999999995,1587.920715510845,1626.5361791849134,1460.4273571074007,1597.192514836788,1568.0191916599867
1428.0,1601.2963929772375,1627.4189952015874,1526.6419410705564,1593.954755067825,1587.3280210793016
1493.0,1609.576409757137,1628.165639042854,1537.3919138312338,1592.6324743032453,1591.9416092336176
1628.0,1614.4594633579252,1633.9220082759855,1494.258009791374,1593.120088726282,1583.9398925378916
2140.0,1658.88326048851,1641.0213863849638,1599.257337003946,1603.4156264364717,1625.6444025784729
1900.0,1638.560211062431,1644.735029041767,1612.421055138111,1614.0070435404775,1627.4308346956966
1458.0000000000002,1597.1848137676714,1640.946822762489,1590.5762888491151,1609.3934553861616,1609.5253451913593
1365.0,1602.077583670616,1631.855242848396,1632.1991279721258,1603.2762874662874,1617.3520604893563
1600.0,1660.8967661857603,1625.454286932945,1645.0757473707197,1594.059979021549,1631.3716948777435
1500.0,1678.0594983696935,1623.9586961269376,1627.0293354988096,1588.3239780366418,1629.3428770080207
1450.0,1678.043664395809,1623.7488240003584,1636.1001873016355,1582.7538019418714,1630.1616194099186
1517.0,1662.9930403828619,1627.3581063747404,1626.5124282240865,1586.1176577210424,1625.7453081756828
1458.9999999999998,1626.9064062833784,1630.780116021633,1599.453318417072,1590.9962490200994,1612.0340224355457
1539.9999999999998,1624.1786444187162,1625.7774439454076,1612.1252477169035,1593.9659827947614,1614.0118297189472
1799.9999999999995,1653.9086577296255,1621.7250981926916,1612.9635846614835,1584.1654726862905,1618.1907033175228
1710.0,1654.8399832844732,1624.9560925364492,1594.14677798748,1586.0164642333982,1614.9898295104501
1420.0,1647.5074139237402,1626.8519949913023,1496.9042266905305,1586.485293805599,1589.437232352793
1175.0,1678.470461964607,1632.8966864943502,1561.0041114687917,1591.7180623114107,1616.02233055979
1539.0000000000002,1669.023913145065,1636.3306435942648,1579.6932387351987,1599.6029494702814,1621.1626862362025
1450.0,1643.9958703517912,1638.9331731200216,1576.590859442949,1605.9163866937158,1616.3590724021194
1479.0,1632.8755265474317,1643.9821955561636,1562.182590961456,1614.3287611007688,1613.342268541455
1601.0,1616.1308112740514,1650.0561079382894,1537.1313729882238,1621.760364770889,1606.2696642428634
1450.0,1656.3594689965246,1654.0658459067342,1554.1785171627996,1629.6967843174932,1623.575154095888
1412.0,1634.5427000522611,1655.2748417854307,1535.477226525545,1630.1543861627576,1613.8622886314986
1799.9999999999995,1667.2211432456968,1655.409718453884,1582.1499517560003,1632.4778059124944,1634.3146548420189
1900.0,1675.366139411926,1654.9878150224683,1537.061127722263,1631.128751337528,1624.6359583735464
2919.0,1643.9462092518804,1655.9601649641988,1465.0008565187452,1631.4867430925367,1599.0984934568403
1630.0,1655.087281167507,1659.3790078163145,1430.0636249780653,1635.3945678472517,1594.9811204522846
1367.0,1571.7717894911764,1655.5951198935506,1424.9057079851625,1629.302518367767,1570.3937839344142
1573.0,1555.5337613821027,1648.0752778053281,1562.8489133715627,1614.0613108873365,1595.1298158615825
1450.0,1644.0338718891142,1645.2312082052229,1603.2377101480959,1610.3489637374876,1625.71293849498
1779.9999999999998,1631.1706393957136,1648.052390515804,1503.1176939606664,1612.6097673177717,1598.737622797489
1946.9999999999998,1673.080433309078,1646.0786136984823,1581.9266927242277,1613.5566389560697,1628.6605946719644
1450.0,1605.3737851977346,1646.0476654767988,1524.6677324175832,1613.1416448950765,1597.3077069967983
1393.0,1398.8213232159612,1649.70718473196,1540.9171321988104,1618.812222778797,1552.0644657313821
1372.0,1516.5913261473177,1646.6556900739668,1587.5963349640367,1614.7996059060094,1591.4107392728326
1470.0,1695.121468901634,1646.6126504540441,1575.2377024292944,1613.09428691864,1632.516527175903
1450.0,1703.0659493803976,1644.250797331333,1576.416469812393,1613.9712011814115,1634.4261044263837
1502.0,1714.6690854430196,1644.452896416187,1586.8894919753072,1613.9117518067358,1639.9808064103124
1170.0,1638.3958256244657,1636.2739291787145,1619.9259269237516,1608.7444064021108,1625.8350220322607
1749.9999999999998,1555.3182034194467,1631.2105122208593,1597.66328766942,1601.3763545453546,1596.3920894637702
1760.0,1506.215107142925,1625.2307400107381,1537.5434881448743,1593.4934826195238,1565.6207044795153
1450.0,1533.6215567588804,1623.298995196819,1497.1867191791532,1593.4282034635542,1561.8838686496017
1511.0,1482.5346794724462,1627.4682244658468,1470.1545271277425,1593.5933806002138,1543.4377029165623
1345.0,1555.999352186918,1631.5068954229353,1583.3926308155058,1598.2343903183935,1592.2833171859381
1900.0,1570.0749632716177,1633.667369186878,1567.3333826661108,1596.2031073868272,1591.8197056278584
1652.0,1559.0984207391737,1642.6160115003584,1521.9968289136884,1605.0483250617979,1582.1898965537546
1349.9999999999998,1581.7134378850458,1644.574530124664,1513.4925454854963,1608.403688073158,1587.046050392091
2013.0,1511.586710810661,1646.9283223152158,1478.5960504412649,1606.3343316316602,1560.8613537997005
1440.0,1549.9731576442716,1652.0097324252126,1511.8669721484182,1612.342029213905,1581.547972857952
1600.0,1546.9632631540296,1650.9261128306387,1493.8196246325967,1609.8992788791654,1575.4020698741076
1799.9999999999995,1576.471384912729,1649.4709706306455,1531.3001522421835,1610.63498288393,1591.969372667372
1769.9999999999995,1557.3487666249273,1652.5483754277227,1495.9504456818102,1614.099888205528,1579.986868984997
1012.0,1676.8823143839834,1649.758141338825,1567.7568694949148,1614.5704451203344,1627.2419425845144
1413.0,1711.4378032088277,1645.0774747133253,1530.7757598161695,1606.7830088734624,1623.5185116529462
1433.0,1571.8916958570478,1644.8077213764188,1515.1961371302602,1605.0923003256319,1584.2469636723397
1378.0,1572.5221759080885,1644.685080051422,1543.6550422012804,1610.999884009361,1592.965545542538
1450.0,1505.3923162817953,1639.8182922601698,1486.1868575215337,1606.0357892513273,1559.3583138287065
1470.0,1460.3434370458124,1641.7684620618818,1557.7042393386362,1610.357024669647,1567.5432907789943
1710.0,1483.3918732404707,1640.3128880262373,1513.6064061522482,1611.8785256147382,1562.2974232584236
1545.0,1576.0499852895734,1638.0916693806646,1521.5493032336233,1608.592544198036,1586.0708755254743
1450.0,1748.8614004850385,1640.251711308956,1565.2506393194196,1613.6553853750227,1642.0047841221092
1450.0,1646.7564517259596,1643.0834016203878,1513.806058168411,1617.2760394215582,1605.2304877340791
1450.0,1555.6209202110765,1646.2658864259718,1546.4689552783964,1622.0485430955885,1592.6010762527583
1600.0,1536.7487666010854,1647.9185214638708,1555.7442092895506,1625.1648131012914,1591.3940776139495
1500.0,1506.0099852085111,1649.3120551109312,1516.9394576549528,1627.5059381127355,1574.9418590217826
1452.0,1462.9907335340974,1646.3462078571317,1486.6305686533449,1622.0466718077657,1554.503545463085
1578.0,1517.6689720153806,1647.5847125053403,1549.9856089055536,1622.7204793691633,1584.4899431988595
1749.9999999999998,1531.3916294276712,1648.5370540618894,1548.710110336542,1627.7222877740858,1589.090270400047
1426.0,1504.176339060068,1644.1711956262586,1479.3370084464548,1628.1718286871908,1563.964092954993
1512.0000000000002,1559.4415861368177,1633.6416029930112,1544.7358548641203,1619.1230005025861,1589.2355111241338
1452.0,1627.0109105110166,1623.3070561289785,1553.2166752219198,1602.9254209995268,1601.6150157153604
1450.0,1634.2409908771513,1618.636465668678,1491.9570454955099,1589.2630046606062,1583.5243766754863
882.0,1620.304214954376,1624.5957976579664,1454.5656919479368,1587.3707008361814,1571.7091013491151
1450.0,1604.085835367441,1629.0477353334425,1511.6688315570352,1590.784577578306,1583.8967449590562
1450.0,1587.6534812152383,1636.2388065457342,1529.0597888827322,1594.9326469004152,1586.97118088603
1342.0,1595.8733288943765,1642.3587813973425,1542.0501250028608,1600.4936105012891,1595.1939614489672
1799.9999999999995,1570.7855488359926,1645.4998099803922,1545.1475381851194,1608.2380071282385,1592.4177260324357
1512.9999999999998,1559.2674843966959,1648.2852938771246,1520.2248632907865,1611.4184767007825,1584.7990295663474
1349.0000000000002,1568.179996460676,1647.7318245172498,1473.0869790911672,1608.0252560973165,1574.2560140416024
1512.9999999999998,1598.1988358497617,1647.4108266830442,1443.7103512883184,1606.9489777088163,1574.0672478824852
1450.0,1587.096629142761,1650.8663755655286,1387.5650951266286,1608.1987100839613,1558.43170247972
1200.0,1605.1927021145818,1657.0318371057508,1447.010727226734,1616.2831053137777,1581.379592940211
1514.0,1565.8580161631105,1659.5849934220312,1435.6510744988916,1618.7619858980177,1569.9640174955127
1450.0,1625.426073670387,1657.0859605073927,1527.233268022537,1623.6787226796148,1608.3560062199829
1352.0,1621.2215778231619,1654.321780502796,1486.266459226608,1620.4778128862379,1595.571907609701
1471.0000000000002,1615.3536510467527,1648.726629912853,1439.9466876685617,1616.9564810395239,1580.2458624169228
1401.0,1626.2616756558416,1645.5703431367872,1419.3125726282594,1617.1287834644315,1577.06834372133
1528.0,1590.5688756704328,1648.3991545438764,1385.7557757198808,1621.0298427939413,1561.4384121820328
1537.0,1655.6642135977743,1646.6597205400465,1548.3667290210722,1623.4245154261587,1618.528794646263
1500.0,1638.2518804073331,1646.6061729192731,1542.8660784661768,1623.218529820442,1612.7356654033063
1065.0,1585.5939850211141,1643.950095772743,1448.483142852783,1618.8418754935262,1574.2172747850416
1439.0,1602.234555929899,1641.779545843601,1463.509728014469,1610.0727328658102,1579.3991406634448
1495.0,1675.5765873193739,1635.2108937501905,1572.9848158359525,1607.104006707668,1622.7190759032962
1250.0,1644.5443016290662,1625.4691132903097,1509.3567115068433,1594.7668220102785,1593.5342371091244
1760.0,1548.8353426754472,1623.638705909252,1460.8739471435545,1586.2004262208936,1554.8871054872868
1550.0,1602.345753610134,1622.0750290155408,1524.5088168978689,1583.122589588165,1583.0130472779272
1680.0,1566.3392250239847,1624.730098545551,1492.2728613018987,1578.315035253763,1565.4143050312994
1589.0,1464.5817600190637,1626.9176340103147,1450.7990054786203,1578.3483585715292,1530.161689519882
1428.0,1487.275731116533,1634.69988822937,1476.535330712795,1587.0556047558782,1546.391638703644
1585.0,1529.8776856064794,1643.0697268247602,1519.4253195822237,1598.0019187927244,1572.593662701547
2056.0,1536.3856647908685,1646.6404318809507,1573.6843895912168,1609.2366990447042,1591.486796326935
1450.0,1560.7984857261179,1652.4664705991743,1479.5142769813535,1621.0130012035368,1578.4480586275456
1552.0000000000002,1673.1653609871862,1659.4745874404905,1564.114191830158,1634.3185773491857,1632.768179401755
1799.9999999999995,1748.7524339556692,1661.7633163928983,1628.0582559108732,1642.9249179363248,1670.3747310489414
1400.0,1706.622547805309,1663.4638851881025,1603.134141564369,1645.3406065702436,1654.640295282006
1749.9999999999998,1624.5999720692632,1659.8109874129293,1552.9012912511823,1639.0169492363927,1619.082299992442
1450.0,1679.7001859545705,1655.9066173434255,1572.2658094763754,1638.9187785983083,1636.69784784317
1450.0,1653.78644824028,1653.9305374026296,1569.0717370808122,1634.2310586571691,1627.7549453452227
1416.0,1646.28906160593,1655.528185367584,1557.8091754019258,1634.6100664138792,1623.5591221973298
1450.0,1607.1684941649435,1651.6016477346418,1532.6097658276556,1626.6260010004041,1604.5014771819112
1050.0,1608.87597233057,1652.3714667558668,1555.9155760705469,1624.64531481266,1610.452082492411
1426.0,1574.7916162014005,1651.2400573492048,1520.8759275078771,1624.1793641448019,1592.771741300821
1408.0,1583.5045482218263,1651.0999986529348,1524.5345830917356,1619.12832647562,1594.5668641105292
1812.0,1680.4229348897932,1646.5927860140798,1553.1465739011762,1610.6960156559942,1622.7145776152609
1412.0,1665.9957376122472,1644.5693480968473,1489.3065102398393,1607.8804472088812,1601.9380107894538
1450.0,1615.262677669525,1644.6685263514516,1513.5960420966146,1610.002055764198,1595.8823254704473
1624.0,1613.9519125223158,1644.4880190491674,1543.7963964045045,1608.942187130451,1602.7946287766097
1510.0,1641.166051328182,1639.9150234460828,1481.7865961790083,1605.3262832760809,1592.0484885573385
1600.0,1636.0512459278104,1633.901999890804,1501.400427520275,1595.6232960522173,1591.7442423477767
1508.0,1601.7907728254793,1632.764112949371,1462.7494813501833,1587.5668261945245,1571.2177983298895
1450.0,1581.3121905922887,1634.6354007720945,1437.07130998373,1579.5043106377123,1558.1308029964564
1457.0000000000002,1621.024084985256,1639.6808245778082,1499.7633385658262,1580.9151896834371,1585.3458594530819
1799.9999999999995,1616.0179582238195,1641.2968975305555,1476.0978092253206,1586.7025791108606,1580.028811022639
1409.0,1553.9507958292959,1648.054549694061,1491.4171789586542,1595.2227684855459,1572.1613232418892
1415.0,1635.4648131132124,1653.6305555701254,1559.5968310534952,1607.731607854366,1614.1059518977997
1412.0,1646.787399947643,1656.0281071066854,1537.2373166680334,1610.0544518232343,1612.526818886399
1680.0,1632.7350360155103,1660.8265209197996,1491.7717880010603,1616.9572007656095,1600.572636425495
950.0,1654.4829991459844,1658.7459367513654,1574.1425672173498,1623.9408469200132,1627.8280875086782
1450.0,1587.3809209465978,1652.3416700959203,1505.619029998779,1618.5834938287733,1590.9812787175176
1400.0,1545.452270209789,1657.4547481536863,1480.36283403635,1626.4357054233549,1577.426389455795
1779.9999999999998,1603.3440136909483,1660.4804766178129,1579.2891845107076,1630.084284842014,1618.2994899153707
1718.9999999999998,1663.628414571285,1659.9487429857252,1584.7471553087232,1632.0607966184614,1635.0962773710487
1450.0,1660.834581851959,1658.259114027023,1588.3177164196966,1630.471785366535,1634.4707994163034
1400.0,1641.2210384011266,1661.7224359512327,1528.1920151412485,1635.2478876709936,1616.5958442911503
1450.0,1713.198109269142,1660.929153859615,1557.0048815011976,1638.0490615963934,1642.295301556587
1450.0,1701.8540745973585,1661.8861016631124,1596.6460268199442,1639.2815205454824,1649.9169309064744
1412.0,1669.8908951878545,1661.7959919571874,1584.1371154785154,1640.047596991062,1638.9678999036548
1450.0,1634.4987967610357,1655.4346209764478,1515.612858533859,1630.2954524755476,1608.9604321867225
1850.0,1614.8191824555395,1654.5463350415228,1510.2002304792402,1627.9845559597013,1601.887575984001
1749.9999999999998,1560.8757123351095,1658.38175535202,1456.0879126191137,1632.8169408440588,1577.0405802875755
1450.0,1579.5238152146337,1657.713993489742,1542.5407622754572,1637.4908420443533,1604.3173532560465
1522.0,1572.1428082883356,1659.316679537296,1567.5100034475324,1638.0624485015867,1609.2579849436877
1450.0,1618.753637075424,1659.7214534878729,1558.0383361876009,1639.1200140118597,1618.9083601906893
1450.0,1637.5322982668874,1662.69896030426,1605.9451757371423,1639.9275466799734,1636.5259952470658
1450.0,1645.8031025528906,1665.2692461013792,1567.3163971304891,1641.1615890264509,1629.8875837028024
1450.0,1676.5829083323476,1666.5189784765241,1567.5960826873777,1641.792500913143,1638.122617602348
1765.0,1667.1307456493375,1668.4897324442861,1548.5085150599477,1644.4173419475553,1632.1365837752817
1450.0,1662.529536783695,1660.9144714474676,1554.4012004137037,1640.0242778658865,1629.4673716276882
1450.0,1622.0124128460882,1661.0480526089666,1610.8159220218656,1638.858753442764,1633.183785229921
1450.0,1661.4591601490972,1665.000788271427,1603.7058919668195,1643.287659883499,1643.3633750677106
1829.9999999999998,1669.7350025177,1669.6034365892408,1604.2484934628008,1649.6578115224836,1648.3111860230563
1450.0,1699.4978353381155,1668.2276082038877,1626.9010803103445,1651.816845834255,1661.6108424216507
1829.9999999999998,1689.5178255438802,1668.048684298992,1662.0134931802747,1651.0120481252668,1667.6480127871034
1651.0,1623.1857103109357,1655.1759514212606,1456.7627277970312,1643.2935616374014,1594.6044877916572
1512.9999999999998,1623.6489260196684,1640.5259269475935,1603.367620706558,1635.155043005943,1625.6743791699407
1785.0,1646.7432087659834,1632.7852728962896,1619.8028537631033,1621.5335071086881,1630.216210633516
1799.9999999999995,1691.8278583884237,1632.4134624004362,1587.863137423992,1617.7834463119505,1632.4719761312006
1600.0,1713.7865573167799,1638.6757990717886,1581.0772000253198,1622.084961235523,1638.9061294123528
1493.0,1675.3243952989576,1640.448340475559,1580.0677122175691,1623.7116861343382,1629.888033531606
1550.0,1611.4871385693548,1640.3619733452795,1594.6569918096063,1618.3111494779585,1616.2043133005498
1400.0,1639.123612642288,1643.275712430477,1625.0772944092748,1619.318334162235,1631.6987384110687
1914.9999999999998,1616.2792187929151,1642.9607602953909,1553.3221150934694,1621.455200910568,1608.5043237730858
1450.0,1646.1472755670545,1645.5663126707075,1561.636462807655,1625.090393424034,1619.6101111173627
1847.0,1721.114808320999,1648.9490252733228,1595.7523429393766,1632.1963930130003,1649.5031423866747
1450.0,1655.457508265972,1650.778856873512,1593.449651300907,1636.3899490237234,1634.0189913660286
1708.0,1597.734828442335,1650.8351394534109,1597.089450061321,1636.3231584429739,1620.4956441000102
1450.0,1576.4243867993353,1650.5089595913885,1595.0077863037584,1637.0031556487081,1614.7360720857976
1772.9999999999995,1606.1972238123415,1648.7477898597715,1603.0714534223077,1632.1509063243864,1622.5418433547018
1496.0,1671.2385103106496,1642.448459267616,1619.2528390884397,1625.0446188449857,1639.4961068779228
1234.0,1673.9071106910703,1632.5974243879316,1621.3875466585157,1611.714428067207,1634.9016274511812
1500.0,1685.053796470165,1627.4791643023489,1630.834527313709,1597.3111976683138,1635.1696714386342
1650.0,1650.7946908473966,1625.608452260494,1626.6504716873167,1593.5178093612192,1624.1428560391066
1356.0,1633.8330501317976,1628.490235507488,1624.9815708398817,1593.3012437820432,1620.1515250653026
1562.0,1614.5649752020834,1624.3166878819463,1638.9197862148283,1586.0767053067682,1615.9695386514065
1400.0,1564.2128662765024,1625.3995877504346,1623.2090294361112,1584.5008650422094,1599.3305871263144
1534.0,1527.2211766242979,1625.1354482769964,1523.788946866989,1583.270277380943,1564.8539622873066
1450.0,1628.5961791872976,1625.2495968341825,1608.6388945579527,1589.2060023546217,1612.9226682335136
1424.0,1631.6090965270994,1625.7808986306188,1592.679976224899,1590.6771224737165,1610.1867734640834
1412.0,1536.6732673346994,1624.7393110394476,1560.0559443235395,1588.80950525403,1577.5695069879291
1312.0,1550.4804205894468,1623.8639801740644,1555.4800698161123,1592.357898801565,1580.545592345297
1458.9999999999998,1533.2365033030508,1626.0074684023855,1537.751488983631,1599.689964354038,1574.1713562607763
1414.0,1511.309256404638,1627.758274078369,1536.6292920708654,1599.8168520629404,1568.8784186542032
1450.0,1570.3211095929144,1630.1042932271955,1555.0123918056486,1605.8624792098997,1590.3250684589145
1368.0,1579.5098525285719,1632.416485249996,1552.8413380682466,1608.5346782207487,1593.3255885168908
1452.0,1595.9377443790434,1635.0026050209997,1571.2897169589994,1611.2218475341795,1603.3629784733055
2240.0,1600.618770867586,1634.2350891232488,1566.471582651138,1615.0258877873418,1604.0878326073287
1450.0,1597.9660044610498,1633.9732527732847,1529.366967976093,1619.2767339944837,1595.1457398012278
1266.0,1577.2704967856405,1634.2838865518568,1489.7883668541906,1615.206395089626,1579.1372863203285
1300.0,1574.2767241597173,1632.9053232073782,1477.66357332468,1608.9447781443594,1573.4475997090337
1400.0,1613.6382558941839,1633.342628777027,1453.698278069496,1605.8473649621008,1576.6316319257019
1799.9999999999995,1627.0774132013319,1634.132024347782,1529.1950973868368,1609.1113227605817,1599.878964424133
1450.0,1596.9652253389356,1637.7496555447576,1543.6782893538473,1612.0059171319006,1597.5997718423603
1450.0,1602.9547858238218,1640.4790008068082,1532.2981244325636,1615.1296722888944,1597.715395838022
1998.9999999999998,1571.9617971777914,1642.9770261049268,1494.6609844267366,1619.4614157080648,1582.26530585438
1394.0,1611.0827964544294,1645.6405884027479,1477.4714064598081,1625.0474977493284,1589.8105722665784
1524.0,1594.5630675554273,1649.145654439926,1491.682398021221,1630.9092348814008,1591.5750887244938
1312.0,1565.8449171483514,1650.1178604364393,1543.379818946123,1637.7774369716642,1599.2800083756445
1435.0,1562.454431504011,1651.3580924272535,1539.0933462977407,1644.395318329334,1599.3252971395848
1363.0000000000002,1610.5588358640669,1650.2114248275755,1577.4993696808813,1645.0614967942236,1620.8327817916868
1760.0,1618.418100774288,1642.9708364605901,1557.495014965534,1631.6042023897169,1612.6220386475322
1507.0,1640.4084676504133,1637.2707498073576,1567.0061951875684,1622.6123765110967,1616.824447289109
1713.0,1580.3489811718462,1636.6694906353948,1482.3248793184755,1613.2860219478605,1578.1573432683942
1450.0,1593.7122073769567,1640.7974076271055,1549.0254943072794,1613.344175815582,1599.219821281731
1392.0,1629.0760925412176,1643.9112305641172,1578.779834359884,1615.4218810796735,1616.797259636223
1450.0,1606.6780728101728,1644.0452435612676,1550.7475829124448,1613.8105583190916,1603.8203644007442
1502.0,1570.212143063545,1644.3118301033971,1564.5222765207288,1616.237762570381,1598.821003064513
1850.0,1589.3194311857221,1636.799905002117,1562.9087226092813,1612.093147933483,1600.2803016826508
1413.0,1529.9916902184484,1636.165970265865,1487.9176548123357,1610.215958356857,1566.0728184133766
1402.0,1521.2254984676836,1635.221113860607,1518.072666376829,1605.434458106756,1569.9884342029688
1611.9999999999998,1607.8610146045683,1634.635976552963,1564.64520573616,1606.368374675512,1603.3776428923009
1600.0,1600.9433673322199,1628.2960534095762,1575.3075158596037,1603.5489197075365,1602.023964077234
1473.0,1578.4213387966154,1622.3545706272123,1536.6043895483015,1591.5790832042692,1582.2398455440996
1450.0,1584.354904592037,1622.2995835542677,1559.6262678503988,1586.7222996056078,1588.2507639005778
1450.0,1635.9329229593275,1625.431543588638,1591.768443137407,1585.3688547015188,1609.6254410967229
1500.0,1654.1273105144498,1628.7067291140554,1602.4145594239233,1588.5467332601545,1618.4488330781458
1383.0,1596.1567570269106,1632.9184222221372,1558.5091809928415,1590.8168213069437,1594.6002953872082
1450.0,1576.1174955964086,1631.6583257913587,1519.1023784875867,1587.851333916187,1578.6823834478853
1405.0,1591.8022702634332,1634.940996468067,1515.8325189352033,1591.649472415447,1583.5563145205376
1420.0,1555.2755956351755,1635.7496806979177,1468.940061330795,1593.1976032257078,1563.290735222399
1450.0,1536.98397308588,1638.820607960224,1460.6982620060442,1596.3284116983411,1558.2078136876223
1579.0,1578.9490419626234,1644.3350052833555,1505.8444482088087,1605.4044455289838,1583.6332352459428
1450.0,1569.7662007808683,1646.7257913947103,1492.1163928508756,1609.892225563526,1579.625152647495
1340.0,1595.1693648099897,1649.5351701974867,1490.8542092144487,1613.415716588497,1587.2436152026055
1450.0,1563.571734279394,1647.4813598394392,1432.6903373003004,1609.5222863554952,1563.3164294436572
1400.0,1637.2455593943594,1648.2556411623952,1523.410730808973,1611.7502704262731,1605.1655504480002
1799.9999999999995,1660.457877218723,1644.8583900928495,1487.7334769070146,1611.91408008337,1601.2409560754893
1765.0,1578.8143092393873,1641.2858137488363,1430.390092730522,1608.8060149550436,1564.8240576684473
1532.0,1629.0013849735258,1632.2390007972715,1482.1423567831514,1600.9868387877939,1586.0923953354356
1447.0,1628.2977807521818,1631.9364279508588,1441.138626039028,1595.407594144344,1574.1951072216032
1625.0,1619.2372930049894,1634.2011180520055,1531.316993832588,1601.1972147226331,1596.488154903054
1630.0,1619.344244301319,1629.7625672817228,1572.3743441700933,1602.4866040050981,1605.9919399395583
1450.0,1582.2119921445844,1628.0632939934728,1523.9053985476492,1597.8852511942384,1583.0164839699862
1450.0,1552.6702591776846,1630.4605576395986,1490.8432693779466,1595.0917063653467,1567.2664481401441
1829.9999999999998,1604.1769526898859,1635.2415540814397,1516.2786051630972,1598.1095898151395,1588.4516754373906
1557.0,1623.9255887269971,1635.8957850933073,1533.4334923326967,1602.2200894355772,1598.8687388971446
1416.0,1583.3025211095808,1635.5988261103628,1564.2095555365083,1603.4968115389345,1596.6519285738466
2114.0,1569.228277504444,1635.8246761560438,1563.8988497853277,1599.6634784340856,1592.1538204699752
1450.0,1646.9966962933538,1639.1902592778204,1596.1450974643228,1608.9293760061262,1622.8153572604058
1384.0,1653.1735295057294,1639.3193781375883,1566.1095604300497,1606.680519878864,1616.3207469880579
1760.0,1637.8704255819318,1637.7440416812894,1559.4270476698873,1600.1039507985113,1608.786366432905
1388.0,1648.2262763381002,1635.7103836536405,1562.6930207014082,1598.0333708226678,1611.1657628789542
1480.0,1601.2244923412798,1635.3557026386259,1542.9517978429792,1596.0069820284841,1593.8847437128422
1994.9999999999998,1603.4818412363527,1629.9448019266126,1599.5962560176847,1588.926676660776,1605.4873939603565
1572.0,1614.134579002857,1629.760552048683,1584.1195541620252,1584.8096275329588,1603.206078186631
1850.0,1607.4426378309724,1633.7289777398107,1553.6416015028951,1591.4679574966428,1596.5702936425803
1106.0,1620.7289972901342,1643.7359052896497,1584.4717881083486,1605.4122905433176,1613.5872453078625
1799.9999999999995,1706.0221523046491,1647.958970069885,1621.565894782543,1617.3110181093214,1648.2145088165996
1508.0,1668.0958983302114,1652.2193166613577,1616.2050870060918,1624.8859912157056,1640.3515733033416
1493.0,1677.384539246559,1652.4710768461225,1630.132074654102,1631.7923387885091,1647.9450073838232
1450.0,1697.7516359090803,1649.7680735588071,1597.9196541011331,1630.3416588902471,1643.945255614817
975.0,1769.2211559414861,1648.67005944252,1629.4396981596944,1627.0676249265669,1668.5996346175668
1765.0,1724.8416939377782,1646.597248315811,1604.1728502511976,1622.120803594589,1649.433149024844
1450.0,1649.3751031160352,1639.8344141244886,1559.1845719516275,1618.1138005852697,1616.6269724443553
1450.0,1547.2506497800348,1640.3282901644704,1544.7426202893255,1616.0798546671865,1587.1003537252543
1450.0,1546.2288546562193,1644.6115240454671,1564.5162308216093,1619.2341262102125,1593.647683933377
1400.0,1513.1463572382925,1648.536478281021,1568.8670469820497,1622.7540186047552,1588.3259752765296
1799.9999999999995,1520.8031632006166,1647.3615974187849,1562.7020892500875,1622.550767958164,1588.3544044569132
1450.0,1549.8898853361604,1649.5371854305265,1555.8804534375665,1621.3642275333402,1594.1679379343984
1600.0,1542.2103360295293,1651.8067696690557,1563.3206938207147,1622.4590748548505,1594.9492185935376
1450.0,1574.3661141395567,1650.3533548116682,1506.4187896251676,1621.5306282043455,1588.1672216951845
1829.9999999999998,1581.4471392333505,1650.543074607849,1567.9488924145696,1620.8127734065054,1605.1879699155686
1400.0,1640.468924641609,1646.8171966075895,1567.4984878301618,1620.3089651465414,1618.7733935564754
1829.9999999999998,1608.3511480689046,1642.3694333434103,1501.5129926800726,1611.8475773930547,1591.0202878713606
1450.0,1670.7473692297933,1643.8605618476865,1602.4786870181558,1614.2049682140348,1632.8228965774176
1450.0,1626.094987094402,1647.444221973419,1634.4776368141172,1614.8691314458845,1630.7214943319557
1450.0,1623.2530766725538,1652.3258361220358,1570.8855187892912,1619.6666815876958,1616.5327782928941
1450.0,1607.082270979881,1657.351395487785,1560.0100257992742,1626.9097170233724,1612.8383523225782
1450.0,1638.5171714425085,1661.5669751167295,1633.3820697665212,1634.4963496923444,1641.990641504526
1799.9999999999995,1682.6706394553182,1664.3793767690656,1633.8753700256345,1640.8931311964986,1655.4546293616293
1450.0,1675.7963916659353,1666.953117251396,1660.8620753884313,1646.7639368772504,1662.5938802957533
1450.0,1665.7786682248113,1667.3753085732458,1690.3640794754026,1649.6900552511213,1668.3020278811452
1400.0,1668.593804836273,1666.5808749198911,1653.0900412797926,1650.0854727625845,1659.5875484496353
1765.0,1579.1944685578344,1653.9791908860204,1430.5577889084814,1639.387608170509,1575.7797641307113
1760.0,1613.5540479421613,1639.1017329692838,1562.7812591195104,1629.9947509169576,1611.3579477369783
1600.0,1641.3062539696691,1630.6515729427335,1627.8512626886366,1622.5598365068433,1630.5922315269706
1424.0,1614.465796947479,1626.565112173557,1590.7822744548318,1615.1771742105482,1611.747589446604
1500.0,1627.8030410408971,1626.9242554903028,1612.5195136666296,1612.8514513373373,1620.0245653837917
1458.9999999999998,1653.7458556890485,1625.0130948424337,1630.3020739555357,1608.4985479712484,1629.3898931145666
1270.0,1631.8075969815252,1619.253270924091,1626.539058089256,1600.3314562141893,1619.4828455522654
1878.9999999999995,1628.300227820873,1612.238676548004,1627.8109580278394,1584.1268233954904,1613.1191714480517
1334.0,1613.1537362933157,1614.8235008120535,1587.538540959358,1582.4067500233648,1599.480632022023
1450.0,1607.0432618260381,1614.279100000858,1585.6809999048708,1587.135638296604,1598.5347500070927
1450.0,1609.3311271071432,1616.5263727307317,1596.1835308372972,1585.775212049484,1601.954060681164
1593.9999999999998,1611.813030540943,1622.2224289178846,1580.1891300082204,1589.0876793861387,1600.8280672132967
1450.0,1570.3282348811624,1626.0669177770612,1564.8937271535394,1592.279736548662,1588.3921540901063
1779.9999999999998,1589.125465005636,1630.4771113395689,1572.8211501240728,1596.0629047453401,1597.1216578036544
1593.9999999999998,1557.425633370876,1632.0455384254453,1531.9504967331884,1596.287963092327,1579.4274079054592
1575.0,1581.8737928569315,1634.0652337670324,1578.61487314105,1601.8335245549677,1599.0968560799954
1699.9999999999998,1559.2272517085073,1634.3008720874784,1520.9064438939092,1604.9632534384725,1579.8494552820919
1450.0,1542.074307799339,1635.4213416576383,1507.1221059560773,1604.4128069281576,1572.257640585303
1298.0,1678.442104756832,1641.93471878767,1580.149545073509,1613.0492320656774,1628.393900170922
1744.9999999999995,1645.1197946071622,1646.8325987458227,1576.2647515535352,1624.468406140804,1623.171387761831
1450.0,1645.9517979621885,1647.9638642072675,1550.6269568204877,1627.2268283367155,1617.9423618316648
1450.0,1653.0413877964018,1651.3560771942136,1514.534564912319,1632.0612284541128,1612.7483145892618
1450.0,1658.0067780613897,1653.3353239297865,1557.248580753803,1635.752271711826,1626.0857386142013
1479.0,1630.498991012573,1654.1877675056455,1563.3144322037695,1637.1892768144605,1621.2976168841121
1301.0,1553.1531234085558,1651.9573363661764,1510.9945921599863,1637.106220424175,1588.3028180897234
1829.9999999999998,1550.8474808931348,1649.5677018165586,1511.967086046934,1636.430685520172,1587.2032385691998
1450.0,1612.4901488423345,1645.6935602426527,1529.2672139406202,1630.0542002916334,1604.3762808293102
1699.9999999999998,1642.5605925917623,1646.4861226081846,1558.9396491646764,1629.3825519084928,1619.342229068279
1378.0,1671.0356914997099,1649.2403703927992,1531.9561105966566,1627.9829725623129,1620.0537862628696
1462.0,1652.7641493082044,1652.8102117776868,1524.75222826004,1631.9227531552312,1615.5623356252906
1250.0,1635.8110013604162,1648.534319102764,1568.2049709558485,1626.7004206776617,1619.8126780241726
1500.0,1634.0678247809408,1640.5290937423704,1569.5196226239202,1609.9502354860304,1613.5166941583154
1883.9999999999998,1597.037341892719,1637.1455174684522,1529.9921220540998,1601.9153574109075,1591.5225847065446
1829.9999999999998,1590.166260898113,1638.8100999593732,1452.9841658473013,1600.0355048477647,1570.499007888138
1400.0,1641.870663166046,1641.2640780210493,1484.4605945050714,1600.336998105049,1591.9830834493039
1289.0,1618.920901417732,1642.5365537405012,1566.168434023857,1603.9315980672834,1607.8893718123434
1400.0,1589.6541038155553,1644.9702355265615,1600.8819746971128,1610.012851655483,1611.3797914236782
1850.0,1609.661049544811,1645.6172692775724,1611.8881699442861,1610.587337017059,1619.4384564459322
1799.9999999999995,1588.5411193966863,1649.8517057299612,1525.6901752948759,1616.5014702081678,1595.1461176574228
1532.0,1599.0636587142942,1654.8021256923673,1535.919282287359,1623.4842526912687,1603.3173298463223
1450.0,1642.5510922074316,1654.6777570247648,1559.8876723647115,1628.2982125878332,1621.3536835461853
1400.0,1568.812059909105,1656.410857439041,1527.9979769885538,1632.0160296559332,1596.3092309981582
1328.0,1600.6539654731748,1655.238279700279,1571.6701641678808,1630.217866003513,1614.445068836212
1291.0,1668.8983929157255,1656.2410020828245,1594.618198573589,1630.4149270057676,1637.5431301444767
1260.0,1670.2185145020483,1649.2844176292417,1623.2762518525121,1630.3194913268087,1643.2746688276527
1749.9999999999998,1651.9783523678777,1637.8917294740675,1583.8127349317072,1612.9820096492765,1621.6662066057322
1315.0,1657.6847726106641,1633.1356355547903,1542.2627320885656,1603.090814054012,1609.043488577008
1400.0,1650.4734051227567,1634.8331815004346,1482.3109886050222,1605.1503822207449,1593.1919893622396
1450.0,1621.940584182739,1639.175864756107,1515.3963649272916,1608.4212493896482,1596.2335158139465
1767.0,1632.5644609332082,1642.4952414631841,1575.5290475487707,1611.8756467103956,1615.6160991638897
1489.0,1612.2704884409902,1640.7271623611448,1552.6971769332883,1611.831599473953,1604.381606802344
950.0,1547.33672901988,1639.53515201807,1525.9944754838941,1610.0907260179517,1580.739270634949
1197.0,1554.4618013501165,1637.5135853886602,1550.2952350676057,1605.293751657009,1586.8910933658478
1450.0,1630.278466939926,1639.2101237177847,1563.6077925562856,1604.9874362349508,1609.5209548622367
1462.0,1668.0298274755476,1641.3010719418523,1542.9628816246984,1608.35589826107,1615.162419825792
1450.0,1626.546543240547,1637.3745343089101,1478.520191311836,1607.2176514565942,1587.4147300794718
1611.9999999999998,1578.4476807713506,1637.6047027111051,1473.4697294235227,1604.9292823672292,1573.612848818302
1458.9999999999998,1583.5186548531053,1638.2893061637876,1500.8006078004835,1603.445782959461,1581.5135879442093
1337.0,1602.3074641823766,1637.9254126548765,1520.9948982298372,1603.1865376234052,1591.1035781726239
1290.0,1537.8801760077474,1637.3464649915693,1460.0447507202623,1597.357116192579,1558.1571269780395
1450.0,1577.4830318987367,1635.1144504547117,1501.4720402657983,1589.9835944175718,1576.0132792592046
1454.0,1600.683978050947,1638.7506505846975,1478.6706140637395,1591.7631891369817,1577.4671079590914
1450.0,1557.7515253424642,1636.8894389271734,1441.503527164459,1592.179838567972,1557.0810825005171
1760.0,1586.6570924222467,1637.0886591076849,1481.2430590391157,1589.9257284402845,1573.728634752333
1450.0,1609.3036335706709,1634.9971351027486,1454.2580810189245,1588.2228565216062,1571.6954265534876
1450.0,1567.910171151161,1636.5625393390653,1435.9919367730615,1587.0523659884927,1556.8792533129451
1450.0,1575.3411990404127,1636.110407412052,1443.5145857930181,1587.4900314211843,1560.6140559166668
1250.0,1584.6877059340475,1638.6092963814733,1491.1158296465871,1588.379540890455,1575.6980932131407
1779.9999999999998,1615.9776535630224,1635.8621019124982,1497.307561188936,1583.642015904188,1583.1973331421611
1450.0,1626.4722675085065,1635.3224512934682,1479.006582200527,1582.9778526723383,1580.94478841871
1450.0,1597.0685060322282,1640.0727874040601,1460.3976324200628,1590.2718447148798,1571.9526926428077
1393.0,1599.2624470591543,1646.4864104986189,1463.271570652723,1600.8991041779516,1577.479883097112
1777.9999999999998,1619.9996268749235,1649.944838285446,1523.9376422762869,1610.2412927150724,1601.0308500379322
1335.9999999999998,1599.8796841502187,1651.1080595850942,1509.522392451763,1614.4588875770567,1593.7422559410331
1306.66,1592.2829033434389,1651.2972036004064,1504.9665263295171,1615.0297743082044,1590.8941018953917
1829.9999999999998,1628.7088882923124,1646.687501966953,1568.4767395257948,1614.2085668444631,1614.5204241573808
1299.0,1598.7184061110017,1642.7092880010603,1496.3040471076963,1612.2222667932508,1587.4885020032523
1386.0,1620.0927594304083,1636.2496024370191,1528.4295247495172,1603.5307106375692,1597.0756493136284
1340.0,1670.1089721918104,1634.245021343231,1549.731473624706,1597.657313942909,1612.935695275664
1450.0,1661.202649772167,1635.4138565063474,1489.7966437041757,1590.9614142775533,1594.3436410650609
1850.0,1647.8760576248167,1641.0174998641012,1524.0276080369947,1594.4691433012483,1601.8475772067902
1395.0,1645.4384893178938,1648.7421759963033,1517.0360448956487,1605.0354419648645,1604.0630380436776
1492.0,1594.0970449149606,1652.6645392179487,1517.357618510723,1611.6836237907407,1593.9507066085932
1699.9999999999998,1621.3090965151785,1652.62682557106,1582.273312807083,1619.699501097202,1618.9771839976308
1589.0,1594.5108154416082,1651.1646300554273,1527.5454851984975,1620.9626203775404,1598.5458877682684
1273.0,1618.5218852758405,1653.1290504336355,1543.8467052578924,1630.4776871204374,1611.4938320219514
1230.0,1651.0116162896154,1649.525669813156,1596.7860135436056,1634.5049864053724,1632.9570715129373
1240.0000000000002,1666.8267333507536,1648.721159994602,1624.9212577939031,1634.0993487834928,1643.6421249806879
1744.9999999999995,1675.0097310543058,1650.4915422201154,1606.5570868551729,1630.743266046047,1640.7004065439103
1515.0,1647.5762197375295,1653.4473133087156,1563.099953830242,1633.604321181774,1624.4319520145652
1799.9999999999995,1539.6945334970949,1655.9076249599455,1463.9787015318868,1635.541535913944,1573.7805989757178
1281.0000000000002,1564.240647703409,1661.581657528877,1565.859599560499,1638.8267976045606,1607.6271755993364
1400.0,1593.920568078756,1662.6980966329572,1602.951259166002,1640.4097631573675,1624.9949217587707
1349.9999999999998,1526.2768959999082,1659.2248424887655,1541.953681707382,1632.515231668949,1589.9926629662511
1450.0,1587.2153119742868,1658.1488519906995,1584.4838795065878,1628.1814730167387,1614.5073791220782
1450.0,1665.2036070823667,1659.7785997390745,1600.3729124367235,1630.3377723693845,1638.9232229068873
1300.0,1633.671831488609,1660.4765900969503,1559.202924966812,1632.063531577587,1621.3537195324895
1481.0,1566.4273914694784,1659.758447408676,1485.3105190396307,1630.8513689041135,1585.5869317054746
1265.0,1622.1064090728757,1654.327250421047,1547.2674193978307,1628.7114793062208,1613.1031395494936
1400.0,1621.0790720582006,1643.9561414718626,1563.7084102630613,1617.5439214706419,1611.5718863159416
1380.0,1579.962344318628,1636.6358074545858,1528.8126349449155,1606.4839626848695,1587.9736873507497
1545.0,1505.0431051850317,1633.1673035025594,1446.4774101972578,1593.7849716842172,1544.6181976422665
1300.0,1609.5510753989217,1634.9710810184476,1520.4596379399297,1592.1122562885282,1589.2735126614568
1450.0,1637.9851499199865,1642.0952177047727,1538.5447710752485,1601.058019697666,1604.9207895994184
1450.0,1617.7630060911176,1644.8082971572874,1589.6086171269415,1608.9152693748472,1615.2737974375484
1188.0,1641.2629264593122,1647.9638642072675,1589.704772531986,1615.1603326201437,1623.5229739546774
1333.0,1667.8150612115858,1643.4010887145994,1543.0370134115217,1610.2578464150426,1616.1277524381874
1749.9999999999998,1678.1353574991224,1641.5218839049337,1532.6424413919447,1606.9017636775968,1614.8003616183994
1497.0,1673.9584991335867,1640.5400335788725,1498.9766779541967,1606.1821095645425,1604.9143300577996
1600.0,1621.4294347167013,1643.3011907339094,1476.7858673632143,1611.9620138406751,1588.369626663625
1450.0,1545.3071014583109,1645.5761009454725,1495.090876817703,1615.9079840779302,1575.4705158248541
1346.0,1546.0424456000326,1653.5385745763776,1606.8118698894975,1624.5167717337606,1607.727415449917
1258.0,1541.0792864859102,1659.996244907379,1541.9150324165819,1629.7581049799917,1593.1871671974657
1799.9999999999995,1593.8701152801511,1663.4971365332601,1605.1233924925325,1636.581684052944,1624.768082089722
1829.9999999999998,1613.7476542592046,1666.0209280252454,1614.0122255682943,1639.1925624012945,1633.2433425635097
1699.9999999999998,1611.2142184376714,1662.4833303689954,1574.0872202813623,1638.732801377773,1621.6293926164506
1768.0,1592.1208930015562,1658.2562351226804,1522.1446606516836,1633.1402418017385,1601.4155076444147
1473.0,1602.8915938735006,1659.9570918083189,1541.100230515003,1637.8475382924078,1610.4491136223076
1372.0,1635.782500207424,1663.7657383084295,1591.5542526543138,1648.4276556968687,1634.882536716759
1580.0000000000002,1640.0366571545599,1666.7177668213842,1625.515031814575,1656.6598826646803,1647.2323346137998
1340.0,1691.6113647818563,1668.2535183429716,1666.5538132190702,1659.6280330419538,1671.511682346463
1320.0,1696.546094715595,1662.510104179382,1612.896794080734,1647.1658319234846,1654.779706224799
1260.0,1767.9491120576856,1661.4962980151174,1618.3343246579168,1640.4886451363561,1672.067094966769
1333.0,1710.0877410173414,1661.0327944159505,1584.3032282590864,1639.953168928623,1648.8442331552503
1208.0,1642.89253026247,1660.552161335945,1585.5701620876787,1635.53620994091,1631.137765906751
1274.0,1656.5232786536214,1659.814873933792,1602.1435105800626,1632.9523932933805,1637.8585141152141
1346.0,1643.8690546154974,1651.3013780117033,1613.6313465237615,1630.5842065811155,1634.8464964330194
1412.0,1618.665686547756,1637.3686325550077,1620.7848480343816,1618.1284829974172,1623.7369125336406
1450.0,1600.4665488004682,1627.3942366242406,1588.2823778688905,1604.9494346976278,1605.2731494978068
1450.0,1558.736110627651,1629.8178422451017,1509.241771250963,1601.4807148277757,1574.8191097378729
1450.0,1605.8616875112054,1637.908715009689,1557.5762720406053,1607.5011515617368,1602.2119565308092
1829.9999999999998,1628.669447302818,1645.2925288677213,1579.4078673422334,1615.2750569581983,1617.1612251177428
1150.0,1624.3290671706197,1650.2655482292173,1556.1278232932088,1619.8545300960538,1612.644242197275
1284.0,1639.9383425712583,1649.573459625244,1577.5314694643018,1619.3039396405218,1621.5868028253315
1629.0,1624.4125553965566,1640.2581888437269,1520.013695657253,1607.867348194122,1598.1379470229147
1891.9999999999998,1658.4357348084447,1635.0609028339384,1523.4788168966768,1606.0976856946943,1605.7682850584386
1500.0,1669.1875788569448,1638.349475264549,1475.8065360784528,1613.5148948431013,1599.214621260762
1300.0,1756.2918525934217,1644.4166222214697,1514.2640918493269,1621.6574439406393,1634.1575026512144
1450.0,1664.0625533461568,1645.465838909149,1617.423439323902,1628.226383924484,1638.794553875923
1450.0,1565.5808496475217,1645.2522242069242,1605.0346502661703,1628.4440290927885,1611.0779383033512
956.0,1552.4962294101713,1646.0060653090475,1613.13142478466,1629.7319069504736,1610.341406613588
1450.0,1513.1025978922842,1643.4543484449384,1554.9348053336141,1626.4865180850027,1584.4945674389598
1280.0,1556.0145384073255,1643.1232744455335,1599.9768471717832,1628.4867808222768,1606.9003602117298
1276.0,1593.0034931004045,1640.1709580421445,1565.2181077003477,1629.2907148599622,1606.9208184257147
1295.0000000000002,1493.424135148525,1636.271194219589,1524.172776788473,1622.890622615814,1569.1896821931002
1320.0,1594.5446425676344,1636.1551743745802,1579.186407625675,1621.4740577340124,1607.8400705754755
1450.0,1643.5067445039747,1634.1916176676748,1566.3723324239252,1626.4033177495,1617.6185030862687
1435.0,1540.424839556217,1632.689117491245,1496.6056843101976,1623.7293913960455,1573.3622581884263
1300.0,1591.6699846088884,1630.684536397457,1525.460150837898,1622.8707581758497,1592.6713575050233
1450.0,1623.800644278526,1627.6123136281965,1471.4590306580064,1616.8031793832777,1584.9187919870017
1300.0,1592.2306512296198,1630.226502716541,1573.810629546642,1619.834089875221,1604.025468342006
1219.0,1537.032770514488,1632.0138704776762,1536.3978281617162,1619.719941318035,1581.2911026179788
1450.0,1490.7753992080686,1633.7995108962057,1531.515782177448,1620.5577024817464,1569.1620986908672
1829.9999999999998,1553.2661204040048,1637.3182517290113,1551.940528899431,1626.132844686508,1592.1644364297388
1799.9999999999995,1584.8867821693418,1635.984599292278,1505.172799825668,1629.1849151253698,1588.8072741031644
1215.0,1470.9453621506689,1637.9288673400877,1491.1054655909536,1630.7710474729536,1557.687685638666
1240.0000000000002,1566.4298385381696,1638.0794340372083,1576.5938103199003,1634.6008539199827,1603.9259842038152
1216.0,1622.2990077733991,1635.712974667549,1554.1480007767675,1630.123293995857,1610.5708193033931
1450.0,1609.5250213146207,1634.5923611521719,1555.1285555958746,1630.9905639290807,1607.559125497937
1439.0,1584.0850073099134,1634.6972972154615,1545.2454929053781,1629.1968625783918,1598.3061650022862
1480.0,1582.9001222550867,1633.0753225088117,1517.7077652513979,1627.9445391893385,1590.4069373011587
1263.0,1504.6715825796125,1630.5810397863386,1475.611202418804,1624.5655691623685,1558.857348486781
1799.9999999999995,1580.8245761692522,1629.9091035127637,1567.2154915332792,1623.9097547531126,1600.464731492102
1450.0,1618.7969645857809,1633.9217203855512,1575.6952323019502,1624.091557562351,1613.1263687089083
1450.0,1569.7965732216833,1637.7581483125684,1546.6919983923433,1624.9231290817258,1594.7924622520802
1400.0,1526.1774298548696,1640.2489763498304,1540.386838018894,1625.4656586050985,1583.0697257071731
1450.0,1569.2457668483255,1641.882610619068,1547.4470630288122,1625.8078163862226,1596.095814220607
1450.0,1540.250090062618,1644.203151464462,1512.7993053197858,1627.6167759299276,1581.2173306941984
1450.0,1519.0486869215963,1646.805824935436,1524.4984528422353,1630.4879072308538,1580.2102179825304
1400.0,1597.1187429130075,1648.4037607908247,1541.520406603813,1633.2588526606557,1605.0754407420752
1760.0,1606.9129914045332,1648.0554133653638,1547.7651819586752,1633.8431262969968,1609.1441782563923
1133.0,1623.0852365493772,1646.6381287574766,1535.104336440563,1632.1529215574262,1609.2451558262107
1177.0,1607.490499615669,1640.3968080878255,1477.613624334335,1617.2207644581792,1585.6804241240022
1959.0000000000002,1626.3140717148779,1633.5244315862653,1503.132376372814,1605.9129320085046,1592.2209529206154
1246.0,1570.0767625868318,1633.7561833858488,1396.365042030811,1601.1010593175886,1550.32476183027
1450.0,1504.2139087617395,1634.1400852799413,1390.3785043954847,1594.7198238968847,1530.8630805835126
1356.0,1580.9524714946745,1640.9951883554456,1519.9094073474405,1599.238264262676,1585.2738328650591
1300.0,1587.611377239227,1641.672018766403,1497.6133008301256,1601.8398581445215,1582.1841387450693
1527.0,1550.768454968929,1643.1581091880796,1479.2479063570497,1598.42281460762,1567.8993212804196
1394.0,1601.6687072813509,1644.3519908189771,1523.0417272448537,1601.719807833433,1592.6955582946537
1295.9999999999998,1610.961882472038,1645.9689274430273,1471.7508076131342,1600.5041904747484,1582.296452000737
1212.0,1587.1794696152208,1645.0875508785246,1431.7557010054586,1597.0148864388464,1565.2594019845126
1600.0,1561.1232981085775,1647.5881671905515,1422.5695490837095,1599.1827014088628,1557.6159289479253
1290.0,1546.9351938366888,1645.8945077657697,1405.4274010658262,1600.6173314154146,1549.7186085209248
1450.0,1484.6986798942087,1647.3279142379758,1398.7092618644235,1601.028798818588,1532.941163703799
1159.0,1521.1155962944028,1650.5245056748388,1477.160628736019,1605.0405520200727,1563.4603206813333
1135.0,1577.7291782200334,1644.9460527300832,1530.4789447784422,1605.653182864189,1589.701839648187
1450.0,1558.1879672408102,1635.049531161785,1505.9403876960275,1594.1500167548654,1573.331975713372
1250.0,1538.4712150692937,1633.7550318241117,1460.3178867697713,1586.8093144893644,1554.8383620381353
1270.0,1535.0928208231924,1633.132180869579,1387.4282032251356,1580.8248640596864,1534.1195172443984
1400.0,1587.3545789718626,1635.484965443611,1534.2583703994749,1586.021646261215,1585.7798902690408
1933.9999999999995,1594.227243363857,1637.7115100622175,1536.6291481256483,1589.5270721614359,1589.5237434282897
1450.0,1590.9262196719644,1639.1978883743284,1512.3612800240514,1599.6437579393385,1585.5322865024207
1600.0,1564.465346187353,1638.5779163241384,1475.1022841036317,1598.8133379817007,1569.239721149206
1424.0,1547.6952965557573,1637.3107665777204,1430.309267491102,1598.5245838761327,1553.459978625178
1208.0,1573.2321137189863,1635.8841255307195,1488.2331827282903,1599.3166424334047,1574.1665161028502
1400.0,1562.2027432918546,1638.1437775492666,1478.897543698549,1599.807135760784,1569.7628000751135
1395.0,1643.7924757599828,1644.4599497318266,1557.907058149576,1609.0439563989637,1613.8008600100873
923.0,1607.020374536514,1647.276957631111,1524.2845502495763,1619.596148431301,1599.5445077121256
1630.0,1609.5320746302602,1647.4652379751203,1547.951878905296,1625.9770959615705,1607.7315718680618
1360.0,1672.0614451169965,1645.537667572498,1574.829545766115,1625.9198057651518,1629.5871160551903
1215.0,1657.2769758105276,1645.6826204061506,1534.1557374596593,1627.012493908405,1616.0319568961856
935.0,1600.2472482621667,1649.9652785062788,1555.4543755948541,1638.61548602581,1611.0705970972774
1803.9999999999998,1604.7490629553793,1650.431373119354,1576.1881726980207,1639.4597247242925,1617.7070833742616
1183.0,1623.1877255439756,1653.1287625432012,1531.3522604107854,1644.534369409084,1613.0507794767616
1450.0,1549.0773865580557,1651.390048265457,1491.907888203859,1640.223641991615,1583.1497412547467
1161.0,1612.5087177753446,1653.4320551156995,1546.6186583042143,1640.6572049856184,1613.3041590452192
1212.0,1633.3387422561643,1653.5102173686025,1523.9369945228098,1641.3428160548208,1613.0321925505993
1259.0,1635.1161777973173,1652.8392887115476,1502.2445222735403,1635.632797181606,1606.4581964910028
1283.0,1683.2572162151334,1653.1637412309644,1529.853862673044,1631.9266396760938,1624.550364948809
1400.0,1661.8678206205366,1652.921193540096,1522.8842511773107,1633.7658277153967,1617.859773263335
1181.0,1624.7185829281805,1652.0116037130354,1514.7732260823248,1632.7000573277471,1606.050867512822
1268.0000000000002,1644.8935127258299,1646.9821578264234,1534.6843042969701,1630.3695842623708,1614.2323897778986
1345.0,1634.2067319154737,1642.6055034995077,1490.7165256142614,1622.8850087523458,1597.6034424453971
1335.0000000000002,1619.1427209973333,1638.2921850681303,1483.1904938817022,1620.1235637068746,1590.18724091351
1329.0,1605.1513898372648,1636.6278904676435,1490.79540759325,1619.273855090141,1587.9621357470749
1546.0,1584.8159611225126,1639.151825904846,1459.732317626476,1618.8161092996595,1575.6290534883735
1224.0,1650.66902667284,1642.5695171952245,1557.2770819067953,1623.1510195136068,1618.4166613221166
1163.0,1646.2905010581014,1639.240784049034,1507.5664648413656,1615.9062567353246,1602.2510016709564
1118.0,1601.4486150443552,1635.3332471847532,1426.2194959819315,1606.8936307728288,1567.4737472459672
1253.0,1596.2555034458635,1636.185402870178,1463.264445364475,1607.291207462549,1575.7491397857664
1280.0,1614.8715785145757,1636.1239382624624,1530.2782851457594,1609.2713898420332,1597.6362979412077
1176.0,1609.9862217903135,1635.1949158310888,1483.2842022180555,1602.1296198666093,1582.6487399265168
1217.0,1632.6289483904836,1629.114525914192,1543.7502619624136,1599.1900426149366,1601.1709447205064
1760.0,1594.7224868834016,1625.0005716085432,1513.0389741063116,1586.2027293443678,1579.741190485656
1387.0,1588.2279665768144,1623.2997149229047,1471.66969448328,1581.7433784902094,1566.2351886183021
1200.0,1554.3441261351106,1624.0632003545759,1478.081590235233,1579.0415987372396,1558.8826288655398
1639.9999999999998,1503.9148625731466,1626.807228028774,1428.0190271139143,1573.7729158997533,1533.128508403897
2310.0,1543.2378169894216,1634.6161121129987,1478.8035474717615,1579.3201327323911,1558.9944023266432
1372.0,1569.1814953088758,1645.7063713669775,1561.4732289314268,1593.7637397646902,1592.5312088429926
1153.0,1585.2953706681726,1647.0791769027708,1550.3400740027425,1601.6469715535638,1596.0903982818124
1825.9999999999995,1573.7056934833524,1641.2004542350767,1543.8813960552213,1598.6439864337442,1589.3578825518487
1222.0,1585.7704618573187,1639.8015946149824,1569.4760791957376,1598.7271147966383,1598.4438126161692
2259.9999999999995,1539.8719459772108,1638.8768905401228,1481.606736630201,1591.522368788719,1562.9694854840634
1994.9999999999998,1578.7902703881261,1647.6424345374105,1466.2848478555677,1599.153120666742,1572.9676683619616
1452.0,1554.8698140680788,1656.7937517166135,1591.1620739102361,1614.7908252477644,1604.4041162356732
1292.0,1453.9708383381364,1663.2876962423322,1514.0935167670248,1628.475121259689,1564.9567931517956
1130.0,1605.3033240139482,1669.5886102318761,1624.455307126045,1645.3110978007314,1636.1645847931502
1379.0,1635.7800531387327,1665.8451709151266,1656.004931926727,1642.8094738721845,1650.1099074631927
1140.0,1683.5626679658887,1664.075652360916,1635.7183006405828,1639.3268632888792,1655.6708710640667
1749.9999999999998,1740.589012801647,1661.2464091181753,1593.984983563423,1638.3153602480886,1658.5339414328334
1850.0,1737.7689820528028,1657.2450199723241,1547.1421870589254,1632.0062413811681,1643.5406076163051
2259.9999999999995,1673.6023786664007,1662.1574383974073,1542.4027907848356,1637.621976137161,1628.9461459964512
2310.0,1585.1642365753648,1674.1210132837293,1594.4484871625898,1651.4625966548917,1626.299083419144
1450.0,1637.008337676525,1687.2853791713712,1737.4345973134039,1670.6208413839338,1683.0872888863084
1450.0,1669.9722242355344,1695.6192314624784,1787.5124186277387,1682.8717309236524,1708.993901312351
1500.0,1662.1194368600843,1700.3348767757413,1833.474414348602,1690.482834279537,1721.6028905659912
1400.0,1665.1883488893507,1702.8399553894994,1823.9069515466688,1694.755560159683,1721.6727039963005
1450.0,1736.7992231249807,1701.2745511531828,1801.3962227106092,1693.1350249052045,1733.1512554734943
2259.9999999999995,1769.1532137989996,1698.802292048931,1769.152494072914,1691.3832116127012,1732.1228028833864
1400.0,1728.6660304665563,1699.8323640227316,1810.2836883068082,1694.9166348576543,1733.4246794134376
1450.0,1692.3274922370908,1699.7747859358785,1712.3862582445142,1698.3835554122923,1700.718022957444
1450.0,1702.2440221905706,1697.987993955612,1724.5618644356725,1697.561196386814,1705.5887692421672
2310.0,1687.5198659300802,1696.3193809986112,1710.7013794779775,1696.4823269844053,1697.7557383477686
1850.0,1689.8245728015897,1699.1588443517683,1734.0726128220556,1700.6935882568357,1705.9374045580623
1614.9999999999998,1592.7738285064695,1691.4271149039266,1511.8442288041113,1698.3199316263197,1623.5912759602068
1790.0,1646.7587548494337,1682.2408190369604,1638.11700373888,1694.419016242027,1665.3838984668253
1292.0,1658.9928027987478,1671.8848243355749,1670.3708085417745,1682.0718273520467,1670.830065757036
2259.9999999999995,1694.6500483155248,1666.5713745355604,1672.2218000888822,1674.014205932617,1676.864357218146
1614.9999999999998,1731.018527150154,1671.0620334744451,1619.0032380819318,1675.5371463298795,1674.1552362591026
1609.9999999999995,1701.1819943785665,1672.5481238961218,1624.216358065605,1675.7542157173154,1668.4251730144022
1450.0,1586.5074613690374,1672.709198594093,1579.9686059355734,1672.673356235027,1627.9646555334327
1155.0,1570.205521583557,1672.8109678626058,1621.8687555193899,1671.5426665544508,1634.1069778800008
1206.0,1591.0215114057062,1664.9305430054662,1619.4070044159887,1658.846554458141,1633.5514033213256
1450.0,1630.684680342674,1653.348998725414,1648.8766208291051,1649.109956026077,1645.5050639808176
1261.0,1681.3017204403875,1647.3271945118902,1617.7368080615995,1637.3546698689458,1645.9300982207058
1466.0,1741.1934387683866,1642.8204137086866,1632.2175529599187,1625.8828118443487,1660.5285543203352
1450.0,1677.2518217563627,1641.5099364519117,1622.824407815933,1624.0724128484724,1641.41464471817
1126.0,1606.1208608746526,1637.783626616001,1563.8765382766721,1618.780698776245,1606.6404311358926
1500.0,1639.4263294339178,1630.3061044216154,1628.1214478611944,1605.965328067541,1625.954802446067
1250.0,1678.8409769535062,1629.9371728301046,1638.529694676399,1603.3332897722719,1637.6602835580704
1985.0,1617.404006719589,1627.3575305938718,1542.7117691934106,1598.1281587481496,1596.4003663137553
1556.0,1632.617288827896,1632.0541751384733,1536.4414435625074,1604.1597512364385,1601.3181646913288
1450.0,1643.2968723773954,1634.345926940441,1575.6626287102697,1612.6156690716741,1616.480274274945
1225.0,1591.4770260453222,1636.2593907117841,1576.3837222754953,1615.933894217014,1605.013508312404
1191.0,1507.5874088704584,1636.8114206194875,1544.9090209603307,1616.3447138667104,1576.4131410792468
1268.9999999999998,1580.0918230414388,1637.234331667423,1579.336902350187,1617.2276738286016,1603.4726827219126
1511.0,1589.5606833696363,1632.5421494245527,1575.163426697254,1612.2460177540777,1602.3780693113802
1450.0,1512.0070308446882,1631.374033987522,1501.8254977464674,1614.8997917771337,1565.0265885889528
1400.0,1531.9438032805917,1633.6893928050993,1466.395829617977,1618.3038082718847,1562.5832084938882
1124.0,1654.7934889793394,1636.6113367676733,1524.9212199449537,1622.7295479178426,1609.7638984024522
1760.0,1593.7913772463796,1639.2013430595396,1532.3394367098806,1625.8033540844915,1597.7838777750728
1450.0,1534.583758562803,1637.9113060235975,1542.7023407816885,1628.2344448566434,1585.857962556183
1303.0,1453.866550028324,1637.1935951709745,1498.9423470199106,1624.953645467758,1553.7390344217417
1095.0,1468.2363851368425,1636.5602362155912,1504.4392549991605,1624.5480078458784,1558.4459710493682
1171.0,1497.8739856183527,1632.9351198673246,1567.168061584234,1620.88632941246,1579.7158741205928
1256.0,1534.4600376486776,1630.6132835149763,1589.7108902037141,1618.0416840314863,1593.2064738497136
1408.0,1554.0956766903398,1629.073357582092,1528.7754251062868,1611.3699671626089,1580.8286066353319
1749.9999999999998,1539.6059352159498,1629.3053972721098,1499.5436061918733,1610.519826710224,1569.7436913475392
1400.0,1506.1736509203909,1631.6990622878072,1395.098396092653,1611.0557347536085,1536.006711013615
1292.0,1499.2448478937147,1637.802195549011,1460.1087343692777,1618.2849514484403,1553.860182315111
1231.0,1479.871477037668,1642.1188247203825,1491.4293423295019,1622.9899448156355,1559.102397225797
1708.0,1543.1126566231248,1638.7264677882192,1583.945668339729,1622.2349521517751,1597.004936225712
2334.0,1535.770946741104,1638.3785521984098,1544.4827271997926,1621.2974369525907,1584.9824157729743
1200.0,1536.852551102638,1640.1467752456663,1537.5861679017542,1625.0293606519697,1584.903713725507
1392.0,1508.5940177738664,1636.5921920537946,1500.282764881849,1615.7008469104765,1565.2924554049966
1387.0,1552.4593794345853,1634.6962895989416,1587.326293736696,1611.8084242939947,1596.5725967660544
1053.0,1597.9045398533342,1629.5089358091352,1601.0868087410925,1607.6872727274892,1609.0468892827628
1250.0,1573.7426874041555,1624.7270756959913,1589.271641373634,1605.2357417345045,1598.2442865520713
1225.0,1552.1503290534017,1618.1896597146986,1579.0235336124895,1597.36359372735,1586.681779026985
2310.0,1601.904489547014,1616.2707260251043,1586.3867633044717,1588.7974138557909,1598.3398481830952
1195.0,1599.7590580582616,1624.727795422077,1584.6401320397852,1597.1717147529123,1601.574675068259
1166.0,1558.1882551312444,1626.5472629666326,1538.54419529438,1597.6433512568472,1580.230766162276
1718.9999999999998,1538.2459408044813,1628.4247404336927,1564.2425189912317,1602.5986653566358,1583.3779663965104
1749.9999999999998,1539.4591830670831,1630.9491077065466,1507.897107005119,1604.7168192267416,1570.7555542513726
1519.0,1530.451739132404,1635.0459325313566,1460.134572535753,1607.0972412824628,1558.1823713704941
1127.0,1557.6501159369943,1641.1448913812635,1526.486336290836,1617.255311310291,1585.6341637298463
1120.0,1524.0111982822416,1645.9735336899755,1525.7844594120977,1622.0912948250768,1579.465121552348
1452.0,1613.5110083222387,1652.0858794450758,1611.4173251390455,1629.4162350893018,1626.6076119989154
1450.0,1628.7405562400816,1654.9421843886373,1579.2309586703775,1637.8263783454893,1625.1850194111464
1250.0,1562.5079071521757,1657.8598099946973,1509.7724972665308,1642.6581874489782,1593.1996004655955
1300.0,1673.621235489845,1658.8556230068205,1553.1025266647337,1643.0348920822141,1632.1535693109033
1998.9999999999998,1673.4230229258535,1659.455586671829,1545.957086086273,1642.9699727892873,1630.4514171183107
1335.0000000000002,1608.8396981358526,1662.1721208095548,1507.294408380985,1647.898225188255,1606.5511131286619
1612.9999999999998,1611.3141164183614,1661.7906659841535,1508.1982403993604,1652.5545650720594,1608.4643969684837
1450.0,1587.3650869727132,1659.0197205543516,1566.4416420459745,1653.262055814266,1616.5221263468263
1241.0000000000002,1583.943365216255,1655.0158843398092,1566.8120130896566,1648.0857858061788,1613.464262112975
1550.0,1595.5062685906885,1644.446274936199,1578.8554055988786,1641.1428761482236,1614.9877063184974
1500.0,1588.5789769887922,1639.8649305105207,1517.705102264881,1631.6240668296812,1594.4432691484687
1450.0,1605.3663720190523,1640.6854182481763,1506.202655881643,1628.6816826462743,1595.2340321987865
1150.0,1570.7798629999158,1643.6636447906492,1503.7640799582002,1629.8947089910505,1587.025574184954
1261.0,1518.8881880044935,1641.8726783990858,1513.6435440182684,1625.4833638668058,1574.9719435721634
1639.9999999999998,1534.5724588632581,1639.7356677055357,1574.816446751356,1621.4445489645002,1592.6422805711625
1230.0,1569.4332554936407,1641.747014224529,1540.3862622380254,1623.7622109055517,1593.8321857154367
1611.9999999999998,1534.815582334995,1641.0827070474622,1521.6795736551283,1625.8486968278883,1580.8566399663684
1194.0,1605.142897069454,1638.1943023204801,1539.2875283956525,1622.5264412164686,1601.2877922505138
1900.0,1669.242134094238,1637.2160506248472,1485.5922918021677,1619.5210090279577,1602.8928713873026
1600.0,1549.8300760984419,1643.0572035908697,1461.9160385429857,1627.7058780193327,1570.6272990629075
1036.0,1543.0652266740797,1643.2842051982877,1503.442002534866,1630.0621172785757,1579.9633879214523
1450.0,1561.302941739559,1643.7862861156461,1570.8529151976106,1633.1362113356588,1602.2695885971186
1630.0,1513.5992088913915,1644.585182070732,1539.3112793564794,1632.3207616806028,1582.4541079998014
1500.0,1523.0080440640447,1647.1763399243353,1484.5098957419393,1632.6996254920957,1571.8484763056038
1263.0,1560.210685431957,1649.2844176292417,1524.115990400314,1631.9917029142377,1591.4006990939376
1799.9999999999995,1588.2266710698602,1643.3957627415655,1558.6858017742632,1625.5235245823858,1603.9579400420187
1473.0,1560.1211515069006,1639.0713605284689,1473.3145564794538,1615.6681713461874,1572.0438099652526
1450.0,1575.656439065933,1637.1056446433065,1493.2733525335786,1612.3627573251722,1579.5995483919976
1147.0,1555.9330654144285,1640.0989854335783,1478.6590264737604,1611.5098819136617,1571.5502398088572
1250.0,1560.305113494396,1638.4555628895757,1523.942248523235,1605.2687051892278,1581.9929075241087
1400.0,1592.6671651005743,1637.0516651868818,1562.8135748207567,1604.8774620890615,1599.3524667993186
1500.0,1512.9651302099226,1638.409068584442,1503.9063698053358,1602.154882252216,1564.358862712979
2307.0,1588.6473509669302,1638.4914052486417,1569.559999257326,1604.391646981239,1600.2726006135342
1300.0,1605.0899972021577,1640.246385335922,1575.3780490159986,1614.140048921108,1608.7136201187966
1450.0,1516.8943308293817,1636.8652561306951,1517.6066437363622,1609.3430745601652,1570.177326314151
1500.0,1564.9862839281557,1637.8080973029134,1563.7481391429899,1609.1427028179166,1593.921305797994
1400.0,1632.315579652786,1641.2350010871885,1549.3246844410894,1612.4151533842085,1608.822604641318
1179.0,1607.9624959826467,1644.0632367134092,1517.8943902254102,1616.476711630821,1596.5992086380718
1215.0,1577.45676189661,1644.4410929083822,1521.0883906483648,1616.49182587862,1589.8695178329942
1550.0,1626.8466690182684,1644.8625645041463,1562.3878568410871,1621.5922367572782,1613.922331780195
1532.0,1621.4395108819006,1644.2883670330045,1554.859665930271,1621.9129467010496,1610.6251226365564
1156.0,1606.264662146568,1642.4619901180265,1505.744838118553,1624.4157221913335,1594.7218031436203
1220.0,1594.7834476828573,1635.6408581137655,1541.830536574125,1624.0257745981214,1599.0701542422173
1237.0,1638.8226231932638,1627.6130333542822,1558.4508112072942,1609.3465292453764,1608.5582492500541
1550.0,1657.7623590826986,1623.4391978383062,1526.722838282585,1596.7205184698103,1601.16122841835
1349.9999999999998,1586.8645174801347,1629.5686730742452,1451.4032155275343,1598.5908706486223,1566.6068191826341
1600.0,1544.4600558280943,1633.1452798843382,1453.4771782159803,1602.8595660626886,1558.4855199977753
1095.0,1569.3458087742326,1637.9710432887075,1529.7612339258192,1605.4010628163812,1585.6197872012851
1450.0,1557.486378252506,1635.440630316734,1524.0336537361143,1600.0527782738206,1579.2533601447938
1905.0000000000002,1509.0437746047971,1638.05726647377,1502.5398258864877,1602.809545099735,1563.1126030161975
1500.0,1467.2269693017004,1642.6617860794065,1394.4619423151014,1611.0766068100927,1528.8568261265752
1450.0,1533.6533686518667,1644.9274837970731,1452.0354229211805,1618.4969827532766,1562.2783145308492
1799.9999999999995,1555.6365382671354,1647.4154329299924,1566.2464523315427,1623.5907721519468,1598.2222989201543
1243.0,1541.2683585286138,1647.645025551319,1496.3733567297456,1624.8944839835165,1577.5453061982987
1300.0,1539.4733616709707,1643.4356355667112,1507.2307845950124,1624.1449612379072,1578.5711857676504
1212.0,1526.3778015971182,1643.6457955837247,1494.9834936857221,1622.9804444313047,1571.9968838244674
1208.0,1546.3834518194196,1644.987077116966,1491.0080866515634,1620.6194549798963,1575.7495176419613
1372.0,1575.342638492584,1646.1616700887678,1545.8454565703867,1623.5794004797933,1597.732291407883
1750.9999999999998,1545.9759429097173,1641.0143330693243,1546.9252616167066,1619.5037356019018,1588.3548182994125
1519.0,1508.8228186964986,1638.3196786046026,1490.5486854910848,1614.5158898830412,1563.0517681688068
1300.0,1477.7732595801351,1641.5924170613287,1427.1638485789297,1614.4862371683118,1540.2539405971763
1250.0,1558.7048745155332,1645.9293425083158,1510.3364026546476,1618.2299643754957,1583.300146013498
1900.0,1575.6346313655374,1646.6974341869352,1520.589044690132,1619.1952610015867,1590.5290928110478
2213.0,1544.038440287113,1652.6284089684484,1532.769976854324,1629.194991290569,1589.6579543501136
1132.0,1613.2631346583364,1655.7075411081312,1562.725912183523,1641.2632143497465,1618.2399505749343
1251.0,1636.2762323021886,1649.809241890907,1543.366863876581,1637.3638823628423,1616.7040551081298
1260.0,1602.178633213043,1644.4894585013387,1524.528393447399,1627.4628984928129,1599.6648459136484
1412.0,1612.9421368241308,1644.2328041791914,1528.6359421908853,1624.1499993205068,1602.4902206286786
1270.0,1638.6261379718778,1644.1886129975317,1540.6748004257677,1627.3917895555494,1612.7203352376816
1252.0,1562.7835622429845,1645.1277115941045,1514.246818423271,1628.20349663496,1587.59039722383
1455.0,1613.5497295856474,1645.204290449619,1586.5749716758726,1631.7788079380987,1619.2769499123094
1760.0,1604.9580714106557,1643.7095633149145,1531.1745600402353,1630.395782291889,1602.5594942644236
1560.0,1601.4450164139269,1645.382206737995,1504.8184786736963,1632.5866284966467,1596.0580825805662
1554.0,1629.9239298701284,1647.977395057678,1570.0140744447706,1639.0018349885938,1621.7293085902927
1384.0,1630.2411851286886,1648.7253344058988,1551.6802039742468,1638.1011697649953,1617.1869733184574
1326.0,1627.7219998836515,1649.0277633070943,1550.0616839528082,1632.922452688217,1614.9334749579427
1799.9999999999995,1623.8901782035825,1649.2017930746076,1533.0146837234495,1627.1249151229856,1608.3078925311563
1176.0,1622.9552540183065,1651.6205045580862,1467.2075366973875,1625.5549046397207,1591.8345499783752
1900.0,1625.607444643974,1649.9262693524358,1505.8880636095998,1625.7716861367223,1601.798365935683
1760.0,1567.9830794036386,1651.520462632179,1442.578366100788,1624.7423338890073,1571.7060605064032
1260.0,1581.0959848761556,1654.8042848706243,1453.0937081575391,1625.7125246524809,1578.6766256392
1186.0,1619.0835595130918,1662.0535099506376,1531.2243650853632,1632.4934959411619,1611.2137326225636
1371.0,1641.1759835481641,1667.5961205363271,1541.049777716398,1639.2891496419904,1622.27775786072
1198.0,1677.7641227841375,1669.6349605917928,1600.7532876729963,1647.451851069927,1648.9010555297134
1326.0,1676.3645434379575,1668.1049668788908,1577.1411620080469,1651.5341374278066,1643.2862024381755
1253.0,1676.8919587135313,1663.2709985971449,1566.1181971430776,1644.75244641304,1637.7584002166984
1303.0,1655.8877605199812,1656.165574789047,1528.6614924669263,1634.117917716503,1618.7081863731144
1500.0,1606.1893787980077,1653.7114527821539,1499.0968722105024,1632.0204919576643,1597.754548937082
1500.0,1529.4557821750639,1654.44456577301,1484.6189342439172,1630.1585605740545,1574.6694606915114
1415.0,1550.5636209249494,1654.8584082722662,1520.4292654991148,1629.0897673368452,1588.7352655082939
861.0,1538.3275577425954,1653.0153337121008,1508.42315480113,1630.2835050225256,1582.512387819588
2310.0,1448.5788664221761,1650.2039396762846,1505.8846089243887,1630.0333282351492,1558.6751858144996
1408.0,1555.9096023440359,1655.956998169422,1531.0016098618505,1636.740311682224,1594.902130514383
1691.9999999999998,1624.7388792037962,1655.1447153091428,1533.8590663671491,1638.831547796726,1613.1435521692035
1900.0,1503.7353628873823,1655.0502872467039,1473.6322435736654,1638.9829781651495,1567.8502179682253
1216.0,1446.8987378478048,1662.5537195801733,1477.0852014422414,1647.6327902078626,1558.5426122695205
1500.0,1543.024346232414,1662.5193166732786,1539.4377352297304,1644.901285767555,1597.4706709757445
1197.0,1579.1735965013502,1666.2261939048765,1576.5138487517831,1648.038283884525,1617.4879807606337
1500.0,1539.6361637115476,1666.4429754018781,1542.3552168905733,1649.8688352108,1599.5757978036997
1829.9999999999998,1607.4232771992681,1665.6178814172742,1569.9465641379354,1646.9432926177976,1622.4827538430688
1225.0,1659.385053515434,1661.1849445104597,1525.2475437521932,1641.5390133857725,1621.8391387909649
1500.0,1515.7760204374788,1659.2694655060766,1470.6463879346845,1636.2844371795652,1570.4940777644513
1276.0,1490.3868910670278,1662.0727986097334,1517.0148129761217,1639.2556104063985,1577.1825282648203
1174.0,1569.5014855265615,1656.668375432491,1558.9160421490667,1635.8274111151693,1605.2283285558221
1500.0,1579.7346229851244,1651.4765593409536,1559.4107818603513,1630.5234616994856,1605.2863564714787
1185.0,1525.6605945527551,1650.7912361621854,1515.7438486814497,1627.328309714794,1579.880997277796
2259.9999999999995,1604.196169376373,1647.6382601261137,1533.4400418400762,1626.7477786540983,1603.0055624991653
1500.0,1652.531245946884,1654.5211446285246,1488.8406315445898,1634.2454531788824,1607.5346188247202
1117.0,1555.8800935745237,1660.797731876373,1534.7266241908071,1643.7343218922613,1598.7846928834913
1500.0,1527.333166003227,1659.3323695659635,1532.672741860151,1641.2868213653562,1590.1562746986745
1114.0,1594.6270512044428,1661.8007421493528,1570.5468876659868,1643.2640528678892,1617.5596834719179
1339.0,1625.4534232616422,1659.9298861622808,1523.0703723430631,1636.7624792456625,1611.3040402531622
1500.0,1667.5398379564283,1660.083187818527,1500.1813554763792,1636.2631332874296,1616.016878634691
1151.0,1678.7455412745473,1665.5682203173635,1484.2921786010263,1643.2767200469968,1617.9706650599835
1985.0,1687.5460639595983,1666.2146782875059,1559.1858674585817,1645.7790637016294,1639.6814183518288
1500.0,1663.8213011622427,1671.179204881191,1516.1208412051199,1656.32506608963,1626.8616033345459
1900.0,1574.4418293237684,1676.2039005756376,1535.0788581371305,1665.7406666874883,1612.8663136810062
1330.0,1610.2197009325025,1682.7944323420522,1582.1613234281538,1676.1309203505514,1637.826594263315
1749.9999999999998,1671.974070370197,1679.7230732440946,1562.781834900379,1674.6336022019384,1647.2781451791523
1500.0,1702.4076879024503,1675.1536762714384,1551.1933812499044,1666.9004333019254,1648.9137946814296
1829.9999999999998,1754.5434939861295,1676.840714216232,1535.8518439531324,1667.6967382431028,1658.7331975996492
1316.0,1703.3025953173635,1676.3037985563276,1494.7549086809156,1666.714312136173,1635.268903672695
2259.9999999999995,1645.6702411174772,1675.5368584394453,1559.3460065126417,1660.8305513858793,1635.3459143638609
1500.0,1596.3376241922376,1681.6915240883825,1547.3894849419592,1666.3220614194868,1622.9351736605165
1500.0,1538.6178232729433,1685.779136419296,1564.1653643548486,1671.1430746316908,1614.9263496696947
1267.0,1541.7345970869062,1688.2869499921796,1558.0144412815569,1673.9862805604932,1615.505567230284
1500.0,1570.6947913765905,1687.7272909879682,1551.072467267513,1672.2634002566335,1620.4394874721763
2310.0,1622.5405478477476,1686.395941674709,1617.0943805575369,1670.4325610399244,1649.1158577799795
1749.9999999999998,1668.8105863332746,1688.5172623395918,1627.9154622554777,1674.413941800594,1664.9143131822345
1300.0,1649.7680735588071,1686.5082189440725,1589.8548354208467,1674.687437713146,1650.204641409218
1258.0,1596.805518120527,1687.00281471014,1549.898594021797,1676.9129747152326,1627.6549753919242
1500.0,1652.8388568758962,1682.241538763046,1605.5283103883264,1670.6817302107809,1652.8226090595124
1266.0,1702.4479925632475,1680.6876501441,1650.738696157932,1667.9797345399854,1675.4635183513162
1500.0,1652.8008553385732,1677.100247442722,1582.9132932424543,1664.9383160471914,1644.4381780177353
1360.0,1682.553036212921,1675.0845825672147,1589.2858199775217,1660.5505779385564,1651.8685041740534
1614.9999999999998,1723.2005745172498,1670.0136804580686,1609.1726434230802,1657.631368935108,1665.0045668333767
1395.0,1663.911698758602,1669.629634618759,1566.393924206495,1657.219829559326,1639.2887717857955
1227.9999999999998,1663.3586612343786,1668.1457033753393,1612.0152735710142,1659.408804476261,1650.7321106642482
1279.0,1624.416154026985,1668.108565509319,1584.3399342894552,1659.4570261240003,1634.0804199874399
1180.0,1684.8568794131277,1662.6020851731298,1626.382589638233,1656.169893145561,1657.5028618425129
1220.0,1686.936599910259,1652.340230643749,1628.5646551847456,1647.1379065513609,1653.7448480725286
2310.0,1670.8854126930235,1647.4216225743291,1579.1492697596548,1633.7656837701795,1632.8054971992967
1829.9999999999998,1728.5937699675558,1655.6600391864774,1570.7175347208974,1638.9816826581953,1648.4882566332815
2259.9999999999995,1711.46731197834,1660.8864021301267,1554.365789890289,1643.939299881458,1642.6647009700534
1177.0,1655.9010034799574,1671.5890169143674,1635.419902205467,1655.4028090834615,1654.5781829208133
1149.0,1654.8624387383459,1679.6872308850286,1724.268072247505,1667.0229306817052,1681.4601681381462
1213.0000000000002,1564.76719930768,1672.0136553049085,1442.0515266060827,1661.7361107468603,1585.1421229913828
1862.9999999999998,1639.509097933769,1665.4900580644605,1560.1027984917162,1657.566305696964,1630.6670650467274
1145.0,1742.9380548000333,1663.5652226209638,1680.998283922672,1658.8743358850477,1686.5939743071792
2270.0,1795.33051520586,1662.7782741189,1589.6132953464983,1660.0305038690565,1676.9381471350787
1500.0,1731.528956890106,1668.2418587803838,1608.7752106785772,1667.4991014599798,1669.0112819522617
1360.0,1575.5183956027029,1667.7839690446851,1579.139769375324,1670.1024946570394,1623.1361571699379
1295.9999999999998,1446.4905092120168,1666.8779778480528,1616.5109705924986,1670.863101184368,1600.185639709234
1200.0,1467.747763097286,1657.8567871451376,1638.8144183158872,1656.3126868009565,1605.1829138398168
1283.0,1563.6498245596883,1653.6701405048368,1625.0738397240636,1647.458472549915,1622.463069334626
1292.0,1573.7947955727575,1646.4358857274053,1616.822036206722,1639.8725596070287,1619.2313192784784
1184.0,1640.598187446594,1637.0795905590055,1623.5950905084608,1628.3933603763578,1632.4165572226045
1765.0,1598.8915002346037,1632.1398225426672,1606.7176577448843,1620.0487121939657,1614.4494231790302
2319.9999999999995,1561.8374103307722,1624.798472523689,1571.7125560343263,1609.723953604698,1592.0180981233714
1850.0,1577.0006714761255,1632.7536049485204,1581.7225064337251,1612.3889553546903,1600.9664345532653
1829.9999999999998,1522.4938717484472,1643.644931912422,1588.9904443919656,1623.8040989637373,1594.733336754143
1260.0,1534.0377023816106,1649.4879561662672,1538.7421199679372,1631.8264538049696,1588.5235580801962
1275.0,1594.7810725867746,1652.1463364362714,1619.2849388718603,1637.2323164343832,1625.8611660823224
1158.0,1560.7723596692083,1651.9902998208997,1608.2390147447584,1635.740324258804,1614.1854996234176
1480.0,1626.6010984778402,1645.1016575098035,1652.461864352226,1633.7527287006376,1639.4793372601268
1760.0,1639.0545189380643,1638.1492474675176,1633.9913898706434,1625.0806051492689,1634.0689403563736
1799.9999999999995,1603.4703975915907,1633.554516136646,1598.7286262214182,1614.4059157371519,1612.5398639217017
1206.0,1585.2970260381696,1635.416591465473,1561.4808580279348,1611.8183565139768,1598.5032080113886
1128.0,1570.98246589303,1640.840303301811,1547.5617873668668,1615.3090280294416,1593.6733961477873
1057.0,1545.907137095928,1641.414788663387,1570.1370756328104,1615.2717462182043,1593.1826869025824
1306.0,1574.8762559890745,1641.4307665824888,1612.986903786659,1619.003525972366,1612.074363082647
1322.9999999999998,1539.1416399180887,1639.7703585028646,1591.3481950759885,1619.1906547546384,1597.362712062895
1253.0,1564.1248437762258,1638.4010076522825,1584.0316036343572,1614.126949906349,1600.1711012423036
1250.0,1623.2258710265157,1636.3575613498685,1606.8533980846403,1609.8703458905218,1619.0767940878866
1250.0,1632.570794522762,1633.9110684394834,1571.7769715189932,1606.1533924937246,1611.1030567437408
1387.0,1611.4436671137807,1629.915868937969,1577.7790552377699,1601.1858430504797,1605.0811085849998
1132.0,1654.619315266609,1629.375210702419,1589.7338494658468,1599.1938571631906,1618.2305581495164
1413.0,1575.1317587494848,1630.197137892246,1533.841505050659,1599.2184717953203,1584.5972183719275
1400.0,1565.8305226266382,1633.247193098068,1541.3016098737714,1604.5771203935144,1586.239111497998
1372.0,1621.577986180782,1631.6820767521856,1566.2801355123518,1608.1877702474592,1606.9319921731947
1249.0,1578.4884172677992,1629.3340423703191,1531.3784584403036,1609.1284522414205,1587.0823425799606
2114.0,1539.3467618525026,1628.8378632068632,1528.622051477432,1608.8289022445676,1576.4088946953414
1189.0,1631.477242708206,1630.7697519659994,1595.1410076022146,1621.6370037198064,1619.7562514990566
1420.0,1562.7749975025652,1630.4765355587003,1508.7562440335748,1619.1785633563993,1580.29658511281
1253.0,1529.206684976816,1630.4930892586706,1572.8948500752447,1620.4472965002058,1588.2604802027342
1333.0,1506.333430111408,1629.351315796375,1488.271400183439,1616.4932653307912,1560.1123528555033
1799.9999999999995,1577.6523834466932,1632.8717839717863,1475.6998726725576,1622.881985902786,1577.2765064984558
1015.0,1471.4978958666322,1639.9743288755415,1462.4890124797819,1631.6190287470815,1551.3950664922593
1176.0,1575.121610611677,1646.6021424531934,1557.908209711313,1644.2102047801015,1605.9605418890712
1170.0,1526.3802486658094,1649.5531633496282,1580.9916245937345,1646.43012791872,1600.838791131973
1254.0000000000002,1579.3707294762132,1649.8882678151128,1593.459583520889,1648.502939045429,1617.805379964411
1293.0,1568.9369323849676,1647.4997848272321,1574.3423631787298,1640.5444958806036,1607.8308940678833
1157.0,1540.3972020745275,1647.0200154185293,1540.7695883512495,1636.1472573876379,1591.083515807986
1354.0,1568.4946607053278,1640.7170861959455,1562.4943043291566,1632.7019286155698,1601.1019949615
1253.0,1590.7672321796415,1635.5796813964841,1547.3512674868105,1619.4473090767858,1598.2863725349305
1150.0,1580.4312458634374,1633.846580982208,1545.4719187319276,1615.8813542127607,1593.9077749475834
1555.0,1532.1469819545744,1630.6344434618948,1486.5804757177827,1606.973088532686,1564.0837474167345
1224.0,1615.8370190858839,1630.706416070461,1573.8874962925909,1606.457980573177,1606.7222280055282
1829.9999999999998,1597.3790678381918,1631.785573363304,1546.831121444702,1604.371422678232,1595.0917963311074
1012.0,1588.7864740192888,1631.8992900848386,1552.1306805312631,1607.4445810914037,1595.0652564316986
1299.0,1560.8707462251184,1634.6037328243253,1546.5998014807699,1610.6264901161192,1588.1751926615832
2300.0,1535.8886939287183,1637.2269904613493,1502.6546941697595,1614.484221935272,1572.5636501237748
1175.0,1554.79193970561,1647.039304077625,1471.7682969570158,1628.3909133076666,1575.4976135119794
1213.0000000000002,1542.5202500820158,1650.2785032987592,1505.8740289509294,1637.8432199358938,1584.1290005668995
1229.0,1521.8176171183584,1649.691926538944,1559.6089944243429,1640.7514891028402,1592.9675067961214
1760.0,1568.894036710262,1641.1913856863973,1613.525546789169,1633.4724673628805,1614.2708591371772
1768.0,1573.4340688586233,1635.5147621035574,1555.4530081152914,1622.6394382119176,1596.7603193223474
2270.0,1568.58289912343,1636.127824783325,1551.4827111363409,1625.3241604566572,1595.3793988749383
1040.0,1545.0719669461248,1643.3672615885732,1430.623715817928,1628.2442331314085,1561.8267943710086
1241.0000000000002,1580.478459894657,1643.4717658162115,1512.0252399146555,1626.0700845718382,1590.5113875493405
1225.0,1568.1920158863065,1642.1827363967893,1562.6275256276128,1620.0520229339597,1598.263575211167
1295.0000000000002,1556.9285905361173,1639.6290042996404,1569.7584997117517,1617.1256166696546,1595.860427804291
1116.0,1528.456442505121,1639.2142981290815,1553.7251617014406,1614.7454825043676,1584.0353462100027
1900.0,1545.6288190186021,1634.7024792432783,1560.3068408370016,1603.2035951316354,1585.9604335576294
1292.0,1592.2294276952741,1639.6452701091764,1547.5555977225301,1606.1547599732874,1596.396263875067
1006.0,1534.4688183069227,1644.5152246952055,1484.004144221544,1610.0023436546323,1568.2476327195761
1799.9999999999995,1609.7442498803136,1645.2034267783163,1605.1610341668127,1616.6737726330755,1619.1956208646295
1293.0,1614.144367277622,1643.4019523859022,1575.3076598048208,1615.8050632476804,1612.1647606790063
1450.0,1555.7969652116296,1644.19221162796,1554.2064425349233,1617.4849039316175,1592.9201308265326
1333.0,1571.8054006993768,1640.869668126106,1517.0086953043935,1619.6106868982313,1587.323612757027
1250.0,1609.9647739529607,1639.1679477691648,1510.6987127661703,1621.344363093376,1595.293949395418
1138.0,1622.4026483297346,1637.3491999506948,1561.033764183521,1622.9965662956236,1610.9455446898935
1178.0,1573.9432750642297,1637.1697002649305,1578.7004485726354,1620.9869471192358,1602.7000927552579
1324.0,1612.6615875959394,1633.592373728752,1619.8608636856077,1623.142670691013,1622.314373925328
2300.0,1561.2501138448713,1631.098234951496,1577.1230968832967,1613.7462148070333,1595.8044151216743
1200.0,1530.835928916931,1639.0350863337515,1524.4364124536512,1619.2963105440137,1578.4009345620868
1260.0,1488.9538444578645,1645.0443673133848,1424.48114156723,1624.1279757022855,1545.6518322601912
1258.0,1518.3791977167127,1649.9225267767904,1533.5788770020006,1629.7235581278799,1582.901039905846
1096.0,1574.1360177099702,1652.318494915962,1604.0893620252607,1636.0652086138723,1616.6522708162663
1760.0,1539.5195680856702,1646.1072587966917,1545.7721164822576,1627.2734665870664,1589.6681024879215
1359.0,1540.7662776112554,1643.5782852768896,1525.4120731353757,1623.3365648984907,1583.2733002305029
2006.0,1538.5295128822324,1644.740498960018,1468.7143552303312,1622.7378967404363,1568.6805659532545
1250.0,1598.7455397844312,1648.0109342932699,1521.4607769250867,1631.535828411579,1599.9382698535917
1153.0,1508.1482194364069,1645.1690238714216,1459.8931044340131,1625.048073530197,1559.5646053180096
1145.0,1501.1754411458967,1645.620004236698,1536.2632393836973,1621.4603829383848,1576.1297669261692
1514.0,1580.910079628229,1646.722192764282,1562.054335772991,1620.522435903549,1602.5522610172627
1266.0,1595.1438145339487,1646.440923810005,1546.6275829076765,1624.3659171462057,1603.144559599459
1299.0,1536.6966584324834,1643.6647963523862,1540.8956843614576,1623.8632604479787,1586.2800998985765
1500.0,1532.3698091506956,1640.9141471982,1494.9456360936163,1618.0147662758825,1571.5610896795986
1539.9999999999998,1642.7910488843916,1640.529669523239,1514.2204044759271,1618.9456599950788,1604.121695719659
1300.0,1628.0072993040083,1644.2414408922193,1465.2893947064874,1625.0682258605955,1590.6515901908276
1500.0,1556.2604688107965,1647.5516051053999,1509.0639989078043,1629.5397400856016,1585.6039532274006
1213.9999999999998,1628.9004793763158,1648.451982438564,1573.8269673287866,1634.7006079554556,1621.4700092747805
1327.0,1605.3326168656347,1645.3299546241758,1577.769914716482,1634.7047823667524,1615.7843171432612
1985.0,1559.0281035006044,1641.2766012549398,1549.1945579648016,1633.0439424514768,1595.6358012929556
1322.0000000000002,1541.6590258479116,1643.946928977966,1464.4901388883588,1636.6003969311712,1571.674122661352
1824.9999999999995,1589.222699999809,1643.1185242533682,1517.6270119845865,1634.7910055518148,1596.1898104473946
1332.0,1630.614147186279,1645.3027489781377,1575.2577827870844,1637.2409531474111,1622.103908024728
1250.0,1578.0511116981504,1644.8441395163534,1555.8857794106004,1636.3755545020101,1603.7891462817786
2270.0,1560.4777757823465,1643.1702005863187,1559.5953196287153,1632.363369464874,1598.9016663655636
1315.0,1622.2778478264806,1651.0532164573667,1533.2571594417093,1634.6911075711248,1610.3198328241704
1799.9999999999995,1711.708420217037,1655.4615387320516,1584.3285626173017,1640.1784431934354,1647.9192411899564
1280.0,1685.917035937309,1656.7828118801115,1522.7928459644315,1639.172410070896,1626.166275963187
1322.0000000000002,1605.066893994808,1659.7264915704725,1561.3661336898801,1640.6728950142858,1616.7081035673616
1332.0,1606.0710558295248,1657.059186697006,1605.0303319096563,1640.1960045099256,1627.0891447365282
1279.0,1599.4601558148859,1658.12322974205,1596.361950933933,1636.5760701894758,1622.6303516700862
1324.0,1591.3494186103342,1660.635937452316,1579.473146498203,1635.505693554878,1616.7410490289328
1349.9999999999998,1616.6681587696073,1660.3494864702222,1570.4233106970785,1632.7822500467298,1620.0558014959095
1277.0,1629.7958186268804,1657.821376621723,1552.6931464672086,1631.8861910700796,1618.049133196473
1315.0,1570.596620738506,1655.599870085716,1550.7330444455145,1631.468605995178,1602.0995353162286
1200.0,1621.888476014137,1646.5891873836515,1592.979022413492,1623.6716693639753,1621.282088793814
1215.0,1675.0910601019857,1638.686163127422,1585.5893068015573,1614.9899014830587,1628.589107878506
2300.0,1590.2647913992403,1636.490566730499,1511.6897036135194,1607.1047264337537,1586.3874470442531
2270.0,1641.9596213102338,1644.3537181615827,1554.7982013225553,1616.5698441863058,1614.4203462451694
1985.0,1630.0185018777845,1656.4091300964353,1535.9300062060354,1633.2230103015897,1613.8951621204612
1150.0,1436.2429052591322,1665.69589972496,1468.687509447336,1650.6707540154455,1555.3242671117184
1240.0000000000002,1479.9953418970106,1668.7203326821325,1517.6996323466299,1658.2868954539297,1581.1755505949257
1946.9999999999998,1615.2798071503637,1671.8672630190847,1649.5004794001577,1664.4886311888692,1650.2840451896188
1566.9999999999998,1703.9843198657034,1672.476727068424,1642.6889917254446,1670.7634910941122,1672.478382438421
1403.9999999999998,1717.8383272886274,1667.4826917052267,1611.6391447186468,1664.4083097577093,1665.3421183675525
1230.0,1747.7838265895841,1661.7745441198347,1572.5913415849207,1651.5151366591451,1658.4162122383711
1400.0,1684.2553323507307,1656.6220250725744,1563.1919348239896,1644.1840067505834,1637.0633247494695
1900.0,1600.9508524835107,1652.6772063970564,1536.5965445339677,1639.8744308948515,1607.5247585773466
1749.9999999999998,1440.2256534993646,1656.9705164432523,1516.5019361674783,1642.8019887208936,1564.1250237077472
1279.0,1492.984382510185,1660.628308355808,1550.892103910446,1645.5382433533666,1587.5107595324514
1644.9999999999998,1469.136546552181,1665.9613347053526,1567.8677792847154,1650.8280861377714,1588.448436670005
1219.0,1511.8377512693403,1670.7257774472234,1616.84924185276,1660.164516866207,1614.8943218588827
1100.0,1512.4776597321031,1668.4979373216627,1599.7309167683122,1656.5133464336393,1609.3049650639293
1799.9999999999995,1630.5300831794736,1667.9647642374036,1635.2283111214635,1654.5159626007078,1647.0597802847622
1319.0,1675.491083860397,1668.0188876390455,1583.6162497103212,1654.1992831230161,1645.331376083195
1850.0,1761.422779858112,1669.066233038902,1590.9332010149953,1657.9273203015325,1669.8373835533855
1829.9999999999998,1762.7783119678495,1674.2338663339613,1578.305750787258,1662.941076159477,1669.5647513121364
1292.0,1723.4317505359647,1675.19225358963,1596.5347571671007,1663.5974663496015,1664.6890569105742
2270.0,1679.7554609179494,1674.754804074764,1599.7183215618131,1659.2173573374746,1653.3614859730003
1749.9999999999998,1651.8942883610723,1680.6309357285497,1583.0543595552442,1665.809904336929,1645.3473719954488
1300.0,1610.6369981169698,1683.0035847425459,1569.9540492892263,1670.413560271263,1633.5020481050012
1300.0,1613.6021256446836,1684.0437328815458,1590.631060004234,1677.047995328903,1641.3312284648416
1275.0,1616.2060946226118,1683.8563162088392,1609.7776451706884,1679.1547775268552,1647.2487083822487
1138.0,1655.0321501493452,1684.0458920598028,1647.1530207991598,1675.961064994335,1665.5480320006607
1268.9999999999998,1694.378855526447,1683.4452086687086,1648.1504172086713,1672.8280973434446,1674.700644686818
1749.9999999999998,1688.4998449683187,1681.8969339132307,1638.1672406196592,1672.9302984476087,1670.3735794872043
1450.0,1674.7501978278158,1677.026403546333,1625.6114751100538,1666.8582573533056,1661.061583459377
1765.0,1668.045517504215,1673.520185947418,1632.9123765230177,1664.8359709978101,1659.8285127431152
1261.0,1666.941313743591,1665.2836406230924,1612.110709249973,1658.295964002609,1650.6579069048164
1134.0,1595.1113548874853,1663.4733855724332,1609.6833610534666,1654.218571782112,1630.6216683238742
2300.0,1648.0277758836744,1665.9647893905637,1613.4112542867658,1655.3400489687917,1645.685967132449
1225.0,1687.9066467285154,1674.8061925172804,1663.5008791089056,1666.7796632647512,1673.2483454048631
1213.0000000000002,1657.4168905615804,1679.2683503031728,1603.2896023988721,1675.6833946704862,1653.914559483528
1147.0,1647.8517308831213,1678.4527567028997,1616.3773894309995,1676.2503948807714,1654.733067974448
1253.0,1621.6090783476827,1673.8895493745802,1601.0628418624399,1667.227908670902,1640.9473445639012
1230.0,1663.5429111123083,1673.0979946255682,1620.5755516886709,1662.6796716451643,1654.974032267928
1829.9999999999998,1620.6704115867612,1663.2062232494352,1546.449090838432,1653.8612997531889,1621.0467563569543
1300.0,1618.8820362091062,1654.6633625030515,1604.6658626198766,1651.9632381200788,1632.5436248630283
1211.0,1636.3480609655378,1645.5535015463827,1618.78847181797,1645.8321794867513,1636.6305534541605
1150.0,1656.2291985750196,1640.2805003523824,1607.7429795265195,1638.1547173857687,1635.6018489599226
1175.0,1677.9820558428762,1634.1373503208158,1635.753279328346,1634.142964184284,1645.5039124190805
1399.0,1616.8508252501485,1631.0681504011152,1615.6750807166097,1632.368695437908,1623.9906879514454
1749.9999999999998,1619.4251415133474,1627.7080371975896,1613.4044888615606,1623.876647353172,1621.1035787314174
1110.0,1564.8172202706335,1627.6451331377027,1531.0263684391973,1619.6800684928892,1585.7921975851057
1410.0,1541.359763741493,1627.0882090926168,1508.9357437193391,1614.6097421646116,1572.9983646795151
1204.0,1576.983326077461,1628.9435189962385,1563.6322632431982,1616.7385479807851,1596.5744140744207
1962.9999999999998,1567.6911585032938,1629.6583509445188,1551.7898182570932,1616.6347634792326,1591.4435227960346
1251.0,1545.7614645361898,1632.9358395934103,1485.8978155255315,1616.5198951959608,1570.278753712773
1139.0,1587.6267793774603,1635.9206876158712,1498.7262852489946,1620.775347650051,1585.7622749730942
1161.0,1579.9631360173223,1636.5412354469297,1564.0543106198309,1625.727782845497,1601.571616232395
1204.0,1582.2059464454649,1636.7678052186964,1572.1700859069822,1624.0505331754682,1603.798592686653
1271.0,1610.110446512699,1637.235339283943,1585.7390817999838,1627.645421028137,1615.1825721561906
1162.0,1617.284532189369,1635.1901656389234,1573.4940940141676,1627.5495535135267,1613.3795863389967
1401.0,1624.1325819492338,1626.3525050878523,1603.2510970532892,1622.8285822272298,1619.1411915794013
1749.9999999999998,1604.1177912056444,1620.0854182243345,1533.6533686518667,1614.0892362594602,1592.9864535853264
1252.0,1579.219443053007,1620.2395835518835,1445.2969874441621,1607.6900076866148,1563.1115054339168
1254.9999999999998,1616.5272364020345,1626.117730438709,1504.5123071968553,1614.0001341700552,1590.2893520519135
2219.0,1587.0713667571542,1625.7323890924451,1571.4225783944128,1613.9015316963194,1599.5319664850829
1286.0,1565.567534714937,1627.8829306364057,1564.5521451532838,1613.1770554184911,1592.7949164807794
1319.0,1514.766892492771,1631.0726127028463,1538.6650373041628,1611.4881461858747,1573.9981721714137
1161.0,1510.2693241834638,1632.9893872141836,1514.2171657085416,1610.1552134752271,1566.907772645354
1110.0,1557.6320508122442,1632.4690252542493,1541.3415546715257,1603.468670248985,1583.727825246751
1139.0,1598.1529173254964,1633.3041954040525,1602.5449737906454,1604.6398805081842,1609.6604917570946
1135.0,1558.7257465720174,1636.8671274185178,1554.8746362328527,1604.6691733598707,1588.7841708958147
1400.0,1574.3288323283193,1639.3971085548399,1529.6425510942934,1605.5432087182996,1587.227925173938
1252.0,1573.8533812761304,1640.8387199044225,1495.4801046848295,1609.7766375541685,1579.9872108548877
1176.0,1559.0197546780107,1641.7029669880865,1523.3411332964895,1609.1369450092313,1583.3001999929545
1189.0,1599.0453776717184,1635.908596217632,1599.8064160346983,1608.0970847606657,1610.7143686711786
1318.0,1601.7740032076833,1632.6942995190618,1564.8647221922872,1607.5390091538427,1601.7180085182188
1059.0,1581.5659660100935,1629.5623394846914,1502.4351057410238,1600.3445552289484,1578.4769916161893
1200.0,1572.3177017271516,1625.5677157640455,1454.6248534321783,1592.498605251312,1561.2522190436719
1959.0000000000002,1541.1924274265764,1624.3405827879903,1452.6089006662367,1592.2572810947893,1552.5997979938982
1211.0,1470.3938360512254,1628.5188806056974,1409.5723035931585,1595.1976500451563,1525.9206675738094
1253.0,1574.9413192272184,1627.3288854956625,1544.5333959162233,1600.9264537692068,1586.9325136020777
1305.0,1556.5142442286012,1626.3260191678999,1557.9778791964052,1600.626040101051,1585.3610456734893
1345.0,1477.3112674057481,1627.0830270648,1502.345643788576,1596.8302047252653,1550.8925357460973
1190.0,1527.8427320718763,1628.9859828352926,1511.4958813786504,1601.8687911331651,1567.5483468547461
1110.0,1474.6396441757677,1631.4280134439466,1477.9292961955068,1608.1709286570547,1548.041970618069
1699.9999999999998,1467.2405001521108,1632.8438585996626,1519.7852545976637,1608.7484368681905,1557.154512554407
1387.0,1539.1265976428983,1634.9777024984357,1519.7746746242044,1611.5324813127515,1576.3528640195725
1487.0,1447.1689230203626,1638.4142506122587,1479.02450338006,1614.9046859145162,1544.8780907317994
1740.0,1455.8030450344083,1639.9789351224897,1532.4101138114927,1620.6584641337392,1562.2126395255325
1161.0,1436.7529031634328,1639.9789351224897,1459.9277232587335,1618.9245000481603,1538.896015398204
1200.0,1401.110555976629,1642.7206596732137,1442.1014755964277,1619.3305695056913,1526.3158151879904
1328.0,1471.0954970121381,1644.5379680395124,1503.177503198385,1619.753768444061,1559.6411841735242
1188.0,1587.9640430212019,1648.4860974550245,1566.7098119854925,1626.479320824146,1607.4098183214662
1227.0000000000002,1560.586382448673,1647.897073626518,1548.0825811624525,1627.3670309782026,1595.9832670539615
1192.0,1545.5328075587747,1639.5129844546316,1563.0206400156019,1619.3642526865003,1591.8576711788771
1295.9999999999998,1550.73527559638,1630.6341555714605,1532.18887001276,1603.810684084892,1579.3422463163731
1386.0,1533.3813121914861,1629.0651527047155,1485.685496330261,1601.051542162895,1562.2958758473394
1699.9999999999998,1512.6975360512731,1629.8218727111814,1461.0837472975252,1596.0689504444597,1549.9180266261098
1850.0,1587.3098120093343,1631.8512123823164,1460.1421296596525,1595.6981475651262,1568.7503254041073
1200.0,1538.5096484422681,1641.2180155515669,1416.0046395659444,1606.6995926201341,1550.6079740449784
1239.0,1516.2168526649473,1644.8712012171743,1486.8056780099867,1614.6057116985319,1565.62486089766
1100.0,1591.4829277992246,1647.6438739895818,1561.8139472603796,1617.4222877621648,1604.5907592028377
1568.0,1622.3004472255705,1646.0463699698446,1582.9717350006101,1620.6894123554227,1618.001991137862
971.0,1604.205957651138,1643.2434687018392,1562.873096168041,1621.1952358484266,1607.8794395923612
1253.0,1610.7200545072553,1637.13659286499,1562.912105321884,1616.7420026659963,1606.8776888400314
1185.0,1599.2803682386873,1633.353712558746,1535.194446146488,1613.6234295368192,1595.3629891201851
1900.0,1597.3216336965559,1631.3302746415136,1518.8814225792883,1607.1466864645479,1588.6700043454764
1200.0,1598.1187303364275,1634.2919474840162,1528.6645872890947,1610.81419467926,1592.9723649471996
1321.0,1493.7619026005266,1636.89562857151,1457.4732413887975,1612.4692767858503,1550.1500123366711
1133.0,1452.1520185470579,1640.782725214958,1500.5159561336038,1616.6324603557584,1552.5207900628445
1200.0,1562.553969621658,1640.358230769634,1577.644610404968,1621.0531619191167,1600.4024931788442
1740.0,1547.9667052626608,1637.0184138417242,1498.8331645727155,1615.394243597984,1574.8031318187711
1240.0000000000002,1480.8303681015966,1636.4755964279173,1484.0611465275285,1613.7264943122861,1553.7734013423321
1487.0,1543.3873760700224,1641.5642037987707,1472.0610095560548,1617.0713493227956,1568.5209846869109
1237.0,1569.0629564225671,1647.3515212535856,1512.0528054237363,1626.9019439816473,1588.842306770384
1300.0,1551.9988267123697,1644.9139529466627,1523.2703122496603,1621.7761987447736,1585.4898226633666
1850.0,1618.563773334026,1642.9377290606496,1520.3969497978685,1619.7370707988737,1600.4088807478545
1143.0,1566.2225574254987,1646.8215149641035,1459.1618627309797,1622.7996492385862,1573.751396089792
1900.0,1646.7364433407781,1649.266280531883,1549.2871867120264,1628.9295563101766,1618.554866723716
1216.0,1674.2538747191427,1651.596465706825,1548.4204925596712,1631.7013654112814,1626.49304959923
1100.0,1622.9327985644338,1646.9142156839368,1502.436905056238,1627.817003726959,1600.025230757892
1204.0,1486.8020793795583,1643.3364573121069,1454.3181061744688,1619.377927482128,1550.9586425870655
1740.0,1496.7124196887014,1646.6162490844724,1501.4504484832285,1618.2265096902845,1565.7514067366717
1699.9999999999998,1584.3672119081018,1649.7064650058744,1531.7363782227037,1620.8126294612882,1596.655671149492
1189.0,1527.3595079779623,1653.3117169141767,1468.843474090099,1625.5623897910116,1568.7692721933124
1280.0,1456.1210919916628,1660.2606722712515,1494.9675157666204,1634.5745119452474,1561.4809479936955
1008.0,1541.5716511011121,1663.6101335287092,1541.402227580547,1638.6596772074697,1596.3109223544595
1450.0,1581.6723415255544,1661.4103627204893,1540.6391739845274,1640.1331004500387,1605.9637446701524
1212.0,1558.6626985669134,1660.4898330569265,1529.8609159886835,1637.614347040653,1596.656948663294
1900.0,1633.9155307412145,1661.8391755223272,1554.1738389432428,1634.4809475541113,1621.102373190224
1198.0,1667.8894808888433,1666.174517571926,1547.2006288170812,1640.0496122241018,1630.328559875488
1215.0,1612.206144928932,1667.7977877855299,1515.6375451385973,1646.8262651562688,1610.616935752332
1223.0,1591.415993273258,1660.605421066284,1554.3329703807829,1641.3259744644163,1611.9200897961853
1200.0,1591.4724917709825,1655.207907259464,1542.4520920217035,1635.3411641716955,1606.1184138059614
1227.0000000000002,1562.9869568347929,1650.2767759561536,1501.1320416629312,1628.7081685662267,1585.775985755026
1150.0,1581.75539791584,1649.2848494648931,1507.3514106869695,1621.6252002120016,1590.004214569926
1225.0,1661.1840808391569,1648.3674865961073,1534.343298077583,1617.4968513846395,1615.3479292243717
1900.0,1606.5790385007856,1645.3131130337713,1522.664158940315,1612.575364410877,1596.7829187214372
1749.9999999999998,1605.7836692035196,1647.7187255024908,1543.4441624581812,1616.5747383236883,1603.38032387197
1200.0,1553.877743631601,1648.9920648932455,1456.052502095699,1619.265074431896,1569.5468462631104
1699.9999999999998,1506.7765654623506,1651.9987925887106,1456.7094680666921,1621.0409265756605,1559.1314381733534
1166.0,1536.6323149204252,1655.8166515827177,1501.0686337947843,1626.516314744949,1580.008478760719
1699.9999999999998,1525.6618180871008,1660.8872658014295,1543.5539206862447,1635.1643994450567,1591.316851004958
1174.0,1541.285416036844,1665.3741821646688,1568.8004003465173,1638.9190664887426,1603.5947662591932
1500.0,1533.2619816064832,1661.68141156435,1454.9226760864256,1637.913033366203,1571.9447756558654
1760.0,1550.5135999619959,1660.5895870923994,1572.5392334163187,1643.1655943393705,1606.702003702521
1500.0,1598.2515197992323,1658.5146167874334,1592.230939120054,1644.740642905235,1623.4344296529887
1223.0,1631.9632017612455,1658.8020753860471,1587.9161812365053,1648.5255384445188,1631.8017492070792
1150.0,1621.532355546951,1652.2829404473302,1585.1717217266557,1645.655846595764,1626.1607160791752
1500.0,1631.1441534757612,1644.8442834615705,1583.8322395086286,1638.920649886131,1624.6853315830228
1140.0,1593.9477017521856,1643.5387003421781,1564.6539863944051,1633.373145163059,1608.878383412957
1225.0,1605.5265110731123,1640.4761219024656,1593.3843001723287,1630.2842247486112,1617.4177894741294
1500.0,1576.111305952072,1640.1477828621862,1577.9795709252355,1625.9316092729566,1605.0425672531126
1239.0,1562.8929606080053,1641.9823646545408,1557.0734713971613,1627.2253888845441,1597.2935463860629
1500.0,1512.292330265045,1643.0127245187757,1470.4301822185514,1626.7316567897794,1563.1167234480379
1710.0,1569.4805414974687,1644.864291846752,1560.759116709232,1629.4388344883916,1601.135696135461
1500.0,1548.4041547775266,1644.7400671243665,1489.2770734429357,1628.8316735625265,1577.8132422268388
1317.0,1476.3016356527803,1648.1538718938825,1465.1989971101282,1633.608783483505,1555.815822035074
1219.0,1538.1529521942136,1649.1613444685934,1524.8730702698228,1634.360177516937,1586.6368861123917
1204.0,1604.9965047836301,1649.4416058063505,1531.6022212803362,1634.4040808081625,1605.1111031696198
1150.0,1569.714812338352,1648.7263420224187,1546.6735014319418,1637.810976207256,1600.7314079999921
1900.0,1620.7089889049528,1643.9823395013807,1532.6890796422956,1631.1748138070104,1607.1388054639099
1500.0,1629.7015345096586,1643.7390720844267,1558.9094206690786,1632.335012257099,1616.1712598800657
1149.0,1553.2713024318216,1643.3353057503698,1505.9051930904386,1632.3338606953619,1583.711415491998
1500.0,1544.5680867135522,1640.416960418224,1430.8800822496412,1628.5928684473035,1561.1144994571803
1173.0,1610.0037831068037,1644.1858780384061,1429.1358980536459,1633.9081895351408,1579.308437183499
1135.0,1547.6203730702398,1646.7295339703558,1480.4510004818437,1636.3972902297971,1577.799549438059
1198.0,1533.756217509508,1644.0733128786085,1553.0270273983476,1632.8879058361051,1590.9361159056423
1164.0,1515.1309299468992,1639.4662022590635,1542.454179227352,1625.7986038923261,1580.7124788314102
1233.0,1488.2318872213361,1632.487162351608,1535.720637887716,1623.6785787343977,1570.0295665487645
1400.0,1494.299178123474,1629.6458277106283,1510.84229812026,1619.197708070278,1563.49625300616
1248.0,1568.2066263258455,1626.5082538127897,1468.2383283972738,1612.839215993881,1568.9481061324475
1119.0,1568.3101949095724,1622.414020001888,1541.0105526447294,1606.7800579965112,1584.6287063881753
1196.0,1591.6606281697748,1620.6898441910741,1562.0955041050909,1602.5528907775877,1594.2497168108819
1096.0,1590.7090063393114,1623.194778859615,1533.836179077625,1597.628452926874,1586.3421043008564
1500.0,1621.223880946636,1623.3329662680624,1560.9890691936014,1592.9988868534563,1599.636200815439
1760.0,1606.4830270409582,1627.3713493347166,1534.4915616512296,1595.996042191982,1591.0854950547216
1225.0,1534.5868533849714,1625.8236503601072,1415.064317435026,1597.7144601941106,1543.2973203435538
1850.0,1520.321018695831,1624.1905918717382,1483.494362235069,1596.8962755799291,1556.2255620956419
1189.0,1563.5689273476598,1630.4730808734892,1497.4322897195814,1601.1193403601644,1573.1484095752237
1141.0,1591.5141639113424,1637.113705575466,1544.669352173805,1610.8627042174337,1596.0399814695118
1229.0,1577.2416357696054,1638.012787401676,1522.9344160854814,1610.07575571537,1587.0661487430332
1500.0,1538.5536956787107,1641.9455146789549,1522.5559121370313,1612.8625351190565,1578.9794144034383
1235.0,1550.6284682452676,1647.141217291355,1549.6219313144682,1620.8651694655416,1592.064196579158
1327.0,1545.6588315963743,1644.402947425842,1526.015563458204,1619.019791781902,1583.7742835655806
1500.0,1502.8361371159551,1642.3741835355756,1533.3102752268312,1616.5655258297918,1573.7715304270384
1500.0,1507.1429780125616,1644.0111285448072,1484.3678218126295,1619.9765956401823,1563.8746310025451
1142.0,1535.6261378526685,1646.8065446615217,1441.5803219377992,1624.70404446125,1562.1792622283099
1900.0,1591.6400440037248,1640.9178897738454,1566.4562524855135,1626.5625211596487,1606.394176855683
1292.0,1594.9673376977441,1639.109506011009,1529.48860168457,1622.7914443612096,1596.5892224386332
1500.0,1582.93409332633,1637.727200090885,1477.6301780343053,1616.8646439909933,1578.7890288606284
1247.0,1573.4723582863805,1640.2360212802885,1461.1580230295656,1617.5990524888036,1573.1163637712596
1500.0,1510.3071098029611,1643.1706324219701,1421.5996462106702,1618.1765606999395,1548.3134872838853
1300.0,1539.0723302960394,1647.5197932124136,1520.628197789192,1623.187149763107,1582.601867765188
1500.0,1553.7910166382787,1646.949050426483,1490.7047221064565,1624.9860331416128,1579.1077055782077
1239.0,1524.0987169742582,1647.8196310997007,1499.7598119080064,1625.875470638275,1574.38840765506
1139.0,1578.7670232355592,1644.4893145561216,1530.2263209223745,1626.1607700586317,1594.9108571931718
1092.0,1585.4517671465871,1642.8661882877348,1534.587573111057,1623.6089092493055,1596.628609448671
1500.0,1594.7422073781488,1639.9959206581113,1541.2980112433431,1625.6641590595243,1600.425074584782
1226.0,1552.3051421344278,1638.8835120201109,1494.9172788858411,1624.8741877079008,1577.7450301870701
1414.0,1581.5520033240316,1632.2509482502935,1520.0809900462625,1620.1241394877432,1588.5020202770827
1760.0,1542.5484633445737,1629.255592226982,1500.122625827789,1613.313803374767,1571.310121193528
1710.0,1490.081007480621,1629.555286169052,1405.5225488543508,1608.71633708477,1533.4687948971984
1314.0,1448.9031749963758,1634.6100664138792,1334.6790465712545,1610.5447292327879,1507.1842543035743
1092.0,1474.4096916913984,1643.5506477952001,1458.5145410895345,1615.959948301315,1548.108707219362
1119.0,1527.797317355871,1648.4152764081953,1535.7543930411337,1623.6107805371282,1583.894441835582
1150.0,1478.174218982458,1653.4176605939863,1441.3175499439237,1626.1757403612135,1549.7712924703953
1230.0,1574.7246097028253,1655.3265181183813,1526.9578288495538,1630.7051205635069,1596.9285193085668
1500.0,1611.0984864830968,1650.1688170433042,1580.8459520339964,1629.6363273262975,1617.9373957216737
1719.9999999999998,1605.9733889997003,1647.18915104866,1540.7833351194856,1622.189177572727,1604.0337631851432
1500.0,1570.8058451116083,1644.3640822172163,1458.760399520397,1620.256425142288,1573.5466879978774
1500.0,1519.539252221584,1647.1540284156797,1429.129420518875,1621.142407953739,1554.2412772774694
1272.0,1573.3194884657858,1651.7834505438802,1516.9112443923948,1625.8597806096075,1591.968491002917
1500.0,1619.5244637131689,1654.3796464800832,1551.947654187679,1631.8196883797643,1614.4178631901739
1254.9999999999998,1588.9617273211477,1656.3324072957037,1531.4580601453779,1634.0249291062353,1602.6942809671161
1500.0,1599.9105603992937,1650.898187458515,1569.8773264884946,1631.2616127729414,1612.9869217798112
1129.0,1604.7872084379194,1649.3168053030965,1532.2875444591043,1627.899628281593,1603.5727966204283
1900.0,1576.227109879255,1649.2625379562376,1528.465726971626,1630.4201090335844,1596.0938709601758
1119.0,1610.844567120075,1651.0609894990919,1510.7845041155813,1631.5411543846128,1601.0578037798402
1500.0,1582.8356347978113,1653.8162449002264,1463.0814909934995,1632.562013864517,1583.0738461390135
1769.9999999999995,1550.0544866919515,1657.051557600498,1483.8273075222967,1635.8505862951276,1581.6959845274685
850.0,1542.0713569223878,1656.8123206496236,1484.4734776020048,1640.670879781246,1581.0070087388156
1213.0000000000002,1508.2145062088964,1649.662561714649,1515.2303960919378,1632.6267892122266,1576.4335633069275
1360.0,1516.7006525397298,1644.107571840286,1530.7440918684003,1619.0818321704862,1577.6585371047256
1447.0,1557.466153949499,1644.9341052770612,1499.7537662088869,1612.5657200813291,1578.679936379194
1153.0,1580.5014911293981,1647.2959583997724,1487.6182487607,1614.3638837337492,1582.444895505905
1500.0,1549.8601606488226,1648.0536860227583,1447.836468964815,1610.8080050349233,1564.1395801678298
1900.0,1592.9801020026205,1652.0716288685796,1505.6859645247457,1614.2766529321668,1591.2535870820282
1200.0,1599.0049290657041,1657.6788708567617,1448.8353767991064,1622.6273468136785,1582.0366308838127
1829.9999999999998,1564.1916343569753,1656.8688911199567,1475.876205563545,1626.9837048649786,1580.980108976364
1141.0,1568.7790964543817,1655.0389155745504,1537.955747246742,1631.0167619585989,1598.1976303085683
1150.0,1604.1597512364385,1651.1171281337736,1551.6779008507726,1631.3727384805677,1609.581879675388
1243.0,1572.1489259600637,1645.8668702840803,1503.4407790005205,1625.0679379701612,1586.6311283037064
1500.0,1600.9971308708189,1645.325780212879,1537.317206263542,1624.2320480942724,1601.968041360378
1900.0,1595.2420571446416,1646.5225407481191,1555.743489563465,1628.2658249139783,1606.443478092551
1261.0,1559.650450646877,1650.5666816234586,1507.0230716466901,1634.0738704800604,1587.8285185992715
1108.0,1456.0753893852232,1653.3626735210416,1438.4356227517126,1636.3280525803564,1546.0504345595834
1156.0,1499.124653637409,1654.5181217789648,1535.4143944382665,1640.8384320139883,1582.4739004671571
1200.0,1520.8374941349027,1655.3574663400648,1556.8053734302518,1640.2400517463682,1593.3100964128969
1500.0,1531.6931226849554,1653.4691929817197,1492.9708516597746,1637.5343134999273,1578.9168702065942
1115.0,1504.116745740175,1654.6633625030515,1498.903625756502,1639.3395304679868,1574.2558161169288
1241.0000000000002,1571.1878037452695,1654.6213304996488,1528.8853272795675,1642.6599147915838,1599.3385940790174
1500.0,1564.7242316603658,1653.346839547157,1474.6488566696642,1639.603669941425,1583.080899454653
1278.0,1497.2250086069105,1655.7337391376493,1490.8034685254095,1642.0078429579733,1571.4425148069856
1600.0,1522.9174305498598,1656.1203759908674,1480.8082005381582,1640.508077740669,1575.0885212048886
1200.0,1573.5762867331503,1655.854941010475,1493.9806273579595,1641.6548892855642,1591.2666860967872
1500.0,1486.2108963727949,1654.5849123597143,1437.421312779188,1643.128168582916,1555.3363225236533
1500.0,1554.8902542889116,1657.1582210063932,1501.9527453184126,1644.2788666486738,1589.5700218155978
1500.0,1681.6738188266752,1659.3142324686048,1555.0830689072607,1645.1215219497678,1635.2981605380771
1500.0,1653.4746628999708,1660.3202655911443,1514.347220212221,1644.786129593849,1618.2320695742962
1900.0,1549.3586555123327,1661.7538160085676,1477.5432351231573,1645.3121054172514,1583.4919530153272
1500.0,1464.526125192642,1665.6617847084997,1448.5548995435236,1650.2069625258443,1557.2374429926274
1166.0,1477.8098216652868,1669.243141710758,1497.9481893777845,1654.9976032972334,1574.9996890127657
1400.0,1478.846443146467,1669.8212257027624,1510.2330499887464,1655.4393711686132,1578.5850225016472
1749.9999999999998,1544.9925811588762,1667.9081937670705,1548.261217176914,1656.1262777447698,1604.3220674619076
1500.0,1507.9651930928228,1664.4647362828252,1498.813012242317,1652.3160478472707,1580.889747366309
1699.9999999999998,1586.3909377157686,1664.957316815853,1517.4231135845182,1654.4395276904104,1605.8027239516375
1239.0,1620.1267305016515,1663.7549424171445,1492.6551797986028,1657.4040794372556,1608.4852330386636
1200.0,1534.5348891615865,1654.5329481363294,1493.8643196225164,1647.8869974613187,1582.7047885954378
1069.0,1574.3689210712907,1648.652786016464,1544.5796023309229,1642.221457660198,1602.455691769719
1172.0,1583.0002361536024,1645.9768444299696,1602.750959396362,1642.9627755284307,1618.6727038770912
1915.9999999999998,1636.4429208636282,1643.2981678843496,1595.1677814126012,1641.4873370528219,1629.0990518033502
1283.0,1608.1313437223432,1641.7192327976225,1598.588423579931,1642.0313060283659,1622.6175765320656
1760.0,1580.991552621126,1637.741450667381,1581.9451896846292,1635.81834256649,1609.1241338849065
1305.0,1569.3018335103986,1630.6924533843992,1545.2736341953275,1625.699713528156,1592.7419086545704
1182.0,1621.1078611016271,1628.3336231112478,1564.7095492482183,1620.7219439744947,1608.718244358897
1760.0,1623.0066424608228,1630.1932513713834,1599.0787009894846,1621.6325414180753,1618.4777840599415
1122.0,1637.374390363693,1632.057197988033,1591.3420774042604,1623.30748796463,1621.020288430154
1467.0,1594.8597386479375,1634.8245447874067,1544.9018956720827,1621.450738608837,1599.009229429066
1182.0,1597.1773286163805,1638.7846216559408,1598.7651163339613,1626.711648404598,1615.3596787527201
1207.0,1581.508963704109,1640.1397219300268,1591.1306938529012,1628.687872290611,1610.366812944412
1169.0,1519.6106490492818,1639.4641870260236,1590.7981084287164,1623.225007355213,1593.2744879648087
1156.0,1540.7659897208212,1639.8568695783613,1585.8635224401949,1620.5446034669874,1596.7577463015912
1710.0,1558.2804520428178,1635.5678778886793,1593.0530822277067,1622.6840612292287,1602.3963683471081
1237.0,1570.6472174823282,1631.474075913429,1558.4392955899236,1619.2298078536985,1594.9475992098448
1200.0,1579.424205124378,1630.6714373826978,1569.676810801029,1617.934876680374,1599.4268324971197
1122.0,1603.833427429199,1629.0560841560361,1565.6044566631315,1615.6334805488584,1603.5318621993063
1227.0000000000002,1598.8244937360284,1626.1135560274122,1599.4628907740114,1608.362375795841,1608.1908290833233
1347.0,1594.1813248395918,1623.0855244398115,1613.99336874485,1606.9674746692178,1609.5569231733677
1196.0,1567.6055830717085,1623.588900864124,1566.457332074642,1602.4845167994497,1590.034083202481
1277.0,1592.1943770349023,1628.487068712711,1565.9874948859213,1604.324280619621,1597.748305313289
1236.0,1579.85431343317,1628.136274218559,1543.4725916385648,1607.4152162671087,1589.7195988893507
1900.0,1529.758930802345,1629.515125453472,1498.0873124301431,1605.4039417207239,1565.691327601671
1188.0,1514.777328521013,1635.4907232522962,1535.0027111172674,1611.6485011577604,1574.2298160120843
1000.0000000000001,1534.259162098169,1642.552531659603,1499.6437920629976,1616.5226301550863,1573.244528993964
1194.0,1487.6855431497095,1643.5274726152418,1483.6768847703931,1621.316293776035,1559.0515485778449
1136.0,1497.2622904181478,1640.9663993120191,1536.5520654618738,1615.8452239632604,1572.6564947888253
1900.0,1600.0249248743055,1640.2806442975996,1552.1406847238538,1617.1046006679533,1602.387713640928
1200.0,1554.2979916930196,1642.3671302199361,1481.9405455887315,1619.0053972601888,1574.402766190469
1270.0,1579.286449551582,1641.1908099055288,1469.483886361122,1619.2233303189275,1577.29611903429
1200.0,1568.10298576951,1636.6222766041753,1552.1389573812482,1616.7425784468649,1593.4016995504496
1930.0,1581.55358672142,1633.314559459686,1523.376543819904,1609.206038713455,1586.8626821786163
1232.0,1590.3953497111795,1639.4605883955953,1484.2449645698068,1615.185666978359,1582.3216424137352
1213.9999999999998,1578.629987388849,1642.2270715236662,1508.8781656324861,1617.463743984699,1586.799742132425
1270.0,1600.611789524555,1644.700482189655,1568.2508894801138,1625.2326112985609,1609.6989431232212
1135.0,1561.1850506067274,1640.1988834142683,1534.9534098803995,1623.9496275782583,1590.0717428699134
1179.0,1562.3872810602186,1634.7843840718267,1500.7815350592134,1613.9622765779493,1577.978869192302
1160.0,1593.0634462833402,1629.6633890271185,1550.3316532075403,1612.0408958196638,1596.2748460844157
1222.0,1563.9690950512884,1627.841906249523,1507.4576422572134,1608.0135965347288,1576.8205600231884
1160.0,1535.24605050683,1629.1418755054472,1507.7498510479925,1603.0729648470876,1568.8026854768393
1392.0,1594.2345845699308,1632.8405478596685,1536.5899230539796,1603.8911494612692,1591.889051236212
1356.0,1595.5004388093946,1634.6660611033437,1566.8446166813371,1611.020468175411,1602.0078961923716
2228.0,1562.3746858537195,1634.4888645410535,1537.6394276320932,1609.6584585309026,1586.0403591394422
1225.0,1586.159545779228,1637.8940325975416,1543.3244720101354,1619.6063685417173,1596.7461047321556
1210.0,1565.774312019348,1639.2206317186353,1507.0706455409525,1621.1799776554105,1583.3113917335866
1150.0,1559.8649290204046,1636.513310074806,1501.8189482390878,1612.0724198222158,1577.5674017891286
1749.9999999999998,1574.9172803759573,1635.6389868259428,1506.9375681877134,1610.488302707672,1581.9955345243213
1257.0,1562.2191530466077,1637.8355908393858,1444.5507034659383,1608.9228984713552,1563.3820864558218
2604.0,1628.4666284918783,1641.2696918845174,1512.6090097427366,1612.7934414148328,1598.7846928834913
1113.0,1611.4891538023946,1648.9074251055715,1534.6609851717947,1623.5068520903585,1604.6411040425298
1132.0,1566.1307203769682,1650.8990511298177,1491.9628033041952,1623.5781049728391,1583.142669945955
1749.9999999999998,1611.6440388560293,1647.2807002067564,1595.728376060724,1626.1707022786138,1620.2059543505309
1850.0,1599.16276499629,1644.3872573971746,1538.0058401823042,1620.4271441698072,1600.495751686394
1234.0,1609.8198211193082,1650.225099623203,1513.1852224469183,1626.7483544349668,1599.994624406099
1191.0,1600.2421382069585,1650.4441842436788,1545.03907546401,1630.4463070631025,1606.5429262444375
1900.0,1606.5133994817731,1652.6440989971159,1567.8722415864465,1630.310134887695,1614.3349687382577
1109.0,1588.868090957403,1658.080909848213,1546.9372090697286,1636.5249696373937,1607.6027948781846
1122.0,1521.6604289412496,1658.7817791104314,1463.679799288511,1636.4868241548536,1570.1522078737614
1879.9999999999995,1535.364877283573,1663.6004891991613,1543.0806288123129,1639.9845489859579,1595.5076360702512
1749.9999999999998,1615.7824638485906,1670.7875299453733,1594.5871064066885,1648.9924967288969,1632.5373992323873
1100.0,1576.8206679821012,1673.3450046181676,1470.0983884930608,1653.3802348375318,1593.4110739827154
1900.0,1538.250978887081,1671.7021578550336,1558.3653077483175,1656.9654783606527,1606.3209807127712
1313.0,1592.7738285064695,1672.093544900417,1580.0497910380361,1659.4124031066892,1626.082391887903
1200.0,1658.439189493656,1669.2263001203535,1581.696812212467,1658.6921012401579,1642.0136007666586
1177.0,1662.4998840689657,1664.7461491823194,1552.0315742492674,1656.4615261554716,1633.934783414006
1148.0,1714.5222613215444,1664.6475467085836,1572.1919655799863,1654.1162267327306,1651.3695000857113
1317.0,1752.128093242645,1662.892134785652,1562.2811934351919,1649.488963782787,1656.697596311569
1250.0,1696.623105406761,1662.7692055702207,1524.9046662449834,1649.9238222837446,1633.5551998764274
1262.0,1573.3256781101225,1664.7202390432356,1442.5593653321264,1649.9530431628225,1582.6395814120767
1749.9999999999998,1590.496975034475,1663.8240361213682,1570.9175466001032,1649.410657584667,1618.6623038351534
1279.0,1534.667894542217,1663.1931242346761,1536.2964187562463,1645.5445769429205,1594.925503619015
1900.0,1543.6979378759859,1666.3370317220686,1524.5583340525625,1649.1089484095571,1595.9255630150435
1749.9999999999998,1509.0372970700262,1673.9030802249906,1486.0740044713018,1655.8926546573637,1581.2267591059206
1267.0,1533.5665696859357,1678.4734848141668,1464.1914525628088,1659.9359318614004,1584.041859731078
1133.0,1562.1990007162092,1678.0256712436674,1558.6542057991026,1660.647740960121,1614.881654679775
1749.9999999999998,1571.2709321081636,1679.0128475427625,1557.8426426649091,1658.8533198833463,1616.7449355497954
1209.0,1588.8223163783548,1679.836502075195,1498.287468254566,1660.0325191020963,1606.744701452553
1212.0,1582.879825979471,1679.0597736835477,1483.8556647300718,1657.2497701644895,1600.761258639395
1900.0,1611.4345985651014,1680.5087262392042,1543.9241477847097,1660.4113829135893,1624.0697138756511
1749.9999999999998,1581.8751603364942,1682.8610789775846,1533.4806343913076,1661.5671190619466,1614.9459981918333
1245.0,1507.9048800468443,1676.4553728699682,1381.6256995499132,1657.5091594457624,1555.873777978122
1145.0,1517.2700998187063,1672.97089099884,1552.1985507011411,1660.1380309462545,1600.6443931162355
1249.0,1521.3309383392332,1670.2103096246717,1587.3919327557085,1658.6600014567373,1609.3982955440877
1079.0,1594.9987897276876,1663.9262372255323,1609.3357333540914,1655.0820991396902,1630.8357148617504
1900.0,1625.255498588085,1656.5979862213132,1594.8523254692552,1648.4273678064344,1631.283294521272
1749.9999999999998,1603.9571483433244,1655.1023954153059,1574.3113429844377,1643.9015862345693,1619.3181182444093
1080.0,1652.8757068514822,1654.7370624542234,1548.964821398258,1640.7673230767248,1624.336228445172
1040.0,1638.929286599159,1654.5179778337476,1523.2286401093004,1639.5994955301283,1614.0688500180838
1850.0,1633.3138397336004,1650.9759178757665,1595.9158647060392,1640.0625672936437,1630.0670474022625
1175.0,1596.3348172605035,1653.2223269343374,1576.3428418338297,1642.0284271240232,1616.9821032881734
1175.0,1479.545225203037,1655.4940703511236,1558.1750121712682,1643.204171657562,1584.1046198457477
1157.0,1508.3337648212907,1655.331700146198,1580.4134686291216,1647.464806139469,1597.8859349340198
1346.0,1519.2955529689787,1649.7803089022634,1561.4077338576315,1639.9176144599912,1592.6003025472162
1200.0,1530.9526684880254,1647.4403354525564,1571.8341897428033,1634.8665767908094,1596.2734426185486
1274.0,1533.1067366898058,1649.9577933549879,1517.1441477537153,1634.7460946440694,1583.7386931106446
1185.0,1553.0566081404684,1648.267300724983,1498.6422932147977,1634.5919293165205,1583.6395328491924
1760.0,1529.6477331221101,1647.8999525308607,1461.6604638099668,1630.086300075054,1567.323612384498
1900.0,1549.1811710596082,1648.4424820542333,1497.0455089211462,1632.9331046342847,1581.9005666673181
1749.9999999999998,1553.8283704221246,1653.8077521324155,1423.1421631574628,1637.6401132345197,1567.1045997366307
1900.0,1542.2436593472955,1657.890902161598,1443.3017627894876,1641.6053721308706,1571.260424107313
1313.0,1586.6709831357,1664.584930539131,1523.236844986677,1650.5793488025663,1606.2680268660185
1250.0,1567.6280385255811,1667.2749787569044,1506.0076101124284,1653.0707526206968,1598.4953450039027
1183.0,1583.7144923210142,1668.8744980096815,1558.314782977104,1657.7946028113363,1617.174594029784
1200.0,1582.8219600021837,1664.5483684539793,1529.0184766054151,1649.9281406402586,1606.5792364254592
1200.0,1603.4805457293985,1664.6951925754545,1505.9454977512357,1645.0984907150266,1604.8049316927788
1900.0,1589.3929152190683,1667.3727175593374,1459.6076610684393,1644.1821354627607,1590.1388573274014
1275.0,1550.5524651706216,1672.5989365577695,1368.6337080597875,1650.350907742977,1560.534004382789
1203.0,1529.033446907997,1674.2603522539137,1493.513093292713,1655.421809852123,1588.0571755766866
1900.0,1544.1240876913068,1673.3296024799345,1491.200469434261,1653.596584498882,1590.5626860260961
1760.0,1577.885574698448,1674.5331284403799,1497.678292095661,1656.3516959547994,1601.612172797322
1100.0,1540.7099950313566,1673.6713284254072,1391.6611282527444,1656.8416854739187,1565.7210342958567
1000.0000000000001,1598.1812745332716,1675.6954860687254,1490.3963914513586,1662.4918231368063,1606.6912437975404
1160.0,1605.1914785802362,1676.8951255083082,1501.9219410419462,1662.554583251476,1611.6407820954917
1213.0000000000002,1636.131135523319,1678.693145215511,1457.1195679903028,1663.7350779771803,1608.9197316765783
1900.0,1626.5959164500234,1680.1043841242788,1506.7359009385107,1667.9615974426267,1620.34944973886
1273.0,1632.577272057533,1680.38694858551,1508.336715698242,1667.6460695266721,1622.2367514669893
1850.0,1617.854555249214,1678.038338422775,1468.5570231080053,1662.6438292860983,1606.7734365165231
1760.0,1557.96960234642,1679.5353686809538,1435.7336270809171,1665.4606932401655,1584.674822837114
1699.9999999999998,1508.3660085499284,1679.716883599758,1419.3222889304159,1667.0685613155363,1568.6184355989096
1699.9999999999998,1593.3501851558683,1681.482515633106,1462.037456333637,1671.0722535848615,1601.9856026768682
1850.0,1574.1139221191404,1686.7732220888136,1508.6841994524,1678.839681446552,1612.1027562767265
1266.0,1548.8131751120088,1695.724023580551,1551.6036251187322,1691.335133910179,1621.8689894303677
1120.0,1595.6763398647306,1699.4891986250875,1546.4762964844701,1694.0961471199987,1633.9344955235717
1760.0,1657.8965160250661,1699.022816121578,1604.9682195484636,1694.9272868037222,1664.2037096247075
1102.0,1651.8669387698171,1696.1764433979986,1559.7818006575105,1690.9710964560506,1649.6990698203442
1187.0,1691.3316792249677,1695.8781889081,1547.5198993086813,1689.0813836455343,1655.9527877718208
1159.0,1716.8046566843984,1695.4194355010984,1557.983061224222,1690.4608106613157,1665.1669910177586
1195.0,1639.2361778020856,1693.8154539465902,1556.2360700964925,1686.3408106565473,1643.907128125429
1207.0,1564.1330486536024,1686.0958158969877,1560.2558842301366,1679.5209741592405,1622.5014307349918
1213.9999999999998,1560.105317533016,1679.6142506599424,1570.9675675630567,1676.046856343746,1621.6834980249403
1173.0,1528.0328117310999,1672.578784227371,1593.1181454658506,1674.6452617645261,1617.093750797212
1210.0,1570.4694451391695,1666.6289526224134,1565.8634860813615,1668.7237873673437,1617.921417802572
1699.9999999999998,1635.7948794960973,1662.1089288592336,1607.6407784223554,1666.9377151131628,1643.1205754727123
1900.0,1667.8779652714727,1658.3107903599737,1539.168125838041,1661.7512249946592,1631.7770266160367
1900.0,1698.048882782459,1662.0025533437727,1509.5032477378843,1665.7628342509267,1633.8293795287607
1161.0,1643.2428929209707,1666.7608064413068,1492.1107789874075,1670.6011208891866,1618.178899809718
1749.9999999999998,1579.2359967529771,1667.9024359583852,1536.3221129775045,1671.0584348440168,1613.629745133221
1215.0,1525.1957234740255,1669.9441549181936,1554.154046475887,1671.8173140287397,1605.2778097242115
1180.0,1553.7265291810033,1670.5860066413877,1557.969962209463,1671.2087136507032,1613.3728029206393
1300.0,1555.8089846372602,1667.9084816575048,1550.2024623751638,1671.001000702381,1611.2302323430774
1348.0,1509.5040394365785,1664.2761680483816,1524.0749660134313,1664.192967712879,1590.5120353028176
1160.0,1634.2301949858663,1660.9048271179197,1608.7648466229437,1662.1521124243734,1641.5129952877758
1273.0,1610.5153644084928,1656.814767718315,1575.0924617052076,1659.1584837436674,1625.3952693939207
1262.0,1518.799805641174,1652.3157599568365,1569.269085973501,1650.8316847681997,1597.8040840849278
1209.0,1543.1520256400106,1649.8571756482122,1585.602621734142,1650.265116393566,1607.2192348539827
1760.0,1499.8613652586935,1646.9106170535085,1542.9327251017091,1649.106645286083,1584.7028381749985
1699.9999999999998,1538.660359084606,1640.2856823801992,1540.8078777790067,1641.4286074042318,1590.295631662011
1760.0,1528.5555487871168,1641.010734438896,1451.421856433153,1636.9850185513494,1564.4932895526288
1205.0,1507.6061217486856,1647.7827811241148,1482.148402482271,1641.0500314831731,1569.6468342095611
1230.0,1579.0892446041105,1654.3068102002142,1545.1967674493787,1644.0698581933973,1605.6656701117752
1226.0,1589.167784899473,1659.2154860496519,1573.3978666365144,1649.5878541469572,1617.842247933149
1699.9999999999998,1562.3569086194036,1662.4130851030347,1570.2464020252226,1647.6096150279043,1610.6565026938913
1135.0,1619.5663517713544,1665.3307107090948,1573.027711510658,1648.4528461098669,1626.5944050252435
1247.0,1634.3191531300542,1668.2254490256307,1552.0177555084226,1653.9398938417432,1627.1255628764627
1167.0,1620.9316721558569,1668.5067179799078,1543.3957968652246,1656.410857439041,1622.3112611100075
1749.9999999999998,1615.816578865051,1667.41676479578,1566.2362322211263,1656.4384949207304,1626.477017700672
1200.0,1593.0204786360262,1665.8690658211706,1534.2608174681661,1652.6960632205007,1611.461606286466
1100.0,1586.6167877614496,1665.3194829821584,1535.3514903783796,1650.8050549030302,1609.5232040062544
1200.0,1537.5400334596632,1666.983489692211,1538.9371657371519,1652.9856809973714,1599.1115924715994
1235.0,1600.1939885318277,1669.6005576848981,1541.579136252403,1657.0712780952451,1617.1112401410935
1547.0,1604.8082244396207,1665.4442834854124,1566.4697113633154,1656.799653470516,1623.380468189716
1203.0,1591.9896149635313,1661.4682286977766,1535.2848437428472,1652.709450125694,1610.3630343824623
1220.0,1607.223337292671,1659.9205297231672,1500.7448290288446,1647.8140172362325,1603.9256783202288
1161.0,1667.7514374256132,1661.0949787497518,1577.5582432746885,1650.397689938545,1639.2005873471496
1250.0,1639.4944155216215,1661.3723611831663,1525.856432020664,1648.2654294371603,1618.747159540653
1212.0,1572.2107504308221,1662.2237971425054,1542.765316814184,1648.675673305988,1606.468884423375
1224.0,1552.8648011386392,1663.4854769706724,1500.575333535671,1651.2151548266409,1592.0351916179059
1333.0,1520.306768119335,1660.1663881540296,1489.092823565006,1648.2721948623655,1579.459543675184
1200.0,1514.7509145736692,1658.9273077249525,1490.3558708727357,1646.0325512289999,1577.5166611000893
1749.9999999999998,1529.904315471649,1658.1491398811338,1493.3248129487035,1648.5449710488317,1582.4808098375795
1699.9999999999998,1493.5798119008539,1657.9162365198133,1393.7098285555837,1647.7416127920148,1548.2368724420664
1339.0,1512.6886834204195,1661.8100985884664,1368.4131839871404,1651.7162281274793,1548.6570485308764
1300.0,1568.4857361018655,1663.644680380821,1517.1265864372251,1654.6907120943067,1600.9869287535546
1200.0,1561.7480203509328,1665.5444693565366,1547.5436502695081,1655.320904254913,1607.5392610579727
1300.0,1511.0992403328416,1669.9910810589788,1492.713405638933,1654.4650059938429,1582.067183256149
1268.0000000000002,1594.888383746147,1672.9210859537122,1540.8513492345808,1654.172077476978,1615.7082241028545
1239.0,1622.3453581333158,1674.4011306762693,1536.4922562241552,1654.28392291069,1621.8806669861076
1620.9999999999998,1555.7848738133905,1675.25098323822,1509.573996812105,1656.32305085659,1599.2332261800764
1150.0,1559.2909474670885,1675.359517931938,1501.136719882488,1660.2572175860403,1599.0111007168887
1089.0,1587.69155472517,1674.2246538400648,1519.5553021132944,1659.8664063215253,1610.3344792500136
1760.0,1638.3912193775175,1670.978401303291,1519.3286603689191,1659.778023958206,1622.1190762519834
1283.0,1619.4275885820387,1672.670045495033,1448.2318145036695,1665.9157040715215,1601.5612881630657
1189.0,1623.756021261215,1672.0551115274427,1551.6568848490713,1668.884718120098,1629.0881839394567
1200.0,1635.968189537525,1669.9080246686933,1527.8304247558115,1662.1911215782163,1623.9744401350615
1760.0,1628.3943679928777,1671.2973839044569,1510.981709063053,1663.370032906532,1618.51087346673
1080.0,1603.5112060606477,1666.47651463747,1521.391539275646,1657.339448034763,1612.1796770021317
1172.0,1583.137703835964,1668.0720034241674,1518.6732777953146,1654.0377765893934,1605.9801904112098
1900.0,1648.4849458932874,1671.5203550457952,1596.3805198669431,1658.6415764689443,1643.7568493187425
1218.0,1599.7043588757513,1662.203788757324,1511.2601710855959,1649.8565998673437,1605.7562296465037
1265.0,1637.9485878348348,1657.5578129291532,1582.6487219333646,1650.8280861377714,1632.245802208781
1769.9999999999995,1629.6777835488317,1653.2539948821066,1588.1791691482065,1650.5223464965818,1630.4083235189316
1171.0,1685.8187213540075,1653.256585896015,1548.2078135013578,1648.5763511061666,1633.9648679643867
1318.0,1689.8503389954565,1655.6773126125333,1600.6063915789125,1653.643222749233,1649.9443164840338
1349.0000000000002,1533.042321205139,1657.7055007219312,1572.6115658879278,1653.3615219593046,1604.1802274435756
1116.0,1534.3085353076456,1654.7364866733549,1612.3503780364988,1651.4621648192403,1613.214391209185
1278.0,1467.5499103963373,1653.189363479614,1555.276675224304,1646.641727387905,1580.66441912204
1254.0000000000002,1437.1116146445272,1653.8149493932722,1583.3811151981351,1648.9691776037214,1580.819214209914
1300.0,1535.7860609889028,1652.64740973711,1568.7282118201254,1644.79059189558,1600.4880686104295
1212.0,1562.5690118968485,1652.1352526545522,1586.1893424391744,1646.5565118193624,1611.8625297024844
1799.9999999999995,1458.340223431587,1651.5516987442968,1511.035472601652,1644.5032772421835,1566.3576680049298
1311.0,1562.1611431241033,1656.5070128440855,1519.8254153132436,1650.1636350154874,1597.16430157423
1699.9999999999998,1621.013289093971,1659.7909790277479,1501.1885401606557,1654.3331521749494,1609.081490114331
1250.0,1526.53182297945,1662.2393432259557,1518.160257041454,1658.5743540525434,1591.3764443248508
1450.0,1479.696223735809,1664.9730068445203,1487.5464200973508,1663.7867543101308,1574.0006012469528
1760.0,1574.876184016466,1661.8817833065984,1511.9554984569547,1665.2174258232114,1603.4827229008076
1142.0,1570.6439067423341,1656.477072238922,1514.1697357594965,1660.0532472133634,1600.335990488529
1240.0000000000002,1573.9509761333463,1654.992997050285,1542.8958031535146,1659.6035623550413,1607.8608346730468
1273.0,1575.4173460602758,1655.353435873985,1556.1761888861654,1659.979979097843,1611.7317374795673
1168.0,1603.6395332217214,1654.3754720687864,1553.734878003597,1655.516237914562,1616.8165303021667
1260.0,1588.6879435181615,1654.60621625185,1597.162142395973,1657.1259772777555,1624.395569860935
1241.0000000000002,1528.592182844877,1656.5856069326398,1552.1722806990144,1655.1628524065015,1598.1282307207582
1180.0,1561.9319103658197,1658.2321962714193,1555.2179455757139,1658.0695381760595,1608.362897597253
1600.0,1509.2345739901064,1656.1195123195646,1496.5281698107717,1652.7490350604055,1578.657822795212
1294.0,1566.2198224663732,1656.3334149122236,1559.2145845293996,1652.8241744637487,1608.6479990929363
1156.0,1561.8002004921434,1654.3278262019155,1561.5536943078039,1646.2055733799932,1605.971823595464
1284.0,1538.3744838833807,1653.9630690217016,1565.136922597885,1647.061039805412,1601.1338788270948
1749.9999999999998,1531.9895058870313,1653.3907428383825,1537.4686366319654,1643.374602794647,1591.5558720380066
1275.0,1616.7332220077512,1654.3687066435812,1521.1595715582368,1643.9669373631475,1609.0571093931792
1236.0,1570.0969149172304,1656.8697547912595,1456.0066555440424,1651.1693802475927,1583.5356763750312
1177.0,1452.760187089443,1661.535019278526,1478.8670992851255,1657.2160869836805,1562.5945981591938
1220.0,1605.6130941212175,1663.517576754093,1618.759106993675,1663.448051214218,1637.8344572708008
1167.0,1600.4250206053255,1662.6092824339864,1578.933495879173,1664.727292358875,1626.67377281934
1300.0,1527.3480643332002,1660.6254294514654,1572.7330556511877,1663.3100077509878,1606.0041392967103
1167.0,1529.891360402107,1657.3351296782491,1560.9857584536073,1655.9305122494695,1601.0356901958583
1719.9999999999998,1572.9416322708128,1656.4773601293562,1536.8431946635244,1653.180726766586,1604.8607284575698
1300.0,1466.3407705724237,1658.126540482044,1468.1251874566076,1654.999330639839,1561.8979572877286
1174.0,1502.5095254182813,1660.7604500651357,1439.986632466316,1659.6332150697706,1565.722455754876
1250.0,1541.877822577953,1665.927075743675,1494.4407482445238,1667.616704702377,1592.4655878171322
1246.0,1518.6656486988065,1669.3840640783308,1583.236594200134,1672.9524660110471,1611.0596932470796
1356.0,1543.9139996469019,1668.5902062058447,1568.3718754351137,1675.5272141098974,1614.1008238494394
1175.0,1470.1668344438074,1661.7484900355337,1548.863771855831,1668.1903263926504,1587.2423556819556
1230.0,1485.8444118499754,1657.228610217571,1534.0332400798795,1661.5036392211912,1584.6524753421543
1146.0,1491.2756088376043,1655.9702411293981,1459.9049799144266,1654.7667151689527,1565.4793862625954
1600.0,1541.7487037181852,1658.0935770273206,1489.6925713121889,1652.9823702573774,1585.629305578768
1210.0,1591.9194416701791,1661.754391789436,1527.9788322746751,1655.8399707078931,1609.3731591105459
1250.0,1539.809329807758,1664.25817489624,1489.9408768117426,1655.0855538249014,1587.2734838351605
1749.9999999999998,1545.8803632855413,1664.0081420540807,1532.015272080898,1653.4617078304288,1598.8413713127372
1290.0,1586.9472140073774,1664.8774272203443,1500.8851036429403,1655.810461938381,1602.1300517022607
1218.0,1557.8764697909353,1665.3066718578336,1525.5082285404203,1662.1110880374906,1602.70061455667
1200.0,1559.4261839985845,1661.1868157982824,1498.094653636217,1657.026655077934,1593.9335771277545
1317.0,1617.1044567227361,1660.8576130867002,1511.0496512055395,1659.1849696636198,1612.049172669649
1719.9999999999998,1587.507016956806,1656.48470133543,1542.1419620513914,1654.3797904253004,1610.128367692232
1173.0,1570.8515477180479,1655.2663490176199,1478.0827417969701,1649.2665684223173,1588.3668017387388
1199.0,1531.9824525713918,1659.6045699715612,1449.0943342447279,1651.2165942788122,1572.9744877666233
1321.0,1528.2262021303175,1665.562318563461,1519.0251518785951,1656.6777318716047,1592.3728511109946
1240.0000000000002,1580.3338669240472,1668.9110600948331,1563.4346264600752,1659.5816826820371,1618.0653090402482
1212.0,1531.2064439058302,1670.3492167592046,1527.4441477656362,1661.3327762484548,1597.5831461697815
1258.0,1500.1922233402727,1668.9191210269926,1503.8398671150205,1663.7644428014753,1584.1789135709403
1200.0,1524.5869071781633,1666.6265055537222,1500.1660972833631,1663.2989239692686,1588.6696084961293
1749.9999999999998,1576.4760631322858,1666.9844973087309,1491.765526384115,1660.163653194904,1598.847435005009
1719.9999999999998,1607.9049178957937,1668.7463867664335,1494.3053677678106,1661.1132597923277,1608.0174830555914
1308.0000000000002,1576.589707881212,1672.3206904530523,1443.4653565287588,1666.2667864561079,1589.6606353297827
1302.0,1548.4094807505605,1673.620083928108,1473.0738800764082,1667.5162309408186,1590.6549189239738
1227.0000000000002,1589.0656557679174,1676.9338467717168,1543.7013205885885,1674.3336203694341,1621.0086108744142
1275.0,1607.1309964358804,1677.921023070812,1544.4694842398164,1676.720232069492,1626.5604339540002
1305.0,1634.6666368842123,1677.647383213043,1549.5502465963361,1673.1632018089292,1633.7568671256302
1229.0,1668.5844483971593,1676.683238148689,1566.84447273612,1673.402870595455,1646.3787574693558
1355.0,1620.632122159004,1674.5479547977445,1519.8395219445226,1672.39410251379,1621.8534253537653
1340.0,1600.187295079231,1667.710988819599,1544.7756557166574,1664.3338900804517,1619.2519574239848
1199.0,1600.1745559275148,1664.8523807525632,1526.7051330208776,1655.1026833057401,1611.708688251674
1265.0,1562.9735699295995,1665.9855175018308,1477.9872341454027,1652.973301708698,1589.9799058213828
1363.9999999999998,1497.9739555716512,1669.3570023775098,1481.84273481369,1653.8522312045095,1575.7564809918401
1749.9999999999998,1581.8492501974104,1674.0769660472868,1553.4152476489542,1661.227696239948,1617.6422900333998
1300.0,1548.303681015968,1674.777691364288,1513.9675647020338,1662.948705255985,1599.9994105845687
1729.9999999999998,1527.6247990131376,1674.349742233753,1538.7887582182882,1666.5978604555128,1601.8402899801729
1205.0,1504.5371377468107,1675.050035715103,1481.0244062542913,1668.712127804756,1582.3309268802402
1349.9999999999998,1625.4211795330045,1675.7455790042875,1596.858130097389,1674.4813081622121,1643.1265491992233
1699.9999999999998,1662.8557166457174,1678.34782063961,1593.6580839753149,1680.2548068761823,1653.7791070342062
1344.0,1631.5323737263677,1681.2189519405363,1576.3347809016702,1683.2105779647825,1643.0741711333392
1334.0,1608.151783943176,1679.2854797840116,1581.1977541446684,1678.5912320017812,1636.8065624684093
1320.0,1586.9107238948343,1679.0803578495977,1585.8942547440527,1671.0135239362714,1630.724715106189
1236.0,1559.370333254337,1680.8387926220892,1550.2096596360204,1668.6349731683729,1614.763439670205
1344.0,1533.0310934782026,1679.96878772974,1506.1687567830083,1664.3864300847051,1595.888767018914
1251.0,1501.9570636749265,1675.1329481601713,1500.5343091487882,1664.6920257806776,1585.579086691141
1268.0000000000002,1516.6989251971243,1668.9995864033697,1594.1801732778547,1663.3975264430044,1610.8190528303383
1281.9999999999998,1552.2987365722654,1663.8136720657346,1618.9239242672918,1661.223377883434,1624.0649276971815
1749.9999999999998,1566.1174054443834,1661.3575348258016,1579.03656065464,1657.6561275124548,1616.04190710932
1361.0,1556.2793976068494,1662.4569883942602,1545.6202542781828,1658.8239550590513,1605.795148834586
1175.0,1582.918331325054,1660.8495521545408,1577.7074424922464,1660.2778017520902,1620.4382819309828
1349.0000000000002,1533.6250834167001,1661.1247754096983,1551.4358569681642,1658.6027112603185,1601.1971067637203
1273.0,1567.1032142639158,1663.643672764301,1571.541837006807,1663.7473133206365,1616.5090093389151
1573.0,1551.972052901983,1661.5521487593649,1555.1361846923826,1658.3022975921629,1606.7406709864733
1366.0,1597.8127747774122,1661.6711914539335,1592.1117524802683,1659.0801775455473,1627.6689740642903
1699.9999999999998,1557.6857423782346,1661.2783649563787,1559.7336509823797,1654.872370958328,1608.3925323188303
1729.9999999999998,1579.889004230499,1661.1339879035947,1550.2999132871626,1655.1953840255735,1611.6295723617075
1200.0,1537.572421133518,1662.5743037462232,1503.1253230571745,1654.9469345808027,1589.5547456294296
1250.0,1576.6144664585588,1664.3065404891965,1566.608834415674,1660.5438125133512,1617.0184134691951
1273.0,1596.3800160586832,1664.8533883690832,1527.4447235465047,1662.1171337366102,1612.6988154277203
1354.0,1622.6174145936964,1668.319013416767,1561.876275539398,1666.925047934055,1629.934437870979
1229.0,1572.535346895456,1670.6073105335233,1589.3336817622182,1670.190013349056,1625.6665881350634
1760.0,1488.4686771035192,1671.5393558144567,1562.0153985917566,1672.1840864419935,1598.5518794879315
1405.0,1513.3183717727659,1665.3980770707128,1524.576687067747,1668.0263727903364,1592.8298771753905
850.0,1558.934898972511,1665.5083391070364,1512.2341044247148,1664.6504256129263,1600.3319420292971
1319.0,1589.0724931657312,1660.78132212162,1583.024203032255,1660.6198155879972,1623.3744584769008
1263.0,1566.371540725231,1657.9281839728353,1539.495385289192,1656.4464119076727,1605.0603804737327
1298.0,1563.2089203596113,1658.5757935047147,1560.0604066252706,1656.6806107759473,1609.631432816386
1376.9999999999998,1572.8580720722673,1655.9536874294279,1564.50464323163,1649.454129040241,1610.6926329433916
1749.9999999999998,1576.9076108932493,1652.297766804695,1578.4677611291406,1645.919842123985,1613.3982452377675
1729.9999999999998,1514.5019613206384,1652.2249305248258,1475.1199173927305,1643.6686828732488,1571.378873027861
1308.0000000000002,1530.7950484752653,1658.0506813526151,1450.6875918805597,1649.1950276494024,1572.1820873394606
1287.0,1588.1513157486913,1667.0425072312353,1488.4341302514074,1659.2018112540243,1600.7074411213396
1300.0,1563.9675116539,1674.9292656779287,1553.3390286564825,1668.6457690596578,1615.2203937619922
1311.0,1568.2877394556997,1678.084976673126,1577.1028725802896,1672.4823409318922,1623.9894824102519
1175.0,1559.82901468873,1677.0346084237096,1583.4421479701994,1674.9124240875242,1623.8045487925408
1260.0,1546.5507161617277,1674.4602921605108,1579.6574683487413,1671.4269345998762,1618.023852817714
1327.0,1595.251125693321,1671.3217106461523,1600.2491195499895,1672.1269401907919,1634.7372240200636
1799.9999999999995,1562.3897281289098,1666.7275550961492,1550.691300332546,1670.276812314987,1612.521348968148
1325.0,1582.9171797633169,1665.7747817039487,1514.4796498119829,1668.0721473693845,1607.8109396621583
1250.0,1597.0605170726774,1666.0603690147398,1545.8649611473081,1666.925911605358,1618.9779397100208
1274.0,1597.7572838962076,1663.2574677467344,1555.7158520817754,1663.3282887935636,1620.0147231295703
1234.0,1562.521294057369,1663.3487290143964,1538.9468820393083,1658.9074432849882,1605.9310870990155
1749.9999999999998,1592.3479665815828,1664.1119265556333,1557.6268687844274,1662.4428817629812,1619.1324109211562
1372.0,1550.931257009506,1668.0534344911573,1459.8837479948995,1666.9495186209676,1586.4544895291326
1729.9999999999998,1591.5327328443525,1675.8680763840673,1527.763778120279,1674.7779792547224,1617.4856416508553
1268.9999999999998,1613.780617713928,1682.2216743230817,1536.0157255828378,1682.4208945035932,1628.6097280308602
1232.0,1567.3228026926515,1689.289528429508,1518.6240485310552,1690.3899896144865,1616.4065923169253
1735.0,1620.4490238428114,1691.7079520225523,1593.2035769522188,1695.044314265251,1650.1012167707083
1433.0,1649.8498344421384,1695.640535354614,1606.1192055046556,1700.3517183661459,1662.9903234168885
1300.0,1633.0579051375387,1690.8870324492452,1595.8165425062177,1693.7506785988805,1653.3780396729705
1225.0,1604.6501006186006,1684.9838390946386,1581.464484632015,1683.8422095775602,1638.7351584807036
1322.9999999999998,1588.9818076789377,1682.3800140619276,1554.159876257181,1679.0997904539106,1626.1553721129892
1340.0,1633.9610174298284,1681.491296291351,1558.5544517636297,1676.2686759233472,1637.568860352039
1396.0,1609.1199594736097,1684.5302677154539,1533.7567213177679,1679.0050745010374,1626.6030057519672
1749.9999999999998,1623.0125442147253,1688.9856600761411,1576.011048108339,1685.2056586742399,1643.3037277683613
1760.0,1612.838208377361,1690.40035367012,1544.5282138884065,1685.2700021862981,1633.2591945305464
1185.0,1599.521548449993,1692.6585662364957,1564.0724477171896,1688.1735211610792,1636.1065208911893
1829.9999999999998,1571.926674544811,1694.4118189811704,1545.1722967624662,1693.2706212997434,1626.1953528970478
1332.0,1621.6578757762907,1696.7496332526205,1559.1777345538137,1698.5142576694486,1644.0248753130434
1324.0,1645.801519155502,1700.8137825131414,1590.0908336043356,1702.9971435666082,1659.9258197098968
1349.9999999999998,1647.4010384082792,1700.3723025321958,1599.0718635916708,1699.7945064306257,1661.6599277406929
1315.0,1661.3896346092222,1698.2178744673727,1619.3738970160482,1697.3097240924833,1669.0727825462816
1390.0000000000002,1632.8664579987524,1696.9806653261182,1581.7312151193617,1692.5891846418378,1651.0418807715175
1400.0,1695.7916778326032,1695.5907303094862,1597.8067290782926,1688.8543820381162,1669.5108798146246
1421.0,1655.0957739353178,1693.2127553224561,1539.456232190132,1686.1715310811994,1643.4840731322763
1394.0,1634.7299727797506,1688.0053931474683,1568.2330402731893,1682.0225980877874,1643.247751072049
1420.0,1622.140236198902,1685.4126518964765,1559.7422876954076,1677.5715240836141,1636.2166749686
1312.0,1632.349262833595,1684.9369129538534,1565.8267800509927,1678.9663532376287,1640.5198272690175
1227.9999999999998,1626.1292460560796,1681.612786054611,1579.5933407545087,1677.6787632703779,1641.2535340338943
1413.0,1642.3043701052663,1679.0381819009779,1581.345657855272,1678.107720017433,1645.1989824697373
1380.0,1626.816872358322,1681.1619496345518,1541.1500355601308,1677.977449595928,1631.7765767872331
1414.0,1669.0544295310972,1685.9901601076124,1560.8119446039198,1682.3345273733137,1649.5477654039857
1407.0,1668.5359388589857,1684.9229502677915,1566.066520810127,1682.750816941261,1650.5690567195413
1327.0,1637.4270743131635,1684.8705542087553,1580.688547939062,1683.0171155929563,1646.5008230134843
1185.0,1574.9276444315908,1681.6054448485372,1535.5640974640844,1674.9098330736158,1616.751754954457
1409.0,1569.3943183124063,1679.5104661583898,1530.4134497046468,1673.5590511560438,1613.2193213328717
1300.0,1544.708505272865,1682.4004542827604,1491.136917620897,1677.5677815079687,1598.9534146711228
1600.0,1589.5390915870664,1684.446779489517,1589.4836007058618,1683.1509846448896,1636.6551141068337
1760.0,1636.4947411417959,1685.5275201797483,1590.8085444569585,1685.153694450855,1649.4961250573394
1749.9999999999998,1618.6416476964948,1685.603091418743,1560.2277429401872,1684.989596903324,1637.3655197396872
1392.0,1613.5534721612928,1688.1764000654218,1582.4274061620233,1689.739069342613,1643.4740869328377
1400.0,1596.3704437017439,1694.1944617033002,1561.9684004783628,1698.5046133399007,1637.759479805827
1829.9999999999998,1661.423173844814,1698.551683425903,1620.4599636793134,1706.5212103724477,1671.7390078306196
1799.9999999999995,1699.3690043687818,1698.6214968562124,1669.1864272952077,1706.8512767553327,1693.5070513188837
1349.9999999999998,1601.6512179374693,1690.993264019489,1501.126931607723,1700.9866607189176,1623.6895185708997
1403.9999999999998,1592.4837788939474,1682.6762533187864,1563.9475032687185,1692.8557711839674,1632.990826666355
970.0,1687.3032283782957,1679.1723388433454,1669.6044442057607,1692.8461268544195,1682.2315345704553
1212.0,1665.0838446617124,1669.371252954006,1643.225763440132,1684.4856446981428,1665.5416264384983
1080.0,1653.6197596788404,1662.7892139554021,1645.1395151019094,1677.7390763163564,1659.821891263127
1409.0,1667.0479771494863,1659.2444190382955,1664.3599441647527,1678.1785410642622,1667.2077203541992
1297.0,1607.1870630979536,1659.5311579108236,1576.4985185861585,1674.288853406906,1629.3763982504604
1829.9999999999998,1603.7942023575304,1661.5476864576337,1636.5174844861028,1675.8682203292844,1644.4318984076378
1367.0,1545.6235650181768,1660.975792109966,1597.4104478955267,1674.458276927471,1619.617020487785
1760.0,1452.780771255493,1662.2134330868719,1548.8874508440492,1674.5783272385595,1584.6149956062434
1413.0,1530.8206707239149,1667.6793208718298,1558.3621409535406,1677.094777524471,1608.489227518439
1300.0,1712.9683727025983,1674.5976158976553,1614.3900817632673,1682.2396674752233,1671.048934459686
1337.0,1647.4396157264707,1679.4384935498235,1601.2251400947569,1686.8254742026327,1653.732180893421
1749.9999999999998,1642.6769003272054,1685.854131877422,1602.1045014262197,1692.8870072960851,1655.880635231733
1337.0,1602.662361115217,1691.3443464040754,1569.9425336718557,1698.2488226890562,1640.549515970051
1372.0,1596.3642540574072,1696.7345190048215,1571.6891649365423,1703.3690980076788,1642.0392590016124
1359.0,1602.6137796044347,1700.1653093099592,1592.4816197156904,1705.7653540372846,1650.2565156668422
1393.0,1636.703461706638,1696.731640100479,1618.7739333510397,1699.8065978288648,1663.0039082467554
1280.0,1615.9228104352949,1694.0133786201475,1615.007606744766,1698.6964923143385,1655.9100720286367
1410.0,1554.9368925392625,1690.6824862956998,1573.8536691665647,1693.7125331163404,1628.2963952794669
1443.0,1694.1144281625745,1687.2401803731916,1638.8266536593435,1692.9513508081434,1678.2831532508133
1335.0000000000002,1667.8360772132871,1677.7033779025076,1615.9659940004346,1684.8989114165304,1661.60109013319
1412.0,1613.665461540222,1673.6182126402853,1610.4408007860181,1677.2436168789861,1643.7420229613779
1749.9999999999998,1578.7308210134504,1672.2507330775259,1589.3520347774027,1676.7390888929365,1629.2681694403288
1765.0,1544.4734427332876,1672.698258757591,1502.4568414688108,1675.8480679988859,1598.8691527396438
1829.9999999999998,1528.8296924531458,1677.0399343967435,1506.9289314746854,1680.2743834257124,1598.2682354375718
1406.0,1538.2198867201803,1681.8561974167822,1513.7186834216116,1686.006138026714,1604.950226396322
1279.0,1577.5952371954916,1682.6481840014455,1583.4923848509786,1686.9296905398367,1632.666374146938
1386.0,1579.9026790261266,1682.8964895009992,1590.7963091135023,1685.3637105226514,1634.73979704082
1462.0,1611.0992062091825,1686.9596311450002,1596.593630760908,1687.504463791847,1645.5392329767344
1366.0,1633.644625842571,1690.4484313726423,1588.596106469631,1692.9730865359304,1651.4155625551937
1348.0,1577.1010732650755,1692.1035134792326,1543.6035817861555,1692.5704717636106,1626.3446600735185
1799.9999999999995,1613.6863335967062,1691.3629153370855,1599.0858262777326,1689.75979745388,1648.473718166351
1345.0,1613.0012983083723,1690.5585494637487,1579.503374993801,1690.0977808237074,1643.2902508974073
1283.0,1579.0423184633253,1689.2269122600553,1565.8019495010374,1687.9555881023405,1630.5066920816896
1384.0,1620.9387254714964,1685.4014241695402,1616.9419425725935,1687.7143359184263,1652.749107033014
1760.0,1657.207882106304,1679.8029628396032,1589.9286793172357,1681.8891608715055,1652.207171283662
1420.0,1676.3808092474935,1681.1475551128385,1553.3915686607359,1683.8544449210165,1648.693594485521
1352.0,1693.8495689630506,1685.9836825728414,1543.5698986053465,1687.9901349544523,1652.8483212739227
1411.0,1644.6141150593755,1687.1731019020078,1543.1102815270422,1686.9476836919782,1640.461295545101
1312.0,1608.4344923496244,1684.972323477268,1571.3922059535978,1684.326297342777,1637.2813297808168
1372.0,1556.9570916891096,1684.9920439720152,1547.1365731954572,1680.3516820073125,1617.3593477159736
1372.0,1561.0850086808202,1685.7407030463216,1567.8272587060926,1681.3584348559377,1624.002851322293
1111.0,1557.518406063318,1687.4550905823705,1519.1214512288568,1681.304455399513,1611.3498508185146
1390.0000000000002,1587.9826839268205,1687.7939376235006,1549.5458562672136,1682.5439676642416,1626.966611370444
1360.0,1660.545827746391,1688.4683209657667,1572.1631765365598,1687.3464119434354,1652.1309342980383
1829.9999999999998,1606.213561594486,1687.8243100643156,1512.8709900379179,1686.358947753906,1623.3169523626564
1360.0,1630.1972818374632,1686.8369898200033,1577.0238466560838,1686.4687779545782,1645.131724067032
1500.0,1629.368589222431,1688.4932234883306,1550.674890577793,1688.4939432144163,1639.2576616257427
1749.9999999999998,1604.3180909752843,1688.4310391545293,1577.9733093082903,1691.7173084616659,1640.6099369749425
1458.0000000000002,1626.1744448542593,1688.236281275749,1539.4093060493467,1691.9032856822012,1636.430829465389
1378.0,1674.4499281048772,1691.2065908312795,1607.1204884350298,1699.8728126287458,1668.162454999983
1300.0,1653.830927312374,1692.842240333557,1589.3152567744253,1703.3102244138715,1659.824662208557
1020.0,1658.5755056142805,1690.0157320499418,1608.6183103919027,1700.529922544956,1664.4348676502702
1341.0,1647.9592579603193,1681.6428706049917,1610.1052644848821,1691.009385883808,1657.6791947335003
1183.0,1622.9172524809835,1678.3024778962133,1611.0863950848577,1682.8651094436643,1648.7928087264297
1749.9999999999998,1593.7199804186819,1678.9333897829054,1564.829743504524,1682.8282594680784,1630.0778432935474
1284.0,1563.88719022274,1682.4111062288282,1519.4861364364622,1687.220028042793,1613.2511152327058
1025.0,1567.4920822679994,1686.3932067155836,1577.75544822216,1695.327886343002,1631.7421558871863
1900.0,1557.3905107378957,1685.6177738308904,1578.870951682329,1696.9495731592176,1629.7072023525832
1387.0,1528.9642092585561,1690.1329034566877,1615.238782763481,1701.783973276615,1634.029967188835
1500.0,1604.3854573369024,1689.174372255802,1607.8859171271322,1700.920733809471,1650.5916201323269
1349.9999999999998,1608.3658304810522,1687.959330677986,1615.4785954952238,1698.4296178817747,1652.5583436340091
1225.0,1593.2960617542265,1687.312152981758,1579.0299391746519,1693.9750891923902,1638.4033107757566
1760.0,1666.2339669466016,1688.1542325019834,1620.433333814144,1693.3742618560789,1667.048948779702
1420.0,1707.7754050493238,1692.3280680179594,1623.5285878181455,1699.072765111923,1680.676206499338
1356.0,1671.2708979845045,1697.814252078533,1602.5631828606126,1704.8907428979871,1669.1347689554093
1900.0,1650.3689008951185,1702.7823773026464,1600.7444350421426,1710.4049962759016,1666.0751773789523
1353.0,1660.5343121290205,1706.317239999771,1618.3500146865842,1713.2682105898855,1674.6174443513153
1500.0,1669.9984222650526,1704.0400266647337,1599.9198448657987,1707.760290801525,1670.4296461492775
1372.0,1649.5045098662374,1703.6493593454359,1615.493997633457,1707.212003469467,1668.9649675786493
1850.0,1608.7642708420751,1704.5218113064764,1571.9589902460573,1704.9630033969877,1647.5520189478991
1760.0,1713.3921474218366,1707.353213727474,1654.3144392967222,1707.372790277004,1695.6081476807592
1361.0,1719.8157027363775,1708.3909147977827,1589.2643001675604,1709.482595324516,1681.7383782565591
1392.0,1723.9968794584272,1704.0616184473035,1657.0427769422529,1709.9514248967168,1698.7631749361751
1339.0,1715.5354917049406,1701.310681402683,1637.106220424175,1705.103349983692,1689.7639358788726
1359.0,1746.779232919216,1698.0049794912336,1598.763820827007,1699.3701559305189,1685.7295472919939
1310.0,1708.6785173416135,1697.4358201026914,1568.9892564713953,1701.4742031693456,1669.1444492712615
1900.0,1696.6377878189085,1700.0245308876035,1615.3873342275617,1707.2678542137144,1679.829376786947
1308.9999999999998,1702.345359623432,1703.630934357643,1673.0111956596372,1709.554280042648,1697.13544242084
1300.0,1671.376841664314,1706.6157823801038,1596.449901461601,1711.9637790322301,1671.6015761345623
1699.9999999999998,1585.5512332916257,1708.1227448582647,1590.099902153015,1712.6427686214445,1649.1041622310875
1266.0,1646.37139827013,1709.8905360698698,1640.9384739398954,1714.4684258103368,1677.917208522558
1337.0,1679.7920230031011,1710.8866369724271,1638.0838963389394,1714.8969507217405,1685.914876759052
1295.9999999999998,1670.091122984886,1706.1684006452558,1625.8207714557645,1710.900599658489,1678.2452236860988
2310.0,1631.8209838867185,1703.8739138841627,1604.247125983238,1707.9387828707693,1661.9702016562221
1450.0,1648.0390036106107,1707.8468018770216,1616.6337558627126,1711.9688171148298,1671.1220946162937
1315.0,1691.7252254486082,1704.2366558313367,1690.2731060981748,1708.8739949464796,1698.7772455811498
1351.0,1549.291720986366,1696.85658454895,1500.3517866134641,1701.900137066841,1612.1000573039053
1749.9999999999998,1574.7864341735838,1693.1020614504812,1592.2983774542806,1701.8095955252645,1640.4991171509025
1173.0,1609.5638865232465,1692.8963637351987,1639.629580080509,1703.4995123744009,1661.3973356783388
1372.0,1680.4918846487997,1691.4995193481443,1685.4895186424253,1708.7913703918455,1691.5680732578037
1202.0,1649.8340004682539,1688.6006066203115,1621.0625183582304,1706.7161121964452,1666.5533094108102
1400.0,1642.3284089565275,1684.7705122828481,1644.4858598709104,1700.955568552017,1668.1350874155758
1299.0,1647.4640864133833,1684.9367690086362,1658.8210761547086,1700.4855874180791,1672.9268797487018
1534.0,1556.3094821572301,1685.8251988887785,1627.6254126429556,1703.5270059108732,1643.3217748999593
1760.0,1571.6922597587106,1681.7218965291975,1633.0432227253912,1699.7157683968542,1646.5432868525384
1363.9999999999998,1558.2043050229547,1679.5619985461233,1616.925244927406,1693.9396786689756,1637.157806791365
1393.0,1572.2315505146978,1679.28807079792,1643.662349283695,1694.1032004356382,1647.3212927579877
1328.0,1587.3504045605657,1681.6840389370916,1600.3161260485647,1694.9210971593855,1641.0679166764019
1397.0,1622.6852127909658,1680.993965566158,1619.4998490810392,1691.4360395073888,1653.653766736388
2310.0,1617.6423799991605,1683.4624820947645,1625.6263014674184,1692.1171882748602,1654.712087959051
1447.0,1570.0484773516653,1690.9447544813154,1577.3698909580705,1697.8535491228101,1634.0541679784653
1351.0,1614.8419257998464,1692.6581344008443,1619.093635678291,1702.409415245056,1657.2507777810094
1900.0,1605.4030060768125,1686.1453330516813,1633.7822374701498,1698.8687947392461,1656.0498428344724
1203.0,1611.8832758069036,1682.794288396835,1625.352229773998,1691.6747006773946,1652.9261236637828
1247.0,1604.9119369685648,1680.4799371957777,1628.8172790408132,1687.750898003578,1650.4900128021834
1638.9999999999998,1650.4742687940595,1679.2703655362127,1648.1757515668867,1691.7790609598158,1667.4248617142437
1405.0,1652.0051261782644,1681.2319070100782,1593.7312081456182,1692.2660276293752,1654.808567240834
1321.0,1635.3230270743368,1682.1648159623144,1638.5773405432699,1692.4138593673704,1662.1197607368229
1201.0,1632.5299140810964,1677.1879100799558,1640.630863010883,1686.0045546293256,1659.0883104503152
1440.0,1599.8939347267149,1672.7214339375494,1616.7294794321058,1681.702895760536,1642.7619359642265
1400.0,1629.5885375142095,1674.4109189510343,1616.8141192197797,1680.3439089655874,1650.2893711626527
1493.0,1677.3652505874632,1675.6206345558164,1628.6384990811346,1683.1845238804815,1666.202227026224
1474.0,1641.3609531521795,1677.5538188219068,1589.3492278456686,1686.0414046049116,1648.5763511061666
1295.9999999999998,1659.6766865253446,1678.392155766487,1640.5820655822752,1687.0893257856367,1666.4350584149358
1400.0,1671.0613137483595,1674.2620795965192,1625.1875564455984,1679.8598212003706,1662.592692747712
1799.9999999999995,1682.0303711295126,1672.4787423014639,1639.4210034608839,1676.986098885536,1667.729053944349
1283.0,1655.8873286843298,1673.6796772480009,1598.227337002754,1680.3996157646177,1652.0484896749256
1259.0,1671.3260290026662,1674.9040752649305,1609.4811180233953,1681.2569534778593,1659.2420439422128
1381.0,1676.6805031895635,1676.1648914217947,1644.5414227247236,1683.4512543678281,1670.2095179259775
1319.0,1678.980747759342,1677.8876277804372,1638.287578821182,1688.1068745255468,1670.815707221627
1280.0,1702.8910559415815,1679.658297896385,1639.6179205179212,1689.5493495464323,1677.92915597558
1398.0,1662.8771644830701,1682.4216142296789,1596.5565648674963,1693.9994159340856,1658.9636898785827
1400.0,1656.10267072916,1682.0554175972936,1619.5624652504919,1698.8119363784788,1664.133122488856
1330.0,1611.123532950878,1677.5480610132215,1604.3749493360517,1694.1914388537405,1646.809495538473
1368.0,1543.7915742397306,1675.9878388047216,1595.9524987637994,1688.449032306671,1626.0452360287306
1760.0,1591.7977359890936,1675.1492139697073,1629.1221550107,1687.5834897160528,1645.9131486713884
1159.0,1575.6289455294607,1675.6101265549657,1560.5123226344583,1686.2619286775587,1624.5033308491109
1900.0,1541.1029654741285,1677.7740550041196,1579.301059991121,1691.2694948911665,1622.361893840134
1325.0,1558.408203423023,1683.9811167120931,1564.9158227443693,1697.1169814467428,1626.105531081557
1337.0,1630.5574327707288,1689.6373000741003,1579.1862636804578,1701.9290700554845,1650.3275166451929
1200.0,1643.491774201393,1692.436314821243,1617.3940744996069,1705.547564923763,1664.7174321115015
1320.0,1648.5728964209554,1691.0836616158483,1598.4914764761922,1701.3557362556455,1659.8759426921604
1320.0,1636.4662399888036,1686.2863993644712,1630.5017259716985,1695.885818004608,1662.2850458323953
1226.0,1632.23957657814,1680.4029265046117,1609.818381667137,1685.514277219772,1651.9937904924152
1799.9999999999995,1607.297828942537,1678.4256950020788,1575.6331199407575,1682.7675145864484,1636.0310396179555
1426.0,1640.122592449188,1682.673662304878,1560.7532869279382,1688.9846524596212,1643.1335485354064
1767.0,1652.037225961685,1686.399108469486,1548.4428040683267,1690.9598687291143,1644.459751807153
1319.0,1661.4162644743917,1686.743425428867,1615.3542268276212,1692.441784739494,1663.9889253675935
1300.0,1617.5371560454366,1685.6340396404264,1595.4455237090585,1691.9312110543249,1647.6369826123116
1305.0,1608.0143162608144,1685.320814847946,1603.2721130549905,1689.1578185558317,1646.4412656798957
1699.9999999999998,1668.6096388101575,1686.1300748586652,1615.5204835534093,1689.7963595390318,1665.014139190316
1266.66,1664.6321445703504,1687.6252338290212,1579.3182614445684,1692.2575348615644,1655.9582936763761
1505.0,1678.7384879589079,1686.547947824001,1626.6316148638723,1694.1806429624555,1671.5246734023092
1334.0,1662.510967850685,1686.9613584876058,1598.9600901305673,1696.0431501269338,1661.118891648948
1900.0,1683.080739378929,1685.5525666475294,1612.2003871202467,1694.626441299915,1668.865033611655
1337.0,1689.7171896696088,1685.7224220037458,1611.5697631239889,1691.9589924812315,1669.7420918196437
1392.0,1670.4673957824705,1681.7787548899648,1605.9528048336504,1687.7442765235899,1661.4858080074189
1452.0,1640.2597722411153,1679.8354944586752,1593.5022632777689,1684.917048513889,1649.628644622862
1799.9999999999995,1619.956875145435,1679.4003480672834,1552.2890922427175,1681.9640123844144,1633.4025819599626
1749.9999999999998,1615.2603745460508,1683.2146084308622,1569.635498523712,1685.3172162175176,1638.3569244295356
2289.9999999999995,1623.272797167301,1686.8500888347623,1558.2060323655603,1687.1923905611036,1638.8803272321818
1457.0000000000002,1659.369795322418,1696.3013878464697,1607.2367241978643,1697.4240165948866,1665.0829809904096
1312.0,1598.0933959782121,1704.4060793519018,1563.6742952466009,1708.3002293109892,1643.618499971926
1265.0,1641.404856443405,1708.5185942053793,1606.6569848358629,1713.172055184841,1667.438122667372
1386.0,1694.8492684960363,1710.5636239051817,1632.7695828676221,1716.4918637275694,1688.6685847491024
1749.9999999999998,1669.3660709261892,1706.707187592983,1644.1169282793996,1716.7316764593122,1684.230465814471
1359.0,1667.720777094364,1701.3424932956693,1603.4684543311594,1709.7404012084005,1670.5680314823983
1328.0,1721.1673483252523,1701.6026023030279,1654.9485179781911,1709.7807058691976,1696.8747936189172
1725.9999999999998,1669.743783175945,1699.1843226552007,1587.7826000750063,1705.5773615837095,1665.5720168724654
1300.0,1637.480765879154,1699.3806639313696,1621.5857592225072,1706.8232074379919,1666.3175991177557
1052.0,1561.5706798434255,1698.6479827761648,1583.2479658722875,1704.7349941730497,1637.0504056662319
1433.0,1566.549097150564,1696.6400909423826,1608.6318412423132,1702.759058177471,1643.6450218781827
1481.0,1682.5975152850149,1698.006418943405,1642.567933797836,1708.0691972374914,1682.8102663159368
1512.0000000000002,1660.4135420918462,1696.369042098522,1593.7397728860376,1707.665862739086,1664.547054953873
1100.0,1630.6319963932035,1694.5913186669347,1609.6043351292608,1705.9668773412702,1660.1986318826673
1850.0,1640.4096192121503,1686.9499868154523,1639.0745273232458,1699.0767955780027,1666.3777322322128
1760.0,1629.988561272621,1687.8549703955648,1632.3495507240293,1699.2912739515302,1662.3710890859363
1799.9999999999995,1667.8547900915144,1683.9334708452222,1609.526460766792,1693.5547691583631,1663.717372715473
1450.0,1640.139865875244,1687.984377145767,1598.258861005306,1695.3448718786237,1655.4319939762352
1749.9999999999998,1676.2384474277494,1684.3097436428068,1629.572847485542,1688.3033597469328,1669.6060995757578
1760.0,1658.1181916594503,1687.0305961370466,1604.199480116367,1686.621647775173,1658.9924789220092
1349.9999999999998,1666.1189547181127,1693.6422878503797,1637.6375222206113,1692.7665251493452,1672.5413224846122
1385.0,1631.6908574104307,1699.817537665367,1619.1946852207182,1700.3151562809942,1662.7545591443775
1500.0,1655.5392691493032,1705.126237273216,1627.5414925813673,1708.6983817815778,1674.226345196366
1277.0,1680.961290001869,1707.6163455843923,1671.2566474080083,1713.0561792850492,1693.2226155698297
1300.0,1677.7485767006872,1706.4945805072782,1677.2267752885816,1707.497734725475,1692.2419168055055
1104.0,1659.0643435716627,1707.9823982715604,1709.6579205989835,1707.4201482534406,1696.0312026739118
1478.0,1636.8160268664358,1708.6842751502988,1638.8750192523,1708.4680694341657,1673.2108476758
1335.0000000000002,1696.4388555288313,1709.1460514068601,1668.4013500809667,1711.620613634586,1696.401717662811
1999.9999999999998,1691.6709581017492,1706.712513566017,1660.567563474178,1707.7877843379972,1691.6847048699854
1749.9999999999998,1659.1835302114484,1697.2049319744108,1697.482170462608,1700.8159416913984,1688.6716435849664
1353.0,1586.337606012821,1696.4981609582899,1585.5893068015573,1700.6836560368536,1642.2771824523804
1312.0,1660.471983850002,1695.4346936941145,1658.4137111902235,1701.6351339220998,1678.98888066411
1699.9999999999998,1712.1376648545263,1695.6661576032636,1681.5087136626241,1701.4750668406484,1697.6969007402656
1330.0,1704.6414297819135,1697.5443547964094,1674.24998819828,1702.1295857429502,1694.6413396298883
1760.0,1679.9941220879552,1696.8997681140897,1630.4245713353155,1700.4819887876508,1676.9501125812528
1829.9999999999998,1702.964324057102,1697.7929481863973,1641.2560170888898,1698.6235120892522,1685.1592003554103
1340.0,1723.0256810784338,1698.351743519306,1695.6451416015623,1700.7314458489416,1704.438503012061
1349.9999999999998,1594.2306260764597,1699.5889526605604,1589.1940549015997,1701.3481071591375,1646.0904351994393
1829.9999999999998,1640.3566473722456,1703.9515003561971,1684.360988140106,1707.852703630924,1684.1304598748682
1266.66,1689.5353868603704,1704.8193460702894,1724.4773685932157,1709.6335938572881,1707.116423845291
1760.0,1597.495519518852,1693.1741780042646,1595.8736887574194,1702.0377486944196,1647.145283743739
1829.9999999999998,1559.9330151081083,1686.4064496755598,1609.990108311176,1697.1653470396993,1638.3737300336359
1250.0,1626.8922996520994,1684.1342744231222,1682.3828929662702,1697.8676557540891,1672.8192806988952
1235.0,1596.6435077786443,1685.780144035816,1619.679780602455,1699.0906143188474,1650.2985116839407
2306.0,1645.209616422653,1689.3799260258672,1667.2328028082845,1701.380062997341,1675.8006020635364
1307.0,1644.4255468249319,1696.0133534669874,1680.2394047379491,1708.455402255058,1682.2834268212316
1295.9999999999998,1631.388140618801,1690.4574999213216,1670.4902830719946,1704.027359485626,1674.0908207744358
1537.0,1653.9303934574125,1683.269883394241,1677.5775697827337,1694.7558480501173,1677.3834236711261
1227.9999999999998,1681.7288058996198,1676.4771085977552,1683.8535812497137,1686.7032647132871,1682.190690115094
1249.0,1681.2818560004232,1670.7745748758314,1668.3621969819067,1676.5056097507475,1674.2310594022272
1367.0,1648.7532597780225,1666.3410621881483,1664.8192733526228,1672.229141294956,1663.0356841534374
1257.0,1621.5500608086584,1667.0153015851972,1639.3087261915205,1669.4805073738096,1649.3386489897964
2099.9999999999995,1608.2293704152105,1667.3725736141203,1641.895709633827,1667.0011949539182,1646.124712154269
1760.0,1595.1728914678094,1674.9286898970602,1605.011978894472,1675.318349599838,1637.6079774647949
1308.9999999999998,1579.7877387702463,1672.07382440567,1571.8014422059057,1673.219484388828,1624.2206224426625
1760.0,1584.8756983876226,1675.2059283852575,1610.4105722904203,1674.2799288034437,1636.193031966686
1349.9999999999998,1618.8457620143888,1681.065506339073,1627.078708708286,1681.0639229416845,1652.013475000858
1274.0,1605.7349437475202,1686.7226973176,1594.5749430358408,1691.3345581293104,1644.5917855575678
1829.9999999999998,1597.0466983318327,1693.0110880732534,1597.6393207907674,1699.0396577119825,1646.684191226959
1245.0,1702.7911579608915,1696.55588299036,1669.7636476159093,1703.5262861847875,1693.159243687987
1251.0,1647.422630190849,1696.7601412534711,1618.5372874140737,1703.3686661720274,1666.5221812576053
1450.0,1586.319181025028,1696.6642737388609,1633.7936091423032,1701.361781954765,1654.5347114652393
1749.9999999999998,1600.346786379814,1694.9431207776067,1627.301248013973,1700.982630252838,1655.893446356058
1265.0,1579.7904737293718,1694.188847839832,1570.8745069801805,1698.4936735033987,1635.8368755131958
1760.0,1608.1507763266561,1695.7611614465711,1629.4389784336088,1700.566916465759,1658.4794581681488
1247.0,1621.5375375747678,1689.0564811229704,1610.4946362972257,1694.6401160955427,1653.9321927726266
1263.0,1584.4464537501333,1687.8663420677183,1570.307074934244,1692.9517826437948,1633.8929133489726
1760.0,1647.445229589939,1686.6494292020795,1645.121665894985,1694.4131144881246,1668.407359793782
1349.9999999999998,1641.1808776855466,1689.168038666248,1614.0421661734579,1696.0743862390516,1660.116367191076
1235.0,1632.3689833283422,1693.15733641386,1649.0808790922163,1699.3055245280264,1668.4781808406112
1760.0,1603.8173775374887,1698.1070366501806,1617.1980211138723,1702.1523290872572,1655.3186910971997
1749.9999999999998,1637.3084634542463,1699.417945742607,1651.191403865814,1703.8290029764173,1672.9367040097711
1376.9999999999998,1583.9088183641431,1698.706856369972,1623.2851764559744,1701.9454798102377,1651.9615827500818
1186.0,1586.0851261019704,1699.0505975484846,1648.6952498555181,1699.4301810860632,1658.315288648009
1274.0,1678.1234100461004,1694.6562379598615,1661.9088450074194,1693.33957105875,1682.0070160180328
939.0000000000001,1697.6695871353147,1689.5630243420599,1644.8281615972517,1687.9607701301572,1680.0053858011959
1381.0,1674.0317672491071,1686.2452310323713,1620.996879339218,1686.9997918605802,1667.0684173703191
1272.0,1704.9609881639478,1687.5179946422575,1623.4442359209058,1694.047637581825,1677.492714077234
1303.0,1692.4335798621175,1684.3319112062452,1624.170871376991,1697.1450507640836,1674.5203533023594
1372.0,1683.1616365909574,1679.4580700993536,1647.7575907111166,1693.1240850687025,1675.8753456175325
1209.0,1603.945776671171,1676.8257439136503,1592.1463713049886,1689.0960660576818,1640.503489486873
1699.9999999999998,1541.145357340574,1680.7450842857359,1600.7247145473955,1689.4873091578481,1628.0256163328884
1767.0,1624.1584920883176,1686.7951017618177,1649.200065732002,1694.7158312797544,1663.717372715473
1163.0,1611.878381669521,1688.8656097650526,1599.8365725576875,1695.8495438098905,1649.107526950538
1435.0,1581.0037879645822,1685.408909320831,1609.7995248436926,1688.4788289666174,1641.1727627739308
1300.0,1610.0484061241148,1685.308867394924,1629.9378925561903,1688.5182699561117,1653.4533590078352
1275.0,1610.5114778876302,1682.8150165081022,1590.0528320670126,1687.5952932238577,1642.7436549216507
1829.9999999999998,1604.4939920306203,1684.18407946825,1572.996187508106,1686.9622221589086,1637.1591202914713
1400.0,1664.490646421909,1684.346881508827,1631.024535000324,1688.133072555065,1666.9987838715313
966.0000000000001,1568.518843501806,1684.4909706711767,1539.1688455641267,1686.9665405154226,1619.786300063133
1749.9999999999998,1523.009483516216,1686.1800238490102,1609.6193054318426,1689.0900203585622,1626.9747082889078
1760.0,1618.0291607975958,1688.985516130924,1624.0410327911375,1693.7323975563047,1656.1970268189905
1212.0,1615.6576633453367,1683.6903473734853,1611.9558241963384,1691.133322715759,1650.6092894077299
1324.0,1514.95819568634,1685.166649520397,1560.0773201882837,1692.0393139123914,1613.060369826853
1699.9999999999998,1599.1679470241068,1684.5928838849065,1631.6168695688245,1692.8415206074712,1652.0548052713273
1387.0,1616.2903025746343,1686.8831962347028,1600.0157843530176,1693.9930823445318,1649.2955913767216
1829.9999999999998,1622.8062707185743,1693.6265978217123,1658.3700957894323,1698.629845678806,1668.3582025021312
1749.9999999999998,1655.58561950922,1698.101998567581,1605.868380963802,1702.775323987007,1665.5828307569025
1240.0000000000002,1643.7151771783826,1702.327078580856,1576.89703091979,1704.941699504852,1656.9702465459702
1293.0,1660.1868283748624,1707.8220432996748,1629.8892390727995,1710.7228273153303,1677.1552345156667
1699.9999999999998,1641.0648578405378,1712.8870436549184,1618.8993096351621,1716.6127777099607,1672.3659972101448
1215.0,1685.7755377888677,1715.1335966587064,1627.392365336418,1720.1035931706426,1687.1012732386587
1760.0,1718.7395682930944,1714.5051318407056,1661.5884229540823,1722.126887142658,1704.240002557635
1353.0,1683.4015932679174,1710.5506688356397,1645.9634575247762,1718.5941836237905,1689.627475813031
1760.0,1666.5790036320684,1708.6906087398527,1611.6113632917402,1715.1572036743162,1675.5095448344944
995.0,1696.4585760235784,1699.129191637039,1639.1413179039953,1704.5009392499921,1684.8075062036512
1370.0,1656.8667319416998,1695.3627210855482,1622.5719279050825,1701.4910447597501,1669.0731064230201
1272.0,1615.2587911486623,1694.4659423828123,1629.805031120777,1701.5487667918203,1660.269632861018
1234.0,1627.8285193443296,1694.1921585798261,1638.7934023141859,1698.8863560557363,1664.9251090735195
1243.0,1661.9429600238798,1691.571923792362,1662.3572343587873,1696.7087528109548,1678.145217746496
1349.9999999999998,1653.636745214462,1692.2352233529089,1633.703211545944,1694.2504563927648,1668.45640912652
1699.9999999999998,1694.212742745876,1692.905288338661,1649.6080064773557,1696.1197289824484,1683.2114416360853
966.0000000000001,1662.4614506959913,1694.3186864256857,1575.5666172504423,1696.7232912778852,1657.267511412501
1151.0,1674.261935651302,1696.6012257337568,1623.1347537040708,1696.5888464450834,1672.6466903835533
1385.0,1682.097161710262,1696.7137908935545,1657.1490085124967,1699.0671512484548,1683.756778091192
1263.0,1637.7820432186124,1697.5839397311208,1638.8155698776243,1704.5639872550962,1669.6863850206134
1699.9999999999998,1636.0633373260496,1699.0989631414411,1632.3270952701566,1709.658496379852,1669.2869730293748
1699.9999999999998,1684.6331885457037,1701.9687989354131,1661.525087058544,1713.135205209255,1690.315569937229
1387.0,1715.533908307552,1707.0549592375753,1634.59696739912,1719.6788108348844,1694.216161444783
1133.0,1597.230660319328,1709.9694180488584,1580.0351805984972,1720.8768668770788,1652.0280314609406
1285.0,1646.4759024977682,1711.0377794504163,1649.9235343933103,1722.75981426239,1682.5492576509712
1749.9999999999998,1674.3886074423788,1713.860545158386,1651.5468046069143,1725.0925904512403,1691.2221369147298
1308.0000000000002,1653.935287594795,1715.8144575357435,1658.007065951824,1727.101058065891,1688.7144672870634
1349.9999999999998,1661.6736385226247,1713.127576112747,1662.2170317173002,1725.1903292536733,1690.5521439015863
1257.0,1637.5494277477262,1709.384856522083,1649.8452281951902,1721.7329090833662,1679.6281053870914
1263.0,1640.2383244037626,1704.9084481596944,1622.3873901367185,1711.9000113010404,1669.858543500304
1295.0000000000002,1681.014549732208,1703.95135641098,1640.4361051321027,1707.8780379891393,1683.3200123161075
1345.0,1627.7404248714445,1694.2536231875417,1590.441412180662,1701.6467934846876,1653.520563431084
1760.0,1615.1799091696737,1687.5734135508535,1607.4052840471265,1695.5327203869817,1651.4228317886589
1274.0,1610.6357026100156,1684.1930040717123,1640.2222025394437,1694.270176887512,1657.330271527171
1390.9999999999998,1596.246794760227,1680.4512920975683,1616.9521626830099,1687.936587333679,1645.396709218621
1276.0,1612.9650241136549,1681.2506198883054,1656.7938956618307,1690.0325736403463,1660.2605283260343
1315.0,1607.5855034589765,1682.5816813111303,1626.3568234443662,1688.5480666160581,1651.2680187076328
1261.0,1644.6220320463178,1678.8843044638631,1666.4914849400518,1688.96162122488,1669.7398606687782
1294.0,1631.7514583468435,1677.4206694960592,1623.1071162223814,1685.5535742640493,1654.4582045823333
1349.9999999999998,1659.9592509865759,1678.813627362251,1650.1714080572126,1686.5692517161367,1668.878384530544
1439.0,1620.6457969546316,1679.859101474285,1597.9105855524538,1688.0963665246961,1646.6279626265166
1400.0,1594.1823324561117,1682.3290574550626,1592.1172943711279,1693.507843017578,1640.53413182497
1749.9999999999998,1653.3203536272047,1681.5566474199293,1622.9353895783422,1696.8799036741254,1663.6730735749004
1272.0,1650.2687150239942,1682.4142730236051,1587.6723380386827,1697.1169814467428,1654.3680768832562
1749.9999999999998,1628.834408521652,1685.3412550687788,1618.4666103124616,1701.5186822414396,1658.540239036083
1298.0,1589.587457180023,1689.3895703554151,1570.8740031719205,1706.4015918970106,1639.0631556510923
1829.9999999999998,1675.0422626733778,1691.6575711965559,1623.711398243904,1711.2171351909635,1675.4070918262003
1799.9999999999995,1629.955022037029,1690.0347328186033,1573.1743916869161,1709.0963903069494,1650.5651342123745
1520.0,1565.578978359699,1691.5380966663358,1583.5035406053064,1709.2057886719701,1637.4566010758278
1457.0000000000002,1580.2037404477594,1693.1836783885954,1613.575351834297,1709.5272183418272,1649.1224972531197
1176.0,1619.007700383663,1689.6003061532972,1636.0915505886076,1704.1145902872083,1662.203536853194
1318.0,1622.703925669193,1683.5612285137174,1632.318746447563,1693.655530810356,1658.0598578602073
1964.9999999999998,1615.1980462670324,1681.8590763211248,1628.4346726536749,1693.1609350442884,1654.6631825715301
1295.0000000000002,1633.1519013643262,1687.8957068920133,1565.0471007823942,1699.163018763065,1646.3144319504497
1749.9999999999998,1676.0694557428358,1690.56099653244,1629.5843631029127,1702.524715363979,1674.6848826855419
1744.9999999999995,1652.573709785938,1694.8155853152273,1632.737914919853,1703.8726183772085,1670.9999570995567
1799.9999999999995,1607.6877045631406,1702.0258012413976,1625.9703305363653,1710.8186948299406,1661.625632792711
1900.0,1582.013275772333,1708.5293900966642,1628.511971235275,1717.669623494148,1659.181065149605
1227.9999999999998,1614.5723164081571,1714.6538272500036,1615.6828537583349,1721.822874844074,1666.6829680651424
1466.0,1658.5056921839712,1713.8143387436864,1666.2325274944303,1720.867222547531,1689.8549452424047
1256.0,1647.3936972022054,1712.3427867889402,1673.0517882108686,1719.1431906819341,1687.982865720987
1304.0,1648.7012955546377,1708.8217428326604,1675.1060304045675,1712.5679171085355,1686.2992464751003
1829.9999999999998,1658.0891147255895,1705.5949229001997,1687.9335644841192,1710.0045406818388,1690.4055356979368
1238.0,1693.1049403548238,1703.4816631674764,1720.876003205776,1711.2354162335394,1707.174505740404
1760.0,1704.2750892043111,1697.4127888679502,1659.6408441662786,1708.7476110458372,1692.5190833210943
1293.0,1701.3213333487508,1685.3449976444242,1668.3211725950239,1694.1663923859594,1687.2884739935396
1749.9999999999998,1665.1779848337171,1681.8672811985014,1648.8685598969457,1685.3185117244718,1670.308084413409
952.9999999999999,1638.781598806381,1686.9250842928884,1668.2893607020376,1688.2132500410078,1670.5523234605787
1388.0,1616.7977094650266,1693.4086647629736,1639.9851247668264,1695.486370027065,1661.419467255473
1227.0000000000002,1610.9440332651136,1699.1621550917623,1633.929061591625,1701.203154325485,1661.3096010684965
1964.9999999999998,1648.0818992853162,1703.8094264268873,1641.6593515872953,1705.9722033143041,1674.8807201534507
1359.0,1661.432962119579,1709.6392077207563,1645.9949815273283,1713.1760856509206,1682.560809254646
1270.0,1655.986362993717,1711.7563539743421,1657.072285711765,1718.0689275264738,1685.7209825515745
1200.0,1728.1060835719106,1708.0909329652784,1658.7927189469335,1716.107098162174,1702.7742084115741
1767.0,1732.7249976992605,1705.1725876331327,1672.3011139035223,1717.0980170369146,1706.8241790682075
1699.9999999999998,1767.7749383449552,1702.8458571434019,1666.206185519695,1716.6463169455526,1713.3683244884012
1900.0,1814.5543989539144,1702.57236123085,1665.3698638081548,1715.2896332740781,1724.4465643167493
1950.0,1733.122862279415,1704.7891175746915,1629.8414492607114,1713.822543621063,1695.3939931839702
1227.0000000000002,1679.974401593208,1709.3906143307684,1658.6980029940603,1716.7103725671766,1691.1933478713033
1546.0,1620.271539390087,1711.279607415199,1595.9042051434515,1717.517617344856,1661.2432423233984
1171.0,1646.3059031963346,1711.5833318233488,1669.5068493485448,1719.1502439975736,1686.6365820914505
1644.9999999999998,1632.567483782768,1708.2996535301206,1646.9635888934133,1712.9728350043295,1675.2008903026579
1400.0,1620.6339934468267,1708.8539865612981,1674.9782070517538,1714.117775261402,1679.6459905803201
1248.0,1607.4029809236524,1709.06673759222,1669.9286088347433,1716.232042610645,1675.6575924903152
1284.0,1624.274943768978,1706.8495494127271,1626.7968639731405,1710.7752233743665,1667.174145132303
1400.0,1666.9030243158338,1702.2670534253118,1663.1325232982633,1705.5039495229719,1684.4516376405952
2012.0,1627.9317280650137,1698.8997429609296,1628.5436391830442,1700.3617945313451,1663.9342261850832
1749.9999999999998,1618.2272294163702,1703.3224597573278,1620.415052771568,1705.2166348695753,1661.7953442037103
1749.9999999999998,1640.2047851681707,1707.8649389743803,1615.7663419842718,1711.047279834747,1668.7208364903925
1295.0000000000002,1663.8634771108625,1713.471893072128,1673.8460779190061,1718.6357837915418,1692.4543079733846
1274.0,1597.2166976332662,1718.7546825408933,1650.0539487600324,1726.4432284235952,1673.1171393394468
1900.0,1676.703822314739,1715.7105290889738,1682.688920497894,1726.3020181655882,1700.3513225167987
1749.9999999999998,1693.3909595012663,1714.750846326351,1677.873233258724,1722.4186640977857,1702.1084257960317
1200.0,1685.9504312276838,1714.7568920254705,1704.913342297077,1720.6086969375608,1706.557340621948
1829.9999999999998,1698.1050214171407,1716.6471806168554,1708.1116610765455,1723.0089834332464,1711.468211635947
1340.0,1730.0188276171682,1717.2392272949216,1706.022008359432,1725.208322405815,1719.6220964193342
1281.9999999999998,1703.7946000695226,1713.7273958325384,1679.7826665639875,1721.5561443567274,1704.715201705694
1699.9999999999998,1692.0154190063474,1707.711493372917,1673.907830417156,1711.618310511112,1696.313263326883
1950.0,1668.2595640420911,1704.5945036411283,1674.9949046969411,1706.9701755046842,1688.7047869712112
1349.9999999999998,1648.1809335947034,1709.440131485462,1666.4773783087728,1709.9889945983884,1683.5218594968317
2099.9999999999995,1665.4344952106474,1705.2134680747984,1648.3833205699918,1704.5058333873747,1680.884279310703
1162.0,1677.776502072811,1699.8638880252836,1630.9175837039945,1696.2851220369337,1676.2107739597557
1345.0,1661.2420907616613,1699.7061240673063,1622.4289903044698,1691.9481965899465,1668.831350430846
1274.0,1663.2478234171865,1702.185868322849,1682.7883866429327,1698.3369171619413,1686.6397488862274
1484.0,1715.26444286108,1707.9904592037199,1652.461720407009,1704.9429950118063,1695.1649043709037
1241.9999999999998,1783.87737005949,1713.7180393934248,1704.6327930688856,1714.1652771830557,1729.098369926214
1271.0,1736.2389883399007,1713.98534566164,1674.7637286782262,1715.3955769538877,1710.0959099084137
1878.9999999999995,1721.8486410379408,1713.933237493038,1709.8590120673177,1714.9130725860593,1715.138490796089
962.0,1670.6077423691747,1716.845393180847,1658.8891622424123,1720.335201025009,1691.6693747043607
1265.0,1665.9937223792074,1720.0274461507795,1672.8695535659788,1725.3869584202764,1696.0694201290605
1950.0,1704.595367312431,1716.8547496199606,1683.8139963150022,1723.5669150948522,1707.2077570855615
1358.0,1704.4351562857626,1717.4357125163076,1689.1297492384908,1724.5991462469099,1708.8999410718677
1760.0,1686.4549592137334,1716.720592677593,1668.3496737480161,1726.266031861305,1699.447814375162
1052.0,1709.4523668289182,1707.90812253952,1695.670907795429,1718.1345665454862,1707.7914909273384
1699.9999999999998,1705.6129160523412,1706.3090351223943,1640.5978995561597,1717.818462848663,1692.5845783948896
1195.0,1696.0001105070112,1711.6079464554784,1676.8553966283796,1725.5795571207998,1702.5107526779173
1475.0,1710.6088227033613,1710.2593237161634,1689.0790805220602,1724.4442611932752,1708.597872033715
1699.9999999999998,1726.75674110651,1706.7849180102346,1695.3431445360181,1716.9890505075452,1711.468463540077
1318.0,1731.7925205826757,1706.1879771947858,1702.0157250761984,1713.028829693794,1713.2562631368635
1247.0,1733.5200071334837,1709.6288436651228,1684.788937270641,1717.689200043678,1711.4067470282314
1699.9999999999998,1703.5840082168577,1712.4874517321584,1647.305314838886,1717.8607827425,1695.3093893826006
1234.0,1692.5831389427183,1715.318710207939,1674.9030676484106,1720.8939963579176,1700.9247282892463
1900.0,1657.289499044418,1714.2824485898016,1638.2980868220327,1719.617490172386,1682.3718811571596
1749.9999999999998,1670.8651164174078,1714.9758327007291,1673.9389225840566,1718.8459438085554,1694.6564538776872
1192.0,1676.851510107517,1715.3515297174451,1663.7013947963712,1720.2724409103391,1694.0442188829181
1300.0,1678.6978954076765,1715.6568375229833,1645.9212815761564,1719.8616212606428,1690.0344089418647
1185.0,1662.848807275295,1717.0808875560758,1634.81936275959,1721.7069989442823,1684.1140141338108
1829.9999999999998,1673.3222612738607,1716.749813556671,1631.1690559983251,1719.41999733448,1685.1652820408342
1400.0,1741.3385355472562,1717.36330807209,1705.4843729734419,1719.3608358502386,1720.8867631107566
1250.0,1633.9329481124876,1709.0972539782522,1552.6326175034044,1715.8645504713056,1652.8818425163624
1310.0,1637.3682007193563,1701.9355475902555,1618.4068730473516,1712.833352088928,1667.6359933614729
1254.9999999999998,1747.9318022727964,1697.5158536434171,1690.4179149866102,1713.0295494198797,1712.2237800806759
1248.0,1682.3096248507497,1695.100884735584,1664.7709077596662,1711.2298023700712,1688.3528049290178
1292.0,1635.6458961963651,1695.1113927364347,1654.2713996767995,1711.6732975840566,1674.175496548414
1482.0,1596.8120676279066,1695.2628231048582,1632.0128628611562,1713.5490477085111,1659.409200325608
1611.9999999999998,1573.9216832816599,1696.2200587987898,1647.3212927579877,1716.9838684797285,1658.6117258295415
1200.0,1589.9607071280477,1697.720831632614,1603.0030074715612,1717.1283894777296,1651.953233927488
1441.0,1669.7967550158498,1699.089030921459,1639.436405599117,1717.2216659784315,1681.3859643787143
1156.0,1660.763904750347,1702.2123542428014,1646.1395025253294,1720.1883769035337,1682.3260346055029
1834.9999999999998,1610.301749706268,1700.1415583491323,1613.4714233875272,1716.5151828527448,1660.1074785739181
1760.0,1599.28223952651,1696.2862735986707,1627.7895101904867,1712.6203131675718,1658.9945841208098
1351.0,1551.4064201712606,1696.2603634595869,1575.2547599375246,1710.0186473131178,1633.2350477203724
1986.9999999999995,1579.1899342834947,1698.9681169390676,1629.8636168241499,1710.8374077081678,1654.71476893872
1580.0000000000002,1577.831307351589,1704.9917924404142,1584.1351002454755,1717.0955699682233,1646.0134425014255
1260.0,1585.161069780588,1710.4903557896612,1613.4086632728574,1723.9908337593076,1658.2627306506035
1397.0,1625.36518484354,1709.3015122413633,1638.2315841317175,1722.1752527356145,1673.7683834880588
985.0,1660.3801468014715,1707.3231291770933,1635.9858947992323,1717.0903879404066,1680.194889679551
1230.0,1615.8354356884954,1704.6667641401289,1629.0369394421575,1714.4905933737753,1666.0074331611393
1300.0,1666.2143903970716,1700.5921068787572,1649.0625980496404,1712.872505187988,1682.1854001283643
1799.9999999999995,1626.0325148701666,1697.503762245178,1598.0261735618112,1709.397811591625,1657.7400655671952
1353.0,1611.4335909485815,1698.4510657191274,1608.6481070518491,1709.845193326473,1657.0944892615078
1919.9999999999998,1612.6595723628996,1692.1456894278524,1631.8394088745115,1705.315093398094,1660.4899410158393
1900.0,1584.5585870742796,1690.7787856459615,1603.3722269535062,1701.768859028816,1645.1196146756408
1549.0,1593.8565844297407,1693.369079828262,1617.257470488548,1702.6230299472807,1651.7765411734579
1699.9999999999998,1647.1204891800878,1694.8306995630262,1646.497494280338,1704.9870422482488,1673.3589313179252
1243.0,1606.5845803916452,1695.2714598178861,1589.514764845371,1705.0398701429365,1649.1026687994597
1329.0,1611.7770442366598,1699.0279981493948,1637.2130277752874,1709.5675230026243,1664.3963982909916
1373.0,1648.0975893139837,1703.7296807765958,1623.1970819830892,1715.9195375442503,1672.7359724044798
1900.0,1668.6410188674924,1705.5169045925138,1609.75446999073,1716.8154525756834,1675.181961506605
1272.0,1674.451943337917,1708.3975362777708,1644.8321920633314,1718.3856070041654,1686.5168196707962
1248.0,1658.654243648052,1710.205632150173,1655.3758913278577,1720.1728308200834,1686.1021494865415
1237.0,1642.0644134283064,1711.7934918403623,1618.8715282082555,1722.0101475715635,1673.684895262122
1253.0,1628.7242904305456,1711.8666160106657,1636.6584068536756,1721.5627658367155,1674.7030197829006
1203.0,1600.843109488487,1712.1988415718076,1632.7537488937376,1722.8517952561376,1667.1618738025425
1305.0,1590.7673761248586,1710.8103460073469,1591.9065585732458,1722.2099435329435,1653.9235560595987
1280.0,1726.4327204227445,1712.0062428712843,1624.8508685827253,1725.523274540901,1697.2032766044138
1241.0000000000002,1669.6921068429945,1711.810477375984,1594.880754649639,1728.2212397456167,1676.1511446535585
1279.0,1645.889325737953,1706.6221159696577,1620.00883936882,1723.6558732390401,1674.0440385788677
1411.0,1644.1241255402563,1702.673410773277,1615.026175677776,1718.0499267578123,1669.9684096872804
1760.0,1630.9027573466299,1700.1494753360746,1631.9249123334882,1713.9156761765478,1669.2232052981851
1301.0,1624.8878625035284,1696.384300291538,1628.9786416292188,1711.743254959583,1665.498514845967
1799.9999999999995,1606.850807070732,1688.728286027908,1605.809651315212,1704.3624639511106,1651.4378020912407
1236.0,1609.5103389024732,1685.7772651314733,1605.513268113136,1700.4806932806966,1650.3203913569448
1146.0,1581.6801145672796,1682.5832647085188,1587.723078727722,1693.172450661659,1636.2897271662948
1349.9999999999998,1607.5257661938665,1677.338908612728,1636.7724114656446,1690.375307202339,1653.0030983686445
1625.0,1566.9966228306291,1675.2406191825864,1575.2321605384348,1685.254600048065,1625.6810006499288
1337.0,1566.4791397750375,1677.9450619220731,1618.662375807762,1688.1717938184736,1637.8145928308365
1446.0,1547.9212185740469,1681.9648760557172,1578.3885912597177,1690.1101601123808,1624.5962115004656
1222.0,1538.2651574909685,1686.096247732639,1606.6682845354078,1696.0094669461248,1631.759789176285
1994.9999999999998,1570.467213988304,1685.7696360349653,1607.3766389489172,1697.031334042549,1640.1612057536838
1600.0,1564.2456138134,1688.6301153898237,1553.777845650911,1700.8363819122312,1626.8724891915915
1126.0,1602.0499461889265,1695.7864958047865,1596.9136929512022,1708.501032888889,1650.812791958451
1213.0000000000002,1665.6586179137228,1694.534172415733,1627.1940088272092,1707.3929426074026,1673.694935441017
1900.0,1672.735108733177,1694.7795990109441,1599.4014981389043,1704.53217536211,1667.8620953112838
1226.0,1652.5915589928625,1699.2544239759443,1606.6937628388403,1707.7703669667242,1666.5775281935928
1347.0,1634.3614730238912,1697.512398958206,1593.1602494418619,1706.781031489372,1657.9537882283328
1275.0,1573.5808929800985,1699.4380980730054,1556.2346306443212,1707.6675900816915,1634.2303029447792
1799.9999999999995,1593.7368220090864,1702.5454434752462,1603.7277716398237,1712.4589505791662,1653.1172469258306
1202.0,1611.2319236993787,1704.8554763197897,1588.501174598932,1714.273092150688,1654.715416692197
1172.0,1617.9607868194578,1703.5752275586126,1615.5557501316068,1713.1333339214323,1662.5562746077774
1760.0,1616.5466690063474,1698.6246636509893,1612.8420948982236,1705.4239159822462,1658.3593358844516
1246.0,1620.648531913757,1687.413346469402,1609.886755645275,1695.0558298826215,1653.251115977764
1306.0,1601.4473915100095,1686.5145525336263,1567.2620578110216,1694.720725417137,1637.4861818179486
1225.0,1614.6327733993528,1688.9860919117925,1576.8803332746027,1698.7471610307691,1644.8115899041293
1878.9999999999995,1688.4239858388898,1697.3683097958562,1599.784536361694,1707.5527217984197,1673.282388448715
1501.0,1664.3871498107908,1708.828940093517,1601.003896296024,1720.9371799230573,1673.7892915308473
1307.0,1631.9991880655286,1717.56310403347,1624.2006680369375,1731.506069600582,1676.3172574341295
1380.0,1621.3374537229536,1720.4621607065199,1628.0881965160368,1733.5771533846853,1675.8662410825489
1479.0,1672.5207743048666,1723.070448040962,1657.7296835184095,1736.338022649288,1697.4147321283815
1236.0,1698.4297618269918,1722.4170807003973,1670.2658724784849,1737.5750878453252,1707.1719507127998
1268.9999999999998,1705.1345860958097,1719.3344938755033,1630.6404891610143,1730.8207464218137,1696.4825788885353
1638.9999999999998,1738.7495368719099,1717.900799512863,1665.2313885092733,1729.6061366796491,1712.8719653934238
1332.0,1679.2568346858022,1718.9382126927374,1590.7065592706201,1731.7271694540975,1680.1571940258143
1425.0,1663.3382210135458,1722.0000714063642,1627.100300490856,1736.2562617659567,1687.1737136691806
1320.0,1689.0243813395498,1723.0549019575117,1649.0303543210027,1738.8573518395422,1699.9917473644016
1900.0,1647.6771253347395,1722.4864622950552,1649.9508839845655,1740.5132976174352,1690.1569423079488
1799.9999999999995,1662.4073272943494,1724.4811111688612,1666.5222892165182,1739.7449180483816,1698.2889114320276
1245.0,1669.869591295719,1725.749268531799,1701.9264790415762,1739.7077801823614,1709.3132797628639
1760.0,1618.6655426025388,1726.5324744582174,1597.8734476864336,1738.2254323363302,1670.32422427088
945.0,1661.275342106819,1724.9089163541792,1669.5734959840772,1735.2721083164213,1697.7574656903741
1225.0,1630.7317504286764,1719.9623829126356,1641.9173014163969,1730.900204181671,1680.877909734845
1760.0,1585.8474725484846,1717.699995934963,1653.3056712150571,1727.9455846548078,1671.1996810883281
1479.0,1588.2260952889917,1719.016087055206,1675.4494836926458,1730.8669528365133,1678.3896547183392
1683.0,1623.60617429018,1725.4380589723585,1634.125690758228,1738.6358201503751,1680.4514360427854
1265.0,1648.268308341503,1728.769814968109,1648.790685534477,1741.6796857118604,1691.8771236389873
1399.0,1645.1156201958654,1726.4705780148504,1668.0735868215559,1739.9090155959127,1694.892200157046
1200.0,1644.3531423807142,1724.3912893533704,1653.1483390927312,1739.6869081258772,1690.3949197381733
1332.0,1639.743728637695,1725.4655525088308,1672.184662222862,1741.871420741081,1694.8163410276172
1400.0,1655.709556341171,1724.9961471557615,1650.9999567270277,1741.436994075775,1693.2856635749338
1231.0,1682.025333046913,1726.6987311840055,1661.310176849365,1741.451244652271,1702.8713714331386
1218.0,1700.3708630800245,1729.5019203424451,1686.408896744251,1742.6693090796468,1714.7377473115919
1139.0,1731.1588737368581,1730.2121460437772,1671.3136497139928,1741.5135729312894,1718.5495606064794
1172.0,1730.5511370301244,1724.388698339462,1662.3163539171217,1735.7357558608053,1713.2479862868784
1699.9999999999998,1722.8171044588087,1718.332923054695,1649.8101055622099,1730.9369102120397,1705.4742608219383
1918.9999999999998,1767.0886075496671,1719.9347454309461,1679.4787982106207,1734.4182252883909,1725.2300941199062
1353.0,1740.7902482151983,1726.7236337065694,1618.4150779247282,1744.1500735282896,1707.5197583436964
1293.0,1678.3106827735899,1733.3310070633886,1633.7854042649267,1748.96072268486,1698.5969541966913
1120.0,1683.4155559539793,1736.0268130898473,1697.7071568369863,1751.2816953659055,1717.1078053116796
1300.0,1670.9047013521192,1733.0691707134245,1659.8043659329412,1745.4288828372953,1702.301780208945
1429.0,1699.9313983321188,1727.5861534476278,1690.134198963642,1738.5773783922193,1714.057282283902
1200.0,1707.7772763371465,1724.624192714691,1642.938160896301,1733.8303530216215,1702.29249574244
1829.9999999999998,1734.23152834177,1722.2470813989637,1647.2255691885946,1729.7768557071684,1708.3702586591241
1829.9999999999998,1731.7324954271314,1717.176611125469,1666.689409613609,1724.7092643380163,1710.0769451260564
1900.0,1720.5570206046102,1712.275132536888,1683.8381791114805,1719.843484163284,1709.1284541040657
1185.0,1633.3337041735647,1707.1103781461713,1547.2163188457487,1716.8045127391813,1651.1162284761665
1425.0,1682.237220406532,1702.0507037639616,1623.832168281078,1716.7788904905317,1681.2247457355259
1268.9999999999998,1673.6033862829206,1699.2207407951353,1641.2488198280332,1717.3353826999662,1682.8520824015138
1050.0,1729.9474307894704,1701.1212494969366,1652.135108709335,1719.5800644159315,1700.6959633529184
1559.0,1713.5853219032285,1702.1526169776914,1666.1556607484815,1720.6347510218618,1700.6320876628158
1363.9999999999998,1681.157919168472,1703.550612926483,1635.871602296829,1721.2492531538007,1685.4573468863962
1608.9999999999995,1702.0627951622007,1706.1042010784147,1672.6503250002859,1724.4718986749647,1701.3223049789665
1919.9999999999998,1682.4534261226652,1707.361850440502,1648.5382056236265,1724.3481057882307,1690.675396993756
2099.9999999999995,1630.7146209478376,1709.456397294998,1633.7068101763723,1724.4074112176893,1674.5713099092243
1450.0,1606.574000418186,1705.2317491173742,1649.8256516456602,1716.9175097346304,1669.6372277289627
1699.9999999999998,1626.760445833206,1702.6748502254484,1638.1660890579221,1713.9546853303907,1670.3890176117418
1829.9999999999998,1652.8214395046232,1704.3077647686002,1637.8648117184637,1713.3829349279401,1677.0942377299068
1760.0,1698.0894753336904,1704.6899393200872,1662.0087429881094,1714.1573601961134,1694.7363794595
1173.0,1707.2622403502462,1708.896162509918,1632.5484830141065,1716.487113535404,1691.2984998524187
1121.0,1752.9373532533643,1708.011187314987,1691.1421033740041,1718.3866146206854,1717.6193146407602
1285.0,1711.2179988622663,1704.6540969610212,1664.4170904159544,1712.2552680969236,1698.1361135840414
1252.0,1670.3031542897222,1706.396697759628,1695.2092754840849,1712.491338253021,1696.100116446614
1100.0,1603.5002662241457,1709.7146350145338,1650.925393104553,1715.182969868183,1669.8308160528538
1026.66,1594.616039395332,1710.9315478801725,1667.5219887495039,1715.6820279359815,1672.1879009902475
1320.0,1598.0816644430158,1705.4295298457143,1666.6905611753461,1713.793178796768,1670.998733565211
1319.0,1577.3335447907446,1701.4154735207555,1642.2834980487821,1709.494542777538,1657.631764784455
1600.0,1587.2494989633558,1698.8378465175626,1636.3414394855497,1710.8991602063177,1658.3319862931965
1250.0,1635.7040500640867,1699.3569129705427,1625.5387827754018,1713.3452212810514,1668.4862417727707
1213.0000000000002,1657.7568891644476,1696.830674409866,1635.7702648639677,1712.6849445700643,1675.7606932520864
1256.0,1632.9752805829046,1696.8010216951368,1618.6561861634252,1711.456660032272,1664.9722871184347
1216.0,1646.0509762167928,1698.0513298511503,1653.6001831293104,1711.9904088973997,1677.4232245236633
1428.0,1705.7033136487005,1700.3697115182874,1656.428274810314,1717.331928014755,1694.9583069980142
1300.0,1677.4061310291288,1702.7082455158231,1608.2672280073164,1723.327822089195,1677.9273566603658
1829.9999999999998,1670.4456600546835,1701.1100217700002,1602.182951569557,1720.8689498901365,1673.6518958210943
1812.0,1652.1028649806974,1697.8333967924116,1633.5844567418096,1716.8546056747434,1675.0938310474155
1718.9999999999998,1583.0334155261514,1699.7982490062711,1547.7838228642938,1717.2392272949216,1636.9636786729095
1227.0000000000002,1572.5150506198404,1706.5829628705976,1553.4609502553938,1723.8428580760954,1639.1004554554818
1263.0,1652.2601971030233,1709.3862959742544,1617.5790441036222,1728.7673678994176,1676.9982262700794
1160.0,1659.4681099057195,1709.9086731672285,1636.0082063078878,1730.0031375885007,1683.8470317423341
1126.0,1615.0286227464674,1703.4299868345258,1637.1858221292493,1723.7634003162382,1669.8519580066202
1259.0,1597.4033945798872,1697.7585452795026,1631.9443449378011,1715.8045253157613,1660.727702528238
1156.0,1602.7032415568826,1696.4958578348158,1613.2711955904958,1710.6318539381025,1655.7755372300742
1200.0,1598.9373467862604,1692.93796390295,1624.0240472555158,1706.2436839938161,1655.5357604846356
1550.0,1568.7791684269903,1690.7356020808218,1589.7344252467153,1702.21091479063,1637.8650276362894
1600.0,1572.5770910084245,1688.7665754556654,1600.7607008516786,1699.9803397059438,1640.521176755428
1094.0,1582.1911200881002,1690.8511900901792,1570.5404101312158,1702.1713298559187,1636.4385125413535
1118.0,1603.6221158504484,1690.0740298628805,1622.3241981863973,1699.526768326759,1653.8867780566213
1496.0,1627.5373181700704,1688.26334297657,1630.2452155947683,1697.3553547263143,1660.8503078669307
1292.0,1616.7713674902914,1687.3544728755949,1613.6291873455045,1699.0364909172056,1654.197879657149
1778.9999999999998,1579.1186094284055,1687.4320593476293,1547.5809320807455,1702.077189683914,1629.0521976351736
1760.0,1617.3860135674474,1695.1188778877256,1589.399752616882,1709.2050689458845,1652.777428254485
1189.0,1643.2450520992277,1701.8759542703626,1608.0298623442648,1715.6997331976888,1667.212650477886
1118.0,1657.7325624227522,1700.9561443328855,1633.029979765415,1718.2491469383237,1677.491958364844
1900.0,1589.5837146043775,1699.186769723892,1585.9802620112894,1716.4974775910375,1647.812055982649
1279.0,1653.7010887265203,1705.2341961860654,1646.080484986305,1722.1915185451505,1681.8018221110103
1200.0,1623.70707988739,1708.634470105171,1605.6998930871484,1726.9097548723219,1666.2377994880078
1063.0,1565.2310627698896,1709.3613934516904,1603.8206163048742,1728.6247181892393,1651.7594476789234
1213.9999999999998,1575.9634742140768,1709.584652483463,1613.029223680496,1725.1841396093366,1655.940372496843
2099.9999999999995,1636.1131423711774,1711.2128168344495,1625.9401020407674,1723.9191490411756,1674.2963025718925
1349.9999999999998,1615.2576395869253,1705.472713410854,1569.092033356428,1716.308045685291,1651.5326080098746
1719.9999999999998,1601.5570777654646,1696.8313941359518,1530.3197413682935,1705.8399176597593,1633.6370327323673
1088.0,1645.44971704483,1698.5408875346182,1568.8559632003305,1704.363903403282,1654.3026177957652
1381.0,1735.3645211458204,1701.4385047554968,1640.6517350673673,1708.9682790637014,1696.6057600080965
2007.0,1666.753321290016,1705.7192915678022,1591.8468213081358,1714.690101444721,1669.7523839026687
1699.9999999999998,1620.1355111598966,1715.3781595826147,1646.5806946158407,1725.3410398960111,1676.8588513135908
1760.0,1618.346416056156,1721.1292028427122,1651.756100952625,1731.2082469463346,1680.609991699457
1600.0,1582.8883907198904,1723.2146811485288,1647.8429502248762,1731.5807771682737,1671.3816998153923
1824.9999999999995,1587.2030766308305,1723.1234198808668,1655.6138327717779,1729.5871359109876,1673.8818662986157
1104.0,1615.1907050609586,1726.0385984182356,1625.9642848372457,1730.6703236699102,1674.4659779965875
1839.0,1677.2823381423948,1725.1631236076353,1668.639435470104,1728.7141081690786,1699.9497513473032
1297.0,1699.525472819805,1728.9301699399946,1699.9552932381628,1732.8326687216756,1715.3109011799095
1116.0,1681.2114667892454,1729.889420866966,1646.7224806547163,1735.6925722956655,1698.3789851516483
1550.0,1693.189868032932,1723.6580324172971,1676.196847259998,1731.4450368285177,1706.1224461346862
1250.0,1697.1272015571592,1715.5644246935842,1712.0952010154722,1723.8417065143583,1712.1571334451435
1900.0,1649.1417679190633,1712.177537679672,1645.5002418160436,1719.6953645348547,1681.6287279874084
1299.0,1662.1498093008993,1715.3348320722578,1666.1252883076666,1722.581754028797,1691.5479209274051
1610.9999999999998,1614.6631458401678,1716.2442779541013,1638.1216099858282,1726.5639984607694,1673.8982580602167
1050.0,1513.5491159558294,1721.0782462358472,1638.4053260087965,1731.923078894615,1651.238941773772
1754.9999999999998,1641.2282356619833,1724.5196884870527,1699.2620530724523,1736.1498862504957,1700.289965867996
1250.0,1723.0459773540495,1729.0896612405775,1710.6427937746046,1741.0333716869352,1725.9529510140417
1428.0,1701.8805605173109,1729.4575852155683,1702.1485865116117,1743.7133437395094,1719.300018996
1373.0,1728.9650046825407,1729.7653400897977,1666.2014353275297,1742.958207130432,1716.972496807575
1071.0,1731.4981526136396,1722.308114171028,1686.2997862696645,1734.782118797302,1718.7220429629085
1165.0,1714.4202041625974,1709.6429502964018,1686.1893802881239,1720.9165957570074,1707.7922826260326
1181.0,1696.8404626846311,1699.812211692333,1676.1563986539838,1705.952482819557,1694.6903889626262
1345.0,1669.1767829656599,1699.1775572299955,1675.1602977514265,1703.676708936691,1686.7978367209432
1128.0,1605.5642966926096,1698.3772218227384,1603.2269862294195,1703.960137069225,1652.7821604534981
1252.0,1581.031353473663,1693.8515841960905,1628.3786779642103,1701.51263654232,1651.193563044071
1227.9999999999998,1522.7587309479711,1692.6014199852941,1593.8934344053266,1701.2224429845808,1627.6190070807932
1829.9999999999998,1509.1439604759214,1698.0863085389135,1603.1088791787622,1706.4131075143812,1629.1880639269946
1361.0,1634.4392034411428,1701.7744728922842,1654.794064760208,1710.9672462940214,1675.493746846914
1051.0,1599.7989308834074,1705.8246594667432,1591.0551226139066,1716.543684005737,1653.3055992424486
1497.0,1579.0860778093336,1703.868731856346,1619.422550499439,1712.810464799404,1653.7969562411306
750.0,1618.7294542789457,1704.9072965979574,1641.6085389256475,1717.0664930343626,1670.5779457092283
1113.0,1618.1903794407842,1704.5901852846143,1615.575470626354,1720.8529719710348,1664.8022518306968
1437.0,1669.4443771243093,1703.381333351135,1624.6785661578176,1717.7035945653913,1678.8019677996633
1203.0,1647.0693886280058,1699.9116778373716,1642.778381705284,1716.3234478235242,1676.5207239985464
1121.0,1565.0342176854608,1697.4159556627271,1569.6727083623407,1713.2325121760366,1636.3388484716413
1010.0,1542.602010965347,1696.289872229099,1609.7323024272916,1712.680194377899,1640.3260949999092
1999.9999999999998,1558.8917154073713,1696.8702593445776,1597.9837816953657,1712.3332864046095,1641.519760712981
1749.9999999999998,1533.4475989639757,1703.5455748438833,1549.4902214407919,1717.8724423050878,1626.0889593884347
1187.0,1515.2074368298051,1711.3551786541937,1519.2088979482648,1723.6419105529783,1617.3533559963105
1550.0,1568.0993151664732,1712.1640068292616,1619.3782153725622,1725.453892946243,1656.273857578635
1122.0,1556.9067108631132,1708.0784097313879,1591.8925239145753,1720.3065559267995,1644.296050108969
1000.0000000000001,1587.0810830593107,1704.2611265182493,1615.7962825894354,1715.9797066450117,1655.7795497030017
1900.0,1637.1758899092672,1703.5065656900404,1625.3805869817731,1710.6728783249853,1669.1839802265165
1699.9999999999998,1681.2735071778295,1709.1195654869077,1624.2834365367887,1714.90299642086,1682.3948764055965
1160.0,1659.3276193737981,1714.967052042484,1559.2614386975763,1721.7285907268522,1663.8211752101777
1600.0,1646.8718957900999,1722.0127385854719,1579.2901921272276,1730.5520007014272,1669.6817068010566
1859.9999999999998,1687.5958690047262,1726.573210954666,1625.7070547342298,1736.254390478134,1694.032631292939
1785.0,1701.7445322871206,1730.8207464218137,1623.5579526424406,1740.2825534343717,1699.1014461964367
1829.9999999999998,1630.6820893287656,1733.0559277534483,1596.3117140531538,1742.8485208749769,1675.7245630025861
1400.0,1644.5205506682394,1730.6736344099043,1650.3442862629888,1740.9314584732053,1691.6174824535844
1444.9999999999998,1664.475244283676,1727.850292921066,1659.6309119462965,1739.350076317787,1697.8266313672063
1300.0,1685.3529146313665,1722.8841829299924,1642.578729689121,1733.581183850765,1696.0992527753112
1749.9999999999998,1719.4957125186918,1719.5530027151106,1665.6514206528661,1728.3853372931478,1708.271368294954
1137.0,1724.5401287078855,1722.6856824755666,1668.3531284332273,1729.8669654130933,1711.3614762574432
1760.0,1735.3745973110197,1727.5533339381216,1685.1771575212476,1735.8845952153204,1720.9974209964273
1469.0,1743.1143876910207,1720.7583999633787,1678.3790567517278,1729.3165189027784,1717.8920908272264
1829.9999999999998,1711.0357642173765,1718.6683154106138,1653.6989295482633,1726.9817274808881,1702.5961841642854
1124.0,1721.7270073294637,1715.2668899297712,1690.194080173969,1722.4391043186185,1712.4067704379556
1132.0,1709.6068200469015,1709.9659633636472,1677.4449962377546,1717.3260262608526,1703.585951477289
1719.9999999999998,1686.7108938097952,1707.3720705509184,1653.480276763439,1715.4476851224897,1690.7527315616605
1834.9999999999998,1676.6302663087843,1715.838784277439,1661.6675928235052,1726.9214144349096,1695.2645144611595
1250.0,1668.2798603177068,1722.3520174622533,1671.8869835138319,1734.8434394598005,1699.3405751883981
1213.9999999999998,1667.1347761154173,1726.2917980551717,1667.765400111675,1738.7793335318563,1699.99282695353
1104.0,1693.7495270371435,1730.116422474384,1679.4841241836546,1740.3006905317304,1710.9126910567281
1157.0,1729.778583049774,1726.0842290520666,1700.5197024345396,1736.8945148587225,1723.3192573487756
1699.9999999999998,1741.296935379505,1721.2535715103147,1692.9290392994878,1731.8577277660368,1721.834318488836
1176.0,1809.9210903048513,1723.606787919998,1760.8215206861494,1736.1775237321851,1757.631730660796
1386.0,1785.273638665676,1729.6720635890958,1707.8204599022863,1744.864041805267,1741.9075509905813
1099.0,1747.0206290483472,1734.34999525547,1680.7491147518156,1750.7623410224912,1728.220520019531
1250.0,1693.143085837364,1729.2805325984953,1676.4228412508962,1743.7065783143041,1710.638259500265
1094.0,1659.7875243425367,1724.5078849792478,1685.9114220738409,1737.111152410507,1701.829495951533
1420.0,1611.2509244680402,1720.4497814178465,1635.8600866794584,1730.33349186182,1674.4735711067913
1217.0,1634.0031933784483,1714.7538691759107,1652.005701959133,1726.589620709419,1681.8380963057277
1415.0,1625.7260555028913,1712.18516677618,1629.4420012831686,1723.064978122711,1672.6045504212377
1900.0,1589.3250450491903,1711.5810286998747,1628.5089483857153,1725.3750109672544,1663.6975082755087
1889.9999999999998,1573.7169212102888,1716.6339376568792,1637.9775208234785,1730.8659452199934,1664.79858122766
1141.0,1619.1340842843053,1724.0168878436086,1656.6351240873335,1739.9121823906896,1684.9245696514843
1261.0,1626.2359094619749,1726.423507928848,1615.5795010924337,1740.7739824056623,1677.2532252222297
1600.0,1645.2254503965376,1727.3482120037077,1622.3724198341367,1744.7681742906568,1684.9285641312597
1900.0,1724.1317561268804,1730.584388375282,1642.638323009014,1747.8232675790784,1711.2944337725637
1834.9999999999998,1804.414609968662,1737.6860696077345,1714.7767564654348,1752.8756007552145,1752.4382591992614
1699.9999999999998,1802.2601819038389,1738.0833584070203,1717.2003620862959,1752.182360589504,1752.4315657466648
1834.9999999999998,1626.0174006223676,1730.2492839097974,1525.5410480499265,1746.6347119212148,1657.1106111258266
1749.9999999999998,1638.371067047119,1719.8302412033079,1624.803798496723,1737.389254570007,1680.0985903292892
1749.9999999999998,1713.412011861801,1717.7012914419172,1658.169004321098,1734.669121801853,1705.9878573566673
1250.0,1716.9717770814893,1719.2000490427015,1664.1684970259664,1734.6046343445776,1708.7362393736837
1505.0,1736.1182183027265,1719.2628091573713,1680.3234687447546,1735.6233346462247,1717.8319577127693
1128.0,1662.1827727556226,1717.4940103292463,1657.3868060111997,1734.0576425194738,1692.7803079038856
1699.9999999999998,1620.8087429404256,1712.812767922878,1661.4094990491865,1726.0537126660345,1680.2711806446312
1150.0,1561.7196631431577,1712.7615234255788,1669.0100944042204,1724.2451849579809,1666.9341164827345
1106.0,1582.4066060781477,1711.2583035230634,1692.4440878629682,1724.8228371143339,1677.7329586446283
1025.0,1616.375662088394,1704.684181511402,1666.491628885269,1720.2106884121893,1676.9405402243135
1200.0,1667.4098554253576,1699.7960898280141,1679.918982684612,1713.2323682308195,1690.0893240422008
1498.0000000000002,1670.4715701937673,1695.9744882583616,1690.1064175367353,1708.8061967492101,1691.3396681845186
1150.0,1655.9280651807783,1693.8366138935087,1657.0322689414022,1704.5657145977018,1677.8406656533477
1760.0,1653.9164307713506,1694.0643352270124,1653.9908504486082,1702.8185075521467,1676.1975309997795
1125.0,1614.120472371578,1698.2380267977712,1627.068920433521,1706.5390595793722,1661.4916197955606
1699.9999999999998,1634.9264580011366,1704.3247503042219,1635.1818168163297,1714.2880624532697,1672.1802718937395
1120.0,1645.1524701714513,1710.658483803272,1613.5268422961233,1722.6456657052038,1672.9958654940126
1699.9999999999998,1666.408140659332,1712.4691706895826,1622.863416969776,1725.6534010171888,1681.8485323339698
1136.0,1676.7637035250661,1715.2979820966718,1619.9236238002775,1729.4729873538015,1685.3645741939542
1200.0,1676.2334093451498,1710.0029572844503,1634.647780060768,1725.3685334324834,1686.5631700307129
1760.0,1674.9019160866735,1704.4338607788084,1621.4664286375044,1717.2723346948621,1679.518635049462
1760.0,1671.8812257051466,1704.0341249108312,1639.9881476163862,1715.0996255874632,1682.7507809549568
1600.0,1649.7660583257673,1704.1708728671072,1589.6453231573103,1714.7282469272611,1664.5776253193615
1250.0,1635.9550905227659,1705.624575614929,1594.8392264544962,1716.5726169943807,1663.247877396643
1122.0,1617.6226595044134,1705.1704284548757,1587.1555027365682,1717.011649906635,1656.740060150623
1550.0,1636.5609559416769,1703.488716483116,1610.6476500630376,1712.4575111269949,1665.7887084037063
1163.0,1641.060683429241,1699.5355489850042,1642.4791195988653,1708.8063406944273,1672.9704231768844
1193.0,1576.3613387942312,1698.2188820838926,1560.6122925877569,1705.3516554832456,1635.1360422372816
1241.0000000000002,1637.6527804136274,1694.1391867399213,1637.1243575215337,1705.047067403793,1668.490848019719
1250.0,1610.5972692370412,1692.3781609535215,1567.4869002401826,1706.0641843080518,1644.1316286846993
1215.0,1532.50713288784,1695.7614493370054,1595.029594004154,1708.7543764710424,1633.0131381750105
1193.0,1589.1907441616056,1701.9974440336225,1615.0932541489599,1714.755164682865,1655.2591517567632
1361.0,1654.3603578209875,1710.2529901266096,1603.9606030285356,1724.8724982142446,1673.3616122975943
1101.0,1621.482262611389,1716.725054979324,1611.2660387158392,1733.8019958138464,1670.8188380300996
1078.0,1652.2863951325414,1713.2420125603674,1633.0594885349271,1729.498609602451,1682.0216264575718
1699.9999999999998,1643.4077101945875,1709.2409113049505,1624.8900216817854,1722.9512614011762,1675.122476145625
1119.0,1614.9824163317678,1708.3310335874555,1608.3291244506834,1723.6358648538587,1663.8196098059414
1403.9999999999998,1603.4874550998209,1707.1302425861356,1587.8203856945036,1723.3214884996412,1655.4398929700253
1139.0,1615.7083320617674,1707.9616701602934,1582.9194109141824,1725.086832642555,1657.9190614446995
1470.0,1647.5796744227407,1705.7410272955892,1629.2766082286832,1723.9680904150007,1676.6413500905035
1121.0,1644.9162560701368,1703.8944980502126,1624.7860932350156,1718.9544785022733,1673.1378314644096
1154.0,1628.6999636888502,1705.3690728545187,1608.7907567620275,1716.610906422138,1664.8676749318836
1149.0,1616.7208427190778,1708.2972064614294,1627.7386975288389,1717.4011656641958,1667.5394780933855
1769.9999999999995,1584.1325092315672,1708.5666719079015,1582.482897043228,1714.3940061330793,1647.394021078944
1600.0,1563.7692990899084,1710.8247405290601,1577.6394283771513,1717.9592412710188,1642.5481773167846
1152.0,1512.2029402852056,1714.5169353485105,1548.8434755802152,1722.6213389635084,1624.54617254436
1205.0,1540.025247633457,1717.3097604513166,1565.8164879679678,1725.2162393927572,1637.0919338613746
1139.0,1614.5036545395849,1723.0787968635557,1619.44961220026,1733.150067925453,1672.5455328822134
1335.9999999999998,1634.0364447236059,1724.5988583564756,1609.7288477420805,1733.5368487238882,1675.4752498865125
1160.0,1636.326613128185,1724.7453945875166,1624.0316763520239,1736.0574734210966,1680.2902893722055
1710.0,1628.9697170257566,1720.5715590715406,1624.519362747669,1733.0128881335256,1676.768381744623
1300.0,1619.051171839237,1719.1218867897985,1608.6619257926939,1732.1263295412061,1669.7403284907339
1209.0,1599.8254887759683,1718.077852129936,1608.3746111392973,1731.7133507132528,1664.4978256896136
1774.9999999999998,1604.233019351959,1719.652324914932,1600.588038563728,1729.072819650173,1663.386550620198
1385.0,1632.467585802078,1711.619462072849,1647.2366529703138,1719.2846888303754,1677.652097418904
1202.0,1564.7453196346758,1712.6136916875837,1555.6543874740598,1721.1885082721708,1638.5504767671225
1250.0,1606.2663894891737,1712.0989435911176,1655.757346153259,1722.0136022567747,1674.0340703725813
1373.0,1638.9213696122167,1712.6044791936872,1653.940757513046,1720.9590595960615,1681.6064164787529
1133.0,1679.9672043323515,1717.38086938858,1648.6827266216276,1725.561276078224,1692.8980191051958
1399.0,1635.7917127013204,1720.4391294717786,1611.5216854214666,1727.669929563999,1673.8556142896412
1179.0,1662.1785983443258,1719.5406234264372,1649.269591271877,1726.878518760204,1689.466832950711
1227.0000000000002,1648.5976549983022,1712.519551515579,1648.034829199314,1721.6764825582502,1682.7071295678613
1769.9999999999995,1601.6001173853872,1706.4469346404073,1611.951074004173,1717.8858292102811,1659.4709888100622
1428.0,1619.9364349246023,1708.9713019132612,1657.490158677101,1721.4198282361028,1676.9544309377668
1130.0,1674.8218825459478,1712.0248118042944,1693.7719824910162,1724.010842144489,1701.1573797464368
1376.9999999999998,1643.523442149162,1713.0695661902425,1631.9662246108053,1722.4159291386602,1677.7437905222175
1600.0,1631.249233484268,1716.2452855706213,1637.3137894272802,1727.8158900141714,1678.1560496240852
1250.0,1599.7484780848024,1721.362394094467,1622.8435525298116,1733.9391756057737,1669.4734000787137
1240.0000000000002,1610.1229697465894,1725.233512818813,1630.430617034435,1736.052579283714,1675.459919720888
1710.0,1665.1717951893804,1727.9026889801023,1656.716165244579,1739.7492364048956,1697.3849714547393
1200.0,1656.3531354069708,1730.0850424170492,1671.675384044647,1743.7605577707288,1700.468529909849
1239.0,1653.7232562899587,1733.4100329875944,1687.7746489644048,1747.9404389858244,1705.7120943069456
1140.0,1681.691092252731,1736.5005367994306,1663.4234365820882,1751.3990107178686,1708.2535190880296
1203.0,1698.4573993086813,1738.8086983561514,1665.056207180023,1753.5557419061658,1713.9695116877554
1055.0,1696.8470841646192,1733.6725890636442,1664.681661725044,1747.6954442262647,1710.724194794893
1227.0000000000002,1672.6946601271627,1727.5665768980978,1662.152832150459,1743.027876615524,1701.360486447811
1105.0,1642.075929045677,1723.074910342693,1634.3843603134153,1739.4291022419927,1684.7410754859445
1234.0,1632.446857690811,1719.5455175638197,1614.706905186176,1735.7187703251836,1675.6045126914976
1153.0,1663.499295711517,1720.3750738501546,1669.5821326971052,1739.5094236731527,1698.2414814829824
1175.0,1648.3001202344892,1718.2753449678419,1645.121809840202,1737.556374967098,1687.3134125024078
1151.0,1654.9034631252287,1714.8968067765234,1641.659063696861,1730.9875789284704,1685.6117281317709
1200.0,1660.6503319740293,1709.6358969807623,1642.588374018669,1726.9048607349393,1684.9448659271
1250.0,1655.8307582139967,1702.445401549339,1629.3128824234007,1718.645859956741,1676.5587255358694
1193.0,1649.1096681356428,1697.7530753612516,1616.375806033611,1712.618297934532,1668.9642118662593
1767.0,1591.7890992760656,1700.374749600887,1554.1247536242006,1712.1013906598089,1639.5974982902405
1294.0,1629.7196716070173,1704.521523416042,1627.5328558683393,1715.134316384792,1669.2270918190477
1829.9999999999998,1613.1825253367422,1707.7569800615308,1592.357538938522,1715.7578870654104,1657.2637328505514
1710.0,1605.1954370737074,1708.1238964200018,1618.5152637958524,1717.1727246046064,1662.251830473542
1774.9999999999998,1556.802710443735,1711.5317994356153,1581.520911157131,1722.744700014591,1643.150030262768
1760.0,1583.4174613654611,1706.25102519989,1633.0587688088415,1717.419734597206,1660.0367474928496
1699.9999999999998,1610.6256264448164,1711.1526477336881,1591.0866466164587,1723.2034534215925,1659.017093554139
1699.9999999999998,1632.042947411537,1721.2436392903326,1696.4564168453214,1734.368420243263,1696.0278559476135
1829.9999999999998,1664.455667734146,1731.8475076556203,1735.409719944,1745.1163777709005,1719.2073182761667
1213.0000000000002,1698.8148152828214,1737.3093649744985,1766.6946294903753,1748.684923648834,1737.8759333491323
1097.0,1616.4092013239858,1733.914417028427,1514.942937493324,1745.6355881690977,1652.7255360037086
1227.9999999999998,1619.8002627491949,1731.556162536144,1616.1017343401907,1745.7986781001089,1678.3142094314096
1250.0,1652.4700692296026,1724.6272155642507,1691.2959808111189,1740.7413068413732,1702.2836431115863
1200.0,1685.127496421337,1717.0457649230955,1679.4442513585088,1733.3229461312292,1703.7351147085426
1603.0,1658.6101964116094,1712.1392482519148,1670.449546575546,1727.5742059946058,1692.193299308419
1172.0,1681.4989253878591,1713.0544519424436,1701.664642691612,1728.2723402976987,1706.1225900799034
1203.0,1638.4128111600874,1711.7526113986967,1694.3041479587553,1727.2039788961408,1692.91838735342
1297.0,1628.3749353885648,1713.780223727226,1713.3498275279997,1729.1626414656637,1696.1669070273635
1213.0000000000002,1682.1522927284238,1718.4998995065687,1668.9679184556005,1733.5364168882368,1700.7891318947075
958.0,1727.1931830048559,1720.7119056582449,1665.9365761280058,1736.9510853290556,1712.6981875300405
1749.9999999999998,1699.9476641416547,1719.6799623966215,1647.7296653389928,1734.2106562852857,1700.3919870406387
1699.9999999999998,1755.730898082256,1720.25934189558,1709.3697422742841,1736.2834674119947,1730.4108624160287
1167.0,1764.6131816506384,1720.4909497499464,1702.1550640463827,1737.8066956996915,1731.2664727866647
1169.0,1775.0479143857954,1720.3438377380369,1698.0665880441663,1736.9551157951353,1732.6033639907835
1206.0,1689.4906198978422,1718.186386823654,1679.8261380195615,1733.2406094670293,1705.1859385520218
1137.0,1633.3115366101263,1713.615118563175,1661.4341136813161,1729.170702397823,1684.3828678131101
1182.0,1596.8002641201017,1710.7088646292684,1646.2612801790235,1727.3060360550878,1670.2691112458704
1160.0,1591.3626615703104,1707.9239565134046,1643.0936217308042,1723.9171338081358,1666.5743434056637
1250.0,1618.1805911660192,1706.8878388404844,1630.4871875047681,1721.1715227365492,1669.1817850619552
1148.0,1598.587919771671,1706.3353770971296,1615.5908727645872,1719.5933073759077,1660.0268692523239
1600.0,1597.466154694557,1706.5914556384084,1616.035951375961,1719.4990232586858,1659.898146241903
1326.0,1637.3769813776014,1706.9064077734945,1618.0550709366796,1722.568798959255,1671.2268147617576
1385.0,1607.0020934939382,1706.3897883892057,1592.8082314133642,1724.5182490348814,1657.6795905828474
1186.66,1653.4971183538435,1705.2143317461012,1622.3491007089613,1724.1094446182249,1676.2924988567827
1145.0,1705.4599022865293,1700.6075090169904,1647.526846528053,1721.501445174217,1693.7739257514475
1205.0,1647.7514010667799,1696.3971114158628,1632.1945217251775,1718.6395263671873,1673.7456401437519
1176.0,1602.1499881148336,1696.742723882198,1608.7107232213018,1718.339544534683,1656.4857449382541
1292.0,1555.5934986472128,1699.5981651544569,1592.3081657290456,1720.6203565001485,1642.030046507716
1238.0,1553.5381048917768,1706.1335659027097,1597.7415938675401,1727.9214018583295,1646.333666630089
1500.0,1568.055699765682,1712.8036993741987,1575.4747082293031,1732.6062428951261,1647.2350875660775
1227.0000000000002,1604.5752491056917,1716.1486983299253,1596.036706715822,1735.1756650209425,1662.9840797930954
1189.0,1531.118349432945,1717.9514682292936,1554.8146110773084,1734.9561485648153,1634.7101443260906
1760.0,1548.6393612623212,1718.7030062079427,1612.5910544395445,1734.4000881910322,1653.5833775252102
1428.0,1603.128671646118,1719.917184114456,1616.1832073330877,1738.1651192903516,1669.3485455960033
1760.0,1562.9607588052747,1717.9218155145643,1585.4387401044366,1737.4681365489957,1650.9473627433179
1173.0,1578.8870015740392,1715.9585466980932,1604.3976926803587,1734.247938096523,1658.3727947622535
1154.0,1575.9248968958852,1712.3819398880003,1593.2573404908178,1726.5601119399068,1652.0310723036525
1225.0,1590.0688819587228,1710.2378758788107,1604.3239207565782,1721.8366935849187,1656.6168430447576
1159.0,1581.5504199266431,1707.3104619979856,1601.9467374682424,1718.8419133424757,1652.4123831838367
1150.0,1562.0238913595674,1706.2475705146787,1586.2279917299745,1718.9636909961698,1643.3657861500976
1173.0,1548.0749520659444,1705.2529090642927,1574.9072761833665,1716.0554218292234,1636.0726397857068
1163.0,1617.5102382898328,1707.7266076207159,1605.1780197024343,1717.974643409252,1662.0973772555587
1372.0,1630.9623506665228,1704.1203480958936,1632.0112794637678,1718.3889177441595,1671.370723992586
1135.0,1588.9530906081197,1701.0921725630758,1575.4256948828695,1717.3063057661054,1645.6943159550426
1170.0,1613.897933065891,1701.8052771687505,1599.3770994246004,1719.5006066560743,1658.645229078829
1136.0,1695.7585704326627,1702.2093313932417,1614.6599790453909,1722.2942954301832,1683.7305440753696
1207.0,1630.5541220307348,1702.9017078876493,1585.108961611986,1721.4821565151212,1660.0117370113728
1119.0,1630.1638865470884,1702.8710475564,1630.7185074687002,1723.2493719458578,1671.7507033795116
1421.0,1626.7448997497556,1700.1345050334928,1602.803571373224,1721.6217833757398,1662.826189883053
1737.0,1632.9058989882467,1702.6377123594282,1578.8534623384473,1723.0091273784635,1659.3515502661464
1710.0,1616.2111327052114,1706.7470604181287,1597.9490189254282,1726.7016100883482,1661.9022055342791
1227.0000000000002,1590.517559200525,1707.8695452213285,1564.3980517983434,1727.5229614973066,1647.577029429376
1234.0,1571.953232437372,1709.5675230026243,1591.1357319355009,1726.5736427903173,1649.8075325414536
1193.0,1611.2895017862318,1705.6956845521925,1631.9465041160581,1724.1438475251196,1668.2688844949005
1133.0,1597.0418041944502,1703.2856097817419,1588.2634490728376,1722.1080303192136,1652.6747233420608
1281.0000000000002,1604.0253783762453,1704.7370094060896,1610.0829529762266,1721.9851011037824,1660.207610465586
1112.0,1594.0602669119833,1707.3212578892706,1588.8809020817278,1719.5471009612081,1652.4523819610474
1200.0,1610.0897184014318,1705.3230103850362,1615.8898469805715,1716.8167480826376,1662.0298309624193
1216.0,1585.2631989121435,1702.562572956085,1571.092655956745,1715.199235677719,1643.529415875673
1699.9999999999998,1574.0834057331083,1704.3168333172796,1559.400201886892,1715.7800546288488,1638.3951238915322
1550.0,1642.4493229389188,1707.042579948902,1606.2600558996198,1720.3857257962225,1669.0344211459158
1337.0,1618.8392844796178,1704.1737517714498,1560.596026778221,1718.4690952301023,1650.5195395648477
1285.0,1543.036149740219,1706.538915634155,1546.0704429447649,1722.3377668857572,1629.495818801224
1718.9999999999998,1621.2699434161184,1711.1910811066625,1633.310097157955,1729.4411754608152,1673.8030742853878
1699.9999999999998,1673.2348865270612,1715.7632130384443,1634.235233068466,1733.8784307241438,1689.2779408395288
1256.0,1630.4938089847562,1718.1230509281156,1618.3644092082975,1734.845022857189,1675.4565729945896
1699.9999999999998,1611.688230037689,1718.0001217126844,1618.0036824941633,1732.7536427974699,1670.1114192605016
1262.0,1647.874186336994,1709.7119000554083,1638.6673063039777,1722.134516239166,1679.5969772338865
1047.0,1611.844698488712,1709.0034016966817,1581.532354801893,1717.3766949772833,1654.9392874911425
1407.0,1616.1197274923322,1711.3497087359426,1633.1812661886213,1719.6716135740278,1670.080578997731
1699.9999999999998,1583.8857151567934,1716.9218280911443,1600.025356709957,1726.1297157406805,1656.7406539246438
1373.0,1571.6121542453764,1720.0406891107557,1621.3581818342207,1731.5774664282796,1661.147122904658
1078.0,1545.3353147208688,1720.878162384033,1621.4685878157613,1735.6427672505376,1655.8312080428002
1248.0,1531.3693179190157,1720.2053624391554,1589.318639487028,1735.3973406553266,1644.0726651251314
1767.0,1615.7703724503515,1716.1691385507581,1667.5042834877966,1734.692009091377,1683.5339508950708
1192.0,1628.8544169068334,1713.6241871118543,1643.245483934879,1731.0884845256803,1679.2031431198118
1525.0000000000002,1612.942280769348,1710.6685599684713,1628.8809028267858,1723.8563889265058,1669.0870331227777
1200.0,1608.1031304597852,1709.70729380846,1635.0329774618147,1721.700233519077,1668.6359088122842
1227.9999999999998,1566.7244224250314,1711.9454979896543,1586.8221975862978,1722.5453358888624,1647.0093634724615
1186.0,1562.6469582319257,1716.351373195648,1620.0204989314077,1726.1071163415907,1656.281486675143
1188.0,1614.2726224660871,1717.3420041799543,1621.4219495654104,1725.7671177387235,1669.7009234875438
1200.0,1622.9712319374082,1712.222160696983,1631.1857536435125,1724.4362002611158,1672.703836634755
1185.0,1586.7213639616964,1707.8053456544874,1574.680850356817,1719.8480904102323,1647.2639125958083
1337.0,1639.2937558889387,1708.7769758701322,1607.1356026828287,1719.7838908433912,1668.7475563213227
1369.0,1646.8009307980535,1711.5125107765195,1587.0589874684808,1725.9818840026853,1667.8385782614348
1243.0,1589.5177157223222,1717.6237049698827,1544.1335880756376,1733.7762296199796,1646.2628095969555
1236.0,1648.5433876514433,1716.015836894512,1635.6844735145567,1734.2158383131025,1683.6148840934036
1213.0000000000002,1659.761902093887,1710.5050382018087,1613.9994144439695,1727.345333099365,1677.9029219597576
1760.0,1644.6932849287984,1706.6936567425726,1589.6389175951479,1719.5465251803396,1665.1430961117146
1525.9999999999998,1646.6618797183035,1707.2756272554395,1581.4025162160394,1719.1329705715177,1663.618248440325
1699.9999999999998,1636.631776988506,1707.4669304490087,1557.3728054761884,1717.8011894226072,1654.8181755840776
1231.0,1607.7121752500532,1708.7173825502393,1557.0631793141363,1719.4400057196615,1648.2331857085226
1057.0,1565.2471126615999,1711.8761163949964,1573.5770784318445,1724.5437273383138,1643.8110087066887
1152.0,1559.1193647682665,1714.9050116539,1569.4737760722635,1727.6794299483297,1642.79439561069
1502.0,1636.8187618255613,1718.2442528009412,1635.502526760101,1733.3718875050542,1680.9843572229145
1699.9999999999998,1646.696138679981,1722.7878835797308,1624.6500650048254,1738.9209756255148,1683.263765722513
1179.0,1630.6285417079923,1724.6257761120794,1597.0208601653574,1739.9406835436819,1673.0539653822777
1200.0,1657.6839089393613,1721.2443590164182,1644.7910237312315,1736.8792566657064,1690.1496370881794
1200.0,1636.3803046941755,1717.3420041799543,1611.7373153567312,1732.33245909214,1674.4480208307502
1142.0,1609.423252046108,1716.6024136543272,1599.331684708595,1728.6300441622732,1663.4968486428259
1600.0,1629.568529129028,1716.7164182662962,1623.0059227347372,1725.9529510140417,1673.8109552860258
1213.0000000000002,1616.665567755699,1718.9177724719045,1626.777863204479,1728.981558382511,1672.8356904536483
1235.0,1539.9383047223089,1721.8654826283453,1569.465211331844,1732.0992678403852,1640.8420666307209
1201.0,1623.0377346277235,1723.1838768720625,1633.4737628698347,1735.9469234943388,1678.9105744659898
1699.9999999999998,1704.9201077222822,1727.643875479698,1636.0991796851156,1741.8656629323957,1702.6322064548729
1270.0,1669.1395011544225,1729.9540522694585,1667.7937573194502,1746.4917743206022,1703.3447712659834
1215.0,1640.5316847562788,1727.134597301483,1645.8277171850202,1744.3582183122633,1689.4630543887613
1224.0,1637.3130697011945,1725.9399959444997,1637.4082174897192,1741.9012174010275,1685.6406251341102
1359.0,1636.1879938840864,1726.9242933392522,1638.5907274484632,1745.0218057632444,1686.6812051087616
1227.0000000000002,1629.736657142639,1727.5301587581632,1605.1198658347128,1746.1481770873067,1677.1337147057054
1287.0,1614.8992159962652,1728.6774021387098,1640.5269345641134,1748.8157698512075,1683.229830637574
1200.0,1643.6236280202863,1733.1362491846082,1649.7687932848928,1751.7290771007536,1694.5644368976352
1600.0,1666.8830159306524,1733.762410879135,1686.0303208231924,1752.9405200481413,1709.9040669202802
1262.0,1652.4935322999952,1734.681069254875,1620.4588121175764,1751.645876765251,1689.8198226094244
1179.0,1671.586425900459,1735.5251640081403,1636.5207952260969,1750.2965342998502,1698.4822298586366
1699.9999999999998,1700.1887723803518,1733.4146392345426,1657.7273803949354,1747.692421376705,1709.7558033466337
1525.0000000000002,1677.5254616141317,1730.564811825752,1653.111201226711,1745.8569759130476,1701.7646126449106
1774.9999999999998,1662.9629558324812,1727.354977428913,1653.7444162368772,1743.203633725643,1696.8164958059785
1211.0,1666.1902076005933,1715.5242639780042,1632.9630452394483,1729.8268046975134,1686.1260803788898
1234.0,1641.5044665336607,1714.5057076215742,1577.7925141155717,1724.625344276428,1664.6070081368086
1128.0,1647.9890546202657,1721.1902356147764,1632.5084662437437,1730.3057104349134,1682.9983667284248
1372.0,1640.5085095763204,1726.1978018283842,1646.6126504540441,1735.644350647926,1687.2408281266687
1170.0,1633.0738830566404,1729.309465587139,1654.8428621888158,1738.9316275715826,1689.0394596010444
1213.0000000000002,1614.7295045852659,1727.990351617336,1640.7385340332983,1734.542018175125,1679.5001021027563
1200.0,1605.729329884052,1728.85359108448,1635.6048718094823,1736.7291218042371,1676.729228645563
1101.0,1590.2354265749452,1729.7451877593992,1601.509719789028,1738.7364378571508,1665.0566929951308
1268.9999999999998,1617.5388833880422,1729.4380086660383,1620.418219566345,1741.4808973670004,1677.2190022468565
1267.0,1680.9899351000784,1725.2434450387952,1666.8191042542455,1742.0034185051916,1703.7639757245777
1259.0,1672.0366865396497,1721.4284649491308,1640.8662134408949,1739.1689932346342,1693.3750895410774
1623.0,1679.3263602256773,1720.6930488348005,1628.189533948898,1735.685518980026,1690.9736154973505
1225.0,1669.1386374831197,1721.6261017322538,1615.1483851671217,1736.2797248363493,1685.5482123047111
1699.9999999999998,1644.2021438479421,1716.845393180847,1612.374560832977,1732.1116471290586,1676.3834362477062
1699.9999999999998,1606.1492900550363,1716.384048759937,1602.2819858789442,1730.3722131252287,1663.7968844547866
1012.0,1582.7507790923116,1719.8057705163953,1629.6310013532636,1733.866771161556,1666.5135805308817
1140.0,1492.2617775201795,1716.4260807633398,1466.559423357248,1734.6809253096578,1602.4820517376063
1190.0,1563.4252700209615,1719.5646622776983,1599.8411068320272,1741.8705570697782,1656.1753990501163
1193.0,1666.2096402049062,1721.8492168188093,1679.9441730976102,1746.0240963101385,1703.506781607866
1767.0,1679.4266900420187,1721.1620223522184,1648.0472084879873,1745.4927945137022,1698.5321788489816
1532.0,1682.8291231393812,1719.1051891446111,1661.6341975331304,1740.1551619172094,1700.930917933583
1200.0,1651.9561848044393,1714.3823465704916,1645.007661283016,1732.9331424832342,1686.0698337852953
1402.0,1640.208383798599,1709.3180659413335,1640.481879711151,1727.3223018646238,1679.3326578289268
1128.0,1627.1239075064657,1708.8630551099775,1633.4053888916967,1726.307344138622,1673.9249239116905
1270.0,1611.4682817459104,1708.8420391082761,1637.069226503372,1724.035744667053,1670.3538230061529
1263.0,1660.3693509101865,1712.8621411323545,1676.062114536762,1729.6108868718145,1694.7261233627794
1699.9999999999998,1666.4023828506467,1710.7698974013326,1641.9964712858198,1730.770077705383,1687.4847073107956
1200.0,1660.590306818485,1709.2866858839986,1631.8287569284437,1729.540785551071,1682.8116337954996
1187.0,1668.3109524846075,1707.740858197212,1647.065214216709,1725.4371953010557,1687.138555049896
1110.0,1645.989223718643,1704.13157582283,1655.387119054794,1724.2708072066305,1682.4446814507244
1600.0,1628.399981856346,1701.3387507200239,1616.9017818570135,1718.4305179119108,1666.2677580863235
1069.0,1612.541825175285,1703.1743401288984,1644.4881629943845,1719.7209867835043,1669.981328770518
1699.9999999999998,1595.6895828247068,1704.881818294525,1597.8358060121534,1721.8067529797552,1655.053490027785
1212.0,1609.7908881306646,1706.5548935532568,1637.7323821187017,1722.8756901621816,1669.2384634912012
1283.0,1646.0036182403562,1706.6992706060407,1650.8630648255346,1723.7955000996587,1681.8403634428976
1306.0,1629.5429068803785,1706.932030022144,1631.693448424339,1726.3482245802877,1673.6291524767873
1316.0,1604.61951225996,1708.3742171525953,1610.722933411598,1725.9643226861951,1662.420246377587
1256.0,1597.5646132230756,1708.8588806986807,1640.9132835268972,1727.5795319676397,1668.7290773540733
1220.0,1591.2875221669672,1705.1656782627103,1622.9985815286634,1723.530928790569,1660.7456776872275
1359.0,1588.3614757657049,1704.8072546720502,1613.1875634193418,1722.3956328630445,1657.1879816800354
1300.0,1587.3013192415235,1706.9408106803892,1594.715937376022,1725.3329789638517,1653.5727615654466
1119.0,1592.0923198759554,1709.277185499668,1591.8066605925558,1727.6149424910543,1655.1977771148083
1199.0,1592.0310711860654,1712.1686130762098,1609.2736929655073,1729.9248313903806,1660.8495521545408
1235.0,1613.8796520233152,1715.6774216890333,1605.7255873084066,1734.7393670678136,1667.5055070221422
1292.0,1602.6473908126352,1719.7954064607618,1598.2407239079473,1737.6060360670087,1664.5723893120883
1000.0000000000001,1595.2437844872472,1721.6658306121824,1590.615298002958,1741.1531341075895,1662.1695118024943
1160.0,1576.2436635792253,1721.2876865267751,1561.2077939510343,1741.1588919162748,1649.9745089933274
1719.9999999999998,1625.250028669834,1720.0196731090543,1602.1543064713476,1738.467260301113,1671.4728171378372
1699.9999999999998,1592.195096760988,1719.8852282762525,1597.9220291972158,1739.6232843399046,1662.4064096435902
1600.0,1551.5634644031522,1720.1829069852827,1568.8707895576952,1740.3520789742468,1645.2423099800942
1699.9999999999998,1550.5503779649732,1721.430768072605,1586.3383977115152,1741.4418882131574,1649.9403579905627
1250.0,1640.4572650790212,1715.8481407165525,1588.4081140160558,1732.8640487790105,1669.39439214766
1226.0,1623.8055384159086,1713.4557712078092,1591.2800370156763,1728.8521516323087,1664.3483745679257
1191.0,1604.2604409158228,1711.942906975746,1619.369434714317,1722.8949788212774,1664.6169403567908
1274.0,1621.210781931877,1711.6447964310644,1637.441612780094,1724.1956678032873,1673.6232147365806
1291.0,1622.889471054077,1707.6426875591276,1622.1655705571172,1722.1859046816824,1668.720908463001
1243.0,1634.3824890255926,1700.8422836661337,1629.1345342993734,1715.9147873520849,1670.0685235857961
1285.0,1620.0007784366605,1695.024881660938,1620.311844050884,1708.2271051406858,1660.891152322292
1194.0,1605.8377926051614,1696.6399469971655,1594.4219292700288,1707.9448285698888,1651.2111243605611
1192.0,1569.1193109750745,1700.1605591177938,1604.3537893891332,1712.2734051942823,1646.476766169071
1159.0,1539.855824112892,1704.862241744995,1583.4587016701696,1717.0223018527029,1636.2997673451898
1198.0,1544.808403253555,1709.3383622169492,1613.4214743971822,1723.1602698564527,1647.6821274310348
1719.9999999999998,1573.970264792442,1710.3975111246107,1590.4070812463758,1721.4009714126585,1649.0439571440218
1328.0,1603.445135205984,1712.1915003657339,1592.0670574903486,1725.2437329292295,1658.236856497824
1295.9999999999998,1575.222012400627,1715.0629195570943,1580.9355579316614,1730.5925932526586,1650.4532707855103
1186.0,1584.5068387687204,1718.793403804302,1573.822936862707,1733.7724870443342,1652.7239166200159
1233.0,1658.3336776494978,1721.3544771075246,1613.6270281672475,1735.6955951452253,1682.2526945173738
1212.0,1662.1649235486982,1719.5321306586263,1618.5374313592908,1734.6209001541135,1683.7138464301822
1176.0,1640.3160548210142,1716.9490337371824,1602.7506715059278,1732.6540327072141,1673.1674481928346
1267.0,1609.1296038031576,1716.7014479637144,1575.7159604132173,1732.8140997886655,1658.5902779921887
1600.0,1618.5575836896894,1712.6624891161916,1613.0272084474561,1730.3321963548658,1668.6448694020507
1699.9999999999998,1581.585470587015,1711.0782280564306,1561.8519487977026,1727.8226554393766,1645.5845757201312
1084.0,1551.8569687008855,1711.7481490969656,1566.8004254996774,1727.6965594291685,1639.5255256816743
1300.0,1541.8438515067098,1714.7912949323652,1560.32900840044,1730.9477061033247,1636.97796523571
1333.0,1587.6929941773412,1718.7696528434751,1588.1664299964903,1734.603050947189,1657.308031991124
1699.9999999999998,1617.8277814388273,1722.6319909095762,1599.3298134207723,1739.6572554111478,1669.861710295081
1179.0,1652.2459465265272,1718.050646483898,1603.0559073388574,1735.254403054714,1677.1517258509991
1156.0,1617.9842498898504,1717.1131312847135,1589.8189210891721,1735.0130069255827,1664.9823272973297
1722.9999999999998,1644.7684243321416,1716.995240151882,1630.869362056255,1735.6292364001272,1682.0655657351015
1261.0,1660.3987157344816,1721.9171589612959,1599.3865278363226,1738.6123570799825,1680.0786899030206
1200.0,1610.2352470159528,1723.9709693193433,1605.4941233992574,1741.1943024396894,1670.2236605435608
1233.0,1595.4771916568277,1723.7265503406522,1612.1394982933996,1742.847657203674,1668.5477243736384
1125.0,1667.1743610501287,1724.8582476377485,1645.2011236548421,1744.0566530823705,1695.3225963562725
1699.9999999999998,1681.5913382172582,1723.2200071215627,1645.196517407894,1741.2386375665662,1697.8116250783203
1254.9999999999998,1644.5622947812078,1721.6272532939909,1637.0528167486189,1740.2288618683813,1685.8678066730497
1200.0,1636.2445643544195,1721.2938761711118,1608.1468898057935,1737.7004641294477,1675.8464486151931
1250.0,1644.2281979322431,1725.1622599363325,1607.913842499256,1742.1544170379636,1679.8646793514488
1384.0,1607.8268995881078,1728.9496025443075,1585.9036111831663,1745.3168934583662,1666.999251693487
1025.0,1583.381978869438,1734.4098764657972,1612.829427719116,1749.7679674625394,1670.0973126292226
1165.0,1578.0999091267583,1736.4436784386633,1617.110934257507,1752.1424877643583,1670.9492523968217
1600.0,1576.1226056516168,1738.379453718662,1640.8274921774862,1755.0693258643148,1677.59971935302
1204.0,1585.1134958863256,1739.548864662647,1642.2794675827024,1757.9256308078764,1681.2168647348878
1699.9999999999998,1594.1097120940683,1737.3466467857359,1610.9545412659643,1755.4586976766584,1674.4673994556067
1199.0,1636.244132518768,1726.3109427690504,1638.276782929897,1743.121153116226,1685.9882528334854
1774.9999999999998,1618.88836979866,1723.8953980803487,1565.688664615154,1738.5637035965917,1661.7590340226886
1320.0,1648.9442750811575,1713.8493174314497,1654.0364810824392,1726.5467250347135,1685.84419965744
1240.0000000000002,1585.9080015122888,1715.3466355800626,1554.793595075607,1728.2962352037428,1646.0861168429253
1200.0,1605.698453634977,1716.0413151979444,1637.5278359651563,1729.5956286787984,1672.215808369219
1107.0,1624.974229633808,1717.683730125427,1634.6656292676923,1733.1879255175588,1677.6278786361215
1250.0,1600.9981384873388,1719.2010566592214,1605.9451037645338,1734.1897842288015,1665.0835207849739
1719.9999999999998,1651.784170269966,1721.521021723747,1670.7302397489545,1739.3323710560796,1695.8419506996868
1190.0,1661.2749102711675,1723.856532871723,1588.9841108024118,1742.1814787387846,1679.0742581710217
1390.9999999999998,1668.3514010906217,1721.3035205006597,1654.1834491491315,1740.0794467329977,1695.9794543683527
1385.0,1654.1559556126592,1720.207233726978,1617.9809391498563,1739.2485949397085,1682.8981808573005
1879.9999999999995,1683.0541095137594,1724.3999260663984,1652.402127087116,1743.4526589512823,1700.827205404639
1253.0,1714.217673242092,1727.5393712520597,1668.6726868152616,1741.8872547149656,1713.0792465060947
1172.0,1670.4724338650701,1720.0674629211424,1613.7634882330892,1735.2266216278074,1684.8825016617773
1297.0,1651.1916917562482,1714.6660625934599,1626.6078639030454,1732.1603006124494,1681.1564797163007
1142.0,1644.9905318021772,1714.802954494953,1643.331131339073,1731.5016072988508,1683.6565562337635
1385.0,1666.7384949326513,1716.1973518133161,1656.9640389084814,1733.4598380327222,1693.3399309217928
1237.0,1675.9053581953046,1719.0765440464018,1654.851642847061,1737.516214251518,1696.8374398350713
1889.9999999999998,1709.6960660815237,1723.152928650379,1668.5283097624776,1740.8599177002905,1710.5593055486677
1256.0,1714.8582294583318,1723.6862456798551,1689.7632521390913,1741.0047265887258,1717.328113466501
1019.0,1654.5001286268232,1723.9678025245664,1638.0100524425504,1740.3971338272092,1689.2187793552873
1699.9999999999998,1616.6691663861272,1723.9888185262678,1660.8033457398412,1739.2006611824033,1685.16549795866
1250.0,1650.9052407741544,1727.8931885957716,1705.6503418087957,1743.7969759106634,1707.0614367723463
1398.0,1661.8632143735883,1730.0366768240926,1662.818290889263,1746.230945587158,1700.2372819185255
1253.0,1664.5129579305647,1733.6544519662855,1666.1025449633596,1749.387376308441,1703.4143327921627
1202.0,1640.7785508036611,1735.9112250804899,1643.8442960381506,1749.1625338792799,1692.4241514503954
1250.0,1635.4718664288519,1731.9800812005994,1678.8925093412397,1743.9439439773557,1697.5721002370117
1144.0,1648.20770740509,1725.520107746124,1672.0176857709882,1738.9015430212019,1696.161760985851
1121.0,1662.735810279846,1720.3235414624212,1666.222451329231,1734.2745679616926,1695.8890927582977
1200.0,1685.676935315132,1714.1903236508367,1661.2900245189664,1727.1934708952901,1697.0876885950563
1243.0,1642.6007533073423,1712.5463253259657,1661.5117001533506,1728.7292224168775,1686.347000300884
1229.0,1596.5824750065801,1709.5190134644506,1617.8528279066084,1724.8496109247205,1662.20098182559
1699.9999999999998,1633.51867377758,1709.1050270199773,1650.8257830142973,1727.676551043987,1680.2815087139604
1579.0,1606.4471846818922,1709.3766516447065,1589.4897903501985,1729.117298722267,1658.607731349766
1200.0,1654.060232043266,1713.7868452072141,1629.5721277594564,1733.4448677301405,1682.7160181850193
1183.0,1627.8675284981725,1718.12132358551,1609.5732429623602,1738.0485236644743,1673.4026546776292
1238.0,1629.9358773231504,1721.750182509422,1627.8541415929792,1741.6956636309621,1680.3089662641285
1600.0,1636.0411697626112,1717.4994802474973,1653.3255356550214,1740.4288017749784,1686.823746860027
1650.0,1595.2492544054983,1712.8493300080297,1598.6061288416383,1736.0766181349752,1660.6953328475354
1235.0,1617.005566358566,1702.8311747312544,1613.2403913140295,1724.4731941819189,1664.3875816464422
1110.0,1618.6358898878095,1701.4118748903272,1599.6572168171404,1722.4180883169172,1660.5307674780486
1650.0,1605.841175317764,1701.486582458019,1632.746551632881,1722.116091251373,1665.5476001650093
1200.0,1598.1835776567457,1694.8292601108549,1607.391609251499,1714.4939041137693,1653.7245877832172
1135.0,1540.2585108578203,1693.3022892475126,1569.3654572963712,1713.1893286108968,1629.0288965031502
1650.0,1551.2495918571947,1694.7908267378805,1621.5140745043752,1714.4160297513006,1645.4926307126877
1226.0,1587.8126126527784,1698.4991434216497,1612.106246948242,1718.2216534018514,1654.1599141061304
1351.0,1524.3997064232824,1704.1393488645551,1564.9895946681497,1722.9177221655843,1629.111593030393
1200.0,1547.0063747465608,1709.7327721118925,1616.1430466175077,1729.6329104900358,1650.6287759914992
1196.0,1586.8711389601228,1713.5064399242399,1580.1993501186369,1734.2080652713773,1653.6962485685942
1155.0,1541.9273397326467,1717.5774985551832,1608.4650087356565,1737.9163819551466,1651.4715572446582
1353.0,1555.5749297142027,1721.6728839278219,1612.3135280609129,1743.2256573438642,1658.1967497617004
1143.0,1570.6539829075334,1724.4652771949766,1606.6940507292745,1747.5373923778532,1662.3376758024094
1279.0,1582.1063363552091,1722.0721879601476,1607.4663168191908,1742.5134164094923,1663.53956438601
1220.0,1598.8361532986162,1720.7172316312788,1607.0651414990423,1742.2214955091474,1667.2100054845212
1699.9999999999998,1618.8892334699628,1715.7240599393842,1620.2551296353338,1740.1469570398328,1673.7538450211284
1767.0,1636.742470860481,1713.8491734862325,1603.8455908000467,1737.559685707092,1672.999230213463
1699.9999999999998,1668.0973377823827,1714.645622372627,1621.5951156616209,1736.8186557292936,1685.289182886481
1884.9999999999998,1640.7919377088544,1716.821498274803,1599.8199468851087,1737.1053946018217,1673.634694367647
1889.9999999999998,1631.5503668785093,1716.6170960664747,1618.979487121105,1734.4569465517995,1675.4009741544721
1305.0,1608.1090322136877,1716.5837007761,1592.0828914642332,1731.927541196346,1662.1757914125917
1250.0,1558.7494255602357,1722.7845728397367,1545.509344488382,1735.709269940853,1640.6881532073019
1268.0000000000002,1659.4280931353567,1730.4744142293928,1653.244638442993,1743.185352683067,1696.5831246227024
1305.0,1673.075107336044,1731.706009507179,1666.1234170198438,1743.315623104572,1703.5550392419098
1213.0000000000002,1618.915575444698,1731.0563847422598,1627.8476640582082,1741.9649851322172,1679.9461523443458
1254.9999999999998,1640.9328600764272,1729.143496751785,1662.5727203488348,1739.4057831168172,1693.013715073466
1760.0,1686.2498372793195,1728.6238545179365,1676.1070254445074,1738.3372777700422,1707.3294987529514
1889.9999999999998,1663.1924045085905,1730.2256768941877,1644.11289781332,1739.3617358803747,1694.2231787741182
1500.0,1639.1048997640607,1727.0839285850523,1647.8792244195936,1734.837393760681,1687.2263616323469
1213.0000000000002,1592.1753042936323,1726.0393181443212,1624.786525070667,1734.5761331915853,1669.3943201750515
1231.0,1605.3316812217233,1727.9726463556287,1633.0769059062002,1734.7934904694555,1675.293680988252
1372.0,1667.223590314388,1729.3113368749616,1677.4805507063863,1738.1858474016187,1703.0503313243387
1179.0,1651.158872246742,1729.9061185121534,1653.6773377656934,1740.8037790656088,1693.8865268975494
1264.0,1644.6151226758955,1732.165194749832,1703.917817175388,1744.7126114368436,1706.3526865094898
1112.0,1740.8535841107366,1735.4212355613706,1743.5138356685636,1750.0741389393804,1742.4656985700128
1213.0000000000002,1717.906413376331,1736.999306976795,1712.7993810176847,1752.5512921810148,1730.0640983879564
1396.0,1730.2425184845922,1742.4061772227285,1764.9012160301206,1759.026379883289,1749.1440729051826
1153.0,1691.4936175942419,1746.0846972465513,1660.1943135261533,1762.570311129093,1715.0857348740099
1280.0,1677.9336902499197,1747.727112174034,1655.1749438047407,1761.7416185140607,1710.6443411856887
1165.0,1682.2406750917432,1746.4808344841001,1674.7903585433958,1759.8090100288389,1715.8302195370195
1492.0,1662.7480456233022,1740.717267990112,1640.631870627403,1750.8320105075834,1698.7322986871002
1650.0,1674.9452435970304,1739.6729454398153,1648.1270980834959,1750.5271345376966,1703.3181054145095
1699.9999999999998,1659.9707666039465,1730.538613796234,1588.4595024585722,1742.113536596298,1680.2706048637626
1264.0,1651.0399734973905,1727.2353589534757,1585.0546222925184,1739.4056391716001,1675.6838984787462
1301.0,1678.7800881266592,1728.0284970998762,1649.5579135417936,1741.3108980655668,1699.419349208474
1359.0,1722.6733031868932,1732.8446161746976,1649.5570498704908,1747.9853498935697,1713.2650797814129
1245.0,1714.9264594912527,1738.0748656392095,1626.3585507869718,1754.098847210407,1708.3646807819603
1318.0,1691.7553099989889,1741.5271037817,1657.8297254443166,1757.9031753540037,1712.2538286447523
1250.0,1676.6901475191114,1742.9905948042867,1665.0425323843954,1758.7196326255796,1710.8607268333433
1699.9999999999998,1653.7791070342062,1740.7449054718015,1639.1853651404379,1755.260629057884,1697.2425016760824
1240.0000000000002,1654.6070799231527,1739.330499768257,1638.6829963326452,1751.849991083145,1696.1176417768
1250.0,1679.8052659630773,1737.4523025751112,1654.014601409435,1747.6390177011488,1704.727796912193
1699.9999999999998,1675.380102097988,1736.435905396938,1667.4272727966306,1748.0314123630521,1706.8186731636522
1312.0,1665.9493872523306,1736.418344080448,1614.982560276985,1748.6709609627721,1691.505313143134
1827.9999999999998,1658.0063462257383,1736.1841452121732,1651.751638650894,1749.2124828696249,1698.7886532396076
1227.9999999999998,1659.2599651217458,1736.5784111618993,1672.4827727675436,1750.2916401624677,1704.6531973034141
945.0,1594.4261036813257,1737.1917617321012,1580.1902815699575,1749.3426093459127,1665.2876890823243
1167.0,1623.1636866927145,1737.7371701598165,1649.06864374876,1749.8429629206655,1689.9531158804891
1222.0,1673.5781958699224,1740.260097980499,1677.7642667293546,1755.299638211727,1711.7255496978757
1250.0,1644.0102648735044,1741.1744379997251,1644.409424960613,1756.9918581843374,1696.646496504545
1229.0,1655.5684900283811,1739.9005228281019,1656.544582545757,1754.2233598232267,1701.5592388063667
1325.0,1690.3289568424223,1733.7937909364698,1670.6084620952604,1748.4534597396848,1710.7961674034593
1240.0000000000002,1626.541217267513,1728.5980883240697,1647.441055178642,1745.1110517978666,1686.9228531420229
1240.0000000000002,1624.076299369335,1729.1584670543668,1662.6665726304052,1745.251542329788,1690.2882203459737
1194.0,1684.581512212753,1732.961211800575,1676.9544309377668,1750.8102747797964,1711.3268574327228
1767.0,1665.4877549409864,1731.9761946797369,1622.3250618577001,1749.8812523484228,1692.4175659567115
1260.0,1645.9483432769773,1731.1788821220396,1641.7670226097105,1747.3175880312917,1691.5529590100048
1600.0,1608.1208357214925,1733.1076040863989,1601.5513199567793,1747.8116080164907,1672.6478419452903
1250.0,1613.626452386379,1736.4910364150999,1626.7305052280424,1749.9864763021467,1681.708617582917
1250.0,1612.3161190748212,1736.4354735612867,1598.9343959093092,1749.548163115978,1674.3085379153488
1303.0,1617.6291370391843,1735.7035121321676,1611.5163594484327,1747.7841144800184,1678.1582807749508
1308.0000000000002,1661.0466131567953,1729.9619692564008,1650.3461575508115,1744.2734345793722,1696.407043635845
1253.0,1664.253712594509,1726.732990145683,1630.4856041073797,1742.9780715703962,1691.112594604492
1233.0,1665.1509231328962,1721.7173629999158,1629.533694386482,1737.4317184090612,1688.4584247320888
1231.0,1657.1729034185407,1718.2409420609472,1600.6369079649446,1732.2917225956915,1677.085619010031
1312.0,1638.9540451765058,1718.8017526268957,1593.4327377378938,1734.7763609886167,1671.491224132478
1389.0,1617.4882146716116,1719.6469989418981,1586.2739102542398,1736.1411055922506,1664.887557365
1236.0,1579.8296268284319,1721.0580939054487,1573.746573925018,1740.134145915508,1653.6921101436017
1123.0,1532.600553333759,1727.2013878822324,1564.0150855481622,1747.4239635467527,1642.8102475777266
1275.0,1598.844646066427,1732.7497562766073,1633.8766655325887,1753.5813641548154,1679.7631080076096
1190.0,1609.1416952013967,1736.3005968928335,1606.281935572624,1754.2995068430898,1676.505933627486
1347.0,1608.8539487123487,1730.0838908553121,1612.0144098997114,1749.3036001920698,1675.0639624148605
1889.9999999999998,1581.4648444950578,1725.0750291347501,1589.2535042762754,1747.5432941317556,1660.8341680094597
1235.0,1607.864037454128,1721.1814549565313,1610.1549255847929,1743.6655539274213,1670.7164929807184
1699.9999999999998,1661.2524548172948,1722.1404179930685,1619.0579372644422,1744.940044879913,1686.8477137386797
1507.0,1655.1265782117841,1725.125985741615,1606.182685345411,1745.76398730278,1683.0498091503976
1774.9999999999998,1611.584013700485,1728.6759626865385,1615.0765565037725,1746.195103228092,1675.382909029722
1097.0,1595.3523191809652,1720.4497814178465,1650.5532947182653,1734.932973384857,1675.3220921754835
1237.0,1568.4039032459257,1719.7025617957113,1599.7104765474794,1731.6998198628423,1654.8791903629897
1253.0,1662.2579121589658,1725.6479310989378,1636.7013025283811,1737.7085250616071,1690.578917711973
1240.0000000000002,1635.1230871677396,1733.1021341681478,1613.3316525816915,1745.157114267349,1681.678497046232
1218.0,1572.8279875218866,1735.7232326269148,1633.8991209864614,1745.5174091458318,1671.9919375702736
1230.0,1587.6587352156637,1731.549541056156,1646.528874337673,1743.6020740866659,1677.3348061740396
2099.9999999999995,1550.812934041023,1728.1396228075025,1607.0329697430132,1739.0657845139501,1656.2628277763722
1292.0,1587.1544951200483,1717.7667865157125,1636.441769301891,1728.3218574523924,1667.421227097511
1212.0,1591.8984976410864,1714.506715238094,1563.2364858686922,1725.7603523135183,1648.8505127653477
1318.0,1623.881973326206,1714.7213375568388,1633.1868800520895,1726.7945986986158,1674.6461974084375
1233.0,1641.622069776058,1717.6041284203527,1632.0523038506506,1731.5977627038953,1680.7190661877391
1207.0,1607.9462301731107,1721.357068121433,1601.2005974352357,1735.1156398653982,1666.4048838987944
1372.0,1638.3422780036924,1724.7966390848158,1641.8043044209478,1739.8177543282507,1686.1902439594267
1699.9999999999998,1610.5157962441442,1726.6116443276403,1599.2580567300317,1741.752090156078,1669.5343968644736
1250.0,1620.1303291320799,1728.5893076658247,1652.6983663439748,1744.4204026460645,1686.459601446986
1254.9999999999998,1656.3125428557394,1729.5547482371328,1653.1484830379484,1746.458954811096,1696.3686822354791
1150.0,1671.6270184516904,1731.6403704881666,1592.1676751971243,1749.8222348093984,1686.314324736595
1699.9999999999998,1658.8297128677366,1731.762436032295,1631.3449570536611,1751.5104243159292,1693.3618825674055
1369.0,1636.950903534889,1733.0467152595518,1640.360389947891,1750.9124758839605,1690.317621156573
1254.0000000000002,1595.9254370629785,1735.2829042077062,1606.1439640820024,1752.4228930473325,1672.443799600005
1267.0,1671.3836070895193,1732.658351063728,1658.229605257511,1751.8691357970235,1703.5351748019455
1308.0000000000002,1664.2991992831228,1731.4647573232648,1638.9511662721632,1751.446224749088,1696.5403369069097
1613.9999999999998,1641.778538227081,1732.3690211772916,1616.674348413944,1749.8092797398565,1685.1577968895433
1249.0,1630.953857898712,1731.5825045108793,1674.0124785900114,1747.772742807865,1696.0803959518669
1699.9999999999998,1629.873549044132,1725.6605982780454,1674.063147306442,1739.7830635309217,1692.3450895398853
1130.0,1638.1162840127943,1723.3154428005216,1683.3959794044492,1735.1428455114362,1694.9926379323003
2099.9999999999995,1671.4465111494062,1723.4835708141325,1693.2618406414983,1732.4526533484457,1705.1611439883707
1699.9999999999998,1677.7936315536497,1717.6540774106977,1716.5504494309423,1724.5006877183912,1709.1247115284202
1300.0,1590.4324156045911,1722.2938635945318,1578.9316245913503,1728.0801734328268,1654.934519305825
1188.0,1572.478272616863,1728.2098680734632,1650.0997233390806,1731.9592091441152,1670.6867682933805
1180.0,1651.1616072058675,1731.6923347115514,1665.9872448444364,1733.4771114587782,1695.5795745551584
1250.0,1672.701425552368,1730.3994187712667,1669.7126910090444,1733.485748171806,1701.5748208761213
1147.0,1650.3182321786878,1727.57449388504,1676.2365761399267,1733.1991532444952,1696.8321138620374
1699.9999999999998,1685.3821355104444,1721.7582434415815,1672.4785983562467,1729.3050032854078,1702.23099514842
1699.9999999999998,1676.7815527319906,1718.2838377356527,1663.7514877319334,1727.0417526364324,1696.4646577090023
1278.0,1668.0820795893667,1721.628404855728,1697.2373196482656,1730.7502132654188,1704.4245043396947
1268.0000000000002,1654.3389099836347,1722.912971973419,1643.1797009706495,1730.3376662731168,1687.692312300205
1889.9999999999998,1641.129201352596,1724.446132481098,1653.9465153217313,1733.240321576595,1688.190542683005
1213.0000000000002,1618.657049834728,1723.4354931116102,1633.7111285328863,1729.887117743492,1676.422697305679
1643.9999999999998,1601.3119390606878,1723.9200127124784,1623.733277916908,1728.818756341934,1669.445996508002
1273.0,1621.9680777192114,1723.4768053889272,1635.2916470170019,1730.9120076894758,1677.912134453654
1253.0,1617.173694372177,1722.5942772626875,1614.766642451286,1730.4070478677747,1671.2354154884813
1400.0,1601.3271252810953,1722.0959389209745,1611.1092823743818,1733.4078738093374,1666.9850550964472
1300.0,1571.1974480748174,1726.7574608325956,1590.8862748742101,1738.463085889816,1656.8260674178598
1267.0,1642.119400501251,1730.9809574484823,1649.6785396337507,1743.1447601318357,1691.48091442883
1267.0,1665.3998044133184,1728.5176229476926,1642.9796171188352,1740.3109106421468,1694.3019887804983
1951.0,1640.8796003460882,1726.4011964201925,1641.6950500011442,1739.238374829292,1687.0535553991792
1566.9999999999998,1625.2923485636709,1731.2941822409628,1594.4080385565755,1742.989731132984,1673.4960751235483
1278.0,1658.2802739739416,1738.1929007172582,1628.7654587626455,1750.806532204151,1694.011291414499
1313.0,1705.977529287338,1739.4367313385007,1685.8807617425916,1754.3422585725782,1721.4093202352522
2030.0,1683.2813990116117,1740.6809937953947,1640.6940549612043,1756.0485851764677,1705.1762582361696
1279.0,1718.9816841483114,1742.5786235928533,1677.3832437396047,1754.3521907925604,1723.3239355683324
1532.0,1729.8417750000951,1742.140598297119,1659.7046118974683,1752.2121572494505,1720.9747856110332
1287.0,1701.1724939942358,1738.2185229659078,1673.9268311858175,1746.7708840966222,1715.0221830606458
1262.0,1682.6250088214872,1730.7834646105764,1671.3339459896085,1737.898388803005,1705.6602020561693
1507.0,1654.6925833821294,1725.9050172567365,1655.8704870939252,1732.0699030160902,1692.1344976872203
1300.0,1629.6760562062261,1726.0049152374265,1649.7621718049047,1733.5110825300214,1684.7385564446447
1812.0,1620.2132415771482,1729.0309315919874,1673.8082203269003,1738.5350584983823,1690.3968629986045
1349.9999999999998,1595.2155712246893,1735.7295662164686,1631.5103501081464,1743.7591183185575,1676.5536514669654
1277.0,1607.8733938932417,1740.5867096781728,1640.4513633251188,1746.912958025932,1683.9561062306163
1252.0,1677.9780253767965,1740.7218742370603,1663.5324031114576,1745.8827421069143,1707.0287612080572
1400.0,1661.7918175458906,1738.9442947506902,1664.4369548559187,1747.1796885132787,1703.0881889164446
1273.0,1674.056525826454,1740.909434854984,1681.2594005465505,1752.4041801691053,1712.1573853492735
1341.0,1744.506625831127,1743.5302454233167,1689.4136092066763,1755.5194425582883,1733.242480754852
1889.9999999999998,1748.9326533675192,1744.8784363269804,1685.5696961283682,1755.4837441444395,1733.7161324918268
1211.0,1744.754355549812,1743.7463071942327,1718.2333129644392,1752.5009113550184,1739.8087217658756
1699.9999999999998,1647.3928335309026,1736.5535086393354,1592.5769114494321,1745.5385690927503,1680.5154556781051
1202.0,1608.2469317317007,1735.0931844115255,1606.0307511687276,1748.493764400482,1674.466157928109
1278.0,1615.2737614512441,1734.3653973937032,1651.142606437206,1749.1651248931882,1687.4867225438354
1749.9999999999998,1645.3807672858236,1729.671055972576,1670.3414437174795,1746.7426708340643,1698.0339844524858
1359.0,1620.5293452739713,1727.600404024124,1640.4086115956304,1743.9229279756544,1683.115322217345
1300.0,1594.0770365297792,1727.9365161061285,1679.4062498211858,1744.2172959446905,1686.409274600446
1312.0,1633.450299799442,1730.1711216568945,1679.2257425189016,1745.7036742568014,1697.1377095580099
1219.0,1681.0555741190908,1729.3114808201788,1664.3983775377271,1745.0736260414121,1704.9597646296022
1749.9999999999998,1671.7977374792097,1726.5677410364149,1649.9029502272604,1740.9757936000822,1697.3110555857418
867.0,1663.5332667827604,1726.104237437248,1664.434075951576,1739.174175262451,1698.3114388585088
1725.9999999999998,1703.8704591989515,1724.5343708992002,1666.123560965061,1739.7958746552465,1708.5810664296148
1300.0,1668.0095311999319,1722.0973783731458,1655.5198365449903,1737.918972969055,1695.8864297717807
1699.9999999999998,1650.758128762245,1718.6187982559202,1640.3262749314306,1733.9001664519308,1685.9008421003816
1267.0,1581.900926530361,1719.2433765530584,1626.8977695703504,1732.2482511401174,1665.0725809484718
1479.0,1611.2943959236143,1720.906375646591,1638.6988303065298,1733.5981693863866,1676.1244428157804
1249.0,1629.7059968113897,1723.825008869171,1638.1141248345373,1735.6840795278547,1681.8323025107381
1240.0000000000002,1633.1164908409116,1723.4501755237577,1654.8925232887266,1736.8890449404714,1687.0870586484668
1900.0,1656.0865488648412,1717.7784460783002,1646.0147020220754,1732.3657104372976,1688.0613518506286
1769.9999999999995,1655.74525475502,1717.9455664753912,1639.0945357084272,1732.4506381154058,1686.308998763561
1287.0,1668.29526245594,1721.0996940732,1653.3189141750333,1736.0538747906683,1694.6919363737104
1237.0,1669.5883223414419,1724.5735239982603,1635.0598952174184,1741.6334792971609,1692.7138052135704
1749.9999999999998,1631.5345329046247,1726.5795445442197,1622.6899629831312,1739.9523431062696,1680.1890958845613
1334.0,1610.024655163288,1728.9419734477995,1642.120552062988,1742.6045337319372,1680.9229286015031
1372.0,1594.6307937800882,1731.908972263336,1629.2023324966428,1746.4808344841001,1675.5557332560418
1265.0,1601.5733435750005,1733.9099547266958,1630.5990329384801,1747.7736064791677,1678.463984429836
1315.0,1673.858889043331,1734.8838880658147,1658.5308825969694,1749.5157754421232,1704.1973587870596
1297.0,1636.9707679748533,1734.7752094268797,1612.218092381954,1749.770846366882,1683.4337290376423
1699.9999999999998,1641.6891482472417,1731.7322075366972,1662.0054322481153,1747.0295536518095,1695.614085420966
1400.0,1638.966136574745,1731.0850298404691,1659.566280543804,1744.8575642704961,1693.6187528073785
1767.0,1647.552756667137,1731.6442570090292,1614.2441213130949,1742.6241102814672,1684.016311317682
1900.0,1658.5802558064458,1732.3254057765005,1647.1384823322294,1742.4032983183859,1695.1118605583904
1349.9999999999998,1644.3096709251402,1735.225182175636,1624.0070617198942,1743.5799065232275,1686.7804553359745
1179.0,1605.4735392332075,1734.1861855983732,1653.5375669598577,1744.402409493923,1684.3999253213403
1211.0,1635.5398085713384,1729.8920118808744,1631.9427615404127,1739.6155112981794,1684.2475233227012
1505.0,1668.5680386424062,1725.8585229516027,1655.7456865906713,1736.0846790671346,1696.5642318129537
1133.0,1661.6981092095373,1721.3032326102255,1655.1365104317663,1732.8411614894865,1692.7447534352539
1213.0000000000002,1676.6934582591055,1718.3386808633802,1642.2325414419172,1731.1621844768522,1692.1067162603138
1206.0,1685.6788066029546,1720.4866313934324,1648.178198635578,1732.6967844367025,1696.7601052671669
1900.0,1644.6545636653898,1722.2059130668638,1636.0832017660139,1729.889276921749,1683.208238855004
1671.9999999999998,1600.6795877218244,1727.2917854785917,1639.074671268463,1734.8705011606214,1675.479136407375
1185.0,1595.6713737547395,1727.5336134433744,1624.2097365856168,1737.5268661975858,1671.2353974953292
1749.9999999999998,1588.4345999360082,1726.709095239639,1603.3514268696306,1738.5950836539266,1664.2725514248011
1359.0,1620.3121319413183,1727.567872405052,1629.3330347537992,1739.0480792522428,1679.065279588103
1354.0,1611.0090965032575,1729.3438684940336,1620.7300049066541,1742.7306297421453,1675.9533999115226
1834.9999999999998,1631.2273538112638,1734.2367103695867,1652.8556984663007,1749.1461241245268,1691.8664716929195
1400.0,1618.7131884694097,1739.6440124511716,1607.0752176642416,1753.7909483909605,1679.8058417439458
1279.0,1630.5433261394498,1744.3229517340658,1621.9886618852613,1757.098809480667,1688.488437309861
1749.9999999999998,1663.9489805698393,1746.1699128150938,1659.5770764350889,1758.728845119476,1707.1062037348745
1298.0,1682.4722829461095,1746.4054071903226,1643.9515352249143,1757.3155909776685,1707.5362040847538
2399.9999999999995,1697.437547445297,1742.3877522349355,1662.9851233959196,1752.5413599610326,1713.8379457592962
1334.0,1707.8948795795438,1746.5032899379728,1647.9450073838232,1755.4228553175924,1714.441508054733
1799.9999999999995,1710.3998142480848,1745.8880680799482,1647.7155587077139,1753.7117785215376,1714.428804889321
1699.9999999999998,1652.9448005557058,1747.439365684986,1630.4127678275106,1754.1888129711149,1696.2464367598293
1192.0,1619.0982419252393,1749.4056573510168,1656.5697729587553,1755.8073329925535,1695.2202513068912
1300.0,1602.4899147450922,1747.7920314669607,1644.7561889886854,1752.9648467898367,1687.0007454976437
1774.9999999999998,1628.683553934097,1744.109337031841,1684.2422333359716,1750.068237185478,1701.775840371847
1749.9999999999998,1638.1709831953046,1730.3209686279295,1645.4030787944791,1733.5315227508543,1686.8566383421419
1270.0,1638.2858514785764,1730.4545497894285,1691.6487905383108,1733.2503977417944,1698.4098973870275
1298.0,1684.6088618040083,1733.155537843704,1721.087746620178,1738.047084212303,1719.2248076200483
1493.0,1718.4352681040762,1734.4642877578733,1683.6668843030927,1738.3906814455984,1718.7392804026601
1302.0,1699.2013081908224,1732.9934555292127,1695.667597055435,1737.5251388549802,1716.3468749076126
1799.9999999999995,1680.6628915667532,1728.1707149744032,1687.9419133067129,1732.2872602939603,1707.2656950354574
1749.9999999999998,1681.9170862436292,1729.8911482095716,1705.2471512556074,1732.696208655834,1712.4378985911605
1265.0,1672.9334652423856,1733.138264417648,1697.4697911739347,1737.6536819338796,1710.298800691962
1372.0,1646.852607131004,1736.9649040699003,1657.837786376476,1740.6070059537885,1695.5655758827922
1900.0,1638.5854014754293,1741.4607450366018,1667.8180840611456,1748.286483287811,1699.037678465247
1232.0,1609.7723191976545,1749.2681896686552,1654.7664272785184,1756.7043995857236,1692.627833932638
1303.0,1650.3655901551244,1754.1073399782179,1697.0375236868856,1762.6172372698782,1716.0319227725265
1275.0,1683.2117295265195,1755.4990023374555,1674.4356775283811,1762.3970010876653,1718.8858526200054
1185.0,1705.4937294125555,1754.2918777465818,1693.1187590956686,1761.2559473514555,1728.5400784015653
962.0,1695.7254630327222,1751.828399300575,1660.9259870648382,1757.009995281696,1716.372461169958
1699.9999999999998,1683.3743876218794,1750.412410199642,1664.0707582235334,1756.3412258028982,1713.5496954619882
1234.0,1700.1604151725767,1750.5393698811529,1666.9957250356672,1757.6849544048307,1718.8451161235569
1799.9999999999995,1665.9394550323484,1746.137669086456,1638.725028336048,1754.6769312024114,1701.369770914316
1292.0,1641.4835944771764,1740.7025855779646,1636.2888994812963,1752.763323485851,1692.809600755572
1274.0,1691.854200363159,1737.8717589378355,1641.4740940928457,1754.1490840911863,1706.3372843712566
1322.0000000000002,1677.1202558279035,1735.1563763618467,1646.2562420964239,1751.9483056664465,1702.6202949881551
1300.0,1646.5058431029317,1728.5812467336652,1650.1138299703596,1748.6853554844854,1693.4715688228605
1560.0,1604.0078890323637,1722.251831591129,1606.312308013439,1744.3580743670461,1669.2325257509945
1328.0,1611.6831919550893,1717.6493272185323,1638.3824387192724,1739.3443185091016,1676.764819100499
1380.0,1628.0198225378988,1715.3290742635725,1628.4253162145612,1735.799523591995,1676.8934341520069
1267.0,1626.9432562589643,1715.9951087832449,1628.4903794527052,1735.9564238786695,1676.846292093396
1952.0,1632.982333898544,1718.0012732744215,1609.9460610747335,1737.6644778251646,1674.648536518216
1382.0,1630.6492698192594,1724.954403042793,1600.24156242609,1741.8881183862684,1674.4333384186027
1087.0,1627.0782768726347,1728.5792315006254,1628.8791754841802,1746.3399121165273,1682.719148993492
1204.0,1622.733146548271,1726.9080275297163,1610.0892865657804,1742.8600364923475,1675.6476242840288
1900.0,1669.7552987933157,1725.2981442213056,1631.8696373701093,1744.7419762611387,1692.9162641614673
1219.0,1644.7746139764783,1726.6305011510847,1586.3886345922945,1745.8785676956174,1675.9180793538687
1955.0,1667.0756146311758,1722.2577333450315,1634.345926940441,1743.9217764139173,1691.9002628326414
1306.0,1592.4955824017522,1723.3568990230558,1529.074903130531,1744.600190222263,1647.3818936944006
1200.0,1610.5794200301168,1728.3456084132192,1608.6825099587438,1749.4717282056806,1674.2698166519401
1385.0,1622.4278387427328,1733.9463728666303,1611.8482971191404,1754.6115800738332,1680.7085222005842
1213.9999999999998,1608.5603004693983,1739.7044694423673,1586.623697131872,1759.1192245483396,1673.5019228979943
1292.0,1617.0678946375845,1738.9861828088758,1634.8046803474424,1757.7975195646284,1687.1640693396328
1359.0,1588.2819460332391,1736.5707820653913,1586.0545377433298,1755.81453025341,1666.6804490238426
1169.0,1600.043925642967,1736.4197835326192,1597.4055537581442,1755.8441829681394,1672.4283614754675
2399.9999999999995,1661.5321403741834,1736.7546001076696,1621.7449626326559,1755.8246064186094,1693.9640773832796
1281.9999999999998,1630.1425826549528,1744.1736805438993,1620.4331898689268,1762.2998380661008,1689.26232278347
1243.0,1595.4491943120954,1743.3105850219724,1612.3119446635244,1759.9748349189756,1677.761639729142
1400.0,1596.6678345203397,1743.174412846565,1614.5073971152303,1759.055600762367,1678.3513113111255
1600.0,1661.7506492137907,1743.4299156069753,1614.8314177989957,1757.444278001785,1694.3640651553867
2399.9999999999995,1719.199473261833,1743.7185257673261,1612.424509823322,1756.4277368783949,1707.942561432719
1279.0,1678.8441437482832,1749.893343746662,1589.3301551043985,1759.3622040748594,1694.3574616685507
1900.0,1623.6569869518278,1751.398434937,1595.9029096364973,1759.9074685573576,1682.7164500206707
1300.0,1646.6480609774587,1754.153114557266,1623.2480385899541,1762.3885083198545,1696.6094306111333
1799.9999999999995,1733.2007366418836,1751.9893300533292,1669.849151074886,1762.444359064102,1729.3708942085502
1342.0,1688.8588443398473,1752.6819944381712,1624.2140549421308,1761.9510588049886,1706.9264881312845
1339.0,1712.6676711440084,1746.2987437844274,1687.6210594177244,1756.3048076629636,1725.723070502281
1157.0,1687.7460038661955,1738.5490211844442,1664.6052268147466,1747.8805577754972,1709.6952024102209
1749.9999999999998,1684.9600881338117,1731.9820964336393,1674.5145595073698,1740.740011334419,1708.04918885231
1200.0,1632.2532513737676,1729.8075160384176,1624.4573223590849,1739.7014465928075,1681.5548840910194
1349.9999999999998,1615.9387883543966,1733.4938091039655,1641.1990147829054,1744.098541140556,1683.682538345456
1212.0,1603.703157007694,1738.4039244055746,1615.5902969837186,1748.0206164717672,1676.4294987171886
1202.0,1599.7862637042997,1739.9139097332952,1645.6182768940923,1749.4648188352583,1683.6958172917364
1231.0,1583.2680462300775,1741.4839202165601,1647.878648638725,1751.4774608612058,1681.0270189866421
1664.9999999999998,1583.0088728666303,1740.848689973354,1643.7946349382398,1752.6349243521688,1680.0717805325983
1749.9999999999998,1615.6331926584242,1735.4719042778013,1635.9841674566267,1748.8744994997976,1683.9909409731624
1227.0000000000002,1602.9053406417368,1731.4575600624082,1614.8000377416608,1744.8202824592588,1673.4958052262662
1523.0,1559.9538871645925,1730.1395976543424,1629.9373167753217,1746.4625534415243,1666.6233387589452
1146.66,1591.0460540652273,1732.8305095434187,1603.0943407118318,1749.0479534864423,1669.00471445173
1345.0,1646.4153015613554,1732.4568277597425,1628.7837398052213,1745.5797374248502,1688.3089016377924
1243.0,1635.425228178501,1733.8453233242033,1634.2270281910894,1747.912801504135,1687.8525952994821
1216.0,1631.8959793448446,1736.2486326694486,1625.0345426797865,1750.0414633750913,1685.8051545172927
1260.0,1718.2128727436063,1740.0647643208501,1625.967883467674,1755.2869710326192,1709.8831228911874
1699.9999999999998,1709.538014233112,1744.88246679306,1575.7099147140977,1760.9369647502897,1697.76684012264
1795.0,1659.2200922966001,1747.68162548542,1605.2712962031362,1762.9403942823408,1693.7783520668743
1184.0,1584.8710201680658,1750.6608596444128,1541.5648137032983,1763.314220011234,1660.1027283817527
1278.0,1580.3517881035802,1748.9202740788458,1616.4309370517728,1760.7306912541387,1676.6084226220844
1300.0,1648.80911052227,1747.2598659992216,1641.47438198328,1761.6538119316099,1699.7992926090953
1163.0,1652.239325046539,1744.6795040369032,1592.9341834783552,1759.0835261344907,1687.234134674072
1215.0,1672.5121375918386,1740.469682216644,1630.771623253822,1753.5039216279981,1699.3143411725757
1227.0000000000002,1674.9117043614385,1737.169882059097,1611.6179847717283,1749.22126352787,1693.2302086800335
1263.0,1654.2869457602499,1738.9501965045927,1592.947642356157,1752.361572384834,1684.6365892514584
1359.0,1607.578450143337,1743.1050312519071,1557.0113590359686,1757.532084584236,1666.3067312538622
1267.0,1591.4379449188707,1745.7848593592641,1595.9924435615537,1761.0596060752866,1673.5687134787438
1133.0,1571.5104569494722,1747.2499337792394,1614.1034868359563,1764.5188975334165,1674.3456937745211
1300.0,1555.7483117282388,1747.8644359111784,1592.6052686572073,1764.7946965694425,1665.2531782165167
1749.9999999999998,1659.8272532224653,1747.456783056259,1625.7927021384237,1763.5425171256063,1699.1548138856886
1370.0,1633.7396296858785,1746.807446181774,1602.6596981287,1763.0398604273794,1686.561658605933
1832.9999999999998,1571.526578813791,1746.1963987350462,1603.6072175204752,1764.3404054641721,1671.4176501333711
1095.0,1584.5594507455824,1749.3441927433012,1585.7970917224882,1766.364275217056,1671.516252607107
1699.9999999999998,1698.4333604574201,1747.7928951382635,1620.4114541411398,1762.6255860924718,1707.3158239573238
1749.9999999999998,1696.2248089909551,1746.9131019711492,1603.6707693338392,1762.7938580512998,1702.4006345868108
1187.0,1637.1351534128187,1746.1704885959623,1579.4470204412935,1760.930775105953,1680.9208593890069
1209.0,1656.3135504722593,1744.924786686897,1626.9235357642171,1761.5531942248342,1697.428766787052
1900.0,1644.1611194610593,1739.0745651721952,1641.058668196201,1755.8657747507093,1695.0400318950412
1799.9999999999995,1625.9835734963415,1738.4636616706846,1620.6525623798368,1752.753535211086,1684.4633331894872
1248.0,1612.3313772678373,1741.028765439987,1611.7792034149168,1755.0614088773725,1680.0501887500284
1164.0,1621.4112976193426,1743.1942772865293,1606.797835230827,1757.3783510923383,1682.1954403072593
1292.0,1611.8085682392118,1745.0881645083425,1626.511852443218,1757.7717533707616,1685.2950846403835
1760.0,1614.3687778711317,1746.7583608627317,1628.9163133502004,1758.043521940708,1687.021743506193
1122.0,1605.9357473254202,1747.4740564823148,1613.6215582489965,1756.7388024926183,1680.9425411373375
1799.9999999999995,1625.1286828517912,1743.0900609493253,1652.562913894653,1752.6929342746732,1693.3686479926107
1243.0,1606.8299350142477,1742.8123906254766,1634.5635721087453,1751.7906856536863,1683.999145850539
1215.0,1595.2624973654745,1746.9082078337667,1602.8079617023466,1755.2830845117567,1675.065437853336
1900.0,1636.105081439018,1751.1679786443708,1623.94502133131,1760.0096696615217,1692.8069377690551
1245.0,1650.6530487537382,1755.8722522854803,1634.2365285754202,1764.1888311505315,1701.2376651912925
1771.9999999999995,1640.7995668053625,1756.5616059303281,1628.4549689292905,1764.9334597587583,1697.6874003559349
1177.0,1632.5581273436544,1761.3515269756315,1627.7851918339727,1771.0188877582548,1698.1784334778783
1142.0,1669.8564922809599,1760.1942074298856,1605.55925861001,1768.8579821586607,1701.116985119879
1308.0000000000002,1704.8858487606046,1755.7516261935232,1628.015792071819,1765.4400029778478,1713.5233175009487
1689.9999999999995,1671.0365551710127,1751.9428357481954,1608.0783718824384,1764.5524367690084,1698.9025498926637
1749.9999999999998,1697.1272015571592,1748.8671582937238,1670.0790315866468,1762.205553948879,1719.5697363466022
2399.9999999999995,1690.3010314702985,1746.7567774653432,1643.2752805948255,1759.7430831193922,1710.0190431624649
1300.0,1683.7427434325216,1753.7238699197767,1647.2121822834013,1765.8682399988172,1712.6367589086292
1340.0,1668.4446775913236,1756.7616897821424,1619.5162588357923,1768.3079674839971,1703.2576484233139
1172.0,1642.613564431667,1758.5350948572157,1605.3647166490553,1768.6463826894758,1693.7899396568534
1400.0,1673.3556565642355,1762.0997542142866,1647.7660834789274,1772.0717030763624,1713.823299333453
1767.0,1703.9726603031156,1764.5131397247312,1679.5915073156355,1773.2758048176763,1730.3382780402897
1200.0,1722.707706093788,1764.519473314285,1648.4233373403547,1771.3682428002355,1726.7546898871658
1158.0,1715.3043156862257,1763.5764881968496,1639.4793012738226,1770.7862722873685,1722.2865943610666
1781.9999999999998,1714.2615765333173,1757.785140275955,1657.4974998831747,1764.5787787437437,1723.5307488590477
1218.0,1685.1132458448408,1755.0736442208288,1620.1550877094267,1764.618219733238,1706.2400493770836
1211.0,1703.8386473059652,1756.7924940586088,1656.2798672914503,1766.3611084222791,1720.8180292695758
1264.0,1694.6992775797842,1760.8107247948644,1666.6604766249654,1771.6603076457975,1723.4576966613529
1349.9999999999998,1680.9756845235822,1760.605027079582,1638.4274935722349,1771.1742046475408,1712.795602455735
1372.0,1649.74734544754,1758.0787885189054,1662.0988526940343,1769.4467180967329,1709.8429261893032
1400.0,1625.8011949062345,1751.5426680445669,1649.2698791623113,1762.5340369343755,1697.286944761872
1188.0,1623.1268367171285,1747.6031753420827,1653.3927580714223,1758.2116499543188,1695.583605021238
2399.9999999999995,1643.6154231429098,1746.700063049793,1634.845560789108,1757.801550030708,1695.7406492531297
1760.0,1666.8917965888975,1752.4041801691053,1651.018813550472,1763.1872603297231,1708.3755126595495
1187.0,1692.7242052555082,1755.1892322301862,1663.8451960682867,1766.3199400901792,1719.51964341104
1167.0,1673.9009210467336,1755.151086747646,1636.9209629297254,1766.2908631563184,1708.065958470106
1239.0,1657.309939265251,1758.0972135066984,1633.2463294267652,1771.407827734947,1705.0153274834154
1259.0,1646.3349801301954,1762.2356384992597,1619.3559038639066,1776.1752933263776,1701.0254539549348
1247.0,1681.003609895706,1765.7496291399,1631.7891719937322,1779.3959236145017,1714.48458366096
1900.0,1686.666270792484,1762.5384992361066,1635.1806652545927,1774.0109330415723,1714.599092081189
1740.0,1660.0171169638631,1760.2060109376905,1622.897244095802,1771.5281659364698,1703.6621344834564
1294.0,1653.4799888730047,1758.164004087448,1640.5475187301633,1771.104823052883,1705.8240836858747
1533.33,1653.7543484568594,1757.868772447109,1614.6588274836538,1773.1032145023344,1699.8462907224891
1799.9999999999995,1661.0031417012212,1755.802438855171,1644.4867235422132,1769.1114696860311,1707.6009434461591
1219.0,1660.4801887273786,1755.9216254949567,1657.4377626180647,1767.7092993259428,1710.3872190415857
1213.0000000000002,1591.1276710033414,1757.887341380119,1590.909018218517,1768.704248666763,1677.1570698171852
1155.0,1616.0611417889593,1758.698328733444,1650.1466494798658,1770.72696685791,1698.9082717150447
2049.9999999999995,1644.432312250137,1753.8907024264333,1646.7781874537466,1764.4725471734998,1702.3934373259542
1749.9999999999998,1616.0569673776624,1742.561925947666,1641.0598197579382,1756.1340886354444,1688.9532004296777
1213.0000000000002,1623.6401453614233,1733.5025897622106,1613.0570051074026,1750.3411573171613,1680.1352243870494
1400.0,1711.0589393973348,1730.0280401110647,1660.2852869033811,1751.1016198992727,1713.1184715777633
1212.0,1697.1870827674863,1730.5514249205587,1606.8764293193815,1751.0200029611585,1696.4087349921463
1250.0,1611.2884941697118,1733.249965906143,1642.0736259222028,1751.105218529701,1684.4293261319397
1265.0,1571.4856263995168,1734.228361546993,1649.950452148914,1752.9733395576475,1677.1594449132679
1785.0,1532.0218215882776,1734.6357265114782,1597.5483474135397,1751.1535841226575,1653.8398699089882
1200.0,1615.304133892059,1738.820213973522,1610.8506128191946,1755.8094921708105,1680.1961132138965
1900.0,1665.681649148464,1743.9672631025312,1579.2197309434412,1761.7030411958692,1687.6429210975764
1267.0,1633.5465991497038,1749.3644890189169,1627.8057760000227,1765.4407227039335,1694.0393967181442
1268.0000000000002,1573.0659289658067,1750.2732151746748,1629.1198518872259,1767.62710660696,1680.0215256586669
1749.9999999999998,1501.3149240612981,1745.247223973274,1634.4428020715711,1760.8236798644064,1660.4571574926374
1779.9999999999998,1574.7952148318288,1742.4181246757505,1649.7447544336317,1757.461695373058,1681.1049473285673
1749.9999999999998,1619.4255733489988,1741.5178912878034,1608.5302159190176,1754.889250397682,1681.0907327383754
829.0,1596.3163922727106,1740.5084034800527,1623.810288608074,1753.9818197488783,1678.6542260274289
1450.0,1601.3974425196645,1739.6962645649908,1600.2297589182851,1754.691757559776,1674.0038058906791
2399.9999999999995,1692.3964419960973,1742.0073050260542,1649.2160436511037,1757.0546182990072,1710.1686022430656
1247.0,1653.117678761482,1750.8602237701414,1614.6690475940702,1765.4482078552244,1696.0237894952295
1346.0,1584.125743806362,1754.5604795217512,1581.8316888809202,1767.8672072291372,1672.0962798595426
1263.0,1575.974557995796,1756.4782616496084,1643.2122325897215,1769.4190806150434,1686.2710332125423
839.0,1609.3220585584638,1756.989267170429,1619.011011123657,1768.0095690488813,1688.3329764753578
1372.0,1641.7953798174856,1754.0915060043333,1655.0931829214094,1764.4798883795736,1703.8649892807005
1329.0,1667.998735308647,1752.3575419187544,1637.159480154514,1764.0811601281164,1705.399229377508
1220.0,1707.7483433485029,1749.468849301338,1656.9250297546384,1762.7120971679685,1719.213579893112
1216.0,1722.3590707778928,1747.5218462944028,1654.5621690154073,1762.602842748165,1721.761482208967
1136.0,1667.6460695266721,1745.006259679794,1653.9801985025404,1760.0695508718488,1706.6755196452139
1691.9999999999998,1619.877417385578,1740.2880233526228,1663.2219132781026,1754.5240613818166,1694.47785384953
1259.0,1596.056283265352,1741.2228035926817,1665.9447810053823,1754.901341795921,1689.5313024148343
1146.0,1563.8373132050035,1742.9199177026746,1608.5692250728605,1755.8985942602155,1667.8062625601885
1400.0,1602.1576172113416,1745.360220968723,1642.7375012636182,1757.7816855907438,1687.0092562586067
1149.0,1629.2250758409498,1748.1219539046285,1623.0468031764028,1759.9595767259596,1690.0883524119852
1138.0,1591.5976521372793,1751.2403830885885,1607.1230794489381,1763.2661423087118,1678.3068142458794
1760.0,1676.4321976900098,1752.628590762615,1628.262082338333,1765.0396913290022,1705.59064052999
1300.0,1685.8316764235494,1752.0231571793554,1636.0980281233785,1764.88869279623,1709.7103886306284
1079.0,1649.5419356226919,1747.5297632813451,1631.649833023548,1763.5337364673612,1698.0638170987365
1146.0,1624.4374579191206,1744.834676980972,1580.8668960630891,1761.609332859516,1677.9370909556744
1244.0,1708.9488464593885,1741.8881183862684,1649.8000293970106,1761.515048742294,1715.5380107462404
1015.0,1680.2778381109235,1740.639969408512,1631.6056418418882,1761.5307387709615,1703.5135470330713
1799.9999999999995,1577.7234204113481,1739.971343874931,1602.4590384960172,1760.937252640724,1670.272763855755
1265.0,1517.7590817213056,1744.1306409239767,1602.3592844605444,1763.254338800907,1656.8758364766834
1799.9999999999995,1517.9910494387148,1746.109455823898,1583.082932680845,1762.8291246294973,1652.5031406432388
1760.0,1522.1184626221655,1749.8436826467512,1607.0402389764783,1765.324990749359,1661.0818437486885
1699.9999999999998,1560.5940835177896,1749.987915754318,1602.3543903231619,1764.873290657997,1669.4524200633166
1115.0,1559.949640780687,1748.9788597822187,1571.9725210964677,1763.5380548238752,1661.1097691208122
1297.0,1570.4371294379232,1746.7485725879667,1598.1604024767873,1758.619014918804,1668.4912798553703
1699.9999999999998,1631.0382097959516,1746.635863482952,1628.6539012193678,1759.7435149550436,1691.5178723633287
1276.0,1600.6025770306585,1746.5945512056348,1577.9989315569399,1759.0671163797376,1671.0657940432427
1900.0,1615.579932928085,1746.3322830200193,1619.477969408035,1760.506136715412,1685.4740805178878
1359.0,1611.8121668696401,1748.5173714160917,1600.0161442160604,1760.708235800266,1680.2634795755146
1208.0,1638.268002271652,1748.1195068359373,1623.903709053993,1761.4119839668272,1692.9258005321024
1267.0,1597.3877045512197,1747.932378053665,1561.9676087796686,1761.0227560997007,1667.0776118710635
1265.0,1632.77922719717,1749.50138092041,1644.1507554054258,1763.809247612953,1697.5601527839897
1828.9999999999998,1683.0911034345625,1749.7367313504217,1630.9502592682836,1762.367204427719,1706.5363246202467
1319.0,1658.9975529909132,1754.7309106588361,1621.475929021835,1765.2106982469556,1700.103772729635
1133.0,1656.2887918949125,1757.6970458030698,1624.8040863871572,1768.446730673313,1701.8091636896131
1751.9999999999998,1703.6415863037107,1760.0033360719679,1639.1074907779691,1772.5595334172247,1718.827986642718
1749.9999999999998,1734.9106618762014,1766.392488479614,1647.8138732910154,1778.046437203884,1731.7908652126787
1349.0000000000002,1702.7098289132116,1769.0416562557218,1655.8566683530805,1777.6716038584707,1726.3199393451212
1177.0,1633.3518412709234,1768.5751298069952,1658.932201862335,1777.0441466569898,1709.4758298993108
1221.0,1645.752577781677,1764.890851974487,1703.9532276988027,1773.8317212462423,1722.1070946753023
1318.0,1689.106142222881,1761.2421286106107,1701.7017805576322,1771.0243576765058,1730.7686022669075
1233.0,1693.747799694538,1759.2277592420576,1700.6925806403158,1768.9763051271436,1730.6611111760137
1316.0,1658.0479463934896,1757.3691385984419,1679.0420684218404,1766.8726897239683,1715.332960784435
1187.0,1624.2133352160452,1754.859885573387,1673.0800014734266,1763.2919085025785,1703.8612826913593
1900.0,1604.4673621654508,1754.6518847346304,1662.5564545392988,1762.266298830509,1695.9855000674722
1201.0,1614.6465921401975,1756.8293440341947,1691.010681390762,1763.4708324074743,1706.4893624931572
1740.0,1595.1954188942907,1758.2457649707792,1693.974945247173,1766.7418435215948,1703.5394931584594
1141.0,1544.168206900358,1760.6402936577795,1649.1650870442388,1770.818228125572,1681.197953931987
1250.0,1622.08712041378,1761.1163204908369,1680.7269471883772,1771.6722550988195,1708.9006607979534
1200.0,1709.1803103685377,1758.6912754178045,1711.9424751400945,1771.640155315399,1737.863554060459
1435.0,1641.6262441873548,1758.2089149951933,1635.3565663099287,1770.757339298725,1701.4872661978004
1268.0000000000002,1689.9774426221845,1758.0108463764188,1675.022974014282,1770.3924381732938,1723.3509252965448
1699.9999999999998,1640.1277744770048,1758.275993466377,1628.9708685874937,1770.5863323807714,1699.4902422279117
1189.0,1579.1166661679742,1759.0009015798566,1679.6980267763136,1771.7437958717344,1697.3898475989697
1313.0,1666.2263378500936,1760.1600924134252,1648.5347509384153,1772.6536735892294,1711.8937136977909
1221.0,1726.1744827032087,1759.1779541969297,1654.1224163770673,1772.44480907917,1727.979915589094
1280.0,1694.3923863768575,1759.4684356451032,1613.5153266787527,1772.0987647771833,1709.8687283694742
1279.0,1694.594917297363,1760.8837050199506,1650.920067131519,1774.1750305891035,1720.143430009484
1129.0,1655.7488533854482,1760.2807185053823,1596.0323163866994,1774.7559934854505,1696.7044704407451
1799.9999999999995,1616.2191936373708,1757.7551996707914,1604.1987603902814,1772.7092364430425,1687.7205975353716
1400.0,1623.5657256841657,1757.5004166364668,1620.1275941729543,1774.1458097100256,1693.834886550903
1193.0,1554.8485821485517,1756.4804208278654,1537.8430381417272,1772.8916150331495,1655.5159140378234
1319.0,1600.830154418945,1757.17394888401,1606.8385717272756,1774.02360022068,1684.7165688127277
1212.0,1649.0405744314191,1757.3415011167524,1624.6910893917081,1774.4496780633924,1701.380710750818
2399.9999999999995,1624.0935727953909,1755.5203062295911,1630.2800503373144,1774.462201297283,1696.0890326648948
1328.0,1675.3770792484281,1759.3731439113615,1623.1789448857305,1777.2400560975072,1708.7923060357568
1204.0,1732.1234506368635,1757.9149788618085,1600.320732295513,1776.291745007038,1716.6627267003057
1848.0,1702.9503613710401,1755.2109679579733,1602.7377164363859,1772.9972708225248,1708.474079146981
1240.0000000000002,1649.0300664305685,1756.521301269531,1593.3789741992948,1773.0057635903356,1692.9840263724325
1900.0,1664.2925778031347,1758.8900637626646,1638.4837761521337,1776.3235569000242,1709.4974936544893
1345.0,1663.73709321022,1761.9108980894086,1633.3773195743559,1776.4559864997861,1708.8703243434427
1330.0,1686.9747453927992,1762.6795655488966,1662.0219859480856,1777.4555420875547,1722.282959744334
1831.9999999999998,1642.061966359615,1761.4966237545011,1593.3183012902734,1775.896615386009,1693.1933766975997
1161.0,1657.2386863827703,1766.4090421795843,1629.7429907321928,1780.5129384994505,1708.4759144484995
1447.0,1728.263847529888,1765.5456587672231,1666.246346235275,1777.6776495575903,1734.433375522494
1261.0,1690.2709469199178,1765.0738063454626,1627.4264803528783,1776.7908030748365,1714.8905091732738
1104.0,1723.7900301814077,1768.5718190670011,1645.3395989537237,1779.2609030008314,1729.240587800741
1470.0,1749.5582392811773,1769.3594872951505,1647.105374932289,1777.762145400047,1735.946311727166
1250.0,1708.8561457395551,1768.4393894672392,1643.2220208644865,1774.8481184244154,1723.841418623924
1400.0,1662.5188848376272,1765.188242793083,1638.806501328945,1773.9244219660757,1710.1095127314327
1053.0,1634.6084830164907,1759.5205438137052,1632.4239704012869,1767.2109609842298,1698.4409895539281
1232.0,1637.8246510028837,1758.2302188873289,1647.88843691349,1767.7179360389707,1702.9153107106683
1247.0,1639.528530538082,1755.5257761478422,1639.7644567489622,1765.6190708279607,1700.1094585657117
1900.0,1625.7878080010412,1754.5509791374204,1646.1692991852758,1766.931995153427,1698.360020369291
1799.9999999999995,1629.7123304009435,1755.6105598807333,1623.2883432507513,1767.4137797951696,1694.0062533318994
1385.0,1656.6675117611883,1758.211937844753,1665.6367382407186,1770.7589226961134,1712.8187776356933
1300.0,1657.4091175198553,1754.1056126356123,1626.8371686339376,1766.23055011034,1701.1456122249363
1360.0,1618.7996995449064,1751.5554791688917,1628.0758172273634,1763.9151912927625,1690.586546808481
1855.9999999999998,1639.5902830362318,1754.9321460723875,1600.9817287325857,1767.7853024005888,1690.8223650604484
1231.0,1646.267181932926,1760.1841312646864,1602.1133540570734,1774.3397039175031,1695.7260927930472
1279.0,1658.6104843020437,1764.3722173571584,1609.081094264984,1780.1637274026868,1703.0568808317182
1699.9999999999998,1665.480845570564,1765.2476921677587,1653.0700328946111,1782.2733885049818,1716.517989784479
1799.9999999999995,1678.0452477931974,1765.0022655725477,1647.6159486174581,1780.7484328746793,1717.8529737144706
1311.0,1695.8442178368566,1766.003836393356,1665.030297040939,1782.1670129895208,1727.2613410651682
1954.0,1695.4807561635969,1765.3375139832494,1644.8712012171743,1782.8801175951955,1722.142397239804
1397.0,1697.9111272096632,1762.6378214359281,1662.7899336814878,1777.8670814633367,1725.301490947604
1232.0,1677.220729589462,1757.2496640682218,1663.4798631072042,1769.3612146377561,1716.827867850661
1457.0000000000002,1645.9388428926466,1754.3747901916502,1655.6138327717779,1765.606259703636,1705.3834313899276
1359.0,1602.9619830846784,1754.8549914360044,1625.3051596879957,1765.9197723865507,1687.2604766488073
2399.9999999999995,1597.1987044811247,1757.392025887966,1634.1908979415891,1769.2119434475896,1689.4983929395673
1900.0,1571.9638124108312,1767.069031000137,1672.4479380249975,1778.5486620664594,1697.5073608756063
1699.9999999999998,1669.298416674137,1760.9779891371725,1779.5973029732702,1768.1021258234975,1744.4939586520193
1300.0,1589.955021291971,1755.1063197851179,1570.071436613798,1764.9013599753378,1670.0085344165561
1319.0,1616.6803941130636,1750.7449236512182,1648.9180770516393,1765.386887192726,1695.4325705021618
1420.0,1732.8093495965002,1749.996552467346,1693.7180030345914,1765.0565329194067,1735.395109504461
1259.0,1752.2449767589567,1747.040925323963,1690.3871107101438,1759.9857747554777,1737.4146968871353
1799.9999999999995,1733.0493062734602,1743.9845365285871,1704.2483153939245,1757.1129161119459,1734.5987685769794
1237.0,1730.8447852730749,1745.4487472772596,1678.5201230645177,1756.424570083618,1727.8095564246175
1480.0,1681.1954888701437,1746.2557041645048,1674.8616114258764,1754.8544156551359,1714.2918050289152
1855.9999999999998,1640.8703878521917,1746.8359473347662,1680.7108253240583,1753.3968263864515,1705.453496724367
1370.0,1595.4419250786302,1750.2809882164,1662.132247984409,1758.9581498503683,1691.7033277824519
2099.9999999999995,1639.5967605710027,1753.1652185320852,1677.9466453194616,1763.267581760883,1708.4940515458582
1413.0,1695.1308253407476,1760.0514137744901,1678.4667193889616,1769.627225399017,1725.819045975804
1227.0000000000002,1649.805931150913,1761.9142088294027,1648.2894682884214,1772.1851319074628,1708.04868504405
1153.0,1556.4907811582086,1763.0854910612104,1655.1333436369894,1774.1302636265752,1687.209969870746
1359.0,1617.3589518666265,1762.4996340274809,1675.9715729951856,1772.5844359397886,1707.1036487072704
1313.0,1662.9730319976804,1761.2179458141325,1704.7193041443822,1772.6860612630842,1725.3990858048198
1315.0,1647.1289819478986,1758.5090407729147,1727.9448649287222,1772.2867572307584,1726.4674112200735
2399.9999999999995,1659.8917406797407,1757.3869878053663,1669.7059255838392,1770.1422613859174,1714.281728863716
1239.0,1705.049082636833,1763.7772917747495,1723.9774468541143,1774.2913383245466,1741.7737898975608
1302.0,1630.5415987968443,1764.5199051499364,1686.7121893167493,1775.5399191379545,1714.3284031003711
1346.0,1631.9280791282652,1764.5658236742017,1651.7903599143026,1774.18323546648,1705.6168745458124
1280.0,1717.26139485836,1763.3474713563917,1686.118991076946,1772.855340838432,1734.8957995325325
2019.9999999999998,1702.2199833393095,1756.9417652487753,1649.8224848508833,1765.8470800518987,1718.7078283727167
1765.0,1749.3821942806242,1749.9594146013258,1678.4393697977064,1759.2234408855436,1734.2511048913
1900.0,1781.500546634197,1748.869461417198,1642.579881250858,1757.8618630766866,1732.702938094735
1349.0000000000002,1667.732724547386,1751.2043967843053,1676.3741877675054,1758.8529258966444,1713.5410587489603
1760.0,1646.8953588604925,1751.509128808975,1671.3191196322439,1759.003492593765,1707.181774973869
1200.0,1589.7558011114595,1751.5455469489095,1678.9968696236608,1759.936113655567,1695.0585828348992
1420.0,1595.9841667115686,1750.0860863924024,1671.5373405814169,1759.2723822593687,1694.2199939861891
1267.0,1655.5500650405882,1747.2680708765981,1682.6827308535574,1754.0612775087354,1709.8905360698698
1900.0,1693.0250507593153,1742.5691232085226,1672.9844218492506,1749.4976383447645,1714.5190585404632
1485.9999999999998,1698.8561275601385,1744.4113340973852,1677.7890253067014,1750.4587605595586,1717.878811880946
1105.0,1734.6646595001218,1747.908483147621,1675.1578506827352,1756.4791253209112,1728.5525296628473
1799.9999999999995,1700.8343666791914,1750.6532305479047,1616.1413192749021,1760.1089918613432,1706.9344770908353
1300.0,1686.0497534275053,1754.280218183994,1674.6615275740621,1763.135008215904,1719.5316268503664
1699.9999999999998,1627.3949563503263,1754.1164085268972,1609.1296038031576,1762.5347566604612,1688.2939313352106
1420.0,1617.6462665200231,1754.0275943279264,1645.2276095747945,1762.8142982721326,1694.9289421737192
1520.0,1657.7532905340192,1748.693704307079,1657.6178380846975,1759.7773420810697,1705.9605437517164
1467.0,1668.8654294610021,1744.116966128349,1618.395357429981,1754.6184894442556,1696.499060615897
1305.0,1666.9819062948225,1743.6099910736082,1613.9536398649213,1756.332445144653,1695.2194955945013
1387.0,1616.8299531936643,1746.1261534690855,1543.9823736250398,1760.4227924346922,1666.8403181806204
1252.0,1590.195985585451,1748.3991923928259,1615.0317895412443,1763.773405253887,1679.350093193352
1133.0,1643.4435525536535,1749.0689694881437,1640.4006946086881,1764.0942591428754,1699.2518689483402
2399.9999999999995,1680.4049417376516,1749.5164951682088,1624.0999063849447,1764.0592804551122,1704.5201559364793
1349.9999999999998,1674.929553568363,1755.7637175917623,1623.797189593315,1768.7434017658231,1705.8084656298158
1363.0000000000002,1654.5782908797262,1756.8823158740995,1589.6860596537588,1768.1224220991132,1692.3172721266744
1403.9999999999998,1620.4802599549291,1756.980486512184,1612.7770316600797,1769.7777920961378,1690.0038925558326
1297.0,1650.677951276302,1754.548388123512,1634.1193571686742,1767.7293077111242,1701.7687510699031
1555.0,1662.9358941316602,1751.1756077408788,1632.937710881233,1765.8272156119344,1703.2191070914266
1124.0,1638.4696695208547,1752.4637734889982,1571.581997722387,1765.7068774104116,1682.055579535663
1123.0,1657.1118706464765,1754.5596158504484,1662.2904437780378,1768.7731984257696,1710.683782175183
2069.9999999999995,1637.8243631124494,1756.5544086694715,1632.4851471185682,1769.4670143723486,1699.0827333182094
1253.0,1656.716165244579,1754.5047727227209,1665.7079911231992,1766.8341124057768,1710.940760374069
1900.0,1612.0708364248273,1752.4083545804021,1603.5716630518434,1764.652910530567,1683.17594114691
1273.0,1623.043636381626,1740.499910712242,1674.4297757744787,1748.3850857615469,1696.5896021574733
1710.0,1569.3068715929983,1741.1095187067983,1594.9978540837762,1749.837061166763,1663.812826387584
1380.0,1595.659498274326,1746.2784475088117,1648.166251182556,1755.3740578889845,1686.3695637136695
1539.9999999999998,1638.9435371756551,1745.710871517658,1659.9619859457014,1756.5836295485494,1700.300006046891
1512.9999999999998,1645.2656111121175,1746.303781867027,1644.4644120335577,1754.352910518646,1697.596678882837
2399.9999999999995,1652.024270892143,1749.3631935119627,1678.9954301714895,1758.0759096145628,1709.6147010475395
1450.0,1608.5037299990652,1759.139088988304,1609.5293396711347,1767.2086578607557,1686.0952041298149
1900.0,1583.783226162195,1763.6031180620191,1612.7128320932386,1771.8015179038046,1682.9751735553143
1541.0,1622.2877800464628,1768.2541319727895,1640.7939529418943,1774.6448677778242,1701.4951831847427
1760.0,1640.1526769995687,1770.4492965340612,1670.389665365219,1777.6495802402494,1714.6603047847746
1246.0,1672.1273720264433,1768.56735676527,1665.4306086897848,1774.0447601675985,1720.0425244122741
2080.0,1694.5770680904386,1762.4429196119306,1667.0970624685285,1769.504440128803,1723.4053725749252
1785.0,1692.868438363075,1757.6079437136648,1675.1765635609624,1763.9529049396513,1722.4014626443384
1308.9999999999998,1691.0001733899114,1757.4628469347952,1644.7987967729566,1764.1193056106565,1714.34528067708
1206.0,1669.4330054521558,1758.0307108163831,1656.899695396423,1766.0190945863721,1712.5956265628336
1295.9999999999998,1647.3096331954,1759.2277592420576,1625.2579456567762,1767.3662778735159,1699.7904039919374
1430.0000000000002,1652.3340409994123,1760.6981596350668,1650.3884774446485,1769.8299002647398,1708.3126445859668
1799.9999999999995,1640.4756900668142,1757.3343038558958,1641.8854895234106,1766.3893216848371,1701.5212012827394
1288.0,1661.7093369364736,1755.0306046009061,1639.2075327038763,1765.2551773190496,1705.3006628900764
1221.0,1644.8357906937597,1752.7182686328886,1604.3368038535116,1764.0955546498296,1691.4966044574974
1267.0,1660.7546922564504,1752.6175069808958,1654.786579608917,1766.279635429382,1708.6096035689113
1276.0,1694.0339627861974,1756.9267949461935,1637.1600559353826,1772.9088884592054,1715.2574255317447
1368.0,1687.3939138650892,1759.4282749295232,1666.007541120052,1775.113841295242,1721.9858928024767
1744.9999999999995,1677.3196199536321,1759.031705856323,1643.0894473195074,1774.8593461513517,1713.5750298202036
1421.0,1648.2540577650068,1761.0239076614378,1608.471054434776,1774.7148251533506,1698.1159612536428
1349.9999999999998,1710.1251667737959,1761.5134653449056,1667.8471609950063,1775.2035191655157,1728.6723280698059
1389.0,1732.2519937157629,1759.686368703842,1647.3040193319318,1772.8767886757848,1728.0297926068304
2080.0,1694.2449864745138,1754.6701657772062,1649.0325134992597,1766.0225492715833,1715.9925537556408
1699.9999999999998,1681.9304731488226,1752.1044862270353,1681.3292139768598,1761.5567928552625,1719.230241551995
1354.0,1651.2473985552786,1750.88037610054,1630.2573069930074,1760.1884496212003,1698.1433828175066
1590.0,1645.5612745881078,1751.2269961833952,1623.8600936532018,1758.0151647329328,1694.6658822894094
1292.0,1647.0367130637167,1753.3948111534116,1635.7682496309278,1758.4245449304578,1698.6560796946285
1541.0,1589.0593221783636,1754.9433737993238,1599.833333790302,1764.086198210716,1676.9805569946764
1420.0,1534.1301871836183,1760.2674755454061,1628.8683795928953,1771.5136274695394,1673.6949174478648
2399.9999999999995,1618.914423882961,1758.266205191612,1670.1458221673963,1768.2803300023077,1703.9016953110693
1265.0,1648.8161638379095,1762.117603421211,1650.9456893801687,1770.392582118511,1708.06800968945
1749.9999999999998,1608.9870980381963,1765.8774524927137,1654.7327440977094,1774.2326086759565,1700.957475826144
1322.9999999999998,1628.7971267104147,1768.3749020099638,1667.3160031437872,1775.8731523156164,1710.0902960449455
1552.9999999999998,1632.9166948795316,1768.9905557036398,1683.2206541299818,1777.1459159255025,1715.568455159664
1361.0,1592.4033135175703,1769.2207241058347,1684.6827057003973,1777.2579053044317,1705.8911621570585
1498.9999999999998,1622.030693888664,1769.7065392136572,1664.6177500486372,1778.3469948172567,1708.6754944920538
1799.9999999999995,1665.7295829057691,1771.2247294187544,1667.8569492697713,1781.0386264324186,1721.4624720066784
1159.0,1673.4500846266744,1776.0805773735044,1655.2634701132772,1784.5634129643438,1722.33938626945
1267.0,1670.791560411453,1776.3598310947416,1686.419692635536,1785.629903078079,1729.8002468049524
1247.0,1721.6982182860372,1777.4054491519926,1685.9911677241323,1786.2514585256574,1742.8365734219549
1452.0,1736.8133297562597,1772.7226233482359,1685.3755140304563,1780.90000718832,1743.952868580818
2099.9999999999995,1740.0476348400114,1767.9131257534025,1687.5322452187536,1777.1719700098035,1743.1662439554927
1948.0,1741.5014815330503,1769.7086983919141,1663.1359779834745,1777.9646763205526,1738.077708557248
1213.0000000000002,1756.001083254814,1769.7371995449064,1701.5978521108625,1776.529542505741,1750.966419354081
1200.0,1698.0549284815786,1767.6066663861272,1671.3183999061582,1776.506943106651,1728.3717344701288
1900.0,1626.4627671241758,1763.8838112354276,1669.9686256051061,1773.2159236073492,1708.3827818930147
1213.0000000000002,1615.9632590413091,1764.113259911537,1680.142529606819,1771.107126176357,1707.8315436840055
1300.0,1644.4970875978468,1765.5843800306318,1710.858279764652,1773.5776579380033,1723.6293513327835
1145.0,1619.7799664735792,1765.0411307811735,1683.1888422369955,1774.2664358019827,1710.5690938234327
1372.0,1627.2286996245382,1763.7643367052076,1650.165218412876,1773.4754568338392,1703.6584278941152
1774.9999999999998,1731.0571044683454,1764.7618770599363,1694.1658166050909,1774.987745285034,1741.2431358546016
1875.0,1738.5566502809522,1752.227847278118,1741.8043422698972,1760.2915143966673,1748.2200885564087
1799.9999999999995,1701.5789952874181,1745.1997220516203,1667.31585919857,1752.782900035381,1716.7193691432474
1875.0,1680.8814004063604,1747.2014242410658,1675.0460052490232,1756.4676097035406,1714.8991098999975
1950.0,1748.817353248596,1747.8972554206846,1719.0103292465208,1754.6880149841306,1742.603238224983
1500.0,1686.2918692827222,1746.7495802044866,1610.6200125813482,1755.9760367870329,1699.9093747138975
1324.0,1611.6614562273023,1745.7003635168073,1612.4072363972662,1757.1762520074842,1681.736327037215
1250.0,1650.2384865283964,1746.251673698425,1687.6289764046667,1759.235820174217,1710.8387392014263
1340.0,1638.6128950119016,1742.9055231809614,1656.9555461406705,1757.8830230236051,1699.0892468392847
1292.0,1635.1199203729627,1739.0924143791196,1667.6865181326864,1753.2384866476057,1698.7843348830936
1493.0,1631.1497673392294,1737.4606513977049,1673.9085501432417,1752.4034604430196,1698.7306073307989
1400.0,1647.3977276682851,1739.8688548803327,1676.168490052223,1754.664407968521,1704.5248701423404
692.0,1659.3408623337743,1741.927991211414,1678.5060164332388,1757.3273944854734,1709.2755661159752
1257.0,1610.7363203167913,1741.8983384966848,1620.9866592288015,1756.703679859638,1682.581249475479
1226.0,1622.5261533260343,1746.1047056317327,1681.5472909808157,1762.4512684345243,1703.1573545932768
1342.0,1648.2936426997182,1746.7474210262296,1648.1397652626035,1764.206824302673,1701.8469133228061
1257.0,1700.391015410423,1745.9925723075864,1639.5892754197118,1761.1351773142812,1711.7770101130006
1289.0,1703.0650857090948,1746.912958025932,1662.5843799114225,1762.9241284728048,1718.8716380298135
932.0000000000001,1624.806101620197,1749.487274289131,1613.353964090347,1765.4916793107984,1688.2847548276184
1229.0,1656.1911970376966,1750.1479828357694,1641.1849081516264,1766.2174510955808,1703.4353847801683
1399.0,1660.1535770297048,1748.6731201410291,1635.6600028276441,1766.603080332279,1702.7724450826643
1361.0,1632.4684494733808,1746.9941431283949,1612.1033680438993,1761.7586040496824,1688.3311411738393
1315.0,1650.5276724696157,1743.4607198834417,1629.934293925762,1759.605039656162,1695.8819314837453
1590.0,1595.1127943396566,1741.5940383076666,1534.1138494014738,1758.1193810701368,1657.2350157797334
879.0,1619.678772985935,1741.328603327274,1611.3617622852323,1756.7683112621305,1682.284362465143
1280.0,1639.6721878647802,1739.9586766958234,1633.1281504034994,1758.162996470928,1692.7305028587577
1300.0,1618.3146041631696,1739.4780436158178,1593.0225658416746,1760.331387221813,1677.7866502106187
1892.9999999999998,1680.0846636295316,1741.2605172395704,1569.560647010803,1760.8790987730024,1687.9462316632269
1335.9999999999998,1732.4841773509977,1745.5647671222684,1620.0357571244238,1763.078581690788,1715.2908208221195
1699.9999999999998,1649.8643729090688,1743.8842067122457,1610.7170316576955,1758.7599372863767,1690.8063871413467
1173.0,1587.6696750521658,1742.8321111202238,1617.804750204086,1756.770038604736,1676.269143745303
1239.0,1610.7199105620382,1741.5475440025327,1608.21684718132,1757.0700204372404,1679.3885805457828
1264.0,1619.2296639084814,1741.661836504936,1593.9895898103712,1757.7566391229627,1678.1594323366878
1413.0,1668.9009839296339,1742.2397765517233,1609.0740409493444,1759.3069291114805,1694.8804326355455
1366.0,1633.9669191837309,1744.5672267675398,1568.2314568758009,1759.9257495999334,1676.6728381067512
1555.0,1655.484857857227,1748.290801644325,1630.6679826974867,1761.8193489313123,1699.0657477825878
1699.9999999999998,1633.467573225498,1751.3595697283743,1593.3095206320284,1760.6168305873869,1684.6883735433219
1299.0,1611.6064691543577,1753.7733870744703,1631.4314681291578,1762.6632997393606,1689.8686560243366
1292.0,1629.4582670927045,1754.6061101555822,1596.0647040605543,1763.2796731591222,1685.8521886169908
1386.0,1713.1494557857511,1756.2675258517263,1634.7735881805418,1766.9065168499944,1717.7742716670034
1981.0,1771.7191812396047,1759.1854393482206,1636.5508797764776,1770.6849348545072,1734.5351088047025
1165.0,1739.358713030815,1765.8434814214704,1680.3490909934042,1775.1149928569791,1740.1665695756672
1221.0,1701.3720020651815,1768.6121237277982,1651.2711495161054,1776.2630999088285,1724.3795938044784
1319.0,1683.0752694606779,1769.939874410629,1677.0276990532873,1775.4584461450575,1726.375322267413
1510.0,1674.1356956958768,1768.611835837364,1671.244412064552,1773.9624235033987,1721.988591775298
1457.0000000000002,1660.9075620770452,1766.493538022041,1638.9786598086355,1770.107138752937,1709.1217246651647
1450.0,1677.7553421258924,1760.9127819538114,1647.044773995876,1766.7450103163717,1713.114477097988
1191.0,1671.247578859329,1754.3906241655347,1630.4336398839948,1761.33252620697,1704.3510922789571
1337.0,1686.929978430271,1749.991082549095,1644.7632423043249,1758.8566684722898,1710.1352429389951
1237.0,1666.8493327498434,1746.4555001258848,1629.337209165096,1757.1257272362707,1699.9419423192737
1319.0,1624.7106659412382,1748.1123095750806,1606.3746362924574,1758.1028273701666,1684.3251097947357
1292.0,1586.654717326164,1749.4843953847883,1624.7447809576986,1761.7334136366842,1680.6543268263338
1520.0,1558.5704296827314,1753.0985718965528,1610.5271679162977,1766.9367453455923,1672.2832287102935
1461.0,1577.406812906265,1756.1582714319227,1636.5602362155912,1770.2030062675474,1685.0820817053316
1219.0,1681.3877996802328,1759.8881798982618,1646.0584613680837,1774.595926403999,1715.4825918376443
1669.9999999999998,1695.658960342407,1759.8657244443891,1617.9800754785535,1774.8666873574255,1712.0928619056938
1420.0,1725.0638014078138,1759.898256063461,1641.839283108711,1773.1259578466413,1724.9818246066568
1650.0,1759.4739055633543,1758.7682861089704,1669.320152401924,1772.2740900516508,1739.9591085314748
1092.0,1706.6917854547498,1760.0180184841154,1634.0623548626897,1771.800798177719,1718.1432392448185
1253.0,1671.144514083862,1760.1386445760725,1673.8257816433904,1772.313387095928,1719.3555818498132
1376.0000000000002,1676.323662996292,1761.5216702222822,1631.40123963356,1773.9415514469144,1710.7970310747621
1432.0,1676.8274712562559,1762.6071611046789,1655.3388974070547,1772.9440110921857,1716.9293852150438
1314.0,1670.5952191352842,1759.1667264699934,1653.4583970904348,1767.0150515437124,1712.5588485598562
1552.9999999999998,1646.4003312587736,1757.3728811740873,1643.666667640209,1766.0343527793882,1703.3685582131145
1328.0,1617.3352009057996,1757.4589604139326,1609.3191796541212,1766.013624668121,1687.5317414104936
1295.9999999999998,1655.481547117233,1759.3098080158231,1634.0817874670026,1768.9872449636457,1704.4650968909261
1349.0000000000002,1630.40125221014,1762.0951479673383,1631.009420752525,1772.214496731758,1698.9300794154403
1118.0,1638.0087569355962,1760.2155113220213,1656.4481392502782,1770.1948013901708,1706.2168022245166
1488.0,1617.3717629909513,1759.7131425142286,1636.7775934934614,1771.3683867454527,1696.3077214360235
1172.0,1621.953683197498,1759.8755127191541,1641.6386234760282,1771.1900386214254,1698.6644645035265
1380.0,1634.4993725419042,1759.559409022331,1621.2225854396818,1772.8380674123762,1697.0298586040733
1560.0,1637.2363469004629,1758.839395046234,1624.4610649347303,1773.4357279539106,1698.4931337088344
1167.0,1636.9218266010282,1757.0992413163183,1618.6409279704092,1769.6702650189397,1695.5830652266739
1349.0000000000002,1671.3090434670446,1757.3007646203039,1624.5072713494299,1771.8340495228765,1706.2377822399137
1319.0,1651.194570660591,1757.2738468647,1593.4241729974744,1771.3040432333944,1693.29915843904
1650.0,1673.400855362415,1755.77739238739,1604.4388610124586,1772.0950222015379,1701.4280327409504
1319.0,1670.686192512512,1748.3263561129568,1607.0500272512434,1762.896203100681,1697.2396947443483
1361.0,1555.731542110443,1739.4637930393217,1501.8475933372972,1757.6142773032186,1638.66430144757
1099.0,1601.3233107328413,1737.6718190312383,1602.6231360435484,1759.0098261833189,1675.1570229977367
1389.0,1707.2829684615133,1735.1938021183012,1654.5974355936048,1759.939424395561,1714.253407642245
1372.0,1695.3848886489866,1736.30980938673,1636.2097296118734,1761.3667851686475,1707.3178032040594
1691.9999999999998,1715.1050955057142,1735.9849250316618,1630.610692501068,1760.0498303771017,1710.4376358538864
1275.0,1652.1628901362417,1735.9279227256773,1618.9517056941984,1755.6436672806738,1690.6715464591978
1373.0,1607.468260079622,1738.1327316164968,1611.731701493263,1755.742845535278,1678.268884681165
1280.0,1550.7053349912164,1743.2164448499677,1590.62724545598,1758.9960074424741,1660.8862581849096
1580.0000000000002,1593.96655857563,1746.4032480120657,1614.0903878211973,1762.194614112377,1679.1637021303175
1438.0,1581.8837970495222,1746.08124256134,1600.1014317572115,1758.4979569911955,1671.6411070898173
1355.0,1557.9812619090078,1744.754211604595,1614.0234532952306,1756.7480149865148,1668.376735448837
1421.0,1577.7187421917913,1743.6291357874868,1576.1816231906412,1756.4222669601438,1663.4879420325158
1900.0,1643.1822919845579,1741.9500148296354,1572.5068457424638,1757.9945805668829,1678.908433280885
1234.0,1627.0566850900648,1743.099561333656,1536.8205952644346,1759.1559305787084,1666.533193066716
1252.0,1635.321155786514,1743.3016604185102,1611.2075969576833,1759.3380212783811,1687.2921086102722
1449.0,1623.1756341457365,1744.0390917658804,1600.120936334133,1759.239130914211,1681.6436982899902
1547.0,1629.982227683067,1744.9252185225484,1602.9613353312013,1759.6503823995588,1684.379790984094
1568.0,1624.5835623145101,1746.411164999008,1572.1006323397157,1760.9441620111463,1676.009880416095
1257.0,1656.9162490963934,1745.550084710121,1618.9879798889158,1759.596258997917,1695.2626431733368
1528.0,1619.2755824327467,1744.3019357323644,1577.8453420102594,1759.6660724282262,1675.2722331508992
1359.0,1595.3834833204744,1744.995319843292,1597.3813709616659,1759.8455721139906,1674.4014365598557
1330.0,1666.6482412815092,1748.2677704095838,1604.2288449406622,1764.7564071416853,1695.97531594336
1256.0,1637.2608175873754,1749.7542926669119,1576.013567149639,1765.4581400752065,1682.1217043697832
1433.0,1620.5123597383497,1752.7054575085638,1584.6489126980302,1769.1615626215932,1681.7570731416342
1767.0,1594.6346083283422,1752.3953995108602,1578.9275941252706,1769.0453988313673,1673.75075019896
1400.0,1632.2280609607694,1750.3133758902547,1586.9437593221662,1765.1452031731603,1683.6575998365877
1570.0,1642.0015093684194,1747.944469451904,1573.2677401602266,1761.9137769937513,1681.2818739935753
1493.0,1593.8658688962457,1747.0426526665685,1586.6709111630914,1758.51379096508,1671.5233059227464
1918.9999999999998,1590.8396366238592,1747.4616771936414,1567.96443849802,1760.1442584395406,1666.6025026887653
1300.0,1563.815649449825,1749.9772638082502,1551.2915518879888,1763.194601535797,1657.0697666704652
1360.0,1603.176605403423,1747.3131257295606,1600.8552008867262,1760.057747364044,1677.8506698459385
1004.0,1665.6302607059476,1743.2046413421629,1608.2729858160017,1757.458384633064,1693.641568124294
1650.0,1627.9390692710874,1741.8760269880293,1574.8424288630483,1756.3114291429517,1675.2422385662792
1375.0,1668.4227979183195,1735.4583734273908,1623.1917560100553,1748.9430174231527,1694.0039861947296
1337.0,1603.4899741411207,1735.1683238148687,1563.3163034915922,1748.3948740363119,1662.5923688709734
1450.0,1521.160363256931,1736.6364210844038,1614.0388554334638,1750.802213847637,1655.659463405609
1325.0,1542.88097679615,1735.2726840972898,1606.650003492832,1748.4299966692922,1658.308415263891
1313.0,1572.0036132633684,1732.6153114438055,1606.5984711050985,1746.078939437866,1664.3240838125346
1900.0,1571.6544021666048,1732.3937797546384,1574.474576860666,1744.859579503536,1655.8455845713613
1332.0,1618.248677253723,1737.0161485671995,1568.9999803900716,1750.6431543827055,1668.7269901484249
1200.0,1563.5817384719846,1740.5143052339552,1502.8491641581056,1755.8330991864202,1640.6945767626164
1276.0,1511.9482292234895,1743.2864022254942,1597.7649129927156,1759.8988318443296,1653.2245940715072
1213.9999999999998,1594.4458241760728,1748.0397611856458,1613.5087051987646,1763.1682595610616,1679.7906375303862
1400.0,1640.563352704048,1752.7257537841795,1605.0391125679014,1767.3429587483404,1691.4177944511173
1510.0,1625.2863028645513,1755.7641494274137,1587.3344986140726,1769.7818225622175,1684.5416933670638
1361.0,1635.719596147537,1755.6986543536184,1588.5251414775846,1767.477259635925,1686.8551629036663
1639.9999999999998,1611.457054018974,1757.0364812016485,1581.7807322740553,1770.2631753683088,1680.1343607157467
1408.0,1586.8509146571157,1754.7540858387945,1570.3889077901838,1769.7317296266554,1670.4314094781873
1400.0,1607.5109398365018,1751.4057761430738,1581.3278086483476,1767.7914920449255,1677.0090041682122
1253.0,1618.8248899579046,1749.971505999565,1588.7747424840925,1768.402251601219,1681.4933475106952
1566.0000000000002,1619.0825518965719,1746.374315023422,1591.650623977184,1765.2356007695196,1680.5857729166744
1780.9999999999998,1612.988055348396,1744.6248048543928,1583.5609027743337,1761.8566307425497,1675.757598429918
1378.0,1584.2296722531316,1743.5134038329122,1596.9668807089326,1759.5861828327177,1671.0740349069235
1209.0,1583.076958954334,1740.7430341839788,1547.0389783382413,1757.7747762203214,1657.158436924219
1900.0,1623.5632786154745,1742.1313858032224,1566.4614345133302,1757.9138273000715,1672.5174815580247
1333.0,1686.5725624561308,1745.4963931441305,1602.0735532045362,1760.1252576708791,1698.5669416189191
1452.0,1611.3270714879034,1746.8622893095014,1564.3012486398218,1761.1704438924787,1670.9152633324263
1347.0,1574.950027912855,1746.2948572635648,1620.0206428766248,1760.031693279743,1675.324305333197
1332.0,1610.0761875510213,1742.0945358276365,1599.9910257756708,1756.7875999212263,1677.2373372688887
1449.0,1611.5778240561483,1740.4878193140028,1552.7931164205072,1755.2622124552724,1665.0302430614827
1625.0,1637.8420683741567,1739.5159012079237,1596.208793222904,1756.1073148250578,1682.4185194075105
1349.9999999999998,1687.4615681171415,1730.8106702566145,1583.2735161483286,1747.6701098680494,1687.3039660975335
1322.9999999999998,1658.9608469605444,1727.2886186838148,1595.9987771511076,1743.9364588260648,1681.5461754053829
1292.0,1657.2530809044836,1728.4574538469312,1618.2004556059835,1746.8261590600011,1687.6842873543499
1379.0,1664.4381064176557,1732.998061776161,1580.79456359148,1750.4799205064771,1682.1776630729435
1600.0,1664.1243058443067,1739.4506940245626,1613.761041164398,1756.486466526985,1693.455626890063
1558.0,1586.5725246071813,1742.9006290435789,1598.1975403428075,1757.501856088638,1671.2931375205515
1374.0,1521.1366122961042,1745.0315940380094,1584.7588868439195,1760.2648845314977,1652.7979944273827
1425.0,1549.3498748540876,1746.2105053663252,1581.5476849675176,1763.5515856742857,1660.164912715554
1396.0,1639.4728237390516,1748.6364141106603,1610.6171336770055,1764.0741068124769,1690.7001195847986
1040.0,1670.022749006748,1748.6659228801725,1596.7705394327638,1760.2785593271253,1693.9344426617024
1399.0,1633.770433962345,1745.4380953311918,1599.8978212475774,1757.2274965047834,1684.0834617614744
1360.0,1570.2004115283487,1746.5673455595968,1553.7144377827642,1758.797075152397,1657.3198175057767
1345.0,1571.9000446796415,1748.5504788160322,1589.4590580463407,1762.6035624742506,1668.1282860040662
1278.0,1586.073250621557,1747.2043031454084,1565.7033470273016,1761.7102384567258,1665.1727848127482
1619.9999999999998,1593.3160701394079,1748.4682860970495,1586.341420561075,1762.2172135114668,1672.5857475772498
1010.0,1619.4238460063932,1748.6377096176145,1602.1681971848009,1760.519379675388,1682.6872831210492
1959.0000000000002,1639.9409335851667,1737.875501513481,1578.5287939012048,1751.5832605957983,1676.9821223989127
1393.0,1589.8949961364267,1736.8732109665868,1529.8342141509054,1752.2161877155302,1652.2046522423623
1222.0,1614.8921626806257,1741.3477480411527,1549.731329679489,1756.8856266140936,1665.7142167538402
1341.0,1665.9610468149183,1741.2222278118131,1612.3132401704786,1757.5840488076208,1694.2701409012077
1550.0,1621.4826944470403,1739.8374748229978,1576.0997903347013,1757.7487221360204,1673.79217043519
1300.0,1560.3336146473882,1740.6265825033186,1569.528115391731,1757.983928620815,1657.1180602908132
1150.0,1581.649670153856,1742.867089807987,1568.495452404022,1760.821232795715,1663.458361290395
1693.9999999999998,1636.6840291023252,1745.694605708122,1583.7363719940183,1762.3594313859937,1682.1186095476148
1614.9999999999998,1655.460819005966,1747.2018560767171,1606.7277339100835,1762.9379472136495,1693.082089051604
1317.0,1638.4259101748464,1748.444966971874,1554.234871715307,1762.3797276616094,1675.8713691309092
1356.0,1654.469468295574,1745.704393982887,1605.6783732771871,1760.1271289587019,1691.4948411285875
1345.0,1621.825428009033,1745.1185369491575,1565.2188274264333,1759.730991721153,1672.9734460264442
1560.0,1600.3092166781423,1745.4815667867658,1564.7340919077394,1760.157789289951,1667.6706661656497
1401.0,1621.4629739522932,1749.7920063138006,1578.940981030464,1760.859234333038,1677.763798907399
1550.0,1646.1321613192556,1755.2413403987882,1621.3067933917043,1766.4617261290548,1697.2855053097007
1980.0,1657.0715659856794,1757.6812118291853,1577.7654524147508,1768.0403733253477,1690.1396508887408
1307.0,1659.808540344238,1762.6525038480756,1596.5521025657652,1773.3856350183485,1698.0996954441068
1425.0,1667.6008707284925,1768.6449432373045,1586.4168478548524,1779.8779961466787,1700.635164491832
1225.0,1703.6425939202306,1770.5211251974104,1662.5188848376272,1781.1808443069456,1729.4658620655534
1401.0,1682.8452450037,1770.0735995173452,1627.6328977942464,1778.9165860414503,1714.8670820891855
1172.0,1640.092220008373,1768.9062038064,1666.168183982372,1777.4489206075666,1713.153882101178
1719.9999999999998,1627.3602655529974,1766.0444289445875,1624.4386094808576,1774.0525332093237,1697.9739592969415
1406.0,1665.232252180576,1763.5245239734647,1666.6692572832105,1771.284034848213,1716.677517071366
1558.0,1669.5317518711088,1760.0465196371076,1653.1896513700483,1769.455498754978,1713.0558554083107
1546.0,1608.6158633232114,1760.2638769149778,1621.38783454895,1769.2967271804807,1689.891075491905
1467.0,1669.845840334892,1764.0572652220724,1656.213364601135,1773.0944338440893,1715.8027260005472
1355.0,1657.4439522624014,1762.0436155796049,1637.6179456710813,1770.0083923339841,1706.778476461768
1900.0,1646.067529916763,1760.410701036453,1648.3634561300275,1767.253424823284,1705.523777976632
1507.0,1661.3736566901205,1762.0259103178976,1662.8495270013807,1769.588072299957,1713.959291577339
1345.0,1632.8524953126905,1766.395799219608,1591.6801327466962,1773.6951172351835,1691.1558861285446
1425.0,1669.607898890972,1770.228772461414,1658.4810775518415,1777.60135859251,1718.9797768741844
1320.0,1652.6249542832372,1773.8230845332143,1643.2795989513395,1781.515804827213,1712.810860648751
1300.0,1614.7456264495847,1772.479643821716,1636.2389504909513,1778.9327079057691,1700.5992321670053
1479.0,1637.5143051147459,1769.482704401016,1632.7963566780088,1778.5400253534315,1704.5833478868005
1352.0,1651.0536482930181,1770.0481212139127,1622.9342380166051,1780.084557533264,1706.0301412642
1851.9999999999995,1667.9113605618475,1772.9457384347913,1649.7480651736257,1784.6002629399297,1718.8013567775486
1400.0,1751.0981652140615,1775.731510221958,1646.8049612641332,1788.1905445456503,1740.4562953114507
1388.0,1693.4940242767332,1776.523208916187,1600.213205218315,1790.5283588171003,1715.1896993070839
1467.0,1737.5199568271635,1776.6402363777158,1662.646852135658,1789.5601832866666,1741.591807156801
1585.0,1758.2785844802854,1773.8746169209478,1645.7820865511892,1784.3266230821607,1740.5654777586458
1288.0,1748.5114696621893,1771.969214081764,1646.4250898361204,1781.5738147497175,1737.1198970824478
1619.9999999999998,1739.4459438323972,1773.4435009956358,1598.4924840927122,1784.4429308176038,1723.9562149345873
1412.0,1708.6055371165273,1773.035416305065,1603.0204248428342,1782.075031995773,1716.68410256505
1349.9999999999998,1666.5389868617056,1773.00302863121,1617.9072391986845,1783.5344925522802,1710.24593681097
1384.0,1594.3962350487707,1769.6410441398618,1594.5912808179853,1780.044540762901,1684.6682751923797
1267.0,1602.0718258619306,1764.975491762161,1622.5904968380926,1775.2596578001974,1691.2243680655954
1633.0,1655.6847977638242,1758.9018672704694,1626.666017770767,1768.5561290383337,1702.4522029608486
1550.0,1647.6617231965063,1758.1889066100118,1642.744842469692,1769.2823326587675,1704.4694512337444
2078.0,1677.6014646887777,1756.9026121497152,1610.686083436012,1768.9545693993566,1703.5361824184654
1799.9999999999995,1734.4733563065527,1758.3184573054311,1638.3632940053938,1769.6931523084638,1725.2120649814603
1427.0,1727.288906574249,1760.5129021406171,1622.849310338497,1772.3440474271772,1720.748791620135
1525.9999999999998,1659.216637611389,1765.3064218163488,1587.9269771277902,1776.7335128784177,1697.2958873584864
1760.0,1680.7220530509946,1769.0577781200407,1643.8293257355688,1779.6996480226514,1718.3272012323139
1413.0,1708.523776233196,1770.311253070831,1650.113110244274,1779.1874909400938,1727.0339076220987
1452.0,1666.5587073564527,1767.5997570157049,1647.3017162084577,1776.9066789746282,1714.5917148888109
1281.9999999999998,1626.7233079671857,1759.974259138107,1578.4186758100984,1772.269915640354,1684.3465396389363
1440.0,1738.8829740881918,1753.8571631908414,1637.7212983369825,1768.492361307144,1724.73844923079
1357.0,1720.111654102802,1753.259502649307,1645.8662945032117,1771.115762889385,1722.5883035361765
1385.0,1664.599181115627,1749.161670207977,1636.0489428043363,1767.8129398822782,1704.4056835025547
1470.0,1619.9917098879812,1743.7113285064695,1621.8511942028997,1762.3719546198843,1686.9815468043087
1681.0,1578.1774955987928,1738.3531117439268,1630.974586009979,1754.522334039211,1675.5068818479774
1774.9999999999998,1608.5777178406713,1738.3757111430166,1633.9404332637785,1754.3166363239286,1683.8026246428487
1346.0,1638.272464573383,1724.0213501453397,1583.2959716022012,1736.1976760625837,1670.446865595877
1412.0,1586.7685779929159,1720.4445993900297,1590.5983124673364,1733.8571268320081,1657.9171541705725
1333.0,1620.0314387679098,1724.2067515850065,1622.8488785028455,1738.344618976116,1676.3579219579694
1533.0,1720.831524133682,1727.8327316045759,1630.8568388223646,1740.3916639089582,1704.9781896173952
1533.0,1696.6256964206693,1733.0366390943525,1624.0626245737074,1746.1638671159742,1699.9722068011758
1900.0,1637.9373601078985,1735.9978801012037,1597.8681936860082,1749.6908128261564,1680.3735616803167
1626.0,1617.7369520068166,1739.2519056797025,1601.1342386901376,1753.1418994069097,1677.8162489458916
1619.9999999999998,1541.7823149263857,1741.4082050323484,1558.8062119483945,1754.4443157315252,1649.1102619096634
1358.0,1571.402785927057,1743.551261425018,1613.1039312481878,1754.4384139776228,1670.6240981444714
1421.0,1628.8132485747335,1746.7756342887876,1596.5598036348817,1759.1626960039137,1682.8278456255791
1300.0,1562.7353405952451,1749.1336008906362,1584.520009756088,1763.5652604699133,1664.9885529279707
1719.9999999999998,1661.3370946049688,1749.8611000180242,1571.1721856892107,1762.9706227779386,1686.3352507725356
1639.9999999999998,1737.7776187658308,1754.2861199378965,1593.793464452028,1766.1768585443494,1713.0085154250262
1864.9999999999998,1626.6848745942114,1754.7008261084554,1585.055845826864,1764.51069265604,1682.7380597963927
2024.9999999999998,1573.5426035523412,1753.4869360923765,1562.4634280800817,1765.4866412281988,1663.7449022382496
1333.0,1543.365208506584,1751.498188972473,1574.2424651980398,1762.628033161163,1657.933473959565
1552.9999999999998,1561.2072901427744,1747.3324143886564,1585.1071622967718,1758.0586361885069,1662.9263757541773
1425.0,1627.5473943352697,1746.3741710782049,1566.1765669286249,1759.1606807708738,1674.8147032782433
1073.0,1634.2094668745992,1745.8886438608167,1558.5793542861936,1760.4685670137403,1674.7865080088375
1390.0000000000002,1652.3148962855337,1744.2252129316328,1602.7896806597707,1759.2453205585477,1689.6437776088712
1505.0,1651.9432297348974,1745.3875705599783,1598.1846572458742,1760.0928699970243,1688.9020818844435
1760.0,1621.556106507778,1747.4382141232488,1570.207680761814,1762.6581177115438,1675.4650297760961
1416.0,1628.330600261688,1747.8457230329511,1579.0643420815466,1763.6514836549757,1679.7230372577903
1525.0000000000002,1636.6466033458707,1749.9280345439909,1563.673791438341,1766.1299324035642,1679.0945904329417
1430.0000000000002,1653.359794616699,1742.291740775108,1598.5252316296098,1757.5721013545988,1687.937217094004
1400.0,1625.9999832510946,1741.3874769210813,1570.1719103753564,1756.661359965801,1673.5551826283333
1420.0,1614.6880483627317,1738.6040082573888,1619.451771378517,1752.9111552238462,1681.413745805621
1172.0,1632.5568318367002,1738.811577260494,1599.0438662469385,1754.4454672932623,1681.2144356593487
1430.0000000000002,1641.5521124005315,1734.3812313675878,1611.1272755265234,1750.6212747097013,1684.420473501086
1554.0,1641.768749952316,1730.9386375546453,1589.4539479911325,1747.5368165969846,1677.4245380237696
1564.0,1636.8603619933126,1730.9190610051153,1598.347315341234,1744.5021635293958,1677.6572254672644
1400.0,1604.5645971596239,1733.7350612878797,1576.9296345114706,1745.6234967708585,1665.2131974324582
1403.0000000000002,1591.8245817720888,1739.3258935213087,1575.4518929123876,1751.9403886795042,1664.6356892213223
1799.9999999999995,1577.5090859830377,1745.3702971339223,1574.4483068585394,1757.6773253083227,1663.7512538209555
1774.9999999999998,1634.9998700618742,1749.933648407459,1619.493227601051,1762.2650033235548,1691.6729373484848
1479.0,1609.1786891221998,1736.8822795152662,1571.7579707503317,1745.9491008520124,1665.9420100599525
1333.0,1563.2180608808992,1735.4452744126318,1550.9396778047083,1746.7212229967115,1649.0810590237377
1381.0,1690.1268577575681,1741.4149704575536,1616.3471609354017,1755.9203299880025,1700.9523297846315
1569.0,1773.6817303299902,1749.6027183532713,1635.986758470535,1765.5449390411375,1731.2040365487335
1425.0,1688.0385005474088,1755.764581263065,1615.6369352340696,1771.1921977996824,1707.6580537110565
1300.0,1627.010334730148,1757.6430663466451,1624.6335113048551,1772.564139664173,1695.4627630114553
1333.0,1629.2614939808843,1755.9256559610365,1626.0801607370374,1770.1596787571905,1695.3567473590372
1400.0,1655.8893439173696,1750.3608778119085,1636.1607882380483,1763.667029738426,1701.519509926438
1075.0,1662.9263937473295,1742.581646442413,1646.82971984148,1756.2252059578893,1702.140741497278
1639.9999999999998,1672.8131270408628,1727.9939502477644,1620.9757193922994,1741.8527078628538,1690.908876135945
1320.0,1685.6232437491415,1726.5291637182233,1598.5325728356836,1737.2075957059858,1686.9731440022586
1417.0000000000002,1647.3852044343946,1729.6068564057348,1578.843386173248,1739.5667138695715,1673.8505402207372
1774.9999999999998,1596.035195291042,1735.7217931747434,1564.3730053305624,1747.6322522759435,1660.9405615180729
1307.0,1543.587891757488,1726.8661394715307,1555.4528641700742,1735.694155693054,1640.4002627730367
1453.0,1474.7846689820287,1727.1523025631902,1528.913468569517,1734.3504270911214,1616.3002168014643
1452.0,1510.8125734329221,1733.3573490381239,1604.3091663718221,1740.2580827474592,1647.1842928975818
1420.0,1567.361883819103,1739.7691008448598,1585.6183117628095,1748.589344024658,1660.3346601128576
1333.0,1538.0746459960935,1744.171089529991,1594.936317503452,1755.064143836498,1658.0615492165086
1473.0,1575.9147487580774,1748.278854191303,1595.9820795059202,1757.0448300242422,1669.3051281198857
1427.0,1656.1390888690946,1755.8093482255933,1619.6393319964407,1764.698685109615,1699.071613550186
1958.0,1631.3488435745237,1761.2850242853162,1587.5757507979868,1771.192773580551,1687.8505980595944
1520.0,1633.7276822328565,1762.0721167325971,1602.3633868992326,1769.4395208358762,1691.9006766751406
1374.0,1631.4865991473196,1760.2971282601354,1577.5432009994981,1768.4929370880125,1684.4549663737414
1630.0,1633.887749314308,1755.211687684059,1606.7160023748872,1763.6907806992529,1689.8765550181267
1439.0,1655.637871623039,1752.0680680871008,1587.6072748005388,1758.0358928442,1688.3372768387196
1438.0,1653.8971421122549,1750.9127637743948,1572.1697260439394,1761.048090457916,1684.5069305971263
1400.0,1618.3010733127592,1754.255171716213,1562.6499810814855,1766.9645267724989,1675.5426882207391
2052.0,1694.3974244594572,1759.3420517444608,1609.1306114196775,1771.8267083168028,1708.6741989850996
1433.0,1768.5094907879827,1763.6408317089079,1618.8008511066434,1774.4799065589903,1731.357770040631
1400.0,1705.6912222504614,1762.7240446209905,1590.0345510244367,1772.6546812057493,1707.7761247754095
1385.0,1706.1717113852499,1761.57349050045,1611.6477814316747,1770.7475510239599,1712.5351335853336
1320.0,1772.800929546356,1759.1379374265669,1642.939168512821,1769.1799876093862,1736.0145057737825
1417.0000000000002,1740.0084817409513,1755.2007478475568,1633.114763498306,1764.2649781703947,1723.1472428143022
1075.0,1767.1270409226415,1756.17496907711,1660.0476333498952,1766.3660025596616,1737.4289114773271
1440.0,1721.9157195091245,1746.6758802533147,1614.5399287343023,1757.5510853528974,1710.1706534624097
1774.9999999999998,1677.0659884810445,1745.8447405695913,1603.8532198965547,1759.038183391094,1696.4505330845711
1274.0,1649.982839822769,1731.9711565971372,1644.9264761805532,1743.2216268777845,1692.525524869561
1638.9999999999998,1538.151080906391,1733.8404291868208,1525.9024944901464,1746.4313173294065,1636.0813304781911
1653.0,1579.4493955373762,1741.617357432842,1645.611511468887,1755.7962492108343,1680.618628412485
1650.0,1644.5474684238432,1748.0872631072996,1621.0184711217878,1762.3093384504316,1693.9906352758405
1330.0,1621.4514583349226,1753.0859047174451,1614.7395807504652,1764.647584557533,1688.4811320900915
1400.0,1624.0099406242368,1755.2370220422742,1610.9708070755003,1766.0180869698522,1689.058964177966
1585.0,1638.9094221591947,1757.748146355152,1596.2508252263067,1771.0019022226331,1690.9775739908216
1466.0,1635.8855649828909,1759.5117631554601,1595.8542561531065,1773.590469062328,1691.2105133384464
1300.0,1679.6436154842374,1759.7738873958585,1645.2496331930158,1775.4302328824995,1715.0243422389028
1300.0,1686.4096164703367,1758.5920971632002,1626.5865600109098,1774.3018463253973,1711.472529992461
1699.9999999999998,1683.161204755306,1752.9346182942388,1652.3599511384962,1768.1769773364065,1714.1581878811119
1559.0,1675.7329118251798,1751.009638905525,1642.3405003547666,1765.361984670162,1708.6112589389083
1333.0,1615.5554622411726,1751.9861632585523,1600.2107581496236,1764.9291414022443,1683.1703812628982
1399.0,1643.7007826566694,1753.9988052845,1631.4297407865522,1767.3613837361333,1699.1226781159637
1400.0,1683.8442248106,1759.3457943201063,1634.4265362620351,1774.9092951416967,1713.1314626336095
1774.9999999999998,1632.8396841883657,1762.391099333763,1627.5207644701002,1776.6134625673292,1699.8412526398895
1305.0,1647.4400475621221,1751.2304508686063,1711.0860010981557,1762.8438070416448,1718.1500766426323
1949.0,1585.5046670138834,1737.5219720602033,1550.6132100522516,1753.4731173515318,1656.7782416194675
1348.0,1607.1253105998037,1732.3897492885587,1610.2146628499029,1750.2156370878217,1674.9863399565218
1433.0,1700.4458585381506,1729.3202614784238,1637.8111201524732,1747.8989827632902,1703.8690557330845
1774.9999999999998,1642.3360380530355,1730.8660891652105,1621.5645992755888,1748.8419678807256,1685.90217359364
1280.0,1639.6069806814191,1718.150688409805,1617.898170650005,1731.4361122250555,1676.7729879915712
1400.0,1575.223307907581,1718.080011308193,1598.2833316922186,1730.6448453664777,1655.5578740686176
1320.0,1627.9835483431814,1722.7929216623304,1647.1524450182912,1736.580138504505,1683.627263382077
1263.0,1803.7998199462888,1731.8349844217298,1603.5432338714597,1746.0900232195852,1721.317015364766
1559.0,1671.6512012481687,1736.7533046007154,1639.703423976898,1749.74032998085,1699.462064951658
1580.9999999999998,1614.1745957732198,1741.6344869136808,1628.1702452898023,1755.329146981239,1684.8271187394855
1465.0,1599.9522325396536,1747.4262666702268,1645.7589113712309,1760.7650941610334,1688.4756261855362
1740.0,1701.2473455071447,1750.9710615873335,1640.3497380018232,1764.1624891757963,1714.1826585680244
1699.9999999999998,1716.4850983023641,1754.2492699623106,1625.4669541120527,1763.7519574165342,1714.9883199483154
1372.0,1676.5761429071424,1755.6812369823454,1654.1727972030637,1764.7172540426252,1712.7868577837942
1200.0,1630.1746824383733,1753.1665140390394,1610.1891845464704,1761.5199428796766,1688.76258097589
1457.0000000000002,1722.3753365874288,1752.3252981901167,1642.3166054487226,1759.110875725746,1719.0320289880035
1345.0,1803.4582379460333,1754.173842668533,1654.368562698364,1760.7370248436926,1743.1844170391557
1300.0,1726.2457355856893,1751.372236907482,1603.9743497967718,1759.872058033943,1710.3660950809715
1305.0,1722.2400280833242,1748.5412663221357,1601.1488491296766,1757.2148293256757,1707.286243215203
1267.0,1705.524821579456,1742.3010972142217,1646.7989155650137,1752.1643674373624,1711.6973004490135
1155.0,1688.7975236773489,1734.4480219483373,1623.878806531429,1746.296008825302,1698.3550902456043
1221.0,1680.0974747538564,1728.520070016384,1629.7357934713361,1740.8842444419859,1694.8093956708906
1386.0,1661.6226819157598,1726.8061143159864,1588.2151554524896,1737.6022934913633,1678.5615612938998
1188.0,1599.9668429791925,1729.6822836995123,1547.9879371821878,1742.5288185477255,1655.0414706021545
1749.9999999999998,1536.4608041942117,1728.133577108383,1557.2702445089815,1743.542480766773,1641.3517766445873
1550.0,1484.7322911024091,1728.4298163652418,1533.5792368650434,1742.5072267651556,1622.3121427744625
1352.0,1469.739748984575,1728.7827700376508,1508.536511659622,1745.6681197881696,1613.1817876175044
1550.0,1413.1427207589147,1730.2073958516119,1439.758119434118,1747.8081533312795,1582.729097343981
1226.0,1606.3888868689535,1730.6629824638364,1563.2135266065595,1747.5175279378889,1661.9457309693096
1321.0,1597.7908231317995,1728.5622459650037,1541.8121835589407,1746.0065349936483,1653.542946912348
1101.0,1533.569520562887,1727.55491733551,1512.5397001206873,1742.3608344793317,1629.006243124604
1490.0,1486.6287693381307,1729.387771785259,1508.799211680889,1745.1409924030302,1617.4891863018272
1794.0,1504.3481376767156,1731.9151619076727,1517.13939756155,1747.7376201748846,1625.2850793302057
1385.0,1561.932702064514,1732.2193181514738,1530.207823961973,1745.419958233833,1642.4449506029484
1279.0,1589.8926930129526,1733.9866775274274,1504.927373230457,1746.3794970512388,1643.796560205519
1740.0,1569.3446572124956,1734.9099421501157,1553.1852951645849,1748.0423521995542,1651.3705616816876
1468.0,1607.3185570538042,1734.7655650973318,1523.389354944229,1745.2705430984495,1652.6860050484536
1313.0,1581.6434085369108,1735.175233185291,1510.083922743797,1748.0676865577695,1643.7425627559421
1545.0,1510.7326838374136,1732.260774374008,1495.1825699210165,1746.8591225147245,1621.2587876617906
1312.0,1584.8398560285566,1732.8759962320325,1503.7689021229742,1747.8352150321005,1642.329992353916
1222.0,1675.4853260517118,1731.416103839874,1539.2219613492487,1747.228773832321,1673.3380412682889
1600.0,1651.7445853352544,1730.2838307619093,1537.633166015148,1744.9124073982236,1666.1434973776338
1467.0,1636.1453860998151,1722.146463692188,1509.6502158045766,1736.7415010929105,1651.1708916723726
1420.0,1481.897002160549,1726.383347213268,1424.1037172079084,1739.8892951011655,1593.0683404207227
1550.0,1502.6739108562467,1731.8054756522176,1575.6028194725511,1744.6334415674207,1638.678911887109
1500.0,1616.1988973617551,1736.925463080406,1561.3357612490652,1750.370234251022,1666.207588985562
1424.0,1492.4964801967142,1739.1891455650327,1522.5862126052377,1753.7509316205976,1627.0056924968956
1349.9999999999998,1598.5903668403623,1738.1425198912618,1589.0687505900858,1750.7352793216703,1669.134229160845
1425.0,1685.313185751438,1737.5373741984365,1564.1894751787183,1746.7419511079786,1683.4454965591428
1790.0,1610.8821368217466,1738.7970387935636,1505.448598861694,1748.2610049843786,1650.8471948653457
1600.0,1537.6916797459123,1742.1351283788679,1506.9626146554945,1749.3499505519865,1634.0348433330653
1400.0,1576.1323939263818,1747.8897702693937,1525.544286817312,1756.0255539417265,1651.3980012387035
1257.0,1537.3406693339346,1747.4993908405302,1564.3135559558866,1755.832955241203,1651.2466428428886
1600.0,1509.8520269989965,1743.4258851408956,1535.6013792753217,1753.7612956762312,1635.6601467728613
1452.0,1637.239801585674,1743.3343359827993,1540.8241435885427,1752.7646189928053,1668.5407250374553
1300.0,1645.700325667858,1741.677094697952,1574.9987533688543,1749.1249641776083,1677.8752844780681
1809.9999999999998,1649.6164992451666,1740.5255329608915,1548.9016294479368,1747.802251577377,1671.711478307843
1200.0,1616.2923178076742,1742.316643297672,1552.8176590800283,1747.187605500221,1664.653556421399
1479.0,1600.0425581634042,1740.70632815361,1559.5478177070615,1748.7659648060796,1662.2656672075389
1278.0,1572.5983229279516,1741.1865293979643,1540.9636265039442,1751.6309064626691,1651.5948463231323
1461.0,1581.5348738431928,1738.227303624153,1582.1530465781686,1750.212614238262,1663.031959570944
1440.0,1618.6687093973158,1738.113299012184,1562.9899796843526,1753.0658963322637,1668.209471106529
1329.0,1588.4375508129594,1744.5139670372007,1536.5024763345716,1760.0845211744306,1657.3846288397906
1447.0,1708.9803704619405,1748.9722383022306,1598.7118566036222,1764.1660878062246,1705.2076382935045
1221.0,1709.5460751652715,1752.3319196701048,1563.3050757646558,1765.786479115486,1697.7423874288795
1372.0,1682.8816631436346,1752.765482664108,1574.2819781601427,1764.3363749980924,1693.5663747414944
1498.9999999999998,1670.2059912681577,1754.8541277647016,1550.1369673013685,1767.5470730662344,1685.6860398501155
1308.9999999999998,1673.5132765769956,1756.7510378360746,1557.8482565283773,1767.0662960410116,1688.7947167456148
1493.0,1723.854517638683,1759.7393405437467,1531.9906574487684,1770.2944114804266,1696.4697317779062
1625.0,1689.524015188217,1761.5383678674696,1563.5204897820947,1772.7580338716505,1696.835226677358
1253.0,1666.8025505542753,1761.8844121694563,1576.8609726428983,1772.754147350788,1694.5755206793544
1232.0,1664.6098330616949,1758.366103172302,1594.806047081947,1768.5915395617483,1696.593380719423
1463.0,1662.2262442111967,1750.7303851842878,1589.790060073137,1760.5219706892965,1690.8171650394795
1452.0,1649.9157613515852,1744.477404952049,1563.1285989284513,1756.3538929820058,1678.4689145535228
1510.0,1632.3115491867063,1743.2973420619962,1538.1195569038389,1757.0852786302564,1667.7034316956995
1225.0,1665.4139110445974,1742.4140942096708,1580.716401338577,1756.0256978869436,1686.1425261199472
990.0,1651.4438837766645,1744.975743293762,1586.6239850223062,1759.5065811276434,1685.637548305094
1550.0,1621.9627517461774,1748.9906632900236,1579.4448612630365,1763.6080121994016,1678.5015721246598
1511.0,1644.6444875001905,1751.2580883502958,1579.551164805889,1762.683308124542,1684.5342621952293
1437.0,1576.9253161549566,1752.8625017404554,1546.5655425190923,1764.8671010136602,1660.3051153570411
1600.0,1472.9921191930769,1753.4856405854223,1535.9526775777338,1765.9710168838499,1632.1003635600207
1411.0,1575.4485821723936,1748.2761192321775,1526.5947990119455,1764.1293817758558,1653.612220548093
1429.0,1607.4514184892175,1741.3333535194395,1567.0560722053049,1758.2656294107435,1668.5266184061763
1625.0,1629.4748207926748,1734.077506959438,1588.7258011102674,1753.133550584316,1676.352919861674
1174.0,1625.3254559636114,1721.111641526222,1489.1233399510381,1741.2243869900701,1644.1962061077354
1462.0,1625.1972007751463,1711.9860905408857,1546.8142078816888,1732.8913983702657,1654.2222243919966
1319.0,1631.747571825981,1707.1981847286222,1556.480920910835,1725.6050354242323,1655.2579282224176
990.0,1596.572038978338,1709.7851681709287,1488.0649107694624,1726.601424217224,1630.2558855339882
1625.0,1540.9743504226205,1714.9738174676893,1501.344144940376,1731.6796675324438,1622.2429950907824
1361.0,1566.923138797283,1721.2160018086431,1491.696648597717,1737.5123277306554,1629.3370292335746
1699.9999999999998,1481.6471852362154,1724.7894418239591,1479.7753216326234,1741.0579863190649,1606.8174837529657
1337.0,1479.2191173136232,1719.2610818147657,1506.5275402367113,1734.579156041145,1609.8967238515613
1300.0,1651.4720970392225,1718.8039118051527,1469.006276130676,1736.2189799547193,1643.8753162324426
1479.0,1595.610556900501,1716.714115142822,1572.7434916794298,1736.034010350704,1655.2755435183642
1266.0,1599.1097211837766,1718.702286481857,1524.759713411331,1738.4789198637006,1645.2626602351663
1710.0,1543.9415651559827,1720.565513372421,1521.180803477764,1743.9158746600149,1632.4009391665456
1600.0,1490.1662230491636,1724.9447587132452,1509.0691089630125,1748.2424360513685,1618.1056316941974
1870.0,1595.632796436548,1732.3209434747694,1492.430481314659,1755.0438475608823,1643.8570171967147
1203.0,1671.9778129458425,1737.0334219932554,1579.803716689348,1756.0035303235052,1686.2046204879878
1460.0,1641.9722884893415,1734.7978088259695,1570.191414952278,1753.4898149967191,1675.112831816077
1247.0,1616.8172860145567,1732.5860905647276,1525.690823048353,1748.9826023578642,1656.0192004963753
1347.0,1627.2582083940504,1731.1498051881788,1507.102097570896,1746.9178521633146,1653.10699082911
1372.0,1628.0067235231397,1729.7843408584592,1479.642820060253,1746.9391560554502,1646.0932601243255
1213.0000000000002,1608.0346125364301,1732.1797332167623,1519.4530290365217,1748.416753709316,1652.0210321247575
1300.0,1607.6862651109693,1735.1031166315076,1541.9640457630155,1748.8274294137952,1658.395214229822
1503.0,1637.6032632589338,1734.1645938158033,1541.5363845229147,1747.9233095049856,1665.3068877756593
1366.0,1581.4702424407003,1733.2745805382726,1488.7597343325613,1745.1893579959867,1637.1734788268802
1393.0,1633.1373628973959,1729.6378046274183,1577.9009768366811,1742.0034185051916,1670.6698907166717
1363.9999999999998,1655.826727747917,1728.0443310737608,1540.5959904193876,1742.6421034336088,1666.7772881686685
1211.0,1609.410296976566,1727.0027434825895,1531.4428019523618,1740.9205186367033,1652.1940902620552
1400.0,1663.8647726178167,1723.6738663911817,1560.8775836229322,1739.3733954429624,1671.9474045187233
1551.0,1612.9392579197881,1720.9296947717664,1510.707565397024,1738.9704927802084,1645.8867527171967
1600.0,1531.7566025257108,1722.8237259387968,1497.7149981260297,1741.6631320118902,1623.4896146506069
1412.0,1583.6325155198572,1727.0105165243147,1483.0297070741651,1745.7871624827383,1634.8649754002688
1650.0,1633.369978368282,1732.700670957565,1547.3516273498533,1751.941396296024,1666.3409182429311
1900.0,1520.5706916749475,1736.4305794239042,1530.754455924034,1756.3557642698286,1636.0278728231785
1444.0000000000002,1641.6009098291395,1739.7830635309217,1578.1685709953306,1754.7402670979498,1678.5732028633354
1345.0,1642.0626860857008,1742.9881477355955,1556.575852781534,1757.9303810000417,1674.889266900718
1091.0,1656.0230690240858,1744.188650846481,1542.0798496901987,1756.97616815567,1674.8169344291089
1580.0000000000002,1651.258626282215,1737.9382616281507,1572.1564111113546,1752.4572959542272,1678.4526487439869
1400.0,1573.0529019236562,1725.6649166345594,1512.461897730827,1738.976538479328,1637.5390636920927
1500.0,1549.648849070072,1725.486424565315,1476.103063225746,1737.4677047133443,1622.1765103936193
1154.0,1632.5309216976163,1724.949940741062,1553.131027817726,1735.940589904785,1661.6381200402973
1201.0,1631.933405101299,1721.5289387106893,1555.1826789975164,1732.626827061176,1660.3179624676702
1300.0,1592.1183019876478,1723.097653687,1494.2875185608862,1732.081706523895,1635.3962951898573
1724.9999999999998,1610.2407169342039,1723.6375921964643,1532.3504485189912,1731.8282189965246,1649.514244161546
1400.0,1583.404866158962,1717.12234377861,1472.0424406230447,1724.8118972778318,1624.3453869596121
1232.0,1434.2652419209478,1715.9851765632627,1484.0721583366392,1723.9012998342512,1589.5559691637752
1440.0,1528.9779560267923,1715.338286757469,1568.3067402243612,1722.9308211803434,1633.8884510472415
1464.0,1679.8065614700315,1720.3904759883878,1531.6559128463266,1728.0660668015478,1664.9797542765734
950.0,1668.7489777803419,1726.6425925493238,1543.5132561624048,1736.9433122873304,1668.9620346948502
1585.0,1671.4426246285436,1724.2048802971838,1563.0888700485227,1738.2619944214819,1674.249592348933
1355.0,1616.6166263818739,1724.6472239494321,1532.0328333973882,1739.3397122621534,1653.159098997712
1559.0,1552.714810222387,1725.0757488608358,1521.3163998723028,1739.6284663677213,1634.6838563308118
1383.0,1626.0607281327245,1731.651598215103,1520.9282515943048,1747.204878926277,1656.4613642171023
1232.0,1674.3177863955495,1735.4117351770399,1521.906287372112,1751.7227435111997,1670.8396381139753
1435.0,1664.7396716475484,1734.524744749069,1549.9013289809225,1751.4282315969465,1675.1484942436216
1500.0,1576.2445992231367,1731.3963833451269,1518.6473676562307,1749.4695690274236,1643.9394798129795
1387.0,1589.7337774932382,1727.4619287252424,1543.2336425781248,1743.0284523963926,1650.8644502982495
1583.0,1626.4476528763769,1726.7476725578306,1524.6448451280592,1742.5170150399206,1655.0892964005468
1950.0,1603.244979381561,1728.107523024082,1479.6571426093576,1741.2602293491361,1638.0674685910342
1498.9999999999998,1608.996598422527,1731.7543751001356,1519.5485366880891,1743.9694222807882,1651.067233122885
1706.0,1629.0090140700338,1732.0519098639486,1533.9527747035024,1744.1195571422575,1659.7833139449356
1900.0,1510.7829926908014,1733.51065069437,1533.0482229590414,1744.3822571635244,1630.4310308769343
1358.0,1620.602901279926,1735.6633514165876,1560.0370875000951,1744.2738664150236,1665.144301652908
1345.0,1671.856611073017,1736.0744589567182,1531.1146068572996,1745.2037525177,1671.0623573511837
1510.0,1652.7249962091444,1738.2337811589239,1511.8354481458662,1751.83818757534,1663.6581032723186
1422.0,1670.1777780055997,1738.210030198097,1532.9013268649576,1751.9582378864286,1673.3118432387707
1799.9999999999995,1677.8716498613355,1738.8628217577932,1557.0149576663969,1750.5291497707365,1681.0696447640655
1370.0,1669.6566963195799,1741.4007198810575,1528.4116035699842,1749.4391965866087,1672.2270540893076
1580.0000000000002,1638.457002341747,1743.249408304691,1474.1104295849798,1751.529856920242,1651.836674287915
1349.9999999999998,1585.5148871242998,1737.240415215492,1517.5785744190214,1745.230814218521,1646.3911727443335
1425.0,1547.400784641504,1734.6283853054044,1497.118057310581,1743.0959627032278,1630.5607974901793
1587.0,1510.4390355944631,1734.5129412412641,1531.2123456597326,1741.7502188682554,1629.4786353409288
1322.9999999999998,1650.0961247086523,1738.3456265926359,1542.2021311521528,1744.9977669119833,1668.910412341356
2026.9999999999998,1646.5323290228841,1738.5244065523145,1555.518935024738,1746.1686173081396,1671.686071977019
1266.0,1598.821758776903,1739.9550780653951,1536.2082523107526,1748.1901839375494,1655.79381827265
1213.0000000000002,1609.8172301053999,1740.456583201885,1549.5824903249738,1749.995400905609,1662.462926134467
1201.0,1678.1503278017042,1737.0468088984487,1567.1050855517385,1748.4528839588163,1682.688776552677
1550.0,1696.2504312396047,1739.100475311279,1563.3970567584036,1749.8670017719267,1687.1537412703035
1774.9999999999998,1676.1906576156614,1741.1957418918607,1576.2653993070123,1753.3961066603658,1686.761976368725
1438.0,1625.6549465656278,1735.3106856346128,1508.5524895787237,1748.6423158645628,1654.5401094108818
1774.9999999999998,1592.3827293515203,1736.0016226768491,1563.8168010115621,1750.0904047489164,1660.572889447212
1774.9999999999998,1633.923735618591,1724.5965552330015,1628.078696131706,1735.002498924732,1680.4003714770076
1455.0,1696.2238013744352,1712.5155210494993,1534.470905512571,1718.4331089258192,1665.4108342155812
1406.0,1496.788998544216,1705.923117995262,1489.2315867543218,1715.5193698406217,1601.8657682836053
1552.9999999999998,1576.1220298707483,1710.2026093006132,1594.6134483814237,1722.4379527568815,1650.8440100774167
1283.0,1744.071335494518,1716.497909426689,1583.4692096710203,1731.7823004722593,1693.9551887661216
1500.0,1589.5553573966024,1718.9711761474607,1552.11326315999,1735.8002433180807,1649.1100100055335
1232.0,1590.1512186229227,1720.8957237005231,1525.7189643383024,1736.7337280511854,1643.3749086782334
1034.0,1654.341500997543,1722.1716541051862,1537.7411249279974,1736.3964644074438,1662.6626861095426
1548.0,1662.7644553780553,1724.4229573011396,1513.727895915508,1739.915781021118,1660.2077724039552
1550.0,1605.580490529537,1727.9899197816846,1464.4430688023565,1745.6449446082113,1635.9146059304474
1359.0,1525.3881782293317,1726.700458526611,1506.599944680929,1744.8915353417394,1625.8950291946528
1128.0,1573.250898569822,1728.1319937109945,1517.2059002518652,1746.168041527271,1641.1892085149882
1769.9999999999995,1714.4249543547628,1724.8942339420316,1540.9875214099882,1743.7559515237806,1681.0156653076408
1699.9999999999998,1657.6692265272138,1723.85869204998,1485.0476750731466,1739.3823200464246,1651.4894784241912
1385.0,1579.7167018055914,1723.910800218582,1433.3280146121976,1739.8966363072393,1619.2130382359026
1550.0,1475.2786889672277,1725.2674838900564,1482.2786009311674,1741.5248006582258,1606.0873936116693
1734.0,1511.3869868218896,1726.0692587494848,1510.2089391648767,1741.842055916786,1622.3768101632593
1420.0,1563.0698692798612,1728.3707988262174,1490.375591367483,1746.035467982292,1631.9629318639634
1156.0,1509.4144335389135,1725.3688213229177,1489.33659479022,1743.6733269691465,1616.9482941552994
1433.0,1635.0306743383405,1718.9002111554144,1561.2028998136518,1737.2473245859144,1663.0952774733303
1158.0,1609.3508476018903,1719.0647405385969,1493.8304924964903,1735.1510503888128,1639.3492827564476
1373.0,1490.0547374784944,1722.4108910560606,1474.4646067917345,1738.0718427896497,1606.2505195289848
1482.0,1527.7714791893957,1726.8944966793058,1450.9946270287035,1746.2077704071996,1612.9670933261511
1285.0,1477.1603408455846,1729.6379485726354,1506.7757017910478,1747.9286354780195,1615.3756566718218
1239.0,1519.685644507408,1730.8918553590772,1554.3952986598013,1749.6484929323194,1638.6553228646515
1607.9999999999995,1593.0986408889291,1726.1589366197584,1529.354876577854,1744.3944925069807,1648.2517366483805
1483.0,1470.7987539470193,1727.0135393738744,1489.3011122941969,1743.8417428731916,1607.7387871220706
1809.9999999999998,1561.1805883049963,1726.9536581635473,1473.62648576498,1739.0213054418562,1625.195509418845
1430.0000000000002,1633.1913423538206,1728.163949549198,1481.6674095392225,1736.197963953018,1644.8051663488147
1400.0,1533.0347640812395,1731.9554665684698,1454.0863543748853,1740.4364308714864,1614.8782539740203
1355.0,1487.8155256807802,1733.8934010267255,1497.0950980484483,1745.7421076297758,1616.1365330964325
1414.0,1523.8633665442464,1733.9141291379926,1538.04470539093,1746.3288283348081,1635.5377573519943
1774.9999999999998,1543.2162971794603,1732.2501224279401,1498.5968065261839,1743.959490060806,1629.5056790485976
1550.0,1564.9060344696043,1717.4355685710905,1446.6856989264486,1727.5399470329282,1614.141812250018
1372.0,1539.6928781270979,1715.083071887493,1366.8946339190004,1726.7933031916616,1587.1159717813132
1480.0,1621.2171155214307,1718.2327371835706,1461.212722212076,1733.678922653198,1633.5853743925688
1342.0,1717.976802587509,1727.4884146451948,1498.4217691421507,1744.3760675191877,1672.0657634735105
1201.0,1690.903154313564,1730.43238222599,1588.5340660810468,1747.4081295728681,1689.3194330483673
1194.0,1616.6588023304937,1733.7264245748518,1523.537690490484,1749.3359878659246,1655.8147263154385
1906.9999999999995,1601.0082866251466,1730.2746182680128,1563.217269182205,1745.9604725241659,1660.1151616498826
1530.0,1559.7359541058538,1728.7028804421423,1467.0222072303293,1742.1365678310392,1624.3994024023411
1639.9999999999998,1611.6833359003065,1725.1199400424955,1525.842973142862,1735.47147244215,1649.5294303819535
1550.0,1639.581934213638,1724.9616003036497,1473.9022128283975,1733.0015164613721,1642.8618159517644
1500.0,1629.6138718724249,1727.9710629582403,1482.996023893356,1736.480240523815,1644.265299811959
1699.9999999999998,1607.7300244569776,1727.9861772060392,1508.7833057343958,1736.4397919178007,1645.2348248288033
1253.0,1632.9890993237493,1729.0952751040456,1517.6695477962492,1734.2526882886884,1653.5016526281831
1510.0,1676.5382853150365,1727.204266786575,1516.7303052544592,1733.0331844091413,1663.376510441303
1492.0,1625.4537111520765,1727.4990665912626,1431.8614287674425,1736.82786822319,1630.410518683493
1143.0,1569.353365898132,1730.7283335924146,1465.2733448147771,1738.7155658006666,1626.0176525264976
1439.0,1655.4235371947286,1728.4696891903875,1577.7495464682577,1738.0452129244802,1674.9219964444635
1300.0,1617.3642778396604,1726.0057789087293,1499.523093998432,1736.2818840146062,1644.793758690357
1749.9999999999998,1606.2972657382486,1724.4953617453573,1526.8392179906366,1734.3256685137746,1647.9893784970043
1625.0,1616.843627989292,1726.0561597347257,1513.8747200369833,1734.2466425895689,1647.7552875876424
1545.0,1590.7270714640615,1729.5721656084058,1520.1964341104028,1738.0455008149145,1644.6352929994462
1744.9999999999995,1537.409115284681,1733.7270003557203,1524.607707262039,1744.9288171529768,1635.1681600138543
1496.0,1656.7309916019437,1739.636815190315,1544.6372523903844,1751.1495536565778,1673.0386532098053
1774.9999999999998,1715.8170485496519,1742.2040781378744,1538.525770306587,1753.9485684037206,1687.6238663494585
1408.0,1730.7435917854307,1729.6890491247175,1514.3610389530656,1739.2388066649435,1678.5081216320393
1305.0,1606.1860680580137,1727.9228413105009,1453.8279727101324,1739.1453862190244,1631.7705670744178
1766.0,1694.6843072772024,1729.1658082604406,1602.1207672357557,1740.6424164772031,1691.6533248126505
1550.0,1736.7129999399183,1729.4099393486974,1574.4090817868707,1739.3875020742414,1694.979880787432
1623.0,1675.8244609832761,1730.9022194147108,1508.06523501873,1740.569580197334,1663.8403739035127
1625.0,1622.379329204559,1735.054751038551,1471.0921142995355,1743.4902286529539,1643.0041057989
1512.0000000000002,1693.8181889057157,1740.837750136852,1530.8016699552534,1750.8187675476072,1679.069094136357
1724.9999999999998,1665.707847177982,1744.724990725517,1510.7621926069257,1753.9312949776647,1668.7815813720224
1430.0000000000002,1665.4843002557752,1749.567739665508,1551.4745062589643,1758.6786082386968,1681.301288604736
1191.0,1688.34164917469,1752.0277634263036,1588.8285779953,1762.1183231472967,1697.8290784358976
1400.0,1685.6464189290998,1750.690512359142,1591.9949409365652,1759.960152506828,1697.0730061829088
1601.0,1688.3725973963735,1747.774901986122,1583.1612388789652,1755.7333451509473,1693.760520853102
1479.0,1683.0316540598867,1744.812797307968,1558.4214463829992,1751.578510403633,1684.4611020386217
1749.9999999999998,1656.6351240873335,1742.1855092048643,1540.2686589956281,1751.5186291933057,1672.651980370283
1382.0,1613.2156327366827,1742.6691651344297,1539.7254097461698,1753.7647503614423,1662.3437394946811
1120.0,1646.491016745567,1741.3674685359,1593.9590014517305,1753.428926169872,1683.8116032257674
1241.9999999999998,1701.7625254392622,1735.11002600193,1585.8221381902692,1745.8255958557127,1692.1300713717935
1243.0,1699.5099267363546,1729.1024723649023,1592.904674708843,1742.6210874319074,1691.0345403105018
1413.0,1717.2143247723577,1728.2352024316785,1569.7777883708475,1741.3801357150076,1689.1518628224728
1279.0,1824.0806934237478,1726.826266646385,1570.8728516101835,1739.6221327781675,1715.350486114621
1680.0,1709.9871233105657,1724.8288828134534,1518.825715780258,1737.2309148311613,1672.7181591838596
1774.9999999999998,1583.0398210883138,1723.573104739189,1574.4964565336702,1736.2440264225004,1654.3383521959183
1480.0,1597.7372755110262,1709.3668633699415,1531.2306267023084,1717.373240292072,1638.927001468837
1333.0,1508.5742972791193,1712.6914221048353,1481.8597203493116,1718.5370373725889,1605.4156192764638
1271.0,1538.2930108904836,1720.2710014581678,1606.0706239938734,1729.0791532397268,1648.428447395563
1691.9999999999998,1683.9579415321348,1723.4052646160123,1590.9224051237104,1732.4168109893797,1682.6756055653093
1550.0,1624.8759150505064,1728.2783859968183,1555.534697026014,1736.5503418445585,1661.3098349794743
1223.0,1561.4181698858736,1727.777600586414,1565.9851917624471,1737.1587982773779,1648.0849401280282
1539.9999999999998,1513.0612856149671,1730.11311173439,1539.9457898735998,1739.1271051764486,1630.5618230998514
1774.9999999999998,1555.1990887522695,1729.4155532121656,1561.2793347239492,1737.7842402458189,1645.9195542335508
1310.0,1550.0965186953542,1714.3240487575529,1518.340836316347,1721.651292145252,1626.1031739786265
1252.0,1515.7832176983354,1713.442384302616,1421.4795958995817,1724.1026791930196,1593.7019692733882
1300.0,1555.9494751691816,1720.4684942960737,1570.2168212831018,1733.0615416169164,1644.9240830913184
1879.9999999999995,1702.3046231269834,1727.2255706787107,1598.3884117007253,1739.6002531051633,1691.8797146528957
1566.0000000000002,1624.238093793392,1734.0517407655714,1527.0495939254758,1742.9081141948698,1657.0618856698272
1324.0,1606.7363706231115,1738.7010273337362,1524.7821688652036,1745.4054197669027,1653.9062466472385
1900.0,1604.609723985195,1739.2337685823438,1507.9497909545896,1748.593806326389,1650.0967724621294
1452.0,1574.084269404411,1741.095124185085,1523.4662216901777,1750.496186316013,1647.2854503989217
1212.0,1677.7464175224302,1740.0067543983457,1573.4573879837988,1749.2129147052763,1685.1058686524627
1930.0,1673.336655795574,1733.8316485285757,1586.6113178431985,1743.011466860771,1684.1977722570298
1135.0,1638.8476696610448,1727.35512137413,1585.5885870754717,1735.161126554012,1671.7381261661646
1774.9999999999998,1633.1258472800253,1717.1518525481222,1534.8924490809438,1725.0200420618055,1652.5475477427242
1277.0,1614.1501250863073,1704.5717602968214,1506.4141833782194,1709.608547389507,1633.6861540377138
1850.0,1499.2694625258443,1700.0867152214048,1403.2554116845129,1705.7224583625791,1577.0835119485853
1650.0,1583.4920969605444,1705.0974482297895,1537.4686366319654,1711.5913927555082,1634.4123936444519
1080.0,1544.900672137737,1710.971276760101,1522.4226188659666,1721.6492769122121,1624.9859611690042
1548.0,1466.3265919685361,1709.764727950096,1548.8846439123151,1722.8932514786718,1611.9673038274047
1305.0,1543.2722918689249,1710.1821690797804,1492.8991669416425,1721.321225762367,1616.9187134131787
1550.0,1608.842433094978,1711.0513103008268,1472.2603017091749,1723.0068242549894,1628.7902173399923
1566.0000000000002,1617.9774844646452,1714.3171393871305,1466.0720968246458,1726.5783929824827,1631.236278414726
1185.0,1620.7036629319189,1718.0448886752126,1446.302804648876,1729.9822655320165,1628.758405447006
1851.9999999999995,1477.9225307703016,1717.5584977865217,1529.0078246593473,1731.603808403015,1614.0231654047964
1194.0,1469.946526288986,1720.0070059299467,1436.513738185167,1734.4524842500684,1590.229938663542
1539.9999999999998,1639.1369995474813,1721.4827322959898,1476.8790718913076,1735.8735114336012,1643.343078792095
1273.0,1540.9836348891256,1720.3638461232183,1526.6500020027158,1734.6363022923467,1630.6584463268516
1729.9999999999998,1525.3457863628862,1716.149562001228,1463.1904575228689,1731.8129608035085,1609.124691672623
1630.0,1497.294102311134,1711.2185746431348,1515.2915728092191,1726.8919056653974,1612.6740388572214
1559.0,1563.38568508625,1706.01006090641,1512.5801487267015,1719.630589187145,1625.4016209766266
1349.9999999999998,1521.122217774391,1705.624719560146,1407.5228835642336,1714.7056475281713,1587.2438671067355
1545.0,1448.1739485263822,1708.8544183969495,1406.880096197128,1716.3061743974683,1570.053659379482
1590.0,1470.5232428014276,1715.4658222198484,1447.8090474009512,1725.3411838412283,1589.7848240658639
748.0,1403.6517648398874,1717.0893803238866,1504.1121394932268,1729.1863924264906,1588.5099192708728
1550.0,1512.5260253250597,1712.0075383782385,1517.9577261209486,1726.1158969998357,1617.1517967060206
1411.0,1649.5495647192,1713.2710894942281,1485.2047912776468,1727.664603590965,1643.92251227051
1466.0,1634.8169156908987,1714.5883321762083,1462.4047325551508,1728.6791294813154,1635.1222774758933
1467.0,1621.0049402713773,1720.2676907181738,1467.4187763035295,1732.8734052181242,1635.3912031278012
1333.0,1571.0794849693773,1725.4536050558088,1476.1399132013319,1739.7082120180128,1628.0953038111327
1671.9999999999998,1520.4384779930112,1727.7659410238264,1451.7954662442205,1743.5748684406278,1610.8936884254215
1850.0,1490.6517502665517,1730.9736162424085,1540.3570413589475,1743.4857663512228,1626.3670435547826
1590.0,1674.5185899734495,1733.6655357480047,1523.036689162254,1742.62497395277,1668.4614472091196
1132.0,1617.3891803622244,1731.1568585038183,1499.5354013144968,1739.8249515891073,1646.9765979424117
1425.0,1613.1691384315488,1724.9073329567907,1497.0076513290403,1733.8315045833585,1642.2289068251846
1585.0,1617.1523904800413,1722.9960283637045,1419.5143838226793,1733.8443157076833,1623.376779593527
1170.0,1552.85422116518,1726.6502216458318,1380.1317641139028,1738.5972428321836,1599.5583624392746
1900.0,1666.2548390030859,1726.4718735218046,1513.196882009506,1738.2506227493284,1661.0435543209312
1759.0,1707.6490211486814,1728.695107400417,1531.7247906327245,1738.5625520348547,1676.6578678041694
1429.0,1646.8682971596716,1733.6374664306638,1514.3613988161085,1741.3788402080534,1659.0615006536243
1539.9999999999998,1634.0665292739866,1733.9944505691526,1534.415342658758,1737.5199568271635,1659.9990698322651
1892.9999999999998,1636.515469253063,1734.0380659699438,1515.1461881399152,1738.8736176490781,1656.143335253
1300.0,1615.2423813939092,1739.9638587236402,1434.2142853140829,1745.1314920186994,1633.638004362583
1774.9999999999998,1749.647053480148,1739.4629293680189,1553.646927475929,1746.2641969323156,1697.255276814103
1200.0,1735.5869165062902,1723.9090728759763,1518.4691634774206,1728.2048299908636,1676.5424957126377
1652.0,1647.473586797714,1722.0821201801298,1450.4671397805212,1724.9405843019483,1636.2408577650783
1135.0,1605.0847432017324,1727.8777864575384,1570.965048521757,1732.4408498406408,1659.0921070054171
1412.0,1691.0384628176687,1725.2657565474508,1499.0218767523763,1732.3125946521757,1661.9096726924179
1448.0,1622.3430550098417,1728.0138146877287,1492.9861098527906,1738.614948093891,1645.489481911063
1179.0,1577.3972405493257,1737.1066901087759,1521.4511325955389,1748.2032829523084,1646.0395865514872
1203.0,1758.4386515617368,1738.0315381288526,1598.1899112462995,1748.590351641178,1710.8126131445167
1598.0,1719.7942548990247,1740.2848565578458,1537.2550219297407,1748.8972428441045,1686.557844057679
1600.0,1608.0274152755735,1743.257901072502,1543.3677275478838,1751.394116580486,1661.5117901191113
1564.0,1587.988081872463,1739.8541724681852,1539.0744175016878,1745.0662848353384,1652.9957391694186
1799.9999999999995,1518.1327635049818,1737.5044107437132,1520.2183857560156,1741.0348111391065,1629.2225927859542
1699.9999999999998,1523.3902186155317,1737.7076613903043,1511.8196141719816,1738.1943401694296,1627.7779585868118
2056.0,1634.0324142575262,1732.4843212962148,1533.3304275572298,1734.8165217041967,1658.6659212037919
1458.9999999999998,1577.6014268398283,1729.7258991003034,1479.9591396749017,1732.190241217613,1629.8691767081616
1450.0,1523.8056445121763,1729.001278877258,1517.9169176518915,1727.940402626991,1624.6660609170792
1420.0,1612.2291761636732,1727.9510545730589,1521.167848408222,1728.5428133606908,1647.4727231264112
1871.0,1554.795610308647,1726.5704759955404,1511.0216538608072,1728.9971044659612,1630.346211157739
1611.9999999999998,1567.7562217414377,1729.6997010707853,1533.3189119398592,1731.4687877893446,1640.5609056353567
1550.0,1804.8231264948843,1731.9734597206113,1531.3597455620763,1734.7151842713354,1700.7178790122268
1460.0,1690.6105136871336,1733.9488199353216,1547.1803325414655,1739.9943751096723,1677.9335103183982
1550.0,1653.6132821440694,1735.7678556442258,1544.433713853359,1745.7644191384313,1669.8948176950214
1850.0,1691.7777654528616,1738.8828301429746,1561.6663314402101,1749.445962011814,1685.443222261965
1596.0,1740.2788108587263,1742.8358536958692,1544.184976518154,1754.5594719052312,1695.4647782444952
1467.0,1700.8301922678945,1745.2348446846006,1552.8758129477499,1757.5913900136945,1689.1330599784849
1561.0,1731.9570499658582,1747.6470786333082,1588.9535224437711,1759.3875384330747,1706.986297369003
1552.9999999999998,1746.0161793231962,1747.0026358962057,1557.9692424833772,1756.4530712366102,1701.8602822348473
1607.9999999999995,1664.5368528366087,1747.3822194337843,1510.3587141633031,1757.6411950588224,1669.9797453731296
1257.0,1661.5378981828687,1748.1950780749319,1560.26927113533,1760.7155770063398,1682.6794560998676
1555.0,1687.4713563919065,1744.0838587284086,1561.6023477911947,1757.3731690645216,1687.6326829940078
1630.0,1662.5712808966634,1742.4520957469938,1563.66630628705,1754.719826877117,1680.852377451956
1760.0,1674.240055978298,1739.1104075312612,1573.6036363244054,1749.1557684540746,1684.0274670720098
1341.0,1655.5805814266203,1732.5758704543111,1562.8595653176305,1741.042872071266,1673.014722317457
1476.0,1597.1994242072103,1731.6173392534254,1529.3296141922472,1737.8556370735166,1649.0005036815999
944.0,1602.8407092392442,1733.8175418972967,1536.4441065490244,1740.6778270006178,1653.4450461715458
1826.9999999999995,1578.2202473282812,1735.0754791498182,1540.9214505553243,1740.2631208300588,1648.6200744658706
1249.0,1572.453370094299,1741.5535897016523,1549.3990321457384,1746.6010287404058,1652.501755170524
1774.9999999999998,1569.7754852473734,1741.2127274274824,1524.599574357271,1749.1026526689527,1646.1726099252699
2010.0,1594.3935000896452,1725.509311854839,1545.7492291927335,1731.8326812982557,1649.3711806088684
1390.9999999999998,1657.4189057946203,1723.6685404181478,1493.5697357356546,1725.7561779022215,1650.103339962661
1413.0,1658.5079953074453,1722.8126421570776,1563.5128606855867,1727.0698219537733,1667.9758300259707
1277.0,1584.529654085636,1716.493735015392,1518.056904375553,1726.8831250071523,1636.4908546209333
1548.0,1611.4425155520437,1711.1563903093336,1551.0388560593126,1726.3086396455762,1649.9866003915665
1572.0,1606.2573209404943,1709.2462372779844,1526.0699027776716,1723.6018937826154,1641.2938386946914
1266.0,1596.2567269802091,1714.2723724246023,1481.2449303269384,1728.8011950254438,1630.1438061892984
1918.9999999999998,1619.5211529731748,1718.596774637699,1474.461871832609,1734.1776928305624,1636.6893730685113
1850.0,1639.9930417537687,1723.4706157445905,1456.048183739185,1739.0649208426473,1639.644190520048
1550.0,1625.281552672386,1725.6010049581525,1476.0539059340952,1741.4853596687315,1642.1054558083413
1510.0,1571.182909607887,1725.2126407623289,1505.7661420106886,1741.2266901135442,1635.8470956236122
1550.0,1600.5696855485437,1724.0904438495634,1444.9841225147245,1742.4961429834364,1628.035098724067
1463.0,1661.3234198093412,1724.7071051597593,1421.6962334513662,1743.201474547386,1637.7320582419632
1360.0,1694.3250200152395,1728.3905193209646,1539.6329249441621,1746.5467613935468,1677.2238064184783
1267.0,1640.4542422294614,1730.3745162487028,1554.2813660204408,1749.3358439207075,1668.6114921048281
1799.9999999999995,1485.9427984058855,1731.6032326221464,1504.0033888816831,1748.3456447720525,1617.4737661704419
1559.0,1559.1437634825704,1736.4583608508108,1445.917319357395,1753.580788373947,1623.7750580161808
1650.0,1650.0008329749105,1739.3068927526472,1479.0345795452592,1756.8271848559377,1656.2923725321887
1508.0,1680.8324590325353,1735.5729538202283,1518.2094863057134,1752.3221313953397,1671.7342576384542
2010.0,1700.3512865304945,1729.1812103986738,1546.1897735297678,1744.7831445932386,1680.1263537630437
1859.9999999999998,1670.2727818489072,1726.79488658905,1491.7050693929193,1736.765827834606,1656.3846414163706
1341.0,1701.09246045351,1721.3301503658292,1508.9801508188245,1731.2980687618253,1665.6752075999973
1550.0,1656.3193082809446,1714.250348806381,1447.2797608375547,1724.3331354856489,1635.5456383526323
1440.0,1563.8260135054586,1714.4590693712232,1454.1488985717294,1719.6947887539861,1613.0321925505993
1150.0,1583.615961819887,1714.7642332315443,1523.972477018833,1718.0961331725118,1635.112201310694
1584.0,1567.4774718284605,1712.1496123075483,1500.622619539499,1715.9667515754697,1624.0541138127444
1950.0,1504.0359924733636,1712.3472490906713,1508.2221353054044,1712.7108547091482,1609.329057894647
1522.0,1669.858939349651,1714.361042678356,1492.1870699524877,1715.6502160429952,1648.0143170058725
1790.0,1560.2305498719213,1716.8592119216917,1493.7103702127931,1717.4254924058912,1622.0564061030743
1198.0,1563.44592615962,1713.871484994888,1561.3262608647344,1718.4051835536955,1639.2622138932345
1595.0,1507.5025531649587,1708.1446245312688,1483.6220416426656,1716.1236518621442,1603.8482178002594
1672.9999999999998,1411.7362320423124,1710.919168591499,1462.0339296758173,1718.367757797241,1575.7642720267174
1123.0,1586.3358786702154,1712.553234696388,1519.8762279748914,1721.2255021929739,1634.9977108836172
1603.0,1585.176831781864,1710.2443534135816,1508.2273173332212,1719.8777431249616,1630.881561413407
1539.9999999999998,1465.1227781176565,1711.26550078392,1451.2751042842863,1723.1405493617056,1587.700983136892
2019.9999999999998,1448.8807195425031,1710.8163917064664,1459.0465626120565,1722.7550640702245,1585.3746844828127
1460.0,1507.9552608728407,1713.564018011093,1479.3897643685339,1721.3284230232236,1605.5593665689228
1550.0,1580.1374536752699,1717.199498414993,1476.4514826238153,1726.125973165035,1624.9786019697783
1585.0,1583.624238669872,1718.9202195405958,1470.0740617513654,1729.376831948757,1625.4988379776476
1550.0,1651.3291594386098,1726.3739907741544,1434.884494245052,1735.1625660061834,1636.937552616
1208.0,1604.8468737304208,1731.2367480993269,1523.3102570474146,1740.1928755640981,1649.896688610315
1467.0,1573.109544366598,1735.0023549795148,1465.2648520469663,1743.9851123094556,1629.3404659256337
1162.0,1673.5803550481794,1738.0007338523862,1545.0670728087423,1748.0578982830045,1676.1765149980781
1799.9999999999995,1601.4172349870203,1739.0496626496313,1515.0573739409444,1748.678446114063,1651.0506794229148
1570.0,1736.8357852101324,1740.1887011528013,1460.4210954904554,1751.0318064689634,1672.119347080588
1533.0,1614.8901474475858,1735.9028762578962,1553.222433030605,1745.0435414910314,1662.2647495567796
1385.0,1633.333992063999,1735.4655706882475,1515.3746291995046,1743.6323025822637,1656.9516236335037
1117.0,1615.1814925670622,1733.3099910616872,1504.2396029829977,1742.633754611015,1648.8412103056905
2030.0,1526.13273486495,1728.411679267883,1500.9985324740408,1738.9257258176801,1623.6171681061385
1200.0,1629.0401062369344,1727.3107862472532,1529.135648012161,1733.1969940662382,1654.6708836406467
1450.0,1604.6155537664888,1722.9103809595106,1511.5862070024011,1730.6077075004575,1642.4299623072145
1662.9999999999995,1438.4134551882742,1721.1197024583814,1458.686555624008,1727.748235762119,1586.4919872581956
1867.0,1516.3435964286325,1721.703400313854,1529.3443685770033,1726.3935673236845,1623.4462331607936
1452.0,1451.2630128860471,1725.0956133008,1469.0181516110895,1730.719984769821,1594.0241906419394
1840.0,1371.1730456352232,1728.0112236738203,1482.5862118601797,1737.603157162666,1579.8434095829723
1608.9999999999995,1583.0627803504465,1724.6683838963506,1559.620078206062,1737.8488716483114,1651.3000285252926
1691.9999999999998,1601.4491188526151,1726.6045910120008,1539.5228068530557,1738.6372596025465,1651.5534440800545
1415.0,1556.1738857626913,1729.3202614784238,1524.1665151715276,1742.5984880328176,1638.064787611365
1609.9999999999995,1601.0853692889211,1728.1394788622854,1498.6606462299821,1741.5645295381544,1642.3625059798358
1560.0,1631.8962672352789,1725.6269150972364,1561.58651381731,1735.7792273163793,1663.7222308665512
1439.0,1631.1240011453626,1725.1582294702528,1509.7003087401388,1734.3888604640958,1650.0928499549625
2049.9999999999995,1622.1144700050352,1726.502821743488,1429.201752990484,1738.2254323363302,1629.0111192688344
1713.0,1562.3445293307302,1733.1912362575529,1486.9930946826933,1740.072105526924,1630.650241449475
1467.0,1606.3840647041795,1739.442489147186,1542.835490107536,1745.2326855063436,1658.4736823663113
1566.9999999999998,1607.7848675847051,1744.0323263406751,1535.80578148365,1750.7482343912122,1659.5928024500606
1600.0,1620.1183816790578,1748.885871171951,1554.339735805988,1753.4253275394437,1669.1923290491102
1744.9999999999995,1748.6375656723974,1752.922958731651,1560.4291942715643,1756.6822320222852,1704.6679876744745
1585.0,1625.9031081199644,1756.75679564476,1506.6371545195577,1760.1448342204092,1662.3604731261728
1870.0,1595.4832373559473,1756.6920202970502,1555.5945062637327,1762.0113718509672,1667.4452839419243
1313.0,1643.4461435675619,1749.178943634033,1563.5587072372434,1756.229236423969,1678.1032577157018
1266.0,1660.607724189758,1739.5616757869718,1552.3235671222208,1748.9728140830991,1675.3664452955124
1203.0,1640.702403783798,1732.5110951066015,1553.29498142004,1742.909409701824,1667.3544725030658
1277.0,1659.2986863851545,1729.7817498445509,1543.666701763868,1740.678114891052,1668.3563132211564
1545.0,1574.8709300160406,1732.672457695007,1528.7385031580923,1743.7886270880697,1645.0176294893024
1748.9999999999998,1619.694031178951,1736.6473609209058,1576.1656452715395,1748.5300385951994,1670.259268991649
1666.9999999999998,1674.451943337917,1741.4844959974287,1531.7813611030576,1753.567833304405,1675.321408435702
1600.0,1728.4112474322317,1749.4223549962041,1534.3938228487966,1761.0400295257566,1693.3168637007473
1550.0,1711.6578954458234,1748.5932305455206,1605.4201355576513,1757.6807799935339,1705.8380103856323
1355.0,1679.0118399262426,1744.5667949318884,1565.2189713716505,1754.9128574132917,1685.9276159107683
1900.0,1576.501109600067,1742.306855022907,1541.8400369584558,1755.8536833524702,1654.125421233475
1596.0,1579.6258004009721,1744.8641857504842,1537.2300474345682,1754.8869472742078,1654.151745215058
1287.0,1753.8210329413412,1744.4550934433935,1593.3176535367963,1752.9773700237272,1711.1427874863145
1550.0,1685.4785788059232,1740.7061842083929,1540.3900767862795,1750.202825963497,1679.1944164410231
1782.9999999999998,1662.622957229614,1740.6725010275838,1548.1907559931276,1747.178824841976,1674.6662597730754
1386.0,1791.7683029174802,1744.1489219665525,1550.645669698715,1748.84225577116,1708.851287588477
1279.0,1694.8017665743826,1746.7436784505842,1567.6427209377287,1752.1211838722227,1690.3273374587295
1700.9999999999998,1636.1209154129026,1746.0631054639814,1589.5181475579736,1752.4899715185163,1681.0480349883435
1900.0,1665.3692880272863,1748.2421481609342,1581.9310110807417,1753.5718637704847,1687.2785777598617
1300.0,1645.1231053471563,1742.6877340674398,1586.2278477847574,1748.3594635128973,1680.5995376780627
1699.9999999999998,1573.8936859369276,1732.8279185295103,1539.410601556301,1740.7728308439252,1646.726259216666
1605.0,1585.0213709473608,1728.31494808197,1551.906341910362,1735.8572456240652,1650.2749766409395
1200.0,1617.644971013069,1726.9526505470274,1543.3679434657095,1731.1286452412603,1654.7735525667665
1544.0,1569.1028292477129,1717.6735100150106,1518.5671901702879,1727.4207603931425,1633.1910724565384
1617.9999999999998,1510.6268841028211,1712.3322787880895,1523.4717635810373,1726.0708421468732,1618.1254421547053
1699.9999999999998,1648.255353271961,1710.4529300332067,1539.3891537189481,1723.8080233335493,1655.4763650894163
1612.9999999999998,1598.2461938261984,1712.5693565607069,1445.5742259323595,1727.1754777431486,1620.8913135156033
1665.9999999999998,1549.1245286166666,1713.7180393934248,1479.3462209403513,1731.3257062435148,1618.3786237984893
1505.0,1590.257378220558,1716.6301950812338,1498.6366793513296,1732.59199231863,1634.5290612429378
1550.0,1510.9006679058073,1719.6422487497327,1501.2998098134992,1736.6148293018339,1617.1143889427183
1240.0000000000002,1533.1755425035951,1720.6726086139677,1438.017533868551,1739.7167047858236,1607.8955974429844
1638.9999999999998,1779.069455862045,1722.1035680174825,1461.4628270268438,1742.3064231872556,1676.2355685234068
1748.9999999999998,1691.0947453975675,1727.3234534263609,1528.0654153227804,1746.5191239118574,1673.2506845146415
1986.9999999999995,1609.2797386646268,1733.839565515518,1499.9327620863912,1750.8622390031812,1648.4785763174293
1799.9999999999995,1521.7554327845571,1740.0343918800352,1463.8576436042783,1755.5260640382764,1620.2933830767868
2069.9999999999995,1523.6640024185178,1735.6993377208707,1538.8618823885915,1751.8115577101705,1637.5091950595377
1400.0,1589.643883705139,1731.2177473306654,1524.781593084335,1742.5591909885404,1647.05060377717
1547.0,1727.2382378578184,1727.814450562,1501.3875444233415,1740.4275062680242,1674.216934777796
1360.0,1679.5548012852666,1724.7541752457616,1453.3560483157632,1737.6990246772764,1648.841012381017
1585.0,1674.102300405502,1718.3293244242666,1539.0535454452036,1729.3441563844679,1665.20733166486
1467.0,1606.762856543064,1718.2468438148496,1488.7356235086916,1727.1104145050047,1635.2139345929024
1361.0,1552.0842581987379,1720.5853778123853,1463.383775949478,1729.690632522106,1616.4360111206768
1132.0,1558.984704017639,1722.1549564599989,1462.0531463623045,1733.181591928005,1619.0935996919868
1589.0,1541.2899503111837,1719.6094292402265,1508.575664758682,1733.07291328907,1625.6369893997905
1529.0,1576.710693836212,1719.8374384641645,1523.6746543645856,1732.1225869655607,1638.0863434076307
1453.0,1700.6227672100065,1717.918360829353,1507.7463963627813,1731.181473135948,1664.3672493845222
1749.9999999999998,1550.6344419717786,1719.0689149498937,1444.7504994273183,1731.8175670504568,1611.5678558498619
2040.0,1511.7333909869192,1719.6785229444502,1502.9747563600538,1732.1911048889158,1616.6444437950847
2038.0,1522.3499985039232,1721.8181246519086,1501.3491830229757,1728.4349983930585,1618.4880761429665
1292.0,1367.0423217117784,1722.9624891281126,1477.3445187509058,1728.212890923023,1573.890555128455
1239.0,1490.7752552628515,1720.2471065521238,1486.0067100822923,1727.1397793292997,1606.0422128066418
1239.0,1700.8640193939207,1719.0362393856046,1501.2712366878984,1728.3156678080557,1662.3717908188698
1672.9999999999998,1759.825419783592,1721.3966530561445,1467.9423770308492,1731.9484132528303,1670.278215780854
1909.9999999999998,1620.0799483060835,1723.1104648113248,1541.0217803716657,1732.6769199967382,1654.222278371453
1550.0,1530.9384179115293,1719.3519112467764,1546.5104115009306,1730.9684342145918,1631.942293718457
1373.0,1365.3228960931299,1714.6038782596586,1463.1370538473127,1728.1646692752836,1567.8071243688462
1791.0,1372.0908403396604,1714.4084006547926,1441.4168721437452,1729.2515996098516,1564.2919281870124
1304.0,1517.5132232904432,1719.2662638425825,1380.3850357234476,1734.1736623644827,1587.834546305239
1230.0,1487.925571799278,1722.0305877923963,1526.6559037566183,1737.7943164110181,1618.6015949398277
1385.0,1568.9411067962644,1720.479578077793,1558.7336635589597,1734.1542297601698,1645.5771445482967
2189.0,1621.6587394475935,1717.097297310829,1520.2293255925176,1728.881660401821,1646.9667556881902
1932.9999999999995,1414.8961174488065,1721.7003774642942,1426.6952349245546,1730.7009840011594,1573.4981784597037
1414.0,1616.0231402516363,1728.3427295088766,1487.264935225248,1737.755163311958,1642.3464920744298
1705.0,1735.211075544357,1726.3331103324888,1576.2407846748827,1735.4861548542974,1693.3177813515065
1774.9999999999998,1616.7310628294942,1724.7160297632215,1507.6793178915975,1731.8290826678274,1645.2388732880352
1360.0,1620.630970597267,1711.193816065788,1486.0555075109003,1715.8777934312818,1633.4395219013093
2399.9999999999995,1596.742470115423,1704.7098037600515,1483.4507468342779,1708.2705765962598,1623.293399326503
1413.0,1621.0679882764814,1711.50545746088,1508.578975498676,1714.3624821305273,1638.8787258416412
1550.0,1668.8613989949224,1717.157034575939,1511.367842108011,1722.5554120540617,1654.9854219332335
2399.9999999999995,1641.5718328952787,1722.0308756828306,1545.780681222677,1727.833883166313,1659.3043182417748
1452.0,1568.8235755264757,1732.1702328324316,1503.054717928171,1737.2379681468008,1635.3216236084697
1450.0,1496.3516929745672,1736.9876474142072,1518.0350966751573,1743.9135715365408,1623.8220021501181
1675.9999999999998,1448.7593017518518,1739.119907915592,1511.3418599963186,1746.7665657401083,1611.4969088509677
1859.9999999999998,1742.7830258011816,1741.092965006828,1598.8027580082414,1745.790185332298,1707.1172335371373
1097.0,1682.7066257596014,1736.8681728839872,1596.487759053707,1741.316511929035,1689.3447674065826
1532.0,1660.883523225784,1725.2504983544347,1566.797690540552,1729.5976439118383,1670.6323390081523
1380.0,1710.0608232617376,1723.4490239620206,1554.8517489433286,1729.8518511652944,1679.5533618330953
1052.0,1684.171988070011,1719.7683447599409,1532.4461001157758,1724.89783257246,1665.321066379547
1281.0000000000002,1607.3668506741521,1717.6480317115781,1543.5527691245077,1723.6255007982252,1648.0482880771158
1425.0,1556.243627220392,1715.5481588840482,1502.1712541580198,1721.6386249661443,1623.900416307151
2127.9999999999995,1535.0941163301466,1717.92152762413,1509.8834070563314,1723.8383957743642,1621.684361696243
1850.0,1597.0207162201402,1725.0745972990987,1482.2770895063875,1730.4813235998151,1633.7134316563604
2080.0,1598.3890594542024,1729.8292517662046,1469.7215399146078,1736.0298359394071,1633.4924217686055
1280.0,1567.0748570561407,1733.8366866111753,1569.6991223096845,1735.4182127118108,1651.5072196722028
1385.0,1662.0237132906911,1732.7022543549535,1568.1910802423952,1736.3050591945646,1674.805526770651
1162.0,1581.3759583234785,1728.851287961006,1528.2025951147077,1733.1276124715803,1642.889363467693
1312.0,1654.6948865056036,1726.908747255802,1555.595297962427,1731.7919448018072,1667.24771913141
1520.0,1802.9872491955755,1725.8128923177717,1525.5819284915922,1733.9649417996404,1697.086752951145
1774.9999999999998,1551.7628285288808,1728.9051234722135,1508.3586673438547,1737.3362827301023,1631.5907255187628
1733.0,1552.105130255222,1717.7349746227262,1562.8195485472677,1723.9321041107175,1639.1479393839834
1316.0,1525.0661727786062,1717.8079548478124,1410.1691724359987,1723.31803381443,1594.0903334692118
1573.0,1470.6004694104192,1722.826029062271,1594.6693710982797,1730.3775390982626,1629.618352167308
1680.0,1647.00893163681,1725.3796172142027,1566.5709768235681,1730.2560493350027,1667.3038937523959
1313.0,1644.910930097103,1727.7773126959798,1494.7793073952196,1731.4392790198324,1649.7267073020337
1774.9999999999998,1595.0084340572355,1727.9998520016668,1518.7875702977178,1733.8129356503484,1643.9021980017421
1385.0,1631.8445909023283,1714.2610007524488,1538.311867713928,1718.1242024898527,1650.6354154646394
1930.0,1552.3830164968965,1711.3927483558653,1468.902059793472,1718.0022808909414,1612.6700263842938
1900.0,1563.7520256638525,1716.1913061141965,1540.1060009002683,1720.9799316525457,1635.2573160827158
2399.9999999999995,1659.325316250324,1717.1226316690443,1606.4314946532247,1723.1526407599447,1676.5080208331344
1723.9999999999998,1596.7135371267793,1723.6699798703191,1503.742704093456,1729.517034590244,1638.4108139201996
1388.0,1639.2733156681059,1730.7945483922956,1540.6923617422578,1736.4382085204122,1661.7996085807679
1421.0,1742.3189464211462,1737.876653075218,1542.9530213773248,1743.4139376878736,1691.6406396403906
1813.0,1719.7052967548368,1741.1620587110517,1583.4993661940096,1748.2893621921537,1698.164020963013
1381.0,1749.4436588883398,1745.9570178389547,1545.4989804327486,1751.5465545654295,1698.1115529313681
1545.0,1790.183753967285,1741.9790917634962,1577.8969463706014,1746.957293152809,1714.2542713135479
1550.0,1806.2163722515104,1740.3792846202848,1527.0206609368322,1745.2328294515607,1704.712286815047
2127.9999999999995,1722.9224723577497,1734.7076991200445,1566.8528935313223,1739.023320674896,1690.8765964210031
1850.0,1673.6652827262876,1733.928523659706,1487.464587241411,1741.1626344919202,1659.0552570298312
1496.0,1559.8960211873052,1734.8327875137327,1491.6770000755785,1744.0628427267072,1632.617162875831
952.9999999999999,1625.753980875015,1732.5754386186597,1579.1229277849195,1742.2800812125204,1669.9331071227787
2040.0,1710.6728783249853,1727.3980170488355,1596.900953799486,1735.468305647373,1692.61003870517
1492.0,1678.2041633129118,1726.732990145683,1562.616729736328,1728.5004934668539,1674.0135941654441
1545.0,1718.1617721915243,1730.3370904922483,1509.8002786934373,1731.7647391557691,1672.5159701332448
1749.9999999999998,1676.6475397348402,1730.343280136585,1520.0727131962774,1733.8260346651075,1665.2223919332025
1386.0,1558.0788567662237,1731.5954595804212,1534.4942966103551,1734.0890225768087,1639.5644088834522
1490.0,1604.4973027706144,1731.0244289040563,1582.7594877779482,1735.9542647004125,1663.5588710382578
1560.0,1581.786921918392,1729.1823619604108,1548.7297588586805,1732.8535407781599,1648.1381458789108
2079.0,1612.9517811536787,1724.2261841893194,1568.658254444599,1728.7261995673177,1658.6406048387287
1559.0,1593.157586455345,1725.7009029388425,1494.19395416975,1733.8674908876417,1636.7299836128948
1980.0,1606.0922877490518,1731.880759000778,1494.635865986347,1743.0477410554884,1643.9141634479163
1839.0,1712.038630545139,1731.0625743865965,1608.7775138020513,1743.6307191848753,1698.8773594796655
2096.9999999999995,1667.55581587553,1734.0551954507825,1554.009669423103,1744.74341571331,1675.0910241156814
1485.0000000000002,1604.6172811090944,1735.6653666496275,1552.9398685693739,1745.1022711396215,1659.5811968669293
2399.9999999999995,1606.2109705805776,1733.7626987695692,1541.8228355050085,1741.6497451066969,1655.861562490463
1698.9999999999998,1581.6700384020803,1737.9348069429395,1554.1984535753725,1745.5192804336546,1654.8306448385117
1550.0,1561.853028386831,1738.4059396386144,1547.595110684633,1745.1923808455465,1648.2616148889063
1480.0,1659.0145385265348,1740.415270924568,1545.4481677711008,1746.5965664386747,1672.8686359152196
1566.0000000000002,1693.65984916687,1741.0307806730268,1580.9097917377946,1750.1828175783155,1691.4458097890017
1511.0,1600.8491551876066,1742.8502482175825,1524.125130921602,1752.109524309635,1654.9835146591065
1774.9999999999998,1666.1451527476308,1744.921475946903,1595.3932715952394,1755.8495089411733,1690.5773523077366
1480.0,1704.8616659641264,1734.1029852628706,1598.476578146219,1740.3529426455495,1694.4485430046914
2399.9999999999995,1648.4958857297895,1724.9567061662672,1486.7385275661943,1734.4018155336378,1648.6482337489722
1550.0,1763.3074545860288,1726.061917543411,1560.7529270648954,1737.3744282126424,1696.8741818517444
1550.0,1727.8554749488828,1721.7949494719503,1592.8206826746462,1734.2352709174154,1694.1765945032237
1533.0,1641.404856443405,1718.6133283376691,1531.6289231181142,1732.5999093055723,1656.0617543011901
1850.0,1615.8905667066572,1720.7202544808385,1494.6062132716177,1734.3940424919126,1641.4027692377565
1200.0,1649.5075327157972,1722.9763078689573,1512.4201536178587,1732.7781134843824,1654.420526921749
1750.9999999999998,1699.368140697479,1720.052924454212,1518.9109313488004,1731.091363430023,1667.3558399826286
1999.9999999999998,1619.6531507372854,1721.2728601694105,1471.5189838409422,1729.9766516685484,1635.6054116040466
1287.0,1657.6417329907415,1717.5094124674795,1566.2183110415933,1727.6114878058431,1667.2452360764144
2113.0,1624.604002535343,1711.7619678378103,1501.744744479656,1722.7966642379758,1640.2268447726963
1305.0,1504.9623519182203,1710.999346077442,1504.4463083148,1722.5063267350195,1610.7285832613704
1139.0,1556.330426186323,1710.3857076168058,1505.1101836562154,1721.6258138418195,1623.363032825291
1491.0,1726.8563511967657,1710.391465425491,1544.9975472688673,1719.4315129518507,1675.4192192107437
1791.0,1681.9523528218267,1713.493484854698,1516.2264969944952,1723.6161443591116,1658.8221197575328
1338.0,1680.9182503819463,1713.1816995143888,1489.807367622852,1724.7983664274213,1652.1764209866521
1687.0,1608.1617161631582,1709.4755420088766,1482.417076230049,1723.4208106994627,1630.8687862753866
1758.0,1493.0913338065145,1710.1466146111486,1505.5080482363699,1724.2328056693075,1608.2447005808351
1467.0,1528.1912954151628,1713.413307368755,1486.322885751724,1725.712130665779,1613.4099048003552
1600.0,1541.939071267843,1716.4257928729055,1499.1389761865137,1729.4253414869306,1621.7322954535482
1599.0,1459.2035348713396,1719.638074338436,1499.1294038295744,1732.690738737583,1602.6654379442332
1850.0,1604.9406540393827,1718.4734135866163,1516.0353377461431,1730.457284748554,1642.476672530174
1650.0,1497.0866052806375,1716.36231303215,1470.547065734863,1729.6566614508627,1603.4131613746283
1580.9999999999998,1414.252682328224,1713.6463546752927,1443.2209375500677,1726.2300455570219,1574.3375050276516
2019.9999999999998,1604.8566620051859,1716.2094432115553,1513.278355002403,1728.5770723223684,1640.7303831353781
1550.0,1563.7186303734777,1713.0553156137464,1550.3981558978555,1727.7028930187223,1638.7187487259505
1248.0,1512.133990526199,1709.370605945587,1458.669282197952,1724.2490714788435,1601.1057375371454
1919.9999999999998,1565.4846222698686,1705.7371407747266,1450.3922162950037,1722.4195277690885,1611.0083767771719
1415.0,1571.1982397735117,1706.8305486440656,1485.99828928709,1718.4044638276098,1620.6078853830693
1349.9999999999998,1588.5432785749433,1708.7330725789068,1465.6071537733076,1722.4530670046804,1621.3341429829595
1493.0,1528.7277072668073,1709.1116484999654,1451.3065563142297,1724.5001119375227,1603.4115060046313
2055.0,1555.4464586079118,1713.0479744076727,1508.9780636131761,1727.5814032554624,1626.2634749710558
1572.0,1749.6381288766859,1723.100964426994,1447.833949923515,1737.9404208064077,1664.6283660084007
1376.9999999999998,1585.5918258428571,1730.8279436826704,1511.5940520167348,1746.739072203636,1643.6882234364746
1467.0,1570.3008133172987,1736.560561954975,1535.2265459299085,1752.8954651951788,1648.7458465993402
1614.9999999999998,1740.4593181610105,1739.0100777149198,1597.6071490347383,1755.6003397703169,1708.1692211702464
1766.0,1735.049137175083,1740.219793319702,1534.249373823404,1754.386593699455,1690.976224504411
1508.0,1729.2632591724393,1737.4482721090314,1572.4149367213247,1748.6451947689054,1696.9429156929252
1749.9999999999998,1710.4441493749616,1735.279449522495,1513.3967499434946,1744.074646234512,1675.7987487688658
1585.0,1681.4861142635343,1733.3262568712232,1507.0466786622999,1740.2755001187322,1665.5336374789474
1888.9999999999998,1583.3681601285932,1730.3405451774595,1512.5728794932363,1734.9783161282537,1640.3149752318857
1497.0,1644.6512529253957,1730.7173937559126,1497.1635439991949,1735.6793293356893,1652.0528800040481
1713.0,1597.8080245852468,1730.988154709339,1541.4061141014097,1738.2375237345693,1652.1099542826412
1353.0,1717.4439173936842,1732.4513578414915,1533.4916462004182,1739.2894753813741,1680.669099204242
1854.9999999999998,1766.4440208673475,1729.138026833534,1559.7366738319395,1738.453297615051,1698.443004786968
1639.9999999999998,1623.7797722220419,1725.4130125045774,1510.931400209665,1734.848333597183,1648.7431296333668
2150.9999999999995,1680.359742939472,1718.3343625068662,1590.7827782630918,1726.7216184735296,1679.04962554574
2399.9999999999995,1596.8731003999708,1714.6480694413183,1546.8603423237798,1725.0240725278852,1645.8513961732385
1435.0,1614.5626720786092,1718.9197877049444,1476.9010235369203,1727.6253065466879,1634.5021974667904
1622.0,1722.1481910347936,1724.1396731138227,1584.803941696882,1731.5845197439191,1690.6690813973544
1607.0000000000002,1695.933751761913,1728.1989282369611,1562.215122580528,1734.5664888620374,1680.22857286036
1492.0,1622.207746505737,1733.0265629291532,1543.2902850210664,1739.8749005794523,1659.5998737588523
1856.9999999999998,1625.690932869911,1734.8155140876768,1539.493729919195,1744.3729007244108,1661.0932694002984
1387.0,1583.625894039869,1735.0754791498182,1476.2733504176138,1745.2480876445768,1635.0557028129695
2399.9999999999995,1717.2664329409597,1736.2421551346777,1564.8947347700594,1746.8470311164854,1691.3125884905455
1455.0,1699.2561513185499,1741.6622683405874,1542.385805249214,1751.89792484045,1683.8005374372003
1739.0,1655.7802334427831,1741.7192706465719,1502.592725753784,1753.5419231653211,1663.408538252115
1150.0,1509.278117418289,1744.6842542290685,1522.004026174545,1756.584349274635,1633.1376867741344
1639.9999999999998,1655.6315380334852,1743.7951046228407,1601.8108531832693,1756.3864246010778,1689.4059801101682
1490.0,1705.78867316246,1737.8596675395963,1566.730971932411,1748.987784385681,1689.841774255037
1440.0,1666.4269974827764,1731.2321418523786,1538.5882425308225,1738.9431431889532,1668.7976312637327
1150.0,1660.3337964415548,1728.1822305917738,1523.0199915170667,1736.6849306225774,1662.0552372932432
1782.9999999999998,1601.4279589056966,1725.8376508951185,1489.5666912198064,1734.1971254348753,1637.7573566138742
1512.9999999999998,1527.413487434387,1727.5704634189603,1521.2815651297567,1735.2592971920965,1627.8812032938001
2100.9999999999995,1553.8388064503667,1727.8468382358549,1513.5743783414362,1736.874506473541,1633.0336323752997
1756.9999999999998,1424.4781906902788,1732.2149997949598,1495.1378749310968,1741.7441731691358,1598.3938096463678
1930.0,1682.8079631924627,1735.5116331577299,1552.6139765977857,1747.3966139554975,1679.582546725869
1830.9999999999998,1653.6245098710058,1730.4338216781614,1600.1422402262685,1742.5914347171781,1681.6980016231535
1150.0,1653.9069303870199,1725.0301182270048,1567.5707483291624,1735.219568312168,1670.4318413138387
1287.0,1622.98519462347,1720.3379359841344,1531.1831247806547,1729.3723696470258,1650.9696562588213
1225.0,1627.8417623043058,1717.494874000549,1501.3242805004118,1728.0595892667768,1643.6801265180109
1150.0,1572.012321949005,1717.657532095909,1487.4278812110422,1728.478901684284,1626.39415923506
1900.0,1487.1564725041387,1720.4234394431112,1501.990171074867,1731.297636926174,1610.2169299870727
1820.0,1577.0850233733652,1725.7325708866117,1526.910686790943,1736.8344897031782,1641.6406926885245
1768.0,1615.9465613961218,1728.451839983463,1485.705072879791,1736.0802167654035,1641.5459227561948
1245.0,1657.239406108856,1733.4532165527341,1482.377059459686,1740.7483601570127,1653.4545105695722
1300.0,1615.0470477342603,1731.2848258018491,1545.9573739767072,1738.6690714955328,1657.7395797520874
1904.0,1593.179322183132,1724.906469285488,1507.5335733592508,1733.1938272714613,1639.703298024833
1239.0,1533.5209390521047,1724.2935505509374,1510.8268240094183,1731.7458823323248,1625.0967989861963
1850.0,1543.2225587964056,1722.9036155343053,1481.9705581665037,1729.2081281542776,1619.326215162873
1619.9999999999998,1746.406846642494,1723.9154064655302,1453.9990516006944,1731.565950810909,1663.971813879907
1900.0,1674.7586905956266,1729.7270506620405,1526.5138298273084,1735.726687312126,1666.6815645992754
1568.0,1720.1280638575552,1735.7425212860105,1558.9500851929186,1740.8270981907842,1688.911942131817
1959.0000000000002,1712.0763441920278,1738.3372777700422,1520.3725510835645,1742.5223410129545,1678.3271285146473
1616.9999999999998,1588.1447662413118,1742.0663225650785,1476.6117656230924,1749.7390344738958,1639.1404722258446
1250.0,1552.5168135762212,1746.6031879186628,1495.258501023054,1755.9106856584547,1637.5722970440981
1774.9999999999998,1690.5299043655393,1742.916031181812,1587.3572419583795,1753.7615835666654,1693.641190268099
1840.0,1701.8999931216238,1726.5860220789907,1539.787594079971,1733.5012942552564,1675.4437258839605
1936.9999999999998,1681.5514653921125,1722.7986794710157,1456.9309997558591,1725.9646105766294,1646.8114387989042
1425.0,1781.9223061203954,1725.989081263542,1589.811795800924,1730.0591322779653,1706.9455788657067
2399.9999999999995,1715.186424553394,1726.6466230154035,1540.789236873388,1732.5839313864706,1678.801553957164
1769.9999999999995,1643.3285403251646,1734.8859032988546,1527.8227236866949,1741.673783957958,1661.927737817168
1900.0,1621.040494740009,1737.0375964045522,1567.6322849094865,1741.6026750206945,1666.8282627686856
1850.0,1692.4011921882627,1733.3243855834005,1587.9240982234476,1737.9312083125112,1687.8952210769055
1212.0,1655.283766388893,1729.0781456232069,1536.758626848459,1732.9933115839956,1663.5284626111386
1669.9999999999998,1666.7985200881956,1725.033572912216,1573.4111815690992,1727.300854027271,1673.1360321491954
1520.0,1694.1063672304151,1720.377520918846,1571.2176723778246,1719.661105573177,1676.3406665250657
1467.0,1608.858554959297,1718.4997555613515,1533.7377205491064,1719.6510294079778,1645.1867651194332
1875.0,1635.8511620759962,1721.8400043249128,1519.2964166402814,1724.845868349075,1650.4583628475664
1558.0,1766.9617918133733,1729.9026638269422,1558.9300048351286,1730.960085391998,1696.6886364668605
1799.9999999999995,1717.707481086254,1733.1611517071722,1587.9538229107854,1735.2224472165105,1693.5112257301805
1900.0,1657.7337139844892,1733.9158564805982,1552.3509886860845,1731.0720747709272,1668.7681584805248
1349.9999999999998,1682.16452807188,1729.5062386989591,1588.2011927664278,1726.762211024761,1681.658542640507
2184.9999999999995,1632.5742492079733,1721.6629517078397,1531.375075727701,1720.2033472061155,1651.4539059624074
1900.0,1608.3951953053472,1721.8495047092435,1555.824962556362,1721.303952336311,1651.843403726816
1680.0,1650.8436322212217,1724.6587395668028,1530.1772356033323,1723.1022599339483,1657.1954668313263
1416.0,1624.0342673659322,1723.5582783818243,1567.5149695575235,1721.0591015219686,1659.0416542068122
1380.0,1590.3201383352277,1721.9257956743238,1529.7172586619852,1724.086701273918,1641.5124734863637
1140.0,1586.3225637376306,1723.0881533026693,1517.7479979395864,1729.0135142207143,1639.0430573001502
1691.9999999999998,1700.1316261291502,1725.7201915979383,1595.6717336177824,1732.709163725376,1688.5581787675617
1959.0000000000002,1667.89466291666,1727.3502272367475,1567.8465473651884,1730.1417568325994,1673.3082985877988
1975.0,1653.5040277242658,1731.5482455492017,1529.1775360703466,1736.8485963344572,1662.7696014195678
1215.0,1566.3608168065546,1735.3849613666532,1490.745314657688,1742.6963707804678,1633.7968659028409
1454.0,1667.2336664795873,1732.5786054134367,1604.941589683294,1739.2739292979238,1686.0069477185605
1782.9999999999998,1760.9946867823598,1732.090343236923,1595.8411571383474,1738.145974576473,1706.7680404335258
2412.0,1613.750245273113,1734.386845231056,1521.969191431999,1739.959396421909,1652.5164195895193
1691.9999999999998,1593.5751715302465,1737.4094069004057,1545.4937264323232,1742.2117072343824,1654.6725030243394
1532.0,1604.5527216792104,1736.0032060742376,1531.819650530815,1740.1288199424741,1653.1260995566843
1412.0,1549.7609104216097,1734.7124493122099,1578.5125280916689,1742.0522159337995,1651.259525939822
1591.0,1544.4238536059854,1726.502677798271,1541.632252037525,1739.0951493382452,1637.9134831950066
1795.0,1662.2553211450575,1721.9052115082739,1550.9422688186166,1737.989650070667,1668.2731128856537
1400.0,1664.0395221114156,1720.9102621674535,1537.2875535488126,1737.516214251518,1664.9383880198
2399.9999999999995,1801.5482288599012,1716.1910182237623,1512.9419550299642,1733.576865494251,1691.0645169019697
1666.9999999999998,1676.203180849552,1719.9916037917135,1487.928738594055,1734.5140928030012,1654.6594040095804
1729.9999999999998,1491.3338346779344,1723.9916974306104,1521.223267316818,1736.2211391329763,1618.1924846395848
1746.9999999999998,1487.4311919510362,1723.2601678371427,1544.5873034000394,1732.4142199754713,1621.9232207909224
1456.0,1599.397899508476,1723.883738517761,1514.4169616699216,1733.799548745155,1642.8745371103284
1971.9999999999998,1688.9934331178663,1725.0387549400327,1501.0787819325922,1734.2564308643339,1662.3418502137063
1782.9999999999998,1812.9793503880499,1727.9763889312742,1485.0661000609396,1738.5940760374067,1691.1539788544176
1494.0,1711.5931200981138,1730.4404431581495,1429.4179587066171,1742.179751396179,1653.4078183397648
1839.0,1635.459055304527,1731.4024290442464,1553.69356572628,1744.5395892858503,1666.273659840226
1941.9999999999998,1653.7264230847356,1734.424846768379,1503.0359330773351,1747.9293552041051,1659.7791395336387
1781.9999999999998,1633.295990526676,1732.6276907324789,1542.4420158565042,1746.7690128087995,1663.7836774811146
1435.0,1564.5001089572904,1731.2887123227117,1536.4391404390333,1742.176584601402,1643.6011365801094
1345.0,1740.8841004967687,1730.094686746597,1554.260925799608,1740.6853121519086,1691.4812562987206
2477.0,1660.9599581360815,1727.7129691839216,1474.9287581443784,1739.9942311644552,1650.8989791572092
1570.0,1715.976683795452,1727.8918930888174,1494.6046298742292,1740.1587605476377,1669.657991826534
2049.9999999999995,1699.4251430034635,1720.6789422035215,1564.795052707195,1731.7681938409803,1679.16683293879
1769.0000000000002,1608.107160925865,1712.6790428161619,1564.9185577034948,1723.1165105104444,1652.2053179889915
1313.0,1522.5947053730486,1708.0653107166288,1510.7269260287283,1718.3674699068067,1614.938603006303
1452.0,1471.5667736530302,1704.0345567464826,1490.001693665981,1713.6866593360899,1594.822420850396
1539.9999999999998,1568.1049290299413,1705.4099532961843,1480.2517083287237,1713.2087612152097,1616.7438379675148
1604.0,1671.4541402459142,1708.3264273405073,1471.0861405730245,1717.6775404810903,1642.136062160134
1578.0,1580.025248378515,1710.9368738532064,1531.1795261502264,1717.7058976888654,1634.9618865177033
1452.0,1598.6036098003385,1714.3126770853994,1529.2657744884489,1720.9222096204755,1640.7760677486656
1900.0,1512.160404473543,1716.5560632944105,1524.0168121457098,1725.5077284574506,1619.5602520927785
1450.0,1507.4531799554823,1719.7202670574186,1529.8051372170446,1728.0292168259618,1621.2519502639768
1550.0,1649.8282426595686,1718.0623060464857,1526.482377797365,1726.566733419895,1655.2349149808285
1559.0,1574.584119170904,1717.3712250590322,1514.7013974189756,1727.4305486679075,1633.5218225792048
2409.0,1625.4329830408094,1718.4325331449506,1473.46685051918,1729.703731536865,1636.7590245604513
1452.0,1729.942680597305,1721.9209015369413,1530.0936034321783,1734.6698415279386,1679.1567567735908
1476.0,1560.2078065276144,1721.5813347697256,1444.8005923628805,1734.035043120384,1615.156194195151
1611.9999999999998,1651.0316246747968,1721.6466858983038,1519.7550980746744,1731.891554892063,1656.0812408849595
1950.0,1651.4582782983778,1722.0304438471792,1553.0020529031751,1733.106596469879,1664.8993428796527
1420.0,1656.3803410530088,1721.9262275099752,1479.965905100107,1731.3199484348295,1647.3981055244801
1639.9999999999998,1702.6692363619802,1719.909698963165,1567.6454558968542,1728.720009922981,1679.7361002862451
1195.0,1622.4086940288541,1719.968284666538,1533.4393940865991,1727.8521642088888,1650.91713424772
1495.0,1624.718007147312,1719.477575421333,1528.9283668994901,1727.6198366284368,1650.185946524143
1563.0,1628.2504227757452,1720.9734541177747,1501.2830401957033,1732.2702747583387,1645.6942979618905
1518.0,1541.9271957874296,1718.9570695161817,1511.9411039352415,1733.154530227184,1626.4949748665092
2220.0,1620.9073454141615,1719.60021674633,1569.4007958471773,1731.2851136922834,1660.298367924988
1864.9999999999998,1714.1055399179456,1722.9429125785825,1575.4557074606416,1735.8314794301984,1687.083909846842
1593.9999999999998,1473.0540876090524,1725.334418416023,1435.7075010240076,1737.3567229509351,1592.8631825000045
1293.0,1511.249519139528,1728.8498485088346,1531.2847501039503,1740.4302412271497,1627.9535897448657
1185.0,1866.4228987693784,1731.5231990814207,1604.7876402735708,1742.5367355346677,1736.3176184147594
1550.0,1827.380637526512,1732.4817302823064,1565.70493042469,1743.1253275275228,1717.1731564402578
1392.0,1939.0910506248472,1732.5054812431333,1587.3031185567377,1745.1651751995084,1751.0162064060567
1100.0,1805.2411434054372,1729.1560199856756,1573.2309621572492,1743.0746588110921,1712.6756960898635
1505.0,1723.8170918822286,1720.7752415537832,1603.1360128521917,1733.9250689744947,1695.4133538156746
1625.0,1573.8070309162138,1719.9795123934744,1546.1426314711568,1733.2819217443464,1643.3027741312978
1680.0,1440.3523972630499,1722.2358536720274,1510.8389154076574,1732.804887294769,1601.558013409376
2399.9999999999995,1475.4154369235036,1727.760183215141,1568.7639822065828,1735.8401161432264,1626.9449296221135
1562.0,1655.0967815518377,1735.3154358267782,1536.9968561828134,1742.4080485105512,1667.4542805179951
1900.0,1378.7662278115747,1737.5925052165983,1544.2202430963514,1743.5571631789205,1601.0340348258612
1545.0,1583.4805813431738,1738.908308446407,1582.0424246788023,1745.041958093643,1662.3683181405065
1300.0,1660.3690630197523,1738.1104201078413,1561.9779008626936,1745.8035722374914,1676.5652390569446
1300.0,1641.630850434303,1729.4339781999586,1578.8706637918947,1737.0679688453672,1671.7508653178809
1334.0,1552.11578220129,1725.1493048667905,1575.601020157337,1731.9835358858106,1646.212410777807
2498.0,1454.8160126805303,1722.0727637410162,1526.8800984323022,1730.5812215805051,1608.5875241085885
1244.0,1466.861780285835,1721.421123743057,1492.7272243797777,1728.8881379365919,1602.4745665863154
1479.0,1631.4540675282476,1717.5210720300672,1523.3453077077863,1725.7543066143987,1649.518688470125
1851.9999999999995,1428.104530572891,1717.264705598354,1524.4749897718427,1723.6093789339063,1598.3634012192485
1959.9999999999995,1575.7294192910192,1718.7634631991384,1522.0522478222845,1725.499379634857,1635.5111274868248
1870.0,1573.888791799545,1713.3029013872144,1532.8054593503473,1722.4663099646566,1635.6158656254408
1441.0,1480.112585276365,1708.1430411338804,1509.3792389333246,1714.015718102455,1602.9126458615062
1425.0,1461.5103289484975,1705.1046454906461,1465.5099187791345,1713.5589799284933,1586.4209682866929
1719.9999999999998,1456.774531304836,1707.745176553726,1406.6669133305547,1717.787946462631,1572.243641912937
1689.9999999999995,1627.825640439987,1711.0325974225996,1467.7327208220956,1719.774966239929,1631.5914812311528
1611.9999999999998,1699.7821271419523,1712.7502956986425,1549.9308377504346,1719.6700301766393,1670.5333226919172
1452.0,1624.537931680679,1715.9385383129118,1466.491409242153,1720.0814256072042,1631.762326210737
1550.0,1573.0651372671125,1721.69807434082,1470.1475457847116,1724.0576243400571,1622.2420954331753
1238.0,1534.4770231842992,1724.5127791166303,1484.0430814027784,1725.3773140907285,1617.1025494486091
1989.9999999999995,1583.2998581230638,1725.1012271642683,1533.7077079713342,1727.2782546281812,1642.3467619717119
1075.0,1628.2141485810278,1723.4000825881956,1511.253189742565,1725.4859927296636,1647.088353410363
1452.0,1585.3459674119947,1713.569487929344,1516.0235342383382,1716.6614311933515,1632.900105193257
1370.0,1599.0692725777624,1709.7817134857175,1472.6994785666463,1716.4466649293897,1624.499282389879
1347.0,1652.6610845327375,1709.1909623146055,1459.958671480417,1719.5541542768476,1635.341218151152
1844.0,1722.1359556913374,1713.5758215188978,1489.1640764474867,1724.9538272619245,1662.4574202299116
1744.9999999999995,1718.2300022244451,1720.0395375490186,1538.972144424915,1730.7827448844907,1677.0061072707174
1611.9999999999998,1665.8189728856084,1725.6128084659574,1487.3803792893884,1736.359902322292,1653.7930157408116
1593.9999999999998,1611.668653488159,1728.4177249670026,1481.2457939982412,1740.7925513386724,1640.5311809480188
1423.0,1682.2052645683286,1732.6687151193617,1550.7160589098928,1742.4572777748106,1677.0118290930984
1505.0,1723.9313843846319,1731.6642653942106,1559.435396492481,1737.867872416973,1688.224729672074
1425.0,1693.3791559934614,1726.878518760204,1505.2816224098203,1733.4494739770887,1664.7471927851436
1661.0000000000002,1628.6325973272321,1723.675305843353,1488.3688510954378,1731.066316962242,1642.9357678070662
1900.0,1832.7506577968595,1725.486280620098,1508.7419214844701,1732.9914402961729,1699.9925750494
2127.9999999999995,1718.2121530175207,1728.2873106002805,1556.280981004238,1735.523724555969,1684.576042294502
1511.0,1580.4695352911947,1732.5574454665182,1473.2769867777822,1742.022275328636,1632.0815607160328
2517.0,1628.3123192191122,1735.6017428636549,1500.6238430738447,1745.0310182571409,1652.3922308534382
1505.0,1684.6366432309148,1739.185115098953,1571.4937593042848,1747.6529803872106,1685.7421245053408
2399.9999999999995,1632.224318385124,1737.7494055032728,1498.923202306032,1745.936721563339,1653.708411939442
2010.0,1608.979181051254,1742.8847950696943,1560.1620319485662,1749.6277648210523,1665.4134432226417
1689.9999999999995,1675.9639438986776,1738.975530862808,1588.8145433366296,1744.3279898166654,1687.0205019786952
1389.0,1653.555272221565,1732.4104773998258,1581.7796526849268,1732.2279548645017,1674.9933392927048
1233.0,1670.669926702976,1726.4616534113882,1598.4182803332803,1725.8972442150114,1680.361776165664
2038.0,1657.5026819109914,1722.1611461043356,1549.787900149822,1721.1093384027479,1662.6402666419742
1169.0,1656.8511858582494,1719.0840291976926,1528.2698895037172,1718.0686396360395,1655.5684360489247
1345.0,1550.2164250612257,1715.0892615318296,1497.6966451108453,1713.5116219520567,1619.1284884139893
1452.0,1529.9246117472646,1717.7505207061765,1561.6052266955373,1713.2097688317297,1630.622531995177
2179.9999999999995,1589.3830549716947,1720.0144910812376,1569.2432478070257,1718.5368934273718,1649.2944218218324
1330.0,1589.4925972819326,1718.3952513337133,1537.1282781660555,1720.124753117561,1641.2852199748156
1999.9999999999998,1618.6748990416525,1712.9331061244009,1555.3723987936971,1716.06463432312,1650.7612595707176
1444.9999999999998,1657.1978059411047,1712.4150472879408,1540.2536886930463,1713.664059937,1655.882650464773
1650.0,1580.9426112473009,1714.227605462074,1540.5624511837957,1715.3945693373678,1637.7818093076346
1483.0,1537.1345397830007,1716.4807799458501,1533.9824274182317,1715.7198855280874,1625.8294081687925
1425.0,1518.4738416969774,1718.5250899195669,1539.2521898448465,1720.89989811182,1624.2877548933027
1075.0,1633.248344659805,1720.8523961901662,1530.8318984508512,1727.0449194312093,1652.994389683008
1939.9999999999998,1737.9479059576986,1717.7211558818815,1518.7343825399873,1725.194215774536,1674.8994150385258
1642.9999999999998,1679.0971994400022,1717.2477200627325,1555.094296634197,1728.0014353990553,1669.8601628839967
1585.0,1709.4834589958189,1721.711029410362,1530.696374028921,1729.0985858440397,1672.7473620697854
2399.9999999999995,1954.4685742259023,1726.9820153713224,1573.5041701793668,1732.9787731170652,1746.9833832234142
1500.0,1730.7270380854604,1735.3973406553266,1501.2952755391595,1741.3406947255132,1677.190087251365
1166.0,1640.484182834625,1737.6146727800367,1506.7634664475916,1744.8610189557073,1657.4308352544901
2076.9999999999995,1683.6514821648595,1736.5228483080862,1585.6478925049303,1745.8774161338804,1687.924909777939
1719.9999999999998,1800.798850059509,1734.63011264801,1567.2925022244451,1742.7739572525022,1711.3738555461166
1550.0,1808.243120908737,1732.623516321182,1542.23991677165,1740.2419608831403,1705.8371287211774
1900.0,1725.9042975306509,1729.2609560489652,1525.1562824845312,1735.5473315715788,1678.9672169089315
1411.0,1661.4413109421728,1730.2620950341222,1551.917281746864,1736.0889974236486,1669.927421286702
1505.0,1559.4194185733793,1729.6763819456098,1543.0122548341749,1735.2472057938573,1641.8388152867553
1393.0,1459.0078413486478,1730.5512809753416,1531.3479420542715,1737.7223438024519,1614.6573520451782
1705.0,1574.7227384150026,1727.162810564041,1532.3548388481138,1732.995902597904,1641.8090726062653
1667.9999999999998,1614.1289651393888,1727.9594033956525,1528.776864558458,1735.279305577278,1651.5361346676943
1868.0,1568.9757975935934,1731.2718707323072,1468.4557576477525,1742.2888618707655,1627.7480719611046
1458.0000000000002,1636.2216770648954,1737.6413026452062,1510.8621625602243,1750.282283723354,1658.75185649842
1680.0,1790.3114333748815,1740.5995208024976,1597.3492711782453,1752.9851430654523,1720.3113421052692
1988.9999999999995,1720.7650214433668,1736.5287500619886,1581.8375906348226,1745.7740634679792,1696.2263564020393
1537.0,1712.174370884895,1735.4710406064985,1497.1074053645132,1744.9296808242796,1672.4206244200466
1632.0,1737.8850018978117,1739.1921684145925,1492.557081133127,1748.0836644768713,1679.4294789806006
1371.0,1729.1213291883466,1744.0513271093366,1572.5754356384275,1751.504810452461,1699.313225597143
1639.9999999999998,1796.0739922523496,1746.5594285726545,1557.6290279626844,1753.0581232905386,1713.3301430195568
1271.0,1696.8634939193723,1741.0302048921583,1566.7565941810606,1745.4190945625303,1687.5173468887804
1891.9999999999998,1641.368006467819,1730.4991728067396,1556.0238948464391,1733.6613613367078,1665.3881088644264
2399.9999999999995,1628.9786416292188,1725.2492028474805,1532.770480662584,1729.4384405016897,1654.1091914102433
1650.0,1643.9833471179006,1727.440768778324,1469.0042608976362,1730.218479633331,1642.661714106798
2509.9999999999995,1890.9904608130453,1727.098754942417,1525.3873865306375,1726.4871317148206,1717.49093350023
1519.0,1753.7519392371175,1725.4946294426916,1551.4534182846544,1724.7862750291822,1688.8715654984114
1400.0,1656.6675117611883,1725.4014968872068,1505.6498342752454,1723.772900700569,1652.8729359060524
1372.0,1585.1716497540472,1727.9225534200666,1533.537996560335,1727.0172819495199,1643.4123704209921
1425.0,1594.6685793995855,1728.1819427013395,1552.100667953491,1732.293449938297,1651.8111599981783
2541.0,1540.5289119482038,1729.403029978275,1533.5811081528661,1737.6745539903638,1635.2969010174272
2145.0,1658.3875131607053,1734.0852800011633,1565.5298210680482,1742.450224459171,1675.113209672272
1450.0,1652.457402050495,1735.0875705480573,1573.3939801156519,1742.0882022380827,1675.7567887380717
1994.9999999999998,1638.6506086587904,1732.6698666810987,1564.7459673881528,1738.1584978103635,1668.5562351346014
1900.0,1726.3948628306387,1735.5631655454633,1585.3924617171285,1742.5563120841978,1697.476700544357
1889.9999999999998,1661.8250688910482,1740.9009420871732,1537.459568083286,1748.8156259059904,1672.2503012418745
1365.0,1687.0290127396581,1737.4643939733503,1607.4360163509843,1745.387282669544,1694.3291764333842
1412.0,1692.4268144369123,1729.8338580131528,1581.721354871988,1737.6479241251943,1685.407487861812
1650.0,1675.1248872280119,1727.8976508975027,1566.00462436676,1733.5554176568983,1675.6456450372932
