Actual_Price,GRU_General_Pred,GRU_Optimized_Pred,LSTM_General_Pred,LSTM_Optimized_Pred,Ensemble_Pred
2600.0,3294.1679656505585,3291.3874089717865,3041.9207364320755,3314.5657181739807,3235.5104573071003
3000.0,3274.2829620838165,3287.745416164398,3039.5999550819397,3311.2066984176636,3228.2087579369545
3999.9999999999995,3260.7684284448624,3286.691978573799,3041.1623418331146,3309.2786371707916,3224.475346505642
2400.0,3288.8927310705185,3292.294666171074,3044.881448149681,3318.2884007692337,3236.089311540127
3500.0,3293.1704074144363,3278.3646136522293,3031.6923558712006,3308.989852666855,3228.0543074011803
3000.0,3294.0077036619186,3283.3874970674515,3038.1446331739426,3302.469626069069,3229.5023649930954
3000.0,3297.252058982849,3269.0296322107315,3044.769912958145,3298.3535528182983,3227.351289242506
3500.0,3298.48475754261,3263.8929784297943,3035.4145914316177,3301.840201020241,3224.9081321060658
3000.0,3311.3130927085876,3267.897069454193,3039.3346399068832,3317.730277776718,3234.0687699615955
3999.9999999999995,3304.0355890989304,3266.3286477327347,3046.0549145936966,3318.670839071274,3233.772497624159
3000.0,3282.950520515442,3272.9561626911163,3063.9097094535828,3324.526995420456,3236.0858470201492
3000.0,3309.5553517341614,3269.210010766983,3057.025820016861,3322.545513510704,3239.5841740071774
2400.0,3326.997756958008,3269.997239112854,3042.9091304540634,3316.289484500885,3239.0484027564526
3000.0,3321.496546268463,3259.5301419496536,3031.802996993065,3302.3719489574432,3228.800408542156
2500.0,3358.4866672754288,3259.1550797224045,3028.8416147232056,3298.4063029289246,3236.222416162491
3000.0,3372.054621577263,3250.4021376371384,3040.9298837184906,3284.459263086319,3236.9614765048027
3999.9999999999995,3363.9201521873474,3250.2099126577377,3041.786178946495,3287.3359322547913,3235.813044011593
3000.0,3379.756137728691,3264.4278556108475,3065.3194338083267,3299.6466010808945,3252.28750705719
3000.0,3341.0822600126266,3260.427340865135,3071.4046955108643,3304.82080578804,3244.4337755441666
2500.0,3307.7721297740936,3265.983536839485,3057.3315918445587,3300.8312433958054,3232.9796254634857
3999.9999999999995,3401.787132024765,3258.2417875528336,3033.4098637104034,3295.745998620987,3247.2961954772472
2400.0,3333.0152928829193,3262.7052068710327,3041.246607899666,3305.3644001483917,3235.5828769505024
3000.0,3298.1255650520325,3251.347839832306,3047.320917248726,3297.034353017807,3223.457168787718
3000.0,3321.3675767183304,3246.3403791189194,3053.5098910331726,3293.326646089554,3228.636123239994
3999.9999999999995,3320.0474828481674,3244.377225637436,3043.7298864126205,3294.5946604013443,3225.687313824892
4500.0,3315.2655512094498,3258.1161707639694,3059.1025203466415,3309.8436892032623,3235.5819828808308
3000.0,3284.0830832719803,3271.450996398926,3080.0914764404297,3325.849771499634,3240.3688319027424
2500.0,3333.7142318487167,3276.0635018348694,3045.946955680847,3326.7581462860107,3245.620708912611
2600.0,3305.1319420337677,3269.1239565610886,3016.698583960533,3317.8458362817764,3227.2000797092915
3000.0,3291.783928871155,3255.082368850708,3022.7212607860565,3303.520604968071,3218.2770408689976
2400.0,3257.860913872719,3248.582035303116,3042.921870946884,3296.848386526108,3211.5533016622066
3000.0,3242.7768409252167,3242.0378923416138,3019.292950630188,3286.5992188453674,3197.6767256855965
4600.0,3215.5481725931168,3243.5088604688644,3026.270717382431,3282.359763979912,3191.921878606081
3000.0,3197.1844285726547,3261.2118870019913,3045.3624576330185,3306.540548801422,3202.5748305022717
4500.0,3206.1512768268585,3256.363123655319,3076.326996088028,3311.05537712574,3212.4741934239864
2500.0,3288.7179404497147,3268.8188552856445,3070.45541703701,3335.8781039714813,3240.9675791859627
3999.9999999999995,3244.446739554405,3262.8165185451508,3058.4214627742767,3327.18662917614,3223.217837512493
2500.0,3229.5935600996017,3265.458717942238,3064.2007291316986,3327.314257621765,3221.641816198826
2400.0,3214.883431792259,3258.5368305444717,3039.9946868419647,3313.329443335533,3206.686098128557
3999.9999999999995,3208.0040127038956,3247.215449810028,3043.3563888072968,3294.920325279236,3198.374044150114
2400.0,3218.919262290001,3257.809728384018,3060.5316907167435,3301.553875207901,3209.703639149666
3999.9999999999995,3223.651349544525,3253.9185136556625,3036.561459302902,3301.3831079006195,3203.8786076009274
5000.0,3140.277788043022,3266.3708925247192,3053.78258228302,3307.8626543283463,3192.073479294777
3000.0,3221.1707532405853,3286.8529111146927,3071.7283487319946,3322.1568167209625,3225.477207452059
3999.9999999999995,3252.1775364875793,3284.9742472171783,3069.338947534561,3320.487141609192,3231.7444682121277
3000.0,3245.292529463768,3284.6199721097946,3069.8903650045395,3327.3012936115265,3231.776040047407
3500.0,3275.7239788770676,3282.8443497419357,3036.20807826519,3325.594514608383,3230.092730373144
4500.0,3207.577094435692,3291.1842316389084,3034.0752750635147,3318.7343180179596,3212.8927297890186
3000.0,3190.639391541481,3297.358900308609,3056.7242950201035,3327.4108171463013,3218.0333510041237
3999.9999999999995,3215.203732252121,3292.142003774643,3036.157339811325,3325.921520590782,3217.356149107218
3000.0,3219.3922251462936,3299.826756119728,3029.737249016762,3331.158757209778,3220.0287468731403
3400.0,3243.6445355415344,3291.521295905113,3032.7319353818893,3329.833745956421,3224.4328781962395
3999.9999999999995,3313.504457473755,3287.7295464277267,3042.043000459671,3327.786773443222,3242.7659444510937
3500.0,3342.7072316408157,3294.6693152189255,3057.7609688043594,3328.765332698822,3255.9757120907307
3000.0,3332.255110144615,3297.741115093231,3047.0721423625946,3336.486294865608,3253.3886656165123
3999.9999999999995,3314.615339040756,3292.9784059524536,3055.6169897317886,3329.5726776123047,3248.195853084326
3600.0,3329.813629388809,3293.6780154705048,3055.748865008354,3331.2352001667023,3252.6189275085926
1999.9999999999998,3378.480300307274,3297.963961958885,3052.9913306236267,3330.3728699684143,3264.95211571455
3000.0,3346.0479229688644,3289.39251601696,3010.481223464012,3316.9828355312347,3240.726124495268
2500.0,3315.0603622198105,3286.132514476776,3028.849884867668,3304.9647510051727,3233.751878142357
1999.9999999999998,3342.471867799759,3281.947821378708,3024.8361825942993,3290.6299084424973,3234.971445053816
3500.0,3338.2726460695267,3259.7503066062927,3028.6842584609985,3267.9102569818497,3223.654367029667
3000.0,3372.379168868065,3261.9599997997284,3045.1995134353638,3273.4116911888123,3238.2375933229923
3000.0,3324.424847960472,3262.3618841171265,3046.6537177562714,3279.291093349457,3228.1828857958317
3999.9999999999995,3286.5118235349655,3261.3763958215714,3045.1004952192307,3286.888897418976,3219.969402998686
3000.0,3293.469473719597,3272.109255194664,3072.751611471176,3299.7167855501175,3234.5117814838886
3500.0,3311.7686212062836,3267.427459359169,3073.9767104387283,3299.4507998228073,3238.155897706747
1999.9999999999998,3343.617394566536,3272.2554355859756,3055.630847811699,3309.5790445804596,3245.2706806361675
3000.0,3363.1762862205505,3255.998343229294,3037.0916426181793,3298.0623096227646,3238.582145422697
3000.0,3314.7353678941727,3244.9592649936676,3068.9942836761475,3288.6725664138794,3229.340370744467
3000.0,3332.594186067581,3244.350403547287,3048.013150691986,3290.8958941698074,3228.9634086191654
3999.9999999999995,3252.6028901338577,3231.7274808883667,3063.5393410921097,3286.362737417221,3208.558112382889
2500.0,3246.169611811638,3244.8631525039673,3063.7112259864807,3302.5462925434113,3214.3225707113743
3000.0,3266.8639719486237,3236.5932315587997,3062.6515299081802,3295.220285654068,3215.332254767418
2500.0,3265.0045305490494,3241.603821516037,3054.1719496250153,3295.5528795719147,3214.083295315504
3000.0,3279.692530632019,3239.651173353195,3037.9293859004974,3288.2872223854065,3211.3900780677795
2600.0,3308.1500977277756,3241.960108280182,3039.4450575113297,3292.8869873285294,3220.610562711954
1999.9999999999998,3317.54207611084,3236.3442331552505,3058.832064270973,3287.8194004297256,3225.1344434916973
3999.9999999999995,3325.469344854355,3225.570246577263,3045.00974714756,3271.445408463478,3216.873686760664
3000.0,3331.6024392843246,3239.1098141670227,3069.007247686386,3275.6828516721725,3228.8505882024765
3000.0,3271.6941833496094,3230.300545692444,3064.129427075386,3281.6214859485626,3211.9364105165005
3200.0,3225.8225977420807,3221.791237592697,3062.235563993454,3282.6436311006546,3198.1232576072216
2400.0,3256.9605857133865,3230.4373383522034,3047.7742105722427,3293.1795716285706,3207.087926566601
3000.0,3240.5492663383484,3218.5406237840652,3060.0985139608383,3287.099227309227,3201.5719078481197
2500.0,3293.371796607971,3221.045583486557,3061.4013969898224,3289.557695388794,3216.344118118286
3500.0,3349.7942984104156,3221.4170694351196,3038.354068994522,3285.905420780182,3223.86771440506
3000.0,3345.4500138759613,3220.4557210206985,3062.2639507055283,3288.048505783081,3229.0545478463173
3000.0,3361.1617237329483,3226.7072796821594,3060.205578804016,3292.490243911743,3235.1412065327168
3000.0,3338.562101125717,3223.6500084400177,3062.9362910985947,3286.6059243679047,3227.9385812580585
2500.0,3318.0581778287888,3222.540244460106,3043.7377095222473,3287.305310368538,3217.91036054492
1800.0,3284.468874335289,3211.38896048069,3040.018156170845,3281.24038875103,3204.2790949344635
2400.0,3305.7019114494324,3186.3223761320114,3026.030659675598,3263.8366520404816,3195.472899824381
3000.0,3306.58458173275,3170.2590733766556,3047.378808259964,3253.0170679092407,3194.3098828196526
3200.0,3236.749917268753,3159.9844247102737,3058.8307231664658,3254.684954881668,3177.56250500679
3999.9999999999995,3184.8281621932983,3168.4472411870956,3063.691332936287,3268.1954652071,3171.290550380945
3000.0,3120.817467570305,3188.0291551351547,3085.259422659874,3286.4702492952347,3170.144073665142
2500.0,3150.0231474637985,3203.6789506673813,3082.50792324543,3297.2411066293716,3183.3627820014954
3000.0,3234.4282418489456,3198.8131999969482,3077.1511048078537,3294.304311275482,3201.1742144823074
2500.0,3278.4681022167206,3216.085508465767,3054.361715912819,3296.889513731003,3211.4512100815773
3000.0,3244.263231754303,3219.7534292936325,3050.551414489746,3285.1986587047577,3199.94168356061
3000.0,3201.6637176275253,3221.074864268303,3044.5729941129684,3283.8162034749985,3187.781944870949
3000.0,3209.2206180095673,3223.8230109214783,3038.365915417671,3290.526419878006,3190.4839910566807
1999.9999999999998,3180.0013035535812,3223.6305624246597,3064.7380650043488,3289.519250392914,3189.472295343876
2500.0,3206.874579191208,3213.1585478782654,3016.8646574020386,3279.983326792717,3179.220277816057
3000.0,3199.574053287506,3207.697570323944,3036.0594391822815,3267.1549916267395,3177.621513605118
3999.9999999999995,3169.172778725624,3205.367624759674,3061.5104734897614,3267.3101127147675,3175.8402474224567
3999.9999999999995,3175.3990799188614,3219.4675505161285,3080.3270637989044,3283.466175198555,3189.6649673581123
3000.0,3088.9011919498444,3236.740082502365,3073.6809968948364,3300.21008849144,3174.8830899596214
3000.0,2997.504025697708,3233.081102371216,3078.4475058317184,3302.486166357994,3152.879700064659
4500.0,3006.528988480568,3234.64035987854,3069.234788417816,3299.4545996189117,3152.464684098959
2500.0,3052.6913702487946,3252.302259206772,3075.1805752515793,3312.7887547016144,3173.24073985219
3999.9999999999995,3154.0949642658234,3253.7924498319626,3047.805055975914,3302.637040615082,3189.5823776721954
2500.0,3223.5033810138702,3265.1862502098083,3035.0064486265182,3310.220092535019,3208.479043096304
3000.0,3253.358155488968,3257.3208957910538,3040.408194065094,3302.060142159462,3213.2868468761444
3999.9999999999995,3275.9106159210205,3252.5628805160522,3043.3322489261627,3300.5359768867493,3218.085430562496
3000.0,3292.0993119478226,3255.900889635086,3065.1944875717163,3306.9755136966705,3230.042550712824
1999.9999999999998,3221.5408980846405,3256.545513868332,3053.074926137924,3309.468626976013,3210.1574912667274
3000.0,3177.4473935365677,3239.6243512630463,3054.8974871635437,3287.9917323589325,3189.9902410805225
3999.9999999999995,3217.8526371717453,3242.879658937454,3050.9325116872787,3280.7495445013046,3198.1035880744457
1999.9999999999998,3287.040665745735,3260.1220160722733,3050.0970035791397,3292.348086833954,3222.4019430577755
3500.0,3288.8706028461456,3261.9237899780273,3024.557903409004,3286.488577723503,3215.46021848917
2600.0,3248.1857389211655,3262.864351272583,3073.369860649109,3289.6629720926285,3218.5207307338715
3000.0,3275.4910737276077,3257.603198289871,3065.3712898492813,3288.7396216392517,3221.801295876503
3000.0,3321.8713849782944,3259.010687470436,3062.2440576553345,3288.009837269783,3232.783991843462
4600.0,3338.3213728666306,3256.610780954361,3063.8880282640457,3287.460207939148,3236.5700975060463
2400.0,3372.8013932704926,3269.2209631204605,3056.201711297035,3311.2044632434845,3252.357132732868
3999.9999999999995,3314.564600586891,3258.0725848674774,3065.8505111932755,3303.1341433525085,3235.405460000038
3999.9999999999995,3321.7980712652206,3261.7078721523285,3074.0679055452347,3308.5204660892487,3241.523578763008
3000.0,3328.6144584417343,3268.660604953766,3068.3212727308273,3316.4068311452866,3245.5007918179035
1999.9999999999998,3302.1019399166107,3263.721317052841,3065.3735250234604,3311.5075528621674,3235.67608371377
3200.0,3321.484699845314,3247.3283261060715,3048.8059669733047,3290.301561355591,3226.9801385700703
3000.0,3296.518474817276,3246.2114095687866,3046.6094613075256,3289.255276322365,3219.6486555039883
1800.0,3347.308784723282,3244.362249970436,3066.2839114665985,3288.7163758277893,3236.6678304970264
2400.0,3293.8818633556366,3239.271640777588,3026.439920067787,3274.303078651428,3208.47412571311
3500.0,3295.6071943044662,3231.138065457344,3049.0967631340027,3263.1687819957733,3209.7527012228966
3999.9999999999995,3295.099586248398,3238.038048148155,3060.425966978073,3270.3984528779984,3215.990513563156
3000.0,3263.27383518219,3246.41615152359,3075.4023045301437,3288.789242506027,3218.4703834354877
2500.0,3233.482763171196,3249.6915757656097,3053.479939699173,3295.653909444809,3208.077047020197
3000.0,3248.242065310478,3244.6349412202835,3060.3142082691193,3290.134370326996,3210.831396281719
3500.0,3293.4654504060745,3241.751343011856,3059.64857339859,3285.529464483261,3220.0987078249454
5000.0,3279.475048184395,3242.5037026405334,3043.779507279396,3294.6762442588806,3215.1086255908012
2500.0,3279.1518419981003,3256.1668753623962,3069.674000144005,3309.386372566223,3228.594772517681
3400.0,3284.235969185829,3239.910900592804,3083.5899710655212,3298.1260120868683,3226.4657132327557
3000.0,3293.4770733118057,3242.015317082405,3064.0270560979843,3302.699849009514,3225.5548238754272
2400.0,3306.6216856241226,3234.616443514824,3063.637465238571,3298.586681485176,3225.8655689656734
3000.0,3350.823149085045,3224.5905697345734,3051.5731126070023,3286.5482568740845,3228.3837720751762
3000.0,3265.8371329307556,3219.218999147415,3048.677444458008,3280.22763133049,3203.490301966667
3000.0,3289.739191532135,3216.9994711875916,3056.5769970417023,3278.8605988025665,3210.544064640999
3000.0,3238.8699799776077,3207.886666059494,3065.825253725052,3279.8869907855988,3198.117222636938
3000.0,3198.4347850084305,3211.6922736167908,3059.0638518333435,3280.8056473731995,3187.499139457941
3200.0,3244.9612766504288,3219.701573252678,3042.3101037740707,3283.461481332779,3197.608608752489
3600.0,3172.4634021520615,3235.4260236024857,3050.0078201293945,3291.260227560997,3187.2893683612347
3999.9999999999995,3204.0292024612427,3235.31337082386,3080.3581327199936,3296.1827516555786,3203.9708644151688
2500.0,3269.600495696068,3251.4935731887817,3076.7706781625748,3303.0666410923004,3225.232847034931
2500.0,3314.194679260254,3243.7198609113693,3050.244078040123,3302.98975110054,3227.7870923280716
3500.0,3277.296870946884,3228.3174991607666,3062.6481771469116,3288.3135974407196,3214.1440361738205
2500.0,3310.09604036808,3236.3004237413406,3035.7201397418976,3300.430253148079,3220.6367142498493
3999.9999999999995,3270.8095014095306,3230.965733528137,3045.158162713051,3292.6350831985474,3209.8921202123165
3000.0,3308.8526129722595,3242.281526327133,3071.8474835157394,3301.652893424034,3231.1586290597916
3000.0,3364.02028799057,3251.364827156067,3069.8130279779434,3306.696116924286,3247.9735650122166
1999.9999999999998,3356.213942170143,3260.25053858757,3076.4850229024887,3299.718350172043,3248.166963458061
3000.0,3399.2499858140945,3247.4635541439056,3052.995800971985,3287.04334795475,3246.688172221184
3500.0,3327.9644697904587,3242.0141994953156,3066.713735461235,3276.754170656204,3228.3616438508034
3000.0,3298.020288348198,3258.40562582016,3069.1279470920563,3282.9587906599045,3227.1281629800797
3000.0,3284.3897491693497,3259.2228055000305,3056.434616446495,3287.076875567436,3221.781011670828
3000.0,3259.585127234459,3261.288106441498,3044.3550646305084,3294.546604156494,3214.94372561574
3500.0,3248.1354475021362,3258.870542049408,3053.3424764871597,3298.8323271274567,3214.79519829154
3500.0,3215.620592236519,3261.372819542885,3082.953169941902,3302.3571968078613,3215.575944632292
2600.0,3270.3622430562973,3270.645886659622,3070.0908601284027,3299.819380044937,3227.729592472315
3000.0,3306.9540560245514,3262.9186660051346,3058.067411184311,3295.2620834112167,3230.8005541563034
3400.0,3341.8478071689606,3263.319656252861,3044.1179126501083,3292.246162891388,3235.3828847408295
2400.0,3283.2560688257217,3263.973444700241,3058.134689927101,3296.4563369750977,3225.4551351070404
3500.0,3285.4197174310684,3245.416134595871,3057.9087138175964,3285.900056362152,3218.661155551672
3999.9999999999995,3242.5499707460403,3248.593434691429,3057.4648082256317,3298.470675945282,3211.769722402096
3000.0,3155.5697321891785,3259.7102969884872,3067.5170570611954,3308.234363794327,3197.757862508297
3000.0,3149.8416513204575,3256.358876824379,3120.1453506946564,3323.548436164856,3212.473578751087
3500.0,3242.957666516304,3251.645341515541,3114.776238799095,3334.8193019628525,3236.049637198448
3000.0,3249.2760568857193,3267.207071185112,3102.39315032959,3341.822326183319,3240.174651145935
2600.0,3212.9888981580734,3268.290236592293,3078.03176343441,3342.4779027700424,3225.4472002387047
3000.0,3202.6223838329315,3257.0041716098785,3055.448904633522,3335.3760838508606,3212.612885981798
3500.0,3228.045031428337,3260.733112692833,3047.228828072548,3325.5864679813385,3215.398360043764
3999.9999999999995,3310.2308213710785,3267.328441143036,3057.2108924388885,3332.6371014118195,3241.8518140912056
3400.0,3334.699049592018,3284.0287685394287,3063.390478491783,3345.295339822769,3256.8534091115
2600.0,3300.316706299782,3290.3730869293213,3053.3000081777573,3352.4955064058304,3249.1213269531727
3400.0,3301.2279868125916,3279.2580127716064,3043.3912575244904,3342.8312838077545,3241.6771352291107
3000.0,3360.5050295591354,3280.4325968027115,3055.4667860269547,3343.484401702881,3259.9722035229206
3000.0,3381.437212228775,3279.094621539116,3062.814697623253,3341.2083238363266,3266.1387138068676
3000.0,3351.759910583496,3281.4086973667145,3059.9863082170486,3338.6577665805817,3257.95317068696
2400.0,3386.0208839178085,3284.1306924819946,3060.193732380867,3339.3260836601257,3267.417848110199
3200.0,3393.6260640621185,3277.307152748108,3049.6130883693695,3326.113075017929,3261.6648450493813
4500.0,3436.5740418434143,3285.8718931674957,3067.716658115387,3328.222632408142,3279.5963063836098
3500.0,3398.899734020233,3301.62450671196,3094.068691134453,3341.1531150341034,3283.9365117251873
1999.9999999999998,3431.2094002962112,3311.937153339386,3068.859726190567,3355.000466108322,3291.7516864836216
3000.0,3407.3053300380707,3299.0647852420807,3023.21657538414,3336.712047457695,3266.5746845304966
3999.9999999999995,3412.591964006424,3290.747031569481,3015.9124732017517,3326.6235888004303,3261.4687643945217
2500.0,3360.4951947927475,3300.5473762750626,3044.3409830331802,3332.9375088214874,3259.5802657306194
3500.0,3354.848474264145,3292.8919047117233,3034.6593260765076,3329.3990045785904,3252.9496774077415
3000.0,3326.1168748140335,3290.7819002866745,3044.4636940956116,3328.063488006592,3247.356489300728
3999.9999999999995,3349.9085158109665,3293.1851595640182,3030.948266386986,3326.0884881019592,3250.0326074659824
3999.9999999999995,3380.1785856485367,3306.8060874938965,3033.648580312729,3336.0466361045837,3264.1699723899364
2400.0,3341.168314218521,3311.4758133888245,3040.8693104982376,3346.83895111084,3260.0880973041058
3500.0,3394.1330015659332,3304.7816902399063,3010.6106400489807,3340.7212793827057,3262.5616528093815
3000.0,3391.490802168846,3300.9765297174454,3024.863451719284,3337.4395966529846,3263.69259506464
3000.0,3376.264348626137,3296.053111553192,3027.176633477211,3334.0899646282196,3258.39601457119
4600.0,3394.3484723567963,3288.283422589302,3029.3257534503937,3335.6760442256927,3261.908423155546
2500.0,3368.5214817523956,3301.376849412918,3046.966642141342,3353.1689643859863,3267.5084844231606
1800.0,3314.109295606613,3283.141180872917,3029.283285140991,3341.35003387928,3241.9709488749504
3000.0,3415.1769429445267,3264.399915933609,2994.6427792310715,3319.566696882248,3248.4465837478638
3000.0,3417.6843613386154,3255.2553713321686,3023.754805326462,3306.218683719635,3250.72830542922
3999.9999999999995,3393.7881141901016,3243.7093555927277,3041.159436106682,3299.7022569179535,3244.589790701866
3200.0,3429.2350709438324,3261.602595448494,3063.9658123254776,3309.6760511398315,3266.119882464409
2600.0,3394.9153125286102,3257.9876482486725,3064.7049844264984,3322.131112217903,3259.934764355421
3000.0,3301.0759949684143,3243.296295404434,3054.3816089630127,3324.538618326187,3230.823129415512
3999.9999999999995,3264.8487389087677,3235.495090484619,3057.093992829323,3322.661519050598,3220.024835318327
3000.0,3377.913013100624,3261.7130130529404,3061.293214559555,3333.2133293151855,3258.5331425070763
3000.0,3363.9223873615265,3268.641382455826,3036.3674461841583,3339.0212059020996,3251.9881054759026
3500.0,3320.15722990036,3266.112729907036,3030.1208049058914,3332.3950320482254,3237.196449190378
3000.0,3379.637449979782,3269.912302494049,3033.4746837615967,3343.2231098413467,3256.5618865191936
3999.9999999999995,3319.559767842293,3264.2962038517,3028.494268655777,3340.9783244132996,3238.3321411907673
2400.0,3374.888598918915,3285.965546965599,3028.8049578666687,3347.615897655487,3259.3187503516674
2400.0,3373.105153441429,3275.081366300583,3012.6531422138214,3334.461897611618,3248.825389891863
2600.0,3336.9237184524536,3267.674893140793,2988.2392287254333,3320.295587182045,3228.283356875181
3000.0,3365.394026041031,3261.256366968155,2991.023361682892,3310.709595680237,3232.0958375930786
3000.0,3319.310322403908,3255.8217644691467,3013.375550508499,3305.1395416259766,3223.4117947518826
2500.0,3345.7037061452866,3253.3755898475647,3018.220290541649,3306.38587474823,3230.9213653206825
2500.0,3299.204036593437,3240.4877990484238,3015.877828001976,3300.1765608787537,3213.9365561306477
2500.0,3253.8561522960663,3212.7857208251953,3035.6331914663315,3291.0896837711334,3198.3411870896816
3000.0,3311.917260289192,3193.5498118400574,3042.159229516983,3280.724734067917,3207.0877589285374
3999.9999999999995,3366.014063358307,3189.981132745743,3039.192259311676,3284.877687692642,3220.016285777092
3000.0,3354.34153676033,3203.1136751174927,3070.9058046340942,3304.702788591385,3233.2659512758255
3999.9999999999995,3366.4794266223907,3207.777366042137,3070.230334997177,3314.761742949486,3239.8122176527977
3500.0,3328.4901827573776,3223.1781631708145,3074.868768453598,3329.8350870609283,3239.0930503606796
1999.9999999999998,3282.887488603592,3227.992504835129,3065.0992691516876,3348.5276252031326,3231.1267219483852
2500.0,3268.965482711792,3207.1372121572495,3032.5819551944733,3332.7629417181015,3210.361897945404
3000.0,3355.0983667373657,3202.4171948432922,3029.651865363121,3324.6414363384247,3227.952215820551
3000.0,3315.77830016613,3200.2072781324387,3057.6717853546143,3319.3963766098022,3223.2634350657463
3000.0,3335.5600386857986,3215.8034294843674,3055.594190955162,3317.7434653043747,3231.1752811074257
3999.9999999999995,3353.3795177936554,3229.3570786714554,3047.4472045898438,3320.467919111252,3237.6629300415516
3000.0,3319.876715540886,3246.41190469265,3066.963404417038,3330.698311328888,3240.9875839948654
3000.0,3334.1652899980545,3250.50450861454,3062.5317245721817,3331.3315361738205,3244.633264839649
3000.0,3308.6033910512924,3247.1394538879395,3044.3166196346283,3329.8107236623764,3232.467547059059
3500.0,3312.0904862880707,3247.072398662567,3031.836301088333,3322.133794426918,3228.2832451164722
3999.9999999999995,3338.8113230466843,3255.832716822624,3022.852912545204,3327.10437476635,3236.1503317952156
5000.0,3321.446254849434,3270.942270755768,3040.110692381859,3340.855836868286,3243.3387637138367
3000.0,3317.8377896547318,3290.1254296302795,3056.802526116371,3355.5326610803604,3255.0746016204357
2400.0,3285.3982597589493,3284.8937809467316,3027.3842811584473,3345.33154964447,3235.7519678771496
3999.9999999999995,3315.9901946783066,3272.0518112182617,2992.633804678917,3329.845368862152,3227.6302948594093
3000.0,3355.0652861595154,3280.281499028206,3024.6488749980927,3326.796144247055,3246.6979511082172
3999.9999999999995,3378.455936908722,3276.8594473600388,3025.0275135040283,3325.2473920583725,3251.3975724577904
3000.0,3377.4440735578537,3287.9023253917694,3031.6398292779922,3332.790657877922,3257.4442215263844
3000.0,3354.5811474323273,3284.575045108795,3018.576130270958,3331.717997789383,3247.362580150366
3000.0,3376.3112872838974,3281.4420014619827,3008.333668112755,3327.811360359192,3248.4745793044567
3999.9999999999995,3381.1763674020767,3276.446834206581,3011.491298675537,3320.8686858415604,3247.495796531439
3500.0,3359.7437292337418,3283.5475355386734,3029.0859192609787,3329.370617866516,3250.4369504749775
3400.0,3353.252336382866,3287.370800971985,3046.4784801006317,3335.5191349983215,3255.655188113451
3000.0,3338.30326795578,3286.1729711294174,3043.659031391144,3343.2016521692276,3252.834230661392
1999.9999999999998,3305.833339691162,3278.2959938049316,3049.900531768799,3336.813747882843,3242.710903286934
2600.0,3338.6830240488052,3260.810673236847,3022.6191133260727,3317.360132932663,3234.868235886097
3000.0,3384.3234926462173,3254.205510020256,3019.4775760173798,3313.88957798481,3242.9740391671658
3000.0,3320.888802409172,3247.7474212646484,3048.0509251356125,3306.1279356479645,3230.7037711143494
3999.9999999999995,3381.8648010492325,3254.433050751686,3052.266463637352,3305.4345846176147,3248.4997250139713
3000.0,3368.278741836548,3260.7337832450867,3076.7282098531723,3317.514806985855,3255.8138854801655
3999.9999999999995,3416.9407188892365,3271.9360291957855,3054.3871968984604,3329.5565843582153,3268.2051323354244
2400.0,3352.1144092082977,3286.065012216568,3071.3651329278946,3339.17498588562,3262.179885059595
3500.0,3379.0160715579987,3270.2524960041046,3047.9595065116882,3331.748843193054,3257.2442293167114
3000.0,3380.6587010622025,3270.6794142723083,3038.209453225136,3330.9102058410645,3255.1144436001778
3000.0,3404.6760946512222,3273.9999890327454,3029.2660742998123,3329.116031527519,3259.264547377825
3999.9999999999995,3437.0385110378265,3273.4957337379456,3023.0089277029037,3324.85131919384,3264.598622918129
2600.0,3411.213755607605,3282.543271780014,3035.6132984161377,3329.7687023878098,3264.7847570478916
3500.0,3428.2294660806656,3276.8049091100693,3017.4263566732407,3327.033966779709,3262.373674660921
3500.0,3389.3488347530365,3268.5264945030212,3034.347966313362,3324.277549982071,3254.1252113878727
2600.0,3421.2134778499603,3274.252563714981,3030.8134853839874,3332.4502408504486,3264.6824419498444
3000.0,3389.519825577736,3261.9470357894897,3036.1568927764893,3326.3951539993286,3253.504727035761
3500.0,3410.9068661928177,3261.8629932403564,3040.3321981430054,3328.5322040319443,3260.408565402031
3000.0,3374.003693461418,3261.627182364464,3063.044473528862,3339.72305059433,3259.5995999872684
2400.0,3305.714875459671,3256.060481071472,3064.5976960659027,3337.167352437973,3240.8851012587547
3000.0,3331.405520439148,3245.6501573324203,3049.0871518850327,3323.136270046234,3237.3197749257088
3999.9999999999995,3347.756490111351,3249.196708202362,3044.806346297264,3312.676325440407,3238.608967512846
3000.0,3383.0076456069946,3274.5572179555893,3057.3445558547974,3325.8524537086487,3260.1904682815075
3999.9999999999995,3389.1820907592773,3277.388960123062,3058.6139112710953,3327.2038400173187,3263.0972005426884
2500.0,3420.597016811371,3291.606903076172,3064.432516694069,3337.1780812740326,3278.453629463911
2400.0,3426.257148385048,3282.9782366752625,3033.0736935138702,3326.0422199964523,3267.0878246426582
5000.0,3402.385711669922,3272.244930267334,3008.6251348257065,3313.433602452278,3249.17234480381
2500.0,3427.1210432052612,3286.9724929332733,3043.676018714905,3326.3645321130753,3271.0335217416286
3999.9999999999995,3353.0129492282867,3274.5780050754547,3041.2667244672775,3312.510922551155,3245.3421503305435
2500.0,3391.672521829605,3279.2772352695465,3060.9579384326935,3324.369862675667,3264.069389551878
3000.0,3373.790681362152,3266.938179731369,3038.4839326143265,3320.0106024742126,3249.805849045515
3999.9999999999995,3345.2173322439194,3265.1015371084213,3032.853528857231,3320.350795984268,3240.88079854846
2200.0,3366.6177839040756,3279.7640562057495,3048.868104815483,3328.6066353321075,3255.964145064354
4500.0,3334.70955491066,3266.039863228798,3034.6186459064484,3318.1949704885483,3238.3907586336136
4600.0,3332.0803195238113,3273.3283191919327,3069.254904985428,3329.8277109861374,3251.1228136718273
3500.0,3361.966386437416,3293.8693463802338,3054.6558648347855,3357.9272031784058,3267.1047002077103
3000.0,3210.3853672742844,3297.8694140911102,3043.1073904037476,3356.9741249084473,3227.0840741693974
3400.0,3261.69490814209,3290.976583957672,3021.2755501270294,3349.0929007530212,3230.759985744953
3000.0,3256.1179250478745,3283.3486050367355,3029.5465886592865,3346.8152582645416,3228.9570942521095
3000.0,3249.763324856758,3272.8220522403717,3034.9253118038177,3336.532562971115,3223.5108129680157
3000.0,3249.7550547122955,3265.2003318071365,3040.398806333542,3331.7115157842636,3221.7664271593094
3400.0,3323.3600109815598,3277.6106894016266,3035.575747489929,3333.32821726799,3242.4686662852764
2600.0,3305.152505636215,3292.2861725091934,3049.7409403324127,3336.4950120449066,3245.918657630682
3000.0,3267.0915126800537,3283.0582559108734,3049.796149134636,3325.9912580251694,3231.484293937683
2600.0,3289.6023988723755,3276.2378454208374,3054.744377732277,3321.056216955185,3235.4102097451687
2500.0,3315.788581967354,3277.3207873106003,3037.6195907592773,3317.820131778717,3237.137272953987
1999.9999999999998,3318.0713653564453,3280.993402004242,3025.9837210178375,3309.604525566101,3233.6632534861565
3999.9999999999995,3382.78591632843,3263.2210850715637,3012.1880024671555,3290.143981575966,3237.084746360779
2500.0,3378.9266645908356,3265.891894698143,3058.590218424797,3300.790786743164,3251.049891114235
3400.0,3384.590819478035,3260.02299785614,3051.043152809143,3304.789513349533,3250.111620873213
3000.0,3336.8877321481705,3253.5354048013687,3076.121136546135,3313.6477321386337,3245.048001408577
3000.0,3388.8258039951324,3250.1182705163956,3077.731356024742,3315.392956137657,3258.017096668482
3000.0,3393.5782313346863,3247.089385986328,3060.70938706398,3312.790095806122,3253.541775047779
3500.0,3406.512290239334,3247.2051680088043,3045.3749746084213,3315.810263156891,3253.7256740033627
3000.0,3457.263931632042,3263.179063796997,3029.5877158641815,3332.809656858444,3270.710092037916
1999.9999999999998,3398.277908563614,3261.895179748535,3032.3097109794617,3331.9421857595444,3256.1062462627888
3000.0,3433.605283498764,3248.947709798813,2995.07237970829,3314.7065341472626,3248.0829767882824
3000.0,3422.972559928894,3241.328224539757,3020.944520831108,3304.489552974701,3247.433714568615
3000.0,3387.5850588083267,3231.8010181188583,3041.0360544919968,3307.146728038788,3241.8922148644924
3500.0,3309.0683072805405,3225.1039892435074,3057.1572482585907,3306.502103805542,3224.457912147045
2600.0,3294.5553213357925,3231.3649356365204,3062.1307343244553,3312.5580847263336,3225.1522690057755
2500.0,3297.966420650482,3237.6882433891296,3036.8801951408386,3312.714099884033,3221.312239766121
3000.0,3248.1495290994644,3228.9107143878937,3022.6005613803864,3302.2190630435944,3200.4699669778347
3000.0,3240.317925810814,3222.3819941282272,3017.1816051006317,3298.8352328538895,3194.6791894733906
3400.0,3226.516842842102,3222.3547250032425,3029.2897671461105,3302.6808500289917,3195.2105462551117
3999.9999999999995,3202.364444732666,3225.7939875125885,3056.124821305275,3308.795839548111,3198.26977327466
2500.0,3231.886178255081,3242.5419241189957,3078.0690908432007,3318.680003285408,3217.7942991256714
3999.9999999999995,3287.9550755023956,3238.433226943016,3055.7332187891006,3313.210755586624,3223.833069205284
3999.9999999999995,3346.4281260967255,3257.0627331733704,3060.3622645139694,3322.458118200302,3246.577810496092
3000.0,3294.28106546402,3261.915072798729,3065.0921165943146,3333.955854177475,3238.8110272586346
4500.0,3312.4838769435883,3267.386332154274,3037.3768508434296,3335.7006311416626,3238.2369227707386
3999.9999999999995,3258.3604753017426,3279.513716697693,3055.7499825954437,3344.0890163183212,3234.4282977283
3000.0,3294.6205884218216,3291.8494194746017,3046.8247085809708,3357.459157705307,3247.6884685456753
2200.0,3292.6860451698303,3289.33909535408,3034.127578139305,3349.851071834564,3241.500947624445
3500.0,3313.601240515709,3276.379331946373,3016.9855803251266,3331.007659435272,3234.49345305562
3500.0,3316.5286481380463,3269.1706717014313,3041.1306023597717,3323.5980570316315,3237.60699480772
3000.0,3333.0175280570984,3282.442018389702,3047.5138127803802,3328.0283957719803,3247.75043874979
2400.0,3363.482728600502,3291.940838098526,3035.7666313648224,3329.053893685341,3255.061022937298
2200.0,3355.9732139110565,3284.105658531189,3019.9849605560303,3318.1576430797577,3244.5553690195084
3500.0,3392.815589904785,3276.219516992569,2993.3179914951324,3304.942399263382,3241.823874413967
2500.0,3380.3435415029526,3276.8601179122925,3020.2949792146683,3304.5360445976257,3245.5086708068848
3000.0,3371.395915746689,3270.6284523010254,3025.2204090356827,3291.991353034973,3239.8090325295925
3000.0,3394.661620259285,3257.973790168762,3037.334159016609,3294.1029220819473,3246.018122881651
3000.0,3390.301913022995,3252.1969825029373,3044.2672222852707,3298.232853412628,3246.249742805958
2500.0,3361.1078560352325,3249.274045228958,3052.6473373174667,3304.0595054626465,3241.772186011076
3500.0,3396.2970972061157,3232.645243406296,3046.2634563446045,3294.651210308075,3242.4642518162727
3000.0,3433.6479753255844,3234.0310513973236,3038.5270714759827,3310.9961450099945,3254.3005608022213
3400.0,3367.908149957657,3230.448290705681,3046.9834059476852,3310.1246505975723,3238.866124302149
3000.0,3423.696756362915,3235.8191907405853,3048.68146777153,3318.9967274665833,3256.7985355854034
3000.0,3396.972343325615,3227.6692986488342,3059.7086995840073,3316.5036141872406,3250.2134889364243
2600.0,3376.6116946935654,3225.555941462517,3064.018338918686,3316.9126510620117,3245.774656534195
3000.0,3372.9158341884613,3222.203180193901,3051.7666786909103,3315.318301320076,3240.550998598337
3999.9999999999995,3328.596130013466,3222.3211973905563,3057.912066578865,3308.2471042871475,3229.2691245675087
3999.9999999999995,3346.734791994095,3239.98399078846,3071.3897198438644,3319.2401379346848,3244.337160140276
2500.0,3319.850116968155,3263.4374499320984,3071.1116641759872,3331.500291824341,3246.4748807251453
2400.0,3255.801200866699,3258.243575692177,3047.3410338163376,3322.378098964691,3220.940977334976
3999.9999999999995,3286.1700654029846,3250.6314665079117,3025.296628475189,3311.586230993271,3218.421097844839
3000.0,3283.696398139,3259.4724744558334,3062.497302889824,3317.966088652611,3230.908066034317
2400.0,3258.19730758667,3259.184807538986,3065.2593076229095,3317.3440396785736,3224.996365606785
1999.9999999999998,3298.596069216728,3256.487399339676,3041.5289103984833,3310.420587658882,3226.7582416534424
3999.9999999999995,3343.7953144311905,3245.8774745464325,3014.2298340797424,3293.7783747911453,3224.4202494621277
2500.0,3328.6377042531967,3255.4949820041656,3063.6781454086304,3295.2920347452164,3235.7757166028023
3000.0,3370.964527130127,3249.5158910751343,3046.068549156189,3292.6400005817413,3239.797241985798
5000.0,3347.56538271904,3241.6824996471405,3048.1839179992676,3299.5332777500153,3234.241269528866
3000.0,3322.998359799385,3263.6862248182297,3071.1988359689713,3318.2162046432495,3244.024906307459
3000.0,3331.0065418481827,3263.307586312294,3060.4639649391174,3320.6655085086823,3243.860900402069
3000.0,3364.5687997341156,3260.4237645864487,3054.4665455818176,3320.859968662262,3250.079769641161
3999.9999999999995,3348.0316400527954,3263.8710737228394,3031.7290127277374,3322.923704981804,3241.638857871294
3999.9999999999995,3328.7235349416733,3284.4462990760803,3038.3145064115524,3332.919627428055,3246.10099196434
3000.0,3305.1911741495132,3293.795809149742,3040.80069065094,3341.508060693741,3245.323933660984
3400.0,3296.891748905182,3280.690759420395,3040.4875427484512,3337.862938642502,3238.9832474291325
2500.0,3301.9325137138367,3283.225893974304,3030.9397727251053,3341.9224619865417,3239.505160599947
2500.0,3311.948776245117,3270.8944380283356,3032.85151720047,3329.086974263191,3236.1954264342785
3000.0,3328.3670246601105,3259.325623512268,3029.1353166103363,3312.514051795006,3232.33550414443
3000.0,3340.805768966675,3255.5725425481796,3033.3495140075684,3305.0718158483505,3233.6999103426933
3500.0,3314.075767993927,3257.347047328949,3028.411790728569,3310.6767386198044,3227.6278361678123
3000.0,3318.66055727005,3269.0276205539703,3049.1159856319427,3315.204754471779,3238.0022294819355
3999.9999999999995,3320.094421505928,3268.3657854795456,3054.7870695590973,3317.41601228714,3240.1658222079277
1999.9999999999998,3371.971920132637,3281.8425446748734,3058.5090816020966,3328.8641273975372,3260.296918451786
2500.0,3369.675502181053,3266.3436233997345,3033.2203209400177,3312.421292066574,3245.415184646845
3400.0,3381.6102147102356,3255.2918046712875,3018.8456922769547,3304.05056476593,3239.949569106102
3000.0,3371.2971210479736,3254.9846917390823,3049.701377749443,3307.8092336654663,3245.9481060504913
3000.0,3334.2457562685013,3246.9557225704193,3063.3871257305145,3304.8956841230392,3237.3710721731186
2200.0,3340.02748131752,3238.903731107712,3070.5973505973816,3307.391256093979,3239.229954779148
3500.0,3361.903354525566,3234.6144318580627,3043.4511601924896,3302.137702703476,3235.5266623198986
3500.0,3287.409693002701,3244.1288977861404,3067.561760544777,3300.7407188415527,3224.9602675437927
3000.0,3316.521942615509,3249.6151328086853,3066.256195306778,3312.8052949905396,3236.299641430378
3500.0,3307.1496337652206,3247.404769062996,3068.617880344391,3314.220830798149,3234.348278492689
4600.0,3355.010971426964,3252.754434943199,3068.5463547706604,3319.0027624368668,3248.8286308944225
2400.0,3377.1009743213654,3274.545818567276,3058.3228915929794,3343.750387430191,3263.430017977953
2500.0,3285.031244158745,3265.9821957349777,3037.6169085502625,3334.8070085048676,3230.859339237213
3500.0,3309.7681403160095,3261.597231030464,3027.067556977272,3324.7480541467667,3230.795245617628
3000.0,3275.3732800483704,3259.504660964012,3054.419159889221,3331.7964524030685,3230.273388326168
2600.0,3233.4885746240616,3259.7237080335617,3053.164556622505,3327.634781599045,3218.5029052197933
3000.0,3260.160908102989,3263.719081878662,3037.6848578453064,3317.8724348545074,3219.8593206703663
3400.0,3303.8362115621567,3270.622193813324,3030.44356405735,3308.231458067894,3228.283356875181
3000.0,3327.610418200493,3276.892974972725,3032.2232097387314,3313.6966824531555,3237.605821341276
5000.0,3293.3516800403595,3272.2069323062897,3053.2336235046387,3309.396430850029,3232.047166675329
3000.0,3279.5213162899017,3295.0564473867416,3076.377734541893,3330.7738602161407,3245.4323396086693
3000.0,3198.810964822769,3280.467912554741,3080.2613496780396,3335.026502609253,3223.6416824162006
2500.0,3291.2320643663406,3287.8734916448593,3059.983178973198,3336.5940302610397,3243.9206913113594
3400.0,3304.249942302704,3282.6241850852966,3039.901927113533,3321.0566639900208,3236.9581796228886
2500.0,3283.073902130127,3285.0033044815063,3043.8610911369324,3323.9583671092987,3233.974166214466
3999.9999999999995,3270.835652947426,3267.808109521866,3055.249974131584,3310.7614517211914,3226.163797080517
3999.9999999999995,3310.927301645279,3281.850814819336,3068.385198712349,3318.878263235092,3245.010394603014
3000.0,3311.8372410535812,3295.0229197740555,3079.671710729599,3329.4202387332916,3253.988027572632
2500.0,3309.5283061265945,3291.6299253702164,3069.453611969948,3328.147530555725,3249.689843505621
2500.0,3348.5059440135956,3277.362585067749,3051.3377487659454,3322.12395966053,3249.832559376955
3999.9999999999995,3363.034576177597,3262.9671692848206,3056.808114051819,3308.9102804660797,3247.930034995079
3000.0,3386.087268590927,3273.123800754547,3086.245357990265,3317.042738199234,3265.6247913837433
3500.0,3300.7391542196274,3270.4058289527893,3083.7582796812057,3319.63486969471,3243.634533137083
3999.9999999999995,3298.1640100479126,3278.156518936157,3079.429641366005,3324.494808912277,3245.061244815588
3000.0,3310.4241639375687,3296.7256754636765,3076.682388782501,3330.4068446159363,3253.5597681999207
3000.0,3292.0483499765396,3287.5265926122665,3064.489960670471,3330.3388953208923,3243.6009496450424
3000.0,3299.9957352876663,3284.6613228321075,3057.0267140865326,3328.259512782097,3242.485821247101
3000.0,3330.008089542389,3287.6788079738617,3053.738549351692,3327.396735548973,3249.705545604229
3000.0,3338.6175334453583,3289.0476286411285,3066.593036055565,3324.577286839485,3254.708871245384
3000.0,3365.6662702560425,3278.326615691185,3071.691244840622,3326.7778158187866,3260.615486651659
2500.0,3341.7796343564987,3279.554396867752,3077.7083337306976,3321.535438299179,3255.144450813532
2500.0,3334.7218483686447,3270.1874524354935,3067.760467529297,3311.222791671753,3245.973140001297
3999.9999999999995,3390.185460448265,3268.8577473163605,3052.205666899681,3300.0460267066956,3252.8237253427505
4500.0,3371.955379843712,3281.635120511055,3081.846758723259,3307.519108057022,3260.739091783762
3000.0,3356.664553284645,3303.8630336523056,3094.3572521209717,3326.709195971489,3270.398508757353
2600.0,3345.8366990089417,3299.2878556251526,3079.895004630089,3327.4658024311066,3263.1213404238224
3000.0,3379.9834549427032,3290.1200652122498,3062.3826384544373,3326.0929584503174,3264.644779264927
2400.0,3329.9437165260315,3279.0032029151917,3070.1062828302383,3317.8333193063736,3249.2216303944588
2500.0,3341.3010835647583,3269.537463784218,3051.612228155136,3308.054655790329,3242.6263578236103
3500.0,3364.2782270908356,3263.1752640008926,3050.0301718711853,3302.440121769905,3244.9809461832047
3500.0,3329.583629965782,3264.0451937913895,3086.7306143045425,3303.998038172722,3246.089369058609
3000.0,3391.6494995355606,3279.2316377162933,3085.29831469059,3306.4600825309753,3265.659883618355
3500.0,3352.4955064058304,3271.42596244812,3080.4678797721863,3309.463709592819,3253.463264554739
3000.0,3364.478275179863,3274.754136800766,3082.1487307548523,3320.5926418304443,3260.4934461414814
2500.0,3356.487527489662,3270.4755663871765,3087.0699137449265,3316.1553740501404,3257.5470954179764
3000.0,3363.9295399188995,3264.87198472023,3067.214861512184,3309.9203556776047,3251.4841854572296
3000.0,3400.3130346536636,3263.4182274341583,3064.7463351488113,3305.910676717758,3258.597068488598
1999.9999999999998,3411.4520251750946,3265.6487077474594,3055.627942085266,3303.8379997015,3259.14166867733
5000.0,3399.1192281246185,3249.4284957647324,3038.2099002599716,3289.170563220978,3243.982046842575
3000.0,3372.637778520584,3262.464478611946,3085.3334069252014,3304.3011277914047,3256.184197962284
3000.0,3337.5509083271027,3258.63741338253,3094.7817116975784,3307.827115058899,3249.6992871165276
3999.9999999999995,3362.2408658266068,3255.002349615097,3080.897033214569,3313.2413774728775,3252.8454065322876
3000.0,3419.3721413612366,3271.290957927704,3084.0644985437393,3325.6378769874573,3275.0913687050343
3000.0,3406.0992300510406,3270.595595240593,3080.5347114801407,3324.219658970833,3270.362298935652
3000.0,3354.869708418846,3270.0466364622116,3072.6445466279984,3315.5257254838943,3253.2716542482376
3500.0,3341.4968848228455,3262.789696455002,3059.3419075012207,3321.1728930473328,3246.2003454566
3999.9999999999995,3294.024020433426,3264.317661523819,3074.9499052762985,3324.727714061737,3239.50482532382
3000.0,3263.029307126999,3276.6401767730713,3086.189925670624,3334.178924560547,3240.00958353281
3999.9999999999995,3287.5004410743713,3273.1928676366806,3080.4265290498734,3336.1492305994034,3244.317267090082
1999.9999999999998,3326.18348300457,3290.7941937446594,3079.526647925377,3344.7231352329254,3260.306864976883
2500.0,3355.67370057106,3280.205726623535,3047.4431812763214,3328.1969279050827,3252.879884094
2500.0,3320.876285433769,3272.0983028411865,3042.5555258989334,3313.218802213669,3237.1872290968895
3400.0,3327.6428282260895,3264.3089443445206,3047.0238626003265,3304.6529442071915,3235.907144844532
4500.0,3322.461023926735,3267.7356898784637,3083.4294855594635,3308.815509080887,3245.6104271113873
2400.0,3280.7446271181107,3277.6477932929993,3115.238696336746,3324.3582397699356,3249.497339129448
3999.9999999999995,3252.248167991638,3281.4234495162964,3080.9401720762253,3325.861394405365,3235.118295997381
3999.9999999999995,3185.262009501457,3290.3849333524704,3081.9596350193024,3334.714025259018,3223.080150783062
3000.0,3218.5889035463333,3307.810351252556,3076.835721731186,3348.7392961978912,3237.9935681819916
2400.0,3267.6956802606583,3305.567353963852,3068.85726749897,3350.055143237114,3248.0438612401485
2400.0,3254.588842391968,3294.830694794655,3062.421530485153,3332.5930684804916,3236.108534038067
2400.0,3252.365291118622,3278.067335486412,3055.2761256694794,3315.979689359665,3225.4221104085445
3500.0,3306.9681376218796,3275.1982659101486,3038.4430289268494,3302.5310933589935,3230.785131454468
2500.0,3338.18256855011,3281.189203262329,3065.2007460594177,3315.5398070812225,3250.02808123827
3000.0,3274.9387621879578,3261.2282037734985,3073.10052216053,3307.371139526367,3229.1596569120884
3500.0,3336.8519693613052,3262.667879462242,3074.2234736680984,3306.1549812555313,3244.9745759367943
3500.0,3346.506580710411,3268.15702021122,3098.238855600357,3311.866521835327,3256.1922445893288
4800.0,3362.204432487488,3274.7579365968704,3090.9287184476852,3329.019695520401,3264.227695763111
3500.0,3299.6926456689835,3289.276957511902,3102.7840822935104,3351.701572537422,3260.8638145029545
2600.0,3253.4392923116684,3282.260298728943,3101.5730649232864,3351.2815833091736,3247.138559818268
3000.0,3314.960226416588,3279.442638158798,3073.1570720672607,3340.9877121448517,3252.1369121968746
3400.0,3297.608122229576,3278.3201336860657,3061.3835155963898,3335.0108563899994,3243.0806569755077
3000.0,3336.9742333889008,3286.8535816669464,3066.3784593343735,3334.740400314331,3256.236668676138
2500.0,3346.022441983223,3279.60267663002,3077.9222398996353,3329.2727172374725,3258.2050189375877
3999.9999999999995,3361.4272624254227,3283.327594399452,3035.7567965984344,3315.962925553322,3249.118644744158
3000.0,3343.236967921257,3291.034922003746,3068.3503299951553,3319.5074647665024,3255.532421171665
2600.0,3278.804048895836,3283.0915600061417,3073.7408995628357,3320.930153131485,3239.1416653990746
2400.0,3290.6053215265274,3286.699801683426,3053.544759750366,3317.2841370105743,3237.0335049927235
3000.0,3271.906077861786,3284.6467941999435,3035.339266061783,3309.9382370710373,3225.4575937986374
5000.0,3225.0159233808517,3277.5847613811493,3068.5552954673767,3296.618163585663,3216.94353595376
3999.9999999999995,3273.317813873291,3291.076272726059,3077.678382396698,3314.8303627967834,3239.225707948208
3000.0,3252.726048231125,3290.032669901848,3094.993159174919,3328.8171887397766,3241.642266511917
3000.0,3269.3416625261307,3290.398120880127,3073.0220675468445,3332.415372133255,3241.2943057715893
3000.0,3315.5134320259094,3288.165181875229,3059.943839907646,3334.232121706009,3249.4636438786983
4500.0,3282.250463962555,3281.417638063431,3076.3334780931473,3324.483186006546,3241.1211915314198
2500.0,3327.8127014636993,3297.6794242858887,3088.0719423294067,3334.6912264823914,3262.0638236403465
3500.0,3371.521756052971,3293.086364865303,3056.027591228485,3326.6307413578033,3261.8166133761406
3500.0,3362.215831875801,3299.1796731948853,3041.0870164632797,3334.949165582657,3259.3579217791557
3000.0,3321.6840773820877,3295.4679429531097,3062.310218811035,3344.600424170494,3256.0156658291817
3999.9999999999995,3280.1666110754013,3274.0066945552826,3077.010065317154,3334.536999464035,3241.430092602968
2600.0,3352.1805703639984,3285.1284742355347,3077.743425965309,3336.102068424225,3262.7886347472668
2500.0,3346.143364906311,3285.8021557331085,3068.762943148613,3326.2648433446884,3256.7433267831802
3999.9999999999995,3355.3920686244965,3279.6357572078705,3049.6063828468323,3312.9921555519104,3249.4065910577774
3400.0,3378.198891878128,3287.9016548395157,3059.319332242012,3317.061737179756,3260.620404034853
3000.0,3345.223590731621,3293.1824773550034,3066.354990005493,3324.522525072098,3257.3208957910538
3000.0,3282.5949043035507,3282.456547021866,3076.9745260477066,3323.5620707273483,3241.397012025118
1999.9999999999998,3267.468810081482,3275.448828935623,3068.476617336273,3319.8335766792297,3232.806958258152
3500.0,3282.846137881279,3266.6612416505814,3042.3954874277115,3301.965594291687,3223.4671153128147
3999.9999999999995,3307.9540729522705,3272.6752012968063,3064.3846839666367,3298.3126491308212,3235.8316518366337
3999.9999999999995,3317.864164710045,3283.0633968114853,3084.0758979320526,3310.818448662758,3248.955477029085
4400.0,3333.5470408201218,3292.2787964344025,3091.1019444465637,3322.3052322864532,3259.8082534968853
1999.9999999999998,3312.378153204918,3298.395350575447,3074.1485953330994,3346.9191938638687,3257.9603232443333
2500.0,3198.4978169202805,3273.2482999563217,3062.3187124729156,3329.7282457351685,3215.9482687711716
2800.0,3219.427317380905,3254.9721747636795,3057.088628411293,3316.8625831604004,3212.0876759290695
1999.9999999999998,3256.13871216774,3254.1679590940475,3057.7513575553894,3312.2460544109344,3220.076020807028
2400.0,3284.541964530945,3248.4910637140274,3033.328279852867,3294.673338532448,3215.258661657572
3500.0,3247.1338659524918,3238.1612062454224,3048.4552681446075,3282.308578491211,3204.014729708433
3500.0,3285.6418937444687,3251.394107937813,3069.8083341121674,3288.4135097265244,3223.8144613802433
2500.0,3324.49346780777,3260.9452307224274,3071.0817128419876,3303.5802841186523,3240.0251738727093
3000.0,3290.240541100502,3245.862051844597,3077.8902769088745,3303.770273923874,3229.440785944462
3999.9999999999995,3308.9319616556168,3237.7611100673676,3092.8055942058563,3307.90176987648,3236.85010895133
3999.9999999999995,3296.191692352295,3248.6770302057266,3110.1863086223602,3311.6278052330017,3241.670709103346
3000.0,3358.4176003932953,3264.3766701221466,3101.4689058065414,3324.331194162369,3262.148592621088
3000.0,3319.52802836895,3262.011632323265,3092.946857213974,3323.5108852386475,3249.499350786209
2400.0,3272.201791405678,3259.3385875225067,3080.6495994329453,3322.8635787963867,3233.763389289379
2400.0,3293.119892477989,3249.121829867363,3059.101179242134,3312.0182901620865,3228.340297937393
3000.0,3353.2972633838654,3240.961655974388,3052.084967494011,3299.015164375305,3236.3397628068924
3400.0,3381.0988068580627,3245.5290108919144,3066.1028623580933,3294.1174507141113,3246.7120327055454
3000.0,3418.1392192840576,3258.781135082245,3069.646507501602,3305.191397666931,3262.939564883709
3000.0,3371.9580620527267,3260.337710380554,3083.6310982704163,3307.7938109636307,3255.930170416832
3999.9999999999995,3362.8883957862854,3255.7325810194016,3084.523379802704,3305.283933877945,3252.107072621584
3500.0,3380.9081465005875,3272.008001804352,3084.2985212802887,3317.3464983701706,3263.6402919888496
3999.9999999999995,3285.898268222809,3272.6693898439407,3082.2642892599106,3324.4825154542923,3241.328615695238
3000.0,3259.870335459709,3289.1540229320526,3083.837181329727,3335.0642770528793,3241.981454193592
3000.0,3263.542726635933,3286.6354286670685,3072.293847799301,3338.617980480194,3240.272495895624
3000.0,3279.728516936302,3275.672346353531,3076.656684279442,3331.6797763109207,3240.934330970049
3500.0,3344.18848156929,3278.9958268404007,3063.6709928512573,3328.041136264801,3253.7241093814373
2400.0,3334.858864545822,3282.5517654418945,3084.3336135149,3323.911428451538,3256.4139179885387
2500.0,3359.495848417282,3282.0595800876617,3061.6260319948196,3313.322514295578,3254.1259936988354
3500.0,3366.691991686821,3275.366798043251,3059.340789914131,3302.168995141983,3250.8921436965466
3400.0,3400.7102251052856,3278.723359107971,3073.7856030464172,3304.368630051613,3264.3969543278217
2500.0,3410.947099328041,3287.952169775963,3069.2917853593826,3314.3790811300278,3270.6425338983536
3000.0,3370.92787027359,3272.464871406555,3076.87908411026,3304.3190091848373,3256.1477087438107
2200.0,3355.9680730104446,3265.1569694280624,3077.198937535286,3305.3409308195114,3250.916227698326
3000.0,3375.2650022506714,3261.4852488040924,3052.015006542206,3297.383487224579,3246.537186205387
3000.0,3374.7799694538116,3257.6244324445724,3069.51642036438,3292.5407588481903,3248.6153952777386
3000.0,3393.8750624656677,3254.2193681001663,3088.4981900453568,3293.926566839218,3257.6297968626022
2500.0,3429.1210770606995,3254.9775391817093,3082.0919573307037,3297.671377658844,3265.965487807989
2500.0,3410.7691794633865,3244.4947957992554,3088.4061008691788,3294.0414547920227,3259.427882730961
3999.9999999999995,3429.7605603933334,3236.221969127655,3069.2437291145325,3290.943503379822,3256.5424405038357
3000.0,3429.1134774684906,3248.238041996956,3098.14989566803,3306.087478995323,3270.3972235322
3000.0,3440.5137598514557,3256.516456604004,3100.038394331932,3313.099443912506,3277.5420136749744
2600.0,3405.7775884866714,3256.7106932401657,3096.1040407419205,3310.605213046074,3267.299383878708
3000.0,3400.966599583626,3251.267597079277,3082.8675627708435,3310.301899909973,3261.35091483593
3999.9999999999995,3360.5486154556274,3250.7318258285522,3090.8891558647156,3310.672491788864,3253.21052223444
3500.0,3370.215967297554,3264.49491083622,3102.4235486984253,3319.9207484722137,3264.263793826103
3000.0,3341.778963804245,3270.614594221115,3106.9276481866837,3326.5095949172974,3261.4577002823353
2500.0,3330.8815956115723,3276.984617114067,3084.636703133583,3320.7423985004425,3253.3113285899162
3000.0,3313.8656616210938,3267.5305008888245,3065.892308950424,3312.143012881279,3239.8578710854053
5000.0,3330.3091675043106,3264.6026462316513,3059.167340397835,3303.2385259866714,3239.329420030117
2500.0,3374.1069585084915,3290.926292538643,3061.6481602191925,3318.0347084999084,3261.179029941559
3000.0,3326.6423642635345,3288.9291644096375,3061.5857988595963,3316.272497177124,3248.357456177473
3500.0,3290.705904364586,3276.2186229228973,3078.9803713560104,3310.963287949562,3239.217046648264
2500.0,3344.190940260887,3282.509297132492,3079.9513310194016,3323.6192911863327,3257.5677148997784
3000.0,3298.3383536338806,3274.7677713632584,3078.3379822969437,3310.628905892372,3240.5182532966137
3000.0,3295.9873974323273,3279.4323563575745,3072.529435157776,3310.6304705142975,3239.644914865494
2600.0,3272.75812625885,3272.039294242859,3090.7411873340607,3306.284174323082,3235.455695539713
3000.0,3313.296362757683,3275.555446743965,3072.2390860319138,3302.5288581848145,3240.904938429594
3000.0,3303.4367859363556,3276.2251049280167,3076.7610669136047,3297.53614962101,3238.4897768497467
3400.0,3337.3110741376877,3283.010423183441,3072.6809799671173,3299.1182059049606,3248.0301707983017
2500.0,3356.422930955887,3287.0350778102875,3072.0195919275284,3308.619037270546,3256.024159491062
3000.0,3316.6037499904633,3268.377408385277,3087.6416712999344,3302.4973422288895,3243.780042976141
3000.0,3340.4289186000824,3269.1020518541336,3078.688904643059,3301.726207137108,3247.4865205585957
2400.0,3358.2542091608047,3268.9467072486877,3084.9071592092514,3302.5605976581573,3253.6671683192253
3999.9999999999995,3387.72676885128,3265.0545984506607,3071.1494386196136,3296.850174665451,3255.1952451467514
2500.0,3408.355861902237,3280.76608479023,3071.325793862343,3306.4010739326477,3266.7122036218643
3000.0,3379.7483146190643,3270.0929045677185,3073.423057794571,3293.677344918251,3254.235405474901
2400.0,3396.1207419633865,3254.5340806245804,3056.3870072364807,3300.8377254009247,3251.969888806343
3000.0,3374.297618865967,3236.367255449295,3065.7725036144257,3291.124105453491,3241.8903708457947
3200.0,3430.914357304573,3231.276646256447,3073.423057794571,3288.791701197624,3256.1014406383038
2400.0,3447.917327284813,3236.178159713745,3077.958896756172,3294.805660843849,3264.215011149645
3999.9999999999995,3387.0211243629456,3219.0632075071335,3083.936870098114,3286.7051661014557,3244.181592017412
3999.9999999999995,3367.743194103241,3221.3113456964493,3105.785697698593,3299.223929643631,3248.5160417854786
3999.9999999999995,3413.7068688869476,3244.3132996559143,3098.655268549919,3317.522406578064,3268.5494609177113
3999.9999999999995,3298.519179224968,3254.7591626644135,3095.838949084282,3333.2982659339905,3245.6038892269135
3500.0,3214.045464992523,3274.2009311914444,3094.94711458683,3341.209441423416,3231.1007380485535
3999.9999999999995,3222.716823220253,3271.4950293302536,3093.4788286685944,3348.1619507074356,3233.963157981634
3000.0,3253.048360347748,3275.872841477394,3099.917024374008,3348.3190834522247,3244.2893274128437
3999.9999999999995,3265.709951519966,3274.991288781166,3090.147525072098,3340.6515419483185,3242.875076830387
3000.0,3287.7670973539352,3285.2835953235626,3082.6087296009064,3340.994417667389,3249.1634599864483
3000.0,3299.999088048935,3285.7684046030045,3064.7405236959457,3330.013230443001,3245.1303116977215
3000.0,3281.7035168409348,3281.1013609170914,3054.9580603837967,3319.815918803215,3234.3947142362595
1999.9999999999998,3290.695399045944,3283.3555340766907,3050.217032432556,3312.9776269197464,3234.3113981187344
2400.0,3303.4296333789825,3270.0754702091217,3037.7666652202606,3294.0050214529037,3226.319197565317
3999.9999999999995,3288.508281111717,3258.8477432727814,3056.2490969896317,3279.2361080646515,3220.7103073596954
1999.9999999999998,3305.7649433612823,3274.615556001663,3088.453710079193,3291.1958545446396,3240.0075159966946
3000.0,3255.7938247919083,3263.7785375118256,3067.9625272750854,3282.8152924776077,3217.5875455141068
3000.0,3214.8639857769012,3261.5896314382553,3086.022734642029,3286.544233560562,3212.255146354437
3500.0,3256.3143968582153,3269.3874835968018,3072.0338970422745,3295.940011739731,3223.4189473092556
3500.0,3320.7419514656067,3278.7079364061356,3089.1602486371994,3304.120749235153,3248.1827214360237
3500.0,3309.3036711215973,3287.1611416339874,3089.9521708488464,3315.548747777939,3250.4914328455925
3000.0,3321.394622325897,3278.390094637871,3103.9682775735855,3318.238779902458,3255.497943609953
3000.0,3365.1430159807205,3277.1310210227966,3088.834583759308,3319.554179906845,3262.6657001674175
3000.0,3383.47390294075,3277.711048722267,3078.2190710306168,3320.324420928955,3264.9321109056473
2500.0,3387.075439095497,3273.317366838455,3079.5981734991074,3315.228670835495,3263.8049125671387
2500.0,3395.1077610254288,3260.284960269928,3077.841103076935,3301.6933500766754,3258.7317936122417
3000.0,3438.122123479843,3249.935656785965,3064.868152141571,3290.2655750513077,3260.7978768646717
2500.0,3460.1475298404694,3258.187472820282,3059.4563484191895,3284.0804010629654,3265.4679380357265
3000.0,3409.983292222023,3246.5386390686035,3062.868118286133,3280.1196724176407,3249.8774304986
3000.0,3405.008018016815,3240.8371567726135,3074.1389840841293,3283.810168504715,3250.9485818445683
3999.9999999999995,3401.6114473342896,3237.030655145645,3085.2560698986053,3286.444991827011,3252.585791051388
3999.9999999999995,3367.740288376808,3256.1536878347397,3096.025362610817,3303.1611889600754,3255.77013194561
2600.0,3373.2401579618454,3273.58178794384,3092.418685555458,3321.3628828525543,3265.1508785784245
3500.0,3391.2545442581177,3264.262229204178,3076.7054110765457,3325.0942826271057,3264.3291167914867
2500.0,3349.129557609558,3263.2407546043396,3091.5574729442596,3322.998136281967,3256.731480360031
3000.0,3392.2161161899567,3259.5106959342957,3067.176640033722,3314.4477009773254,3258.337788283825
4600.0,3386.503681540489,3253.3103227615356,3066.6933953762054,3313.283622264862,3254.947755485773
3400.0,3367.052525281906,3275.5789160728455,3092.34157204628,3330.8959007263184,3266.4672285318375
3000.0,3337.925970554352,3280.5506139993668,3101.794123649597,3335.7688039541245,3264.00987803936
3000.0,3369.978815317154,3274.141252040863,3101.9192934036255,3326.0218799114227,3268.0153101682663
3999.9999999999995,3374.202400445938,3274.712562561035,3090.1314318180084,3316.7776465415955,3263.9560103416443
3999.9999999999995,3324.3799209594727,3279.438614845276,3102.1644920110703,3317.2447979450226,3255.8069564402103
2500.0,3316.9788122177124,3293.805867433548,3081.374242901802,3329.271823167801,3255.357686430216
3500.0,3260.4919373989105,3282.613679766655,3071.756511926651,3320.9312707185745,3233.9483499526978
2500.0,3216.1416113376617,3281.502351164818,3078.5315483808517,3322.099819779396,3224.568832665682
2200.0,3243.463933467865,3280.9625566005707,3054.157644510269,3318.605124950409,3224.2973148822784
3000.0,3268.0774480104446,3275.175020098686,3059.980943799019,3302.5818318128586,3226.453810930252
3000.0,3321.211338043213,3274.543359875679,3075.73065161705,3296.74132168293,3242.056667804718
2600.0,3331.611379981041,3276.996463537216,3085.4561179876328,3294.493854045868,3247.1394538879395
3500.0,3372.538983821869,3279.0105789899826,3070.7618594169617,3294.3257689476013,3254.1592977941036
2500.0,3361.1152321100235,3289.0672981739044,3071.6948211193085,3304.8035949468613,3256.6702365875244
3999.9999999999995,3359.04523730278,3279.6742022037506,3082.4030935764313,3296.835422515869,3254.489488899708
3500.0,3370.5201745033264,3295.0052618980408,3082.8532576560974,3307.1263879537582,3263.8762705028057
3000.0,3353.5802364349365,3299.0214228630066,3083.062246441841,3310.2791011333466,3261.4857517182827
3000.0,3326.4490216970444,3288.789913058281,3089.3247574567795,3311.4510029554367,3254.0036737918854
3000.0,3342.6466584205627,3288.063257932663,3066.8391287326813,3310.544639825821,3252.023421227932
3000.0,3376.646786928177,3281.4594358205795,3071.555346250534,3303.6576211452484,3258.3297975361347
3000.0,3375.978469848633,3277.302235364914,3065.977245569229,3301.731124520302,3255.2472688257694
2500.0,3338.415026664734,3270.2359557151794,3069.681152701378,3301.44926905632,3244.945351034403
3400.0,3369.016572833061,3253.0054450035095,3069.4591999053955,3290.7629013061523,3245.5610297620296
3500.0,3391.953706741333,3258.59896838665,3064.1017109155655,3298.279345035553,3253.2334327697754
2400.0,3368.1730180978775,3262.864574790001,3078.5011500120163,3311.340808868408,3255.2198879420757
2500.0,3323.9999413490295,3250.0652968883514,3104.1841953992844,3302.762657403946,3245.253022760153
3999.9999999999995,3351.897820830345,3243.817985057831,3095.7861989736557,3288.777396082878,3245.0698502361774
2500.0,3368.520811200142,3261.6157829761505,3098.270148038864,3298.390880227089,3256.6994056105614
3000.0,3331.1091363430023,3252.3563504219055,3080.519512295723,3293.8288897275925,3239.453472197056
3000.0,3269.423693418503,3248.6191391944885,3080.0235271453857,3295.9453761577606,3223.5029339790344
2600.0,3266.0190761089325,3245.0661063194275,3083.8436633348465,3294.828236103058,3222.439270466566
2400.0,3277.4535566568375,3237.7877086400986,3087.645024061203,3291.119858622551,3223.5015369951725
3999.9999999999995,3295.676037669182,3233.0272346735,3081.4962834119797,3283.2015305757523,3223.3502715826035
3000.0,3339.308872818947,3250.174820423126,3094.6634709835052,3298.240676522255,3245.5969601869583
3000.0,3377.433568239212,3251.6752928495407,3098.1726944446564,3300.657793879509,3256.9848373532295
3999.9999999999995,3377.010002732277,3261.159360408783,3094.4106727838516,3298.697993159294,3257.8195072710514
3000.0,3361.9943261146545,3271.721675992012,3096.6024845838547,3308.243080973625,3259.6403919160366
3999.9999999999995,3320.651426911354,3267.434388399124,3098.9402532577515,3306.1283826828003,3248.2886128127575
2500.0,3314.2485469579697,3274.72485601902,3097.2522497177124,3315.100148320198,3250.331450253725
3200.0,3295.343443751335,3265.915587544441,3083.873391151428,3311.8531107902527,3239.2463833093643
3600.0,3248.870372772217,3265.8856362104416,3094.0818786621094,3311.554491519928,3230.098094791174
3000.0,3260.677456855774,3269.5041596889496,3106.515258550644,3312.9481226205826,3237.4112494289875
3999.9999999999995,3290.851190686226,3273.938298225403,3092.3493951559067,3310.7462525367737,3241.9712841510773
1999.9999999999998,3335.001692175865,3293.215110898018,3081.3898891210556,3320.1491832733154,3257.4389688670635
3000.0,3396.0047364234924,3281.5933227539062,3060.6872588396072,3304.7550916671753,3260.7601024210453
3500.0,3355.8089286088943,3281.6988229751587,3065.4890835285187,3291.981965303421,3248.744700103998
3500.0,3366.6135370731354,3283.6762815713882,3073.360025882721,3297.7914065122604,3255.3603127598763
3000.0,3316.117152571678,3288.2706820964813,3085.576817393303,3303.741216659546,3248.426467180252
3400.0,3312.118873000145,3288.1993800401688,3071.364015340805,3309.1534674167633,3245.2089339494705
3000.0,3287.2478663921356,3291.558399796486,3078.523725271225,3315.1768147945404,3243.1267015635967
2500.0,3260.91930270195,3275.2452045679092,3097.025603055954,3314.0598982572556,3236.812502145767
2500.0,3348.526507616043,3271.092474460602,3065.357655286789,3311.154395341873,3249.0327581763268
3500.0,3317.255973815918,3268.3411985635757,3076.35560631752,3298.218548297882,3240.042831748724
3500.0,3354.70587015152,3277.2282510995865,3088.7795984745026,3301.7849922180176,3255.6246779859066
3000.0,3382.5869858264923,3283.451423048973,3082.8718096017838,3317.7387714385986,3266.662247478962
3000.0,3320.305645465851,3281.83650970459,3091.3813412189484,3316.7539536952972,3252.5693625211716
4400.0,3350.774645805359,3282.2801917791367,3090.5435979366302,3305.9383928775787,3257.384207099676
3000.0,3385.8633041381836,3290.3987914323807,3077.5753408670425,3324.6535062789917,3269.6227356791496
2200.0,3342.133015394211,3286.8562638759613,3082.456961274147,3319.12100315094,3257.641810923815
3000.0,3327.210545539856,3267.5950974226,3087.0582908391953,3301.406353712082,3245.8175718784332
3000.0,3313.385546207428,3260.7217133045197,3093.50922703743,3294.1563427448273,3240.443207323551
3000.0,3300.291672348976,3258.162885904312,3089.861422777176,3292.4969494342804,3235.203232616186
2500.0,3278.687372803688,3264.6312564611435,3076.660707592964,3298.9999651908875,3229.744825512171
3000.0,3302.5027066469193,3269.5911079645157,3079.075813293457,3294.7097718715668,3236.4698499441147
2500.0,3290.55592417717,3270.220085978508,3099.1966277360916,3290.131688117981,3237.5260815024376
3999.9999999999995,3299.025446176529,3260.7898861169815,3103.584945201874,3279.820829629898,3235.8052767813206
3000.0,3322.77774810791,3269.110321998596,3099.6432155370712,3290.6460016965866,3245.544321835041
3000.0,3276.772052049637,3274.4264602661133,3088.860511779785,3298.3428239822388,3234.6004620194435
1999.9999999999998,3224.894106388092,3279.879167675972,3079.9464136362076,3298.8374680280685,3220.889288932085
3500.0,3250.715509057045,3269.6447521448135,3039.7841334342957,3287.685289978981,3211.957421153784
3999.9999999999995,3257.1065425872803,3265.126347541809,3065.475672483444,3292.6493883132935,3220.0894877314568
3999.9999999999995,3255.447596311569,3262.711688876152,3111.7312610149384,3304.535150527954,3233.6064241826534
3200.0,3320.7835257053375,3278.0639827251434,3101.254552602768,3318.8190311193466,3254.730273038149
5000.0,3290.579169988632,3281.698375940323,3090.084493160248,3323.5055208206177,3246.466889977455
3000.0,3283.977136015892,3290.5029505491257,3102.458640933037,3333.3170413970947,3252.5639422237873
2400.0,3292.6809042692184,3278.5530388355255,3105.582520365715,3326.0755240917206,3250.722996890545
3999.9999999999995,3359.1601252555847,3267.483115196228,3074.6211111545563,3313.4181797504425,3253.670632839203
3000.0,3420.8766371011734,3279.798701405525,3074.5891481637955,3316.2255585193634,3272.8725112974644
2400.0,3328.741416335106,3276.711478829384,3075.905218720436,3312.784731388092,3248.5357113182545
3000.0,3308.233693242073,3269.7871327400208,3065.3243511915207,3301.0735362768173,3236.104678362608
3000.0,3328.605517745018,3269.2446559667587,3063.5565519332886,3301.897644996643,3240.826092660427
3999.9999999999995,3322.620838880539,3267.654776573181,3075.958415865898,3304.6741783618927,3242.7270524203777
2600.0,3340.7507836818695,3279.5704901218414,3106.526881456375,3313.3403956890106,3260.047137737274
3000.0,3353.743404150009,3274.9635726213455,3089.9300426244736,3314.9544149637222,3258.3978585898876
3000.0,3296.761214733124,3271.8495279550552,3155.406564474106,3324.7793465852737,3262.1991634368896
3999.9999999999995,3295.469954609871,3270.8774507045746,3156.11869096756,3332.11787045002,3263.6459916830063
3500.0,3338.1036669015884,3285.5714857578278,3152.451664209366,3345.7231521606445,3280.4624922573566
3500.0,3303.4472912549973,3288.3766293525696,3116.7427450418472,3351.8627285957336,3265.107348561287
3000.0,3353.077992796898,3298.708498477936,3096.7535823583603,3361.281305551529,3277.4553447961807
3000.0,3384.936824440956,3292.926102876663,3083.525151014328,3356.8060398101807,3279.548529535532
3999.9999999999995,3395.259529352188,3299.3213832378387,3065.767362713814,3352.142572402954,3278.1227119266987
3500.0,3398.003429174423,3305.043876171112,3096.2086468935013,3355.1249653100967,3288.5952293872833
3600.0,3427.2370487451553,3310.251608490944,3094.3720042705536,3354.581370949745,3296.6105081140995
2400.0,3370.5150336027145,3316.0223811864853,3075.0252306461334,3354.528397321701,3279.0227606892586
3000.0,3407.8075736761093,3305.5103570222855,3036.597892642021,3344.690278172493,3273.6515253782272
3999.9999999999995,3400.649204850197,3303.7345111370087,3034.195750951767,3341.1508798599243,3269.932586699724
3000.0,3423.19518327713,3316.7271316051483,3069.462552666664,3348.7171679735184,3289.5255088806152
3999.9999999999995,3400.1145511865616,3308.982700109482,3069.4203078746796,3348.8932996988297,3281.852714717388
2500.0,3432.6405823230743,3320.9502696990967,3073.452338576317,3355.7510375976562,3295.698557049036
3000.0,3396.688476204872,3309.980034828186,3046.831637620926,3342.7219837903976,3274.0555331110954
3000.0,3417.166694998741,3301.188424229622,3055.8136850595474,3340.155780315399,3278.5811461508274
2500.0,3442.169576883316,3298.1273531913757,3059.561848640442,3339.2681926488876,3284.7817428410053
1999.9999999999998,3402.5736898183823,3291.0237461328506,3045.649230480194,3328.2461017370224,3266.8731920421124
3000.0,3455.74289560318,3272.886648774147,3035.2114140987396,3313.07016313076,3269.2277804017067
3200.0,3414.587303996086,3257.3890686035156,3077.6260793209076,3310.5455338954926,3265.0369964540005
3000.0,3416.73843562603,3251.0391622781754,3114.052712917328,3315.0165528059006,3274.2117159068584
3999.9999999999995,3415.14453291893,3236.490413546562,3119.6587532758713,3313.6962354183197,3271.247483789921
3500.0,3475.789725780487,3254.4171810150146,3129.5469403266907,3329.3375372886658,3297.2728461027145
3500.0,3406.8354964256287,3269.515559077263,3111.6630882024765,3330.884501338005,3279.7246612608433
3000.0,3383.1509202718735,3265.1343941688538,3100.8808314800262,3349.0703254938126,3274.5591178536415
3999.9999999999995,3346.9871431589127,3257.9203695058823,3084.3613296747208,3347.4180847406387,3259.1717317700386
3999.9999999999995,3374.030292034149,3264.9848610162735,3085.4134261608124,3355.000466108322,3269.8572613298893
5000.0,3398.255780339241,3285.6756448745728,3084.2258781194687,3361.3868057727814,3282.386027276516
3000.0,3403.768390417099,3309.3854784965515,3084.5005810260773,3374.895304441452,3293.137438595295
3000.0,3335.4880660772324,3303.181305527687,3064.512759447098,3370.5711364746094,3268.4383168816566
3000.0,3372.7233856916428,3302.139490842819,3044.227436184883,3361.4467084407806,3270.1342552900314
3000.0,3363.9881014823914,3292.7095144987106,3049.22953248024,3348.4333008527756,3263.5901123285294
3000.0,3404.605910181999,3287.1995866298676,3052.6694655418396,3349.4339883327484,3273.4772376716137
3200.0,3374.4585514068604,3290.073126554489,3067.26336479187,3347.4482595920563,3269.810825586319
3500.0,3362.104967236519,3290.7289266586304,3093.6330556869507,3346.2511003017426,3273.1795124709606
3500.0,3390.0656551122665,3298.9653199911118,3113.6588752269745,3355.7087928056717,3289.599660784006
3500.0,3303.2414317131042,3303.034007549286,3096.97687625885,3356.7090332508087,3264.9903371930122
3400.0,3304.3156564235687,3311.1876994371414,3077.4986743927,3354.439437389374,3261.860366910696
3000.0,3360.617011785507,3324.7333019971848,3071.6709047555923,3358.7761223316193,3278.949335217476
3000.0,3364.991247653961,3325.2274990081787,3079.0328979492188,3354.814499616623,3281.0165360569954
3000.0,3348.5104143619537,3316.8739825487137,3074.2033571004868,3345.4611897468567,3271.2622359395027
2500.0,3376.263678073883,3313.8542622327805,3074.442744255066,3334.6467465162277,3274.8018577694893
3000.0,3437.317907810211,3307.16036260128,3059.069663286209,3330.356329679489,3283.4760658442974
2600.0,3359.3369275331497,3297.6923882961273,3072.2397565841675,3325.018286705017,3263.5718397796154
3999.9999999999995,3395.6509083509445,3291.2474870681763,3066.793978214264,3321.8394219875336,3268.8829489052296
2200.0,3388.6221796274185,3301.8679171800613,3082.3834240436554,3331.9951593875885,3276.217170059681
3500.0,3404.88038957119,3293.949142098427,3065.148666501045,3325.705826282501,3272.421006113291
3000.0,3404.0699154138565,3288.249224424362,3087.928891181946,3326.8477767705917,3276.773951947689
3999.9999999999995,3442.6461160182953,3289.8717373609543,3080.5519223213196,3334.4659209251404,3286.8839241564274
2400.0,3368.7957376241684,3301.330804824829,3096.2102115154266,3342.745006084442,3277.2704400122166
2500.0,3391.1678194999695,3289.5268499851227,3079.7215551137924,3333.137109875679,3273.388333618641
3000.0,3413.347229361534,3275.52929520607,3069.9455738067627,3322.715163230896,3270.3843154013157
2600.0,3418.387547135353,3270.9579169750214,3086.7545306682587,3320.157676935196,3274.0644179284573
3999.9999999999995,3439.0971064567566,3265.528678894043,3087.2413516044617,3317.384272813797,3277.3128524422646
2500.0,3398.108258843422,3279.816135764122,3104.630559682846,3332.420736551285,3278.7439227104187
3000.0,3424.4070947170258,3271.811753511429,3082.1947753429413,3323.9129930734634,3275.581654161215
3000.0,3427.8666973114014,3273.128494620323,3075.057864189148,3326.1915296316147,3275.561146438122
3500.0,3429.7236800193787,3269.960582256317,3091.6430801153183,3325.4577219486237,3279.1962660849094
3999.9999999999995,3446.364775300026,3272.1979916095734,3115.7299876213074,3340.117782354355,3293.6026342213154
3400.0,3333.480879664421,3276.6857743263245,3116.79907143116,3352.060317993164,3269.7565108537674
2500.0,3387.017548084259,3280.358165502548,3112.548217177391,3360.1317554712296,3285.013921558857
2500.0,3376.4923363924026,3271.9556987285614,3097.3707139492035,3349.4840562343597,3273.825701326132
3000.0,3382.2613209486008,3265.398144721985,3089.413270354271,3334.8852396011353,3267.989493906498
3000.0,3436.392992734909,3270.634710788727,3086.5247547626495,3328.804224729538,3280.589170753956
3000.0,3409.2798829078674,3278.2182097434998,3079.38314974308,3327.96648144722,3273.711930960417
2500.0,3460.202068090439,3288.1642878055573,3081.091493368149,3326.3712376356125,3288.9572717249393
3000.0,3452.688977122307,3282.337859272957,3073.5189467668533,3322.218507528305,3282.6910726726055
2400.0,3430.176302790642,3277.934342622757,3079.882264137268,3317.9694414138794,3276.4905877411366
3000.0,3438.645601272583,3268.5332000255585,3069.041892886162,3309.2835545539856,3271.376062184572
1999.9999999999998,3451.9989788532257,3263.5974884033203,3082.9406529664993,3315.429165959358,3278.491571545601
3000.0,3397.0286697149277,3242.732360959053,3057.640716433525,3299.6374368667603,3249.2597959935665
3500.0,3398.7727761268616,3238.0755990743637,3064.9973452091217,3293.692320585251,3248.8845102488995
3000.0,3413.912281394005,3242.134004831314,3069.5106089115143,3300.2910017967224,3256.461974233389
3999.9999999999995,3391.800820827484,3242.446929216385,3070.7839876413345,3305.673748254776,3252.676371484995
3000.0,3397.015929222107,3253.186270594597,3109.0886145830154,3323.2511579990387,3270.6354930996895
3000.0,3329.075127840042,3247.01227247715,3106.312081217766,3326.447904109955,3252.211846411228
2500.0,3332.473710179329,3248.0744272470474,3098.544180393219,3327.4398744106293,3251.633048057556
3000.0,3371.1639046669006,3247.854933142662,3071.158155798912,3327.0692825317383,3254.3115690350533
3500.0,3402.8564393520355,3248.2872158288956,3074.6443569660187,3321.794718503952,3261.8956826627254
1999.9999999999998,3419.4568544626236,3259.3151181936264,3075.335919857025,3334.169089794159,3272.0692455768585
2500.0,3379.6294033527374,3243.231028318405,3053.6071211099625,3320.7370340824127,3249.3011467158794
3500.0,3370.481953024864,3230.6841015815735,3056.1042577028275,3308.798298239708,3241.5171526372433
3000.0,3400.9480476379395,3240.0718331336975,3083.905577659607,3316.5358006954193,3260.365314781666
3999.9999999999995,3356.989771127701,3243.417665362358,3093.6267971992493,3314.1837269067764,3252.054490149021
2500.0,3341.7199552059174,3262.6721262931824,3102.6750057935715,3324.3227005004883,3257.84744694829
3200.0,3316.5626227855682,3259.059190750122,3075.8245289325714,3320.3554898500443,3242.9504580795765
1999.9999999999998,3325.844630599022,3260.764852166176,3080.2251398563385,3324.9150216579437,3247.93741106987
2200.0,3325.9494602680206,3244.194835424423,3066.4490908384323,3309.413194656372,3236.501645296812
1999.9999999999998,3291.894793510437,3227.2224873304367,3069.930374622345,3294.829800724983,3220.9693640470505
3999.9999999999995,3328.331708908081,3199.9560445547104,3074.2131918668747,3276.166319847107,3219.6668162941933
3999.9999999999995,3365.6126260757446,3215.0132954120636,3121.649846434593,3293.209746479988,3248.8713786005974
3000.0,3330.5371552705765,3244.159519672394,3131.968080997467,3314.574211835861,3255.3097419440746
3500.0,3310.060054063797,3252.6089251041412,3111.2616509199142,3330.194056034088,3251.031171530485
3999.9999999999995,3292.4654334783554,3261.527717113495,3104.819655418396,3336.6306871175766,3248.8608732819557
3999.9999999999995,3329.242318868637,3275.9499549865723,3102.2581458091736,3344.625234603882,3263.018913567066
1999.9999999999998,3313.896059989929,3286.5451276302338,3096.960112452507,3358.048126101494,3263.862356543541
3000.0,3306.282162666321,3271.99324965477,3058.4608018398285,3343.2282507419586,3244.9911162257195
3500.0,3271.366059780121,3269.3950831890106,3056.3056468963623,3334.397077560425,3232.8659668564796
3999.9999999999995,3295.085057616234,3272.671401500702,3078.3887207508087,3336.3407850265503,3245.6214912235737
3000.0,3294.4104820489883,3283.851519227028,3097.577467560768,3345.3545719385147,3255.2985101938248
3999.9999999999995,3252.848759293556,3287.079334259033,3083.748444914818,3348.306342959404,3242.995720356703
3000.0,3298.075497150421,3313.7597143650055,3090.519458055496,3356.7899465560913,3264.7861540317535
3000.0,3294.246420264244,3314.000889658928,3086.792752146721,3345.789983868599,3260.207511484623
2500.0,3349.640518426895,3305.2707463502884,3071.794956922531,3341.4584398269653,3267.04116538167
2500.0,3321.852833032608,3284.6231013536453,3066.4582550525665,3330.4229378700256,3250.8392818272114
2500.0,3338.645249605179,3274.839073419571,3055.2376806735992,3322.504609823227,3247.806653380394
2400.0,3370.5440908670425,3275.9200036525726,3032.9471826553345,3309.3850314617157,3247.1990771591663
3400.0,3371.2226897478104,3265.0818675756454,3026.4070630073547,3298.575282096863,3240.3217256069183
2600.0,3407.53935277462,3266.4044201374054,3074.951246380806,3307.221606373787,3264.0291564166546
3000.0,3414.348363876343,3251.439705491066,3091.4580076932907,3306.143134832382,3265.8473029732704
2500.0,3413.75894844532,3252.4625211954117,3094.4133549928665,3312.2366666793823,3268.217872828245
3000.0,3452.736586332321,3240.10893702507,3090.069741010666,3312.0379596948624,3273.73830601573
3800.0,3425.820618867874,3231.377676129341,3092.310279607773,3305.4236322641373,3263.7330517172813
3000.0,3464.0751779079437,3242.1912252902985,3093.585893511772,3310.229703783989,3277.520500123501
3500.0,3452.0363062620163,3236.372172832489,3087.3629450798035,3316.9010281562805,3273.1681130826473
3000.0,3417.2333031892776,3239.905759692192,3096.125051379204,3336.9552344083786,3272.554837167263
3500.0,3333.7171375751495,3232.7116280794144,3093.1026488542557,3337.908089160919,3249.3598759174347
3500.0,3372.349664568901,3251.224011182785,3088.7483060359955,3336.6121351718903,3262.233529239893
2500.0,3375.8550882339478,3262.0207965373993,3075.801730155945,3336.791843175888,3262.617364525795
3999.9999999999995,3383.1672370433807,3257.422149181366,3049.7098714113235,3326.8459886312485,3254.2863115668297
3000.0,3410.7157588005066,3275.519013404846,3065.919801592827,3334.2940360307693,3271.6121524572372
3000.0,3390.3370052576065,3279.106467962265,3057.6228350400925,3332.4985206127167,3264.89120721817
3999.9999999999995,3358.6563169956207,3271.2768763303757,3052.4294078350067,3334.8579704761505,3254.3051429092884
3000.0,3337.9237353801727,3280.981108546257,3083.6503207683563,3340.958207845688,3260.8783431351185
3000.0,3332.212418317795,3276.5954732894897,3084.6042931079865,3338.0531519651413,3257.866334170103
3500.0,3329.7861367464066,3274.679481983185,3072.853311896324,3333.568051457405,3252.72174552083
2600.0,3333.0126106739044,3284.1432094573975,3071.383908390999,3335.614800453186,3256.0386322438717
2200.0,3362.405151128769,3289.7351682186127,3052.0306527614594,3331.7171037197113,3258.972018957138
3000.0,3354.683741927147,3281.5349847078323,3038.0862951278687,3319.4924890995026,3248.4493777155876
3000.0,3374.4337409734726,3268.761858344078,3063.8641119003296,3319.3472027778625,3256.6017284989357
3000.0,3374.1594851017,3268.2187110185623,3075.85671544075,3315.4553174972534,3258.4225572645664
3000.0,3398.633748292923,3268.332928419113,3078.6222964525223,3317.4873143434525,3265.7690718770027
3400.0,3413.5620296001434,3262.3328268527985,3083.87853205204,3317.369967699051,3269.285839051008
3500.0,3445.948138833046,3268.595114350319,3098.8841503858566,3327.4827897548676,3285.2275483310223
3000.0,3418.2237088680267,3270.4536616802216,3109.4931811094284,3333.2595974206924,3282.8575372695923
5000.0,3413.081020116806,3275.5328714847565,3087.780475616455,3331.8492025136948,3277.060892432928
3999.9999999999995,3386.1006796360016,3291.051685810089,3097.3421037197113,3343.0738002061844,3279.3920673429966
3200.0,3367.6734566688538,3300.2018183469772,3093.384951353073,3351.854234933853,3278.2786153256893
3000.0,3353.43137383461,3297.474682331085,3080.7725340127945,3356.131911277771,3271.952625364065
4600.0,3348.306566476822,3289.123624563217,3086.6432189941406,3355.1882207393646,3269.815407693386
2400.0,3378.835916519165,3302.2139221429825,3106.505870819092,3369.7955310344696,3289.3378101289272
3000.0,3301.9282668828964,3291.7986810207367,3074.6570974588394,3355.221748352051,3255.901448428631
4500.0,3346.5615659952164,3294.091299176216,3069.9151754379272,3341.893181204796,3263.115305453539
3000.0,3356.5275371074677,3308.8014274835587,3094.446435570717,3348.4692871570587,3277.0611718297005
3000.0,3336.9992673397064,3313.608393073082,3071.0097402334213,3347.5110679864883,3267.2821171581745
3000.0,3315.2496814727783,3313.8084411621094,3051.2767285108566,3344.8031544685364,3256.28450140357
2500.0,3331.89457654953,3318.401947617531,3035.75836122036,3341.1115407943726,3256.7916065454483
2500.0,3319.3860948085785,3307.1623742580414,3034.832775592804,3326.1213451623917,3246.875647455454
3999.9999999999995,3363.9074116945267,3298.332542181015,3044.152334332466,3315.9850537776947,3255.5943354964256
4600.0,3394.285663962364,3309.1116696596146,3072.54396378994,3321.2395012378693,3274.295199662447
3999.9999999999995,3374.970853328705,3318.1706070899963,3094.158321619034,3342.762440443039,3282.5155556201935
2500.0,3300.6685227155685,3320.956528186798,3096.5910851955414,3349.493443965912,3266.927395015955
3000.0,3366.4997667074203,3304.7063648700714,3067.9629743099213,3343.54966878891,3270.6796936690807
3000.0,3387.813940644264,3293.2381331920624,3063.6486411094666,3332.8570425510406,3269.3894393742085
3999.9999999999995,3408.583626151085,3289.855644106865,3055.311441421509,3328.8967609405518,3270.6618681550026
2500.0,3374.5989203453064,3301.8453419208527,3075.9861320257187,3335.800990462303,3272.057846188545
3000.0,3401.9730985164642,3291.901722550392,3061.0359460115433,3324.776664376259,3269.9218578636646
3200.0,3377.82584130764,3284.2466980218887,3058.6031824350357,3323.246017098427,3260.980434715748
3000.0,3412.5441312789917,3288.937658071518,3059.293180704117,3328.4083753824234,3272.2958363592625
3500.0,3406.0312807559967,3283.463940024376,3073.0627477169037,3323.6820995807648,3271.5600170195103
2400.0,3384.423181414604,3279.227614402771,3093.859925866127,3335.5244994163513,3273.2588052749634
3000.0,3332.255333662033,3258.807733654976,3084.9263817071915,3326.357379555702,3250.5867071449757
3999.9999999999995,3371.061086654663,3258.9346915483475,3089.689537882805,3322.9172229766846,3260.650634765625
3999.9999999999995,3385.2052688598633,3277.4358987808228,3099.01624917984,3326.2483030557632,3271.9764299690723
3400.0,3338.0936086177826,3285.5766266584396,3103.7910282611847,3337.801694869995,3266.3157396018505
2200.0,3311.154618859291,3289.1669869422913,3098.197504878044,3347.1740037202835,3261.4232785999775
3000.0,3289.221301674843,3276.878669857979,3083.989843726158,3335.149884223938,3246.3099248707294
2500.0,3317.0749247074127,3272.658661007881,3089.5614624023438,3333.386331796646,3253.170344978571
3000.0,3364.4134551286697,3275.9951055049896,3081.318810582161,3325.2154290676117,3261.735700070858
2400.0,3384.714648127556,3280.1243662834167,3093.5387313365936,3316.539376974106,3268.729280680418
2500.0,3440.0001168251038,3275.323212146759,3076.9184231758118,3308.6009323596954,3275.2106711268425
3999.9999999999995,3425.331562757492,3265.167698264122,3074.0801990032196,3301.502913236618,3266.520593315363
3800.0,3404.7114104032516,3288.2679998874664,3084.7755074501038,3313.4689182043076,3272.8059589862823
2500.0,3377.3211389780045,3302.583619952202,3094.6294963359833,3329.0567994117737,3275.897763669491
3000.0,3401.845470070839,3296.8946546316147,3081.5034359693527,3328.2675594091415,3277.127780020237
3000.0,3384.936600923538,3286.917731165886,3080.792874097824,3318.1071281433105,3267.6885835826397
3500.0,3368.5315400362015,3281.944692134857,3072.3991245031357,3320.021778345108,3260.7242837548256
4500.0,3363.2842451334,3285.486549139023,3084.7466737031937,3322.995901107788,3264.128342270851
2500.0,3345.3986048698425,3303.98753285408,3095.0067937374115,3339.0627801418304,3270.863927900791
2200.0,3351.650834083557,3297.3387837409973,3064.8746341466904,3338.3721113204956,3263.059090822935
2500.0,3318.1974291801453,3282.2171598672867,3051.939010620117,3325.1333981752396,3244.371749460697
2500.0,3317.7457004785538,3264.0521228313446,3066.7689442634583,3315.795287489891,3241.090513765812
3000.0,3379.174768924713,3254.4413208961487,3078.4468352794647,3304.1024208068848,3254.041336476803
3000.0,3395.2993154525757,3255.797401070595,3097.4147468805313,3304.004743695259,3263.12905177474
3500.0,3404.6387672424316,3257.095143198967,3101.23510658741,3310.709148645401,3268.4195414185524
3000.0,3360.5343103408813,3263.038247823715,3105.766698718071,3314.8933947086334,3261.0581628978252
3999.9999999999995,3348.991647362709,3264.9781554937363,3091.105967760086,3318.2289451360703,3255.8261789381504
3000.0,3389.3756568431854,3283.245787024498,3104.9294024705887,3330.1283419132233,3276.919797062874
5000.0,3325.9879052639008,3282.5153321027756,3097.290024161339,3328.97812128067,3258.6928457021713
3000.0,3277.3102819919586,3296.3769882917404,3106.403946876526,3341.006487607956,3255.274426192045
3500.0,3262.3596489429474,3293.185606598854,3089.3882364034653,3339.258134365082,3246.047906577587
3500.0,3308.473974466324,3288.6068522930145,3088.992163538933,3339.5683765411377,3256.410341709852
3400.0,3353.836163878441,3295.695036649704,3080.536723136902,3343.5963839292526,3268.416076898575
3000.0,3298.2446998357773,3302.621841430664,3076.3500183820724,3348.093330860138,3256.327472627163
3000.0,3281.4236730337143,3293.963000178337,3081.144466996193,3340.3415232896805,3249.218165874481
3999.9999999999995,3339.6604657173157,3295.8052307367325,3079.7823518514633,3328.5677433013916,3260.9539479017258
3000.0,3357.395902276039,3302.142843604088,3089.1481786966324,3337.63986825943,3271.5816982090473
3000.0,3351.8823981285095,3306.7823946475983,3076.1030316352844,3344.492018222809,3269.8149606585503
2200.0,3319.597765803337,3303.38291823864,3081.7564576864243,3340.141475200653,3261.2196542322636
3000.0,3340.269774198532,3299.2717623710632,3050.8024245500565,3327.339291572571,3254.4208131730556
3999.9999999999995,3361.8684858083725,3304.637521505356,3047.6130545139313,3315.040245652199,3257.2898268699646
3200.0,3395.806923508644,3317.617177963257,3060.5922639369965,3324.696868658066,3274.678308516741
1999.9999999999998,3391.6671574115753,3312.9729330539703,3070.6650763750076,3331.8498730659485,3276.7887599766254
3000.0,3420.5657243728638,3287.4613255262375,3060.508891940117,3314.890041947365,3270.8564959466457
2600.0,3429.606556892395,3276.25572681427,3066.2157386541367,3306.9701492786407,3269.7620429098606
2400.0,3441.3065761327744,3264.053910970688,3066.576272249222,3301.807790994644,3268.436137586832
3000.0,3435.5829656124115,3253.893703222275,3056.39885365963,3295.6241816282272,3260.374926030636
3999.9999999999995,3465.205952525139,3255.1297545433044,3057.340532541275,3296.3959872722626,3268.518056720495
3000.0,3472.161144018173,3263.559713959694,3085.99054813385,3309.4458281993866,3282.789308577776
2600.0,3433.742970228195,3266.42207801342,3081.0675770044327,3308.1136643886566,3272.336572408676
3500.0,3396.1719274520874,3244.3852722644806,3068.7502026557922,3312.051370739937,3255.3396932780743
3000.0,3382.207229733467,3240.4962927103043,3081.5358459949493,3326.696678996086,3257.7340118587017
3000.0,3342.9940044879913,3236.3516092300415,3084.12529528141,3327.223062515259,3247.6734928786755
3000.0,3357.7483892440796,3239.935487508774,3074.532151222229,3322.977125644684,3248.7982884049416
2500.0,3356.0550212860107,3239.509016275406,3065.6980723142624,3318.26850771904,3244.8826543986797
3500.0,3344.815671443939,3231.5661013126373,3057.7775090932846,3305.579423904419,3234.93467643857
3000.0,3365.660011768341,3242.5519824028015,3071.964383125305,3314.9342983961105,3248.7776689231396
3000.0,3270.731046795845,3243.0658489465714,3085.596039891243,3311.8553459644318,3227.812070399523
3000.0,3252.445086836815,3239.3836230039597,3078.6506831645966,3313.850462436676,3221.082463860512
2500.0,3276.7678052186966,3242.1641796827316,3075.56614279747,3310.791403055191,3226.3223826885223
3000.0,3305.310979485512,3236.0398024320602,3069.8364973068237,3308.1449568271637,3229.83305901289
3500.0,3331.487998366356,3244.3609088659286,3079.346716403961,3310.451880097389,3241.4118759334087
2500.0,3301.2349158525467,3249.4553178548813,3099.8781323432922,3313.3169263601303,3240.9713231027126
3500.0,3260.1597905158997,3236.142173409462,3081.4028531312943,3305.305168032646,3220.7524962723255
2500.0,3333.361968398094,3247.869461774826,3085.585758090019,3311.7851614952087,3244.650587439537
3999.9999999999995,3356.383368372917,3241.0778850317,3070.850372314453,3306.5492659807205,3243.7152229249477
2500.0,3393.88445019722,3260.180354118347,3093.496486544609,3320.65612077713,3267.0543529093266
3000.0,3384.6337348222733,3259.5037668943405,3073.028102517128,3315.722644329071,3258.222062140703
3000.0,3390.396237373352,3252.24906206131,3074.205592274666,3312.9626512527466,3257.4533857405186
2500.0,3382.6278895139694,3242.884576320648,3086.468428373337,3313.64169716835,3256.405647844076
3500.0,3403.555378317833,3238.7644797563553,3074.5093524456024,3306.0631155967712,3255.7230815291405
3999.9999999999995,3435.869514942169,3248.051181435585,3085.7889354228973,3309.8745346069336,3269.8960416018963
2500.0,3430.0433099269867,3267.6252722740173,3093.8807129859924,3322.533220052719,3278.520628809929
3000.0,3410.1929515600204,3260.693773627281,3087.6537412405014,3321.9245821237564,3270.11626213789
2500.0,3374.0421384572983,3246.0158318281174,3100.2753227949142,3318.2602375745773,3259.648382663727
2500.0,3463.336005806923,3246.012032032013,3076.740950345993,3316.2662386894226,3275.588806718588
3000.0,3443.3305263519287,3239.912688732147,3082.4097990989685,3301.244303584099,3266.724329441786
3999.9999999999995,3472.2335636615753,3238.895460963249,3085.2580815553665,3302.8775453567505,3274.8161628842354
3999.9999999999995,3472.34308719635,3262.2067630290985,3097.439780831337,3315.3770864009857,3286.841679364443
3000.0,3412.1328592300415,3272.9941606521606,3110.7788532972336,3324.526995420456,3280.108217149973
3000.0,3441.0573542118073,3273.8618552684784,3085.2095782756805,3327.9481530189514,3282.0192351937294
3999.9999999999995,3406.3225239515305,3268.180713057518,3081.589490175247,3327.2767066955566,3270.842358469963
3000.0,3404.1179716587067,3272.590711712837,3093.3183431625366,3335.605412721634,3276.4081098139286
3000.0,3390.6447887420654,3270.18141746521,3084.9990248680115,3334.410935640335,3270.0590416789055
3000.0,3387.00570166111,3275.0914245843887,3076.465129852295,3324.1700381040573,3265.6830735504627
5000.0,3411.293774843216,3278.7953317165375,3054.0914833545685,3327.673003077507,3267.9633982479572
4500.0,3400.1290798187256,3301.1604845523834,3078.8442492485046,3338.184356689453,3279.5795425772667
2600.0,3348.5502004623413,3306.046575307846,3095.76652944088,3349.1452038288116,3274.8771272599697
3500.0,3383.5098892450333,3297.3477244377136,3060.673400759697,3351.3325452804565,3273.215889930725
3000.0,3340.0746434926987,3291.410654783249,3068.762943148613,3344.5919305086136,3261.2100429832935
3000.0,3360.6187999248505,3294.9216663837433,3056.9927394390106,3340.839073061943,3263.343069702387
3500.0,3376.0719001293182,3296.2171733379364,3060.765266418457,3333.0725133419037,3266.531713306904
3500.0,3371.582105755806,3303.195834159851,3060.5169385671616,3340.8258855342865,3269.0301910042763
2500.0,3294.1360026597977,3296.7712730169296,3078.2950669527054,3339.7914469242096,3252.2484473884106
3500.0,3324.6414363384247,3284.0153574943542,3069.480210542679,3329.24947142601,3251.846618950367
3400.0,3371.9272166490555,3294.5644855499268,3064.658045768738,3329.472094774246,3265.1554606854916
3999.9999999999995,3358.7971329689026,3302.21951007843,3069.157898426056,3333.8311314582825,3266.001418232918
3000.0,3380.705416202545,3311.564102768898,3090.944141149521,3338.2418006658554,3280.363865196705
3000.0,3376.738429069519,3307.4238896369934,3084.995448589325,3339.843302965164,3277.2502675652504
3000.0,3377.4420619010925,3302.232027053833,3083.4057927131653,3327.2261917591095,3272.5765183568
3999.9999999999995,3373.529613018036,3293.377384543419,3079.3628096580505,3316.119611263275,3265.597354620695
2500.0,3357.088565826416,3289.5755767822266,3084.958791732788,3327.556997537613,3264.794982969761
3999.9999999999995,3346.909359097481,3286.7150008678436,3061.264604330063,3325.3178000450134,3255.0516910851
3000.0,3328.8370817899704,3298.6481487751007,3075.532168149948,3331.2778919935226,3258.5738226771355
1999.9999999999998,3356.8033576011658,3301.7317950725555,3067.7200108766556,3328.4521847963333,3263.6768370866776
2400.0,3385.346531867981,3287.5563204288483,3050.466701388359,3308.1724494695663,3257.8855007886887
3400.0,3403.41679751873,3270.435556769371,3046.2849140167236,3293.7701046466827,3253.476843237877
3000.0,3403.4811705350876,3267.291560769081,3072.8358775377274,3301.1971414089203,3261.201437562704
1999.9999999999998,3363.242447376251,3262.927159667015,3089.941442012787,3302.3473620414734,3254.6146027743816
3000.0,3367.816060781479,3250.1220703125,3066.474571824074,3289.8326218128204,3243.5613311827183
3000.0,3364.453464746475,3243.836984038353,3082.10089802742,3283.175826072693,3243.3917932212353
2200.0,3378.6671608686447,3237.476795911789,3083.2645297050476,3288.9508455991745,3247.089833021164
3000.0,3364.60679769516,3225.8225977420807,3071.6416239738464,3285.879045724869,3236.987516283989
3000.0,3333.805873990059,3216.283544898033,3090.3710424900055,3294.001892209053,3233.6155883967876
3999.9999999999995,3322.961926460266,3216.428831219673,3104.7481298446655,3295.0184494256973,3234.7893342375755
3000.0,3376.6112476587296,3237.0525598526,3123.760297894478,3310.227692127228,3261.912949383259
2500.0,3367.604613304138,3241.5785640478134,3113.6083602905273,3314.6193623542786,3259.3527249991894
2400.0,3384.4703435897827,3237.404376268387,3085.0960314273834,3316.052556037903,3255.755826830864
3000.0,3322.6941525936127,3229.057788848877,3081.732541322708,3304.0662109851837,3234.3876734375954
2500.0,3350.30235350132,3230.6689023971558,3089.8144841194153,3303.8578927516937,3243.660908192396
3000.0,3342.37664937973,3223.928287625313,3093.109354376793,3298.833891749382,3239.5620457828045
2400.0,3325.822502374649,3231.4351201057434,3086.6604298353195,3298.5828816890717,3235.625233501196
3000.0,3329.0545642375946,3229.2602956295013,3072.5567042827606,3295.69548368454,3231.641761958599
2600.0,3373.6205846071243,3240.4379546642303,3075.975850224495,3301.8305897712708,3247.96624481678
3600.0,3341.2255346775055,3234.7626239061356,3081.8740278482437,3299.8059689998627,3239.417038857937
3500.0,3352.656662464142,3244.374543428421,3094.5101380348206,3306.4426481723785,3249.4959980249405
2500.0,3367.9774403572083,3259.158432483673,3091.123178601265,3327.4848014116287,3261.4359632134438
3999.9999999999995,3328.6209404468536,3248.213902115822,3084.551766514778,3323.952555656433,3246.3347911834717
3200.0,3343.4781432151794,3250.188007950783,3109.523355960846,3329.3502777814865,3258.1349462270737
3999.9999999999995,3331.9444209337234,3255.6018233299255,3101.6428023576736,3333.0219984054565,3255.552761256695
3000.0,3308.435082435608,3268.5519754886627,3112.8613650798798,3338.6781066656113,3257.1316324174404
3500.0,3316.7749643325806,3274.1544395685196,3097.6375937461853,3337.797448039055,3256.591111421585
2400.0,3327.4034410715103,3284.3944430351257,3084.4713002443314,3342.0386910438538,3259.5769688487053
2500.0,3381.732478737831,3277.7928560972214,3075.079098343849,3329.5628428459167,3266.0418190062046
3999.9999999999995,3399.7971564531326,3271.990343928337,3054.092600941658,3311.729058623314,3259.4022899866104
3000.0,3387.129530310631,3287.1057093143463,3068.6961114406586,3322.129100561142,3266.2651129066944
3999.9999999999995,3344.6815609931946,3282.1885496377945,3074.4047462940216,3318.3476328849792,3254.9056224524975
3200.0,3345.445543527603,3297.870308160782,3081.8505585193634,3323.3653753995895,3262.1329464018345
3000.0,3313.7197047472,3293.558210134506,3080.6073546409607,3330.1379531621933,3254.505805671215
2500.0,3301.5838265419006,3287.545144557953,3083.9017778635025,3327.1539956331253,3250.0461861491203
4600.0,3278.0691236257553,3270.6016302108765,3082.631081342697,3315.5693113803864,3236.717786639929
3000.0,3315.1111006736755,3287.4054461717606,3096.6702103614807,3336.3088220357895,3258.8738948106766
3000.0,3287.6432687044144,3288.462907075882,3085.2435529232025,3339.802846312523,3250.2881437540054
2600.0,3325.2623677253723,3294.1576838493347,3084.631785750389,3328.6942541599274,3258.186522871256
3000.0,3384.0912580490112,3288.481906056404,3080.0244212150574,3316.270485520363,3267.217017710209
3500.0,3401.8463641405106,3299.4040846824646,3072.1494555473328,3304.2872697114944,3269.4217935204506
5000.0,3382.9642832279205,3300.5844801664352,3076.953962445259,3318.563774228096,3269.7666250169277
3000.0,3312.002196907997,3307.872712612152,3096.9002097845078,3334.3684673309326,3262.7858966588974
3000.0,3291.812092065811,3295.3713834285736,3099.260777235031,3329.4808119535446,3253.98126617074
3200.0,3312.138095498085,3292.3129945993423,3082.7079713344574,3330.032229423523,3254.297822713852
3000.0,3303.2041043043137,3290.298208594322,3086.191266775131,3330.4305374622345,3252.5310292840004
3000.0,3271.6472446918488,3288.104385137558,3094.870001077652,3327.7686685323715,3245.5975748598576
2400.0,3286.1973345279694,3295.118361711502,3095.431476831436,3323.4769105911255,3250.0560209155083
3000.0,3303.3140748739243,3285.1794362068176,3088.2588028907776,3309.94114279747,3246.6733641922474
3000.0,3365.3292059898376,3291.8503135442734,3079.063519835472,3305.392563343048,3260.408900678158
3999.9999999999995,3363.9921247959137,3295.7133650779724,3087.7704173326492,3302.4635910987854,3262.48487457633
2500.0,3350.2330631017685,3304.9654215574265,3100.0663340091705,3313.9242231845856,3267.2972604632378
3000.0,3351.7641574144363,3303.3784478902817,3087.610825896263,3303.355425596237,3261.5272141993046
3999.9999999999995,3347.235918045044,3293.0702716112137,3077.111765742302,3303.782343864441,3255.30007481575
3000.0,3326.4771848917007,3297.1447706222534,3094.5322662591934,3317.384496331215,3258.8846795260906
3000.0,3307.0705085992813,3295.2164858579636,3090.4246866703033,3326.9497007131577,3254.9153454601765
1999.9999999999998,3298.1159538030624,3285.5430990457535,3102.073296904564,3326.57553255558,3253.07697057724
3000.0,3341.977223753929,3277.694955468178,3064.2827600240707,3312.784507870674,3249.184861779213
3999.9999999999995,3353.089615702629,3275.5006849765778,3086.335211992264,3303.00897359848,3254.4836215674877
3000.0,3407.5022488832474,3291.592374444008,3096.97687625885,3315.57959318161,3277.912773191929
2500.0,3379.371240735054,3292.8400486707687,3092.004954814911,3318.747505545616,3270.7409374415874
2600.0,3374.0027993917465,3281.0664921998978,3081.5675854682922,3309.3637973070145,3261.5001685917377
2500.0,3433.6236119270325,3272.322937846184,3070.3677982091904,3302.7146011590958,3269.7572372853756
3000.0,3418.584242463112,3262.1980458498,3066.079616546631,3293.2935655117035,3260.0388675928116
3500.0,3408.9329838752747,3261.875957250595,3084.418997168541,3294.026255607605,3262.313548475504
2500.0,3408.7559580802917,3271.562308073044,3090.525269508362,3302.7586340904236,3268.4005424380302
2500.0,3426.9223362207413,3265.080973505974,3076.1881917715073,3301.250785589218,3267.36057177186
3500.0,3434.9338710308075,3251.718655228615,3071.7428773641586,3290.376663208008,3262.193016707897
3999.9999999999995,3423.6017614603043,3254.062235355377,3076.3739347457886,3300.461545586586,3263.624869287014
3999.9999999999995,3430.023640394211,3262.8263533115387,3106.156289577484,3309.4368875026703,3277.110792696476
3500.0,3418.6068177223206,3275.459334254265,3096.3579565286636,3324.4724571704865,3278.724141418934
3000.0,3381.3252300024033,3273.4843343496323,3091.498911380768,3328.8656920194626,3268.7935419380665
2400.0,3375.184088945389,3265.930563211441,3067.755103111267,3326.8998563289642,3258.9424028992653
3000.0,3388.0235999822617,3255.5830478668213,3052.1437525749207,3313.699811697006,3252.3625530302525
3000.0,3378.18905711174,3248.3363896608353,3053.7401139736176,3313.8982951641083,3248.5409639775753
3000.0,3333.388790488243,3243.058919906616,3073.5526978969574,3309.71360206604,3239.928502589464
3999.9999999999995,3333.370015025139,3241.6976988315582,3075.4052102565765,3306.832015514374,3239.326234906912
3200.0,3351.687490940094,3255.000337958336,3097.4645912647247,3309.760093688965,3253.47812846303
3999.9999999999995,3312.5723898410797,3255.2457600831985,3089.330792427063,3317.265585064888,3243.6036318540573
2500.0,3243.383690714836,3252.6614516973495,3109.082579612732,3327.2016048431396,3233.0823317170143
4600.0,3257.046863436699,3252.212405204773,3078.2295763492584,3328.0612528324127,3228.8875244557858
2400.0,3236.563950777054,3270.808607339859,3097.647652029991,3343.772068619728,3237.198069691658
1999.9999999999998,3244.3170994520187,3266.4133608341217,3095.6078320741653,3332.5881510972977,3234.731610864401
3000.0,3329.6218514442444,3261.542469263077,3059.4824999570847,3310.1411908864975,3240.197002887726
3999.9999999999995,3325.1550793647766,3258.216306567192,3070.7529187202454,3301.571309566498,3238.923903554678
3999.9999999999995,3339.6562188863754,3281.298503279686,3075.147494673729,3312.2022449970245,3252.0761154592037
2500.0,3257.2831213474274,3291.1091297864914,3100.2127379179,3325.951471924782,3243.63911524415
3999.9999999999995,3287.389576435089,3278.4390449523926,3097.5204706192017,3321.0396766662598,3246.097192168236
3500.0,3326.203376054764,3296.2214201688766,3095.0794368982315,3326.149731874466,3260.9134912490845
3500.0,3378.140553832054,3297.2853630781174,3077.6073038578033,3333.5110545158386,3271.6360688209534
3000.0,3329.1544765233994,3301.8887042999268,3069.1666156053543,3343.725800514221,3260.9838992357254
3999.9999999999995,3253.7202537059784,3287.2286438941956,3080.349415540695,3337.497040629387,3239.698838442564
4500.0,3287.400081753731,3289.3268018960953,3095.8932638168335,3339.7726714611053,3253.098204731941
3000.0,3292.6583290100098,3298.630267381668,3105.129450559616,3348.216712474823,3261.1586898565292
2200.0,3309.2044293880463,3300.725966691971,3075.4445493221283,3353.044241666794,3259.604796767235
3999.9999999999995,3267.6981389522552,3290.111795067787,3063.950389623642,3334.790915250778,3239.1378097236156
3000.0,3284.4219356775284,3299.5102554559708,3083.3586305379868,3332.6932042837143,3249.9960064888
3000.0,3309.33541059494,3299.8719066381454,3081.4779549837112,3332.2180062532425,3255.72581961751
2200.0,3310.961499810219,3296.942710876465,3089.6323174238205,3327.592760324478,3256.2823221087456
3999.9999999999995,3341.0076051950455,3287.3086631298065,3071.092665195465,3314.4034445285797,3253.453094512224
3000.0,3347.771242260933,3298.988565802574,3095.1516330242157,3318.7387883663177,3265.16255736351
2600.0,3362.7672493457794,3293.0999994277954,3100.709170103073,3314.0668272972107,3267.6608115434647
3000.0,3326.7438411712646,3286.3106578588486,3080.773875117302,3310.968428850174,3251.1992007493973
3400.0,3352.3477613925934,3294.8505878448486,3077.203631401062,3307.1699738502502,3257.8929886221886
3000.0,3387.2605115175247,3304.5753836631775,3074.816018342972,3316.6153728961945,3270.816821604967
3000.0,3387.918099761009,3299.0406453609467,3086.593598127365,3313.7378096580505,3271.822538226843
3000.0,3368.3992177248,3285.7009023427963,3093.4003740549088,3311.9626343250275,3264.865782111883
3600.0,3376.830071210861,3277.9307663440704,3094.4129079580307,3312.010020017624,3265.2959413826466
3400.0,3400.878757238388,3290.12967646122,3097.7046489715576,3317.7289366722107,3276.610504835844
3000.0,3379.99664247036,3300.20472407341,3067.694306373596,3323.107436299324,3267.7507773041725
3000.0,3376.5973895788193,3296.6557145118713,3077.3739516735077,3313.64706158638,3266.0685293376446
3999.9999999999995,3392.9521590471268,3292.7504181861877,3076.019436120987,3309.8072558641434,3267.882317304611
2400.0,3412.5076979398727,3300.868347287178,3084.653690457344,3320.5781131982803,3279.651962220669
3999.9999999999995,3410.433903336525,3289.245665073395,3079.768717288971,3317.195624113083,3274.1609774529934
2400.0,3348.8716185092926,3296.332061290741,3107.962980866432,3321.661725640297,3268.7070965766907
2500.0,3374.9815821647644,3287.1584594249725,3093.387633562088,3311.7958903312683,3266.8308913707733
3500.0,3426.0401129722595,3279.6835899353027,3087.495043873787,3295.585736632347,3272.201120853424
3000.0,3384.5052123069763,3288.5967940092087,3084.13065969944,3308.4071427583694,3266.4099521934986
3500.0,3355.656936764717,3280.9672504663467,3091.8075889348984,3308.4355294704437,3259.2168264091015
2400.0,3382.2454512119293,3286.748081445694,3093.598186969757,3314.586728811264,3269.294612109661
3000.0,3383.789286017418,3275.029733777046,3112.5544756650925,3303.3201098442078,3268.673401325941
3000.0,3383.525311946869,3274.969607591629,3097.7290123701096,3306.557759642601,3265.695422887802
3000.0,3398.371562361717,3281.7111164331436,3105.0098687410355,3301.9649237394333,3271.7643678188324
3000.0,3382.231369614601,3283.7770879268646,3107.1943044662476,3295.8338409662247,3267.2591507434845
3200.0,3405.090719461441,3289.688006043434,3082.249090075493,3295.881226658821,3268.2272605597973
2500.0,3337.751179933548,3282.369151711464,3093.7398970127106,3300.085589289665,3253.486454486847
3500.0,3313.2436126470566,3263.274058699608,3098.7486988306046,3292.071372270584,3241.8344356119633
3999.9999999999995,3336.433097720146,3264.9701088666916,3097.963035106659,3305.0255477428436,3251.097947359085
3000.0,3300.9007573127747,3276.7707109451294,3119.5279955863953,3314.511626958847,3252.9277727007866
3000.0,3303.7910610437393,3283.8012278079987,3117.2190606594086,3307.2414994239807,3253.013212233782
3000.0,3336.186334490776,3270.5582678318024,3106.178641319275,3305.7285100221634,3254.662938416004
3000.0,3336.787596344948,3269.9840515851974,3092.7617847919464,3302.362561225891,3250.4739984869957
2500.0,3320.653662085533,3265.3091847896576,3099.609911441803,3301.7653226852417,3246.834520250559
3000.0,3291.667252779007,3258.466422557831,3082.6299637556076,3293.7897741794586,3231.638353317976
3000.0,3320.5801248550415,3264.7492736577988,3072.604313492775,3291.366845369339,3237.3251393437386
3000.0,3285.934254527092,3258.870765566826,3080.529123544693,3295.3063398599625,3230.1601208746433
3500.0,3347.470387816429,3264.797106385231,3068.2743340730667,3298.7190037965775,3244.815208017826
3000.0,3309.542164206505,3274.1443812847137,3088.4481221437454,3302.329033613205,3243.6159253120422
3000.0,3328.97387444973,3271.2478190660477,3081.650733947754,3302.0438253879547,3245.9790632128716
2500.0,3351.529687643051,3266.042321920395,3082.3854357004166,3300.209641456604,3250.0417716801167
3000.0,3337.465077638626,3240.913599729538,3094.4129079580307,3288.647308945656,3240.3597235679626
3999.9999999999995,3370.2944219112396,3241.2587106227875,3093.872219324112,3291.0892367362976,3249.128647148609
3000.0,3382.895216345787,3259.023427963257,3097.90201485157,3305.1352947950363,3261.2389884889126
2500.0,3370.862826704979,3257.7601075172424,3100.1830101013184,3310.668468475342,3259.8686031997204
3000.0,3410.7863903045654,3258.322924375534,3076.3285607099533,3305.1422238349915,3262.645024806261
3999.9999999999995,3365.672305226326,3259.364068508148,3082.822859287262,3304.66590821743,3253.1312853097916
2500.0,3380.485251545906,3264.979049563408,3103.6555767059326,3312.4302327632904,3265.3875276446342
3500.0,3434.9068254232407,3257.1548223495483,3097.8217720985413,3305.6650310754776,3273.887112736702
3000.0,3419.2047268152237,3255.314379930496,3104.2999774217606,3306.051045656204,3271.217532455921
3999.9999999999995,3389.60163295269,3253.2428205013275,3094.997853040695,3303.486853837967,3260.33229008317
2400.0,3406.71569108963,3270.3468203544617,3090.116009116173,3315.23559987545,3270.6035301089287
3000.0,3394.8207646608353,3265.4256373643875,3083.493635058403,3309.740871191025,3263.3702270686626
3200.0,3371.3775873184204,3262.823671102524,3084.230124950409,3305.569365620613,3256.0001872479916
3999.9999999999995,3358.304053544998,3263.014778494835,3088.9056622982025,3303.5950362682343,3253.4548826515675
3999.9999999999995,3382.2738379240036,3278.137743473053,3098.3061343431473,3311.5728199481964,3267.5726339221
3000.0,3345.7164466381073,3288.9018952846527,3111.3995611667633,3318.1721717119217,3266.0475187003613
2600.0,3371.4482188224792,3289.9966835975647,3086.545765399933,3323.4867453575134,3267.8693532943726
3000.0,3372.0389753580093,3279.140442609787,3084.4994634389877,3315.267562866211,3262.7366110682487
3000.0,3347.6977050304413,3273.2976973056793,3085.33675968647,3307.7770471572876,3253.5273022949696
2500.0,3345.799818634987,3266.492486000061,3073.4145641326904,3305.6634664535522,3247.8425838053226
2500.0,3333.955854177475,3256.5609365701675,3059.7346276044846,3301.253467798233,3237.87622153759
3999.9999999999995,3337.3580127954483,3252.9303431510925,3069.452941417694,3294.745534658432,3238.6217080056667
1999.9999999999998,3328.8585394620895,3269.8653638362885,3107.0979684591293,3301.4975488185883,3251.829855144024
3800.0,3365.7945692539215,3256.8521797657013,3107.8972667455673,3289.6730303764343,3255.054261535406
3000.0,3398.851230740547,3265.9676671028137,3120.761811733246,3305.922746658325,3272.875864058733
1500.0,3366.042450070381,3270.491436123848,3120.168596506119,3306.0861378908157,3265.697155147791
3000.0,3398.0626612901688,3247.692435979843,3110.121712088585,3280.496969819069,3259.0934447944164
3000.0,3357.9424023628235,3237.6234233379364,3109.7783893346786,3276.8596708774567,3245.550971478224
3999.9999999999995,3353.002667427063,3240.868002176285,3093.8690900802612,3286.138102412224,3243.469465523958
3400.0,3276.3580977916718,3261.3567262887955,3116.023913025856,3292.856812477112,3236.6488873958588
3000.0,3291.6004210710526,3266.55775308609,3106.3006818294525,3306.2931150197983,3242.6879927515984
3999.9999999999995,3231.005072593689,3257.899135351181,3109.7549200057983,3312.2143149375916,3227.718360722065
3500.0,3217.5423949956894,3261.6452872753143,3128.090277314186,3320.7808434963226,3232.014700770378
3200.0,3288.222625851631,3275.945484638214,3109.9531799554825,3328.3106982707977,3250.6079971790314
3999.9999999999995,3327.8650045394897,3285.0801944732666,3087.9856646060944,3330.66388964653,3257.898688316345
4500.0,3280.6044816970825,3293.7464118003845,3101.91348195076,3332.952931523323,3252.3043267428875
2200.0,3237.152248620987,3299.597427248955,3120.5398589372635,3339.953050017357,3249.3106462061405
5000.0,3282.6662063598633,3290.950208902359,3081.125468015671,3331.626132130623,3246.592003852129
2500.0,3256.51578605175,3307.19456076622,3091.055676341057,3336.9626104831696,3247.932158410549
3000.0,3268.6273008584976,3303.1142503023148,3088.717460632324,3328.542485833168,3247.250374406576
3999.9999999999995,3285.6591045856476,3297.633156180382,3106.2519550323486,3318.442851305008,3251.9967667758465
3000.0,3339.4409716129303,3306.422531604767,3104.5782566070557,3320.4250037670135,3267.7166908979416
3500.0,3355.3142845630646,3309.214264154434,3083.093985915184,3313.938081264496,3265.3901539742947
3500.0,3287.5896245241165,3303.481265902519,3075.3256380558014,3316.0892128944397,3245.621435344219
3999.9999999999995,3339.3683284521103,3309.6257597208023,3071.0725486278534,3321.3329315185547,3260.34989207983
3000.0,3287.944570183754,3309.1697841882706,3141.8636441230774,3346.3358134031296,3271.328452974558
5000.0,3300.7659763097763,3299.624025821686,3157.545179128647,3358.7660640478134,3279.1753113269806
3000.0,3335.3662490844727,3312.2755587100983,3164.4009053707123,3373.364433646202,3296.3517867028713
2500.0,3340.853825211525,3306.7363500595093,3129.63142991066,3369.6337044239044,3286.7138274013996
1500.0,3328.3737301826477,3292.4265414476395,3094.0190702676773,3355.1468700170517,3267.491552978754
3999.9999999999995,3368.556573987007,3270.440474152565,3048.5934019088745,3322.247564792633,3252.45950371027
3000.0,3405.1544219255447,3284.1067761182785,3116.8363988399506,3328.7186175584793,3283.7040536105633
3000.0,3381.970524787903,3284.5189422369003,3122.7996200323105,3333.437070250511,3280.681539326906
3000.0,3382.643759250641,3296.557366847992,3122.275024652481,3341.7758345603943,3285.812996327877
3800.0,3364.132270216942,3297.4302023649216,3117.6962703466415,3340.0127291679382,3279.817868024111
3000.0,3398.800268769264,3313.744068145752,3113.4603917598724,3356.9546788930893,3295.7398518919945
2400.0,3335.2071046829224,3308.994770050049,3091.5087461471558,3353.2273024320602,3272.234480828047
2500.0,3374.866023659706,3296.5627312660217,3073.227033019066,3337.8010243177414,3270.614203065634
3000.0,3398.856595158577,3286.0781997442245,3069.0698325634003,3326.391577720642,3270.099051296711
3999.9999999999995,3420.2152490615845,3275.9908586740494,3078.3140659332275,3313.423991203308,3271.9860412180424
3000.0,3450.0733762979507,3285.6955379247665,3108.42901468277,3317.621201276779,3290.4547825455666
3000.0,3460.6515616178513,3277.3949950933456,3106.890544295311,3324.9373733997345,3292.4686186015606
3000.0,3436.8789196014404,3271.927535533905,3100.406527519226,3328.9696276187897,3284.5456525683403
3000.0,3434.774726629257,3272.288739681244,3088.7335538864136,3325.306624174118,3280.275911092758
3999.9999999999995,3434.7671270370483,3272.0687985420227,3088.540658354759,3326.3108879327774,3280.421867966652
3999.9999999999995,3400.488495826721,3286.418616771698,3104.916885495186,3334.3539386987686,3281.5444841980934
2800.0,3372.751325368881,3301.984593272209,3095.223158597946,3349.7460186481476,3279.926273971796
3999.9999999999995,3370.0545877218246,3294.633775949478,3075.074180960655,3348.063826560974,3271.956592798233
3000.0,3355.6848764419556,3298.129588365555,3088.3732438087463,3353.1785756349564,3273.8415710628033
2200.0,3333.5769921541214,3284.6995443105698,3080.6688219308853,3345.8346873521805,3261.1950114369392
3000.0,3394.586741924286,3272.334113717079,3066.1462247371674,3335.232362151146,3267.0748606324196
2500.0,3409.4783663749695,3272.7395743131638,3094.7712063789368,3335.793614387512,3278.1956903636456
2500.0,3378.3122152090073,3264.9535685777664,3090.4266983270645,3326.382413506508,3265.0187239050865
3400.0,3381.64284825325,3260.223940014839,3073.7102776765823,3314.3536001443863,3257.4826665222645
3000.0,3439.822196960449,3265.8644020557404,3105.5840849876404,3322.554901242256,3283.4563963115215
3500.0,3412.2517704963684,3272.0448821783066,3124.3539601564407,3325.847089290619,3283.6244255304337
3000.0,3381.384015083313,3275.1446217298508,3127.2219121456146,3339.834585785866,3280.896283686161
2600.0,3349.178284406662,3272.8202641010284,3109.210431575775,3345.070481300354,3269.069865345955
3000.0,3382.723107933998,3271.5024054050446,3087.1405452489853,3335.6210589408875,3269.246779382229
3500.0,3419.773578643799,3275.272026658058,3076.5438079833984,3328.7693560123444,3275.0896923244
2200.0,3436.9082003831863,3281.1710983514786,3089.436963200569,3331.6951990127563,3284.8028652369976
3500.0,3427.3508191108704,3272.002190351486,3063.3439868688583,3320.317715406418,3270.753677934408
3000.0,3402.7764201164246,3273.0428874492645,3090.750128030777,3323.1121301651,3272.4203914403915
2200.0,3419.5151925086975,3275.4944264888763,3089.510053396225,3323.13671708107,3276.914097368717
3000.0,3420.9510684013367,3268.1744545698166,3070.0012296438217,3316.524624824524,3268.9128443598747
3500.0,3449.3138641119003,3262.5697553157806,3088.138774037361,3313.339948654175,3278.3405855298042
3000.0,3418.665826320648,3269.3441212177277,3100.5048751831055,3311.2650364637375,3274.9449647963047
2500.0,3409.24970805645,3258.5690170526505,3092.0331180095673,3314.702734351158,3268.6386443674564
3400.0,3413.9375388622284,3248.547613620758,3061.2903088331223,3306.956961750984,3257.683105766773
2400.0,3390.6304836273193,3249.981477856636,3074.0725994110107,3317.71619617939,3258.100189268589
3000.0,3376.2887120246887,3238.1469011306763,3076.716810464859,3312.581330537796,3250.933438539505
2500.0,3389.749377965927,3238.840252161026,3078.353852033615,3315.352723002434,3255.5740512907505
3000.0,3386.5009993314743,3224.4940102100372,3080.495148897171,3308.5182309150696,3250.002097338438
3400.0,3400.7978439331055,3223.7492501735687,3105.190023779869,3313.5589957237244,3260.824028402567
2500.0,3434.871956706047,3242.6610589027405,3130.863681435585,3327.9166370630264,3284.0783335268497
3500.0,3373.0535209178925,3233.463764190674,3130.4655969142914,3327.2214978933334,3266.051094979048
2500.0,3354.848027229309,3234.601467847824,3134.7817182540894,3328.441232442856,3263.1681114435196
3000.0,3398.2128649950027,3232.9630851745605,3103.908598423004,3324.229046702385,3264.828398823738
3500.0,3429.0052950382233,3243.482932448387,3081.209510564804,3323.4845101833344,3269.295562058687
3000.0,3427.426815032959,3258.6608827114105,3078.560382127762,3325.6450295448303,3272.5732773542404
3500.0,3470.7657247781754,3261.8198543787003,3069.2072957754135,3326.679915189743,3282.118197530508
3000.0,3444.499298930168,3265.872448682785,3087.55986392498,3342.430293560028,3285.0904762744904
3999.9999999999995,3412.173092365265,3260.4901492595673,3097.3418802022934,3342.6030725240707,3278.152048587799
2500.0,3400.6281942129135,3262.782096862793,3113.906979560852,3344.4828540086746,3280.4500311613083
2500.0,3433.014079928398,3260.6830447912216,3087.9049748182297,3334.066718816757,3278.9172045886517
3500.0,3466.985821723938,3252.9640942811966,3077.293708920479,3331.035152077675,3282.069694250822
3000.0,3409.1542661190033,3256.855756044388,3099.431097507477,3334.8432183265686,3275.071084499359
3400.0,3394.831269979477,3254.207521677017,3104.167655110359,3330.4493129253387,3270.913939923048
3999.9999999999995,3463.490456342697,3264.269381761551,3116.5167689323425,3340.4720574617386,3296.1871661245823
3000.0,3423.9041805267334,3286.272883415222,3139.345943927765,3350.9480953216553,3300.117775797844
4500.0,3376.1094510555267,3281.1111956834793,3127.780258655548,3354.6779304742813,3284.919708967209
3999.9999999999995,3338.460624217987,3302.273154258728,3119.416683912277,3363.9411628246307,3281.0229063034058
2600.0,3371.65430188179,3313.152641057968,3099.0736931562424,3374.7513592243195,3289.65799883008
3500.0,3391.0301327705383,3317.2546327114105,3070.908263325691,3368.5509860515594,3286.9360037148
1500.0,3376.159518957138,3321.3823288679123,3078.5856395959854,3362.232819199562,3284.5900766551495
3000.0,3414.0484035015106,3304.016590118408,3026.6015231609344,3335.4614675045013,3270.0319960713387
2500.0,3400.2848714590073,3296.9069480895996,3030.317723751068,3316.4843916893005,3260.998483747244
3000.0,3425.927236676216,3289.191350340843,3032.199740409851,3309.5665276050568,3264.221213757992
3000.0,3393.7449753284454,3280.371353030205,3069.295808672905,3302.2065460681915,3261.4046707749367
2500.0,3436.882048845291,3279.1871577501297,3085.5339020490646,3303.1752705574036,3276.1945948004723
3000.0,3427.4180978536606,3266.591727733612,3075.8026242256165,3298.5135912895203,3267.0815102756023
3000.0,3463.8069570064545,3263.7635618448257,3084.237724542618,3308.6004853248596,3280.1021821796894
3999.9999999999995,3418.3841943740845,3257.4232667684555,3093.4839695692062,3307.1574568748474,3269.1122218966484
3000.0,3413.141369819641,3262.20341026783,3120.2173233032227,3320.3592896461487,3278.9803482592106
2500.0,3420.2957153320312,3261.8654519319534,3119.1232055425644,3328.678160905838,3282.4906334280968
3000.0,3385.285958647728,3250.4991441965103,3098.0660766363144,3320.098891854286,3263.4875178337097
3000.0,3437.850773334503,3249.9922066926956,3092.4028158187866,3320.5023407936096,3275.1870341598988
3500.0,3401.842564344406,3244.667127728462,3093.1493639945984,3322.0788091421127,3265.434466302395
3000.0,3434.97633934021,3260.2134346961975,3099.3061512708664,3328.5440504550934,3280.759993940592
3000.0,3446.2322294712067,3264.6989822387695,3098.6130237579346,3335.3470265865326,3286.222815513611
3400.0,3391.692191362381,3255.2216202020645,3107.047900557518,3333.8284492492676,3271.9475403428078
3000.0,3452.482670545578,3264.392763376236,3116.985484957695,3342.200070619583,3294.015247374773
2600.0,3425.3572672605515,3263.83575797081,3124.212697148323,3338.17295730114,3287.894669920206
3000.0,3378.7259459495544,3253.256231546402,3115.801066160202,3327.285200357437,3268.767111003399
3500.0,3401.746228337288,3253.9520412683487,3110.6185913085938,3324.5616406202316,3272.7196253836155
2600.0,3410.8199179172516,3275.398313999176,3098.989427089691,3323.727920651436,3277.2338949143887
3999.9999999999995,3470.689505338669,3279.7743380069733,3082.59978890419,3321.557343006134,3288.6552438139915
3999.9999999999995,3439.9428963661194,3292.9741591215134,3095.0599908828735,3334.527388215065,3290.626108646393
3000.0,3446.183055639267,3306.2345534563065,3100.2482771873474,3342.6383882761,3298.8260686397552
3999.9999999999995,3439.1020238399506,3294.9522882699966,3087.7353250980377,3344.1241085529327,3291.4784364402294
3999.9999999999995,3423.8706529140472,3307.0258051156998,3085.5991691350937,3353.070169687271,3292.391449213028
3000.0,3434.5489740371704,3315.1356875896454,3094.9632078409195,3358.2231402397156,3300.7177524268627
3000.0,3407.927379012108,3307.4945211410522,3077.152669429779,3351.840376853943,3286.1037366092205
3400.0,3408.232480287552,3297.797441482544,3075.484111905098,3343.099057674408,3281.1532728374004
3999.9999999999995,3439.669758081436,3297.23484814167,3086.657300591469,3347.877413034439,3292.8598299622536
3999.9999999999995,3363.584205508232,3295.322209596634,3108.7106466293335,3353.4416556358337,3280.2646793425083
3000.0,3407.9117327928543,3317.613825201988,3104.206323623657,3361.8704974651337,3297.9005947709084
2500.0,3353.4950762987137,3318.6911791563034,3081.585243344307,3357.539176940918,3277.8276689350605
3500.0,3366.2697672843933,3313.179463148117,3068.1147426366806,3338.4910225868225,3271.5137489140034
4600.0,3431.3010424375534,3314.567506313324,3086.9948118925095,3342.5424993038177,3293.851464986801
2500.0,3386.7857605218887,3319.954052567482,3115.8453226089478,3359.8094433546066,3295.5986447632313
3500.0,3332.706391811371,3309.427499771118,3092.057928442955,3351.8895506858826,3271.5203426778316
3500.0,3344.5443212985992,3308.442011475563,3089.348003268242,3359.6013486385345,3275.4839211702347
2200.0,3322.1934735774994,3302.9910922050476,3094.8561429977417,3356.354758143425,3269.0988667309284
3999.9999999999995,3366.750106215477,3296.8776673078537,3072.9693174362183,3342.052549123764,3269.6624100208282
3500.0,3378.933370113373,3307.9882711172104,3103.0379980802536,3339.9684727191925,3282.4820280075073
3000.0,3395.525962114334,3314.466029405594,3096.499443054199,3346.225395798683,3288.1792075932026
5000.0,3356.839343905449,3319.614753127098,3076.9649147987366,3342.87129342556,3274.072576314211
2400.0,3343.8795804977417,3331.0693502426147,3095.0362980365753,3351.513370871544,3280.374649912119
1500.0,3338.1588757038116,3315.053880214691,3074.241131544113,3340.0480449199677,3266.875483095646
3999.9999999999995,3386.5054696798325,3291.679099202156,3029.2582511901855,3312.4174922704697,3254.965078085661
2400.0,3388.364240527153,3293.556421995163,3075.585588812828,3317.534476518631,3268.7601819634438
3000.0,3373.144268989563,3281.8756252527237,3073.6977607011795,3311.610147356987,3260.0819505751133
3400.0,3385.7888728380203,3284.268155694008,3063.5424703359604,3312.2947812080383,3261.4735700190067
3000.0,3377.4876594543457,3291.628360748291,3081.0660123825073,3322.029188275337,3268.0528052151203
1999.9999999999998,3372.1239119768143,3276.298865675926,3094.693198800087,3319.16481256485,3265.5701972544193
3000.0,3422.85118997097,3259.000852704048,3067.491799592972,3306.9486916065216,3264.073133468628
2200.0,3399.6914327144623,3246.2529838085175,3085.583746433258,3302.287235856056,3258.4538497030735
2500.0,3414.5164489746094,3228.9042323827744,3083.4006518125534,3294.30989921093,3255.2828080952168
4500.0,3467.7759557962418,3218.3468341827393,3095.131516456604,3292.309194803238,3268.3908753097057
3000.0,3422.2619980573654,3229.5383512973785,3130.0824880599976,3310.7876032590866,3273.167610168457
2500.0,3431.8777173757553,3234.9150627851486,3115.837499499321,3327.576220035553,3277.5516249239445
3000.0,3391.996845602989,3233.892247080803,3105.280101299286,3323.3995735645294,3263.642191886902
3000.0,3391.3084119558334,3229.6742498874664,3109.6695363521576,3327.3938298225403,3264.5115070044994
3000.0,3372.652977705002,3238.610699772835,3116.699829697609,3328.3817768096924,3264.0863209962845
3500.0,3422.420471906662,3244.906961917877,3117.755725979805,3327.8609812259674,3278.236035257578
3999.9999999999995,3394.5921063423157,3257.7867060899734,3108.3713471889496,3329.746127128601,3272.62407168746
3999.9999999999995,3413.6395901441574,3284.509554505348,3106.0241907835007,3340.8696949481964,3286.2607575953007
2500.0,3391.226604580879,3297.2435653209686,3101.915493607521,3345.7383513450623,3284.031003713608
3999.9999999999995,3343.4542268514633,3286.198228597641,3054.797351360321,3335.7296884059906,3255.044873803854
3500.0,3391.360267996788,3298.928439617157,3057.32823908329,3341.7946100234985,3272.3528891801834
3999.9999999999995,3416.527211666107,3307.216465473175,3061.5200847387314,3353.917747735977,3284.7953774034977
3000.0,3311.0077679157257,3302.82524228096,3080.9466540813446,3359.7875386476517,3263.6418007314205
3000.0,3336.6508036851883,3295.3400909900665,3078.114464879036,3355.070650577545,3266.294002532959
3999.9999999999995,3369.3927526474,3292.27477312088,3075.5261331796646,3348.1936901807785,3271.346837282181
2400.0,3306.8957179784775,3298.928216099739,3088.27668428421,3353.908807039261,3262.002356350422
3000.0,3321.1353421211243,3293.9735054969788,3076.561912894249,3341.4512872695923,3258.280511945486
3999.9999999999995,3365.6300604343414,3294.52782869339,3083.4905058145523,3340.594321489334,3271.0606791079044
3000.0,3344.733417034149,3308.3081245422363,3112.501949071884,3346.922993659973,3278.1166210770607
3000.0,3395.1596170663834,3308.110311627388,3105.94841837883,3345.9319174289703,3288.787566125393
2500.0,3386.714458465576,3308.6302131414413,3083.1022560596466,3344.4468677043915,3280.723448842764
2600.0,3372.819274663925,3306.189402937889,3066.4247274398804,3331.788182258606,3269.305396825075
3000.0,3370.974361896515,3297.167122364044,3069.997653365135,3317.214846611023,3263.8384960591793
3000.0,3396.8494087457657,3301.2641966342926,3073.3568966388702,3315.703645348549,3271.7935368418694
2500.0,3401.544839143753,3299.155533313751,3081.546574831009,3310.902938246727,3273.28747138381
3000.0,3417.9022908210754,3283.3153009414673,3073.6295878887177,3298.788294196129,3268.4088684618473
2500.0,3422.512784600258,3280.676454305649,3075.7679790258408,3297.9702204465866,3269.2318595945835
2400.0,3443.920612335205,3265.7336443662643,3072.5276470184326,3294.1360026597977,3269.079476594925
3000.0,3449.815884232521,3245.2742010354996,3071.1829662323,3290.819227695465,3264.2730697989464
5000.0,3386.194556951523,3241.8836653232574,3080.7144194841385,3291.7597889900208,3250.138107687235
3400.0,3451.283946633339,3272.0211893320084,3110.8304858207703,3315.107971429825,3287.3108983039856
3400.0,3367.513194680214,3272.198662161827,3116.5286153554916,3329.116255044937,3271.3391818106174
3999.9999999999995,3357.057273387909,3264.7159695625305,3125.702887773514,3338.2532000541687,3271.4323326945305
3000.0,3370.6198632717133,3267.2379165887833,3134.9578499794006,3345.552161335945,3279.5919477939606
3500.0,3390.500843524933,3268.0150866508484,3111.4865094423294,3344.6384221315384,3278.6602154374123
2400.0,3400.9478241205215,3281.9927483797073,3090.929612517357,3338.623344898224,3278.1233824789524
3000.0,3402.930423617363,3265.9251987934113,3068.508803844452,3326.369673013687,3265.9335248172283
2200.0,3426.1013567447662,3264.051228761673,3072.539046406746,3327.3010700941086,3272.4981755018234
3000.0,3409.232050180435,3254.563584923744,3074.0055441856384,3313.9537274837494,3262.938726693392
3400.0,3397.7872878313065,3247.758150100708,3097.4923074245453,3309.9934458732605,3263.257797807455
4600.0,3427.6655316352844,3266.078308224678,3106.0776114463806,3320.9091424942017,3280.182648450136
2400.0,3417.2093868255615,3286.2087339162827,3135.1111829280853,3344.491347670555,3295.755162835121
3000.0,3330.138623714447,3278.949335217476,3111.714944243431,3336.811065673828,3264.4034922122955
3500.0,3353.5733073949814,3282.780647277832,3108.4131449460983,3332.0512622594833,3269.2045904695988
3000.0,3354.995995759964,3283.988982439041,3114.7389113903046,3332.791104912758,3271.628748625517
2500.0,3332.143574953079,3283.9789241552353,3097.183406352997,3326.989933848381,3260.073959827423
3000.0,3372.918963432312,3288.411945104599,3072.839230298996,3323.5710114240646,3264.435287564993
3000.0,3349.8215675354004,3285.4438573122025,3082.500547170639,3312.6001060009003,3257.5915195047855
3999.9999999999995,3398.352339863777,3288.717046380043,3088.902533054352,3318.6033368110657,3273.6438140273094
3000.0,3393.7297761440277,3302.846699953079,3116.831034421921,3329.111561179161,3285.629767924547
3000.0,3396.6491371393204,3304.6958595514297,3112.883046269417,3334.2455327510834,3287.1183939278126
3000.0,3373.2470870018005,3297.605440020561,3107.890337705612,3332.56334066391,3277.826551347971
4500.0,3384.990021586418,3293.1071519851685,3096.6583639383316,3329.600840806961,3276.08909457922
3000.0,3365.67722260952,3306.4281195402145,3107.7325344085693,3341.0046994686127,3280.210644006729
3999.9999999999995,3370.087668299675,3306.465670466423,3088.664263486862,3344.794437289238,3277.5030098855495
3000.0,3341.1381393671036,3314.3042027950287,3099.975362420082,3347.9907363653183,3275.852110236883
3500.0,3362.9965782165527,3312.9385113716125,3080.2376568317413,3346.9565212726593,3275.7823169231415
3000.0,3324.679210782051,3310.91545522213,3090.4722958803177,3354.6631783246994,3270.1825350522995
1999.9999999999998,3309.6226304769516,3297.3656058311462,3092.0181423425674,3348.7173914909363,3261.9309425354004
3500.0,3389.3148601055145,3282.9058170318604,3068.6987936496735,3327.050507068634,3266.9924944639206
2800.0,3402.90829539299,3285.9957218170166,3090.1602655649185,3320.1299607753754,3274.798560887575
3500.0,3444.2006796598434,3285.987451672554,3082.011938095093,3323.1890201568604,3283.8472723960876
3999.9999999999995,3384.719118475914,3289.2443239688873,3097.1114337444305,3323.7768709659576,3273.7129367887974
3000.0,3412.458971142769,3308.3754032850266,3107.4417382478714,3335.9478414058685,3291.055988520384
3000.0,3409.4495326280594,3306.730091571808,3101.2147665023804,3335.452750325203,3288.2117852568626
3400.0,3353.153094649315,3301.084488630295,3102.0379811525345,3336.5819603204727,3273.214381188154
3999.9999999999995,3350.3296226263046,3302.6035130023956,3115.5234575271606,3339.3339067697525,3276.9476249814034
3500.0,3375.967964529991,3310.578167438507,3130.103051662445,3344.4634079933167,3290.278147906065
1500.0,3360.700383782387,3317.882940173149,3115.2022629976273,3348.369598388672,3285.5387963354588
2200.0,3419.940546154976,3298.603445291519,3061.556965112686,3325.1018822193146,3276.300709694624
3999.9999999999995,3415.7489240169525,3283.141180872917,3052.486851811409,3306.5065741539,3264.4708827137947
2500.0,3404.2923152446747,3285.8140021562576,3106.0463190078735,3313.683494925499,3277.459032833576
3000.0,3397.4915742874146,3278.217762708664,3098.0949103832245,3308.8675886392593,3270.6679590046406
3000.0,3384.702578186989,3277.3681730031967,3102.3909151554108,3313.237801194191,3269.424866884947
3000.0,3381.9253742694855,3286.4023000001907,3101.8687784671783,3311.1926168203354,3270.3472673892975
3999.9999999999995,3411.737009882927,3284.922167658806,3094.066008925438,3314.17478621006,3276.2249931693077
3000.0,3345.789313316345,3296.249806880951,3104.826807975769,3326.639235019684,3268.3762907981873
3000.0,3337.627127766609,3288.678824901581,3097.631335258484,3330.0860971212387,3263.505846261978
3999.9999999999995,3361.207991838455,3284.490555524826,3084.5455080270767,3331.112042069435,3265.3390243649483
3000.0,3389.3975615501404,3294.9569821357727,3090.534657239914,3336.5173637866974,3277.851641178131
3999.9999999999995,3379.8906952142715,3292.1460270881653,3074.5406448841095,3339.99864757061,3271.644003689289
3999.9999999999995,3414.5262837409973,3305.990919470787,3081.3657492399216,3344.11159157753,3286.498636007309
3999.9999999999995,3386.3429725170135,3298.0377227067947,3092.731162905693,3351.985216140747,3282.274268567562
3000.0,3391.112834215164,3308.199942111969,3091.3618952035904,3360.968828201294,3287.9108749330044
2500.0,3362.303227186203,3296.729251742363,3086.535930633545,3351.9429713487625,3274.3778452277184
3000.0,3376.1338144540787,3284.221887588501,3063.7838691473007,3338.94319832325,3265.7706923782825
3999.9999999999995,3387.1813863515854,3276.0845124721527,3073.4945833683014,3332.103118300438,3267.2159001231194
3500.0,3398.3606100082397,3284.7726345062256,3103.332370519638,3341.4316177368164,3281.97430819273
3999.9999999999995,3391.3978189229965,3292.2036945819855,3113.8023734092712,3347.9489386081696,3286.3382063806057
3500.0,3359.743058681488,3302.546739578247,3124.0998208522797,3352.0985394716263,3284.6220396459103
3500.0,3375.8123964071274,3311.641439795494,3117.7496910095215,3360.2330088615417,3291.359134018421
3000.0,3331.9882303476334,3308.483809232712,3099.910542368889,3366.3544803857803,3276.6842655837536
2500.0,3339.8500084877014,3294.9498295783997,3094.6286022663116,3361.0090613365173,3272.6093754172325
1500.0,3377.900719642639,3292.616978287697,3090.2058631181717,3343.94708275795,3276.1676609516144
2200.0,3418.0498123168945,3276.941478252411,3066.9616162776947,3305.910676717758,3266.9658958911896
2400.0,3438.4795278310776,3267.9109275341034,3063.832148909569,3285.2084934711456,3263.857774436474
3500.0,3424.687162041664,3257.2031021118164,3079.037368297577,3272.8546857833862,3258.445579558611
3000.0,3376.8734335899353,3261.323422193527,3109.828904271126,3286.471366882324,3258.624281734228
3999.9999999999995,3311.879485845566,3260.7702165842056,3123.7759441137314,3289.9481803178787,3246.5934567153454
3999.9999999999995,3322.0256119966507,3279.3214917182922,3129.148408770561,3309.856206178665,3260.0879296660423
3500.0,3281.625062227249,3295.265883207321,3128.1696259975433,3332.119882106781,3259.2951133847237
3500.0,3249.1468638181686,3297.0305532217026,3123.159483075142,3339.4168317317963,3252.1884329617023
2400.0,3239.0423119068146,3300.7697761058807,3108.329325914383,3345.7911014556885,3248.4831288456917
3000.0,3253.5921782255173,3293.2307571172714,3082.021325826645,3335.6599509716034,3241.1260530352592
3000.0,3226.276785135269,3284.6749573946,3086.7259204387665,3329.6674489974976,3231.8362779915333
5000.0,3244.740217924118,3287.9412174224854,3089.5838141441345,3322.9082822799683,3236.2933829426765
2500.0,3293.0559664964676,3311.2429082393646,3100.530356168747,3336.4440500736237,3260.3183202445507
3000.0,3303.249031305313,3304.952010512352,3088.5909497737885,3329.392969608307,3256.54624029994
3999.9999999999995,3291.6375249624252,3294.8192954063416,3095.531165599823,3328.149765729904,3252.5344379246235
3999.9999999999995,3301.6037195920944,3295.8032190799713,3118.975907564163,3334.728106856346,3262.7777382731438
3000.0,3306.4768463373184,3304.278999567032,3122.4187463521957,3344.4321155548096,3269.401676952839
3000.0,3248.1394708156586,3301.6064018011093,3111.2947314977646,3340.3247594833374,3250.3413408994675
3999.9999999999995,3176.0238111019135,3291.7385548353195,3105.4379045963287,3333.70104432106,3226.7253287136555
3000.0,3224.6484607458115,3304.973915219307,3103.5829335451126,3340.507596731186,3243.4282265603542
2500.0,3280.0590991973877,3303.655833005905,3099.871873855591,3341.8797701597214,3256.3666440546513
3999.9999999999995,3320.329338312149,3305.7792484760284,3090.3826653957367,3322.2781866788864,3259.6923597157
2500.0,3381.5065026283264,3305.705040693283,3099.731281399727,3330.330178141594,3279.3182507157326
3000.0,3413.4169667959213,3306.3704520463943,3079.499378800392,3326.670750975609,3281.489387154579
2200.0,3393.72418820858,3303.4253865480423,3083.611875772476,3322.1297711133957,3275.7228054106236
3999.9999999999995,3406.4333885908127,3297.0408350229263,3077.387362718582,3310.398906469345,3272.8151232004166
3500.0,3400.355726480484,3303.1028509140015,3116.4953112602234,3314.322531223297,3283.5691049695015
3000.0,3428.174704313278,3305.3087443113327,3109.671100974083,3325.835019350052,3292.2473922371864
2800.0,3385.07317006588,3308.771252632141,3093.380928039551,3326.2932300567627,3278.3796451985836
3400.0,3370.7061409950256,3298.206701874733,3093.821257352829,3326.1170983314514,3272.2127996385098
2400.0,3383.0076456069946,3299.1743087768555,3109.601140022278,3330.5753767490387,3280.5896177887917
3000.0,3411.3485366106033,3283.521384000778,3110.061138868332,3319.534957408905,3281.1165042221546
3000.0,3460.5617076158524,3291.414901614189,3095.1400101184845,3317.711502313614,3291.207030415535
2500.0,3435.153365135193,3294.169530272484,3092.416450381279,3316.2646740674973,3284.5010049641132
3000.0,3479.612097144127,3292.331323027611,3077.005371451378,3313.2154494524,3290.541060268879
3400.0,3444.9586272239685,3285.912349820137,3100.413903594017,3312.1488243341446,3285.858426243067
3000.0,3453.402891755104,3284.7482711076736,3118.3163076639175,3320.1688528060913,3294.1590808331966
4500.0,3443.870097398758,3277.207687497139,3124.0709871053696,3318.813219666481,3290.990497916937
3999.9999999999995,3385.4927122592926,3293.745070695877,3125.523179769516,3332.5257897377014,3284.3216881155968
2500.0,3429.31866645813,3310.4357868433,3105.7512760162354,3343.896120786667,3297.350462526083
3000.0,3407.0520848035812,3302.3006469011307,3065.570890903473,3334.8897099494934,3277.4533331394196
3000.0,3381.3124895095825,3296.3577657938004,3050.5643784999847,3328.9767801761627,3264.3028534948826
3000.0,3360.763192176819,3288.1195843219757,3062.765523791313,3325.5889266729355,3259.309306740761
2500.0,3359.724283218384,3287.512958049774,3060.7107281684875,3321.8903839588165,3257.4595883488655
3000.0,3359.7640693187714,3272.732198238373,3069.1952258348465,3308.6304366588593,3252.5804825127125
3999.9999999999995,3393.6452865600586,3271.2797820568085,3076.435625553131,3307.00121819973,3262.090478092432
3999.9999999999995,3406.5131843090057,3281.1925560235977,3108.4638833999634,3316.468745470047,3278.1595923006535
3400.0,3377.6550740003586,3294.9109375476837,3116.474077105522,3328.293487429619,3279.333394020796
3999.9999999999995,3347.143605351448,3297.3597943782806,3109.975978732109,3338.4013921022415,3273.22019264102
3999.9999999999995,3350.912556052208,3299.953043460846,3117.576241493225,3340.9541845321655,3277.349006384611
3999.9999999999995,3372.611626982689,3298.4577119350433,3113.846406340599,3349.2551743984222,3283.5427299141884
3000.0,3338.2925391197205,3298.5100150108337,3107.8123301267624,3356.887400150299,3275.375571101904
4600.0,3339.3066376447678,3294.5725321769714,3090.7825380563736,3353.2684296369553,3269.482534378767
3000.0,3373.3347058296204,3311.8540048599243,3079.2830139398575,3367.757946252823,3283.0574177205563
3999.9999999999995,3329.838439822197,3303.997367620468,3076.79146528244,3357.11807012558,3266.9363357126713
3500.0,3373.2537925243378,3309.7466826438904,3086.3365530967712,3357.791528105736,3281.782139092684
3000.0,3407.6035022735596,3313.38107585907,3086.4062905311584,3348.708003759384,3289.024718105793
3000.0,3363.3846044540405,3299.4986325502396,3082.49831199646,3340.8574014902115,3271.559737622738
3000.0,3388.812616467476,3299.06165599823,3082.711324095726,3337.5410735607147,3277.0316675305367
3500.0,3377.271071076393,3296.075016260147,3086.002394556999,3325.8774876594543,3271.3064923882484
2500.0,3370.8342164754868,3301.806226372719,3085.3555351495743,3326.2141048908234,3271.052520722151
3500.0,3370.060846209526,3302.344009280205,3068.3764815330505,3317.4392580986023,3264.555148780346
3000.0,3406.478092074394,3311.789631843567,3070.4934149980545,3329.724222421646,3279.6213403344154
3000.0,3338.4179323911667,3306.94243311882,3088.4934961795807,3325.5931735038757,3264.861758798361
2400.0,3391.774222254753,3301.929831504822,3089.8086726665497,3326.742723584175,3277.563862502575
3000.0,3418.3573722839355,3289.4497364759445,3098.0734527111053,3316.105306148529,3280.4964669048786
2600.0,3395.038917660713,3279.2003452777863,3099.9206006526947,3312.360942363739,3271.6302014887333
3000.0,3441.1899000406265,3280.7663083076477,3087.0086699724197,3310.3595674037933,3279.831111431122
3000.0,3418.4568375349045,3285.3271812200546,3087.0477855205536,3307.6494187116623,3274.6203057467937
3400.0,3427.7913719415665,3275.5617052316666,3098.5788255929947,3308.044373989105,3277.4940691888332
3999.9999999999995,3454.221189022064,3281.8610966205597,3097.264990210533,3318.754881620407,3288.025539368391
3000.0,3438.773453235626,3290.1225239038467,3108.3375960588455,3326.14928483963,3290.845714509487
3000.0,3418.155536055565,3284.5424115657806,3099.9036133289337,3323.756530880928,3281.589522957802
3000.0,3418.0357307195663,3281.6755771636963,3093.9486622810364,3320.9261298179626,3278.6465249955654
3800.0,3421.5212613344193,3283.034786581993,3078.1012773513794,3322.070762515068,3276.182021945715
2400.0,3414.902910590172,3294.025808572769,3091.0974740982056,3335.06740629673,3283.773399889469
3999.9999999999995,3360.1579070091248,3274.8059928417206,3094.9506908655167,3323.415219783783,3263.3324526250362
3999.9999999999995,3351.857364177704,3283.9424908161163,3099.8126417398453,3329.2248845100403,3266.2093453109264
1999.9999999999998,3373.6027032136917,3294.043689966202,3104.2273342609406,3332.371562719345,3276.061322540045
3000.0,3338.726833462715,3273.857831954956,3076.418414711952,3317.916914820671,3251.7299987375736
3999.9999999999995,3291.860818862915,3266.7696475982666,3090.011179447174,3315.136134624481,3240.9444451332092
2500.0,3266.615644097328,3274.6021449565887,3117.0543283224106,3319.307416677475,3244.3948835134506
3500.0,3316.8554306030273,3269.3595439195633,3093.7103927135468,3314.9465918540955,3248.717989772558
3200.0,3300.432935357094,3280.475288629532,3088.187500834465,3313.263952732086,3245.589919388294
2200.0,3268.2546973228455,3282.1737974882126,3087.080866098404,3318.323493003845,3238.958213478327
2500.0,3267.1545445919037,3263.0979269742966,3090.6718969345093,3307.846337556839,3232.192676514387
2500.0,3325.3511041402817,3255.658820271492,3099.5455384254456,3302.5840669870377,3245.784882456064
3000.0,3375.4125237464905,3248.4814524650574,3110.8222156763077,3290.1079952716827,3256.2060467898846
3000.0,3397.4602818489075,3258.195072412491,3104.758858680725,3287.1316373348236,3261.8864625692368
3000.0,3435.79038977623,3263.1397247314453,3101.988136768341,3293.577656149864,3273.62397685647
3500.0,3456.917032599449,3270.4755663871765,3101.2241542339325,3297.1036434173584,3281.430099159479
3000.0,3450.173959136009,3271.2598890066147,3102.700039744377,3305.9030771255493,3282.5092412531376
2600.0,3417.0687943696976,3267.3465460538864,3098.1849879026413,3312.563896179199,3273.791056126356
3000.0,3459.426909685135,3267.6368951797485,3081.931918859482,3312.6647025346756,3280.41510656476
3999.9999999999995,3450.5993127822876,3270.20063996315,3082.52714574337,3310.4822784662247,3278.452344238758
3500.0,3470.744267106056,3280.4547250270844,3097.943589091301,3318.7685161828995,3291.9777743518353
3000.0,3406.54157102108,3270.994797348976,3112.994357943535,3321.8148350715637,3278.0863903462887
3999.9999999999995,3430.4067492485046,3273.759037256241,3095.455840229988,3322.683200240135,3280.576206743717
2800.0,3421.4571118354797,3277.096599340439,3108.5190922021866,3329.3013274669647,3284.0935327112675
3000.0,3395.749256014824,3264.4231617450714,3108.0740690231323,3330.732062458992,3274.744637310505
1999.9999999999998,3329.9394696950912,3259.5115900039673,3110.2359294891357,3322.3427832126617,3255.507443100214
3000.0,3397.643119096756,3248.3962923288345,3080.515041947365,3308.783769607544,3258.834555745125
2500.0,3391.1197632551193,3247.515857219696,3093.5172736644745,3302.6209473609924,3258.6934603750706
2600.0,3419.1419184207916,3253.1844824552536,3087.102547287941,3299.599438905716,3264.7570967674255
3000.0,3394.7689086198807,3250.427395105362,3105.156719684601,3293.812572956085,3261.041399091482
3000.0,3394.6891129016876,3251.102864742279,3105.904385447502,3300.4988729953766,3263.0488090217113
3999.9999999999995,3389.732837677002,3254.5001059770584,3118.6913698911667,3299.11932349205,3265.5109092593193
3000.0,3423.5405176877975,3260.537087917328,3122.345879673958,3314.440995454788,3280.216120183468
2500.0,3423.5554933547974,3273.278698325157,3102.322071790695,3320.3718066215515,3279.8820175230503
3000.0,3350.776880979538,3272.4125683307648,3090.457320213318,3306.0910552740097,3254.9344561994076
3500.0,3393.187075853348,3265.8572494983673,3081.074506044388,3304.946646094322,3261.2663693726063
3500.0,3374.0273863077164,3271.464854478836,3090.4237926006317,3313.8030767440796,3262.429777532816
2500.0,3352.084904909134,3269.3997770547867,3114.4286692142487,3317.806050181389,3263.4298503398895
3999.9999999999995,3413.061574101448,3263.8417929410934,3096.2035059928894,3312.57127225399,3271.4195363223553
3999.9999999999995,3420.8495914936066,3275.824785232544,3112.9027158021927,3321.625739336014,3282.8007079660892
3000.0,3430.286943912506,3290.3876155614853,3117.6401674747467,3332.6688408851624,3292.745891958475
3999.9999999999995,3346.8668907880783,3284.64075922966,3106.9035083055496,3332.137316465378,3267.6371186971664
4500.0,3357.691839337349,3294.553980231285,3107.474595308304,3339.138999581337,3274.7148536145687
3000.0,3342.2333747148514,3303.666114807129,3113.006427884102,3348.9344269037247,3276.9600860774517
1999.9999999999998,3333.51731300354,3299.183025956154,3084.292933344841,3347.598910331726,3266.1480456590652
3999.9999999999995,3323.8501846790314,3281.7696779966354,3059.72121655941,3325.37479698658,3247.678969055414
3000.0,3300.3155887126923,3288.5632663965225,3085.327595472336,3329.6746015548706,3250.9702630341053
3500.0,3327.1904289722443,3288.7624204158783,3096.1308628320694,3326.7346769571304,3259.7045972943306
3999.9999999999995,3331.5150439739227,3295.1925694942474,3102.651536464691,3330.8380097150803,3265.0492899119854
3000.0,3354.460448026657,3308.7649941444397,3107.0465594530106,3340.0022238492966,3277.568556368351
5000.0,3327.781856060028,3307.473063468933,3094.4249778985977,3335.1002633571625,3266.1950401961803
3000.0,3321.2824165821075,3322.71471619606,3093.5946106910706,3346.4129269123077,3271.0011675953865
3400.0,3294.339179992676,3314.349800348282,3094.387650489807,3341.9816941022873,3261.264581233263
3000.0,3321.801871061325,3309.873417019844,3094.7066098451614,3343.827724456787,3267.5524055957794
3500.0,3340.4818922281265,3302.716165781021,3102.179691195488,3339.0697091817856,3271.1118645966053
3999.9999999999995,3363.6150509119034,3302.66073346138,3120.349422097206,3344.9846506118774,3282.9024642705917
2500.0,3335.3155106306076,3310.507759451866,3130.7554990053177,3350.06520152092,3281.660992652178
3000.0,3352.6792377233505,3299.61821436882,3116.324096918106,3338.2607996463776,3276.7205871641636
2400.0,3386.6170048713684,3306.7452907562256,3094.6089327335358,3331.197425723076,3279.7921635210514
2500.0,3421.7990934848785,3305.707275867462,3077.1173536777496,3316.5840804576874,3280.3019508719444
3000.0,3461.693823337555,3301.251232624054,3067.4269795417786,3307.2026073932648,3284.393660724163
3999.9999999999995,3422.050327062607,3298.8978177309036,3099.614828824997,3304.8391342163086,3281.350526958704
3000.0,3427.2699058055878,3308.6083084344864,3122.8525936603546,3311.6407692432404,3292.5928942859173
3200.0,3440.6277537345886,3309.224545955658,3101.3692170381546,3322.7138221263885,3293.4838347136974
3000.0,3355.0845086574554,3307.524248957634,3106.890544295311,3327.0782232284546,3274.1443812847137
2500.0,3390.7460421323776,3298.712745308876,3114.246726036072,3321.6628432273865,3281.342089176178
2400.0,3397.068679332733,3285.299688577652,3107.7468395233154,3308.872953057289,3274.7470401227474
3000.0,3414.223864674568,3274.514079093933,3088.7237191200256,3299.0406453609467,3269.1255770623684
3000.0,3429.0772676467896,3279.5320451259613,3088.231533765793,3297.1087843179703,3273.4874077141285
3000.0,3395.114243030548,3275.4461467266083,3096.9779938459396,3294.1804826259613,3265.4297165572643
3000.0,3395.327478647232,3269.6333527565002,3105.2693724632263,3296.4536547660828,3266.6709646582603
1999.9999999999998,3432.2060644626617,3280.4739475250244,3099.3128567934036,3297.603651881218,3277.399130165577
3999.9999999999995,3415.0904417037964,3268.435299396515,3073.4623968601227,3288.9389991760254,3261.481784284115
3000.0,3415.488302707672,3275.2545922994614,3106.64601624012,3293.4196293354034,3272.702135145664
4500.0,3404.7067165374756,3260.696679353714,3107.3416024446487,3298.7333089113235,3267.8695768117905
2600.0,3364.904075860977,3268.5043662786484,3122.415393590927,3316.5114372968674,3268.083818256855
3999.9999999999995,3374.7701346874237,3262.823447585106,3095.24305164814,3318.732976913452,3262.8924027085304
2800.0,3302.231803536415,3270.16644179821,3104.303777217865,3327.9917389154434,3251.1734403669834
3999.9999999999995,3321.8611031770706,3271.113708615303,3097.5691974163055,3330.7380974292755,3255.3205266594887
3000.0,3339.463546872139,3280.29602766037,3115.5992299318314,3334.6708863973618,3267.5074227154255
3000.0,3404.848873615265,3284.6394181251526,3109.791800379753,3333.529829978943,3283.2024805247784
3000.0,3382.2201937437057,3283.492997288704,3109.7406148910522,3328.4059166908264,3275.964930653572
3500.0,3406.125381588936,3281.7721366882324,3102.3792922496796,3323.65058362484,3278.481848537922
3999.9999999999995,3382.294625043869,3290.735185146332,3099.04508292675,3334.135115146637,3276.552502065897
2500.0,3298.640102148056,3295.722082257271,3115.8898025751114,3341.4798974990845,3262.9329711198807
3000.0,3305.8100938796997,3283.9715480804443,3104.930967092514,3329.6173810958862,3256.082497537136
3999.9999999999995,3315.4121786355972,3283.9056104421616,3100.4009395837784,3325.924873352051,3256.410900503397
3000.0,3323.422819375992,3298.9809662103653,3121.318593621254,3332.062214612961,3268.946148455143
3999.9999999999995,3350.3781259059906,3300.515189766884,3120.4113364219666,3326.072171330452,3274.3442058563232
2500.0,3358.1116050481796,3310.127779841423,3115.7181411981583,3333.4998786449432,3279.364351183176
1500.0,3364.1476929187775,3306.7090809345245,3093.5820937156677,3329.0190249681473,3273.3644731342793
3500.0,3360.467031598091,3288.554549217224,3078.1522393226624,3297.7916300296783,3256.241362541914
3400.0,3361.072316765785,3293.227404356003,3093.942180275917,3299.9588549137115,3262.050189077854
5000.0,3343.163877725601,3296.9071716070175,3117.4571067094803,3308.1085234880447,3266.409169882536
2500.0,3333.980217576027,3312.009796500206,3141.293451189995,3324.7536420822144,3278.0092768371105
3999.9999999999995,3313.9412105083466,3299.6810227632523,3131.1600655317307,3315.6506717205048,3265.1082426309586
3500.0,3317.7003264427185,3309.6713572740555,3122.0126152038574,3325.5556225776672,3268.7349803745747
3000.0,3348.051980137825,3320.4683661460876,3108.818158507347,3326.713889837265,3276.013098657131
3000.0,3319.6697384119034,3315.3652399778366,3094.586580991745,3326.435163617134,3264.0141807496548
2500.0,3323.0017125606537,3305.768072605133,3098.0055034160614,3319.556638598442,3261.5829817950726
3400.0,3329.4662833213806,3290.662541985512,3094.9723720550537,3305.1086962223053,3255.052473396063
2500.0,3349.141404032707,3296.125754714012,3089.723065495491,3311.8269592523575,3261.704295873642
3000.0,3352.2652834653854,3289.122059941292,3096.175342798233,3306.1156421899796,3260.9195820987225
3000.0,3343.8214659690857,3290.5156910419464,3095.0065702199936,3307.4576407670975,3259.200341999531
3000.0,3351.9192785024643,3279.179111123085,3113.1691485643387,3303.7014305591583,3261.9922421872616
3200.0,3380.2997320890427,3282.6854288578033,3100.1123785972595,3303.9747923612595,3266.7680829763412
2500.0,3392.17409491539,3287.28049993515,3105.599731206894,3308.132439851761,3273.2966914772987
3600.0,3356.560841202736,3274.144157767296,3114.3566966056824,3300.187960267067,3261.3124139606953
3000.0,3355.291038751602,3275.736942887306,3125.4583597183228,3304.838687181473,3265.331257134676
3500.0,3383.415788412094,3282.069191336632,3110.063150525093,3307.97016620636,3270.8795741200447
3999.9999999999995,3353.673666715622,3285.9816402196884,3112.8323078155518,3316.0192519426346,3267.126716673374
2400.0,3396.1234241724014,3290.789946913719,3115.9868091344833,3328.6508917808533,3282.8877680003643
3000.0,3429.141864180565,3293.680027127266,3087.870329618454,3322.988748550415,3283.420242369175
3500.0,3390.384614467621,3283.018469810486,3096.8425422906876,3318.7296241521835,3272.2438126802444
3999.9999999999995,3419.0766513347626,3286.6960018873215,3096.843883395195,3321.4259147644043,3281.010612845421
2200.0,3392.392247915268,3301.3752847909927,3097.0658361911774,3329.9189060926437,3280.1880687475204
3000.0,3397.4477648735046,3290.2157306671143,3091.4148688316345,3319.0007507801056,3274.5197787880898
2400.0,3403.637185692787,3278.0521363019943,3103.075325489044,3311.486095190048,3274.0626856684685
3200.0,3426.741063594818,3266.390785574913,3104.09277677536,3300.5712926387787,3274.4489796459675
3000.0,3443.950116634369,3273.438960313797,3097.6974964141846,3306.2316477298737,3280.329555273056
2500.0,3473.5210239887238,3273.673430085182,3107.5112521648407,3304.4685423374176,3289.793562144041
3000.0,3468.6660021543503,3277.657851576805,3098.789155483246,3300.069272518158,3286.29557043314
3999.9999999999995,3436.7653727531433,3270.4561203718185,3119.9075281620026,3300.0777661800385,3281.8016968667507
3999.9999999999995,3403.5122394561768,3280.820846557617,3134.0255588293076,3308.696150779724,3281.7636989057064
3500.0,3412.2126549482346,3287.0598882436752,3123.2131272554398,3327.7930319309235,3287.5696755945683
3000.0,3357.652500271797,3297.291174530983,3106.989562511444,3343.0514484643936,3276.2461714446545
2500.0,3252.737671136856,3288.1316542625427,3107.6397746801376,3336.1977338790894,3246.1767084896564
3000.0,3286.4751666784286,3273.269534111023,3100.806176662445,3325.0361680984497,3246.3967613875866
2600.0,3358.8825166225433,3268.6465233564377,3111.6273254156113,3321.157917380333,3265.0785706937313
1999.9999999999998,3355.8565378189087,3268.1889832019806,3118.7376379966736,3311.055600643158,3263.45968991518
3000.0,3386.6561204195023,3266.531378030777,3092.2798812389374,3293.1585609912872,3259.656485170126
3000.0,3392.6479518413544,3267.556205391884,3104.6106666326523,3292.241245508194,3264.264017343521
3999.9999999999995,3363.436907529831,3267.4462348222733,3119.9149042367935,3293.0228859186172,3260.9552331268787
3500.0,3343.1900292634964,3287.2722297906876,3127.918839454651,3306.385427713394,3266.1916315555573
3500.0,3317.340239882469,3294.273018836975,3127.6284903287888,3314.035087823868,3263.319209218025
3000.0,3294.4536209106445,3299.0115880966187,3113.4791672229767,3320.9583163261414,3256.9756731390953
3000.0,3245.750069618225,3291.0706847906113,3099.1803109645844,3323.264569044113,3239.8164086043835
2500.0,3282.199949026108,3290.7765358686447,3083.6565792560577,3318.6817914247513,3243.8287138938904
3999.9999999999995,3275.5042612552643,3280.6427031755447,3071.7770755290985,3307.196795940399,3233.7802089750767
3999.9999999999995,3338.8636261224747,3298.835903406143,3078.5581469535828,3314.778059720993,3257.7589340507984
3800.0,3374.7880160808563,3300.2907782793045,3109.4471365213394,3319.472596049309,3275.9996317327023
2500.0,3377.3356676101685,3308.6244016885757,3099.2744117975235,3338.712975382805,3280.986864119768
3000.0,3312.535732984543,3285.520076751709,3100.685477256775,3328.0976861715317,3256.7097432911396
3999.9999999999995,3362.642303109169,3276.253044605255,3093.0939316749573,3315.332382917404,3261.8304155766964
3000.0,3413.378521800041,3283.4355533123016,3092.6790833473206,3322.34725356102,3277.960103005171
2500.0,3368.915766477585,3282.1713387966156,3087.6128375530243,3319.459408521652,3264.5398378372192
3000.0,3321.3434368371964,3267.9958641529083,3084.017112851143,3304.760903120041,3244.529329240322
2500.0,3316.457122564316,3260.430246591568,3087.3866379261017,3294.9909567832947,3239.81624096632
3999.9999999999995,3370.7669377326965,3256.8320631980896,3064.0413612127304,3288.5614782571793,3245.050460100174
2500.0,3360.402211546898,3268.5984671115875,3094.5557355880737,3296.9404757022858,3255.1242224872112
3999.9999999999995,3345.831334590912,3259.7655057907104,3107.926771044731,3286.980986595154,3250.126149505377
1999.9999999999998,3398.2164412736893,3272.4983990192413,3102.491721510887,3296.607881784439,3267.453610897064
3000.0,3397.695869207382,3251.9446313381195,3078.470751643181,3290.5391603708267,3254.6626031398773
2500.0,3365.930914878845,3245.418146252632,3095.8959460258484,3290.7535135746,3249.4996301829815
2500.0,3337.8642797470093,3237.443268299103,3099.7006595134735,3287.062793970108,3240.5177503824234
3500.0,3359.636217355728,3234.167620539665,3101.07484459877,3284.817114472389,3244.923949241638
5000.0,3357.5740456581116,3247.2849637269974,3105.0438433885574,3296.9241589307785,3251.706752926111
2200.0,3361.387476325035,3270.9485292434692,3132.103756070137,3315.068632364273,3269.8770985007286
3000.0,3370.8035945892334,3263.625428080559,3128.5762041807175,3308.788239955902,3267.948366701603
3000.0,3414.5698696374893,3262.992650270462,3126.7091631889343,3308.2976192235947,3278.14232558012
3999.9999999999995,3393.864780664444,3257.0240646600723,3128.5107135772705,3303.679972887039,3270.7698829472065
3999.9999999999995,3379.97205555439,3275.3144949674606,3119.6390837430954,3316.778987646103,3272.926155477762
3999.9999999999995,3279.143124818802,3284.50083732605,3121.1140751838684,3329.7087997198105,3253.6167092621326
2500.0,3300.9810000658035,3297.2824573516846,3119.0405040979385,3338.761478662491,3264.0163600444794
3000.0,3320.8883553743362,3285.8960330486298,3110.4907393455505,3326.3321220874786,3260.901812463999
3500.0,3308.2562685012817,3281.421661376953,3092.4101918935776,3320.0767636299133,3250.5412213504314
3000.0,3309.275284409523,3286.569267511368,3098.367601633072,3321.777954697609,3253.997527062893
3500.0,3348.18497300148,3286.2304151058197,3100.569024682045,3320.6807076931,3263.916280120611
3999.9999999999995,3385.8266472816467,3297.8063821792603,3096.4449048042297,3321.9757676124573,3275.5134254693985
3000.0,3357.323482632637,3316.214382648468,3100.755214691162,3324.827402830124,3274.7801207005978
3500.0,3364.514485001564,3313.3623003959656,3081.463873386383,3329.6263217926025,3272.241745144129
2500.0,3348.71806204319,3310.317322611809,3104.7847867012024,3326.108604669571,3272.482194006443
3000.0,3352.9000729322433,3295.886144042015,3095.276355743408,3315.82210958004,3264.9711705744267
2400.0,3395.3674882650375,3295.634463429451,3077.339753508568,3306.7283034324646,3268.7675021588802
3999.9999999999995,3402.7111530303955,3281.4055681228638,3083.556890487671,3293.9258962869644,3265.3998769819736
1500.0,3417.0037508010864,3286.934047937393,3101.0426580905914,3304.482623934746,3277.365770190954
3000.0,3466.47284924984,3276.8534123897552,3058.1626296043396,3286.580890417099,3272.0174454152584
3000.0,3435.610681772232,3265.4041796922684,3083.895519375801,3283.2784205675125,3267.0472003519535
3500.0,3394.6551382541656,3255.8823376893997,3094.4745987653732,3286.176547408104,3257.7971555292606
3999.9999999999995,3420.7986295223236,3256.9263875484467,3101.229965686798,3304.796665906906,3270.9379121661186
3500.0,3343.6819911003113,3260.544016957283,3121.5398758649826,3317.6495879888535,3260.8538679778576
3500.0,3357.023745775223,3267.1523094177246,3124.295398592949,3315.9340918064117,3266.101386398077
3999.9999999999995,3352.174311876297,3258.5779577493668,3123.142048716545,3318.233862519264,3263.0320452153683
3000.0,3389.3220126628876,3269.018232822418,3108.576089143753,3326.982781291008,3273.4747789800167
3000.0,3340.378850698471,3261.8992030620575,3110.0251525640488,3322.901129722595,3258.801084011793
3200.0,3354.741185903549,3262.5174522399902,3099.943846464157,3321.1027085781097,3259.5762982964516
3000.0,3360.881432890892,3260.2082937955856,3108.275905251503,3320.648744702339,3262.50359416008
3500.0,3370.2000975608826,3257.8591257333755,3115.2507662773132,3313.225731253624,3264.133930206299
3999.9999999999995,3391.7440474033356,3269.6163654327393,3119.0022826194763,3321.792706847191,3275.5388505756855
3000.0,3346.2676405906677,3281.08973801136,3134.812116622925,3329.3699473142624,3272.8848606348038
2500.0,3353.9803326129913,3284.158855676651,3127.2509694099426,3329.719305038452,3273.7773656845093
3999.9999999999995,3382.726237177849,3281.3648879528046,3115.1973456144333,3321.0942149162292,3275.095671415329
3400.0,3336.538150906563,3290.945515036583,3134.4234198331833,3326.093852519989,3272.0002345740795
3000.0,3334.830030798912,3301.858752965927,3131.6325813531876,3330.7450264692307,3274.7665978968143
3000.0,3331.9343626499176,3300.1767843961716,3131.9982558488846,3324.166238307953,3272.0689103007317
3600.0,3360.3456616401672,3307.996541261673,3123.26543033123,3319.605588912964,3277.8033055365086
3000.0,3353.903219103813,3316.7362958192825,3121.2613731622696,3320.205509662628,3278.0265994369984
3000.0,3350.965306162834,3319.639340043068,3108.786642551422,3321.1465179920197,3275.134451687336
3000.0,3388.9147639274597,3321.661278605461,3089.357167482376,3315.1549100875854,3278.7720300257206
3999.9999999999995,3397.2611278295517,3319.0353959798813,3087.945654988289,3312.685936689377,3279.2320288717747
2500.0,3410.3042632341385,3329.988643527031,3089.1381204128265,3320.9196478128433,3287.58766874671
3000.0,3384.297341108322,3315.035104751587,3093.833103775978,3310.917690396309,3276.020810008049
3000.0,3425.225615501404,3308.660611510277,3078.937456011772,3313.61822783947,3281.6104777157307
2400.0,3418.574407696724,3303.2304793596268,3098.7341701984406,3307.925909757614,3282.1162417531013
3000.0,3413.989618420601,3289.7139340639114,3095.535859465599,3295.9020137786865,3273.7853564321995
2500.0,3428.0526638031006,3289.131671190262,3100.183680653572,3294.428363442421,3277.949094772339
3000.0,3447.958454489708,3273.499086499214,3111.0703200101852,3283.6250960826874,3279.0382392704487
2600.0,3467.5052762031555,3269.910290837288,3105.1909178495407,3283.3604514598846,3281.491734087467
2800.0,3481.0998290777206,3262.9235833883286,3106.997385621071,3283.2755148410797,3283.57407823205
3000.0,3466.440662741661,3257.727697491646,3103.8540601730347,3290.1035249233246,3279.5314863324165
3000.0,3444.7961300611496,3253.159001469612,3115.8828735351562,3295.4925298690796,3277.3326337337494
3000.0,3452.809900045395,3249.0085065364838,3129.7720223665237,3301.1095225811005,3283.1749878823757
3000.0,3417.763039469719,3247.6796954870224,3139.699548482895,3299.451023340225,3276.1483266949654
3999.9999999999995,3404.1235595941544,3250.09748339653,3129.3781846761703,3298.313096165657,3270.478080958128
3400.0,3390.875682234764,3255.982920527458,3139.3416970968246,3305.2805811166763,3272.870220243931
4400.0,3396.8952298164368,3263.6839896440506,3113.127574324608,3319.13486123085,3273.2104137539864
3000.0,3324.255645275116,3272.470459342003,3123.549073934555,3336.6642147302628,3264.234848320484
3200.0,3217.2122597694397,3263.220638036728,3129.018321633339,3332.504779100418,3235.488999634981
3000.0,3269.713819026947,3262.9725337028503,3119.8064982891083,3329.9363404512405,3245.6072978675365
3999.9999999999995,3319.361060857773,3260.8310133218765,3188.3554905653,3335.142731666565,3275.9225741028786
3000.0,3300.5931973457336,3277.326598763466,3192.933574318886,3350.4071831703186,3280.315138399601
3000.0,3257.916569709778,3277.2988826036453,3153.504654765129,3350.1027524471283,3259.70571488142
3000.0,3323.265016078949,3280.978426337242,3120.933026075363,3350.759446620941,3268.983978778124
2500.0,3345.1178669929504,3290.5948162078857,3108.5380911827087,3351.5623211860657,3273.9532738924026
1999.9999999999998,3357.9589426517487,3286.687731742859,3102.95507311821,3339.991271495819,3271.898254752159
3400.0,3367.551863193512,3273.8781720399857,3094.9466675519943,3320.106491446495,3264.1207985579967
3000.0,3398.3655273914337,3273.523226380348,3147.606700658798,3323.6436545848846,3285.784777253866
2800.0,3374.4487166404724,3275.5498588085175,3158.068209886551,3324.3077248334885,3283.0936275422573
2600.0,3391.6253596544266,3276.3464748859406,3148.8029658794403,3323.6950635910034,3285.1174660027027
3000.0,3397.3123133182526,3280.085474252701,3130.8283656835556,3321.129083633423,3282.338809221983
3999.9999999999995,3396.308496594429,3284.905180335045,3118.5686588287354,3326.7442882061005,3281.6316559910774
3000.0,3404.209390282631,3301.7416298389435,3135.114759206772,3335.6621861457825,3294.181991368532
3000.0,3421.695828437805,3295.699506998062,3123.4243512153625,3334.3342691659927,3293.7884889543056
3999.9999999999995,3445.7311034202576,3292.2492921352386,3108.7911128997803,3332.8981697559357,3294.917419552803
3000.0,3447.5281834602356,3301.3348281383514,3125.024065375328,3345.1464772224426,3304.7583885490894
3999.9999999999995,3453.325554728508,3299.276679754257,3119.60332095623,3345.5754071474075,3304.4452406466007
3999.9999999999995,3456.236869096756,3305.250406265259,3126.934915781021,3355.5610477924347,3310.9958097338676
3999.9999999999995,3430.841937661171,3316.6757225990295,3127.6072561740875,3365.744948387146,3310.2174662053585
3500.0,3405.5744111537933,3326.077312231064,3119.1113591194153,3371.3069558143616,3305.5175095796585
3500.0,3371.1183071136475,3323.884829878807,3102.155327796936,3373.599797487259,3292.6895655691624
2500.0,3360.2263033390045,3319.537863135338,3103.301525115967,3371.13618850708,3288.5504700243473
3999.9999999999995,3378.702476620674,3302.7224242687225,3081.2419205904007,3356.523960828781,3279.7976955771446
2500.0,3425.969257950783,3317.6815509796143,3107.1312725543976,3359.1127395629883,3302.4737052619457
4500.0,3403.6438912153244,3313.480317592621,3090.411275625229,3347.02268242836,3288.6395417153835
3000.0,3393.305093050003,3330.4694294929504,3115.939199924469,3355.1929146051407,3298.726659268141
3000.0,3420.485705137253,3335.9067142009735,3099.0124493837357,3357.706367969513,3303.2778091728687
3999.9999999999995,3361.22989654541,3333.0727368593216,3086.8081748485565,3351.299464702606,3283.1025682389736
2500.0,3380.1043778657913,3334.0980112552643,3113.4983897209167,3354.3719351291656,3295.5181784927845
3999.9999999999995,3371.7893064022064,3317.786604166031,3102.4284660816193,3338.3119851350784,3282.5790904462337
3999.9999999999995,3388.0772441625595,3318.149819970131,3116.881102323532,3344.554826617241,3291.915748268366
3500.0,3387.1666342020035,3327.990621328354,3121.791109442711,3358.635753393173,3298.8960295915604
3000.0,3350.7587760686874,3326.6454935073853,3126.3142079114914,3373.52491915226,3294.310849159956
3000.0,3298.5035330057144,3312.8752559423447,3120.5926090478897,3373.7124502658844,3276.4209620654583
3000.0,3281.9093763828278,3305.308297276497,3099.4317680597305,3358.0610901117325,3261.177632957697
2500.0,3357.163891196251,3310.316428542137,3088.250309228897,3349.433094263077,3276.2909308075905
3800.0,3353.9606630802155,3299.645036458969,3082.9207599163055,3333.9612185955048,3267.6219195127487
3000.0,3397.410437464714,3310.191258788109,3115.5849248170853,3347.4737405776978,3292.6650904119015
1500.0,3349.5477586984634,3304.985538125038,3107.8702211380005,3345.964550971985,3277.0920172333717
3500.0,3427.9708564281464,3282.1959257125854,3072.478696703911,3319.4875717163086,3275.533262640238
2800.0,3455.2766382694244,3283.957690000534,3100.0368297100067,3327.1222561597824,3291.598353534937
3000.0,3399.6060490608215,3273.3895629644394,3104.3925136327744,3329.663425683975,3276.7628878355026
3200.0,3372.6156502962112,3263.1099969148636,3111.329600214958,3326.4847844839096,3268.3850079774857
3600.0,3466.0153090953827,3275.443911552429,3129.8214197158813,3333.8119089603424,3301.273137331009
3999.9999999999995,3394.8949724435806,3283.4965735673904,3143.145963549614,3337.365835905075,3289.725836366415
3999.9999999999995,3359.811455011368,3303.8583397865295,3140.377923846245,3352.7275174856186,3289.19380903244
3999.9999999999995,3323.0218291282654,3317.801356315613,3137.727230787277,3358.4222942590714,3284.2431776225567
2400.0,3309.5866441726685,3314.9640262126923,3125.070333480835,3367.4032241106033,3279.2560569941998
3500.0,3341.723307967186,3306.6976815462112,3087.732642889023,3359.8320186138153,3273.996412754059
3999.9999999999995,3328.990861773491,3310.260772705078,3077.445924282074,3356.0362458229065,3268.1834511458874
2500.0,3357.9356968402863,3329.280987381935,3079.1209638118744,3356.4068377017975,3280.6861214339733
1999.9999999999998,3386.5919709205627,3326.6298472881317,3051.0391294956207,3351.871445775032,3279.033098369837
3000.0,3365.4771745204926,3301.1844009160995,3047.749400138855,3330.5979520082474,3261.2522318959236
2500.0,3387.095332145691,3283.417671918869,3100.755214691162,3324.865847826004,3274.0335166454315
3500.0,3395.6513553857803,3262.9450410604477,3110.988065600395,3310.9333366155624,3270.1294496655464
3500.0,3375.3421157598495,3271.0247486829758,3110.624849796295,3315.1844143867493,3268.0440321564674
2500.0,3392.3231810331345,3282.6943695545197,3109.4996631145477,3323.9563554525375,3277.118392288685
3400.0,3401.8474817276,3282.0506393909454,3090.1028215885162,3320.9504932165146,3273.737858980894
3000.0,3399.3861079216003,3279.4464379549026,3120.6775456666946,3329.080492258072,3282.1476459503174
3999.9999999999995,3383.464962244034,3272.1570879220963,3142.0914083719254,3332.485556602478,3282.5497537851334
3000.0,3416.2142872810364,3288.607746362686,3156.6741317510605,3343.5990661382675,3301.2738078832626
3200.0,3417.799472808838,3288.3862406015396,3133.903741836548,3342.636153101921,3295.6814020872116
5000.0,3393.1955695152283,3286.672532558441,3129.541128873825,3345.266282558441,3288.668878376484
2500.0,3413.5622531175613,3306.197226047516,3157.1397185325623,3358.190953731537,3308.772537857294
3000.0,3414.26745057106,3296.2600886821747,3122.093081474304,3351.1823415756226,3295.9507405757904
3000.0,3435.5219453573227,3300.727754831314,3093.5128033161163,3346.792235970497,3294.1386848688126
3000.0,3459.56951379776,3301.835060119629,3084.7131460905075,3344.1583067178726,3297.5690066814423
3000.0,3461.57468855381,3304.10934984684,3087.5522643327713,3333.0000936985016,3296.5590991079807
3000.0,3459.021672606468,3297.0406115055084,3100.1561880111694,3334.2987298965454,3297.629300504923
3000.0,3426.2267500162125,3289.042040705681,3110.4663759469986,3334.1947942972183,3289.9824902415276
3000.0,3450.0816464424133,3290.5250787734985,3106.6513806581497,3332.3807269334793,3294.909708201885
2500.0,3451.6675025224686,3295.823782682419,3105.4365634918213,3333.46389234066,3296.597935259342
3999.9999999999995,3430.568128824234,3297.3513007164,3068.0376291275024,3324.670046567917,3280.1567763090134
2400.0,3417.0274436473846,3310.8191192150116,3084.660843014717,3332.725837826729,3286.3083109259605
3200.0,3446.276932954788,3303.462713956833,3073.255866765976,3326.54669880867,3287.3855531215668
5000.0,3426.7665445804596,3303.387835621834,3100.271299481392,3328.1414955854416,3289.6417938172817
3000.0,3422.749489545822,3314.6309852600098,3142.2827392816544,3341.1164581775665,3305.194918066263
3999.9999999999995,3408.5313230752945,3308.824449777603,3128.315806388855,3340.9108221530914,3296.645600348711
2500.0,3400.8418768644333,3314.42691385746,3116.283640265465,3347.2276479005814,3294.695019721985
3999.9999999999995,3443.259224295616,3296.957015991211,3086.090236902237,3340.9249037504196,3291.807845234871
3500.0,3459.641933441162,3305.778354406357,3103.5154312849045,3347.979113459587,3304.2287081480026
3999.9999999999995,3426.3843297958374,3305.7450503110886,3103.262409567833,3348.504826426506,3295.9741540253162
2500.0,3424.1225570440292,3319.099545478821,3095.3825265169144,3351.4831960201263,3297.5219562649727
3000.0,3417.481407523155,3305.7327568531036,3062.4760687351227,3343.0668711662292,3282.1892760694027
3500.0,3450.428321957588,3299.110382795334,3065.619617700577,3339.385762810707,3288.6360213160515
3000.0,3433.3524852991104,3304.782137274742,3085.6141448020935,3343.8406884670258,3291.897363960743
3000.0,3406.462222337723,3294.9209958314896,3103.4092605113983,3338.4235203266144,3285.8039997518063
3999.9999999999995,3456.585556268692,3290.6929403543472,3116.169422864914,3337.4865353107452,3300.2336136996746
1999.9999999999998,3437.4529123306274,3303.5966008901596,3132.7687203884125,3343.123644590378,3304.2354695498943
3500.0,3447.4195539951324,3285.023421049118,3108.4703654050827,3327.6736736297607,3292.1467535197735
3500.0,3422.042280435562,3284.26256775856,3126.998171210289,3337.6313745975494,3292.73359850049
3000.0,3402.8756618499756,3290.4472947120667,3130.696266889572,3337.2536301612854,3290.318213403225
2500.0,3415.440246462822,3289.042040705681,3121.2446093559265,3335.866257548332,3290.3982885181904
2500.0,3420.7646548748016,3288.3220911026,3103.582262992859,3322.8056877851486,3283.8686741888523
2500.0,3464.3181413412094,3283.052444458008,3094.8708951473236,3319.491147994995,3290.433157235384
1500.0,3414.454311132431,3273.863196372986,3097.2258746623993,3309.195265173912,3273.684661835432
3000.0,3466.9943153858185,3244.934007525444,3066.1817640066147,3285.0075513124466,3265.779409557581
2500.0,3474.666103720665,3232.508897781372,3085.247352719307,3282.0897549390793,3268.628027290106
3000.0,3452.8516978025436,3221.675232052803,3088.2297456264496,3275.1139998435974,3259.4676688313484
3999.9999999999995,3462.1115773916245,3210.580497980118,3109.045922756195,3287.023678421974,3267.190419137478
3999.9999999999995,3470.7295149564743,3235.2805137634277,3132.5840950012207,3306.010812520981,3286.151234060526
1999.9999999999998,3396.33084833622,3248.225972056389,3140.014708042145,3325.5846798419952,3277.539052069187
3500.0,3331.163227558136,3229.8970967531204,3111.940920352936,3318.992257118225,3247.9983754456043
3000.0,3303.719535470009,3226.0559499263763,3121.967911720276,3321.3673532009125,3243.2776875793934
2500.0,3381.5735578536987,3235.8672469854355,3116.2219494581223,3328.26666533947,3265.4823549091816
2800.0,3383.632153272629,3233.559876680374,3116.203621029854,3323.3781158924103,3264.1934417188168
3000.0,3367.643281817436,3232.5907051563263,3108.809217810631,3324.945420026779,3258.497156202793
2500.0,3391.116186976433,3238.2313907146454,3114.1821295022964,3321.6141164302826,3266.2859559059143
3000.0,3428.5224974155426,3235.541805624962,3098.2527136802673,3309.456557035446,3267.9433934390545
3000.0,3425.4294633865356,3236.9264960289,3090.8918380737305,3313.3117854595184,3266.639895737171
3400.0,3403.4570306539536,3245.0799643993378,3105.3871661424637,3317.2687143087387,3267.7982188761234
3000.0,3381.778970360756,3244.5088773965836,3134.615421295166,3325.060084462166,3271.490838378668
1999.9999999999998,3338.8153463602066,3241.2005960941315,3142.530843615532,3323.141857981682,3261.422161012888
3000.0,3277.2991061210632,3224.724903702736,3123.4337389469147,3309.312164783478,3233.692478388548
3000.0,3302.314281463623,3227.081671357155,3138.3557617664337,3304.8076182603836,3243.139833211899
2600.0,3328.5297453403473,3232.1852445602417,3140.053153038025,3305.6992292404175,3251.616843044758
3500.0,3384.2968940734863,3227.9540598392487,3134.5783174037933,3302.9479533433914,3262.44430616498
3999.9999999999995,3448.0252861976624,3244.61929500103,3140.5118107795715,3311.7596805095673,3286.229018121958
3999.9999999999995,3461.7747366428375,3272.6173102855682,3143.732026219368,3331.2638103961945,3302.346970885992
4400.0,3421.672582626343,3295.886144042015,3141.5489315986633,3348.982483148575,3302.022535353899
3999.9999999999995,3448.476344347,3309.7433298826218,3145.5154716968536,3370.320349931717,3318.513873964548
3000.0,3341.570422053337,3308.8966459035873,3136.601150035858,3378.96890938282,3291.5092818439007
3000.0,3329.0713280439377,3291.68401658535,3120.0065463781357,3371.746614575386,3278.1271263957024
3000.0,3419.378846883774,3297.187462449074,3112.0651960372925,3367.272689938545,3298.9760488271713
3000.0,3405.1336348056793,3300.34039914608,3111.3242357969284,3356.2105894088745,3293.2522147893906
3999.9999999999995,3406.805098056793,3301.7264306545258,3108.3963811397552,3352.0299196243286,3292.2394573688507
3000.0,3403.6121517419815,3322.162851691246,3121.36173248291,3352.3638546466827,3299.875147640705
2400.0,3401.864916086197,3322.785794734955,3099.0931391716003,3342.3741906881332,3291.5295101702213
3999.9999999999995,3452.5206685066223,3316.6616410017014,3075.796365737915,3330.5056393146515,3293.8710786402225
3000.0,3469.2437946796417,3332.272097468376,3102.6750057935715,3335.4878425598145,3309.919685125351
3000.0,3432.6808154582977,3331.2995731830597,3103.8889288902283,3338.7165516614914,3301.6464672982693
3400.0,3408.8292717933655,3318.323716521263,3107.8505516052246,3335.6494456529617,3292.6632463932037
3000.0,3428.6601841449738,3320.634439587593,3109.7842007875443,3343.4495329856873,3300.6320893764496
3000.0,3404.459059238434,3313.702717423439,3112.7285957336426,3335.8613401651382,3291.6879281401634
3500.0,3435.5518966913223,3314.930275082588,3104.0621548891068,3332.371339201927,3296.728916466236
3200.0,3420.574441552162,3316.003158688545,3113.0164861679077,3342.074900865555,3297.9172468185425
3999.9999999999995,3357.2380989789963,3307.882770895958,3118.2342767715454,3346.496745944023,3282.4629731476307
2400.0,3391.1756426095963,3308.5591346025467,3144.3270295858383,3352.7688682079315,3299.207668751478
3000.0,3431.4461052417755,3298.085778951645,3124.503046274185,3343.3350920677185,3299.342505633831
3000.0,3408.6618572473526,3301.3473451137543,3103.441894054413,3338.8786017894745,3288.0824245512486
2500.0,3412.7115458250046,3300.231546163559,3102.1390110254288,3331.4374834299088,3286.6298966109753
3000.0,3470.131605863571,3297.6412028074265,3096.8955159187317,3327.416181564331,3298.021126538515
3600.0,3402.518481016159,3289.24722969532,3112.076595425606,3320.397287607193,3281.0598984360695
3000.0,3431.8403899669647,3299.2058247327805,3123.6836314201355,3327.544927597046,3295.5686934292316
3999.9999999999995,3428.061380982399,3302.2038638591766,3103.465586900711,3333.013728260994,3291.68614000082
3000.0,3416.784480214119,3314.874619245529,3119.959384202957,3339.4499123096466,3297.767098993063
3000.0,3402.034565806389,3303.679972887039,3115.231543779373,3336.5772664546967,3289.3808372318745
2400.0,3421.0628271102905,3302.7206361293793,3095.3919142484665,3333.532065153122,3288.1768606603146
3000.0,3447.599709033966,3292.6326245069504,3082.422763109207,3319.018632173538,3285.4184322059155
3000.0,3464.2063826322556,3288.7597382068634,3096.262291073799,3319.748640060425,3292.2442629933357
2500.0,3413.601368665695,3281.3990861177444,3112.983852624893,3318.6163008213043,3281.6501520574093
3400.0,3455.500602722168,3278.9643108844757,3104.7463417053223,3308.378979563713,3286.8975587189198
3500.0,3483.4185987710953,3286.8515700101852,3123.990297317505,3319.0805464982986,3303.335253149271
3500.0,3398.186042904854,3282.6510071754456,3146.117180585861,3335.413411259651,3290.591910481453
3999.9999999999995,3360.1710945367813,3288.6772602796555,3143.7447667121887,3336.246907711029,3282.2100073099136
3000.0,3401.6811847686768,3296.8729734420776,3142.445459961891,3344.5537090301514,3296.3883318006992
3200.0,3397.6370841264725,3286.822736263275,3126.564547419548,3338.1977677345276,3287.305533885956
3999.9999999999995,3413.8546139001846,3286.4881306886673,3116.057887673378,3342.28053689003,3289.670292288065
3999.9999999999995,3401.138260960579,3294.7690039873123,3133.174628019333,3343.9115434885025,3293.2483591139317
1500.0,3395.3987807035446,3306.446000933647,3135.111629962921,3353.329673409462,3297.5715212523937
2500.0,3423.014357686043,3289.9195700883865,3094.5901572704315,3332.206606864929,3284.9326729774475
4500.0,3427.1610528230667,3286.7125421762466,3081.408441066742,3320.3087747097015,3278.897702693939
1999.9999999999998,3374.4440227746964,3301.6222715377808,3120.516613125801,3328.9816975593567,3281.3911512494087
3999.9999999999995,3418.1249141693115,3298.1642335653305,3087.942972779274,3322.535678744316,3281.691949814558
4400.0,3384.1247856616974,3310.3157579898834,3112.3320758342743,3328.0981332063675,3283.7176881730556
3000.0,3377.0495653152466,3321.5121924877167,3122.2468614578247,3348.5591411590576,3292.3419401049614
2500.0,3307.1762323379517,3310.1098984479904,3110.6389313936234,3347.002789378166,3268.731962889433
3500.0,3351.3135462999344,3303.174152970314,3094.4757163524628,3337.8562331199646,3271.704912185669
3000.0,3354.75817322731,3303.9640635252,3109.8660081624985,3342.748135328293,3277.8340950608253
2500.0,3332.4024081230164,3299.083560705185,3106.7678332328796,3336.571902036667,3268.706426024437
3999.9999999999995,3351.401165127754,3288.6844128370285,3092.9410457611084,3322.9543268680573,3263.995237648487
3400.0,3376.760110259056,3299.8236268758774,3120.1355159282684,3332.2812616825104,3282.250128686428
3500.0,3365.868106484413,3308.9717477560043,3133.707046508789,3340.427130460739,3287.2435078024864
3000.0,3331.407755613327,3309.929296374321,3145.6026434898376,3346.673995256424,3283.4034226834774
3000.0,3320.1804757118225,3305.2486181259155,3140.481188893318,3342.82323718071,3277.1833799779415
3000.0,3350.605219602585,3307.6228201389313,3122.071623802185,3342.8379893302917,3280.7844132184982
3000.0,3342.074453830719,3307.7339082956314,3113.8649582862854,3335.179165005684,3274.71312135458
3000.0,3389.974907040596,3308.5383474826813,3112.8915399312973,3327.682614326477,3284.771852195263
3000.0,3405.092731118202,3305.516615509987,3102.915734052658,3322.6697891950607,3284.048717468977
3000.0,3408.7637811899185,3305.078074336052,3100.3761291503906,3318.173959851265,3283.0979861319065
3000.0,3396.1623162031174,3301.4707267284393,3091.5865302085876,3314.4577592611313,3275.919333100319
3000.0,3450.0092267990112,3307.6518774032593,3088.5976552963257,3314.257711172104,3290.129117667675
3999.9999999999995,3444.8879957199097,3298.4286546707153,3101.811558008194,3313.796818256378,3289.7312566637993
2800.0,3399.445340037346,3303.2170683145523,3126.4004856348038,3324.3752270936966,3288.3595302700996
3000.0,3443.9563751220703,3300.8012920618057,3112.95747756958,3334.045261144638,3297.9401014745235
3000.0,3359.0805530548096,3288.7959480285645,3112.6677989959717,3331.1350643634796,3272.9198411107063
1999.9999999999998,3415.781557559967,3291.603997349739,3106.354773044586,3329.455778002739,3285.799026489258
3000.0,3412.8423035144806,3278.6715030670166,3094.303160905838,3312.8441870212555,3274.6652886271477
2200.0,3426.823988556862,3269.473761320114,3121.396154165268,3309.3783259391785,3281.7680574953556
2500.0,3464.312329888344,3255.513310432434,3114.7004663944244,3302.34557390213,3284.217920154333
3200.0,3440.096899867058,3246.2791353464127,3106.1578541994095,3294.197916984558,3271.6829515993595
2500.0,3510.3794932365417,3253.336027264595,3124.7983127832413,3303.7255704402924,3298.0598509311676
3000.0,3492.9724037647247,3239.3454015254974,3126.787170767784,3295.8266884088516,3288.7329161167145
3000.0,3459.0692818164825,3236.898109316826,3124.6481090784073,3302.2798597812653,3280.7238399982452
3000.0,3448.81609082222,3230.453208088875,3143.9924240112305,3308.311477303505,3282.8933000564575
5000.0,3443.9919143915176,3230.3714007139206,3147.5333869457245,3310.4874193668365,3283.0960303545
2600.0,3477.810323238373,3259.7822695970535,3156.8127125501633,3332.14670419693,3306.63800239563
3000.0,3415.323346853256,3257.870525121689,3131.834864616394,3329.6936005353928,3283.680584281683
3000.0,3402.6239812374115,3257.7142864465714,3121.6780096292496,3328.212797641754,3277.5572687387466
2600.0,3425.551950931549,3255.7886838912964,3116.47430062294,3323.40806722641,3280.305750668049
3999.9999999999995,3469.287157058716,3258.848190307617,3105.99222779274,3320.978432893753,3288.7765020132065
3999.9999999999995,3427.5197982788086,3280.8659970760345,3123.183846473694,3332.4632048606873,3291.008211672306
3000.0,3442.169353365898,3296.6092228889465,3134.3961507081985,3346.038982272148,3304.803427308798
2500.0,3432.089388370514,3297.271504998207,3123.759403824806,3348.371386528015,3300.3729209303856
2400.0,3402.1009504795074,3281.0834795236588,3104.6269834041595,3333.9668065309525,3280.4445549845695
2500.0,3446.4597702026367,3271.5368270874023,3086.6222083568573,3321.5229213237762,3281.535431742668
3500.0,3471.0245579481125,3271.425738930702,3075.867220759392,3310.7484877109528,3282.26650133729
1999.9999999999998,3451.656326651573,3277.9526710510254,3112.568110227585,3316.088989377022,3289.5665243268013
3000.0,3458.5516154766083,3268.8217610120773,3100.9266525506973,3307.693898677826,3283.998481929302
3000.0,3438.4864568710327,3261.5214586257935,3128.412812948227,3305.804282426834,3283.556252717972
3500.0,3470.860943198204,3267.884775996208,3129.832148551941,3308.037891983986,3294.1539399325848
3000.0,3437.708616256714,3271.998167037964,3134.2995911836624,3313.269540667534,3289.3189787864685
3999.9999999999995,3472.227528691292,3269.614800810814,3117.5076216459274,3314.2447471618652,3293.3986745774746
3999.9999999999995,3483.3215922117233,3289.472982287407,3131.0932338237762,3325.6711810827255,3307.389747351408
3500.0,3426.5276044607162,3290.709927678108,3125.7717311382294,3339.0308171510696,3295.510020107031
2500.0,3454.9639374017715,3295.0079441070557,3109.479546546936,3346.1858332157135,3301.409315317869
3200.0,3472.71166741848,3291.507214307785,3083.099126815796,3338.6023342609406,3296.4800857007504
3000.0,3438.7582540512085,3291.998505592346,3075.0822275877,3337.8231525421143,3285.915534943342
3200.0,3429.94786798954,3287.0782166719437,3093.8006937503815,3328.019455075264,3284.7115583717823
3999.9999999999995,3457.198664546013,3287.5509560108185,3098.2855707406998,3329.0547877550125,3293.022494763136
3000.0,3434.024825692177,3294.0077036619186,3126.0716915130615,3332.8422904014587,3296.736627817154
2600.0,3453.606739640236,3294.3805307149887,3112.2708320617676,3335.172012448311,3298.8575287163258
3000.0,3454.248458147049,3285.873904824257,3102.9007583856583,3329.8203349113464,3293.2108640670776
3000.0,3416.7616814374924,3286.2284034490585,3101.5290319919586,3328.877091407776,3283.3490520715714
3999.9999999999995,3401.4366567134857,3282.967507839203,3114.234209060669,3321.8125998973846,3280.1127433776855
3500.0,3436.1033141613007,3296.01489007473,3128.9177387952805,3322.7531611919403,3295.947276055813
3999.9999999999995,3442.488983273506,3303.0152320861816,3128.5833567380905,3333.484008908272,3301.8928952515125
2500.0,3381.299078464508,3308.9451491832733,3140.2865052223206,3342.226892709732,3293.1894063949585
2500.0,3374.6416121721268,3297.8881895542145,3119.3426996469498,3334.152325987816,3281.5062068402767
3000.0,3421.9741076231003,3289.4157618284225,3105.4309755563736,3321.911171078682,3284.6830040216446
3500.0,3452.431485056877,3290.7072454690933,3105.6929379701614,3316.1140233278275,3291.23642295599
2500.0,3429.749384522438,3297.8638261556625,3112.2276932001114,3318.7036961317062,3289.6361500024796
3000.0,3462.0434045791626,3298.1646806001663,3092.179521918297,3310.646563768387,3290.758542716503
2800.0,3463.9106690883636,3300.3728091716766,3092.2356247901917,3311.319351196289,3291.9596135616302
1999.9999999999998,3477.737009525299,3293.9554005861282,3093.8462913036346,3316.020369529724,3295.3897677361965
2200.0,3441.42884016037,3274.494409561157,3095.204383134842,3302.6236295700073,3278.437815606594
3000.0,3451.6143053770065,3254.3081045150757,3107.689619064331,3290.2968674898148,3275.977224111557
3000.0,3472.9327261447906,3261.713460087776,3117.098808288574,3285.488337278366,3284.308332949877
3500.0,3469.5015102624893,3248.5920935869217,3123.8313764333725,3289.1113311052322,3282.759077847004
3999.9999999999995,3474.2510318756104,3255.5944472551346,3126.922845840454,3304.1131496429443,3290.220368653536
3999.9999999999995,3401.244431734085,3265.1598751544952,3134.450241923332,3322.116583585739,3280.742783099413
3500.0,3403.693288564682,3279.220685362816,3138.497695326805,3337.039276957512,3289.6127365529537
2400.0,3380.5666118860245,3282.681852579117,3128.2420456409454,3344.888314604759,3284.0947061777115
2500.0,3401.6939252614975,3276.9086211919785,3101.547807455063,3335.95409989357,3279.026113450527
3000.0,3441.345691680908,3267.204612493515,3089.030832052231,3326.1895179748535,3280.942663550377
3000.0,3423.045426607132,3264.642655849457,3110.2949380874634,3322.8307217359543,3280.2034355700016
3000.0,3421.778753399849,3263.929635286331,3124.695271253586,3316.522389650345,3281.7315123975277
3000.0,3399.7855335474014,3257.7862590551376,3125.4366785287857,3310.225009918213,3273.3083702623844
3000.0,3375.4321932792664,3257.579058408737,3115.835264325142,3308.073878288269,3264.2300985753536
3999.9999999999995,3405.9883654117584,3266.092613339424,3107.701689004898,3316.3127303123474,3274.023849517107
3000.0,3396.529108285904,3286.3008230924606,3128.9830058813095,3325.9718120098114,3284.4461873173714
3000.0,3382.335752248764,3288.200721144676,3123.3955174684525,3326.953947544098,3280.2214846014977
3999.9999999999995,3392.803743481636,3292.577862739563,3104.141727089882,3324.938043951988,3278.6153443157673
3000.0,3387.2736990451813,3310.1939409971237,3107.439950108528,3336.4784717559814,3285.3465154767036
3999.9999999999995,3353.0788868665695,3306.0385286808014,3106.2186509370804,3339.1620218753815,3276.124522089958
3999.9999999999995,3319.183588027954,3298.926427960396,3121.5016543865204,3345.371335744858,3271.245751529932
2500.0,3409.0563654899597,3310.2643489837646,3122.275471687317,3358.1815659999847,3299.9444380402565
3000.0,3390.173390507698,3304.143100976944,3110.5852872133255,3347.141146659851,3288.0107313394547
3500.0,3372.0995485782623,3305.07829785347,3095.3970551490784,3339.703604578972,3278.0696265399456
3500.0,3389.7466957569122,3309.5240592956543,3103.1497567892075,3339.405208826065,3285.4564301669598
3000.0,3411.2492948770523,3322.3141729831696,3095.792233943939,3349.3535220623016,3294.6773059666157
3000.0,3354.7020703554153,3306.899517774582,3101.2366712093353,3342.433422803879,3276.317920535803
3400.0,3419.5639193058014,3303.4736663103104,3096.3320285081863,3335.646539926529,3288.7540385127068
1999.9999999999998,3418.807089328766,3306.567817926407,3108.976185321808,3337.9192650318146,3293.067589402199
3000.0,3436.4046156406403,3291.132375597954,3107.2747707366943,3321.382999420166,3289.0486903488636
3400.0,3458.0328315496445,3287.2045040130615,3128.2293051481247,3315.442129969597,3297.227192670107
3000.0,3457.605019211769,3287.1799170970917,3144.5594877004623,3321.741074323654,3302.7713745832443
3000.0,3436.947539448738,3286.123126745224,3151.6525894403458,3326.4362812042236,3300.289884209633
3000.0,3415.980711579323,3290.3800159692764,3145.504519343376,3322.82155752182,3293.671701103449
5000.0,3451.555296778679,3297.332301735878,3136.643171310425,3324.0629732608795,3302.3984357714653
3000.0,3465.348109602928,3315.1238411664963,3158.1855565309525,3337.830752134323,3319.122064858675
3000.0,3417.0690178871155,3312.33948469162,3145.3268229961395,3337.3475074768066,3303.0207082629204
3000.0,3433.159813284874,3310.529887676239,3128.461092710495,3335.309475660324,3301.865067332983
2500.0,3470.4463183879852,3314.1519874334335,3125.195726752281,3335.0372314453125,3311.207816004753
3999.9999999999995,3451.867997646332,3309.9639415740967,3115.052282810211,3326.6714215278625,3300.8889108896255
4500.0,3407.19111263752,3317.563533782959,3137.258067727089,3331.631049513817,3298.410940915346
3000.0,3395.3361958265305,3325.4968374967575,3130.65804541111,3337.947428226471,3297.359626740217
2500.0,3405.192643404007,3320.5318450927734,3107.442632317543,3339.9825543165207,3293.287418782711
2500.0,3370.2722936868668,3310.505524277687,3092.5773829221725,3328.205421566963,3275.3901556134224
1500.0,3411.3699942827225,3305.235654115677,3089.0201032161713,3311.67072057724,3279.3241180479527
3000.0,3462.984189391136,3283.0725610256195,3049.2062866687775,3287.4903827905655,3270.6883549690247
2500.0,3431.2203526496887,3274.1235941648483,3070.3850090503693,3282.4017852544785,3264.532685279846
3000.0,3425.3711253404617,3255.031183362007,3097.5940078496933,3275.759294629097,3263.438902795315
3500.0,3434.9481761455536,3249.029517173767,3118.8639253377914,3285.2979004383087,3272.034879773855
3800.0,3431.793674826622,3254.3255388736725,3127.487674355507,3299.366533756256,3278.2433554530144
2500.0,3434.0134263038635,3274.7943699359894,3130.48392534256,3325.304612517357,3291.1490835249424
3500.0,3364.9199455976486,3265.8518850803375,3120.085671544075,3322.6876705884933,3268.3862932026386
3999.9999999999995,3350.207358598709,3258.931338787079,3136.2508982419968,3333.3776146173477,3269.691802561283
3999.9999999999995,3341.074436903,3264.8102939128876,3148.1587886810303,3342.173248529434,3274.054192006588
3999.9999999999995,3359.3903481960297,3275.8455723524094,3153.669163584709,3348.0412513017654,3284.2365838587284
3000.0,3337.4355733394623,3277.4394750595093,3147.8451937437057,3354.1251718997955,3279.211353510618
2500.0,3317.1095699071884,3273.4206318855286,3119.988664984703,3351.5748381614685,3265.523426234722
3000.0,3341.221511363983,3270.247131586075,3109.784424304962,3338.877037167549,3265.0325261056423
3000.0,3358.992040157318,3267.4627751111984,3121.0242211818695,3328.302875161171,3268.9454779028893
3500.0,3407.2615206241608,3280.1511883735657,3108.288198709488,3324.2757618427277,3279.9941673874855
3999.9999999999995,3357.4220538139343,3294.362649321556,3114.8455291986465,3323.8081634044647,3272.6095989346504
4500.0,3333.440199494362,3311.103656888008,3121.056854724884,3334.0875059366226,3274.922054260969
3999.9999999999995,3307.148963212967,3324.2174237966537,3129.9541890621185,3346.567153930664,3276.971932500601
3000.0,3259.4887912273407,3330.712616443634,3115.810453891754,3355.400562286377,3265.3531059622765
3000.0,3243.54350566864,3324.703797698021,3095.974400639534,3352.535516023636,3254.1893050074577
3500.0,3323.0064064264297,3321.8642324209213,3085.891082882881,3349.108099937439,3269.967455416918
3000.0,3326.791450381279,3322.0387995243073,3101.1347472667694,3342.8849279880524,3273.212481290102
3200.0,3341.2592858076096,3320.3094452619553,3093.7884002923965,3335.309252142906,3272.666595876217
3999.9999999999995,3381.1741322278976,3324.550688266754,3087.9680067300797,3335.9692990779877,3282.41553157568
3000.0,3380.94100356102,3331.1183005571365,3115.326315164566,3335.02359688282,3290.6023040413857
3000.0,3410.0601822137833,3324.5524764060974,3110.947608947754,3331.0796320438385,3294.1599749028683
3000.0,3405.8620780706406,3316.844701766968,3111.9713187217712,3327.6864141225815,3290.5911281704903
3500.0,3398.7875282764435,3312.8902316093445,3108.2752346992493,3324.410319328308,3286.0908284783363
3000.0,3441.1219507455826,3315.6055212020874,3112.017810344696,3335.174471139908,3300.9799383580685
3000.0,3400.409370660782,3308.538794517517,3120.080307126045,3335.9775692224503,3291.2515103816986
2500.0,3389.704003930092,3302.9070496559143,3129.912167787552,3327.145501971245,3287.4171808362007
5000.0,3400.8152782917023,3290.158063173294,3117.605522274971,3312.8249645233154,3280.3509570658207
2400.0,3453.9661556482315,3310.525417327881,3125.3955513238907,3327.1510899066925,3304.259553551674
3999.9999999999995,3412.076085805893,3303.646668791771,3115.9912794828415,3318.2135224342346,3287.481889128685
3000.0,3419.628292322159,3313.487023115158,3125.358670949936,3325.013369321823,3295.871838927269
3999.9999999999995,3410.0262075662613,3312.278240919113,3120.456039905548,3329.17258143425,3292.983267456293
3000.0,3391.0752832889557,3315.4448121786118,3139.2645835876465,3341.4092659950256,3296.79848626256
3000.0,3384.750634431839,3304.782807826996,3142.8851187229156,3340.2007073163986,3293.1548170745373
3000.0,3362.8419041633606,3299.6662706136703,3131.1631947755814,3335.4967832565308,3282.2920382022858
3000.0,3380.228877067566,3305.865079164505,3110.547289252281,3336.777985095978,3283.3548076450825
3999.9999999999995,3376.3906359672546,3307.058662176132,3112.0461970567703,3325.085788965225,3280.1453210413456
3000.0,3404.91883456707,3319.5973187685013,3117.8440153598785,3333.5360884666443,3293.9740642905235
3000.0,3413.607180118561,3321.8859136104584,3109.39259827137,3330.9052884578705,3293.947745114565
3000.0,3380.2027255296707,3311.1602067947388,3114.0759587287903,3321.1058378219604,3281.63618221879
3500.0,3407.5094014406204,3298.540413379669,3109.7280979156494,3320.918530225754,3284.174110740423
3500.0,3423.074930906296,3303.479701280594,3108.4073334932327,3324.698656797409,3289.915155619383
3999.9999999999995,3389.5622938871384,3313.731551170349,3110.2531403303146,3331.73967897892,3286.3216660916805
3000.0,3382.473662495613,3324.398919939995,3119.368627667427,3344.636410474777,3292.719405144453
3000.0,3402.756527066231,3319.6979016065598,3118.6477839946747,3341.0169929265976,3295.5298013985157
1500.0,3387.358635663986,3304.9187064170837,3122.522234916687,3333.5600048303604,3287.0898954570293
3999.9999999999995,3438.815250992775,3281.7933708429337,3089.2134457826614,3306.3867688179016,3279.052209109068
3999.9999999999995,3444.5618838071823,3293.3565974235535,3116.534873843193,3309.9163323640823,3291.092421859503
1999.9999999999998,3473.1973707675934,3309.173583984375,3135.8179450035095,3321.0796862840652,3309.817146509886
3000.0,3442.2889351844788,3289.9577915668488,3125.0888854265213,3311.1800998449326,3292.1289280056953
3600.0,3468.594029545784,3284.8982512950897,3135.7037276029587,3311.910331249237,3300.2765849232674
3400.0,3452.613428235054,3290.964290499687,3145.875334739685,3318.0177211761475,3301.8676936626434
3999.9999999999995,3438.044786453247,3300.3435283899307,3133.5295736789703,3329.9830555915833,3300.475236028433
3999.9999999999995,3412.514850497246,3307.025358080864,3145.3480571508408,3338.5437726974487,3300.8580096066
2800.0,3395.433872938156,3317.0948177576065,3142.5775587558746,3346.7987179756165,3300.4762418568134
2400.0,3406.4342826604843,3313.850462436676,3126.1906027793884,3347.241058945656,3298.429101705551
3000.0,3410.99850833416,3299.1570979356766,3116.028383374214,3330.8925479650497,3289.269134402275
2500.0,3445.054739713669,3304.648920893669,3105.27965426445,3325.463980436325,3295.1118238270283
3500.0,3448.5047310590744,3298.809975385666,3093.9654260873795,3314.6019279956818,3288.9705151319504
3999.9999999999995,3410.0045263767242,3303.223103284836,3115.225061774254,3325.4943788051605,3288.4867675602436
3000.0,3352.6164293289185,3309.1773837804794,3139.2254680395126,3335.7205241918564,3284.1849513351917
2500.0,3395.281434059143,3308.163285255432,3138.0195915699005,3338.533714413643,3294.9995063245296
1999.9999999999998,3378.9653331041336,3299.3363589048386,3135.2412700653076,3324.9465376138687,3284.622374922037
3999.9999999999995,3404.790535569191,3287.6524329185486,3118.4370070695877,3307.371139526367,3279.5627787709236
3500.0,3384.675979614258,3288.016989827156,3145.8082795143127,3313.634768128395,3283.0340042710304
2500.0,3444.3627297878265,3306.3561469316483,3136.9370967149734,3327.675461769104,3303.832858800888
2500.0,3438.172861933708,3306.419625878334,3131.5843015909195,3321.8903839588165,3299.5167933404446
3800.0,3429.565653204918,3304.975926876068,3132.821023464203,3312.9648864269257,3295.0818724930286
2500.0,3446.2981671094894,3315.594345331192,3136.991634964943,3328.300416469574,3306.7961409687996
2500.0,3402.7715027332306,3307.887688279152,3128.9222091436386,3323.5909044742584,3290.79307615757
3500.0,3421.216607093811,3293.8657701015472,3133.946880698204,3305.1761984825134,3288.551364094019
2500.0,3459.4499319791794,3300.8551597595215,3123.6952543258667,3301.3156056404114,3296.3289879262447
3200.0,3438.296690583229,3284.7339659929276,3109.206408262253,3294.5282757282257,3281.691335141659
3000.0,3445.0098127126694,3279.6721905469894,3111.6923689842224,3303.981274366379,3285.088911652565
3000.0,3385.733664035797,3274.702951312065,3125.6528198719025,3304.976373910904,3272.766452282667
2600.0,3307.56314098835,3273.008242249489,3125.0202655792236,3304.4765889644623,3252.517059445381
2600.0,3324.2594450712204,3262.273371219635,3126.1083483695984,3304.4394850730896,3254.270162433386
3000.0,3376.539722084999,3264.620751142502,3121.258467435837,3304.5311272144318,3266.7375169694424
3500.0,3378.310650587082,3270.6087827682495,3121.854141354561,3305.424302816391,3269.049469381571
3999.9999999999995,3409.0114384889603,3280.0886034965515,3119.6974217891693,3313.218355178833,3280.5039547383785
3000.0,3421.5939044952393,3292.606472969055,3124.5864182710648,3325.7847279310226,3291.1428809165955
3400.0,3396.8424797058105,3290.8447086811066,3113.056719303131,3326.0855823755264,3281.7073725163937
3000.0,3376.0886639356613,3285.9210669994354,3122.42791056633,3330.059051513672,3278.6241732537746
3000.0,3393.3421969413757,3281.134217977524,3133.588582277298,3324.265480041504,3283.0826193094254
3500.0,3414.8436784744263,3282.2594046592712,3129.7481060028076,3324.2717385292053,3287.7807319164276
3000.0,3395.73472738266,3286.91728413105,3138.8483941555023,3323.207348585129,3286.1769385635853
3000.0,3407.3560684919357,3283.546417951584,3122.4312633275986,3321.094885468483,3283.6071588099003
3500.0,3480.572998523712,3291.2714034318924,3104.0630489587784,3323.2270181179047,3299.783617258072
3000.0,3473.661169409752,3295.297399163246,3128.688633441925,3324.577510356903,3305.5561780929565
3600.0,3429.0410578250885,3298.1251180171967,3116.968497633934,3322.4549889564514,3291.6474156081676
2600.0,3418.9941734075546,3306.7435026168823,3121.9321489334106,3324.202448129654,3292.9680682718754
3999.9999999999995,3420.386463403702,3306.463211774826,3103.538230061531,3323.2806622982025,3288.4171418845654
3999.9999999999995,3396.2295949459076,3312.544897198677,3125.322237610817,3326.9700407981873,3290.266692638397
3999.9999999999995,3399.594873189926,3322.7138221263885,3135.2148950099945,3333.7969332933426,3297.830130904913
3500.0,3407.6079726219177,3325.2599090337753,3132.8456103801727,3340.621143579483,3301.583658903837
3400.0,3368.1605011224747,3319.9048787355423,3132.1149319410324,3344.9918031692505,3291.293028742075
3000.0,3342.9864048957825,3309.7730576992035,3136.00592315197,3346.0839092731476,3283.712323755026
2500.0,3380.874842405319,3302.5550097227097,3134.2631578445435,3336.809277534485,3288.6255718767643
3000.0,3387.916088104248,3295.6132292747498,3126.4159083366394,3321.5515315532684,3282.8741893172264
3999.9999999999995,3406.5744280815125,3294.6639508008957,3128.9322674274445,3312.2308552265167,3285.6003753840923
5000.0,3404.502421617508,3308.5356652736664,3136.10203564167,3322.778195142746,3292.9795794188976
2500.0,3414.6250784397125,3327.566385269165,3140.1249021291733,3340.1615917682648,3305.619489401579
2400.0,3372.228741645813,3313.3774995803833,3130.4072588682175,3330.26759326458,3286.5702733397484
3500.0,3428.862690925598,3301.400989294052,3104.681521654129,3317.5932615995407,3288.13461586833
3999.9999999999995,3420.5442667007446,3306.3744753599167,3110.2310121059418,3314.298614859581,3287.862092256546
3999.9999999999995,3393.288105726242,3315.2255415916443,3129.850924015045,3324.464187026024,3290.707189589739
2500.0,3365.918844938278,3323.661983013153,3138.01109790802,3340.294361114502,3291.9715717434883
3500.0,3368.5512095689774,3311.314657330513,3134.4234198331833,3330.974578857422,3286.315966397524
3000.0,3397.5277841091156,3312.3452961444855,3131.6057592630386,3323.129117488861,3291.151989251375
3000.0,3400.1925587654114,3305.8205991983414,3126.4472007751465,3320.441320538521,3288.225419819355
3000.0,3428.802117705345,3310.2641254663467,3108.7124347686768,3324.938714504242,3293.1793481111526
1999.9999999999998,3414.636254310608,3313.029482960701,3117.7452206611633,3325.057178735733,3292.6170341670513
3000.0,3470.871224999428,3298.516273498535,3116.75101518631,3308.466151356697,3298.6511662602425
3000.0,3492.4867004156113,3294.9569821357727,3129.725754261017,3300.284966826439,3304.36360090971
2500.0,3467.82423555851,3292.194977402687,3134.775012731552,3294.580802321434,3297.3437570035458
3999.9999999999995,3453.911393880844,3286.159336566925,3115.6591325998306,3290.7211035490036,3286.612741649151
2500.0,3437.3167902231216,3294.7495579719543,3134.1806799173355,3307.7021688222885,3293.487299233675
1500.0,3451.8925845623016,3284.8886400461197,3135.5691701173782,3302.280753850937,3293.657787144184
3500.0,3496.1825609207153,3268.6328887939453,3098.1968343257904,3279.9189537763596,3285.7328094542027
3000.0,3480.2180528640747,3266.9833302497864,3117.8878247737885,3282.553106546402,3286.910578608513
3500.0,3443.4767067432404,3267.621472477913,3115.418627858162,3289.308249950409,3278.956264257431
3000.0,3402.6964008808136,3264.569342136383,3125.685006380081,3299.042209982872,3272.9982398450375
3000.0,3334.3445509672165,3258.318230509758,3119.5704638957977,3304.3697476387024,3254.1507482528687
3000.0,3406.6443890333176,3263.278305530548,3113.808184862137,3305.869549512863,3272.4001072347164
3000.0,3393.9092606306076,3259.9740475416183,3129.2536854743958,3302.750810980797,3271.4719511568546
3000.0,3390.6228840351105,3253.091275691986,3124.876320362091,3306.616321206093,3268.80170032382
2500.0,3401.8810093402863,3252.194970846176,3112.4094128608704,3306.1154186725616,3268.1502029299736
3200.0,3441.677838563919,3245.3173398971558,3087.208718061447,3304.9866557121277,3269.7976380586624
4500.0,3395.938128232956,3247.7521151304245,3113.192394375801,3306.819722056389,3265.9255899488926
3000.0,3362.58664727211,3257.72725045681,3148.6279517412186,3319.7472989559174,3272.172287106514
3800.0,3414.529860019684,3265.020176768303,3128.664270043373,3325.4438638687134,3283.4145426750183
2500.0,3380.865678191185,3276.2078940868378,3128.867447376251,3339.618444442749,3281.3898660242558
3999.9999999999995,3338.8448506593704,3263.06976377964,3129.527047276497,3329.9794793128967,3265.355285257101
2500.0,3359.31234061718,3274.025246500969,3132.5914710760117,3330.6536078453064,3274.1456665098667
3000.0,3380.049616098404,3271.244242787361,3106.8845093250275,3317.7776634693146,3268.989007920027
3999.9999999999995,3371.2171018123627,3270.454555749893,3098.898008465767,3314.739614725113,3263.827320188284
3999.9999999999995,3369.5100992918015,3284.2788845300674,3109.5443665981293,3318.6663687229156,3270.4999297857285
2500.0,3370.3165501356125,3285.284712910652,3117.845132946968,3329.7597616910934,3275.8015394210815
3999.9999999999995,3390.846624970436,3284.4923436641693,3107.219561934471,3328.075110912323,3277.65841037035
3999.9999999999995,3331.8905532360077,3293.658569455147,3130.924254655838,3332.9124748706818,3272.3464630544186
3000.0,3326.5136182308197,3293.4848964214325,3133.438602089882,3341.8916165828705,3273.832183331251
2600.0,3372.425436973572,3301.059454679489,3113.289624452591,3342.4700796604156,3282.311148941517
3000.0,3361.767679452896,3301.6519993543625,3102.2804975509644,3333.384543657303,3274.7711800038815
3000.0,3380.178362131119,3305.2416890859604,3101.6510725021362,3328.9673924446106,3279.0096290409565
3500.0,3364.359363913536,3303.726017475128,3108.8152527809143,3326.6495168209076,3275.8875377476215
2400.0,3357.0928126573563,3305.7933300733566,3130.9886276721954,3334.5893025398254,3282.1160182356834
3000.0,3346.0213243961334,3290.952891111374,3132.677748799324,3322.5468546152115,3273.0497047305107
3200.0,3397.6976573467255,3295.762538909912,3124.8195469379425,3315.4553174972534,3283.4337651729584
3000.0,3419.9872612953186,3303.048759698868,3117.2601878643036,3319.6619153022766,3289.9895310401917
1999.9999999999998,3417.675197124481,3300.6269484758377,3129.1258335113525,3319.372236728668,3291.700053960085
3000.0,3400.9484946727753,3287.7986133098602,3123.796507716179,3304.435908794403,3279.2448811233044
3999.9999999999995,3445.3249722719193,3285.5162769556046,3136.3724917173386,3300.773799419403,3291.9968850910664
3000.0,3448.299989104271,3299.544006586075,3142.99039542675,3312.208503484726,3300.7607236504555
2500.0,3445.345312356949,3300.7606118917465,3141.9141590595245,3313.0668103694916,3300.271723419428
3400.0,3430.1307052373886,3284.185230731964,3132.929429411888,3304.680660367012,3287.981506437063
3000.0,3500.1658648252487,3293.8624173402786,3114.0605360269547,3311.7686212062836,3304.9643598496914
2500.0,3468.5714542865753,3287.787437438965,3128.1162053346634,3310.5795085430145,3298.7636514008045
3000.0,3522.2330689430237,3291.3950085639954,3102.2239476442337,3308.2931488752365,3306.0362935066223
3000.0,3477.001413702965,3292.0751720666885,3124.7569620609283,3308.0964535474777,3300.482500344515
3000.0,3421.4814752340317,3288.6137813329697,3144.107758998871,3300.926238298416,3288.782313466072
3999.9999999999995,3459.7349166870117,3288.1687581539154,3133.7998062372208,3301.8596470355988,3295.8907820284367
3999.9999999999995,3443.3797001838684,3299.5719462633133,3136.4958733320236,3317.052125930786,3299.124911427498
2500.0,3378.2509714365005,3308.0747723579407,3143.477886915207,3331.137076020241,3290.2351766824722
3999.9999999999995,3339.3394947052,3298.9132404327393,3140.0884687900543,3316.7289197444916,3273.7675309181213
3000.0,3391.9157087802887,3303.4443855285645,3134.962096810341,3325.974941253662,3289.074283093214
3000.0,3381.5035969018936,3302.0348846912384,3128.0793249607086,3328.048959374428,3284.916691482067
2600.0,3354.2539179325104,3288.808688521385,3132.0078670978546,3322.6194977760315,3274.4224928319454
3000.0,3405.0578624010086,3295.723646879196,3116.0681694746017,3317.939043045044,3283.6971804499626
1500.0,3415.0316566228867,3305.269628763199,3111.102730035782,3317.4119889736176,3287.2040010988712
3000.0,3464.975282549858,3285.9961688518524,3102.4695932865143,3289.0210300683975,3285.6155186891556
2500.0,3480.4417937994003,3283.6662232875824,3109.1876327991486,3281.2584936618805,3288.638535887003
2400.0,3480.9020161628723,3268.098458647728,3128.410577774048,3272.3861932754517,3287.449311465025
3000.0,3463.1547331809998,3259.3289762735367,3121.658116579056,3269.876539707184,3278.504591435194
2500.0,3426.3313561677933,3260.430470108986,3114.8750334978104,3276.8207788467407,3269.6144096553326
3000.0,3403.5439789295197,3253.1969994306564,3112.1639907360077,3275.97476541996,3261.219933629036
5000.0,3429.589346051216,3251.0606199502945,3121.3773787021637,3279.4958353042603,3270.3807950019836
3500.0,3437.134623527527,3263.9238238334656,3139.8821622133255,3302.1142333745956,3285.7637107372284
3500.0,3436.6055577993393,3268.3807611465454,3150.7929414510727,3317.12007522583,3293.224833905697
3500.0,3366.5820211172104,3266.921415925026,3155.393823981285,3316.354528069496,3276.3129472732544
3000.0,3344.988003373146,3255.7692378759384,3145.829737186432,3319.9194073677063,3266.6265964508057
3999.9999999999995,3378.8061887025833,3258.315548300743,3124.1199374198914,3325.09808242321,3271.584939211607
3000.0,3331.5566182136536,3272.104561328888,3136.7913633584976,3325.706049799919,3266.5396481752396
3500.0,3321.760520339012,3271.055370569229,3119.284361600876,3325.7489651441574,3259.4623044133186
3000.0,3332.948237657547,3275.6900042295456,3103.8786470890045,3336.707353591919,3262.306060642004
3000.0,3316.333293914795,3271.575942635536,3110.3890389204025,3328.966051340103,3256.816081702709
3200.0,3301.953971385956,3267.0825719833374,3109.0405583381653,3322.8684961795807,3250.23639947176
3000.0,3281.763643026352,3266.638219356537,3111.705332994461,3322.6968348026276,3245.7010075449944
3000.0,3316.050097346306,3267.633765935898,3118.930533528328,3315.7528191804886,3254.591803997755
3000.0,3319.5731788873672,3264.826387166977,3133.079633116722,3309.3273639678955,3256.7016407847404
1999.9999999999998,3404.18703854084,3263.833522796631,3127.9168277978897,3311.566114425659,3276.875875890255
2500.0,3362.855315208435,3262.2986286878586,3120.7888573408127,3296.527862548828,3260.6176659464836
3999.9999999999995,3343.8127487897873,3252.5693625211716,3126.5942752361298,3284.465968608856,3251.860588788986
2500.0,3411.2054854631424,3276.217505335808,3141.5361911058426,3296.5457439422607,3281.3762314617634
3500.0,3404.2956680059433,3278.7206768989563,3139.367178082466,3293.357938528061,3278.9353653788567
3000.0,3438.5841339826584,3287.908136844635,3134.4547122716904,3301.4604449272156,3290.60185700655
3800.0,3507.1903467178345,3298.5278964042664,3120.9468841552734,3308.674246072769,3308.834843337536
3999.9999999999995,3463.1717205047607,3303.0174672603607,3138.032779097557,3314.9638026952744,3304.796442389488
3000.0,3431.2912076711655,3310.1514726877213,3136.4216655492783,3329.2798697948456,3301.7860539257526
3000.0,3430.1159530878067,3300.965130329132,3126.9793957471848,3328.8028836250305,3296.7158406972885
3500.0,3425.063118338585,3295.910283923149,3124.081715941429,3322.078362107277,3291.78337007761
3500.0,3414.890170097351,3294.9797809123993,3130.229115486145,3320.9677040576935,3290.266692638397
3000.0,3413.2741391658783,3301.551416516304,3121.439293026924,3326.800614595413,3290.76636582613
2500.0,3408.0183506011963,3302.8793334960938,3109.8874658346176,3323.69327545166,3286.119606345892
3600.0,3412.894383072853,3296.9585806131363,3106.6379696130753,3314.601480960846,3282.7731035649776
1999.9999999999998,3411.4889055490494,3298.2096076011658,3117.3359602689743,3314.6146684885025,3285.412285476923
3000.0,3455.0781548023224,3290.969207882881,3092.155382037163,3302.6278764009476,3285.2076552808285
4500.0,3418.0768579244614,3282.759189605713,3114.9785220623016,3295.2511310577393,3277.766425162554
3999.9999999999995,3436.131700873375,3290.1430875062943,3127.5761872529984,3310.9530061483383,3291.2009954452515
3000.0,3366.275802254677,3302.1513372659683,3118.61515045166,3328.920900821686,3278.9907976984978
3000.0,3293.6328649520874,3296.652138233185,3108.0803275108337,3329.0210366249084,3256.8465918302536
3000.0,3272.4789530038834,3282.6874405145645,3113.885521888733,3325.289636850357,3248.5853880643845
3999.9999999999995,3351.340591907501,3280.8803021907806,3106.425628066063,3319.8000490665436,3264.611642807722
3999.9999999999995,3366.4970844984055,3287.9146188497543,3124.7737258672714,3322.93264567852,3275.529518723488
2800.0,3355.0406992435455,3289.4810289144516,3119.957372546196,3334.6594870090485,3274.7846469283104
1999.9999999999998,3418.6356514692307,3294.24686729908,3096.974417567253,3338.044434785843,3286.9753427803516
3800.0,3389.560952782631,3284.238874912262,3094.034045934677,3318.953365087509,3271.69680967927
3999.9999999999995,3383.582979440689,3290.5130088329315,3119.322583079338,3325.670287013054,3279.772214591503
3999.9999999999995,3354.954868555069,3296.7960834503174,3145.6616520881653,3332.013711333275,3282.3565788567066
3999.9999999999995,3407.8478068113327,3302.0666241645813,3152.201995253563,3338.28404545784,3300.100117921829
2400.0,3406.6227078437805,3312.857151031494,3148.8825380802155,3342.931866645813,3302.823565900326
2500.0,3379.0943026542664,3299.4601875543594,3137.7317011356354,3327.445685863495,3285.932969301939
3400.0,3395.5731242895126,3293.261379003525,3118.3717399835587,3316.61693751812,3280.955795198679
3000.0,3374.091312289238,3294.376954436302,3131.5407156944275,3317.0968294143677,3279.276452958584
3999.9999999999995,3370.952010154724,3295.079693198204,3137.480914592743,3312.2701942920685,3278.945703059435
3999.9999999999995,3383.512794971466,3308.0345392227173,3148.0680406093597,3314.6068453788757,3288.5555550456047
3000.0,3359.2504262924194,3315.892517566681,3145.042285323143,3326.375037431717,3286.64006665349
2500.0,3297.399803996086,3312.891125679016,3134.4616413116455,3326.4897018671036,3267.810568213463
3999.9999999999995,3342.6623046398163,3303.713947534561,3185.223564505577,3334.2571556568146,3291.4642430841923
3000.0,3315.790817141533,3308.3047717809677,3208.5075974464417,3348.209336400032,3295.2031306922436
3500.0,3321.9386637210846,3304.8324286937714,3189.801201224327,3356.8328619003296,3293.351288884878
2400.0,3319.5260167121887,3303.966075181961,3160.3648513555527,3357.895016670227,3285.4379899799824
2500.0,3378.95929813385,3300.594314932823,3122.846558690071,3348.397985100746,3287.6995392143726
2500.0,3398.764058947563,3303.0129969120026,3097.7292358875275,3339.6081626415253,3284.7786135971546
3400.0,3391.653522849083,3297.957256436348,3089.730441570282,3325.6300538778305,3276.242818683386
3000.0,3450.5923837423325,3306.4643293619156,3144.58429813385,3332.5280249118805,3308.5422590374947
2500.0,3423.689603805542,3301.263526082039,3160.7848405838013,3330.496922135353,3304.058723151684
2500.0,3421.35027050972,3290.0775969028473,3146.277666091919,3322.644531726837,3295.087516307831
3000.0,3453.976884484291,3276.3703912496567,3133.474811911583,3310.62488257885,3293.611742556095
3999.9999999999995,3442.92975962162,3272.5974172353745,3125.762790441513,3312.2415840625763,3288.382887840271
3000.0,3488.85677754879,3293.1771129369736,3155.9832394123077,3329.0165662765503,3316.7584240436554
3000.0,3464.6858274936676,3289.6969467401505,3154.682368040085,3330.8418095111847,3309.976737946272
1500.0,3416.939154267311,3283.662423491478,3148.5338509082794,3333.0613374710083,3295.549191534519
3000.0,3457.9237550497055,3253.1458139419556,3109.656125307083,3309.4753324985504,3282.5502566993237
3000.0,3466.2140160799026,3238.544315099716,3123.6087530851364,3305.303603410721,3283.417671918869
3200.0,3487.87285387516,3232.1081310510635,3141.5893882513046,3308.8280260562897,3292.5995998084545
2500.0,3499.8585283756256,3233.8231801986694,3172.0592826604843,3319.7446167469025,3306.3714019954205
3000.0,3444.4376081228256,3215.567171573639,3165.631592273712,3314.2565935850143,3284.9732413887978
3999.9999999999995,3475.8923202753067,3224.5123386383057,3165.963292121887,3318.833112716675,3296.3002659380436
1999.9999999999998,3463.1377458572388,3255.1977038383484,3166.256323456764,3332.3755860328674,3304.2418397963047
3999.9999999999995,3454.6013921499252,3246.52299284935,3133.1949681043625,3321.2006092071533,3288.8799905776978
2600.0,3446.7606246471405,3257.0459693670273,3147.026002407074,3324.7239142656326,3293.8891276717186
2500.0,3458.900973200798,3250.257298350334,3133.675307035446,3325.8546888828278,3292.1720668673515
3000.0,3442.3063695430756,3252.091705799103,3108.721822500229,3320.8908140659332,3281.002677977085
3000.0,3471.4756160974503,3256.8329572677612,3121.0412085056305,3318.5870200395584,3291.9842004776
3500.0,3470.577970147133,3255.937770009041,3130.0241500139236,3315.4620230197906,3293.000478297472
3000.0,3475.024402141571,3257.0528984069824,3145.2957540750504,3323.21360707283,3300.1466654241085
3000.0,3453.82422208786,3265.8181339502335,3149.913400411606,3329.0941268205643,3299.662470817566
3999.9999999999995,3445.2346712350845,3271.462619304657,3141.1276012659073,3330.152928829193,3296.9944551587105
3999.9999999999995,3429.1378408670425,3292.2202348709106,3144.632577896118,3344.62009370327,3302.6526868343353
3999.9999999999995,3424.7779101133347,3299.270421266556,3144.7353959083557,3358.026221394539,3306.7024871706963
3000.0,3456.437364220619,3314.5076036453247,3142.3719227313995,3368.4521913528442,3320.442270487547
3999.9999999999995,3391.9134736061096,3314.131870865822,3113.788962364197,3362.6018464565277,3295.609038323164
5000.0,3425.886556506157,3320.0709521770477,3122.6518750190735,3367.302194237709,3308.977894484997
3999.9999999999995,3414.65100646019,3339.6602421998978,3135.6319785118103,3377.6727318763733,3316.903989762068
3500.0,3376.5748143196106,3340.5426889657974,3129.8931688070297,3381.9392323493958,3307.2374761104584
3800.0,3393.9092606306076,3337.74670958519,3112.5403940677643,3374.6087551116943,3304.701279848814
3500.0,3424.217998981476,3332.3098719120026,3114.8913502693176,3381.677493453026,3313.2741786539555
3999.9999999999995,3350.83544254303,3322.6610720157623,3099.7511744499207,3376.3188868761063,3287.3916439712048
3000.0,3385.2247148752213,3331.506997346878,3090.1774764060974,3372.5273609161377,3294.8591373860836
2500.0,3399.3452042341232,3328.881114721298,3069.535419344902,3366.8743818998337,3291.1590300500393
4500.0,3395.1017260551453,3323.1762796640396,3069.53564286232,3347.8090167045593,3283.905666321516
2800.0,3413.6556833982468,3323.100730776787,3102.784752845764,3347.427248954773,3296.7421039938927
3000.0,3413.729891180992,3321.268782019615,3103.1953543424606,3350.9930223226547,3297.2967624664307
3000.0,3329.5366913080215,3310.636281967163,3106.6545099020004,3344.518169760704,3272.8364132344723
3500.0,3365.1553094387054,3310.285359621048,3110.271692276001,3338.361829519272,3281.0185477137566
1999.9999999999998,3387.236148118973,3321.436196565628,3124.130219221115,3349.0464091300964,3295.462243258953
3999.9999999999995,3309.8427951335907,3301.1166751384735,3099.8211354017258,3334.653675556183,3261.358570307493
3000.0,3327.176347374916,3300.480991601944,3156.171664595604,3348.7312495708466,3283.1400632858276
3000.0,3308.880105614662,3292.592391371727,3155.6486338377,3350.3830432891846,3276.8760435283184
3000.0,3365.1450276374817,3292.6708459854126,3151.5104323625565,3346.1806923151016,3288.876749575138
3000.0,3349.3108302354813,3294.331580400467,3145.757094025612,3344.0177142620087,3283.354304730892
3000.0,3351.0544896125793,3289.289250969887,3136.7862224578857,3335.363119840622,3278.1232707202435
3999.9999999999995,3408.5746854543686,3294.48401927948,3133.160099387169,3339.7183567285538,3293.984290212393
3400.0,3377.537727355957,3308.5893094539642,3153.034821152687,3350.6691455841064,3297.4577508866787
3999.9999999999995,3404.245153069496,3314.2152428627014,3164.1724705696106,3358.0977469682693,3310.1826533675194
3000.0,3388.543054461479,3320.0763165950775,3182.9966604709625,3369.1003918647766,3315.179105848074
3000.0,3370.81141769886,3312.9221946001053,3165.9293174743652,3365.156427025795,3303.7048391997814
3000.0,3406.5744280815125,3318.3858543634415,3139.410763978958,3359.752669930458,3306.0309290885925
3999.9999999999995,3416.655957698822,3320.2359080314636,3136.163502931595,3349.8307317495346,3305.721525102854
3000.0,3402.7406573295593,3331.39032125473,3142.692446708679,3353.206291794777,3307.5074292719364
1999.9999999999998,3417.162448167801,3334.345445036888,3120.9003925323486,3351.8633991479874,3306.0679212212563
3000.0,3426.254019141197,3323.8937705755234,3099.3669480085373,3336.2319320440292,3296.436667442322
3000.0,3430.3995966911316,3315.8518373966217,3132.2548538446426,3330.1909267902374,3302.1743036806583
3000.0,3463.0286693573,3314.2688870429993,3139.532133936882,3328.111097216606,3311.235196888447
3000.0,3424.7975796461105,3316.6640996932983,3128.722608089447,3325.410783290863,3298.8987676799297
3000.0,3454.892188310623,3316.313847899437,3132.735416293144,3325.3195881843567,3307.3152601718903
3500.0,3462.5349193811417,3312.789872288704,3134.8425149917603,3329.954668879509,3310.0304938852787
3999.9999999999995,3454.226106405258,3314.7118985652924,3157.261088490486,3338.651731610298,3316.2127062678337
3999.9999999999995,3430.533707141876,3315.052092075348,3169.2208349704742,3348.7580716609955,3315.8911764621735
2500.0,3440.537452697754,3322.2846686840057,3160.533830523491,3358.9835464954376,3320.584874600172
3000.0,3467.6751494407654,3319.8977261781693,3135.3695690631866,3359.3516796827316,3320.573531091213
3200.0,3408.823236823082,3309.7627758979797,3118.162304162979,3350.692391395569,3296.8601770699024
3500.0,3429.2563050985336,3319.3811774253845,3114.3001466989517,3351.9400656223297,3303.7194237113
2500.0,3406.85673058033,3318.3132112026215,3129.2789429426193,3349.202647805214,3300.912883132696
3000.0,3417.6137298345566,3308.5155487060547,3097.7100133895874,3335.806578397751,3289.9114675819874
3500.0,3480.035215616226,3310.01915037632,3115.7105416059494,3334.023356437683,3309.9470660090446
2500.0,3456.7940980196,3307.39326775074,3135.2562457323074,3332.9544961452484,3308.099526911974
3000.0,3466.41406416893,3309.2042058706284,3117.241859436035,3328.576683998108,3305.3592033684254
3999.9999999999995,3466.019779443741,3310.0567013025284,3110.3695929050446,3323.594480752945,3302.5101386010647
3999.9999999999995,3440.522477030754,3310.585990548134,3130.054771900177,3332.660347223282,3303.4558966755867
3999.9999999999995,3474.5538979768753,3323.4717696905136,3148.2063978910446,3351.9823104143143,3324.553593993187
3999.9999999999995,3423.2935309410095,3329.4542133808136,3162.1449440717697,3361.4420145750046,3319.0836757421494
3000.0,3365.3003722429276,3332.8519016504288,3158.6804240942,3371.346965432167,3307.044915854931
3999.9999999999995,3364.4025027751923,3325.016275048256,3139.888197183609,3363.7453615665436,3298.2630841434
3000.0,3390.58980345726,3334.3563973903656,3138.677179813385,3376.220315694809,3309.960924088955
3999.9999999999995,3358.5427701473236,3324.284255504608,3129.396289587021,3369.4884181022644,3295.4279333353043
3200.0,3358.6308360099792,3329.5883238315582,3129.715695977211,3366.381749510765,3296.0791513323784
3500.0,3420.0402349233627,3330.456018447876,3123.486265540123,3367.0498430728912,3310.2580904960632
3500.0,3393.883779644966,3328.317403793335,3141.0641223192215,3365.9206330776215,3307.296484708786
2800.0,3371.488004922867,3323.27663898468,3146.7678397893906,3363.2156252861023,3301.18702724576
2600.0,3418.939858675003,3321.5832710266113,3135.4274600744247,3360.4618906974792,3309.1031201183796
3000.0,3416.530340909958,3318.1482553482056,3123.4773248434067,3348.066508769989,3301.55560746789
3000.0,3440.641611814499,3326.200693845749,3114.980086684227,3344.350978732109,3306.543342769146
3000.0,3419.8173880577087,3323.514685034752,3119.7305023670197,3336.070328950882,3299.7832261025906
3000.0,3441.1706775426865,3319.7716623544693,3128.795698285103,3328.4039050340652,3304.535485804081
5000.0,3472.08134829998,3323.867842555046,3137.8300487995148,3328.3958584070206,3315.5437745153904
3800.0,3452.6534378528595,3342.2570675611496,3161.090835928917,3344.9748158454895,3325.244039297104
3999.9999999999995,3403.472676873207,3350.6834506988525,3160.8299911022186,3361.353278160095,3319.0848492085934
2500.0,3342.907503247261,3350.0558137893677,3146.7262655496597,3367.283418774605,3301.7432503402233
1999.9999999999998,3350.202664732933,3331.6967636346817,3116.3030862808228,3355.1211655139923,3288.3309200406075
3000.0,3395.324796438217,3312.300145626068,3100.9380519390106,3335.357755422592,3285.980187356472
3000.0,3420.5228090286255,3302.3741841316223,3130.633905529976,3325.2934366464615,3294.7060838341713
3000.0,3423.1464564800262,3298.2172071933746,3147.604689002037,3319.595977663994,3297.141082584858
3000.0,3436.4191442728043,3294.6570217609406,3155.9287011623383,3324.3441581726074,3302.8372563421726
3500.0,3409.5751494169235,3297.6673543453217,3146.778345108032,3324.4554698467255,3294.6190796792507
3000.0,3434.1296553611755,3306.790664792061,3136.8988752365112,3330.555036664009,3302.093558013439
3999.9999999999995,3426.94491147995,3307.1523159742355,3133.3590298891068,3332.868441939354,3300.0811748206615
3000.0,3452.525809407234,3327.0397782325745,3146.7926502227783,3341.226875782013,3316.89627841115
3999.9999999999995,3445.5442428588867,3320.9413290023804,3135.8181685209274,3340.2331173419952,3310.6342144310474
2500.0,3356.8518608808517,3321.6941356658936,3135.0895017385483,3348.0698615312576,3290.426339954138
2500.0,3383.0662071704865,3311.3104104995728,3126.647248864174,3344.9287712574005,3291.4881594479084
3000.0,3388.1033957004547,3293.308988213539,3110.586181282997,3326.866999268532,3279.7163911163807
3999.9999999999995,3412.768542766571,3296.5900003910065,3109.8195165395737,3327.1077275276184,3286.5714468061924
3500.0,3424.731194972992,3307.976648211479,3139.149025082588,3334.573209285736,3301.607519388199
2500.0,3422.432094812393,3315.616250038147,3136.642724275589,3347.472846508026,3305.540978908539
3999.9999999999995,3414.817750453949,3305.2459359169006,3116.3983047008514,3340.931609272957,3294.3484000861645
3400.0,3420.7963943481445,3309.6179366111755,3136.4136189222336,3342.8632467985153,3302.4227991700172
3500.0,3420.434296131134,3305.332660675049,3148.423880338669,3347.8302508592606,3305.505272001028
3999.9999999999995,3376.360684633255,3298.066556453705,3148.484453558922,3347.6167917251587,3292.63212159276
3000.0,3344.825953245163,3313.4344965219498,3131.241872906685,3351.907432079315,3285.352438688278
3500.0,3365.3296530246735,3325.9615302085876,3102.276474237442,3353.073298931122,3286.6602391004562
4500.0,3348.8859236240387,3323.6297965049744,3100.7954478263855,3350.1356095075607,3280.86169436574
1500.0,3352.5384217500687,3334.343433380127,3109.5776706933975,3360.1080626249313,3289.141897112131
2400.0,3402.9684215784073,3316.8478310108185,3059.5265328884125,3340.623825788498,3279.991652816534
3000.0,3385.6701850891113,3296.870067715645,3051.69515311718,3321.4393258094788,3263.9186829328537
2500.0,3388.681635260582,3297.126665711403,3077.2827565670013,3320.2408254146576,3270.832970738411
2500.0,3360.1543307304382,3275.468721985817,3104.5619398355484,3308.5106313228607,3262.173905968666
3000.0,3397.6806700229645,3264.6124809980392,3116.8171763420105,3301.803320646286,3270.228412002325
3000.0,3404.3511003255844,3259.067013859749,3132.525756955147,3301.3661205768585,3274.3274979293346
3500.0,3374.178260564804,3259.9036395549774,3134.2754513025284,3303.856998682022,3268.053587526083
3000.0,3407.9814702272415,3268.56292784214,3144.6799635887146,3312.5974237918854,3283.4554463624954
3000.0,3407.217487692833,3261.493071913719,3133.2821398973465,3318.8167959451675,3280.2023738622665
3000.0,3409.414440393448,3273.358717560768,3120.0579553842545,3326.740264892578,3282.392844557762
3000.0,3396.7606723308563,3266.563341021538,3121.4596331119537,3327.8460055589676,3278.157413005829
3999.9999999999995,3430.0238639116287,3266.6031271219254,3123.006820678711,3327.362984418869,3286.7491990327835
3000.0,3425.6333112716675,3279.668390750885,3129.616901278496,3338.765725493431,3293.42108219862
3000.0,3438.446670770645,3281.540125608444,3126.610592007637,3344.568908214569,3297.791574150324
2500.0,3441.077694296837,3274.1712033748627,3129.36007976532,3341.101035475731,3296.4275032281876
3000.0,3448.318764567375,3263.2293552160263,3108.227401971817,3325.1971006393433,3286.2431555986404
3200.0,3504.960983991623,3261.3446563482285,3115.1828169822693,3324.6664702892303,3301.5387319028378
3000.0,3464.498296380043,3266.817480325699,3132.597953081131,3330.3160965442657,3298.5574565827847
3999.9999999999995,3450.734317302704,3260.655105113983,3142.6195800304413,3325.0828832387924,3294.77297142148
3999.9999999999995,3493.4382140636444,3280.678689479828,3152.090236544609,3335.898220539093,3315.5263401567936
3000.0,3381.189778447151,3288.7646555900574,3154.991716146469,3347.7958291769028,3293.185494840145
2200.0,3384.83490049839,3290.93299806118,3138.4672969579697,3351.9380539655685,3291.543312370777
3400.0,3449.214845895767,3292.788863182068,3113.696649670601,3343.343809247017,3299.761041998863
3000.0,3407.27336704731,3294.689878821373,3136.962130665779,3342.8674936294556,3295.4482175409794
1999.9999999999998,3409.4510972499847,3295.1219379901886,3145.589232444763,3337.21786737442,3296.845033764839
3000.0,3436.8784725666046,3285.331428050995,3122.2204864025116,3322.2240954637527,3291.663620620966
1500.0,3471.4436531066895,3283.100500702858,3129.7029554843903,3319.6134120225906,3300.965130329132
2400.0,3491.7504340410233,3263.617381453514,3093.9090996980667,3290.857672691345,3285.0336469709873
2600.0,3505.502790212631,3247.211202979088,3098.0055034160614,3279.6205580234528,3282.5850136578083
1999.9999999999998,3510.323390364647,3244.0681010484695,3106.788843870163,3279.237672686577,3285.104501992464
3999.9999999999995,3514.0972584486008,3223.9877432584763,3093.177080154419,3269.6188241243362,3275.220226496458
3999.9999999999995,3502.732291817665,3228.098452091217,3146.7463821172714,3285.0301265716553,3290.651813149452
2500.0,3464.479073882103,3237.009644508362,3175.3892451524734,3316.911980509758,3298.447486013174
3000.0,3326.832354068756,3218.0676609277725,3157.990425825119,3319.617882370949,3255.627080798149
3000.0,3312.0808750391006,3211.8214666843414,3152.9130041599274,3318.8433945178986,3248.914685100317
2500.0,3346.081003546715,3223.81854057312,3152.105435729027,3324.4961500167847,3261.6252824664116
3000.0,3344.985321164131,3223.8109409809113,3140.804171562195,3316.108211874962,3256.42716139555
3400.0,3363.8349920511246,3232.360929250717,3138.0437314510345,3313.02210688591,3261.8154399096966
3500.0,3428.8980066776276,3243.6753809452057,3153.6416709423065,3324.1570740938187,3287.5930331647396
2800.0,3400.298058986664,3255.6981593370438,3164.0980392694473,3329.5027166604996,3287.3992435634136
3000.0,3402.8103947639465,3259.878158569336,3150.472417473793,3334.4487100839615,3286.9024202227592
3500.0,3382.3806792497635,3262.593448162079,3146.7993557453156,3328.7836611270905,3280.139286071062
3000.0,3410.1641178131104,3279.7200232744217,3148.93439412117,3327.0373195409775,3291.46396368742
3000.0,3409.528210759163,3279.399275779724,3135.7748061418533,3327.55945622921,3288.0654372274876
3000.0,3395.0771391391754,3282.6657593250275,3116.876184940338,3328.9461582899094,3280.8913104236126
3999.9999999999995,3369.300216436386,3288.5462790727615,3110.186532139778,3326.9593119621277,3273.7480849027634
1999.9999999999998,3376.290947198868,3295.695036649704,3138.0287557840347,3335.9862864017487,3286.500256508589
3400.0,3370.5928176641464,3278.1752943992615,3125.2234429121017,3326.013833284378,3275.001347064972
3000.0,3427.9894083738327,3285.502642393112,3153.076171875,3329.9077302217484,3299.1189882159233
3000.0,3441.5647387504578,3284.6007496118546,3159.676194190979,3327.513635158539,3303.3388294279575
3999.9999999999995,3432.6162189245224,3285.6765389442444,3148.4343856573105,3328.0831575393677,3298.7025752663612
3000.0,3439.9625658988953,3303.3764362335205,3148.021548986435,3340.800404548645,3308.040238916874
2500.0,3454.371392726898,3312.3987168073654,3130.2114576101303,3339.584469795227,3309.1415092349052
3999.9999999999995,3426.702842116356,3305.399939417839,3111.2176179885864,3329.4086158275604,3293.1822538375854
3500.0,3417.6508337259293,3315.216600894928,3132.152035832405,3328.808695077896,3298.4570413827896
2500.0,3417.108580470085,3310.285359621048,3135.6677412986755,3332.456722855568,3298.879601061344
3500.0,3432.435393333435,3302.6017248630524,3116.24675989151,3330.6942880153656,3295.4945415258408
3999.9999999999995,3404.8128873109818,3303.6911487579346,3132.867068052292,3333.24171602726,3293.653205037117
3999.9999999999995,3432.7713400125504,3314.1857385635376,3144.2130357027054,3344.4759249687195,3308.911509811878
2500.0,3455.684781074524,3320.912718772888,3150.465041399002,3353.807106614113,3320.2174119651318
3999.9999999999995,3423.4338998794556,3312.551826238632,3118.504285812378,3340.4573053121567,3298.7368293106556
3800.0,3437.853902578354,3322.9292929172516,3109.702840447426,3344.188928604126,3303.6687411367893
3500.0,3429.6702593564987,3331.3053846359253,3111.695721745491,3356.3125133514404,3307.245969772339
3999.9999999999995,3365.3705567121506,3319.0838992595673,3110.499233007431,3354.673683643341,3287.4068431556225
4500.0,3387.2471004724503,3325.8140087127686,3105.449751019478,3354.419991374016,3293.232712894678
3000.0,3381.069302558899,3336.091786623001,3099.084198474884,3363.8866245746613,3295.0329780578613
3000.0,3400.5191177129745,3330.0404995679855,3086.1883610486984,3367.418423295021,3296.04160040617
3500.0,3373.591974377632,3317.2233402729034,3093.864843249321,3356.0335636138916,3285.178430378437
3999.9999999999995,3363.3307367563248,3313.4526014328003,3112.601190805435,3353.104591369629,3285.6222800910473
3500.0,3345.8903431892395,3310.798555612564,3138.2596492767334,3357.7921986579895,3288.1851866841316
3000.0,3366.8627589941025,3315.61379134655,3145.674616098404,3364.240452647209,3298.0979047715664
3500.0,3325.3756910562515,3310.5647563934326,3136.2126767635345,3360.8324825763702,3283.2464016973972
2800.0,3305.0537109375,3310.95814704895,3133.769854903221,3353.3059805631638,3275.7719233632088
3400.0,3336.946964263916,3310.093805193901,3124.8819082975388,3347.4737405776978,3279.8491045832634
3999.9999999999995,3366.275802254677,3320.8338171243668,3135.947361588478,3350.0781655311584,3293.28378662467
3000.0,3350.6523817777634,3330.085873603821,3157.060816884041,3353.528380393982,3297.8318631649017
3500.0,3355.7262271642685,3332.1084827184677,3142.81202852726,3347.5354313850403,3294.545542448759
3000.0,3329.2798697948456,3335.837423801422,3136.3309174776077,3350.537046790123,3287.9963144659996
3000.0,3340.0437980890274,3326.248526573181,3140.147253870964,3344.6551859378815,3287.7736911177635
3000.0,3359.0058982372284,3318.0054277181625,3135.7260793447495,3339.7959172725677,3288.133330643177
3000.0,3356.1909198760986,3318.779245018959,3121.897503733635,3338.22101354599,3283.7721705436707
2500.0,3401.5993773937225,3331.432566046715,3119.4987148046494,3332.2618156671524,3296.1981184780598
3000.0,3405.7684242725372,3318.4904605150223,3111.642524600029,3322.7893710136414,3289.6726951003075
1999.9999999999998,3419.734686613083,3314.872831106186,3126.5902519226074,3325.1385390758514,3296.584077179432
3999.9999999999995,3397.5548297166824,3297.569900751114,3126.5725940465927,3310.8727633953094,3283.1425219774246
3999.9999999999995,3401.155471801758,3302.8527349233627,3164.108544588089,3317.0639723539352,3296.295180916786
2500.0,3448.581174015999,3319.135308265686,3165.213391184807,3336.1275494098663,3317.2643557190895
3000.0,3423.2626855373383,3314.337059855461,3142.9707258939743,3336.494565010071,3304.266259074211
5000.0,3382.1967244148254,3306.9495856761932,3136.569857597351,3329.8882842063904,3288.90111297369
3000.0,3399.0226686000824,3320.2050626277924,3149.806782603264,3343.2597666978836,3303.0735701322556
2400.0,3383.9330077171326,3313.9514923095703,3137.740194797516,3340.4745161533356,3294.0248027443886
3400.0,3408.8455885648727,3297.1595227718353,3119.1422045230865,3328.5290747880936,3288.419097661972
3000.0,3451.2823820114136,3303.796648979187,3120.1285868883133,3334.2446386814117,3302.3630641400814
3000.0,3450.436368584633,3304.1102439165115,3134.83290374279,3333.6997032165527,3305.769804865122
3000.0,3438.4437650442123,3302.6964962482452,3134.4426423311234,3327.586054801941,3300.7922396063805
3999.9999999999995,3464.4003957509995,3298.194408416748,3126.1736154556274,3326.4347165822983,3303.8007840514183
3500.0,3486.1915558576584,3311.1729472875595,3145.6654518842697,3336.045742034912,3319.7689242661
3000.0,3422.0577031373978,3317.226693034172,3140.9353762865067,3346.952274441719,3306.793011724949
3000.0,3380.42713701725,3303.159177303314,3136.0452622175217,3347.1496403217316,3291.6953042149544
2600.0,3400.121033191681,3294.98291015625,3141.2380188703537,3337.453454732895,3293.448854237795
3999.9999999999995,3428.9170056581497,3293.4243232011795,3133.382722735405,3327.271118760109,3295.748792588711
1999.9999999999998,3422.5959330797195,3310.459926724434,3140.370324254036,3336.2189680337906,3302.411288022995
3000.0,3445.763736963272,3303.820788860321,3126.5482306480408,3323.148339986801,3299.8202741146088
3000.0,3461.7353975772858,3303.130343556404,3139.6588683128357,3311.782032251358,3304.076660424471
3500.0,3495.7069158554077,3299.6566593647003,3139.1510367393494,3313.2972568273544,3311.952967196703
3000.0,3485.1278364658356,3309.5618337392807,3142.9535150527954,3328.4825831651688,3316.53144210577
3500.0,3376.699760556221,3305.9272170066833,3140.341490507126,3331.8252861499786,3288.698438555002
2500.0,3362.6753836870193,3297.543525695801,3155.6470692157745,3331.3876390457153,3286.8134044110775
1999.9999999999998,3420.513868331909,3294.6284115314484,3136.0747665166855,3323.298320174217,3293.628841638565
4400.0,3467.4806892871857,3285.627141594887,3112.41053044796,3303.5876601934433,3292.276505380869
3000.0,3450.1855820417404,3297.1367239952087,3133.8878720998764,3319.5070177316666,3300.179298967123
2500.0,3397.9956060647964,3294.9625700712204,3139.331638813019,3325.92710852623,3289.5542308688164
1999.9999999999998,3402.111902832985,3281.356394290924,3140.9981846809387,3315.1383697986603,3284.901212900877
3999.9999999999995,3453.941121697426,3259.3414932489395,3122.8188425302505,3297.828733921051,3283.4825478494167
3500.0,3439.871594309807,3268.2906836271286,3149.2841988801956,3309.241756796837,3291.672058403492
3200.0,3424.4444221258163,3289.3703877925873,3146.7819213867188,3322.659730911255,3295.8141155540943
3000.0,3378.0504763126373,3303.009197115898,3134.881630539894,3332.868441939354,3287.202436476946
3999.9999999999995,3378.2145380973816,3295.5629378557205,3146.0040807724,3335.7399702072144,3288.880381733179
3500.0,3389.456570148468,3302.1296560764313,3161.891922354698,3340.2715623378754,3298.437427729368
3999.9999999999995,3398.577868938446,3299.177438020706,3164.0803813934326,3345.2108502388,3301.761634647846
3200.0,3416.8461710214615,3303.9844036102295,3172.277882695198,3350.58756172657,3310.924004763365
3000.0,3401.3687074184418,3308.282196521759,3156.1166793107986,3351.973816752434,3304.4353500008583
3000.0,3394.8107063770294,3300.00177025795,3149.9259173870087,3342.7798748016357,3296.879567205906
2500.0,3407.89832174778,3297.945186495781,3140.4903531074524,3334.6331119537354,3295.241743326187
3000.0,3450.0691294670105,3298.9610731601715,3124.08484518528,3326.428011059761,3299.8857647180557
2800.0,3424.5143830776215,3300.8167147636414,3137.9295140504837,3322.208672761917,3296.367321163416
3000.0,3426.737040281296,3296.2965220212936,3143.1828439235687,3317.9035037755966,3296.0299775004387
3000.0,3430.7120740413666,3300.8426427841187,3136.989399790764,3317.292407155037,3296.4591309428215
3000.0,3438.0628913640976,3307.913839817047,3127.6291608810425,3315.3972029685974,3297.250773757696
5000.0,3461.6538137197495,3302.980810403824,3131.866827607155,3313.479423522949,3302.4952188134193
3999.9999999999995,3483.848422765732,3328.457325696945,3137.8865987062454,3332.4598520994186,3320.6630498170853
3999.9999999999995,3403.846397995949,3330.030217766762,3138.78670334816,3341.6908979415894,3303.588554263115
1999.9999999999998,3409.52530503273,3330.5105566978455,3130.6790560483932,3355.1935851573944,3306.477125734091
3999.9999999999995,3392.1510726213455,3312.452808022499,3105.6828796863556,3342.3829078674316,3288.167417049408
3000.0,3369.4642782211304,3311.98051571846,3133.774995803833,3343.689814209938,3289.7274009883404
3400.0,3393.5829252004623,3307.9469203948975,3133.6406618356705,3339.720591902733,3293.722774833441
3000.0,3358.6905151605606,3310.40158867836,3145.991787314415,3341.6423946619034,3289.1815714538097
3000.0,3349.684774875641,3297.058045864105,3149.9218940734863,3337.816894054413,3283.6204022169113
3000.0,3413.9972180128098,3304.3668419122696,3138.202205300331,3334.677368402481,3297.810908406973
3500.0,3402.319997549057,3304.9477636814117,3133.355677127838,3325.834795832634,3291.614558547735
3000.0,3416.33141040802,3312.019184231758,3134.9866837263107,3331.454023718834,3298.6978255212307
2500.0,3396.463394165039,3314.691334962845,3130.885809659958,3332.754224538803,3293.698690831661
3400.0,3434.2852234840393,3309.159278869629,3119.6605414152145,3328.3384144306183,3297.8608645498753
3000.0,3405.08334338665,3310.052901506424,3142.513632774353,3330.118954181671,3296.9422079622746
3000.0,3425.2428263425827,3307.696580886841,3156.999573111534,3329.465389251709,3304.8510923981667
3500.0,3411.433696746826,3300.7820695638657,3150.220066308975,3322.322443127632,3296.189568936825
3999.9999999999995,3452.7848660945892,3303.3357560634613,3143.9588963985443,3326.437845826149,3306.629341095686
2500.0,3456.406518816948,3324.5477825403214,3136.5173310041428,3333.864212036133,3312.833961099386
3000.0,3461.7309272289276,3323.1011778116226,3101.853132247925,3326.32876932621,3303.2535016536713
3000.0,3455.1241993904114,3319.2287385463715,3090.948387980461,3320.467472076416,3296.442199498415
4500.0,3458.399847149849,3312.6065880060196,3096.1650609970093,3314.0744268894196,3295.3114807605743
3999.9999999999995,3432.2409331798553,3317.980617284775,3120.5374002456665,3328.135684132576,3299.723658710718
2400.0,3438.3827447891235,3327.0136266946793,3118.182197213173,3340.0534093379974,3305.9079945087433
3000.0,3386.1983567476273,3304.7761023044586,3102.4856865406036,3332.824856042862,3281.571250408888
3000.0,3380.6177973747253,3293.454721570015,3106.5313518047333,3332.2564512491226,3278.215080499649
3999.9999999999995,3349.2594212293625,3283.689469099045,3119.201883673668,3324.7938752174377,3269.2361623048782
2500.0,3408.1560373306274,3296.457678079605,3132.1341544389725,3334.1921120882034,3292.734995484352
3000.0,3407.7058732509613,3284.994140267372,3127.1295994520187,3326.583355665207,3286.6032421588898
2400.0,3366.4027601480484,3278.8337767124176,3133.4003806114197,3320.8170533180237,3274.8634926974773
3500.0,3388.3948624134064,3267.732560634613,3126.910775899887,3311.581313610077,3273.654878139496
3000.0,3433.314263820648,3285.0267738103867,3128.805309534073,3320.6281810998917,3291.94363206625
3000.0,3416.1751717329025,3283.127322793007,3137.7502530813217,3319.482207298279,3289.1337387263775
3999.9999999999995,3441.419005393982,3283.466398715973,3138.0710005760193,3317.5592869520187,3295.128922909498
2500.0,3448.9477425813675,3296.864479780197,3144.351616501808,3329.896777868271,3305.015154182911
3500.0,3450.2099454402924,3285.4054123163223,3133.143335580826,3325.859159231186,3298.6544631421566
3999.9999999999995,3437.057062983513,3289.5031571388245,3137.75897026062,3322.870284318924,3296.7973686754704
3999.9999999999995,3445.005789399147,3297.9977130889893,3144.596368074417,3333.2236111164093,3305.2058704197407
3000.0,3439.030721783638,3308.2589507102966,3145.732507109642,3343.624323606491,3309.161625802517
2800.0,3384.9935978651047,3298.761025071144,3126.320242881775,3341.7409658432007,3287.953957915306
3000.0,3448.0972588062286,3300.9881526231766,3111.2945079803467,3343.10844540596,3300.872091203928
3000.0,3454.5884281396866,3300.715461373329,3116.5777891874313,3333.5964381694794,3301.3695292174816
3000.0,3456.518054008484,3303.202986717224,3105.9763580560684,3329.4586837291718,3298.789020627737
3999.9999999999995,3459.319844841957,3304.9938082695007,3111.4261597394943,3319.474384188652,3298.803549259901
3999.9999999999995,3440.7994151115417,3311.731293797493,3134.3085318803787,3318.9862221479416,3301.4563657343388
3000.0,3455.5980563163757,3317.905515432358,3140.8437341451645,3330.3435891866684,3311.1727237701416
3000.0,3398.8013863563538,3309.4053715467453,3131.7342817783356,3329.676613211632,3292.4044132232666
3999.9999999999995,3394.339084625244,3301.520347595215,3121.655434370041,3330.5320143699646,3287.011720240116
3000.0,3393.869698047638,3311.8298649787903,3128.4114718437195,3341.2007242441177,3293.8279397785664
3999.9999999999995,3348.7699180841446,3315.461575984955,3125.443160533905,3341.2789553403854,3282.7384024858475
3000.0,3312.4686777591705,3318.377807736397,3142.6573544740677,3346.194550395012,3279.9245975911617
3500.0,3327.0321786403656,3316.1115646362305,3130.4296106100082,3339.3099904060364,3278.22083607316
3000.0,3368.4130758047104,3320.000320672989,3118.51903796196,3334.350809454918,3285.3208109736443
3000.0,3384.1989934444427,3314.9991184473038,3115.372136235237,3334.79605615139,3287.3415760695934
3000.0,3365.029916167259,3306.468352675438,3127.25231051445,3328.949064016342,3281.9249108433723
2500.0,3401.22252702713,3302.1779358386993,3132.5769424438477,3328.368365764618,3291.0864427685738
5000.0,3440.3885900974274,3295.416086912155,3131.1343610286713,3314.324766397476,3295.3159511089325
1500.0,3443.0889040231705,3320.3183859586716,3139.5571678876877,3328.2827585935593,3307.8118041157722
3000.0,3458.2002460956573,3304.4544607400894,3115.607723593712,3305.186703801155,3295.8622835576534
3000.0,3436.6804361343384,3292.9685711860657,3122.365325689316,3299.6919751167297,3287.9265770316124
3000.0,3441.957011818886,3290.025517344475,3132.339119911194,3301.1016994714737,3291.355837136507
3999.9999999999995,3455.6908160448074,3290.761560201645,3135.354369878769,3307.364657521248,3297.2928509116173
2500.0,3417.5703674554825,3304.717540740967,3153.56008708477,3320.9896087646484,3299.209401011467
3999.9999999999995,3426.3941645622253,3296.472430229187,3144.6419656276703,3320.072740316391,3296.8953251838684
3000.0,3424.5427697896957,3308.713138103485,3144.235834479332,3329.029753804207,3301.63037404418
2500.0,3408.4173291921616,3299.9327033758163,3141.144812107086,3324.6436715126038,3293.534629046917
2500.0,3410.7698500156403,3284.2905074357986,3127.7362257242203,3316.366821527481,3284.790851175785
3999.9999999999995,3426.453620195389,3275.084048509598,3122.5671619176865,3300.9664714336395,3281.267825514078
2600.0,3458.50333571434,3284.9787175655365,3139.9469822645187,3316.3920789957047,3299.955278635025
3500.0,3420.398533344269,3279.380723834038,3140.7804787158966,3316.369280219078,3289.2322540283203
3000.0,3363.0721271038055,3287.108838558197,3143.40703189373,3325.200229883194,3279.6970568597317
1999.9999999999998,3379.886671900749,3283.025398850441,3154.1727483272552,3328.7863433361053,3286.4677906036377
3000.0,3424.3158996105194,3275.1012593507767,3143.67838203907,3310.7013255357742,3288.449216634035
2800.0,3429.737761616707,3268.1167870759964,3149.486258625984,3299.608826637268,3286.737408488989
3500.0,3484.363630414009,3265.8107578754425,3140.0734931230545,3304.7472685575485,3298.7487874925137
3500.0,3461.1770510673523,3278.929889202118,3154.046908020973,3317.8914338350296,3303.0113205313683
3999.9999999999995,3417.1146154403687,3282.187432050705,3162.342980504036,3332.967460155487,3298.653122037649
4500.0,3448.839783668518,3293.694108724594,3171.2787598371506,3342.1070873737335,3313.979934900999
2500.0,3396.3342010974884,3292.696326971054,3171.9884276390076,3350.4190295934677,3302.8594963252544
2400.0,3404.9642086029053,3289.5516604185104,3137.456774711609,3342.8923040628433,3293.716236948967
3000.0,3434.1882169246674,3285.210281610489,3112.221211194992,3328.8250118494034,3290.111180394888
3400.0,3435.669243335724,3286.2138748168945,3117.571994662285,3321.140706539154,3290.1489548385143
3200.0,3445.26506960392,3300.4944026470184,3118.4756755828857,3327.060788869858,3297.8239841759205
3000.0,3417.3041582107544,3301.9986748695374,3135.6563419103622,3329.233378171921,3296.0481382906437
3000.0,3401.7817676067352,3299.1595566272736,3149.809017777443,3324.2379873991013,3293.7470823526382
2500.0,3395.325243473053,3295.8579808473587,3147.6160883903503,3319.992274045944,3289.6978966891766
4400.0,3397.6073563098907,3287.4660193920135,3131.9546699523926,3308.943584561348,3281.492907553911
3999.9999999999995,3452.725410461426,3306.7989349365234,3139.9299949407578,3327.6526629924774,3306.776750832796
3000.0,3366.454839706421,3315.8697187900543,3148.0249017477036,3336.0591530799866,3291.6021533310413
2600.0,3411.66190803051,3309.9382370710373,3134.7443908452988,3341.110646724701,3299.3637956678867
3000.0,3385.3715658187866,3297.6581901311874,3137.3727321624756,3332.93616771698,3288.3346639573574
3600.0,3406.289666891098,3292.512595653534,3134.239688515663,3325.893133878708,3289.7337712347507
1999.9999999999998,3389.3966674804688,3298.8689839839935,3143.8804417848587,3326.379954814911,3289.631512016058
3000.0,3398.521766066551,3294.985145330429,3116.8482452630997,3315.2568340301514,3281.402997672558
2400.0,3416.1152690649033,3294.471949338913,3132.05748796463,3311.852216720581,3288.624230772257
3000.0,3442.5652027130127,3285.5399698019028,3127.7914345264435,3303.520828485489,3289.854358881712
3000.0,3467.932417988777,3291.364163160324,3118.850737810135,3302.3692667484283,3295.129146426916
3500.0,3454.9480676651,3290.2101427316666,3124.365136027336,3304.1296899318695,3293.413259088993
3999.9999999999995,3451.450914144516,3287.3471081256866,3132.641762495041,3310.951441526413,3295.597806572914
2500.0,3419.681489467621,3299.371227622032,3134.577199816704,3320.716917514801,3293.5867086052895
3200.0,3443.892225623131,3299.771770834923,3106.764480471611,3322.1033960580826,3293.132968246937
3000.0,3386.984020471573,3292.55148768425,3123.8148361444473,3323.0745792388916,3281.6062308847904
3500.0,3367.176577448845,3278.91044318676,3139.4612789154053,3320.370465517044,3276.4796912670135
1999.9999999999998,3385.6040239334106,3278.3279567956924,3143.055886030197,3327.1797001361847,3283.5418917238712
2500.0,3389.3421292304993,3259.5987617969513,3136.177808046341,3312.974274158478,3274.5232433080673
3000.0,3399.902880191803,3252.610042691231,3140.769526362419,3304.6679198741913,3274.487592279911
3999.9999999999995,3376.629799604416,3248.349577188492,3156.2883406877518,3302.7487993240356,3271.004129201174
3000.0,3462.512791156769,3273.8645374774933,3160.7629358768463,3318.4265345335007,3303.8916997611523
2500.0,3437.0268881320953,3279.8483222723007,3151.805028319359,3320.6838369369507,3297.3410189151764
3000.0,3385.2077275514603,3277.7023315429688,3129.626289010048,3314.576894044876,3276.7783105373383
3999.9999999999995,3388.756960630417,3277.491107583046,3131.6473335027695,3313.201367855072,3277.774192392826
3500.0,3407.5042605400085,3293.958753347397,3141.89113676548,3322.828710079193,3291.5457151830196
3999.9999999999995,3401.074558496475,3300.398960709572,3142.6072865724564,3332.264721393585,3294.086381793022
3000.0,3350.2238988876343,3294.353038072586,3152.9822945594788,3340.715244412422,3284.5686189830303
3500.0,3438.713774085045,3297.484964132309,3134.126588702202,3339.676335453987,3302.5004155933857
3999.9999999999995,3433.6374700069427,3297.261893749237,3133.5552781820297,3336.779773235321,3300.3086037933826
3500.0,3459.6745669841766,3316.684663295746,3129.972070455551,3342.728018760681,3312.2648298740387
3999.9999999999995,3411.988243460655,3321.1418241262436,3128.1445920467377,3345.5094695091248,3301.6960322856903
3400.0,3427.071198821068,3327.125608921051,3116.718605160713,3344.978168606758,3303.9733953773975
3999.9999999999995,3448.035344481468,3329.736292362213,3098.584860563278,3348.6677706241608,3306.25606700778
3000.0,3400.8631110191345,3328.622728586197,3119.475021958351,3349.648118019104,3299.6522448956966
3000.0,3344.3596959114075,3312.3667538166046,3120.540753006935,3341.7362719774246,3279.750868678093
3000.0,3393.2670950889587,3308.4379881620407,3107.653856277466,3334.275707602501,3285.9086617827415
3000.0,3384.7106248140335,3306.5159618854523,3113.285154104233,3322.177603840828,3281.6723361611366
3600.0,3404.41033244133,3305.09752035141,3107.1851402521133,3316.975012421608,3283.4170013666153
3999.9999999999995,3411.8087589740753,3314.0111714601517,3121.5088069438934,3319.6257054805756,3291.738610714674
3200.0,3401.866927742958,3326.326757669449,3127.022311091423,3331.4602822065353,3296.6690696775913
3000.0,3393.951952457428,3324.3902027606964,3126.410096883774,3336.6894721984863,3295.360431075096
3000.0,3383.4178000688553,3304.3337613344193,3139.9476528167725,3331.6006511449814,3289.824966341257
3999.9999999999995,3421.998918056488,3305.949792265892,3127.640336751938,3331.6777646541595,3296.8167029321194
3999.9999999999995,3406.1309695243835,3306.1446994543076,3145.402818918228,3336.1537009477615,3298.45804721117
3000.0,3420.059457421303,3320.74798643589,3138.7154012918472,3342.8071439266205,3305.582497268915
3000.0,3400.1129865646362,3317.0194923877716,3121.7405945062637,3342.799097299576,3295.418042689562
3000.0,3401.7370641231537,3314.9559795856476,3107.4372678995132,3337.537944316864,3290.4170639812946
2500.0,3395.0161188840866,3313.5654777288437,3109.631761908531,3328.0710875988007,3286.5711115300655
3000.0,3419.5028990507126,3306.182026863098,3109.0128421783447,3317.519724369049,3288.054373115301
3500.0,3418.9092367887497,3303.278535604477,3134.7522139549255,3312.499076128006,3292.3597656190395
3000.0,3413.1722152233124,3300.2199232578278,3151.0884314775467,3313.1352066993713,3294.4039441645145
3000.0,3459.2226147651672,3302.280753850937,3138.239085674286,3313.254565000534,3303.249254822731
1999.9999999999998,3431.348204612732,3302.9522001743317,3130.943477153778,3311.9579404592514,3294.3004556000233
2500.0,3452.330008149147,3283.3631336688995,3111.1878901720047,3298.7411320209503,3286.4055410027504
3500.0,3448.474109172821,3264.11135494709,3121.982663869858,3283.8378846645355,3279.601503163576
3500.0,3448.150008916855,3269.921913743019,3133.343830704689,3289.4908636808395,3285.2266542613506
3999.9999999999995,3472.956418991089,3278.7517458200455,3131.224662065506,3299.0598678588867,3295.4981736838818
3999.9999999999995,3473.4660387039185,3292.616531252861,3145.3000009059906,3313.9626681804657,3306.336309760809
2500.0,3422.7266907691956,3294.9230074882507,3159.403055906296,3329.0116488933563,3301.5161007642746
3999.9999999999995,3408.7329357862473,3279.150277376175,3144.5319950580597,3324.708938598633,3289.2810367047787
3999.9999999999995,3405.7820588350296,3285.5142652988434,3150.513991713524,3330.819681286812,3293.157499283552
3500.0,3414.6762639284134,3296.1270958185196,3150.705546140671,3338.1637930870056,3299.9181747436523
3000.0,3387.7086639404297,3301.7729222774506,3148.1943279504776,3333.773910999298,3292.862456291914
3000.0,3377.4054050445557,3284.846842288971,3133.8270753622055,3326.6962319612503,3280.6938886642456
2500.0,3406.622037291527,3282.250016927719,3121.5472519397736,3327.6524394750595,3284.5179364085197
3500.0,3376.0904520750046,3269.7229832410812,3120.773434638977,3314.3433183431625,3270.2325470745564
2600.0,3396.650478243828,3281.7330211400986,3128.9588660001755,3318.878933787346,3281.555324792862
1999.9999999999998,3447.1242874860764,3286.955952644348,3123.4534084796906,3316.3366466760635,3293.4675738215446
3500.0,3470.7630425691605,3283.906504511833,3105.9233844280243,3301.979899406433,3290.6432077288628
3000.0,3429.3700754642487,3288.320302963257,3134.4694644212723,3306.1422407627106,3289.575520902872
2500.0,3422.2568571567535,3283.01802277565,3149.9965488910675,3305.2828162908554,3290.1385612785816
2800.0,3400.3959596157074,3271.028771996498,3150.414302945137,3292.466104030609,3278.576284646988
3000.0,3394.0033614635468,3263.1994038820267,3142.115995287895,3296.606093645096,3273.981213569641
2500.0,3386.3644301891327,3268.131762742996,3137.311711907387,3305.3813874721527,3274.297323077917
3500.0,3419.0648049116135,3263.9220356941223,3142.4901634454727,3299.0507036447525,3281.1319269239902
3000.0,3444.5511549711227,3280.5848121643066,3153.7438184022903,3312.3980462551117,3297.819457948208
3000.0,3427.8975427150726,3282.2205126285553,3160.344958305359,3311.687484383583,3295.5376245081425
3000.0,3438.7725591659546,3281.788229942322,3162.110298871994,3315.2326941490173,3299.475945532322
3200.0,3443.1159496307373,3278.944194316864,3167.0940667390823,3310.740664601326,3299.9737188220024
3000.0,3446.207195520401,3280.8570563793182,3159.3871861696243,3314.351364970207,3300.2007007598877
3000.0,3468.8016772270203,3275.5961269140244,3163.7804210186005,3312.6944303512573,3305.2181638777256
3500.0,3436.2148493528366,3280.368447303772,3144.381567835808,3310.6617629528046,3292.9066568613052
3999.9999999999995,3407.752141356468,3287.5172048807144,3140.023872256279,3318.939507007599,3288.558181375265
1999.9999999999998,3353.862091898918,3297.480046749115,3159.3941152095795,3327.050283551216,3284.446634352207
3999.9999999999995,3355.5829524993896,3287.7706736326218,3143.049404025078,3315.154016017914,3275.3892615437508
3500.0,3359.338715672493,3289.4819229841232,3160.6120616197586,3323.952332139015,3283.3462581038475
2500.0,3390.4731273651123,3297.2294837236404,3165.102079510689,3332.004100084305,3296.2021976709366
3000.0,3390.9568190574646,3286.88845038414,3165.9357994794846,3324.873447418213,3292.1636290848255
1500.0,3366.863876581192,3294.7781682014465,3155.8214128017426,3321.6293156147003,3284.7731932997704
2500.0,3386.5533024072647,3285.3566855192184,3121.7680871486664,3295.729011297226,3272.351771593094
3000.0,3386.242836713791,3267.8277790546417,3122.0705062150955,3280.0021022558212,3264.0358060598373
3000.0,3407.410606741905,3267.982229590416,3127.3193657398224,3282.674476504326,3271.3466696441174
3999.9999999999995,3400.9943157434464,3271.0231840610504,3135.344311594963,3287.4852418899536,3273.7117633223534
4400.0,3405.3627401590347,3287.881314754486,3142.388239502907,3301.3466745615005,3284.244742244482
2500.0,3411.397933959961,3296.515569090843,3149.8512625694275,3327.2116631269455,3296.2441071867943
3500.0,3377.2113919258118,3285.244032740593,3149.3496894836426,3327.15667784214,3284.740447998047
3999.9999999999995,3332.1259170770645,3277.403712272644,3166.0468876361847,3333.946466445923,3277.380745857954
2800.0,3310.7129484415054,3277.6131480932236,3170.339986681938,3340.7320082187653,3274.849522858858
3400.0,3342.742547392845,3271.101862192154,3163.1682068109512,3339.757025241852,3279.1924104094505
3000.0,3313.92802298069,3280.138447880745,3165.1300191879272,3338.879942893982,3274.519108235836
3000.0,3344.4732427597046,3278.9303362369537,3166.869208216667,3330.325484275818,3280.149567872286
3000.0,3367.0417964458466,3285.776898264885,3154.4092297554016,3323.98384809494,3282.8029431402683
3000.0,3440.927714109421,3293.658345937729,3148.679807782173,3324.7746527194977,3302.010130137205
2400.0,3427.824229001999,3297.0575988292694,3153.82182598114,3317.3292875289917,3299.00823533535
3500.0,3420.9054708480835,3295.9308475255966,3134.450912475586,3307.0479333400726,3289.5837910473347
2400.0,3408.3759784698486,3301.0947704315186,3142.3640996217728,3308.217376470566,3290.0130562484264
5000.0,3396.85320854187,3294.5584505796432,3129.1577965021133,3302.2744953632355,3280.7109877467155
3999.9999999999995,3385.820612311363,3314.6557956933975,3135.553076863289,3319.8027312755585,3288.958054035902
4500.0,3361.968845129013,3325.1264691352844,3151.0915607213974,3332.837149500847,3292.7560061216354
3000.0,3345.3572541475296,3326.7132192850113,3149.440214037895,3346.54301404953,3292.0134253799915
3500.0,3397.916257381439,3323.870301246643,3124.1532415151596,3345.722481608391,3297.915570437908
2500.0,3399.425894021988,3323.0164647102356,3129.252567887306,3348.097801208496,3299.9481819570065
3000.0,3372.4477887153625,3301.8945157527924,3143.2856619358063,3332.2012424468994,3287.457302212715
3999.9999999999995,3399.0441262722015,3294.1456139087677,3158.639967441559,3326.1215686798096,3294.4878190755844
3999.9999999999995,3407.0616960525513,3301.398754119873,3181.122913956642,3324.75408911705,3303.584363311529
3000.0,3378.5703778266907,3310.19327044487,3185.92831492424,3333.338722586632,3302.007671445608
3000.0,3314.0263706445694,3302.2932708263397,3187.6614689826965,3327.3301273584366,3282.8278094530106
3999.9999999999995,3334.4656974077225,3299.011141061783,3177.7989864349365,3324.403166770935,3283.919747918844
3500.0,3333.31860601902,3308.0070465803146,3182.358294725418,3333.0823481082916,3289.191573858261
3000.0,3337.2386544942856,3312.141001224518,3182.637467980385,3341.131880879402,3293.2872511446476
3200.0,3309.3608915805817,3301.643282175064,3191.5343552827835,3336.1226320266724,3284.6652902662754
3000.0,3309.459909796715,3304.268717765808,3190.1396065950394,3336.601182818413,3285.1173542439938
3999.9999999999995,3323.3678340911865,3297.7786660194397,3196.985498070717,3329.6889066696167,3286.95522621274
3000.0,3351.689949631691,3314.3504709005356,3200.0378519296646,3336.005061864853,3300.520833581686
3500.0,3340.5113965272903,3320.774585008621,3196.384012699127,3331.9634199142456,3297.408353537321
1999.9999999999998,3346.632421016693,3326.255679130554,3193.691521883011,3334.6887677907944,3300.317097455263
3999.9999999999995,3405.473828315735,3317.13505089283,3180.2722066640854,3317.592144012451,3305.1183074712753
3000.0,3403.6780893802643,3328.487053513527,3189.2645359039307,3321.6679841279984,3310.77441573143
3500.0,3403.206244111061,3325.621113181114,3190.9067183732986,3325.710743665695,3311.3612048327923
2600.0,3394.7257697582245,3323.488309979439,3206.765502691269,3335.198611021042,3315.0445483624935
4500.0,3371.0769563913345,3308.4192126989365,3211.8739932775497,3328.603282570839,3304.993361234665
2800.0,3361.0955625772476,3321.050852537155,3206.673413515091,3336.009979248047,3306.207451969385
3999.9999999999995,3391.5605396032333,3319.709300994873,3194.049596786499,3340.2400463819504,3311.389870941639
3500.0,3361.625522375107,3329.3317258358,3203.418552875519,3343.0279791355133,3309.3509450554848
2500.0,3358.018174767494,3320.116102695465,3208.3021849393845,3340.1504158973694,3306.6467195749283
3999.9999999999995,3411.59351170063,3316.6471123695374,3196.544274687767,3333.562910556793,3314.586952328682
3000.0,3371.347635984421,3318.791314959526,3200.892135500908,3333.277702331543,3306.0771971940994
3000.0,3409.701883792877,3323.632702231407,3189.496770501137,3335.758298635483,3314.647413790226
2500.0,3367.2595024108887,3317.282795906067,3185.9231740236282,3326.687514781952,3299.288246780634
3000.0,3396.2175250053406,3310.598284006119,3177.4570047855377,3319.4708079099655,3300.9359054267406
3000.0,3389.017805457115,3307.991400361061,3174.9019771814346,3315.276950597763,3296.7970333993435
3999.9999999999995,3409.334197640419,3309.7466826438904,3181.0176372528076,3316.691592335701,3304.1975274682045
2500.0,3419.1452711820602,3314.576894044876,3200.974613428116,3328.571766614914,3315.8171363174915
1999.9999999999998,3435.83844602108,3307.1453869342804,3206.719011068344,3317.9285377264023,3316.9078454375267
1999.9999999999998,3442.5392746925354,3299.991935491562,3186.0273331403732,3303.397446870804,3307.9889975488186
3000.0,3455.241769552231,3286.3649725914,3181.3576072454453,3286.653533577919,3302.404470741749
3000.0,3469.613939523697,3279.9701392650604,3196.7490166425705,3283.558264374733,3307.472839951515
3999.9999999999995,3438.9732778072357,3284.769058227539,3196.726217865944,3286.4461094141006,3301.728665828705
3000.0,3438.1165355443954,3292.2984659671783,3207.8535854816437,3304.046541452408,3310.5787821114063
3999.9999999999995,3462.8279507160187,3289.041817188263,3207.850456237793,3312.02432513237,3317.936137318611
3000.0,3422.1674501895905,3297.930434346199,3209.6149027347565,3324.357122182846,3313.517477363348
3600.0,3403.1257778406143,3299.442306160927,3210.197389125824,3330.741673707962,3310.876786708832
2400.0,3359.677791595459,3300.468474626541,3213.943988084793,3332.510143518448,3301.6500994563103
3000.0,3385.172188282013,3291.6178554296494,3199.1802155971527,3323.204219341278,3299.7936196625233
3999.9999999999995,3400.7468819618225,3290.9848541021347,3182.324543595314,3318.600207567215,3298.1641218066216
2500.0,3384.2450380325317,3304.686024785042,3184.158504009247,3321.526050567627,3298.653904348612
3000.0,3366.0055696964264,3301.2085407972336,3159.175291657448,3312.1512830257416,3284.6351712942123
3000.0,3383.1462264060974,3293.730765581131,3149.2602825164795,3311.3443851470947,3284.3704149127007
3200.0,3374.7415244579315,3287.3929291963577,3163.783997297287,3309.2931658029556,3283.802904188633
3999.9999999999995,3372.941315174103,3284.023180603981,3184.310272336006,3313.3066445589066,3288.645353168249
3000.0,3343.3035761117935,3290.2713865041733,3206.375241279602,3324.9854296445847,3291.2339083850384
3500.0,3343.1531488895416,3280.8150351047516,3196.2351500988007,3327.2449672222137,3286.862075328827
3999.9999999999995,3380.4908394813538,3291.70860350132,3188.7006014585495,3335.6986194849014,3299.149665981531
3000.0,3335.037901997566,3300.0165224075317,3201.703280210495,3340.7360315322876,3294.37343403697
4400.0,3325.2572268247604,3305.823728442192,3202.1433860063553,3331.213966012001,3291.109576821327
1999.9999999999998,3369.6316927671432,3313.8687908649445,3211.117833852768,3344.060182571411,3309.6696250140667
3000.0,3380.00625371933,3294.8698103427887,3198.7814605236053,3329.0239423513412,3300.6703667342663
3000.0,3351.367861032486,3282.657489180565,3205.881267786026,3321.1514353752136,3290.2645133435726
3500.0,3392.4078941345215,3288.133442401886,3199.7323036193848,3319.2962408065796,3299.892470240593
3000.0,3395.1788395643234,3302.6213943958282,3187.9960745573044,3322.025388479233,3301.955424249172
3999.9999999999995,3427.3718297481537,3314.703404903412,3181.167170405388,3326.544910669327,3312.44682893157
3999.9999999999995,3374.2737025022507,3325.922414660454,3198.7765431404114,3332.747519016266,3307.9300448298454
3500.0,3358.3076298236847,3321.3239908218384,3198.801800608635,3341.6832983493805,3305.0291799008846
3000.0,3399.389237165451,3324.732184410095,3190.0665163993835,3349.4894206523895,3315.91933965683
3400.0,3360.038995742798,3316.696733236313,3194.078430533409,3342.1388268470764,3303.238246589899
3000.0,3341.348245739937,3316.9247210025787,3195.8037614822388,3342.091217637062,3299.041986465454
3000.0,3317.558839917183,3308.7678998708725,3206.2002271413803,3334.551751613617,3291.769679635763
3400.0,3387.654349207878,3318.151608109474,3194.49283182621,3328.327015042305,3307.156451046467
3000.0,3414.541259407997,3325.3030478954315,3196.764886379242,3330.508768558502,3316.779490560293
2500.0,3380.66965341568,3317.5863325595856,3202.156573534012,3321.797624230385,3305.5525459349155
2500.0,3411.5414321422577,3305.406868457794,3185.206577181816,3310.91970205307,3303.2686449587345
2500.0,3479.9954295158386,3305.2899688482285,3168.3464348316193,3306.5280318260193,3315.0399662554264
2500.0,3461.02237701416,3294.524699449539,3180.7199120521545,3293.362185359001,3307.4072934687138
2600.0,3498.467355966568,3285.379260778427,3174.2146611213684,3288.7447625398636,3311.701510101557
3500.0,3505.565822124481,3274.1016894578934,3179.134279489517,3289.157822728157,3311.989903450012
3999.9999999999995,3497.600555419922,3280.467912554741,3188.319504261017,3297.9802787303925,3316.092062741518
3999.9999999999995,3459.6598148345947,3294.561579823494,3258.8743418455124,3329.2141556739807,3335.5774730443954
3000.0,3399.350792169571,3303.7130534648895,3268.870711326599,3356.672376394272,3332.151733338833
3000.0,3394.3364024162292,3294.149860739708,3252.9477775096893,3362.4954521656036,3325.9823732078075
2600.0,3404.5907109975815,3291.6922867298126,3231.2513887882233,3360.3984117507935,3321.9831995666027
1999.9999999999998,3431.003764271736,3290.240094065666,3215.407356619835,3354.370817542076,3322.7555081248283
4400.0,3422.902822494507,3281.348794698715,3176.5086203813553,3333.51731300354,3303.5693876445293
3500.0,3424.396812915802,3294.6259528398514,3209.378197789192,3346.2394773960114,3318.6601102352142
3500.0,3365.420624613762,3295.9771156311035,3203.1818479299545,3351.203352212906,3303.9457350969315
3000.0,3414.200395345688,3296.8559861183167,3219.446763396263,3358.2597970962524,3322.19073548913
3500.0,3408.997803926468,3286.7373526096344,3215.111419558525,3355.7141572237015,3316.640183329582
3000.0,3445.848673582077,3295.370936393738,3231.7835837602615,3363.294303417206,3334.0743742883205
3500.0,3418.0672466754913,3299.315571784973,3239.4593954086304,3357.9030632972717,3328.6863192915916
3000.0,3378.046005964279,3306.441754102707,3250.277414917946,3366.5677160024643,3325.333222746849
3500.0,3345.773220062256,3300.4137128591537,3245.1367378234863,3366.595208644867,3314.4797198474407
3000.0,3364.2031252384186,3307.5251430273056,3241.90691113472,3366.699144244194,3320.0835809111595
3500.0,3385.351225733757,3314.702734351158,3228.454291820526,3363.318219780922,3322.956617921591
3000.0,3378.482535481453,3322.1404999494553,3223.7237691879272,3361.6190403699875,3321.4914612472057
3999.9999999999995,3391.197547316551,3330.901712179184,3203.5327702760696,3357.9759299755096,3320.9019899368286
2500.0,3394.81383562088,3353.223279118538,3200.6384432315826,3361.330032348633,3327.5013975799084
3999.9999999999995,3423.9381551742554,3346.7314392328262,3200.7604837417603,3356.243669986725,3331.9184370338917
1999.9999999999998,3366.0516142845154,3346.453160047531,3218.120187520981,3361.7310225963593,3323.0889961123466
2500.0,3406.4018726348877,3328.781872987747,3212.401047348976,3346.9533920288086,3323.634546250105
3999.9999999999995,3402.170240879059,3312.312215566635,3198.8824903964996,3327.0263671875,3310.0978285074234
2400.0,3456.897586584091,3325.885310769081,3230.249807238579,3337.111920118332,3337.5361561775208
3000.0,3409.3384444713593,3320.591300725937,3194.185718894005,3330.879583954811,3313.748762011528
2800.0,3411.9580686092377,3325.311541557312,3182.291239500046,3330.795541405678,3312.5890977680683
2500.0,3419.1347658634186,3324.5104551315308,3194.0721720457077,3333.6299657821655,3317.8368397057056
2500.0,3423.6379712820053,3308.955430984497,3182.0695102214813,3319.9238777160645,3308.646697551012
3500.0,3446.9548612833023,3299.8035103082657,3167.6439195871353,3313.6363327503204,3307.009655982256
2500.0,3437.948003411293,3296.8441396951675,3174.080550670624,3318.319693207741,3306.7980967462063
3999.9999999999995,3490.781933069229,3294.4585382938385,3179.1917234659195,3318.4535801410675,3320.7214437425137
3000.0,3447.6397186517715,3296.1778342723846,3184.7476959228516,3323.4840631484985,3313.0123279988766
2500.0,3465.2043879032135,3294.653445482254,3166.7400151491165,3328.7224173545837,3313.830066472292
2500.0,3459.3312442302704,3277.3925364017487,3155.9376418590546,3322.695940732956,3303.8393408060074
2500.0,3467.278629541397,3254.952058196068,3167.1468168497086,3314.329907298088,3300.9268529713154
3600.0,3466.668426990509,3229.8506051301956,3179.672956466675,3305.027335882187,3295.3048311173916
1999.9999999999998,3480.394184589386,3238.1998747587204,3208.5920870304108,3315.6538009643555,3310.709986835718
3999.9999999999995,3457.9067677259445,3230.646327137947,3190.8899545669556,3311.622440814972,3297.766372561455
3000.0,3459.344655275345,3250.4966855049133,3226.499855518341,3323.157951235771,3314.8747868835926
1999.9999999999998,3430.6103736162186,3253.381624817848,3205.4290920495987,3327.4631202220917,3304.2210526764393
2400.0,3465.530276298523,3240.5421137809753,3193.689286708832,3320.2987164258957,3305.0150983035564
3000.0,3472.35269844532,3215.256482362747,3203.6975026130676,3307.6798170804977,3299.746625125408
3000.0,3482.436239719391,3216.121941804886,3220.927342772484,3307.105600833893,3306.6477812826633
3000.0,3489.8802638053894,3223.0306416749954,3233.2976907491684,3314.68865275383,3315.224312245846
3400.0,3452.926352620125,3215.1833921670914,3223.5970348119736,3314.5612478256226,3301.567006856203
3400.0,3518.562465906143,3238.7282699346542,3244.941383600235,3330.983519554138,3333.3039097487926
3999.9999999999995,3454.5359015464783,3251.928985118866,3258.526101708412,3342.665657401085,3326.9141614437103
3000.0,3392.597660422325,3264.7769898176193,3243.412747979164,3352.7259528636932,3313.3783377707005
3200.0,3469.1358357667923,3285.5574041604996,3234.2270761728287,3360.8172833919525,3337.4343998730183
3000.0,3406.333476305008,3297.087550163269,3230.866938829422,3363.1731569767,3324.3652805685997
3999.9999999999995,3407.619372010231,3294.835612177849,3233.7190210819244,3355.923593044281,3323.0243995785713
3999.9999999999995,3466.133549809456,3312.6573264598846,3249.2758333683014,3362.4131977558136,3347.619976848364
3500.0,3427.8664737939835,3317.728489637375,3231.8367809057236,3369.448184967041,3336.7199823260307
3000.0,3473.0221331119537,3334.500342607498,3239.121660590172,3381.1423927545547,3356.9466322660446
2600.0,3369.7599917650223,3330.9897780418396,3204.6550512313843,3374.0486204624176,3319.863360375166
2500.0,3405.7655185461044,3324.5426416397095,3200.0501453876495,3365.3298765420914,3323.9220455288887
3999.9999999999995,3414.340317249298,3318.9086616039276,3197.4953413009644,3349.8309552669525,3320.1438188552856
3999.9999999999995,3439.1554445028305,3336.9798213243484,3236.261084675789,3356.551006436348,3342.236839234829
3999.9999999999995,3417.8222715854645,3352.525904774666,3242.2247529029846,3366.7992800474167,3344.843052327633
3000.0,3390.8964693546295,3364.093601703644,3238.522857427597,3375.1463145017624,3342.164810746908
3000.0,3337.2505009174347,3352.649286389351,3213.4585082530975,3369.7548508644104,3318.2782866060734
3000.0,3356.696516275406,3346.017971634865,3213.8125598430634,3365.0855720043182,3320.403154939413
3000.0,3343.207687139511,3339.2679691314697,3199.7378915548325,3360.81862449646,3310.7580430805683
3000.0,3399.856835603714,3349.3781089782715,3205.580413341522,3354.2901277542114,3327.27637141943
4500.0,3388.538137078285,3345.9971845149994,3209.5887511968613,3349.0291982889175,3323.288317769766
3000.0,3342.280089855194,3353.378400206566,3213.075175881386,3358.311206102371,3316.7612180113792
3999.9999999999995,3394.072651863098,3349.7900515794754,3209.0317457914352,3366.3459867239,3329.810108989477
3000.0,3335.6284350156784,3353.680819272995,3205.006420612335,3370.984196662903,3316.324967890978
3200.0,3360.2600544691086,3347.7792888879776,3202.8740644454956,3371.1587637662888,3320.5180428922176
5000.0,3352.760598063469,3343.915566802025,3208.7626308202744,3368.065506219864,3318.376075476408
3000.0,3376.1300146579742,3351.2502908706665,3235.6826215982437,3374.779298901558,3334.4605565071106
3000.0,3370.9298819303513,3348.1722325086594,3215.737044811249,3368.9095079898834,3325.9371668100357
3000.0,3383.9763700962067,3343.8031375408173,3204.455226659775,3366.4660155773163,3324.6751874685287
3500.0,3398.1049060821533,3339.4668996334076,3206.373453140259,3356.24523460865,3325.0476233661175
3500.0,3415.5593812465668,3343.9870923757553,3209.555447101593,3357.599526643753,3331.675361841917
3000.0,3396.5007215738297,3341.8234437704086,3206.954151391983,3355.051428079605,3325.0824362039566
2500.0,3415.551781654358,3342.3370867967606,3196.737840771675,3353.02010178566,3326.9117027521133
3500.0,3419.9845790863037,3333.4553986787796,3176.1176884174347,3338.7062698602676,3317.0659840106964
2600.0,3436.443954706192,3335.95409989357,3189.11612033844,3337.418809533119,3324.7332461178303
3000.0,3422.8605777025223,3333.3469927310944,3183.9946657419205,3334.612101316452,3318.7035843729973
4400.0,3435.05859375,3331.7264914512634,3193.5232132673264,3331.107124686241,3322.8538557887077
3999.9999999999995,3419.141471385956,3344.0767228603363,3210.98729968071,3347.4158495664597,3330.4053358733654
3000.0,3340.5885100364685,3344.8483049869537,3205.5428624153137,3359.0711653232574,3312.5127106904984
3000.0,3391.992151737213,3332.7966928482056,3214.412033557892,3362.4842762947083,3325.4212886095047
3999.9999999999995,3386.8373930454254,3325.0612020492554,3218.747600913048,3359.323740005493,3322.4924840033054
3500.0,3385.3916823863983,3328.304886817932,3215.1319831609726,3356.6907048225403,3321.379814296961
4500.0,3414.7359430789948,3337.341696023941,3203.710913658142,3364.2663806676865,3330.013733357191
3000.0,3388.168215751648,3342.6694571971893,3207.528367638588,3372.0678091049194,3327.608462423086
3000.0,3396.86818420887,3339.572176337242,3189.432844519615,3370.504528284073,3324.09443333745
3999.9999999999995,3382.195606827736,3335.1288735866547,3172.263354063034,3364.061862230301,3313.4124241769314
3000.0,3361.3284677267075,3340.0339633226395,3168.6104089021683,3367.8562939167023,3309.4572834670544
3200.0,3388.7793123722076,3343.566209077835,3171.9182431697845,3363.456130027771,3316.9299736618996
1999.9999999999998,3360.0130677223206,3344.4030582904816,3191.0457462072372,3360.2824062108994,3313.9360696077347
3400.0,3369.2695945501328,3321.519121527672,3191.6923820972443,3338.966891169548,3305.361997336149
3400.0,3373.1404691934586,3320.324867963791,3221.278488636017,3337.4974876642227,3313.0603283643723
2500.0,3389.861583709717,3317.553699016571,3245.089575648308,3342.84670650959,3323.8378912210464
3000.0,3375.469073653221,3305.6677132844925,3239.521309733391,3334.452509880066,3313.7776516377926
3500.0,3384.866863489151,3304.523080587387,3242.105394601822,3332.430124282837,3315.981365740299
3000.0,3399.2868661880493,3321.5609192848206,3239.5002990961075,3332.897275686264,3323.3113400638103
3000.0,3407.4993431568146,3323.28625023365,3236.5120947360992,3338.806852698326,3326.5261352062225
3000.0,3375.033214688301,3323.664888739586,3220.6329703330994,3336.9170129299164,3314.0620216727257
3999.9999999999995,3401.6630798578262,3326.7033845186234,3210.8940929174423,3333.902209997177,3318.2906918227673
3000.0,3440.27616083622,3336.5803956985474,3219.7699695825577,3341.328352689743,3334.488719701767
3000.0,3418.954163789749,3330.697864294052,3203.4384459257126,3341.7805284261703,3323.717750608921
2500.0,3445.47338783741,3322.4525302648544,3208.354264497757,3341.2398397922516,3329.3800055980682
3999.9999999999995,3455.69483935833,3310.5263113975525,3200.4527002573013,3329.252153635025,3323.981501162052
3500.0,3484.8830848932266,3324.1338282823563,3226.6460359096527,3341.1068469285965,3344.192449003458
3999.9999999999995,3428.54842543602,3325.713202357292,3228.0515134334564,3357.870876789093,3335.0460045039654
3000.0,3336.102068424225,3324.7268199920654,3227.0964235067368,3367.8578585386276,3313.9457926154137
3999.9999999999995,3365.4791861772537,3317.0954883098602,3215.087726712227,3364.623785018921,3315.5715465545654
2500.0,3420.800417661667,3333.670198917389,3227.247968316078,3369.9385821819305,3337.914291769266
2500.0,3397.8887647390366,3324.114829301834,3201.165497303009,3352.3862063884735,3318.8888244330883
3000.0,3407.939672470093,3320.082128047943,3172.9189306497574,3337.8631621599197,3309.7009733319283
2800.0,3408.5192531347275,3313.6258274316788,3177.402913570404,3328.6739140748978,3307.055477052927
3500.0,3430.7733178138733,3315.4267072677612,3198.8290697336197,3332.076072692871,3319.2762918770313
2400.0,3386.9755268096924,3318.447768688202,3214.0056788921356,3337.096720933914,3314.131423830986
3000.0,3415.54194688797,3309.6718043088913,3204.871192574501,3330.298662185669,3315.095901489258
3000.0,3407.878428697586,3308.6130023002625,3210.0246101617813,3329.143524169922,3313.914891332388
2600.0,3400.8941799402237,3304.2193204164505,3208.9651376008987,3331.8892121315002,3311.4919625222683
3500.0,3431.9568425416946,3306.131958961487,3206.0247659683228,3331.4426243305206,3318.889047950506
3500.0,3400.07521212101,3316.6202902793884,3212.313875555992,3339.061886072159,3317.0178160071373
3999.9999999999995,3374.26096200943,3315.851166844368,3211.7316126823425,3340.427577495575,3310.567829757929
1999.9999999999998,3409.624993801117,3330.4139971733093,3213.5512679815292,3349.827155470848,3325.854353606701
5000.0,3421.654924750328,3316.09770655632,3178.684562444687,3332.8845351934433,3312.3304322361946
3000.0,3420.9928661584854,3327.2118866443634,3196.7130303382874,3343.782126903534,3322.1749775111675
3500.0,3400.0036865472794,3316.986635327339,3181.3667714595795,3338.766396045685,3309.2808723449707
3000.0,3418.5826778411865,3316.119834780693,3178.3001124858856,3342.478573322296,3313.8702996075153
3500.0,3451.3776004314423,3315.0994777679443,3186.5738332271576,3346.74172103405,3324.9481581151485
2500.0,3452.0231187343597,3314.91082906723,3217.211589217186,3355.2061021327972,3334.8379097878933
3999.9999999999995,3374.9453723430634,3290.5619591474533,3188.7875497341156,3342.844918370247,3299.28494989872
3000.0,3440.3255581855774,3303.319439291954,3211.7434591054916,3348.969519138336,3326.08949393034
1999.9999999999998,3433.2507848739624,3301.9640296697617,3205.927088856697,3345.1471477746964,3321.5722627937794
3000.0,3403.424844145775,3296.2795346975327,3186.4260882139206,3330.8330923318863,3304.2408898472786
3000.0,3417.31533408165,3292.0563966035843,3208.9629024267197,3323.5377073287964,3310.4680851101875
3000.0,3447.096571326256,3293.12726855278,3224.1810858249664,3321.782201528549,3321.546781808138
3000.0,3456.524759531021,3292.0029759407043,3231.01244866848,3320.8445459604263,3325.096182525158
3000.0,3432.377725839615,3287.2599363327026,3221.5196639299393,3320.046588778496,3315.300978720188
3000.0,3431.5896034240723,3290.4166728258133,3214.2844051122665,3322.996348142624,3314.821757376194
3000.0,3463.4658694267273,3292.7582412958145,3213.101774454117,3325.4751563072205,3323.7002603709698
2500.0,3438.0751848220825,3298.126459121704,3211.5210592746735,3330.802470445633,3319.6312934160233
2500.0,3465.069606900215,3296.6163754463196,3221.0931926965714,3328.8250118494034,3327.9010467231274
2500.0,3472.030386328697,3283.988982439041,3222.1372425556183,3320.3351497650146,3324.622940272093
3500.0,3458.2051634788513,3271.990790963173,3205.2896171808243,3309.255838394165,3311.1853525042534
3999.9999999999995,3483.6434572935104,3282.371610403061,3217.820003628731,3321.545273065567,3326.3450860977173
3000.0,3462.415561079979,3300.4282414913177,3244.849517941475,3339.5493775606155,3336.810674518347
3000.0,3413.025140762329,3295.3331619501114,3237.0539009571075,3340.664952993393,3321.5192891657352
3999.9999999999995,3402.4782478809357,3291.35924577713,3220.812678337097,3340.4818922281265,3313.7830160558224
3999.9999999999995,3458.7306529283524,3314.8889243602753,3241.6143268346786,3352.6352047920227,3341.9672772288322
1999.9999999999998,3397.5331485271454,3322.6648718118668,3228.834494948387,3359.8338067531586,3327.2165805101395
3600.0,3406.077101826668,3310.062736272812,3206.743374466896,3351.5144884586334,3318.5994252562523
3000.0,3407.362550497055,3314.470276236534,3220.9210842847824,3350.1380681991577,3323.2229948043823
2500.0,3426.3592958450317,3319.110944867134,3216.7044281959534,3350.77241063118,3328.2367698848248
3200.0,3422.930985689163,3315.9083873033524,3203.030079603195,3341.0538733005524,3320.730831474066
3000.0,3428.0213713645935,3321.4614540338516,3208.50245654583,3342.8259193897247,3325.2028003335
3999.9999999999995,3447.890505194664,3315.0505274534225,3223.1993973255157,3338.8951420783997,3331.2588930130005
3999.9999999999995,3455.1186114549637,3326.696902513504,3226.9980758428574,3343.8344299793243,3338.1620049476624
3000.0,3454.5329958200455,3334.9574357271194,3225.97436606884,3356.4343303442,3342.9747819900513
3000.0,3422.7830171585083,3330.49938082695,3195.953071117401,3354.981243610382,3326.0541781783104
2600.0,3425.622582435608,3332.9953998327255,3174.7667491436005,3350.1675724983215,3320.888075977564
2500.0,3435.7718378305435,3329.167440533638,3175.4084676504135,3344.3570137023926,3321.176189929247
3000.0,3434.0503066778183,3320.065587759018,3187.747076153755,3332.5423300266266,3318.6013251543045
3500.0,3437.5635534524918,3314.809128642082,3210.5988264083862,3328.6162465810776,3322.8969387710094
2500.0,3415.4149889945984,3316.14151597023,3212.1844589710236,3327.6186883449554,3317.839913070202
3000.0,3445.68595290184,3314.6289736032486,3192.545771598816,3320.2356845140457,3318.2740956544876
3000.0,3475.583866238594,3308.5083961486816,3199.021965265274,3322.732150554657,3326.4615945518017
3500.0,3471.7409312725067,3309.802785515785,3207.2431594133377,3326.917737722397,3328.9261534810066
3999.9999999999995,3422.2083538770676,3317.84226000309,3216.0209119319916,3335.6353640556335,3322.9267224669456
3999.9999999999995,3414.2547100782394,3333.6681872606277,3224.422037601471,3348.3121544122696,3330.164272338152
3000.0,3362.6215159893036,3330.1491290330887,3214.8566097021103,3355.892524123192,3315.8799447119236
3999.9999999999995,3377.8034895658493,3322.696164250374,3198.479935526848,3355.6097745895386,3313.6473409831524
3999.9999999999995,3356.5890043973923,3320.4998821020126,3196.403682231903,3361.6062998771667,3308.7747171521187
3000.0,3400.3081172704697,3337.8133177757263,3206.2505185604095,3369.741439819336,3328.5283483564854
3000.0,3361.9453758001328,3330.8306336402893,3194.749653339386,3361.0935509204865,3312.1548034250736
3500.0,3373.887464404106,3331.2249183654785,3191.213607788086,3358.706384897232,3313.7580938637257
3400.0,3368.01141500473,3327.384665608406,3212.8820568323135,3359.0492606163025,3316.831849515438
3999.9999999999995,3389.277309179306,3326.4559507369995,3235.999569296837,3360.181376338005,3327.978551387787
2500.0,3384.9797397851944,3328.3330500125885,3244.0301030874252,3363.760784268379,3330.275919288397
3500.0,3400.2412855625153,3319.0709352493286,3232.9557090997696,3354.5194566249847,3326.6968466341496
1999.9999999999998,3411.4041924476624,3330.8129757642746,3249.024823307991,3359.5814555883408,3337.705861777067
1999.9999999999998,3355.6198328733444,3315.8791065216064,3215.8805429935455,3344.327062368393,3307.9266361892223
2500.0,3420.3768521547318,3305.7354390621185,3212.318569421768,3323.8452672958374,3315.569031983614
3200.0,3418.0068969726562,3299.451470375061,3211.529105901718,3303.593024611473,3308.145124465227
3000.0,3467.2167152166367,3302.527070045471,3234.9740713834763,3311.229720711708,3328.986894339323
4400.0,3414.0095114707947,3298.032134771347,3238.966092467308,3314.4186437129974,3316.356595605612
3000.0,3427.853509783745,3316.958248615265,3264.7016644477844,3338.3584767580032,3336.9679749011993
3500.0,3359.2280745506287,3314.208760857582,3230.9742271900177,3338.368311524391,3310.694843530655
3999.9999999999995,3407.4722975492477,3322.3986625671387,3231.622651219368,3346.2830632925034,3326.9441686570644
3000.0,3408.2698076963425,3331.603556871414,3239.5975291728973,3351.5699207782745,3332.760203629732
3000.0,3376.8486231565475,3321.652114391327,3209.857866168022,3350.173830986023,3314.63310867548
3000.0,3428.323343396187,3326.325863599777,3204.74736392498,3349.391296505928,3327.196966856718
4500.0,3416.1264449357986,3325.67922770977,3187.851682305336,3340.5987918376923,3317.5640366971493
1999.9999999999998,3406.9333970546722,3340.9327268600464,3191.9489800930023,3351.2453734874725,3322.7651193737984
2500.0,3430.6497126817703,3329.8033475875854,3167.685493826866,3339.7554606199265,3316.973503679037
2600.0,3403.834104537964,3318.2816952466965,3151.6242027282715,3320.8709210157394,3298.652730882168
3999.9999999999995,3398.9980816841125,3309.478238224983,3146.0878998041153,3312.6338571310043,3291.799519211054
2500.0,3370.903730392456,3317.067101597786,3171.979710459709,3322.489410638809,3295.60998827219
3999.9999999999995,3361.9000017642975,3302.743211388588,3172.4148988723755,3317.9012686014175,3288.7398451566696
3000.0,3350.5701273679733,3304.985538125038,3194.2572444677353,3325.1215517520905,3293.7336154282093
3999.9999999999995,3363.2297068834305,3298.608139157295,3201.030269265175,3332.7656239271164,3298.9084348082542
2500.0,3307.6543360948563,3298.298567533493,3220.3589379787445,3347.107172012329,3293.3547534048557
2400.0,3350.670486688614,3296.007066965103,3224.021941423416,3344.5072174072266,3303.80167812109
3000.0,3341.0905301570892,3287.3131334781647,3210.3650271892548,3331.4674347639084,3292.5590313971043
3000.0,3373.5311776399612,3291.986435651779,3202.2222876548767,3325.987458229065,3298.4318397939205
2400.0,3405.0272405147552,3289.4356548786163,3206.4858824014664,3322.799429297447,3305.9370517730713
3500.0,3421.9618141651154,3281.177580356598,3190.111890435219,3314.0596747398376,3301.8277399241924
5000.0,3451.1496126651764,3290.5693352222443,3202.0821422338486,3324.3830502033234,3317.046035081148
3200.0,3463.384732604027,3313.423991203308,3234.1045886278152,3342.292606830597,3338.3014798164368
3999.9999999999995,3411.228284239769,3309.1655373573303,3229.6983897686005,3349.1331338882446,3324.806336313486
3000.0,3409.580737352371,3309.4053715467453,3240.588828921318,3357.631266117096,3329.3015509843826
3999.9999999999995,3441.2886947393417,3305.4645359516144,3236.517906188965,3360.5841547250748,3335.963822901249
3000.0,3398.660123348236,3314.9756491184235,3231.619745492935,3364.5012974739075,3327.4392038583755
3500.0,3426.4784306287766,3315.984830260277,3218.6005264520645,3360.510617494583,3330.3936012089252
3000.0,3415.1288866996765,3322.1351355314255,3218.2927429676056,3353.925347328186,3327.3705281317234
3999.9999999999995,3435.5277568101883,3324.390649795532,3212.844058871269,3346.9630032777786,3329.931367188692
1999.9999999999998,3401.680067181587,3335.568755865097,3219.9228554964066,3353.28608751297,3327.614441514015
3000.0,3423.915356397629,3324.268162250519,3211.4868611097336,3342.1531319618225,3325.455877929926
1999.9999999999998,3418.087586760521,3320.9580928087234,3231.0115545988083,3336.746022105217,3326.7008140683174
3000.0,3426.049053668976,3308.3579689264297,3226.5745103359222,3321.809247136116,3320.697695016861
3000.0,3444.656878709793,3307.3492348194122,3253.587484359741,3323.49993288517,3332.273382693529
3000.0,3437.8543496131897,3308.4051311016083,3253.4368336200714,3323.8519728183746,3330.887071788311
3500.0,3432.35582113266,3308.8506013154984,3239.6920770406723,3326.1966705322266,3326.7737925052643
3000.0,3454.2354941368103,3322.9395747184753,3248.046487569809,3344.183564186096,3342.3512801527977
3000.0,3387.207090854645,3326.339051127434,3242.9348677396774,3344.665914773941,3325.2867311239243
3400.0,3367.6090836524963,3323.32581281662,3239.591047167778,3341.7221903800964,3318.0620335042477
3000.0,3363.821357488632,3327.1805942058563,3242.926374077797,3345.4258739948273,3319.838549941778
3000.0,3374.522253870964,3326.0267972946167,3244.3584501743317,3341.3777500391006,3321.5713128447533
2500.0,3389.2828971147537,3319.2211389541626,3224.5351374149323,3334.9107205867767,3316.9874735176563
3999.9999999999995,3434.8440170288086,3312.356248497963,3209.259957075119,3325.970247387886,3320.607617497444
3000.0,3459.091857075691,3329.085186123848,3215.169757604599,3332.214206457138,3333.890251815319
3500.0,3436.8212521076202,3334.4292640686035,3188.4171813726425,3335.621729493141,3323.822356760502
3999.9999999999995,3423.8315373659134,3339.846655726433,3176.0289520025253,3339.7793769836426,3319.8716305196285
3000.0,3442.1932697296143,3349.8311787843704,3185.73921918869,3348.558470606804,3331.5805345773697
3999.9999999999995,3407.6756983995438,3338.0667865276337,3165.0520116090775,3345.678001642227,3314.1181245446205
3000.0,3407.611772418022,3336.5097641944885,3166.9583916664124,3352.530375123024,3315.9025758504868
3000.0,3437.4763816595078,3337.4226093292236,3166.2755459547043,3349.8555421829224,3322.7575197815895
1999.9999999999998,3409.803584218025,3330.654948949814,3176.872283220291,3341.3301408290863,3314.665239304304
2500.0,3389.7605538368225,3310.0859820842743,3173.2649356126785,3320.896178483963,3298.5019125044346
3999.9999999999995,3384.0807527303696,3284.347951412201,3185.776323080063,3304.455131292343,3289.665039628744
3999.9999999999995,3418.2603657245636,3295.997902750969,3207.6993584632874,3315.6095445156097,3309.3917928636074
3000.0,3411.9974076747894,3313.560113310814,3209.3683630228043,3333.783745765686,3317.1774074435234
3000.0,3341.425806283951,3317.9524540901184,3205.5361568927765,3340.296149253845,3301.3026416301727
3000.0,3325.8122205734253,3313.203826546669,3211.2134993076324,3343.701660633087,3298.4828017652035
3200.0,3326.513394713402,3301.997110247612,3211.9305431842804,3338.974267244339,3294.8538288474083
5000.0,3386.3840997219086,3302.5842905044556,3225.8516550064087,3341.0505205392838,3313.967641443014
3999.9999999999995,3404.4914692640305,3318.338468670845,3251.194730401039,3353.2916754484177,3331.829085946083
3999.9999999999995,3347.630202770233,3325.8482068777084,3245.9798455238342,3360.6185764074326,3320.019207894802
3000.0,3336.4588022232056,3328.8131654262543,3232.28158056736,3361.932188272476,3314.871434122324
3000.0,3383.539393544197,3329.1417360305786,3206.1266899108887,3358.5450053215027,3319.3382062017918
3000.0,3390.4485404491425,3325.82451403141,3185.589015483856,3347.5933223962784,3312.363848090172
3000.0,3414.1936898231506,3322.538137435913,3176.7741590738297,3339.0095829963684,3313.1288923323154
3500.0,3453.599587082863,3327.5599032640457,3184.5590472221375,3336.515575647354,3325.5585283041
3999.9999999999995,3419.2822873592377,3331.066220998764,3186.6534054279327,3335.687890648842,3318.172451108694
3000.0,3439.4902735948563,3344.6891605854034,3197.2579658031464,3344.774767756462,3331.553041934967
3000.0,3413.7211740016937,3338.1088078022003,3198.0255246162415,3342.256397008896,3323.027975857258
3400.0,3404.208719730377,3326.8435299396515,3193.875253200531,3339.375928044319,3316.0758577287197
3000.0,3451.172634959221,3329.5047283172607,3205.7087123394012,3345.7372337579727,3333.030827343464
3999.9999999999995,3407.294377684593,3321.9603449106216,3222.733587026596,3346.688747406006,3324.669264256954
3000.0,3365.277796983719,3332.5977623462677,3233.5542887449265,3349.1239696741104,3320.138454437256
3200.0,3382.960483431816,3334.476426243782,3230.072110891342,3349.405825138092,3324.228711426258
3000.0,3378.9510279893875,3335.91029047966,3229.8266887664795,3347.639814019203,3323.0819553136826
3000.0,3386.133760213852,3324.918821454048,3231.508880853653,3340.8625423908234,3320.856001228094
3999.9999999999995,3421.5791523456573,3322.3307132720947,3232.487663626671,3335.4417979717255,3327.959831804037
3000.0,3403.5442024469376,3331.684470176697,3236.449286341667,3343.2354032993317,3328.7283405661583
3000.0,3401.9308537244797,3327.276036143303,3227.621018886566,3343.8867330551147,3325.178660452366
3999.9999999999995,3408.2137048244476,3328.5706490278244,3209.8574191331863,3340.4624462127686,3321.7760547995567
3500.0,3420.9877252578735,3340.185284614563,3219.912573695183,3348.030522465706,3332.2790265083313
3400.0,3408.4492921829224,3343.58811378479,3214.646279811859,3348.034769296646,3328.6796137690544
2600.0,3387.6340091228485,3339.785411953926,3215.0662690401077,3352.9749512672424,3323.865160346031
3500.0,3360.670655965805,3319.534510374069,3215.765655040741,3346.3525772094727,3310.580849647522
3000.0,3409.1439843177795,3324.7527480125427,3230.9773564338684,3349.9889820814133,3328.715767711401
1999.9999999999998,3403.8519859313965,3325.7024735212326,3235.928937792778,3344.9140191078186,3327.5993540883064
3500.0,3405.9005230665207,3312.3984932899475,3229.004815220833,3328.3035457134247,3318.9018443226814
3000.0,3438.6277198791504,3320.838510990143,3258.7525248527527,3335.368037223816,3338.3966982364655
3500.0,3393.4208750724792,3318.3905482292175,3248.3983039855957,3337.661996483803,3324.467930942774
2500.0,3408.9189022779465,3323.173150420189,3259.94610786438,3347.6322144269943,3334.9175937473774
3000.0,3431.2259405851364,3316.158950328827,3261.1314207315445,3342.3149585723877,3337.707817554474
3000.0,3422.895222902298,3310.6235414743423,3251.689150929451,3332.2012424468994,3329.3522894382477
3000.0,3458.7015956640244,3318.750411272049,3248.3915984630585,3335.1051807403564,3340.237196534872
3000.0,3429.4673055410385,3322.577252984047,3248.8951832056046,3333.4846794605255,3333.606105297804
1999.9999999999998,3413.9636904001236,3326.8725872039795,3244.631588459015,3335.428386926651,3330.2240632474422
3999.9999999999995,3444.4765001535416,3314.6797120571136,3238.481506705284,3320.169299840927,3329.4517546892166
2500.0,3426.743969321251,3326.0665833950043,3246.971145272255,3321.749120950699,3330.3827047348022
3500.0,3428.5055100917816,3316.7224377393723,3234.066143631935,3318.9091086387634,3324.550800025463
2500.0,3409.663662314415,3317.117393016815,3238.3201271295547,3327.205628156662,3323.0767026543617
3500.0,3414.0200167894363,3315.678611397743,3226.320371031761,3323.831409215927,3319.962602108717
2500.0,3406.1184525489807,3323.2399821281433,3239.034041762352,3331.894129514694,3325.0716514885426
3500.0,3411.5899354219437,3316.4843916893005,3247.126266360283,3328.0596882104874,3325.8150704205036
1999.9999999999998,3375.7826685905457,3315.2157068252563,3240.397721529007,3327.096775174141,3314.6232180297375
3999.9999999999995,3436.2825751304626,3305.9024065732956,3219.75477039814,3313.1664991378784,3318.776562809944
2500.0,3435.1985156536102,3318.5414224863052,3225.4566997289658,3322.511315345764,3325.4269883036613
3999.9999999999995,3443.1660175323486,3304.5250922441483,3213.082328438759,3317.4584805965424,3319.5579797029495
2500.0,3471.9977527856827,3318.655639886856,3226.103335618973,3329.3359726667404,3336.523175239563
3999.9999999999995,3443.8131004571915,3314.8643374443054,3200.2155482769012,3320.4618841409683,3319.8387175798416
2400.0,3465.16951918602,3319.007456302643,3216.050863265991,3336.2509310245514,3334.1196924448013
2600.0,3464.2700850963593,3306.042328476906,3214.69746530056,3331.9444209337234,3329.238574951887
3000.0,3450.2890706062317,3297.6213097572327,3204.3199986219406,3325.3008127212524,3319.3827979266644
3000.0,3438.4314715862274,3299.0699261426926,3197.152242064476,3323.833867907524,3314.62187692523
3000.0,3448.563516139984,3299.833908677101,3196.595683693886,3320.979103446007,3316.4930529892445
3000.0,3461.049422621727,3298.4427362680435,3196.7197358608246,3320.545479655266,3319.189343601465
2400.0,3464.7660702466965,3296.0307598114014,3204.2475789785385,3319.2966878414154,3321.085274219513
3000.0,3472.638577222824,3282.3651283979416,3196.4901834726334,3311.0524713993073,3315.6365901231766
4500.0,3449.772968888283,3283.3928614854813,3188.581243157387,3314.424231648445,3309.042826294899
2500.0,3463.151603937149,3304.8811554908752,3199.9030709266663,3333.034962415695,3325.2426981925964
3500.0,3470.14881670475,3304.2094856500626,3180.403634905815,3329.661414027214,3321.1058378219604
3000.0,3433.49888920784,3309.830501675606,3183.0351054668427,3340.0605618953705,3316.6062645614147
3999.9999999999995,3387.5861763954163,3299.699127674103,3184.3621283769608,3335.646092891693,3301.8233813345432
3000.0,3392.486348748207,3300.2690970897675,3189.139813184738,3337.0600640773773,3304.7388307750225
3999.9999999999995,3389.9375796318054,3298.741579055786,3186.49984896183,3334.2598378658295,3302.359711378813
2500.0,3386.216014623642,3300.609067082405,3199.3205845355988,3341.6064083576202,3306.9380186498165
3000.0,3380.2326768636703,3292.6279306411743,3187.5065714120865,3330.3426951169968,3297.677468508482
3999.9999999999995,3380.453512072563,3281.2978327274323,3186.175301671028,3328.443020582199,3294.0924167633057
3500.0,3389.4453942775726,3303.2000809907913,3184.109106659889,3332.478404045105,3302.3082464933395
3000.0,3368.70901286602,3306.206613779068,3192.4577057361603,3345.6552028656006,3303.2571338117123
1999.9999999999998,3341.236263513565,3298.066109418869,3199.373558163643,3342.1826362609863,3295.214641839266
3000.0,3368.776962161064,3278.125897049904,3191.245347261429,3320.4084634780884,3289.6391674876213
3500.0,3373.3244240283966,3279.363736510277,3193.1794434785843,3311.920613050461,3289.4470542669296
2500.0,3386.344313621521,3294.7520166635513,3203.129768371582,3324.0842074155807,3302.077576518059
3000.0,3336.7449045181274,3279.200792312622,3193.851336836815,3319.527804851532,3282.331209629774
3999.9999999999995,3375.382125377655,3278.4035056829453,3195.955529808998,3321.095332503319,3292.7091233432293
3000.0,3430.3944557905197,3297.3533123731613,3211.4218175411224,3336.2039923667908,3318.8433945178986
3000.0,3381.46336376667,3305.550590157509,3211.8433713912964,3331.7412436008453,3307.64964222908
3200.0,3346.952721476555,3302.2644370794296,3205.316662788391,3328.7639915943146,3295.8244532346725
3000.0,3372.1375465393066,3305.1609992980957,3204.0106505155563,3333.78329873085,3303.773123770952
3000.0,3361.8463575839996,3297.886624932289,3221.7130064964294,3336.1150324344635,3304.3902553617954
2500.0,3358.599543571472,3297.964632511139,3225.153610110283,3331.7293971776962,3303.3617958426476
3500.0,3429.7265857458115,3294.6161180734634,3231.191709637642,3326.491266489029,3320.5064199864864
3000.0,3419.303297996521,3303.530439734459,3243.939131498337,3329.9097418785095,3324.1706527769566
3999.9999999999995,3395.2219784259796,3300.1618087291718,3245.110362768173,3325.808197259903,3316.575586795807
3000.0,3415.967747569084,3312.9123598337173,3245.9168136119843,3337.1970802545547,3327.998500317335
3000.0,3425.6355464458466,3315.0769025087357,3246.1342960596085,3343.733847141266,3332.645148038864
3500.0,3385.8096599578857,3316.4602518081665,3236.401006579399,3338.7739956378937,3319.3612284958363
3000.0,3415.648564696312,3326.1819183826447,3244.2985475063324,3343.205228447914,3332.333564758301
3999.9999999999995,3410.5123579502106,3322.7254450321198,3252.251520752907,3342.398777604103,3331.972025334835
3000.0,3400.925025343895,3327.1318674087524,3259.468227624893,3347.2955971956253,3333.7051793932915
3999.9999999999995,3420.898988842964,3327.9141783714294,3250.3049075603485,3343.6909317970276,3335.7022516429424
3000.0,3420.5076098442078,3341.985046863556,3250.918909907341,3347.3559468984604,3340.1918783783913
3000.0,3403.6432206630707,3341.931626200676,3234.0196520090103,3344.3384617567062,3330.983240157366
3000.0,3396.0530161857605,3332.953602075577,3219.2818075418472,3337.7623558044434,3321.512695401907
3000.0,3440.791592001915,3334.6690982580185,3217.5949215888977,3334.6550166606903,3331.9276571273804
3000.0,3436.186909675598,3336.3917469978333,3216.5350019931793,3329.0907740592957,3329.5511081814766
3000.0,3420.608639717102,3332.6201140880585,3219.4530218839645,3331.4254134893417,3326.0267972946167
3000.0,3394.6052938699722,3328.462913632393,3222.4783301353455,3327.300176024437,3318.211678415537
3999.9999999999995,3431.590273976326,3330.100402235985,3221.9941914081573,3327.5145292282104,3327.7998492121696
2500.0,3423.0782836675644,3337.0184898376465,3219.7418063879013,3335.9216898679733,3328.9400674402714
3000.0,3426.43104493618,3332.0000767707825,3206.581547856331,3334.5886319875717,3324.9003253877163
3999.9999999999995,3401.5338867902756,3329.3384313583374,3198.1518119573593,3330.3402364254,3314.841091632843
2400.0,3353.7881076335907,3328.888937830925,3201.027363538742,3337.9485458135605,3305.4132387042046
1999.9999999999998,3384.6084773540497,3319.697678089142,3190.4489547014236,3331.6227793693542,3306.5944723784924
3000.0,3405.107259750366,3312.0207488536835,3172.321915626526,3317.612260580063,3301.7655462026596
2500.0,3427.9677271842957,3307.7996224164963,3197.6526975631714,3314.333036541939,3311.9382709264755
3000.0,3448.340892791748,3299.9999821186066,3208.810016512871,3308.7819814682007,3316.4832182228565
2500.0,3446.4530646800995,3293.9815521240234,3221.8240946531296,3305.092602968216,3316.837828606367
3999.9999999999995,3470.8477556705475,3274.1687446832657,3217.293620109558,3297.3524183034897,3314.9156346917152
3200.0,3511.8596255779266,3286.9407534599304,3219.6933031082153,3309.3423396348953,3331.959005445242
3400.0,3482.4534505605698,3295.2891290187836,3203.6496698856354,3323.5806226730347,3326.243218034506
3000.0,3451.8467634916306,3294.675350189209,3220.093622803688,3333.5334062576294,3325.0372856855392
1999.9999999999998,3434.114456176758,3286.8415117263794,3232.7766716480255,3331.323489546776,3321.2640322744846
3500.0,3434.3424439430237,3268.464356660843,3225.2921909093857,3316.342681646347,3311.1104182899
3999.9999999999995,3473.205640912056,3275.9935408830643,3252.207264304161,3325.5448937416077,3331.7378349602222
3000.0,3419.031724333763,3286.869004368782,3243.522495031357,3336.6496860980988,3321.518227458
3500.0,3462.6902639865875,3290.6167209148407,3242.1916723251343,3336.6812020540237,3333.0449648201466
4500.0,3444.1403299570084,3295.2305674552917,3230.120614171028,3336.91343665123,3326.6012370586395
3999.9999999999995,3434.1316670179367,3316.6924864053726,3215.8957421779633,3349.3012189865112,3329.005278646946
3000.0,3460.3554010391235,3331.091031432152,3209.017664194107,3360.8923852443695,3340.339120477438
2500.0,3404.5730531215668,3321.423679590225,3196.1969286203384,3353.3893525600433,3318.8957534730434
3000.0,3379.6803653240204,3309.8942041397095,3178.389072418213,3338.95280957222,3301.7291128635406
3500.0,3399.8552709817886,3311.1856877803802,3189.5264983177185,3336.4295214414597,3309.2492446303368
2400.0,3358.8767051696777,3313.4713768959045,3208.467587828636,3337.7784490585327,3304.648529738188
2500.0,3369.5711195468903,3315.628319978714,3203.8577646017075,3329.944610595703,3304.7504536807537
2500.0,3389.386385679245,3307.5251430273056,3205.25161921978,3316.468521952629,3304.65791746974
3000.0,3414.1353517770767,3297.9775965213776,3208.087831735611,3306.0459047555923,3306.5616711974144
5000.0,3410.5610847473145,3300.4461228847504,3222.4948704242706,3311.309516429901,3311.202898621559
3000.0,3410.0742638111115,3321.177363395691,3246.86698615551,3329.7237753868103,3326.9605971872807
2500.0,3402.42438018322,3324.216306209564,3239.8250699043274,3335.5046063661575,3325.4925906658173
1999.9999999999998,3410.4372560977936,3322.457894682884,3239.724040031433,3327.6399224996567,3325.064778327942
2400.0,3420.5442667007446,3303.745687007904,3233.986124396324,3308.2106709480286,3316.6216872632504
2500.0,3428.7281334400177,3284.4235002994537,3237.2255623340607,3294.6909964084625,3311.2670481204987
3000.0,3435.121849179268,3278.3786952495575,3214.9744033813477,3286.6720855236053,3303.7867583334446
3000.0,3507.688343524933,3284.243568778038,3210.2472335100174,3291.4263010025024,3323.4013617038727
3999.9999999999995,3458.7060660123825,3272.554501891136,3214.7611677646637,3295.1711118221283,3310.2982118725777
3500.0,3485.7389330863953,3289.380893111229,3224.4524359703064,3312.7453923225403,3328.0794136226177
3000.0,3462.720662355423,3304.768055677414,3234.3868911266327,3330.094814300537,3332.9926058650017
3000.0,3392.5701677799225,3294.7278767824173,3224.729150533676,3327.069953083992,3309.774287045002
3000.0,3414.3362939357758,3289.065510034561,3222.11354970932,3324.372321367264,3312.47191876173
3000.0,3397.618532180786,3283.7196439504623,3218.0070877075195,3320.3890174627304,3304.9335703253746
3999.9999999999995,3403.692841529846,3286.5529507398605,3222.992867231369,3316.8375492095947,3307.5190521776676
3500.0,3385.0257843732834,3298.799693584442,3227.400630712509,3320.934846997261,3308.040238916874
3000.0,3385.542780160904,3298.530802130699,3227.4603098630905,3332.9831063747406,3311.1292496323586
1999.9999999999998,3339.2293006181717,3288.9875024557114,3233.5008680820465,3331.6833525896072,3298.350255936384
3500.0,3342.120498418808,3279.172405600548,3224.196508526802,3318.0972933769226,3290.89667648077
2500.0,3371.54857814312,3282.4359834194183,3233.7458431720734,3316.814973950386,3301.1363446712494
4500.0,3410.058841109276,3283.7730646133423,3215.1076197624207,3309.4610273838043,3304.6001382172108
3000.0,3441.0808235406876,3305.6315034627914,3215.992972254753,3325.1843601465225,3321.9724148511887
3000.0,3421.734496951103,3310.3613555431366,3199.4542479515076,3332.3489874601364,3315.974771976471
3999.9999999999995,3380.8033168315887,3306.230753660202,3197.2049921751022,3332.113176584244,3304.088059812784
3500.0,3329.2827755212784,3319.0029859542847,3196.4141875505447,3341.240733861923,3296.4851707220078
1999.9999999999998,3344.9093252420425,3320.9871500730515,3204.711377620697,3352.5779843330383,3305.7964593172073
3999.9999999999995,3330.760672688484,3301.01877450943,3202.193006873131,3333.1259340047836,3291.774597018957
3000.0,3331.4453065395355,3305.3389191627502,3217.727020382881,3336.700201034546,3297.802861779928
2500.0,3321.2799578905106,3296.9091832637787,3219.906762242317,3334.29291844368,3293.0972054600716
3999.9999999999995,3375.3564208745956,3297.822028398514,3209.2874497175217,3325.9519189596176,3302.104454487562
2500.0,3379.8712491989136,3313.40990960598,3215.0962203741074,3327.663168311119,3309.01013687253
3000.0,3379.068374633789,3312.3886585235596,3191.9635087251663,3322.877436876297,3301.574494689703
2600.0,3388.943150639534,3313.854932785034,3198.0907917022705,3323.4961330890656,3306.096252053976
3000.0,3409.2968702316284,3306.6290616989136,3210.2208584547043,3318.0195093154907,3311.0415749251842
3000.0,3420.8645671606064,3305.0698041915894,3208.438754081726,3317.369967699051,3312.935773283243
3400.0,3425.8684515953064,3301.9251376390457,3207.463324069977,3317.4459636211395,3313.175719231367
5600.0,3468.3559834957123,3308.122828602791,3212.008774280548,3326.779380440712,3328.816741704941
3000.0,3411.5052223205566,3323.6441016197205,3235.0127398967743,3353.1296253204346,3330.8229222893715
3000.0,3380.1115304231644,3326.6419172286987,3227.8279960155487,3362.4471724033356,3324.257154017687
3999.9999999999995,3366.612195968628,3319.3548023700714,3230.5562496185303,3353.6396920681,3317.5407350063324
2500.0,3369.913771748543,3323.332518339157,3233.7210327386856,3353.3381670713425,3320.076372474432
3000.0,3390.118181705475,3316.6777342557907,3226.4381647109985,3343.287706375122,3319.1304467618465
5000.0,3410.49425303936,3319.4001764059067,3222.956657409668,3338.506668806076,3322.8394389152527
3200.0,3426.6380220651627,3336.864709854126,3237.284794449806,3347.346782684326,3337.0335772633553
3999.9999999999995,3410.9097719192505,3338.477611541748,3237.57603764534,3348.764553666115,3333.9319936931133
3500.0,3425.4737198352814,3336.101621389389,3249.140605330467,3353.1635999679565,3340.9698866307735
3999.9999999999995,3438.8425201177597,3333.0586552619934,3248.9338517189026,3356.381356716156,3344.304095953703
3000.0,3361.046612262726,3337.8419280052185,3249.758407473564,3359.3255281448364,3326.9931189715862
3999.9999999999995,3351.0003983974457,3325.9499073028564,3232.322260737419,3351.1532843112946,3315.106462687254
2600.0,3401.4149755239487,3339.7069573402405,3234.892264008522,3353.7720143795013,3332.446552813053
3500.0,3397.393450140953,3337.0761573314667,3228.5718619823456,3348.2328057289124,3327.8185687959194
1999.9999999999998,3368.673026561737,3342.229574918747,3231.409639120102,3338.043987751007,3320.0890570878983
3999.9999999999995,3414.545953273773,3328.779637813568,3221.1289554834366,3319.701924920082,3321.039117872715
1999.9999999999998,3400.735706090927,3328.573554754257,3227.69433259964,3321.686089038849,3319.6724206209183
3400.0,3439.0774369239807,3322.354406118393,3211.1679017543793,3316.9249445199966,3322.3811723291874
3999.9999999999995,3412.2271835803986,3323.57794046402,3231.6814363002777,3321.0206776857376,3322.1268095076084
3500.0,3414.4096076488495,3332.686945796013,3250.110447406769,3331.036940217018,3332.0609852671623
3500.0,3416.8707579374313,3326.8341422080994,3247.683495283127,3335.9943330287933,3331.8456821143627
2500.0,3392.8028494119644,3326.960429549217,3238.433450460434,3339.368999004364,3324.391432106495
3999.9999999999995,3420.809358358383,3324.9297738075256,3225.74682533741,3333.9064568281174,3326.348103582859
3000.0,3420.146182179451,3340.02748131752,3224.1086661815643,3337.6114815473557,3330.473452806473
3000.0,3393.392264842987,3331.3393592834473,3223.1082022190094,3333.3391696214676,3320.294748991728
3000.0,3424.304723739624,3327.8214186429977,3234.6204668283463,3334.9522948265076,3330.424726009369
3999.9999999999995,3403.754085302353,3323.3975619077682,3233.078196644783,3326.798379421234,3321.7570558190346
2500.0,3420.182839035988,3331.022188067436,3235.5791330337524,3334.444910287857,3330.3072676062584
3999.9999999999995,3468.722775578499,3324.7708529233932,3235.042244195938,3332.316353917122,3340.213056653738
3200.0,3381.40569627285,3322.092443704605,3235.1546734571457,3337.1002972126007,3318.9382776618004
3000.0,3426.0325133800507,3328.7058770656586,3231.649696826935,3343.1580662727356,3332.386538386345
3500.0,3409.4443917274475,3322.545513510704,3235.68195104599,3337.1876925230026,3326.214887201786
3000.0,3410.3556722402573,3326.9231021404266,3233.145698904991,3338.7411385774612,3327.291402965784
3000.0,3427.8738498687744,3328.3600956201553,3230.229467153549,3334.6956968307495,3330.289777368307
2500.0,3425.5825728178024,3325.7563412189484,3219.202682375908,3329.804241657257,3325.086459517479
3000.0,3440.241739153862,3325.498178601265,3197.1437484025955,3316.645100712776,3319.8821917176247
3500.0,3460.894078016281,3323.6396312713623,3194.3321228027344,3314.6806061267853,3323.3866095542908
3000.0,3469.240218400955,3330.681324005127,3200.407102704048,3326.5940845012665,3331.730682402849
3000.0,3389.5980566740036,3318.8581466674805,3193.0752843618393,3323.3392238616943,3306.2176778912544
3400.0,3425.173759460449,3307.8892529010773,3206.6387683153152,3323.887288570404,3315.8972673118114
3500.0,3425.549492239952,3307.481110095978,3224.8424738645554,3326.1430263519287,3321.0040256381035
3000.0,3430.5140376091003,3307.8541606664658,3243.6344772577286,3334.90714430809,3329.227454960346
3000.0,3418.370336294174,3301.7653226852417,3244.0077513456345,3330.547660589218,3323.672767728567
3000.0,3416.580855846405,3305.780813097954,3245.8412647247314,3326.5040069818497,3323.676735162735
3500.0,3413.2470935583115,3304.0031790733337,3258.6340606212616,3326.447904109955,3325.5830593407154
2400.0,3414.1315519809723,3313.853144645691,3263.636827468872,3329.73875105381,3330.3400687873363
3000.0,3400.624170899391,3303.806707262993,3263.68510723114,3317.71083176136,3321.456704288721
3999.9999999999995,3437.279909849167,3310.406282544136,3246.1512833833694,3313.2241666316986,3326.7654106020927
3000.0,3452.499210834503,3325.1047879457474,3244.713619351387,3324.1966366767883,3336.6285637021065
3000.0,3396.87779545784,3324.9950408935547,3234.7577065229416,3326.011821627617,3320.6605911254883
2600.0,3374.003916978836,3319.704830646515,3228.8959622383118,3325.1510560512543,3311.9389414787292
3000.0,3391.65598154068,3309.675380587578,3229.760527610779,3323.778882622719,3313.717693090439
4100.0,3375.680521130562,3307.393044233322,3237.5219464302063,3317.610025405884,3309.5513842999935
3999.9999999999995,3407.5473994016647,3322.1735805273056,3248.2487708330154,3331.3172310590744,3327.321745455265
3000.0,3334.8868042230606,3327.8726041316986,3248.3960688114166,3342.7349478006363,3313.472606241703
3999.9999999999995,3338.9583975076675,3318.3711022138596,3253.1949877738953,3339.044451713562,3312.392234802246
3999.9999999999995,3397.6855874061584,3332.6075971126556,3240.9272342920303,3340.6533300876617,3327.9684372246265
3999.9999999999995,3400.8588641881943,3335.8637988567352,3233.443647623062,3347.543701529503,3329.4275030493736
4500.0,3353.9195358753204,3332.943320274353,3229.963257908821,3353.901207447052,3317.6818303763866
2500.0,3337.765261530876,3333.491161465645,3223.1681048870087,3361.0904216766357,3313.8787373900414
3500.0,3362.3912930488586,3328.4472674131393,3212.438151240349,3356.4669638872147,3314.9359188973904
1999.9999999999998,3299.368992447853,3324.916362762451,3221.8562811613083,3352.1530777215958,3299.573678523302
2500.0,3308.395743370056,3305.4980635643005,3227.1020114421844,3331.99180662632,3293.2469062507153
3000.0,3347.4408835172653,3298.7623661756516,3236.886039376259,3313.073292374611,3299.0406453609467
2500.0,3390.217646956444,3306.3094317913055,3233.8884472846985,3306.7448437213898,3309.2900924384594
3000.0,3403.858467936516,3304.615840315819,3239.506110548973,3299.8647540807724,3311.96129322052
3999.9999999999995,3426.188975572586,3303.6551624536514,3230.5432856082916,3297.2708344459534,3314.4145645201206
2400.0,3448.5970437526703,3324.524760246277,3227.9010862112045,3314.269557595253,3328.823111951351
1999.9999999999998,3450.6359696388245,3318.59327852726,3217.5079733133316,3311.7782324552536,3324.6288634836674
3000.0,3436.9520097970963,3302.5608211755753,3211.371973156929,3301.437199115753,3313.0805008113384
3200.0,3407.8849107027054,3294.37293112278,3230.067417025566,3299.376368522644,3307.925406843424
3000.0,3423.5604107379913,3295.9818094968796,3233.187273144722,3307.407796382904,3315.0343224406242
3500.0,3422.672599554062,3290.6578481197357,3243.2446628808975,3312.3716711997986,3317.2366954386234
3500.0,3429.024964570999,3300.175219774246,3246.7270642518997,3315.439224243164,3322.8416182100773
2500.0,3399.4153887033463,3297.695517539978,3236.321210861206,3321.4563131332397,3313.7221075594425
3000.0,3412.897288799286,3287.0028913021088,3216.2875682115555,3315.3238892555237,3307.8779093921185
2500.0,3437.6339614391327,3292.1699434518814,3210.698738694191,3315.795511007309,3314.0745386481285
3999.9999999999995,3442.4637258052826,3289.72689807415,3191.310614347458,3307.7171444892883,3307.8045956790447
3000.0,3471.0730612277985,3304.4634014368057,3196.512535214424,3314.4816756248474,3321.632668375969
3000.0,3484.940305352211,3305.8221638202667,3184.7961992025375,3317.645788192749,3323.301114141941
3999.9999999999995,3423.7320721149445,3295.2390611171722,3187.6766681671143,3318.753093481064,3306.3502237200737
2500.0,3411.5342795848846,3308.6317777633667,3195.617124438286,3328.7765085697174,3311.1399225890636
2500.0,3390.307277441025,3293.403759598732,3193.294331431389,3320.8979666233063,3299.475833773613
3000.0,3450.7039189338684,3281.358852982521,3189.646527171135,3305.594176054001,3306.8258687853813
3500.0,3492.8016364574432,3278.0244201421738,3185.722678899765,3304.784372448921,3315.333276987076
2200.0,3439.764976501465,3279.2378962039948,3199.4155794382095,3312.2480660676956,3307.666629552841
3000.0,3428.777754306793,3276.2396335601807,3192.446753382683,3306.778594851494,3301.0606840252876
3999.9999999999995,3402.196168899536,3270.1152563095093,3206.45235478878,3306.448683142662,3296.303115785122
3500.0,3450.896590948105,3287.355601787567,3210.5398178100586,3321.221172809601,3317.503295838833
3999.9999999999995,3440.3955191373825,3292.776346206665,3217.0750200748444,3326.1821419000626,3319.1072568297386
3999.9999999999995,3390.1501446962357,3303.0856400728226,3210.6173783540726,3336.080387234688,3309.9833875894547
3999.9999999999995,3375.258520245552,3306.3241839408875,3205.094486474991,3346.21399641037,3308.22279676795
3999.9999999999995,3390.8401429653168,3314.1495287418365,3195.551410317421,3352.940082550049,3313.370291143656
3000.0,3410.150706768036,3323.376327753067,3191.88728928566,3359.932601451874,3321.336731314659
3000.0,3342.719078063965,3312.418833374977,3201.3382762670517,3355.5398136377335,3303.004000335932
3500.0,3330.9946954250336,3301.488384604454,3218.443840742111,3342.6328003406525,3298.389930278063
3000.0,3360.542133450508,3309.16129052639,3228.914961218834,3344.0351486206055,3310.6633834540844
3500.0,3351.738229393959,3303.878903388977,3228.048160672188,3335.2982997894287,3304.740898311138
3000.0,3409.9341183900833,3310.0513368844986,3234.2878729104996,3337.0857685804367,3322.8397741913795
2500.0,3411.616086959839,3305.5034279823303,3241.0696148872375,3329.917788505554,3322.0267295837402
3999.9999999999995,3431.341275572777,3303.9600402116776,3231.3112914562225,3315.228223800659,3320.460207760334
3000.0,3444.4865584373474,3322.879448533058,3223.274052143097,3322.416990995407,3328.2642625272274
3200.0,3404.122218489647,3325.31601190567,3222.249895334244,3325.680121779442,3319.3420618772507
5000.0,3377.876803278923,3324.4313299655914,3227.841630578041,3328.5992592573166,3314.687255769968
3400.0,3390.1389688253403,3334.3952894210815,3249.7047632932663,3341.427594423294,3328.9166539907455
3999.9999999999995,3364.8886531591415,3331.121653318405,3252.14222073555,3346.4419841766357,3323.648627847433
3000.0,3353.5636961460114,3330.2342891693115,3262.1392607688904,3349.657952785492,3323.8987997174263
3000.0,3339.271768927574,3327.5695145130157,3256.1536878347397,3349.597156047821,3318.1480318307877
3000.0,3342.306911945343,3317.2032237052917,3248.7422972917557,3338.3819460868835,3311.6585947573185
1999.9999999999998,3368.969187140465,3313.673213124275,3237.0248436927795,3332.8749239444733,3313.135541975498
2500.0,3395.2517062425613,3310.9114319086075,3219.0898060798645,3318.992927670479,3311.061467975378
2600.0,3387.76633143425,3304.4296503067017,3222.50135242939,3304.7638088464737,3304.865285754204
3000.0,3411.8780493736267,3303.7320524454117,3228.983134031296,3298.8671958446503,3310.865107923746
2500.0,3427.7410805225372,3307.4980974197388,3303.7468045949936,3313.807100057602,3338.198270648718
3500.0,3455.2019834518433,3299.2735505104065,3324.505314230919,3319.920301437378,3349.7252874076366
3500.0,3441.518694162369,3301.4414459466934,3321.7719197273254,3337.5730365514755,3350.576274096966
2400.0,3431.093618273735,3300.2355694770813,3309.1487735509872,3347.172439098358,3346.9126001000404
2500.0,3453.6994993686676,3294.633999466896,3290.1008427143097,3343.6551690101624,3345.522377640009
3000.0,3447.4995732307434,3290.3263717889786,3282.2077721357346,3334.7345888614655,3338.6920765042305
3000.0,3457.0234268903732,3288.685083389282,3301.173895597458,3335.7538282871246,3345.6590585410595
3000.0,3461.643308401108,3289.4088327884674,3316.7311549186707,3335.285112261772,3350.7671020925045
3000.0,3447.2286701202393,3294.3782955408096,3317.783698439598,3336.937353014946,3349.0820042788982
3000.0,3442.2871470451355,3294.427916407585,3321.3121443986893,3341.776728630066,3349.950984120369
1999.9999999999998,3449.9582648277283,3296.941816806793,3323.2755213975906,3346.048593521118,3354.0560491383076
3000.0,3431.5645694732666,3287.9148423671722,3292.5045490264893,3332.1811258792877,3336.041271686554
3000.0,3494.240418076515,3290.058821439743,3317.2159641981125,3332.1413397789,3358.4141358733177
3999.9999999999995,3504.583463072777,3292.4028486013412,3310.7098191976547,3329.194039106369,3359.2225424945354
3500.0,3466.699495911598,3305.8038353919983,3271.5480029582977,3340.969830751419,3346.2552912533283
3000.0,3509.943187236786,3320.814371109009,3261.689320206642,3349.790945649147,3360.559456050396
3999.9999999999995,3503.601551055908,3330.376222729683,3251.3654977083206,3350.735306739807,3359.0196445584297
3000.0,3487.337753176689,3343.9236134290695,3267.3702389001846,3359.0729534626007,3364.426139742136
3000.0,3454.8045694828033,3336.205556988716,3259.967118501663,3356.447070837021,3351.856078952551
1999.9999999999998,3456.990122795105,3327.331021428108,3245.014250278473,3349.9328792095184,3344.817068427801
3999.9999999999995,3483.9852154254913,3316.129669547081,3237.5820726156235,3337.148353457451,3343.7113277614117
3500.0,3466.431051492691,3324.289619922638,3271.26145362854,3343.796655535698,3351.4446951448917
3999.9999999999995,3445.64750790596,3332.912251353264,3256.98159635067,3349.0245044231415,3346.141465008259
3500.0,3435.0787103176117,3344.7955548763275,3251.9564777612686,3362.3114973306656,3348.5355600714684
3500.0,3443.134054541588,3350.2817898988724,3266.451582312584,3371.2662756443024,3357.7834255993366
3999.9999999999995,3381.1982721090317,3350.4780381917953,3256.2922686338425,3365.8093214035034,3338.4444750845432
3000.0,3397.517055273056,3353.918418288231,3253.179118037224,3368.9821511507034,3343.3991856873035
3000.0,3377.299904823303,3342.723771929741,3217.4109667539597,3360.9433472156525,3324.594497680664
2500.0,3385.2526545524597,3334.9330723285675,3203.6516815423965,3357.9381555318832,3320.4438909888268
4100.0,3438.32865357399,3329.69069480896,3214.4030928611755,3349.446952342987,3332.967348396778
2500.0,3454.439342021942,3339.7136628627777,3262.9991322755814,3359.6811443567276,3354.208320379257
2500.0,3391.493484377861,3326.1296153068542,3220.72371840477,3344.106450676918,3320.613317191601
3999.9999999999995,3387.741297483444,3320.1082795858383,3191.8347626924515,3327.4445682764053,3306.782227009535
3999.9999999999995,3423.043414950371,3327.5286108255386,3231.281340122223,3338.6539667844772,3330.1268331706524
3999.9999999999995,3370.1491355895996,3334.064483642578,3232.7382266521454,3349.7124910354614,3321.666084229946
2600.0,3367.7606284618378,3340.120017528534,3235.3240996599197,3362.4936640262604,3326.424602419138
3500.0,3388.8624608516693,3330.812081694603,3231.814205646515,3359.7227185964584,3327.8028666973114
3999.9999999999995,3352.1953225135803,3334.975987672806,3232.2413474321365,3369.2215383052826,3322.1585489809513
3999.9999999999995,3336.2042158842087,3334.8367363214493,3243.488073348999,3373.1809258461,3321.927487850189
1999.9999999999998,3332.06444978714,3340.6490832567215,3233.645483851433,3375.9011328220367,3320.5650374293327
3999.9999999999995,3377.392217516899,3329.2653411626816,3220.677003264427,3359.391689300537,3321.6815628111362
3400.0,3345.017060637474,3333.5870504379272,3225.0170409679413,3353.8971841335297,3314.379584044218
3000.0,3381.5762400627136,3332.4024081230164,3243.071660399437,3359.256237745285,3329.076636582613
3000.0,3352.232426404953,3323.294520378113,3240.4612004756927,3355.695605278015,3317.9209381341934
3999.9999999999995,3384.181559085846,3322.964608669281,3245.643675327301,3353.3059805631638,3326.523955911398
3999.9999999999995,3359.280824661255,3335.0805938243866,3247.939869761467,3362.0692044496536,3326.0926231741905
3000.0,3377.5679022073746,3354.009836912155,3260.302394628525,3372.098207473755,3340.9945853054523
3000.0,3323.5399425029755,3345.441296696663,3240.318149328232,3367.537334561348,3319.2091807723045
2500.0,3329.6068757772446,3338.354676961899,3243.585079908371,3362.6532554626465,3318.54997202754
3000.0,3362.0578050613403,3330.6558430194855,3250.098153948784,3352.596089243889,3323.8519728183746
3000.0,3354.884684085846,3336.5370333194733,3249.710127711296,3348.948061466217,3322.519976645708
2500.0,3369.8925375938416,3335.144519805908,3253.730535507202,3346.7960357666016,3326.3909071683884
2400.0,3368.2550489902496,3324.664458632469,3245.0544834136963,3335.178941488266,3318.2882331311703
3000.0,3434.3165159225464,3320.498764514923,3263.039141893387,3327.723741531372,3336.394540965557
3000.0,3416.348844766617,3316.807374358177,3255.898654460907,3322.8427916765213,3327.9744163155556
5000.0,3417.5612032413483,3312.656879425049,3236.7566227912903,3320.1952278614044,3321.792483329773
3000.0,3468.423932790756,3334.4583213329315,3271.8314230442047,3341.585397720337,3354.0747687220573
3000.0,3414.6130084991455,3337.702676653862,3251.349851489067,3345.555067062378,3337.305150926113
4500.0,3407.815843820572,3329.7403156757355,3232.773542404175,3343.84448826313,3328.543547540903
2600.0,3406.4774215221405,3339.051380753517,3226.8838584423065,3353.130519390106,3331.3857950270176
3000.0,3423.5405176877975,3331.458494067192,3208.322301506996,3357.154503464699,3330.118954181671
3000.0,3402.12419629097,3325.377255678177,3224.344253540039,3354.698270559311,3326.635994017124
3500.0,3430.8258444070816,3312.389776110649,3256.3767582178116,3353.055417537689,3338.161949068308
3000.0,3419.1155433654785,3310.050442814827,3264.4296437501907,3354.603499174118,3337.0497822761536
2400.0,3424.9328076839447,3306.3820749521255,3254.9958676099777,3352.426439523697,3334.684297442436
2500.0,3461.401015520096,3307.2971552610397,3240.9629970788956,3343.7879383563995,3338.3622765541077
1999.9999999999998,3449.168801307678,3306.3936978578568,3217.26992726326,3331.0914784669876,3325.9809762239456
3500.0,3511.1092776060104,3294.9259132146835,3227.9247790575027,3318.9265429973602,3338.2216282188892
3400.0,3453.804776072502,3294.769451022148,3250.349834561348,3321.1056143045425,3330.007418990135
3000.0,3475.438803434372,3300.001546740532,3269.6816325187683,3333.844095468521,3344.7415195405483
3999.9999999999995,3463.984429836273,3301.456868648529,3276.824802160263,3335.760533809662,3344.506658613682
3000.0,3397.7696299552917,3305.73208630085,3251.0702311992645,3344.401717185974,3324.743416160345
4500.0,3443.8084065914154,3306.361958384514,3241.8881356716156,3350.1197397708893,3335.5445601046085
3000.0,3391.272872686386,3326.256573200226,3224.845603108406,3363.2348477840424,3326.402474194765
3000.0,3413.4314954280853,3326.45483314991,3214.326649904251,3367.2650903463364,3330.3695172071457
3500.0,3401.0175615549088,3320.9433406591415,3211.37934923172,3362.7013117074966,3324.0103907883167
2500.0,3426.2381494045258,3332.7700942754745,3225.6732881069183,3369.607552886009,3338.572271168232
3000.0,3367.7244186401367,3312.607929110527,3173.488900065422,3349.2471277713776,3300.767093896866
3000.0,3402.782455086708,3307.008594274521,3176.6818463802338,3335.3765308856964,3305.46235665679
3000.0,3433.2867711782455,3307.119905948639,3196.64865732193,3330.0333470106125,3316.7721703648567
3600.0,3427.962362766266,3309.808373451233,3212.0874524116516,3325.8506655693054,3318.927213549614
3000.0,3422.459587454796,3320.5848187208176,3224.685564637184,3334.646075963974,3325.594011694193
3000.0,3412.478193640709,3315.175250172615,3225.1035422086716,3334.5264941453934,3321.8208700418472
3999.9999999999995,3433.5538744926453,3318.449556827545,3215.242847800255,3333.8870108127594,3325.283322483301
3000.0,3438.8503432273865,3329.5223861932755,3222.762867808342,3340.4602110385895,3332.8989520668983
3000.0,3412.93528676033,3328.64373922348,3217.3410058021545,3342.7830040454865,3325.425758957863
3000.0,3411.4520251750946,3322.7676898241043,3220.4771786928177,3339.2588049173355,3323.488924652338
2600.0,3451.57653093338,3324.9282091856003,3222.5552201271057,3337.0833098888397,3334.0358175337315
3000.0,3431.7246079444885,3314.38846886158,3219.1894948482513,3328.67369055748,3323.49406555295
3999.9999999999995,3427.7884662151337,3312.7666264772415,3224.0883260965347,3330.7110518217087,3323.8386176526546
2500.0,3430.28761446476,3318.24392080307,3251.712843775749,3339.901864528656,3335.036560893059
3999.9999999999995,3426.3434261083603,3303.947076201439,3248.4090328216553,3332.369327545166,3327.767215669155
3999.9999999999995,3396.8205749988556,3303.9844036102295,3245.7335293293,3341.1088585853577,3321.9118416309357
3000.0,3433.9360892772675,3323.727250099182,3250.3697276115417,3355.3755283355713,3340.8521488308907
2400.0,3399.4784206151962,3325.9212970733643,3254.758045077324,3355.814963579178,3333.9931815862656
2600.0,3365.1986718177795,3313.845545053482,3251.076713204384,3343.944624066353,3318.5163885354996
3500.0,3376.557379961014,3310.685008764267,3246.757909655571,3338.269293308258,3318.0673979222775
3000.0,3375.304341316223,3313.9456808567047,3265.7960057258606,3346.0843563079834,3325.282596051693
3500.0,3377.695754170418,3311.634734272957,3267.3438638448715,3342.847377061844,3324.8804323375225
3000.0,3416.197746992111,3319.2090690135956,3277.164548635483,3345.6212282180786,3339.548148214817
3500.0,3422.5349128246307,3317.3775672912598,3275.1309871673584,3341.7152613401413,3339.1896821558475
1999.9999999999998,3420.6314384937286,3326.5726268291473,3271.309956908226,3347.6288616657257,3341.535720974207
1999.9999999999998,3448.442593216896,3307.7017217874527,3273.0531692504883,3333.1243693828583,3340.580463409424
2500.0,3473.83975982666,3293.7761396169662,3283.1550389528275,3315.5816048383713,3341.5881358087063
3999.9999999999995,3491.668626666069,3285.4246348142624,3280.1205664873123,3300.1944422721863,3339.3520675599575
3000.0,3484.3971580266953,3307.848572731018,3273.4930515289307,3313.7165755033493,3344.8638394474983
2400.0,3485.6367856264114,3312.470465898514,3259.9054276943207,3320.1726526021957,3344.5463329553604
5000.0,3483.5636615753174,3306.1422407627106,3242.659941315651,3315.8862590789795,3337.0630256831646
3000.0,3503.081649541855,3329.749256372452,3255.3546130657196,3334.9525183439255,3355.784509330988
3000.0,3444.18503344059,3323.4335482120514,3233.284056186676,3337.0479941368103,3334.487657994032
3999.9999999999995,3473.072871565819,3315.8554136753082,3228.0944287776947,3335.3324979543686,3338.0888029932976
3000.0,3491.0548478364944,3325.4557102918625,3239.9336993694305,3343.958258628845,3350.100629031658
2500.0,3416.837900876999,3324.694409966469,3234.6754521131516,3346.0888266563416,3330.57414740324
3000.0,3398.122787475586,3300.459310412407,3233.381062746048,3333.076760172844,3316.259980201721
3400.0,3444.795459508896,3294.4491505622864,3242.5202429294586,3330.913335084915,3328.169547021389
3999.9999999999995,3447.8256851434708,3301.8334954977036,3257.9708844423294,3338.322266936302,3336.4880830049515
3000.0,3393.1247144937515,3316.890299320221,3261.4917308092117,3343.931883573532,3328.859657049179
3999.9999999999995,3416.1295741796494,3313.414826989174,3259.0924948453903,3349.040150642395,3334.419261664152
3000.0,3385.9093487262726,3314.7693425416946,3260.043114423752,3356.1882376670837,3329.2275108397007
3000.0,3399.1453796625137,3310.616835951805,3250.698298215866,3355.0898730754852,3328.8875967264175
3500.0,3409.7061306238174,3314.393162727356,3233.473151922226,3353.2632887363434,3327.7089335024357
3999.9999999999995,3419.5654839277267,3325.108587741852,3238.331750035286,3355.1935851573944,3334.5498517155647
1999.9999999999998,3419.3960577249527,3334.8266780376434,3243.6279952526093,3362.8246933221817,3340.1688560843468
2500.0,3436.88003718853,3328.3835649490356,3236.5865260362625,3351.472020149231,3338.3305370807648
4500.0,3422.299548983574,3316.6421949863434,3233.2181185483932,3331.8382501602173,3325.999528169632
3800.0,3387.535661458969,3333.084359765053,3228.9694994688034,3340.081125497818,3322.417661547661
3500.0,3424.1285920143127,3345.765396952629,3244.321346282959,3359.1272681951523,3343.3356508612633
3999.9999999999995,3330.090567469597,3338.432013988495,3224.6822118759155,3359.037861227989,3313.060663640499
3000.0,3352.85447537899,3347.5738763809204,3226.7555594444275,3365.0732785463333,3323.064297437668
3500.0,3341.2612974643707,3332.012817263603,3213.351219892502,3361.2361550331116,3311.965372413397
2500.0,3358.58054459095,3333.9084684848785,3212.648257613182,3359.1721951961517,3316.0773664712906
3000.0,3378.02030146122,3331.476151943207,3204.720765352249,3347.521349787712,3315.434642136097
3000.0,3374.7299015522003,3328.387141227722,3221.852481365204,3339.0987664461136,3316.01707264781
3500.0,3377.3455023765564,3323.734626173973,3241.6098564863205,3336.0475301742554,3319.6843788027763
3000.0,3372.415378689766,3324.8788118362427,3258.885070681572,3337.528556585312,3323.426954448223
2400.0,3373.6594766378403,3326.609954237938,3253.3083111047745,3338.61842751503,3323.0490423738956
3999.9999999999995,3408.5308760404587,3313.9584213495255,3262.1102035045624,3329.746127128601,3328.586407005787
3500.0,3403.87299656868,3324.1331577301025,3271.980732679367,3334.861323237419,3333.712052553892
3000.0,3416.481390595436,3327.6309818029404,3281.520903110504,3346.23321890831,3342.9666236042976
3999.9999999999995,3397.412672638893,3316.853642463684,3273.000866174698,3349.1407334804535,3334.101978689432
3000.0,3387.998342514038,3326.80843770504,3254.396840929985,3348.739966750145,3329.485896974802
3500.0,3419.501557946205,3327.828571200371,3227.3416221141815,3348.3172953128815,3330.7472616434097
3999.9999999999995,3463.587462902069,3338.2388949394226,3233.805298805237,3348.3852446079254,3346.0042253136635
3000.0,3414.187654852867,3338.0600810050964,3227.296695113182,3354.1835099458694,3333.4319852292538
3000.0,3426.155224442482,3333.183377981186,3232.38842189312,3360.0691705942154,3337.949048727751
3000.0,3370.3118562698364,3327.289894223213,3228.868469595909,3351.1152863502502,3319.3963766098022
3000.0,3395.807147026062,3327.1488547325134,3243.3079183101654,3347.378969192505,3328.4107223153114
2600.0,3388.3510529994965,3322.690576314926,3242.5839453935623,3339.828997850418,3323.3636431396008
3000.0,3382.248356938362,3316.8773353099823,3236.35071516037,3333.7142318487167,3317.2976598143578
3000.0,3420.9752082824707,3318.229392170906,3255.4838061332703,3334.764987230301,3332.363348454237
3500.0,3409.5002710819244,3317.7731931209564,3256.85016810894,3329.4130861759186,3328.384179621935
3500.0,3375.817760825157,3317.951336503029,3252.3811608552933,3328.499123454094,3318.6623454093933
3999.9999999999995,3406.1287343502045,3331.3409239053726,3253.520205616951,3343.185782432556,3333.543911576271
3500.0,3370.9198236465454,3340.3075486421585,3259.568139910698,3351.210281252861,3330.5014483630657
3999.9999999999995,3358.156979084015,3341.6685461997986,3256.448283791542,3355.3221076726913,3327.8989791870117
4500.0,3349.582850933075,3344.605565071106,3264.0427350997925,3359.5801144838333,3329.4528163969517
3000.0,3346.6534316539764,3344.767615199089,3256.286680698395,3364.8504316806793,3328.139539808035
3999.9999999999995,3348.3997732400894,3339.6651595830917,3222.525268793106,3362.986519932747,3318.3941803872585
3800.0,3368.496000766754,3337.9925787448883,3217.238634824753,3367.765322327614,3322.8731341660023
3500.0,3421.3683754205704,3350.0658720731735,3237.568214535713,3377.3278445005417,3346.5825766324997
3500.0,3315.868601202965,3343.6185121536255,3227.567821741104,3373.6559003591537,3315.177708864212
3000.0,3317.454904317856,3338.50733935833,3225.3067195415497,3366.3247525691986,3311.8984289467335
3000.0,3357.5385063886642,3338.906541466713,3228.957876563072,3361.760750412941,3321.7909187078476
2500.0,3352.792337536812,3333.8934928178787,3239.019513130188,3349.796086549759,3318.8753575086594
3000.0,3362.3405545949936,3326.1262625455856,3235.124945640564,3334.1632783412933,3314.438760280609
2600.0,3390.8048272132874,3326.2869715690613,3244.878575205803,3328.0353248119354,3322.5014247000217
2600.0,3380.9682726860046,3323.40270280838,3236.337974667549,3323.505073785782,3316.053505986929
3600.0,3398.802950978279,3321.6020464897156,3240.6145334243774,3319.440186023712,3320.114929229021
3999.9999999999995,3397.626131772995,3334.8745107650757,3241.596445441246,3321.9876140356064,3324.021175503731
3000.0,3402.247354388237,3349.1621911525726,3247.804194688797,3333.0461382865906,3333.0649696290493
3500.0,3379.524126648903,3332.5204253196716,3234.424665570259,3330.615386366844,3319.2711509764194
3600.0,3406.9955348968506,3326.656222343445,3235.2930307388306,3337.0091021060944,3326.488472521305
3999.9999999999995,3421.464040875435,3330.9446275234222,3240.2674108743668,3342.329263687134,3333.7513357400894
3500.0,3378.0793100595474,3331.9079875946045,3230.7538390159607,3349.234387278557,3322.4938809871674
1999.9999999999998,3405.0384163856506,3336.7252349853516,3238.930329680443,3361.4681661129,3335.540536791086
3000.0,3353.1052619218826,3312.345966696739,3222.995549440384,3343.784362077713,3308.0577850341797
5000.0,3342.0060575008392,3298.9776134490967,3238.666355609894,3335.0354433059692,3303.6713674664497
3000.0,3354.8538386821747,3317.0677721500397,3266.1373168230057,3346.032500267029,3321.022856980562
3000.0,3348.4281599521637,3318.820372223854,3259.314000606537,3342.8500592708588,3317.3531480133533
3000.0,3370.252847671509,3317.0507848262787,3254.256024956703,3337.889537215233,3319.862298667431
2500.0,3377.0055323839188,3307.8552782535553,3245.272636413574,3335.7855677604675,3316.479753702879
2500.0,3406.7047387361526,3303.6261051893234,3234.7851991653442,3327.1870762109756,3318.075779825449
3000.0,3414.4849330186844,3304.7761023044586,3233.5806638002396,3318.452686071396,3317.8235962986946
3000.0,3399.4216471910477,3305.6674897670746,3246.2183386087418,3317.689150571823,3317.249156534672
3000.0,3368.1102097034454,3299.8837530612946,3257.24758207798,3317.9399371147156,3310.795370489359
2500.0,3404.6684950590134,3301.5384525060654,3267.216682434082,3324.9595016241074,3324.595782905817
3000.0,3422.5519001483917,3298.6240088939667,3276.8169790506363,3321.484476327896,3329.8693411052227
3000.0,3404.63250875473,3297.218307852745,3266.1330699920654,3317.0606195926666,3321.261126548052
2500.0,3432.7100962400436,3304.1969686746597,3254.0488243103027,3317.68736243248,3327.1608129143715
3000.0,3439.825549721718,3295.240178704262,3239.8346811532974,3311.04576587677,3321.4865438640118
2400.0,3478.3847630023956,3294.2529022693634,3246.3540136814117,3312.7346634864807,3332.931585609913
3000.0,3473.6421704292297,3289.8078113794327,3240.0841265916824,3312.0524883270264,3328.896649181843
3000.0,3459.2974931001663,3284.0178161859512,3243.0797070264816,3307.8642189502716,3323.5648088157177
3500.0,3504.9042105674744,3285.3227108716965,3250.6176084280014,3313.8518035411835,3338.674083352089
3999.9999999999995,3499.7300058603287,3287.137895822525,3274.4845747947693,3324.8332142829895,3346.546422690153
2500.0,3465.2937948703766,3294.4339513778687,3282.8863710165024,3338.4937047958374,3345.2769555151463
3000.0,3445.163816213608,3290.2532815933228,3261.7346942424774,3334.815949201584,3332.991935312748
3000.0,3486.9101643562317,3296.7209815979004,3257.976248860359,3338.1810039281845,3344.947099685669
3800.0,3435.1833164691925,3293.587490916252,3241.9035583734512,3334.5112949609756,3326.296415179968
2500.0,3467.7261114120483,3313.1233602762222,3244.6955144405365,3336.3769948482513,3340.4804952442646
3000.0,3469.877913594246,3306.2144368886948,3235.4675978422165,3326.6837149858475,3334.560915827751
1999.9999999999998,3439.335823059082,3305.905759334564,3235.3026419878006,3325.2346515655518,3326.4447189867496
3000.0,3447.1602737903595,3293.1943237781525,3232.334777712822,3311.636298894882,3321.081418544054
3600.0,3437.797799706459,3284.830302000046,3248.6676424741745,3308.8530600070953,3320.0372010469437
3400.0,3464.741036295891,3291.344717144966,3258.189484477043,3318.507671356201,3333.1957273185253
3200.0,3434.5125406980515,3300.9568601846695,3268.4918493032455,3331.1498165130615,3333.777766674757
2500.0,3358.9057624340057,3299.5808869600296,3275.2320170402527,3337.518274784088,3317.809235304594
3000.0,3347.7231860160828,3292.584791779518,3283.2346111536026,3333.5454761981964,3314.27201628685
3600.0,3345.918506383896,3289.5129919052124,3274.86589550972,3328.595459461212,3309.72321331501
3000.0,3398.253321647644,3301.2838661670685,3282.540813088417,3335.022032260895,3329.275008291006
1500.0,3422.65784740448,3313.9119297266006,3273.4566181898117,3337.989002466202,3337.0038494467735
4500.0,3457.3283046483994,3296.2527126073837,3260.1287215948105,3310.2232217788696,3330.983240157366
2400.0,3453.2535821199417,3309.7127079963684,3259.735107421875,3321.0092782974243,3335.9276689589024
3000.0,3481.9362312555313,3313.4950697422028,3246.224597096443,3323.528990149498,3341.296222060919
3999.9999999999995,3449.026867747307,3311.3332092761993,3227.6272773742676,3320.155441761017,3327.0356990396976
1999.9999999999998,3477.2931039333344,3320.290893316269,3235.737159848213,3333.000987768173,3341.5805362164974
3500.0,3474.9171137809753,3301.8120378255844,3231.121525168419,3323.8859474658966,3332.934156060219
2500.0,3432.3927015066147,3302.960693836212,3258.9950412511826,3327.958434820175,3330.576717853546
3000.0,3441.7547285556793,3291.8453961610794,3255.700394511223,3316.584527492523,3326.471261680126
3000.0,3457.398936152458,3297.8734374046326,3240.463212132454,3316.645994782448,3328.095395117998
3999.9999999999995,3493.901565670967,3299.0171760320663,3239.3820583820343,3318.394124507904,3337.673731148243
3000.0,3478.783965110779,3317.534029483795,3241.802528500557,3327.181041240692,3341.3253910839558
3000.0,3488.1797432899475,3314.126506447792,3241.555541753769,3330.2325010299683,3343.523573130369
3000.0,3438.607156276703,3302.5965839624405,3233.596980571747,3328.7007361650467,3325.875364243984
3000.0,3467.0260548591614,3304.830640554428,3234.153538942337,3334.7804099321365,3335.1976610720158
3600.0,3457.7572345733643,3303.8359880447388,3225.640654563904,3327.837735414505,3328.767903149128
3000.0,3458.688408136368,3306.4354956150055,3223.8712906837463,3328.4322917461395,3329.356871545315
3800.0,3500.3147274255753,3302.24946141243,3231.4983755350113,3327.1609246730804,3340.305872261524
3500.0,3478.8747131824493,3309.7265660762787,3259.086236357689,3339.259922504425,3346.7368595302105
3999.9999999999995,3404.6416729688644,3306.5689355134964,3248.257488012314,3343.757539987564,3325.8064091205597
2500.0,3430.619090795517,3315.233588218689,3251.0655373334885,3352.2818237543106,3337.3000100255013
3000.0,3466.426134109497,3307.4475824832916,3253.0955225229263,3346.516191959381,3343.371357768774
3999.9999999999995,3437.3201429843903,3308.587074279785,3257.673606276512,3335.2334797382355,3334.7035758197308
1999.9999999999998,3413.8425439596176,3319.5456862449646,3248.467594385147,3335.4663848876953,3329.330552369356
3000.0,3418.2610362768173,3308.38143825531,3239.414244890213,3324.1944015026093,3322.5627802312374
3999.9999999999995,3396.0413932800293,3300.8797466754913,3248.3672350645065,3319.4661140441895,3316.188622266054
3999.9999999999995,3370.979055762291,3309.7417652606964,3239.329755306244,3331.2222361564636,3312.8182031214237
1999.9999999999998,3399.9842405319214,3333.4502577781677,3241.0740852355957,3346.93506360054,3330.3609117865562
3000.0,3388.9199048280716,3320.18606364727,3233.925774693489,3333.185166120529,3319.05422732234
3000.0,3323.1917023658752,3319.123685359955,3233.0553978681564,3325.165808200836,3300.1341484487057
3000.0,3298.8841831684113,3311.029225587845,3234.8041981458664,3320.4951882362366,3291.3031987845898
3500.0,3327.0467072725296,3309.5832914114,3232.0918142795563,3318.8456296920776,3296.891860663891
3000.0,3356.1457693576813,3319.2376792430878,3242.6995038986206,3330.964744091034,3312.261924147606
3999.9999999999995,3294.0197736024857,3309.750482439995,3234.37437415123,3330.110013484955,3292.0636609196663
4500.0,3329.058587551117,3317.963629961014,3244.989886879921,3339.7042751312256,3307.9290948808193
3000.0,3340.468928217888,3326.6689628362656,3235.5275005102158,3352.729305624962,3313.8486742973328
3000.0,3365.596756339073,3327.223062515259,3230.825364589691,3359.0228855609894,3320.667017251253
3500.0,3330.5246382951736,3311.513811349869,3228.1778007745743,3352.4738252162933,3305.6725189089775
3000.0,3360.0620180368423,3314.3147081136703,3226.3972610235214,3349.7898280620575,3312.640953809023
2500.0,3384.1636776924133,3316.480815410614,3218.2062417268753,3344.8339998722076,3315.9211836755276
3000.0,3414.791151881218,3310.854211449623,3216.977119445801,3327.9434591531754,3317.6414854824543
5000.0,3424.503430724144,3311.605006456375,3210.297077894211,3321.559801697731,3316.9913291931152
3000.0,3435.6097877025604,3331.715315580368,3230.549544095993,3335.6139063835144,3333.372138440609
3000.0,3424.03806746006,3329.5883238315582,3234.0245693922043,3333.9882642030716,3330.4098062217236
4500.0,3435.6287866830826,3320.5582201480865,3239.21374976635,3331.441730260849,3331.710621714592
3000.0,3422.2742915153503,3331.5937221050262,3233.2299649715424,3340.809792280197,3331.976942718029
2600.0,3438.599556684494,3333.6176723241806,3218.5104489326477,3346.1757749319077,3334.2258632183075
3500.0,3438.469246029854,3315.3634518384933,3233.8567078113556,3341.394066810608,3332.2708681225777
2800.0,3415.3106063604355,3307.216465473175,3251.6909390687943,3341.2447571754456,3328.8656920194626
1999.9999999999998,3403.176963329315,3305.8293163776398,3258.6367428302765,3334.1319859027863,3325.4437521100044
3500.0,3406.384438276291,3288.845792412758,3242.287337779999,3313.1057024002075,3312.6558177173138
3500.0,3461.7839008569717,3301.7514646053314,3258.723244071007,3319.2063868045807,3335.3662490844727
3000.0,3426.002562046051,3307.4598759412766,3258.206695318222,3322.109878063202,3328.444752842188
3600.0,3425.281047821045,3311.7205649614334,3246.9847798347473,3325.1644670963287,3327.2877149283886
3000.0,3462.187796831131,3322.889283299446,3251.359239220619,3329.932317137718,3341.5921591222286
3000.0,3439.2381459474564,3319.5479214191437,3243.146315217018,3328.1202614307404,3332.5131610035896
1999.9999999999998,3428.860232234001,3315.9656077623367,3245.5656677484512,3329.751491546631,3330.035749822855
3000.0,3457.5247764587402,3296.826034784317,3247.0768690109253,3314.8182928562164,3329.0614932775497
3400.0,3439.1874074935913,3288.315162062645,3251.079171895981,3309.432864189148,3322.0036514103413
2500.0,3479.3820977211,3298.095166683197,3261.854499578476,3320.3353732824326,3339.9167843163013
3000.0,3453.9134055376053,3287.3131334781647,3260.57530939579,3314.696252346039,3329.1245251893997
3000.0,3446.9828009605408,3295.9797978401184,3270.4223692417145,3317.7385479211807,3332.7808789908886
3000.0,3447.4097192287445,3299.455940723419,3271.012231707573,3320.325091481209,3334.5507457852364
2600.0,3442.1154856681824,3291.0338044166565,3274.870812892914,3318.0780708789825,3331.524543464184
3000.0,3479.4263541698456,3288.8755202293396,3273.2460647821426,3316.0623908042908,3339.4025824964046
3000.0,3484.8272055387497,3297.5971698760986,3270.946964621544,3321.1608231067657,3343.6330407857895
3999.9999999999995,3442.7833557128906,3305.874243378639,3273.4456658363342,3325.08847117424,3336.797934025526
3000.0,3464.4759446382523,3317.515254020691,3287.9483699798584,3334.231674671173,3351.0428108274937
2500.0,3436.369299888611,3309.156149625778,3269.220069050789,3330.315425992012,3336.2652361392975
3500.0,3470.562770962715,3301.260843873024,3266.621455550194,3325.9744942188263,3341.10489115119
3600.0,3447.2881257534027,3310.7149600982666,3256.1320066452026,3330.51435649395,3336.1623622477055
3999.9999999999995,3475.4904359579086,3324.967548251152,3256.632909178734,3335.8338475227356,3348.2311852276325
3500.0,3455.144315958023,3332.4044197797775,3260.893374681473,3345.256894826889,3348.4247513115406
3500.0,3417.53326356411,3330.3268253803253,3267.226740717888,3351.4416217803955,3341.6321128606796
3500.0,3424.016609787941,3328.0114084482193,3271.56163752079,3348.6682176589966,3343.0644683539867
2400.0,3406.3784033060074,3325.1508325338364,3270.440250635147,3357.316106557846,3339.8213982582092
3000.0,3366.326093673706,3305.1661401987076,3259.49527323246,3344.852551817894,3318.960014730692
3999.9999999999995,3406.0263633728027,3306.8297803401947,3260.1964473724365,3342.320993542671,3328.8433961570263
2500.0,3350.2422273159027,3323.0839669704437,3253.4151524305344,3343.192934989929,3317.4835704267025
3000.0,3418.523892760277,3327.014297246933,3254.8635452985764,3339.565470814705,3334.9918015301228
2500.0,3391.418159008026,3318.4513449668884,3245.484307408333,3327.1975815296173,3320.637848228216
3500.0,3441.912531852722,3317.609801888466,3242.5273954868317,3319.78976726532,3330.459874123335
1999.9999999999998,3414.774611592293,3316.543400287628,3256.881684064865,3320.268765091896,3327.1171152591705
3000.0,3424.8480945825577,3302.4854958057404,3245.7686215639114,3309.514671564102,3320.654220879078
3600.0,3429.9536794424057,3292.1820133924484,3254.009932279587,3309.11748111248,3321.3157765567303
2500.0,3478.606715798378,3311.513811349869,3260.7894390821457,3317.9982751607895,3342.2270603477955
3000.0,3410.8226001262665,3305.017277598381,3235.7999682426453,3311.1968636512756,3315.709177404642
3000.0,3428.4885227680206,3303.7175238132477,3235.263079404831,3312.64927983284,3320.029601454735
2500.0,3438.730090856552,3303.9430528879166,3232.954367995262,3317.219316959381,3323.211707174778
2500.0,3422.1357107162476,3289.400339126587,3227.3438572883606,3311.1123740673065,3312.4980702996254
3000.0,3467.555120587349,3286.4901423454285,3228.4245640039444,3307.7211678028107,3322.547748684883
3000.0,3475.545421242714,3286.713659763336,3243.134915828705,3303.680643439293,3327.268660068512
3000.0,3462.6732766628265,3281.600922346115,3247.8895783424377,3300.0348508358,3323.049657046795
3999.9999999999995,3491.586372256279,3282.492533326149,3247.1975684165955,3304.385170340538,3331.4154110848904
3500.0,3474.741205573082,3291.808068752289,3237.4276220798492,3317.360579967499,3330.3343690931797
3000.0,3499.557450413704,3300.3495633602142,3236.006498336792,3337.0719105005264,3343.246355652809
3000.0,3410.1728349924088,3285.749852657318,3234.141021966934,3337.128683924675,3316.798098385334
3999.9999999999995,3396.6705948114395,3283.3345234394073,3231.921046972275,3333.301395177841,3311.3068901002407
3000.0,3426.087498664856,3295.898884534836,3237.641751766205,3342.0585840940475,3325.421679764986
3600.0,3396.0308879613876,3296.1174845695496,3232.131600379944,3340.7047390937805,3316.2461780011654
1999.9999999999998,3367.1703189611435,3302.1260797977448,3233.503997325897,3341.4436876773834,3311.061020940542
3500.0,3414.6277606487274,3292.442634701729,3229.546397924423,3326.905220746994,3315.8805035054684
2800.0,3409.462720155716,3292.5843447446823,3244.4239407777786,3322.809934616089,3317.3202350735664
2500.0,3413.9250218868256,3298.7038046121597,3237.3185455799103,3320.254683494568,3317.550513893366
2500.0,3409.985303878784,3294.8651164770126,3227.7455180883408,3309.7030967473984,3310.574758797884
3500.0,3459.518551826477,3292.4965023994446,3222.251906991005,3302.912414073944,3319.2948438227177
3999.9999999999995,3425.5823493003845,3293.422758579254,3232.913687825203,3311.375677585602,3315.823618322611
3500.0,3430.2355349063873,3309.6597343683243,3231.208920478821,3327.9383182525635,3324.760627001524
3000.0,3423.8145500421524,3325.3468573093414,3230.2922755479813,3340.5663818120956,3330.0050161778927
3000.0,3408.3192050457,3322.189226746559,3239.7443801164627,3336.757868528366,3326.752670109272
3500.0,3392.767980694771,3320.5975592136383,3237.1073216199875,3334.8970860242844,3321.3424868881702
3000.0,3396.4942395687103,3321.327567100525,3250.9761303663254,3338.2954448461533,3326.7733454704285
1999.9999999999998,3382.718414068222,3308.3579689264297,3250.168561935425,3329.5755833387375,3317.7051320672035
1999.9999999999998,3438.064008951187,3298.6926287412643,3238.71485888958,3316.6220784187317,3323.0233937501907
2400.0,3477.398157119751,3284.960389137268,3238.2262498140335,3295.440673828125,3324.0063674747944
2500.0,3482.779338955879,3274.5496183633804,3233.315125107765,3283.965289592743,3318.652343004942
3000.0,3500.6408393383026,3270.34592628479,3216.5899872779846,3275.9293913841248,3315.8765360713005
2400.0,3518.0912911891937,3266.6878402233124,3218.6242192983627,3284.4851911067963,3321.9721354544163
4500.0,3517.357259988785,3262.60082423687,3210.8576595783234,3291.3172245025635,3320.5332420766354
5000.0,3456.1172872781754,3277.592360973358,3234.5154136419296,3307.904452085495,3319.0323784947395
3000.0,3472.551181912422,3301.677256822586,3237.592801451683,3333.1377804279327,3336.239755153656
3000.0,3430.040627717972,3291.1813259124756,3247.1682876348495,3340.611085295677,3327.2503316402435
3000.0,3399.7587114572525,3282.315507531166,3254.731670022011,3340.185061097145,3319.2477375268936
3500.0,3390.4751390218735,3274.0554213523865,3273.138105869293,3337.7715200185776,3318.8600465655327
3600.0,3384.1053396463394,3283.020481467247,3268.7927037477493,3331.5883576869965,3316.876720637083
2600.0,3398.3324468135834,3289.760649204254,3260.0093632936478,3335.052877664566,3320.788834244013
3000.0,3409.5096588134766,3290.9658551216125,3252.2450387477875,3330.959603190422,3320.9200389683247
3500.0,3391.1483734846115,3290.7072454690933,3235.042244195938,3323.9243924617767,3310.205563902855
3600.0,3420.0934320688248,3299.3506640195847,3242.7918165922165,3331.2253654003143,3323.365319520235
3000.0,3424.5094656944275,3300.3871142864227,3258.173391222954,3332.3854207992554,3328.863848000765
3000.0,3331.7622542381287,3301.304653286934,3254.881426692009,3331.9035172462463,3304.9629628658295
3500.0,3336.2777531147003,3291.057050228119,3265.8831775188446,3327.1537721157074,3305.092938244343
3999.9999999999995,3338.32249045372,3287.600576877594,3268.207311630249,3330.1064372062683,3306.059204041958
4500.0,3360.3693544864655,3313.129171729088,3254.1000097990036,3337.007090449333,3316.1514066159725
3999.9999999999995,3393.329232931137,3326.641246676445,3240.569606423378,3350.0325679779053,3327.6431635022163
3000.0,3377.9648691415787,3337.0178192853928,3231.3070446252823,3362.81418800354,3327.2759802639484
3500.0,3351.772427558899,3327.932506799698,3231.229707598686,3358.7005734443665,3317.4088038504124
3000.0,3355.666995048523,3325.2880722284317,3236.987292766571,3354.448825120926,3318.097796291113
3999.9999999999995,3353.978544473648,3325.2281695604324,3236.2056523561478,3348.579481244087,3315.997961908579
3000.0,3359.418734908104,3327.578231692314,3252.653628587723,3349.652588367462,3322.3257958889008
3000.0,3377.2657066583633,3327.1674066781998,3253.3838599920273,3346.276581287384,3326.0233886539936
3000.0,3370.826616883278,3318.089470267296,3260.8216255903244,3337.2585475444794,3321.7490650713444
3600.0,3391.353338956833,3319.242149591446,3260.1743191480637,3331.0233056545258,3325.448278337717
3000.0,3407.6962620019913,3323.957473039627,3264.8617029190063,3330.41712641716,3331.733141094446
2500.0,3418.7373518943787,3327.4953067302704,3265.312984585762,3331.199437379837,3335.686270147562
3000.0,3434.171676635742,3325.29254257679,3271.0524648427963,3324.405625462532,3338.730577379465
3999.9999999999995,3422.3677217960358,3322.7021992206573,3273.9099115133286,3317.057490348816,3334.0093307197094
3400.0,3424.612283706665,3338.8081938028336,3275.1694321632385,3326.4297991991043,3341.2549272179604
3999.9999999999995,3416.8893098831177,3341.5482938289642,3277.5025069713593,3333.9332789182663,3342.468347400427
3500.0,3395.308256149292,3335.5553448200226,3278.75554561615,3344.704806804657,3338.5809883475304
3500.0,3377.9177069664,3335.1892232894897,3270.7641273736954,3350.9889990091324,3333.7150141596794
3000.0,3377.5214105844498,3334.0542018413544,3268.8038796186447,3355.5373549461365,3333.9792117476463
2500.0,3359.934613108635,3334.8633348941803,3264.8062705993652,3354.6895533800125,3328.5734429955482
3500.0,3358.207270503044,3325.131833553314,3267.6994800567627,3334.1679722070694,3321.3016390800476
2500.0,3392.5411105155945,3334.0325206518173,3272.736221551895,3337.082862854004,3334.0981788933277
3400.0,3358.403965830803,3318.0371671915054,3251.871317625046,3322.7545022964478,3312.7667382359505
3999.9999999999995,3428.2520413398743,3319.7008073329926,3262.6591622829437,3326.3587206602097,3334.242682904005
3000.0,3425.409346818924,3328.7572860717773,3277.224898338318,3334.0367674827576,3341.357074677944
3000.0,3359.389677643776,3317.227363586426,3268.009275197983,3333.7799459695816,3319.6015655994415
3600.0,3410.1171791553497,3319.4974064826965,3265.434354543686,3332.5937390327454,3331.9106698036194
4400.0,3411.8668735027313,3329.1227370500565,3267.9006457328796,3331.950232386589,3335.210122168064
3000.0,3405.979871749878,3341.987729072571,3278.947100043297,3346.6102927923203,3343.3812484145164
3000.0,3352.4836599826813,3331.4522355794907,3261.854723095894,3341.512307524681,3321.8257315456867
2500.0,3377.84506380558,3318.699672818184,3259.403631091118,3335.806354880333,3322.9386806488037
3500.0,3427.9049187898636,3310.2761954069138,3266.521766781807,3325.1050114631653,3332.4519731104374
2500.0,3400.6091952323914,3313.3842051029205,3257.230594754219,3322.4402368068695,3323.4160579741
3000.0,3414.124622941017,3312.4499022960663,3250.1108944416046,3315.645754337311,3323.0827935039997
3000.0,3389.10274207592,3313.7668669223785,3237.689808011055,3314.0914142131805,3313.6627078056335
3600.0,3421.1714565753937,3320.5047994852066,3233.445882797241,3317.0463144779205,3323.0421133339405
2500.0,3399.7642993927,3318.7235891819,3248.5681772232056,3321.092650294304,3322.0371790230274
3500.0,3385.5807781219482,3313.4454488754272,3232.536166906357,3311.001732945442,3310.6410317122936
2500.0,3423.401266336441,3317.9128915071487,3227.357938885689,3311.350643634796,3320.0056850910187
2500.0,3415.5911207199097,3305.4426312446594,3225.974589586258,3308.020904660225,3313.757311552763
4500.0,3405.269533395767,3288.6289805173874,3217.0428335666656,3298.8808304071426,3302.4555444717407
2500.0,3411.441072821617,3311.3479614257812,3224.964737892151,3313.9262348413467,3315.420001745224
3000.0,3400.3622084856033,3303.7304878234863,3202.0526379346848,3312.5484734773636,3304.6734519302845
3500.0,3436.243236064911,3305.278569459915,3204.687684774399,3319.6156471967697,3316.4562843739986
3600.0,3417.154401540756,3301.132544875145,3228.173553943634,3329.8831433057785,3319.0859109163284
3999.9999999999995,3385.019078850746,3294.0246909856796,3240.7891005277634,3331.4359188079834,3312.817197293043
3999.9999999999995,3387.9634737968445,3302.1459728479385,3247.133642435074,3337.8785848617554,3318.780418485403
3999.9999999999995,3383.811190724373,3307.1965724229813,3244.6997612714767,3346.872478723526,3320.645000785589
3000.0,3388.6118978261948,3313.5686069726944,3251.730278134346,3354.319855570793,3327.057659626007
3500.0,3328.307121992111,3296.5531200170517,3242.304101586342,3344.6498215198517,3302.953541278839
3000.0,3353.7304401397705,3300.4193007946014,3243.560492992401,3344.0257608890533,3310.4339987039566
3600.0,3364.911898970604,3303.930312395096,3237.7365231513977,3340.2420580387115,3311.7051981389523
2500.0,3355.261981487274,3307.240605354309,3251.597508788109,3336.8832617998123,3312.745839357376
2500.0,3385.9379589557648,3302.3851364851,3254.3355971574783,3326.2212574481964,3317.219987511635
3999.9999999999995,3368.9644932746887,3297.9121059179306,3255.51800429821,3311.95168197155,3308.586571365595
3000.0,3405.0091356039047,3314.639702439308,3265.9631967544556,3320.2949166297913,3326.476737856865
3000.0,3399.8242020606995,3312.4445378780365,3265.196979045868,3321.070298552513,3324.6340043842793
3000.0,3386.0349655151367,3311.629593372345,3258.706256747246,3319.3183690309525,3318.92229616642
3500.0,3422.952890396118,3316.2306994199753,3260.355144739151,3323.163539171219,3330.675568431616
3000.0,3409.174159169197,3321.787789463997,3272.84999191761,3328.4803479909897,3333.0730721354485
3000.0,3383.672833442688,3317.614048719406,3277.701660990715,3325.045332312584,3326.0084688663483
3000.0,3426.1049330234528,3318.202793598175,3286.8151366710663,3327.616900205612,3339.6849408745766
3500.0,3407.6151251792908,3316.8956637382507,3283.0873131752014,3323.577269911766,3332.7938430011272
3500.0,3424.832448363304,3326.7129957675934,3264.213502407074,3330.378234386444,3336.534295231104
3000.0,3484.370782971382,3337.133154273033,3260.923996567726,3338.8057351112366,3355.3084172308445
3000.0,3478.4766286611557,3333.897516131401,3273.9226520061493,3339.1765505075455,3356.368336826563
3500.0,3405.439406633377,3328.458219766617,3272.225484251976,3331.0867846012115,3334.3024738132954
3000.0,3398.3637392520905,3326.6472816467285,3270.4290747642517,3328.775390982628,3331.0538716614246
2600.0,3437.0116889476776,3330.255299806595,3266.4377242326736,3329.1801810264587,3340.721223503351
3999.9999999999995,3404.4747054576874,3317.5597339868546,3260.1680606603622,3319.7589218616486,3325.490355491638
2500.0,3417.205587029457,3326.1705189943314,3256.630226969719,3325.3826200962067,3331.3472382724285
3999.9999999999995,3445.122465491295,3322.0533281564713,3244.071677327156,3317.0610666275024,3332.077134400606
3500.0,3415.6975150108337,3324.250504374504,3230.808824300766,3325.755000114441,3324.127960950136
3600.0,3439.684510231018,3332.3489874601364,3228.8914918899536,3336.3667130470276,3334.322925657034
3000.0,3384.1145038604736,3328.0351012945175,3239.530026912689,3337.9004895687103,3322.3950304090977
3000.0,3381.2590688467026,3318.185806274414,3244.442269206047,3333.955407142639,3319.4606378674507
3000.0,3371.419832110405,3307.9471439123154,3237.9942387342453,3325.5167305469513,3310.7194863259792
3400.0,3408.025950193405,3310.2647960186005,3231.8155467510223,3322.1936970949173,3318.0749975144863
2500.0,3417.416587471962,3317.027762532234,3239.952027797699,3326.3231813907623,3325.1798897981644
3000.0,3430.6539595127106,3307.5642585754395,3252.6715099811554,3320.56000828743,3327.862434089184
2400.0,3436.400815844536,3301.0804653167725,3268.345445394516,3313.145935535431,3329.743165522814
3000.0,3460.5254977941513,3295.9000021219254,3268.1386917829514,3308.9223504066467,3333.3716355264187
3000.0,3447.4843740463257,3291.802257299423,3266.3118839263916,3306.1902970075607,3327.9472030699253
2400.0,3497.176766395569,3300.008252263069,3264.5948231220245,3307.650089263916,3342.3574827611446
1999.9999999999998,3492.521122097969,3293.8239723443985,3257.72725045681,3298.5084503889084,3335.6451988220215
3500.0,3515.065312385559,3277.737647294998,3251.16790831089,3282.4578881263733,3331.607189029455
4500.0,3506.2068700790405,3283.4237068891525,3258.5229724645615,3294.604942202568,3335.6896229088306
3999.9999999999995,3441.118150949478,3292.3731207847595,3253.110498189926,3314.2492175102234,3325.212746858597
3000.0,3475.3764420747757,3305.435925722122,3244.553580880165,3328.992873430252,3338.5897055268288
2500.0,3420.58002948761,3295.323997735977,3243.0142164230347,3334.7520232200623,3323.417566716671
3000.0,3425.336703658104,3284.998834133148,3257.1183890104294,3328.6037296056747,3324.014414101839
3800.0,3388.262316584587,3279.537633061409,3264.7843658924103,3320.7882195711136,3313.34313377738
3400.0,3344.8541164398193,3294.7567105293274,3289.5181328058243,3331.0995250940323,3315.057121217251
5000.0,3301.1555671691895,3296.5853065252304,3280.843645334244,3336.3401144742966,3303.73115837574
3000.0,3298.5538244247437,3304.435685276985,3286.155089735985,3353.683277964592,3310.7069693505764
3000.0,3316.200077533722,3301.229551434517,3284.626677632332,3352.0272374153137,3313.520886003971
3500.0,3296.3957637548447,3300.805985927582,3274.766653776169,3343.2959765195847,3303.816094994545
3000.0,3293.118327856064,3309.668004512787,3266.853019595146,3342.8408950567245,3303.1200617551804
3000.0,3316.8621361255646,3319.1055804491043,3255.425915122032,3337.6944065093994,3307.272009551525
1999.9999999999998,3333.3854377269745,3316.6437596082687,3247.0350712537766,3331.0427516698837,3307.026755064726
5000.0,3369.1079914569855,3305.857926607132,3244.4366812705994,3315.030187368393,3308.6081966757774
1999.9999999999998,3339.294120669365,3323.3068138360977,3269.4708555936813,3325.265944004059,3314.3344335258007
3600.0,3317.064195871353,3312.237784266472,3267.006352543831,3313.4787529706955,3302.446771413088
2400.0,3344.036489725113,3316.2403106689453,3282.287120819092,3313.6705309152603,3314.0586130321026
3000.0,3388.12954723835,3307.8624308109283,3273.368552327156,3305.6384325027466,3318.749740719795
3600.0,3444.2585706710815,3309.2185109853745,3320.8852261304855,3321.70307636261,3349.016346037388
2500.0,3448.4410285949707,3317.3176646232605,3344.6261286735535,3340.0020003318787,3362.596705555916
1999.9999999999998,3403.269276022911,3301.1452853679657,3320.895731449127,3339.577317237854,3341.2219025194645
2500.0,3434.278294444084,3287.9121601581573,3335.9431475400925,3332.8843116760254,3347.75447845459
2600.0,3434.622511267662,3275.7986336946487,3327.397406101227,3318.7133073806763,3339.1329646110535
3000.0,3451.210632920265,3274.625390768051,3298.8475263118744,3314.668983221054,3334.838133305311
3000.0,3432.2259575128555,3281.048834323883,3296.2093502283096,3321.6509968042374,3332.7837847173214
3600.0,3417.215645313263,3272.6600021123886,3290.075585246086,3325.7482945919037,3326.4248818159103
3999.9999999999995,3494.729697704315,3288.8730615377426,3305.7915419340134,3335.0926637649536,3356.121741235256
2500.0,3439.84991312027,3304.1314780712128,3296.997919678688,3347.6869761943817,3347.166571766138
3000.0,3433.57153236866,3288.5561138391495,3284.9328964948654,3340.4023200273514,3336.8657156825066
3000.0,3438.0168467760086,3283.5864275693893,3279.6189934015274,3337.9700034856796,3334.7980678081512
3000.0,3444.5270150899887,3280.082792043686,3273.0310410261154,3335.1315557956696,3333.193100988865
3600.0,3481.1226278543472,3285.195976495743,3288.632556796074,3336.2142741680145,3347.7913588285446
3999.9999999999995,3469.090908765793,3298.3846217393875,3296.1179316043854,3339.1736447811127,3350.6917767226696
3000.0,3424.896150827408,3314.080908894539,3280.981108546257,3349.7826755046844,3342.435210943222
3000.0,3362.3604476451874,3307.739719748497,3253.629505634308,3352.958634495735,3319.172076880932
3000.0,3445.234000682831,3306.6241443157196,3265.7309621572495,3353.3482253551483,3342.734333127737
3999.9999999999995,3389.0611678361893,3297.561854124069,3255.654349923134,3344.135284423828,3321.603164076805
2500.0,3461.7935121059418,3313.1179958581924,3272.869437932968,3354.657366871834,3350.609578192234
3500.0,3435.4034811258316,3308.0772310495377,3258.107900619507,3345.8570390939713,3336.861412972212
2500.0,3413.454070687294,3311.569467186928,3256.4277201890945,3345.937505364418,3331.8471908569336
3500.0,3446.9302743673325,3308.4189891815186,3256.765678524971,3339.2103016376495,3337.831310927868
3000.0,3433.1966936588287,3317.108005285263,3278.7586748600006,3345.789313316345,3343.7131717801094
3999.9999999999995,3377.7274936437607,3309.892416000366,3268.0606842041016,3345.8568155765533,3325.3843523561954
4500.0,3393.184393644333,3317.87645816803,3276.430070400238,3348.7223088741302,3334.0533077716827
3600.0,3400.9256958961487,3327.7181535959244,3259.4744861125946,3363.044857978821,3337.790798395872
5000.0,3394.7020769119263,3330.7593315839767,3250.3361999988556,3372.7052807807922,3337.1257223188877
2400.0,3388.8857066631317,3346.1645990610123,3274.654895067215,3384.755104780197,3348.615076392889
3500.0,3351.578190922737,3331.189602613449,3242.4120604991913,3370.4401552677155,3323.9050023257732
3000.0,3371.371328830719,3331.976607441902,3231.9199293851852,3368.0444955825806,3325.8280903100967
3000.0,3356.267362833023,3337.4816179275513,3218.4720039367676,3358.045667409897,3317.5666630268097
3500.0,3406.236246228218,3335.8481526374817,3240.5729591846466,3352.801948785782,3333.864826709032
3999.9999999999995,3388.652130961418,3339.715898036957,3266.3892209529877,3360.496312379837,3338.8133905828
3000.0,3354.9517393112183,3342.4627035856247,3282.8979939222336,3367.847576737404,3337.04000338912
3000.0,3351.5873551368713,3336.1058682203293,3276.245668530464,3364.0721440315247,3332.0027589797974
3500.0,3357.7126264572144,3329.487070441246,3276.643306016922,3360.629975795746,3331.118244677782
3000.0,3350.057825446129,3328.813835978508,3270.5985009670258,3356.4211428165436,3326.4728263020515
2400.0,3392.2626078128815,3332.0780843496323,3276.984617114067,3358.5166186094284,3339.9604819715023
3000.0,3380.9007704257965,3329.3317258358,3266.073167324066,3343.9332246780396,3330.0597220659256
2500.0,3414.2591804265976,3326.503112912178,3289.712145924568,3341.7371660470963,3343.05290132761
2500.0,3409.9289774894714,3327.489048242569,3289.2948389053345,3332.7846229076385,3339.8743718862534
3500.0,3391.8099850416183,3313.7813955545425,3262.0541006326675,3316.7168498039246,3321.0905827581882
3000.0,3453.0609101057053,3325.854241847992,3284.512460231781,3320.714235305786,3346.035461872816
2500.0,3443.9916908740997,3321.1543411016464,3271.322473883629,3324.025422334671,3340.1234820485115
3500.0,3437.582328915596,3311.4641904830933,3259.638771414757,3323.4257251024246,3333.0277539789677
3000.0,3416.5656566619873,3315.7966285943985,3255.814388394356,3331.8668603897095,3330.0108835101128
3500.0,3439.5718574523926,3316.185548901558,3260.4295760393143,3333.617001771927,3337.450996041298
3999.9999999999995,3403.254523873329,3316.848948597908,3260.4219764471054,3341.27739071846,3330.4507099092007
3000.0,3393.32677423954,3317.1261101961136,3260.2398097515106,3350.3593504428864,3330.2630111575127
3000.0,3422.0074117183685,3318.777233362198,3258.3756744861603,3356.4743399620056,3338.908664882183
4500.0,3404.625803232193,3315.853178501129,3265.4904574155807,3356.5476536750793,3335.6292732059956
2500.0,3384.283035993576,3333.4538340568542,3257.4965804815292,3363.788276910782,3334.7554318606853
2500.0,3389.0723437070847,3331.2852680683136,3231.1584055423737,3357.270509004593,3327.196631580591
3000.0,3412.5982224941254,3315.093219280243,3232.5663417577744,3341.7172729969025,3325.4937641322613
3000.0,3419.2755818367004,3307.356610894203,3253.5892724990845,3337.5636488199234,3329.446278512478
4400.0,3410.0018441677094,3297.5245267152786,3265.8514380455017,3332.5910568237305,3326.492216438055
3999.9999999999995,3443.729728460312,3314.38310444355,3289.7374033927917,3352.0303666591644,3349.9701507389545
5000.0,3340.236470103264,3317.325711250305,3251.013457775116,3363.283798098564,3317.9648593068123
2600.0,3405.176103115082,3340.594992041588,3259.8620653152466,3384.683132171631,3347.5790731608868
3000.0,3392.7780389785767,3336.9628340005875,3261.139914393425,3384.6835792064667,3343.891091644764
2500.0,3340.2056246995926,3327.1168917417526,3253.8700103759766,3370.630145072937,3322.9556679725647
2800.0,3360.5901896953583,3315.376192331314,3258.1865787506104,3354.1321009397507,3322.0712654292583
3000.0,3378.3886581659317,3313.482105731964,3271.5442031621933,3342.5194770097733,3326.4836110174656
3000.0,3370.9631860256195,3315.923362970352,3262.777626514435,3336.152136325836,3321.4540779590607
3400.0,3398.4167128801346,3320.6892013549805,3268.754482269287,3333.6324244737625,3330.373205244541
1999.9999999999998,3401.273936033249,3330.75150847435,3280.4274559020996,3340.9474790096283,3338.3500948548317
3000.0,3403.448313474655,3310.147449374199,3284.3054831027985,3329.1303366422653,3331.7578956484795
3000.0,3398.7291902303696,3299.5793223381042,3290.7716184854507,3326.1412382125854,3328.8053423166275
3000.0,3419.4588661193848,3299.7120916843414,3282.521143555641,3328.997790813446,3332.6724730432034
2600.0,3449.622318148613,3305.566683411598,3295.266106724739,3332.057297229767,3345.6281013786793
3500.0,3404.8714488744736,3297.6646721363068,3270.9775865077972,3328.4003287553787,3325.478509068489
3000.0,3441.324457526207,3305.995836853981,3303.64890396595,3337.913230061531,3347.2206071019173
3000.0,3400.60718357563,3299.6731996536255,3287.815600633621,3337.3792469501495,3331.3688077032566
2500.0,3433.9868277311325,3303.1754940748215,3300.146609544754,3343.1464433670044,3345.113843679428
1999.9999999999998,3441.4029121398926,3302.5871962308884,3313.0954205989838,3340.003117918968,3349.2721617221832
3600.0,3425.7645159959793,3281.754031777382,3287.6066118478775,3318.824842572212,3328.4875005483627
2500.0,3438.161239027977,3292.115405201912,3272.5627720355988,3316.7141675949097,3329.8883959650993
2400.0,3473.193570971489,3283.9711010456085,3249.3487000465393,3307.804763317108,3328.5795338451862
3999.9999999999995,3496.5265542268753,3269.420340657234,3245.157077908516,3296.9433814287186,3327.011838555336
5000.0,3519.732356071472,3275.4678279161453,3282.0868492126465,3310.7397705316544,3347.0067009329796
3000.0,3484.8520159721375,3300.2136647701263,3277.379348874092,3336.3425731658936,3349.6969006955624
3600.0,3429.0792793035507,3305.884972214699,3241.613432765007,3347.450941801071,3331.007156521082
3000.0,3472.33884036541,3316.6153728961945,3251.9325613975525,3353.2778173685074,3348.541148006916
3999.9999999999995,3443.700224161148,3318.6936378479004,3249.1618394851685,3352.2681891918182,3340.955972671509
5000.0,3415.3472632169724,3324.4936913251877,3256.119042634964,3357.313647866249,3338.3184112608433
3000.0,3423.6670285463333,3337.748497724533,3269.237279891968,3370.2005445957184,3350.213337689638
3000.0,3398.611843585968,3325.3271877765656,3255.80433011055,3363.6143803596497,3335.8394354581833
1999.9999999999998,3391.0444378852844,3320.2406018972397,3244.256302714348,3357.7649295330048,3328.326568007469
3500.0,3397.534042596817,3303.41175198555,3223.978132009506,3335.8418941497803,3315.1914551854134
3400.0,3444.732427597046,3312.2017979621887,3257.3260366916656,3330.6482434272766,3336.227126419544
2500.0,3417.4764901399612,3317.6252245903015,3274.0527391433716,3336.349055171013,3336.375877261162
3000.0,3370.2342957258224,3300.5131781101227,3260.754570364952,3326.2813836336136,3314.4458569586277
2500.0,3415.936231613159,3297.9775965213776,3279.9270004034042,3330.2222192287445,3331.0157619416714
3000.0,3434.5009177923203,3296.0721105337143,3293.6950027942657,3326.1021226644516,3337.592538446188
3600.0,3389.231041073799,3291.977718472481,3294.3961769342422,3327.2677659988403,3325.7181756198406
1999.9999999999998,3386.7301046848297,3301.636353135109,3290.224000811577,3331.015482544899,3327.4014852941036
3400.0,3424.522653222084,3296.9051599502563,3282.89195895195,3321.5902000665665,3331.4774930477142
3000.0,3446.098566055298,3298.9923655986786,3315.292149782181,3327.786549925804,3347.0424078404903
3000.0,3437.533378601074,3297.5153625011444,3315.487280488014,3328.070193529129,3344.6515537798405
3000.0,3398.5570818185806,3297.151029109955,3283.8255912065506,3330.9727907180786,3327.626623213291
3000.0,3469.855785369873,3302.8922975063324,3301.987275481224,3339.190185070038,3353.481385856867
2500.0,3447.777181863785,3311.6966485977173,3297.7692782878876,3335.365578532219,3348.152171820402
3500.0,3449.7318416833878,3305.6630194187164,3285.0375026464462,3325.5551755428314,3341.4968848228455
3999.9999999999995,3470.073491334915,3314.8330450057983,3292.0441031455994,3332.2155475616455,3352.2915467619896
3999.9999999999995,3428.519144654274,3313.6850595474243,3280.765861272812,3342.8648114204407,3341.4587192237377
3000.0,3456.15416765213,3328.005373477936,3272.1439003944397,3355.84357380867,3353.036753833294
3000.0,3461.260199546814,3328.3663541078568,3280.7929068803787,3362.669348716736,3358.2722023129463
4400.0,3409.6696972846985,3324.5761692523956,3284.4355702400208,3354.515880346298,3343.2993292808533
3400.0,3401.050418615341,3335.908055305481,3294.2598313093185,3364.4387125968933,3348.9142544567585
2500.0,3344.687819480896,3336.31731569767,3282.3749631643295,3367.4459159374237,3332.70650357008
3000.0,3359.776586294174,3316.6705816984177,3284.5520228147507,3353.423774242401,3328.605741262436
1999.9999999999998,3399.750217795372,3307.918980717659,3286.514952778816,3344.2966639995575,3334.620203822851
3000.0,3446.865454316139,3305.489346385002,3275.127187371254,3325.4773914813995,3338.2398448884487
2400.0,3425.33603310585,3304.0152490139008,3270.857557654381,3319.5658028125763,3329.943660646677
2500.0,3430.5929392576218,3296.503722667694,3270.300105214119,3311.639651656151,3327.2591046988964
3000.0,3448.134809732437,3293.0150628089905,3247.4682480096817,3301.312029361725,3322.4825374782085
3200.0,3433.706760406494,3293.0320501327515,3235.655799508095,3302.8221130371094,3316.3041807711124
1999.9999999999998,3481.0857474803925,3296.1469888687134,3267.1288400888443,3316.0188049077988,3340.095095336437
3000.0,3444.1783279180527,3265.6149566173553,3279.363512992859,3308.75426530838,3324.4777657091618
3000.0,3385.9652280807495,3247.315138578415,3285.36719083786,3311.4011585712433,3307.512179017067
3000.0,3455.4626047611237,3255.5580139160156,3305.7951182127,3323.7221091985703,3335.1344615221024
3500.0,3410.477042198181,3258.280009031296,3303.4850656986237,3325.7080614566803,3324.487544596195
2400.0,3409.4683080911636,3270.0618356466293,3318.7738806009293,3339.0699326992035,3334.3434892594814
3999.9999999999995,3369.924947619438,3264.916017651558,3294.452503323555,3338.0886912345886,3316.845539957285
4500.0,3384.416699409485,3275.9474962949753,3290.4555648565292,3340.561017394066,3322.845194488764
3500.0,3409.1202914714813,3293.9904928207397,3272.850215435028,3355.317860841751,3332.81971514225
3000.0,3430.619090795517,3307.1085065603256,3275.3339409828186,3368.741422891617,3345.4507403075695
3000.0,3401.581272482872,3301.4005422592163,3287.9141718149185,3365.112394094467,3339.0020951628685
3500.0,3401.336520910263,3299.4143664836884,3288.7865602970123,3356.12453520298,3336.415495723486
2800.0,3414.424806833267,3305.9026300907135,3276.4363288879395,3355.50919175148,3338.06823939085
3000.0,3451.8523514270782,3306.310996413231,3273.3915746212006,3349.504843354225,3345.2649414539337
3500.0,3439.777046442032,3315.5346661806107,3272.443413734436,3346.7332273721695,3343.622088432312
3999.9999999999995,3468.5294330120087,3323.2860267162323,3297.5848764181137,3345.5877006053925,3358.747009187937
3000.0,3432.2136640548706,3335.30992269516,3292.5718277692795,3353.433832526207,3353.3823117613792
3500.0,3427.1711111068726,3325.2764493227005,3278.024196624756,3351.319804787636,3345.447890460491
3000.0,3450.627252459526,3336.3358676433563,3299.2932200431824,3363.693058490753,3362.4873496592045
3000.0,3360.471725463867,3330.860361456871,3291.180655360222,3361.13378405571,3335.9116315841675
3000.0,3360.934630036354,3329.0842920541763,3289.3576472997665,3355.388045310974,3333.6911536753178
2600.0,3373.9017695188522,3325.304388999939,3277.624100446701,3346.446231007576,3330.819122493267
3000.0,3382.8867226839066,3327.796384692192,3272.7938890457153,3339.2880856990814,3330.691270530224
3500.0,3383.89590382576,3333.323523402214,3260.63834130764,3333.759605884552,3327.9043436050415
3000.0,3386.368900537491,3337.010443210602,3267.5794512033463,3339.1322940587997,3332.5227722525597
2500.0,3387.76633143425,3329.963833093643,3267.2233879566193,3337.9726856946945,3330.7315595448017
3000.0,3439.706414937973,3327.1564543247223,3264.7546380758286,3333.3076536655426,3341.2312902510166
3999.9999999999995,3422.9329973459244,3316.8498426675797,3271.946981549263,3327.5972306728363,3334.831763058901
3000.0,3429.947644472122,3324.976935982704,3282.6291024684906,3339.1933143138885,3344.1867493093014
3600.0,3429.522067308426,3325.9499073028564,3269.9936628341675,3341.3082361221313,3341.6934683918953
3000.0,3409.4124287366867,3329.4568955898285,3264.9104297161102,3347.262516617775,3337.7605676651
3000.0,3427.801877260208,3323.3899623155594,3274.7382670640945,3344.0347015857697,3342.491202056408
3000.0,3399.858847260475,3317.692056298256,3270.7592099905014,3337.629586458206,3331.4849250018597
2500.0,3404.0113538503647,3314.084932208061,3263.4826004505157,3331.8503201007843,3328.3573016524315
5000.0,3456.493020057678,3311.3810420036316,3277.040496468544,3331.296443939209,3344.0527506172657
3500.0,3392.7952498197556,3328.0880749225616,3260.8573883771896,3343.791291117668,3331.3830010592937
3000.0,3386.632204055786,3334.313929080963,3230.382353067398,3350.5330234766006,3325.465377420187
5000.0,3404.51180934906,3332.1992307901382,3222.4443554878235,3349.921703338623,3327.269274741411
3000.0,3428.2350540161133,3347.480893135071,3250.0167936086655,3361.7842197418213,3346.8792401254177
3000.0,3402.2676944732666,3334.6062898635864,3239.7884130477905,3355.323001742363,3332.9963497817516
3500.0,3413.6679768562317,3327.406346797943,3231.8010181188583,3348.057121038437,3330.2331157028675
2400.0,3430.8944642543793,3326.7375826835632,3252.311199903488,3350.66556930542,3340.1522040367126
3500.0,3428.497686982155,3316.577598452568,3268.933519721031,3344.1808819770813,3339.547421783209
3500.0,3393.8198536634445,3322.102501988411,3289.158269762993,3350.2645790576935,3338.8363011181355
3400.0,3383.2622319459915,3322.5922286510468,3297.305256128311,3355.744555592537,3339.7260680794716
3000.0,3398.4406292438507,3318.9719170331955,3310.646563768387,3357.667475938797,3346.4316464960575
2500.0,3351.125121116638,3310.5289936065674,3295.035660266876,3352.9914915561676,3327.4203166365623
3000.0,3371.5396374464035,3307.809457182884,3281.097561120987,3341.730460524559,3325.5442790687084
3500.0,3423.1171756982803,3321.814611554146,3300.919756293297,3340.8739417791367,3346.681371331215
3000.0,3390.5187249183655,3329.0547877550125,3287.256583571434,3341.941684484482,3337.1929451823235
1999.9999999999998,3406.0299396514893,3340.76464176178,3274.330124258995,3340.791016817093,3340.4789306223392
2400.0,3413.899540901184,3322.232812643051,3253.0485838651657,3320.249319076538,3327.3575641214848
3500.0,3450.2309560775757,3312.345966696739,3263.641968369484,3310.946747660637,3334.291409701109
2400.0,3445.7458555698395,3319.919854402542,3278.4562557935715,3318.663462996483,3340.696357190609
3999.9999999999995,3436.2908452749252,3305.03448843956,3270.1988518238068,3311.0254257917404,3330.637402832508
3400.0,3461.8813544511795,3319.5698261260986,3275.524601340294,3322.8841423988342,3344.9649810791016
3000.0,3452.867567539215,3326.2042701244354,3273.248076438904,3332.994505763054,3346.328604966402
3000.0,3446.880429983139,3321.324437856674,3274.6734470129013,3329.060599207878,3342.984728515148
2700.0,3458.377495408058,3309.01175737381,3272.0323652029037,3330.8646082878113,3342.5715565681458
3000.0,3453.7576138973236,3295.9487289190292,3266.310542821884,3327.3565024137497,3335.8433470129967
3400.0,3420.894742012024,3295.780196785927,3256.499469280243,3326.405882835388,3324.8950727283955
2500.0,3445.9689259529114,3301.577568054199,3283.573016524315,3333.9545130729675,3341.2685059010983
3000.0,3450.804501771927,3291.8357849121094,3302.67570912838,3330.048769712448,3343.841191381216
3000.0,3388.3939683437347,3289.5489782094955,3300.0585436820984,3327.5270462036133,3326.3821341097355
3000.0,3413.3318066596985,3283.509537577629,3319.2986994981766,3330.2363008260727,3336.594086140394
2500.0,3417.385518550873,3285.0533723831177,3315.2713626623154,3333.4124833345413,3337.780684232712
3000.0,3448.4638273715973,3277.0780473947525,3306.068480014801,3319.6838200092316,3337.8235436975956
3000.0,3470.1063483953476,3286.329433321953,3290.787488222122,3318.021520972252,3341.3111977279186
3000.0,3499.4883835315704,3298.24335873127,3294.0175384283066,3319.943994283676,3352.9233187437057
3000.0,3483.8902205228806,3300.24316906929,3295.6458628177643,3326.1997997760773,3351.494763046503
3500.0,3436.9419515132904,3298.4990626573563,3289.503827691078,3325.5265653133392,3337.617851793766
3400.0,3458.699807524681,3303.2499253749847,3301.32856965065,3331.5005153417587,3348.6947044730186
3000.0,3458.29077064991,3316.503167152405,3302.4626970291138,3340.248540043831,3354.376293718815
3000.0,3440.2046352624893,3315.0670677423477,3310.3761076927185,3342.185318470001,3351.958282291889
3999.9999999999995,3438.463881611824,3303.629010915756,3303.804472088814,3336.4567905664444,3345.5885387957096
1999.9999999999998,3444.906994700432,3322.9129761457443,3297.954350709915,3348.1132239103317,3353.4718863666058
3000.0,3461.231142282486,3317.078948020935,3293.1721955537796,3337.4420553445816,3352.2310853004456
2500.0,3427.910953760147,3311.721682548523,3304.4488728046417,3333.912491798401,3344.498500227928
3999.9999999999995,3438.1909668445587,3305.7045936584473,3317.37220287323,3326.311558485031,3346.8948304653168
2400.0,3409.3409031629562,3313.506692647934,3298.2592284679413,3331.5861225128174,3338.173236697912
3600.0,3459.2201560735703,3313.576653599739,3289.949744939804,3328.906148672104,3347.9131758213043
3999.9999999999995,3445.9856897592545,3321.710228919983,3295.123726129532,3332.2083950042725,3348.7570099532604
3000.0,3416.4154529571533,3322.446048259735,3279.3078571558,3343.4343338012695,3340.4009230434895
3500.0,3455.4878622293472,3331.812769174576,3286.084458231926,3347.0526337623596,3355.109430849552
3999.9999999999995,3405.022993683815,3331.5950632095337,3277.6399701833725,3348.5490828752518,3340.7017774879932
3800.0,3401.2656658887863,3339.358940720558,3278.1965285539627,3358.548581600189,3344.342429190874
2600.0,3424.994722008705,3345.20660340786,3297.0086485147476,3370.877578854561,3359.5218881964684
3000.0,3357.248604297638,3333.338722586632,3274.219259619713,3360.857293009758,3331.415969878435
2500.0,3361.364006996155,3323.575258255005,3255.046159029007,3350.430876016617,3322.604075074196
3000.0,3380.1839500665665,3323.5182613134384,3237.297534942627,3333.812803030014,3318.7031373381615
1999.9999999999998,3394.2286670207977,3316.846936941147,3245.158866047859,3326.924443244934,3320.7897283136845
3000.0,3423.697203397751,3305.2345365285873,3251.7535239458084,3315.6904578208923,3324.0939304232597
3500.0,3420.550972223282,3301.0131865739822,3272.9968428611755,3310.9543472528458,3326.3788372278214
3999.9999999999995,3408.215492963791,3303.4533262252808,3270.6157118082047,3319.1008865833282,3325.346354395151
3000.0,3415.636047720909,3320.1465010643005,3273.526132106781,3334.8633348941803,3336.0430039465427
3000.0,3413.5298430919647,3315.7333731651306,3270.225003361702,3337.3627066612244,3334.2127315700054
3600.0,3439.476862549782,3310.4845136404037,3288.6627316474915,3342.5239473581314,3345.287013798952
3999.9999999999995,3384.2606842517853,3311.2413436174393,3278.2092690467834,3342.5185829401016,3329.0574699640274
3999.9999999999995,3394.9419111013412,3318.7470585107803,3278.694301843643,3348.9717543125153,3335.33875644207
1999.9999999999998,3379.766419529915,3324.2399990558624,3275.6884396076202,3356.3409000635147,3334.008939564228
2500.0,3407.0460498332977,3307.523801922798,3264.6310329437256,3339.761048555374,3329.740483313799
2500.0,3406.890034675598,3296.9918847084045,3253.5816729068756,3326.118439435959,3320.8955079317093
2500.0,3437.718451023102,3287.4970883131027,3263.4861767292023,3314.3064379692078,3325.7520385086536
4500.0,3429.9590438604355,3279.142677783966,3266.9708132743835,3308.7075501680374,3321.1950212717056
3999.9999999999995,3421.415537595749,3300.216794013977,3275.878429412842,3326.8844336271286,3331.098798662424
3000.0,3433.7514638900757,3320.351243019104,3269.5412635803223,3346.5906232595444,3342.5586484372616
3000.0,3361.8521690368652,3316.0780370235443,3268.7830924987793,3349.476456642151,3324.047438800335
3600.0,3293.2989299297333,3301.6564697027206,3258.625343441963,3342.7534997463226,3299.083560705185
3000.0,3324.497938156128,3309.064954519272,3269.2837715148926,3346.5300500392914,3312.344178557396
1999.9999999999998,3340.252786874771,3313.1680637598038,3282.431960105896,3347.5732058286667,3320.8565041422844
3000.0,3320.8447694778442,3300.7241785526276,3279.8299938440323,3332.86352455616,3308.565616607666
3999.9999999999995,3316.6341483592987,3291.5595173835754,3282.914087176323,3328.6088705062866,3304.929155856371
3000.0,3392.326757311821,3315.9517496824265,3291.3145422935486,3337.5366032123566,3334.282413125038
3000.0,3368.52103471756,3318.599760532379,3272.8202641010284,3340.0844782590866,3325.0063844025135
3000.0,3369.259759783745,3322.2196251153946,3272.2605764865875,3340.376615524292,3326.0291442275047
3000.0,3360.6382459402084,3318.16166639328,3246.5609908103943,3335.61010658741,3315.242752432823
3000.0,3367.379978299141,3320.695012807846,3227.3825258016586,3330.0409466028214,3311.3746158778667
3500.0,3430.9836477041245,3322.330266237259,3235.5954498052597,3328.063264489174,3329.2431570589542
3500.0,3428.277298808098,3324.451223015785,3242.4498349428177,3328.3723890781403,3330.8876864612103
3000.0,3463.9661014080048,3330.819010734558,3256.109207868576,3339.4331485033035,3347.5818671286106
2400.0,3410.5391800403595,3314.1913264989853,3241.908475756645,3333.7654173374176,3325.101099908352
3500.0,3443.6117112636566,3307.4699342250824,3241.8599724769592,3324.1868019104004,3329.2821049690247
2600.0,3443.598300218582,3312.869220972061,3253.8172602653503,3333.9612185955048,3336.0615000128746
3000.0,3416.8732166290283,3299.003094434738,3258.5113495588303,3327.375054359436,3325.440678745508
2600.0,3418.547362089157,3296.0982620716095,3250.597268342972,3321.7377215623856,3321.745153516531
3000.0,3457.3012590408325,3295.4777777194977,3250.3974437713623,3316.543847322464,3329.930081963539
3500.0,3443.9121186733246,3295.324221253395,3245.512694120407,3315.918892621994,3325.16698166728
3000.0,3454.955890774727,3300.8918166160583,3263.8484984636307,3326.4532685279846,3336.5373685956
3000.0,3437.867760658264,3296.438679099083,3280.3981751203537,3327.626734972,3335.5828374624252
3000.0,3383.3735436201096,3281.099796295166,3274.286985397339,3327.860087156296,3316.6551031172276
3500.0,3407.7615290880203,3282.4887335300446,3274.3792980909348,3330.4139971733093,3323.7608894705772
2400.0,3380.526155233383,3294.9113845825195,3277.2421091794968,3337.043970823288,3322.430904954672
3000.0,3381.863906979561,3292.1547442674637,3267.006576061249,3330.1180601119995,3317.785821855068
2200.0,3390.667587518692,3297.228142619133,3260.161578655243,3326.8269896507263,3318.7210746109486
3999.9999999999995,3423.1194108724594,3293.6570048332214,3259.2789083719254,3317.011669278145,3323.2667483389378
2500.0,3405.296802520752,3304.7622442245483,3278.800919651985,3322.7142691612244,3327.8935588896275
2400.0,3415.5381470918655,3297.1758395433426,3283.4498584270477,3317.55593419075,3328.4299448132515
3000.0,3435.6459975242615,3282.492980360985,3291.238099336624,3313.3873343467712,3330.6911028921604
3000.0,3449.4008123874664,3277.1024107933044,3297.5661009550095,3311.0488951206207,3333.7795548141003
3999.9999999999995,3468.370959162712,3275.791257619858,3295.174464583397,3312.6895129680634,3338.0065485835075
3400.0,3463.8192504644394,3295.994773507118,3285.873234272003,3327.893614768982,3343.3952182531357
3000.0,3469.5567190647125,3307.4256777763367,3295.617699623108,3340.4575288295746,3353.264406323433
3400.0,3408.873975276947,3300.5178719758987,3295.4075932502747,3340.1191234588623,3336.2296409904957
1999.9999999999998,3422.591909766197,3298.1959730386734,3307.175561785698,3344.6770906448364,3343.1601338088512
3500.0,3429.5839816331863,3284.263238310814,3311.375677585602,3329.4539898633957,3338.6692218482494
2500.0,3425.767421722412,3289.833962917328,3322.995901107788,3328.913301229477,3341.8776467442513
3000.0,3418.525457382202,3293.2817190885544,3300.3882318735123,3325.115069746971,3334.32761952281
1999.9999999999998,3467.283770442009,3302.9280602931976,3313.065245747566,3329.443484544754,3353.1801402568817
3000.0,3491.140678524971,3290.211483836174,3308.78309905529,3311.605453491211,3350.4351787269115
4500.0,3485.3531420230865,3292.5311475992203,3301.8703758716583,3309.1362565755844,3347.2227305173874
3999.9999999999995,3456.813767552376,3314.870595932007,3280.6625962257385,3326.457738876343,3344.701174646616
3000.0,3484.0191900730133,3333.364427089691,3272.292986512184,3341.6636288166046,3357.8350581228733
3000.0,3446.989059448242,3321.9069242477417,3264.9915665388107,3342.0512080192566,3343.984689563513
3800.0,3421.33104801178,3313.9528334140778,3259.0211927890778,3339.6508544683456,3333.4889821708202
2500.0,3467.1610593795776,3325.415924191475,3286.144807934761,3352.7711033821106,3357.873223721981
3000.0,3393.896073102951,3312.4063163995743,3261.6032660007477,3337.4659717082977,3326.3429068028927
3999.9999999999995,3406.3860028982162,3307.756260037422,3263.2724940776825,3334.994316101074,3328.102268278599
3000.0,3360.751122236252,3317.028656601906,3256.0477405786514,3337.9239588975906,3317.9378695786
3500.0,3380.9591084718704,3318.5192942619324,3244.6512579917908,3335.527628660202,3319.914322346449
3999.9999999999995,3415.9089624881744,3322.1442997455597,3261.5934312343597,3343.549221754074,3335.798978805542
3500.0,3323.3745396137238,3318.5993134975433,3258.1213116645813,3350.4223823547363,3312.629386782646
3000.0,3349.531888961792,3323.2464641332626,3265.8380270004272,3358.3107590675354,3324.2317847907543
3000.0,3342.3252403736115,3318.479508161545,3271.7370986938477,3352.5194227695465,3321.2653174996376
2500.0,3348.553329706192,3321.211114525795,3276.480585336685,3344.8369055986404,3322.770483791828
3999.9999999999995,3346.4395254850388,3307.6098561286926,3267.904669046402,3329.804912209511,3312.939740717411
3500.0,3359.15207862854,3319.864422082901,3282.3751866817474,3337.627351284027,3324.754759669304
3000.0,3364.5370602607727,3327.968716621399,3276.248350739479,3345.0517058372498,3328.451458364725
3000.0,3349.224776029587,3324.219658970833,3261.639028787613,3346.949815750122,3320.5083198845387
3000.0,3398.4263241291046,3327.919766306877,3276.8934220075607,3351.4295518398285,3338.6672660708427
3000.0,3343.943729996681,3326.689302921295,3282.86737203598,3345.5224335193634,3324.75570961833
1999.9999999999998,3365.2959018945694,3326.318711042404,3293.1842654943466,3339.4570648670197,3331.063985824585
3000.0,3387.312591075897,3314.4452422857285,3287.8459990024567,3323.168456554413,3328.193072229624
3500.0,3392.9673582315445,3306.4817637205124,3294.907584786415,3317.6524937152863,3328.0023001134396
5000.0,3439.9735182523727,3321.5461671352386,3295.1002568006516,3319.9676871299744,3344.1469073295593
3000.0,3420.7025170326233,3342.709243297577,3297.5010573863983,3339.4601941108704,3350.093252956867
2500.0,3398.3293175697327,3338.2634818553925,3288.4347438812256,3344.0686762332916,3342.2740548849106
3000.0,3376.7880499362946,3324.5323598384857,3269.6351408958435,3332.458510994911,3325.8535154163837
3999.9999999999995,3433.185964822769,3321.559801697731,3281.5785706043243,3334.0904116630554,3342.60368719697
3600.0,3436.1641108989716,3332.912251353264,3300.3846555948257,3343.079388141632,3353.1351014971733
3000.0,3430.3446114063263,3338.6872708797455,3302.7832210063934,3344.992697238922,3354.201950132847
3000.0,3417.968899011612,3332.4502408504486,3296.159952878952,3346.9578623771667,3348.384238779545
2400.0,3416.2212163209915,3328.8435637950897,3293.1840419769287,3340.1354402303696,3344.596065580845
5000.0,3440.987393260002,3318.7633752822876,3281.387910246849,3326.556086540222,3341.9236913323402
3600.0,3439.476191997528,3339.8884534835815,3282.482475042343,3340.267539024353,3350.5286648869514
2500.0,3437.384068965912,3351.755440235138,3269.1798359155655,3348.0124175548553,3351.5829406678677
3000.0,3407.905474305153,3337.000161409378,3245.176076889038,3336.7010951042175,3331.6957019269466
3999.9999999999995,3440.0615841150284,3329.4524252414703,3258.7111741304398,3335.253596305847,3340.8696949481964
2500.0,3423.6806631088257,3337.448090314865,3269.9042558670044,3342.9984748363495,3343.507871031761
3600.0,3409.770503640175,3327.593430876732,3263.4448260068893,3337.3624831438065,3334.5428109169006
3600.0,3386.9878202676773,3326.2277394533157,3261.251673102379,3338.688611984253,3328.288961201906
2200.0,3420.5156564712524,3327.8562873601913,3273.021876811981,3341.478779911995,3340.718150138855
3400.0,3419.2798286676407,3317.5447583198547,3275.0775665044785,3332.788869738579,3336.172755807638
3400.0,3383.611813187599,3316.965401172638,3287.934958934784,3333.7117731571198,3330.555986613035
3500.0,3405.144140124321,3316.5957033634186,3304.3473958969116,3337.838351726532,3340.981397777796
2500.0,3414.108529686928,3317.6980912685394,3305.0373941659927,3345.731645822525,3345.6439152359962
3600.0,3398.691415786743,3305.332437157631,3305.1373064517975,3338.7981355190277,3336.9898237288
3000.0,3354.2921394109726,3307.0047944784164,3295.7138121128082,3334.447592496872,3322.8645846247673
3000.0,3391.5721625089645,3312.859609723091,3307.257369160652,3330.4238319396973,3335.5282433331013
3000.0,3392.31938123703,3314.49955701828,3287.9340648651123,3326.945900917053,3330.424726009369
4500.0,3440.1659667491913,3324.6590942144394,3285.650834441185,3329.1421830654144,3344.9045196175575
5000.0,3419.199585914612,3339.9049937725067,3273.899406194687,3340.5547589063644,3343.3896861970425
2500.0,3435.5002641677856,3356.5545827150345,3264.9122178554535,3359.9111437797546,3354.219552129507
1999.9999999999998,3421.0561215877533,3347.6608246564865,3244.420140981674,3351.343721151352,3341.1202020943165
3000.0,3436.6708248853683,3331.5910398960114,3231.1834394931793,3331.4426243305206,3332.72198215127
3500.0,3386.9585394859314,3319.9985325336456,3247.702494263649,3320.7298815250397,3318.8473619520664
3000.0,3326.012045145035,3319.413810968399,3254.6791434288025,3323.7066864967346,3305.9529215097427
2600.0,3338.201120495796,3321.5054869651794,3267.3807442188263,3330.593928694725,3314.4203200936317
2400.0,3322.6022869348526,3312.721475958824,3279.1558653116226,3324.4071900844574,3309.721704572439
3000.0,3299.5757460594177,3303.077146410942,3278.7756621837616,3319.338709115982,3300.191815942526
3000.0,3290.226012468338,3301.066607236862,3278.4882187843323,3315.112665295601,3296.2233759462833
3400.0,3365.0529384613037,3302.3111522197723,3294.296935200691,3321.6851949691772,3320.836555212736
3000.0,3351.859599351883,3309.9860697984695,3300.294131040573,3326.944559812546,3322.271090000868
2500.0,3343.6842262744904,3308.058902621269,3306.3027262687683,3326.513394713402,3321.1398124694824
3500.0,3396.1527049541473,3301.9910752773285,3304.816111922264,3322.4666118621826,3331.3566260039806
3999.9999999999995,3418.3309972286224,3304.416462779045,3312.2145384550095,3326.265960931778,3340.3069898486137
3000.0,3429.9317747354507,3311.692401766777,3319.5937424898148,3335.244208574295,3349.1155318915844
3000.0,3423.929885029793,3306.0508221387863,3310.9433948993683,3334.0975642204285,3343.755416572094
3999.9999999999995,3446.867913007736,3301.4796674251556,3300.575539469719,3331.5376192331314,3345.1151847839355
3999.9999999999995,3488.493114709854,3320.5117285251617,3304.4808357954025,3341.9573307037354,3363.8607524335384
3500.0,3458.428233861923,3330.993354320526,3302.820324897766,3351.9436419010162,3361.046388745308
3500.0,3431.8408370018005,3330.526649951935,3302.670791745186,3358.3172410726547,3355.838879942894
3000.0,3446.1354464292526,3333.2180231809616,3305.447995662689,3354.223519563675,3359.7562462091446
3999.9999999999995,3408.505618572235,3320.566713809967,3295.6617325544357,3348.7913757562637,3343.3813601732254
2400.0,3389.2303705215454,3329.523280262947,3290.492221713066,3351.779133081436,3340.2562513947487
2500.0,3402.1561592817307,3327.0826935768127,3284.24870967865,3343.6795324087143,3339.291773736477
3999.9999999999995,3368.9412474632263,3320.4976469278336,3280.8514684438705,3333.176225423813,3325.866647064686
3600.0,3358.716666698456,3325.895145535469,3282.69325196743,3339.274898171425,3326.644990593195
1999.9999999999998,3414.7681295871735,3341.538906097412,3284.546881914139,3343.617171049118,3346.1177721619606
3600.0,3393.0719643831253,3335.7983082532883,3270.507752895355,3325.190395116806,3331.1421051621437
2500.0,3393.1658416986465,3339.923769235611,3271.328955888748,3321.707546710968,3331.5315283834934
3500.0,3386.3671123981476,3326.3976126909256,3254.072070121765,3310.1385086774826,3319.2438259720802
3000.0,3408.426269888878,3327.0279318094254,3263.627663254738,3316.9810473918915,3329.015728086233
4400.0,3424.4370460510254,3327.1803706884384,3265.6265795230865,3320.334255695343,3334.3945629894733
3000.0,3420.639708638191,3336.765244603157,3288.234695792198,3336.6668969392776,3345.576636493206
3000.0,3369.6721494197845,3322.9822665452957,3262.2114568948746,3332.546353340149,3321.853056550026
2700.0,3407.7876806259155,3305.5704832077026,3260.0589841604233,3331.9513499736786,3326.34212449193
3000.0,3440.2555972337723,3300.7051795721054,3256.106972694397,3326.484337449074,3330.888021737337
3500.0,3427.5195747613907,3300.6783574819565,3243.345692753792,3318.9958333969116,3322.6348645985126
3999.9999999999995,3462.431877851486,3312.966674566269,3259.74203646183,3329.0545642375946,3341.048788279295
3999.9999999999995,3388.2129192352295,3312.5393092632294,3257.9585909843445,3339.107930660248,3324.454687535763
5000.0,3406.882882118225,3313.3482187986374,3267.1938836574554,3348.97018969059,3334.098793566227
3000.0,3402.9167890548706,3319.869786500931,3276.936337351799,3361.9138598442078,3340.409193187952
3000.0,3346.5009927749634,3309.2111349105835,3267.9958641529083,3357.456475496292,3320.291116833687
3400.0,3344.0762758255005,3296.8488335609436,3258.6999982595444,3352.3406088352203,3312.991429120302
3000.0,3385.3060752153397,3305.6554198265076,3271.8318700790405,3354.8761904239655,3329.4173888862133
3000.0,3363.320901989937,3307.4236661195755,3286.661356687546,3348.592221736908,3326.4995366334915
1999.9999999999998,3341.9421315193176,3310.14946103096,3274.701163172722,3340.0990068912506,3316.7229406535625
3500.0,3374.023362994194,3304.6529442071915,3266.7048275470734,3325.001746416092,3317.5957202911377
3500.0,3367.733135819435,3308.115229010582,3283.4840565919876,3325.149714946747,3321.120534092188
3000.0,3369.7418868541718,3321.816623210907,3292.0335978269577,3334.5504105091095,3329.5356296002865
3000.0,3329.8616856336594,3315.8721774816513,3292.8498834371567,3331.1788737773895,3317.440655082464
2500.0,3350.6745100021362,3317.64779984951,3306.558206677437,3334.4699442386627,3327.3376151919365
2500.0,3325.153738260269,3308.366909623146,3285.239338874817,3321.1085200309753,3309.967126697302
3500.0,3376.758098602295,3306.187391281128,3290.374204516411,3314.696252346039,3322.003986686468
1999.9999999999998,3389.2784267663956,3311.8005841970444,3276.7682522535324,3316.3323998451233,3323.544915765524
3000.0,3440.9400075674057,3307.44668841362,3269.6811854839325,3310.045078396797,3332.028239965439
2500.0,3445.996642112732,3304.3380081653595,3287.176787853241,3307.4551820755005,3336.241655051708
3000.0,3448.900580406189,3291.6808873414993,3290.3169840574265,3301.5241473913193,3333.1056497991085
3000.0,3476.1683642864227,3289.22800719738,3296.250030398369,3303.5574853420258,3341.3009718060493
3000.0,3505.2283108234406,3290.933221578598,3294.9185371398926,3306.310325860977,3349.347598850727
3000.0,3501.0509938001633,3289.66923058033,3292.3029363155365,3308.591991662979,3347.903788089752
3000.0,3494.2641109228134,3291.771188378334,3292.1017706394196,3315.28477370739,3348.355460911989
3600.0,3483.2625836133957,3287.3184978961945,3296.2194085121155,3316.967636346817,3345.9420315921307
3000.0,3481.1078757047653,3294.8756217956543,3298.9224046468735,3322.9583501815796,3349.466063082218
3400.0,3461.4678472280502,3292.6782220602036,3281.5879583358765,3322.3872631788254,3339.530322700739
3000.0,3510.945215821266,3297.7040112018585,3290.519267320633,3332.3874324560165,3357.8889816999435
2400.0,3456.3374519348145,3294.457197189331,3291.955143213272,3333.123028278351,3343.968205153942
1999.9999999999998,3443.274423480034,3287.927806377411,3286.111280322075,3324.31398332119,3335.4068733751774
3999.9999999999995,3469.9561446905136,3285.091817378998,3272.5949585437775,3311.4521205425262,3334.773760288954
3000.0,3471.372127532959,3297.7505028247833,3285.8072966337204,3312.326967716217,3341.81422367692
3000.0,3456.405848264694,3285.103663802147,3272.5661247968674,3317.493349313736,3332.892246544361
2400.0,3484.80261862278,3292.301818728447,3278.6469161510468,3324.6897161006927,3345.1102674007416
2700.0,3446.5784579515457,3281.322196125984,3277.694955468178,3319.4904774427414,3331.2715217471123
3000.0,3453.0678391456604,3280.775472521782,3284.2259109020233,3310.050442814827,3332.029916346073
3000.0,3459.302634000778,3291.374444961548,3278.465196490288,3309.851288795471,3334.7483910620213
2500.0,3468.8450396060944,3296.811953186989,3273.4036445617676,3308.2692325115204,3336.832467466593
2200.0,3487.7072274684906,3291.7899638414383,3271.3937759399414,3303.7423342466354,3338.6583253741264
3400.0,3514.4108533859253,3281.790465116501,3277.2494852542877,3297.656625509262,3342.776857316494
3999.9999999999995,3479.526713490486,3285.4000478982925,3291.6536182165146,3304.3771237134933,3340.2393758296967
3500.0,3473.7514704465866,3293.463885784149,3294.95407640934,3312.135860323906,3343.5763232409954
3500.0,3479.498326778412,3295.8195358514786,3293.4538275003433,3326.1217921972275,3348.7233705818653
3400.0,3440.857082605362,3298.904299736023,3316.8236911296844,3338.2943272590637,3348.7198501825333
3000.0,3345.8004891872406,3295.252248644829,3306.2052726745605,3343.7682688236237,3322.7565698325634
3000.0,3344.9484407901764,3289.0529930591583,3312.6097172498703,3342.0170098543167,3322.1570402383804
3000.0,3374.842330813408,3289.4157618284225,3321.269452571869,3336.5772664546967,3330.526202917099
3600.0,3394.5299685001373,3293.5481518507004,3323.58218729496,3330.119848251343,3335.445038974285
3000.0,3412.587270140648,3306.6827058792114,3320.956975221634,3329.946845769882,3342.543449252844
1999.9999999999998,3425.123244524002,3310.401141643524,3299.75925385952,3324.4438469409943,3339.93187174201
3500.0,3457.203581929207,3310.406506061554,3291.9104397296906,3312.7619326114655,3343.070615082979
1999.9999999999998,3446.304202079773,3315.5369013547897,3307.7669888734818,3314.8719370365143,3346.1200073361397
3000.0,3438.473269343376,3307.7944815158844,3300.2156764268875,3306.669294834137,3338.2881805300713
3000.0,3435.472995042801,3305.2588999271393,3312.7550035715103,3303.1216263771057,3339.152131229639
3000.0,3460.66877245903,3304.7986775636673,3305.9511333703995,3303.6983013153076,3343.779221177101
3000.0,3461.5248441696167,3302.144855260849,3296.8007773160934,3305.7403564453125,3341.552708297968
5000.0,3441.32199883461,3300.4912734031677,3285.6208831071854,3310.9842985868454,3334.604613482952
3000.0,3458.7742388248444,3327.949270606041,3296.613246202469,3332.224041223526,3353.89019921422
3000.0,3404.497727751732,3329.1542530059814,3291.415795683861,3334.130421280861,3339.7995494306087
3600.0,3399.1172164678574,3323.9728957414627,3279.605135321617,3331.1057835817337,3333.4502577781677
3600.0,3406.752124428749,3330.201879143715,3281.0159772634506,3332.6205611228943,3337.647635489702
1999.9999999999998,3382.035121321678,3327.3665606975555,3270.553797483444,3334.772139787674,3328.681904822588
2200.0,3409.0760350227356,3308.0099523067474,3272.591605782509,3321.928381919861,3327.901493757963
3500.0,3458.341509103775,3290.1569455862045,3287.043571472168,3308.7994158267975,3336.0853604972363
3999.9999999999995,3429.5721352100372,3294.5258170366287,3288.4836941957474,3302.9280602931976,3328.8774266839027
2600.0,3452.5635838508606,3302.5067299604416,3289.7454500198364,3317.737430334091,3340.6382985413074
3999.9999999999995,3456.8381309509277,3293.023556470871,3295.2357083559036,3318.0615305900574,3340.78973159194
3600.0,3413.444012403488,3296.5582609176636,3275.831490755081,3330.3210139274597,3329.038694500923
3000.0,3441.016674041748,3311.2288266420364,3274.126946926117,3340.5523002147675,3341.731186956167
2500.0,3419.181704521179,3314.8057758808136,3268.2401686906815,3337.3533189296722,3334.8952420055866
3500.0,3394.879549741745,3303.6940544843674,3260.1311802864075,3322.1961557865143,3320.2252350747585
3500.0,3431.4411878585815,3309.260308742523,3265.4278725385666,3325.5191892385483,3332.912139594555
3000.0,3408.9551120996475,3312.2462779283524,3260.781392455101,3328.6381512880325,3327.6552334427834
3000.0,3415.359780192375,3314.2221719026566,3255.431279540062,3328.513205051422,3328.381609171629
3000.0,3386.0555291175842,3309.178948402405,3250.97031891346,3323.1572806835175,3317.3405192792416
3000.0,3395.020365715027,3303.1564950942993,3249.1450756788254,3324.066549539566,3317.8471215069294
3999.9999999999995,3436.6346150636673,3310.7878267765045,3256.4889639616013,3330.192267894745,3333.5259184241295
2500.0,3417.4731373786926,3323.304131627083,3271.8200236558914,3337.3790234327316,3337.4940790235996
3000.0,3411.40553355217,3309.863358736038,3267.390802502632,3325.1143991947174,3328.4435234963894
2600.0,3418.5191988945007,3307.599574327469,3254.779502749443,3321.5414732694626,3325.609937310219
2500.0,3429.795205593109,3307.410031557083,3243.8812404870987,3319.0347254276276,3325.0303007662296
3000.0,3429.488092660904,3301.7367124557495,3236.8578761816025,3306.55574798584,3318.659607321024
3000.0,3455.904498696327,3292.027786374092,3240.34184217453,3307.3532581329346,3323.906846344471
2500.0,3448.433429002762,3297.092020511627,3234.9807769060135,3310.887962579727,3322.8485472500324
3000.0,3436.395227909088,3286.174312233925,3228.694126009941,3303.9312064647675,3313.7987181544304
3400.0,3457.586243748665,3282.405361533165,3234.858065843582,3305.896148085594,3320.1864548027515
3000.0,3473.55879843235,3284.6711575984955,3245.110586285591,3317.2807842493057,3330.1553316414356
3500.0,3426.603600382805,3281.208649277687,3258.041739463806,3319.014385342598,3321.217093616724
3000.0,3404.3951332569122,3282.0533215999603,3260.064125061035,3323.7379789352417,3317.5626397132874
3999.9999999999995,3423.188030719757,3281.0045778751373,3258.727937936783,3325.8935809135437,3322.2035318613052
3400.0,3428.4476190805435,3294.0736413002014,3268.1871950626373,3332.9442143440247,3330.9131674468517
3999.9999999999995,3413.343206048012,3307.1138709783554,3266.25756919384,3338.7409150600433,3331.3638903200626
3000.0,3421.2543815374374,3313.531056046486,3282.2799682617188,3345.2175557613373,3340.570740401745
2500.0,3421.752378344536,3305.9609681367874,3294.3883538246155,3345.7906544208527,3341.973088681698
3500.0,3419.9416637420654,3296.603411436081,3297.4648475646973,3333.4871381521225,3336.8742652237415
1999.9999999999998,3438.389003276825,3307.403549551964,3299.21655356884,3339.8008346557617,3346.2024852633476
3000.0,3452.2289782762527,3292.885646224022,3298.313319683075,3320.88366150856,3341.0779014229774
3000.0,3470.662012696266,3289.218172430992,3298.9711314439774,3310.6398582458496,3342.3727937042713
3000.0,3469.328060746193,3290.257528424263,3305.382952094078,3311.8678629398346,3344.209101051092
4500.0,3425.142467021942,3298.3173429965973,3308.211788535118,3308.5615932941437,3335.0582979619503
2400.0,3385.467007756233,3316.148668527603,3288.7060940265656,3323.7963169813156,3328.5295218229294
5000.0,3409.4859659671783,3310.430645942688,3281.0738682746887,3323.0765908956528,3331.016767770052
3500.0,3387.3172849416733,3334.568738937378,3272.137865424156,3339.446112513542,3333.3675004541874
2500.0,3364.3513172864914,3342.5022661685944,3267.371356487274,3350.8052676916122,3331.257551908493
3000.0,3329.6645432710648,3320.811241865158,3274.3772864341736,3340.546041727066,3316.3497783243656
3999.9999999999995,3327.3466676473618,3309.5405995845795,3272.9360461235046,3333.4068953990936,3310.807552188635
3000.0,3341.427594423294,3315.1618391275406,3284.195065498352,3339.5540714263916,3320.0846426188946
3999.9999999999995,3336.067646741867,3309.207782149315,3288.586288690567,3340.0364220142365,3318.4745348989964
3000.0,3275.8833467960358,3312.1155202388763,3295.9040254354477,3345.898613333702,3307.4503764510155
3600.0,3306.4667880535126,3314.134106040001,3299.332559108734,3346.460312604904,3316.598441451788
3999.9999999999995,3321.8928426504135,3318.3901011943817,3299.8012751340866,3348.53857755661,3322.155699133873
4400.0,3311.900272965431,3325.289413332939,3290.214389562607,3351.3039350509644,3319.6770027279854
3600.0,3389.3685042858124,3338.494151830673,3307.724967598915,3365.6463772058487,3350.3085002303123
1999.9999999999998,3303.537368774414,3332.611173391342,3291.1359518766403,3362.474665045738,3322.4397897720337
3000.0,3335.91565489769,3313.7134462594986,3294.423669576645,3340.742290019989,3321.1987651884556
1999.9999999999998,3367.4899488687515,3311.973810195923,3305.399715900421,3327.198475599289,3328.015487641096
3000.0,3396.070674061775,3296.4496314525604,3295.935317873955,3301.3875782489777,3322.460800409317
3000.0,3408.1676602363586,3305.5078983306885,3289.0668511390686,3294.300064444542,3324.2606185376644
4500.0,3431.328758597374,3316.170573234558,3285.396918654442,3298.153281211853,3332.7623829245567
1999.9999999999998,3415.299877524376,3328.9508521556854,3277.188241481781,3315.8764243125916,3334.3288488686085
3400.0,3466.5177762508392,3320.2698826789856,3269.924372434616,3314.586505293846,3342.8246341645718
3000.0,3416.0660952329636,3316.909968852997,3287.515640258789,3319.9945092201233,3335.121553391218
2200.0,3394.9023485183716,3310.8926564455032,3298.8332211971283,3320.653662085533,3331.320472061634
3000.0,3389.132469892502,3304.472118616104,3304.7982305288315,3313.183933496475,3327.896688133478
3000.0,3373.9102631807327,3297.2265779972076,3300.120010972023,3307.214677333832,3319.617882370949
2400.0,3390.677645802498,3301.088958978653,3293.9424365758896,3309.1387152671814,3323.7119391560555
4600.0,3419.0382063388824,3293.474391102791,3290.6998693943024,3303.0936866998672,3326.5765383839607
3999.9999999999995,3437.4240785837173,3314.9727433919907,3299.51673746109,3323.078602552414,3343.748040497303
3000.0,3380.2565932273865,3318.971022963524,3285.6937497854233,3335.733264684677,3330.1636576652527
2200.0,3380.453512072563,3303.452432155609,3287.8075540065765,3335.637152194977,3326.8376626074314
3999.9999999999995,3434.8171949386597,3295.987844467163,3290.620967745781,3326.423764228821,3336.962442845106
3800.0,3418.443202972412,3301.382213830948,3296.6235280036926,3328.632116317749,3336.2702652812004
3400.0,3416.0173684358597,3308.882564306259,3292.7747815847397,3328.908607363701,3336.64583042264
2500.0,3369.545415043831,3304.29844558239,3290.3221249580383,3335.045725107193,3324.802927672863
2500.0,3350.5862206220627,3286.179006099701,3298.9829778671265,3320.591524243355,3314.084932208061
3000.0,3434.8538517951965,3286.5160703659058,3291.996717453003,3311.7659389972687,3331.2831446528435
3000.0,3480.3499281406403,3291.6024327278137,3296.150118112564,3314.1618221998215,3345.56607529521
3000.0,3452.2801637649536,3299.242928624153,3300.9177446365356,3310.0705593824387,3340.6278491020203
3500.0,3429.960384964943,3304.0159195661545,3302.4948835372925,3314.7887885570526,3337.8149941563606
3000.0,3424.6185421943665,3304.3576776981354,3313.210755586624,3319.244161248207,3340.3577841818333
3999.9999999999995,3399.2627263069153,3301.502913236618,3303.3938705921173,3316.7818933725357,3330.2353508770466
2500.0,3416.6376292705536,3313.986361026764,3298.5223084688187,3322.782889008522,3337.9822969436646
3600.0,3421.1913496255875,3292.8715646266937,3282.722532749176,3315.5668526887894,3328.0880749225616
1999.9999999999998,3418.498635292053,3295.860216021538,3282.846137881279,3320.6596970558167,3329.4661715626717
3000.0,3399.8215198516846,3284.3470573425293,3278.317227959633,3310.949206352234,3318.35875287652
3999.9999999999995,3372.8136867284775,3278.8369059562683,3285.174071788788,3307.4690401554108,3311.073426157236
3500.0,3422.229588031769,3297.0352470874786,3286.23466193676,3322.317525744438,3331.9542557001114
2400.0,3424.4243055582047,3315.5304193496704,3285.435363650322,3334.2041820287704,3339.898567646742
2600.0,3391.8944746255875,3302.663415670395,3295.4102754592896,3330.2141726017,3330.045584589243
3000.0,3395.1153606176376,3288.280963897705,3297.7983355522156,3321.6874301433563,3325.7205225527287
3500.0,3448.8288313150406,3293.9882576465607,3311.135843396187,3323.914557695389,3344.466872513294
3000.0,3416.6528284549713,3302.8902858495712,3303.5358041524887,3323.998376727104,3336.769323796034
3000.0,3455.3521871566772,3305.925875902176,3303.00472676754,3322.5899934768677,3346.718195825815
2500.0,3457.9136967658997,3305.7139813899994,3292.6958799362183,3316.5302127599716,3343.2134427130222
2400.0,3505.188524723053,3301.7264306545258,3285.5232059955597,3311.6450160741806,3351.0207943618298
3999.9999999999995,3509.3577951192856,3296.949192881584,3294.994533061981,3301.5670627355576,3350.717145949602
3600.0,3498.2478618621826,3311.9000494480133,3305.591493844986,3310.70177257061,3356.610294431448
2700.0,3475.041836500168,3316.2546157836914,3304.3310791254044,3317.6569640636444,3353.321123868227
3999.9999999999995,3473.249673843384,3312.0211958885193,3308.166190981865,3316.6446536779404,3352.520428597927
3000.0,3473.721072077751,3322.1838623285294,3301.0639250278473,3327.9897272586823,3356.2396466732025
3000.0,3446.5205669403076,3317.580297589302,3304.8979192972183,3326.868563890457,3348.9668369293213
3600.0,3420.7849949598312,3313.53060901165,3305.9211820364,3327.483683824539,3341.930117458105
5000.0,3410.9289944171906,3315.5999332666397,3314.3582940101624,3328.6142349243164,3342.3753641545773
3600.0,3407.41865336895,3334.7227424383163,3313.213661313057,3342.442810535431,3349.4494669139385
3000.0,3391.471803188324,3335.5343341827393,3313.8611912727356,3343.348950147629,3346.054069697857
2500.0,3371.122106909752,3326.4391869306564,3300.403207540512,3339.0656858682632,3334.257546812296
3500.0,3417.920842766762,3318.590819835663,3313.5176450014114,3329.5217156410217,3344.8877558112144
3000.0,3386.501893401146,3315.7964050769806,3324.9087631702423,3333.471938967705,3340.1697501540184
5000.0,3331.1862498521805,3299.998417496681,3317.4046128988266,3329.7166228294373,3319.5764757692814
3000.0,3332.7358961105347,3325.529918074608,3300.330564379692,3343.074470758438,3325.417712330818
2500.0,3368.5315400362015,3333.302065730095,3288.014978170395,3344.196304678917,3333.511222153902
3400.0,3358.71085524559,3317.4803853034973,3281.9967716932297,3328.8274705410004,3321.7538706958294
3000.0,3399.6225893497467,3319.271430373192,3291.458711028099,3330.213278532028,3335.1415023207664
3600.0,3362.77574300766,3307.3177188634872,3289.62542116642,3326.5648037195206,3321.570921689272
3000.0,3382.156491279602,3318.919837474823,3287.6629382371902,3331.517279148102,3330.0641365349293
3400.0,3414.734825491905,3324.2878317832947,3279.5559614896774,3332.3831856250763,3337.7404510974884
3000.0,3386.7423981428146,3328.3428847789764,3289.380222558975,3335.4011178016663,3334.966655820608
3000.0,3376.8070489168167,3317.54632294178,3295.605182647705,3331.441730260849,3330.3500711917877
3000.0,3416.857123374939,3316.138833761215,3301.4188706874847,3326.8652111291885,3340.320009738207
3000.0,3389.7873759269714,3316.80491566658,3280.673548579216,3320.0566470623016,3326.8306218087673
3000.0,3433.941900730133,3317.112699151039,3279.2895287275314,3319.477289915085,3337.455354630947
3000.0,3444.8806196451187,3319.9330419301987,3279.7716557979584,3318.0516958236694,3340.6592532992363
3000.0,3434.8587691783905,3313.768208026886,3274.6198028326035,3310.905396938324,3333.538044244051
2600.0,3471.5422242879868,3310.9724521636963,3270.5580443143845,3312.4420791864395,3341.3786999881268
3999.9999999999995,3464.72404897213,3302.5583624839783,3275.624066591263,3309.1865479946136,3338.023256510496
3000.0,3407.667651772499,3314.334824681282,3263.3712887763977,3318.779245018959,3326.0382525622845
3999.9999999999995,3457.0670127868652,3317.1240985393524,3262.3784244060516,3328.4707367420197,3341.2600681185722
3000.0,3402.431532740593,3312.624916434288,3264.5349204540253,3336.820676922798,3329.103011637926
3500.0,3417.4534678459167,3304.3239265680313,3256.1103254556656,3337.2636884450912,3328.787852078676
2500.0,3466.043248772621,3319.9039846658707,3270.1092213392258,3344.3883061408997,3350.1111902296543
3000.0,3367.977887392044,3306.4938336610794,3261.598125100136,3330.9558033943176,3316.756412386894
3000.0,3375.781551003456,3300.4016429185867,3275.284543633461,3321.644514799118,3318.2780630886555
3500.0,3395.325019955635,3303.544521331787,3278.913125395775,3315.677046775818,3323.3649283647537
3999.9999999999995,3394.843563437462,3307.735249400139,3274.7720181941986,3319.658786058426,3324.2524042725563
3000.0,3432.016521692276,3317.3762261867523,3329.690471291542,3346.12213075161,3356.301337480545
3999.9999999999995,3397.8836238384247,3310.4874193668365,3358.435034751892,3362.9771322011948,3357.445802539587
3600.0,3305.8378100395203,3311.4416152238846,3365.027904510498,3374.587297439575,3339.2236568033695
2400.0,3316.7365193367004,3308.306559920311,3358.8121086359024,3375.3497153520584,3339.801225811243
5000.0,3327.5071531534195,3297.6803183555603,3323.456794023514,3361.803889274597,3327.6120387017727
3000.0,3353.782743215561,3324.4380354881287,3334.706649184227,3371.497616171837,3346.1062610149384
3999.9999999999995,3355.3558588027954,3327.92267203331,3324.78404045105,3365.3846383094788,3343.3618023991585
3000.0,3366.7901158332825,3337.387964129448,3331.264480948448,3365.0603145360947,3350.1257188618183
2500.0,3392.3721313476562,3330.10196685791,3332.9368382692337,3360.7707917690277,3354.045432060957
3000.0,3367.3350512981415,3318.0827647447586,3304.9575984477997,3346.2517708539963,3334.156796336174
3600.0,3425.740599632263,3322.6559311151505,3340.7948166131973,3345.312774181366,3358.6260303854942
3000.0,3406.4881503582,3335.2728188037872,3339.296579360962,3343.9942449331284,3356.2629483640194
5000.0,3387.884795665741,3336.5801721811295,3316.6153728961945,3342.890739440918,3345.9927700459957
3000.0,3371.3022619485855,3354.3482422828674,3301.965370774269,3359.0300381183624,3346.661478281021
3000.0,3359.7879856824875,3351.2382209300995,3269.270360469818,3360.9699457883835,3335.316628217697
3400.0,3395.6998586654663,3347.870260477066,3295.709788799286,3359.8773926496506,3349.789325147867
3500.0,3400.317057967186,3340.776711702347,3322.930186986923,3359.956294298172,3355.995062738657
1999.9999999999998,3366.657793521881,3337.4547958374023,3349.418342113495,3365.164026618004,3354.6737395226955
3000.0,3338.852673768997,3314.5491778850555,3315.7581835985184,3349.5399355888367,3329.674992710352
3000.0,3378.662019968033,3306.5376430749893,3334.408700466156,3341.8723940849304,3340.370189398527
2500.0,3392.8272128105164,3306.59419298172,3339.0994369983673,3338.2339775562286,3344.188705086708
3000.0,3410.530909895897,3304.2778819799423,3324.6564120054245,3326.284736394882,3341.4374850690365
3000.0,3413.58058154583,3312.126025557518,3306.8563789129257,3325.7371187210083,3339.5750261843204
4500.0,3411.0456705093384,3315.0889724493027,3308.834061026573,3329.973891377449,3341.235648840666
3000.0,3393.576219677925,3329.0793746709824,3304.0648698806763,3346.1590111255646,3343.219868838787
3999.9999999999995,3424.8360246419907,3336.4838361740112,3303.5950362682343,3352.9163897037506,3354.4578216969967
1999.9999999999998,3363.620638847351,3332.224264740944,3287.3357087373734,3360.663279891014,3335.9609730541706
3000.0,3405.187502503395,3321.5059340000153,3288.430944085121,3347.8944003582,3340.754695236683
3500.0,3381.919786334038,3313.4233206510544,3277.953565120697,3336.246684193611,3327.38583907485
3000.0,3386.853262782097,3321.0238069295883,3288.7396216392517,3340.2791619300842,3334.2239633202553
3000.0,3401.230350136757,3324.393332004547,3296.0696518421173,3339.5916223526,3340.3212390840054
3000.0,3356.0485392808914,3318.917602300644,3272.803947329521,3337.0667695999146,3321.2092146277428
2600.0,3387.40311563015,3312.7494156360626,3277.5362581014633,3335.069641470909,3328.189607709646
3000.0,3409.0878814458847,3304.610252380371,3293.122798204422,3334.4605565071106,3335.320372134447
3000.0,3407.3951840400696,3301.5140891075134,3297.151029109955,3334.253579378128,3335.0784704089165
3000.0,3396.8107402324677,3307.092636823654,3278.29509973526,3331.635966897011,3328.458610922098
3999.9999999999995,3420.6271916627884,3308.130204677582,3296.2987571954727,3337.218761444092,3340.5687287449837
1999.9999999999998,3365.0144934654236,3313.562124967575,3282.8009873628616,3343.968540430069,3326.3365365564823
3000.0,3446.218818426132,3298.0743795633316,3283.046633005142,3336.939588189125,3341.0698547959328
3000.0,3413.981795310974,3289.680853486061,3292.425647377968,3328.843116760254,3331.2328532338142
2400.0,3435.7821196317673,3281.932845711708,3306.7019283771515,3330.5324614048004,3338.737338781357
3000.0,3423.2626855373383,3273.5951989889145,3307.971954345703,3324.0142464637756,3332.211021333933
4400.0,3385.77076792717,3273.7762480974197,3302.4264872074127,3322.5200325250626,3321.123383939266
2500.0,3423.306941986084,3294.079676270485,3338.1906151771545,3344.840928912163,3350.1045405864716
3999.9999999999995,3365.5712753534317,3284.5915853977203,3299.58513379097,3341.497778892517,3322.8114433586597
3000.0,3405.192419886589,3300.8933812379837,3301.507383584976,3348.5600352287292,3339.0383049845695
2500.0,3414.315953850746,3302.6180416345596,3294.3997532129288,3344.268500804901,3338.900562375784
3600.0,3419.300392270088,3293.2624965906143,3276.0771363973618,3333.7846398353577,3330.6061662733555
3600.0,3444.700464606285,3304.4638484716415,3301.503360271454,3336.4353328943253,3346.7757515609264
2500.0,3438.06155025959,3312.237560749054,3307.3148131370544,3342.249020934105,3349.965736269951
3000.0,3466.4051234722137,3305.554613471031,3329.4180035591125,3340.9539610147476,3360.5829253792763
3400.0,3393.1168913841248,3296.5828478336334,3305.7810366153717,3338.615521788597,3333.5240744054317
2500.0,3451.4448791742325,3309.6829801797867,3339.0824496746063,3348.798304796219,3362.252153456211
2800.0,3406.4586460590363,3299.463763833046,3325.354680418968,3338.187038898468,3342.3660323023796
3000.0,3419.1714227199554,3299.875035881996,3335.5694264173508,3334.2821896076202,3347.2245186567307
3999.9999999999995,3419.1877394914627,3305.650055408478,3333.8190615177155,3331.814780831337,3347.6179093122482
3500.0,3410.3187918663025,3326.8102258443832,3330.7193219661713,3342.764228582382,3352.65314206481
3000.0,3400.735706090927,3328.9846032857895,3313.8947188854218,3352.116420865059,3348.9328622817993
2500.0,3415.589779615402,3324.7849345207214,3312.2093975543976,3350.74245929718,3350.8316427469254
3000.0,3425.711989402771,3317.1305805444717,3329.768031835556,3344.789296388626,3354.349974542856
3500.0,3420.9251403808594,3311.3721013069153,3345.3433960676193,3340.4796570539474,3354.5300737023354
3000.0,3413.234129548073,3324.139639735222,3325.5822211503983,3340.6414836645126,3350.8993685245514
3000.0,3418.651297688484,3323.071002960205,3326.4463394880295,3344.75576877594,3353.2311022281647
3500.0,3409.7789973020554,3318.300247192383,3345.070481300354,3347.2182601690292,3355.0919964909554
3500.0,3419.7040647268295,3322.901129722595,3342.2722667455673,3351.1602133512497,3359.0094186365604
3500.0,3418.4371680021286,3328.797072172165,3335.7153832912445,3353.0641347169876,3359.0034395456314
2800.0,3434.30757522583,3334.617018699646,3336.039036512375,3364.811986684799,3367.4439042806625
3000.0,3417.0931577682495,3325.6664872169495,3331.272527575493,3359.5986664295197,3358.407709747553
3000.0,3407.607302069664,3324.042186141014,3303.453102707863,3351.7661690711975,3346.7171899974346
3000.0,3428.426831960678,3329.4886350631714,3300.1385629177094,3347.7258682250977,3351.444974541664
3600.0,3423.2691675424576,3325.5384117364883,3310.123309493065,3345.0503647327423,3350.9953133761883
2400.0,3428.3939749002457,3338.6874943971634,3318.1650191545486,3350.687026977539,3358.983378857374
3400.0,3423.2309460639954,3337.506875395775,3318.8243955373764,3348.338082432747,3356.9750748574734
1500.0,3381.7747235298157,3335.7927203178406,3336.3548666238785,3349.9398082494736,3350.965529680252
4500.0,3395.686224102974,3310.2451264858246,3330.259323120117,3326.5314996242523,3340.680543333292
1999.9999999999998,3379.1571110486984,3322.591111063957,3302.7760684490204,3334.1163396835327,3334.660157561302
3000.0,3435.8232468366623,3316.359221935272,3294.7924733161926,3328.3893764019012,3343.841079622507
3000.0,3423.650935292244,3305.937275290489,3301.454856991768,3321.0917562246323,3338.0337059497833
3000.0,3422.7725118398666,3305.4857701063156,3290.9441739320755,3317.662551999092,3334.2162519693375
3000.0,3447.8632360696793,3304.3359965085983,3301.694020628929,3321.465700864792,3343.8397385179996
3999.9999999999995,3414.8530662059784,3301.1164516210556,3298.835903406143,3323.860689997673,3334.6665278077126
3000.0,3403.392881155014,3316.5206015110016,3304.5105636119843,3337.4878764152527,3340.477980673313
3000.0,3396.7316150665283,3308.6948096752167,3294.311463832855,3338.993936777115,3334.6829563379288
1999.9999999999998,3411.417603492737,3308.4918558597565,3287.1872931718826,3339.5442366600037,3336.660247296095
3000.0,3436.9517862796783,3294.5776730775833,3298.7257093191147,3327.6108652353287,3339.4665084779263
3600.0,3437.2269362211227,3276.1600613594055,3329.3069154024124,3321.627974510193,3341.0804718732834
3000.0,3466.9947624206543,3284.0904593467712,3342.178836464882,3324.6003091335297,3354.4660918414593
2700.0,3455.6955099105835,3287.365660071373,3328.2680064439774,3331.104665994644,3350.6084606051445
2500.0,3463.278114795685,3287.528157234192,3326.10122859478,3328.3227682113647,3351.3075672090054
3000.0,3480.9885174036026,3290.0820672512054,3309.3734085559845,3322.74466753006,3350.797165185213
3999.9999999999995,3490.75511097908,3296.1997389793396,3303.905725479126,3322.8622376918793,3353.4307032823563
3500.0,3480.486050248146,3316.4767920970917,3299.429342150688,3330.749273300171,3356.785364449024
2500.0,3491.4028644561768,3317.9497718811035,3304.5604079961777,3339.7789299488068,3363.422993570566
3000.0,3472.1220284700394,3309.3570917844772,3292.5474643707275,3335.35373210907,3352.3450791835785
3600.0,3456.9425135850906,3299.5212078094482,3284.132480621338,3332.6757699251175,3343.3179929852486
3000.0,3473.190888762474,3313.3846521377563,3305.1659166812897,3335.8944207429886,3356.908969581127
3999.9999999999995,3450.9390592575073,3312.867432832718,3296.5560257434845,3332.5181901454926,3348.2201769948006
3000.0,3423.486649990082,3326.273560523987,3290.708363056183,3342.5574749708176,3345.7565121352673
2500.0,3436.914011836052,3325.388878583908,3297.627568244934,3343.4244990348816,3350.838739424944
1999.9999999999998,3414.6639704704285,3305.758908390999,3279.7522097826004,3329.729586839676,3332.476168870926
3000.0,3470.541536808014,3289.327472448349,3300.8037507534027,3319.312334060669,3344.9962735176086
3600.0,3455.16175031662,3284.08420085907,3324.413225054741,3313.693553209305,3344.338182359934
3800.0,3429.7670423984528,3284.7297191619873,3324.328511953354,3319.455161690712,3339.5701088011265
3600.0,3463.561311364174,3303.87644469738,3353.120908141136,3340.914398431778,3365.368265658617
2500.0,3341.52415394783,3308.328688144684,3317.7928626537323,3348.107635974884,3328.9383351802826
3000.0,3346.027359366417,3293.893039226532,3293.6979085206985,3338.41010928154,3318.007104098797
3999.9999999999995,3412.679135799408,3295.673131942749,3320.266753435135,3340.4767513275146,3342.2739431262016
3500.0,3388.5736763477325,3311.268389225006,3329.9991488456726,3350.382372736931,3345.0558967888355
3500.0,3389.0171349048615,3319.0396428108215,3334.6977084875107,3364.4259721040726,3351.7951145768166
3500.0,3358.193412423134,3323.7113803625107,3336.2623304128647,3366.8620884418488,3346.2573029100895
3000.0,3351.8321067094803,3326.028808951378,3337.169364094734,3366.93674325943,3345.4917557537556
2500.0,3347.3943918943405,3318.2725310325623,3329.2845636606216,3358.376920223236,3338.33210170269
3000.0,3401.399105787277,3314.3598586320877,3344.3570137023926,3348.8038927316666,3352.229967713356
3999.9999999999995,3391.159772872925,3310.65371632576,3322.3776519298553,3337.145894765854,3340.3342589735985
3000.0,3426.7082065343857,3331.1690390110016,3321.7086642980576,3345.479294657707,3356.266301125288
2500.0,3464.3972665071487,3339.807763695717,3338.010683655739,3353.5051345825195,3373.930212110281
3200.0,3403.04397046566,3336.5003764629364,3327.6361227035522,3342.219740152359,3352.350052446127
3000.0,3380.8978646993637,3337.25742995739,3338.5690301656723,3340.5469357967377,3349.317815154791
3000.0,3352.1515130996704,3320.7352459430695,3336.261436343193,3339.095860719681,3337.0610140264034
3000.0,3392.369896173477,3327.0708471536636,3349.052220582962,3340.473622083664,3352.2416464984417
3000.0,3361.721634864807,3334.0490609407425,3316.1357045173645,3337.9007130861282,3337.4517783522606
3000.0,3374.56651031971,3339.87258374691,3308.2102239131927,3337.4304324388504,3340.0199376046658
3999.9999999999995,3378.600999712944,3336.9143307209015,3319.690078496933,3335.8660340309143,3342.767860740423
5000.0,3366.3278818130493,3336.165100336075,3321.835622191429,3345.525786280632,3342.4635976552963
3000.0,3394.578918814659,3360.5897426605225,3311.2288266420364,3364.4601702690125,3357.7144145965576
3000.0,3343.5114473104477,3361.9219064712524,3292.9296791553497,3368.2411909103394,3341.6510559618473
3400.0,3331.98644220829,3349.2980897426605,3297.273740172386,3360.7059717178345,3334.816060960293
3500.0,3347.7240800857544,3342.7566289901733,3315.339535474777,3360.4395389556885,3341.5649458765984
3500.0,3354.3752878904343,3339.6103978157043,3318.714201450348,3352.862522006035,3341.3906022906303
3000.0,3397.9714661836624,3336.4688605070114,3333.938643336296,3359.1118454933167,3356.8727038800716
3000.0,3346.171975135803,3322.381004691124,3302.110880613327,3352.201357483864,3330.7163044810295
3000.0,3385.501429438591,3314.5158737897873,3298.472911119461,3345.3811705112457,3335.9678462147713
3000.0,3420.9711849689484,3318.677321076393,3312.3379200696945,3347.0870554447174,3349.7683703899384
3400.0,3386.4283561706543,3317.41064786911,3296.9988137483597,3337.9675447940826,3334.7013406455517
3000.0,3440.302535891533,3329.2177319526672,3319.471925497055,3344.3234860897064,3358.3289198577404
5000.0,3425.484001636505,3325.3390341997147,3323.8204568624496,3342.31898188591,3354.240618646145
3000.0,3430.909886956215,3347.5837111473083,3338.482081890106,3360.6619387865067,3369.409404695034
2400.0,3364.1716092824936,3343.6931669712067,3305.221125483513,3359.818384051323,3343.226071447134
3400.0,3405.7002514600754,3330.4207026958466,3321.639597415924,3355.601951479912,3353.3406257629395
2500.0,3386.770784854889,3333.239257335663,3341.6227251291275,3355.4627001285553,3354.2738668620586
3500.0,3389.935791492462,3321.100026369095,3333.3002775907516,3337.726593017578,3345.5156721174717
1999.9999999999998,3395.6079930067062,3331.960290670395,3315.199613571167,3339.56815302372,3345.584012567997
3999.9999999999995,3436.617851257324,3322.86961376667,3310.779109597206,3324.752077460289,3348.7546630203724
3000.0,3402.921035885811,3331.2973380088806,3313.2194727659225,3331.9001644849777,3344.834502786398
2400.0,3425.4612028598785,3327.5198936462402,3321.4853703975677,3333.863765001297,3352.082557976246
1999.9999999999998,3411.0333770513535,3315.964937210083,3296.792507171631,3324.746936559677,3337.134439498186
3000.0,3436.255306005478,3302.9092848300934,3291.652947664261,3312.959522008896,3335.944265127182
3000.0,3424.3901073932648,3291.3706451654434,3308.013081550598,3312.1365308761597,3333.9775912463665
2500.0,3466.729447245598,3294.437527656555,3329.041823744774,3320.077210664749,3352.571502327919
2500.0,3418.7545627355576,3286.0464602708817,3314.623385667801,3318.401724100113,3334.4565331935883
3000.0,3467.179387807846,3278.0250906944275,3332.665264606476,3316.204324364662,3348.518516868353
3000.0,3430.8743476867676,3271.9389349222183,3299.8602837324142,3311.50084733963,3328.5436034202576
3000.0,3460.9973430633545,3280.147835612297,3302.6938140392303,3318.8004791736603,3340.6598679721355
2500.0,3445.3678876161575,3278.982639312744,3295.707553625107,3315.5489712953568,3333.9017629623413
2500.0,3475.0986099243164,3274.9778777360916,3288.775607943535,3305.508568882942,3336.0901661217213
1999.9999999999998,3549.8861968517303,3261.0639184713364,3309.985175728798,3305.2557706832886,3356.5477654337883
3000.0,3490.248844027519,3240.351676940918,3300.28273165226,3292.4359291791916,3330.829795449972
3000.0,3511.643260717392,3226.6272604465485,3323.2739567756653,3292.5698161125183,3338.528573513031
3200.0,3513.169214129448,3225.5014032125473,3318.4082061052322,3296.094238758087,3338.2932655513287
3000.0,3517.298921942711,3233.308643102646,3324.655741453171,3309.2377334833145,3346.1252599954605
3000.0,3517.0888155698776,3222.3334908485413,3321.923241019249,3311.103656888008,3343.112301081419
3600.0,3531.6400229930878,3240.2949035167694,3320.7012712955475,3317.2528445720673,3352.472260594368
2400.0,3511.759489774704,3256.9194585084915,3320.6943422555923,3324.6465772390366,3353.504966944456
1999.9999999999998,3492.7909076213837,3262.9966735839844,3304.356336593628,3319.927901029587,3345.0179547071457
3000.0,3523.9731520414352,3252.7875155210495,3295.419216156006,3306.219130754471,3344.5997536182404
3500.0,3498.8169372081757,3249.8813420534134,3294.7560399770737,3299.4861155748367,3335.735108703375
2500.0,3504.29467856884,3273.2272893190384,3300.054967403412,3306.715562939644,3346.0731245577335
3000.0,3496.025651693344,3268.5229182243347,3303.8026839494705,3309.676945209503,3344.507049769163
3000.0,3425.452709197998,3257.325142621994,3290.962725877762,3312.9286766052246,3321.6673135757446
3000.0,3458.4371745586395,3258.5444301366806,3296.7106997966766,3319.2553371191025,3333.236910402775
3999.9999999999995,3510.732203722,3269.4004476070404,3321.712240576744,3328.7324756383896,3357.6443418860435
3000.0,3420.0194478034973,3292.074277997017,3322.9268342256546,3338.4789526462555,3343.374878168106
3400.0,3399.437293410301,3293.888568878174,3311.9474351406097,3337.1494710445404,3335.6056921184063
3000.0,3421.027734875679,3296.7062294483185,3323.6530423164368,3343.595489859581,3346.245624125004
3000.0,3413.2120013237,3289.489299058914,3320.127949118614,3341.0337567329407,3340.9657515585423
1999.9999999999998,3456.9042921066284,3303.031548857689,3313.5395497083664,3338.729739189148,3353.051282465458
3999.9999999999995,3474.753722548485,3298.5109090805054,3294.004797935486,3319.762498140335,3346.757981926203
3600.0,3451.453372836113,3310.0343495607376,3284.1069996356964,3324.5819807052612,3342.544175684452
3500.0,3461.8189930915833,3317.0615136623383,3291.41803085804,3335.2401852607727,3351.3846807181835
3000.0,3430.206924676895,3318.7195658683777,3300.1799136400223,3343.8896387815475,3348.2490107417107
3000.0,3412.2566878795624,3310.679644346237,3302.1504431962967,3343.70456635952,3342.197835445404
3000.0,3390.1210874319077,3310.52765250206,3298.9156991243362,3339.7355675697327,3334.825001657009
2400.0,3404.7359973192215,3307.1214705705643,3307.3993027210236,3334.5555514097214,3338.4530805051327
3000.0,3416.198417544365,3297.9045063257217,3298.2203364372253,3324.3926614522934,3334.1789804399014
3000.0,3428.141176700592,3304.7906309366226,3300.28273165226,3322.291374206543,3338.8764783740044
3000.0,3411.869555711746,3297.9637384414673,3298.533707857132,3322.3186433315277,3332.6714113354683
3500.0,3457.5462341308594,3305.155634880066,3309.7542822360992,3327.755928039551,3350.053019821644
3000.0,3463.7363255023956,3316.376432776451,3329.7566324472427,3339.97406065464,3362.4608628451824
2500.0,3378.906100988388,3308.3365112543106,3300.5619049072266,3337.216079235077,3331.2551490962505
2500.0,3397.133946418762,3299.301937222481,3291.7895168066025,3332.166373729706,3330.097943544388
3000.0,3415.181189775467,3288.7718081474304,3293.2066172361374,3320.6824958324432,3329.4605277478695
3600.0,3453.1740099191666,3294.3841069936752,3315.7168328762054,3322.429731488228,3346.4261703193188
3999.9999999999995,3442.1557188034058,3303.1296730041504,3315.4452592134476,3324.4601637125015,3346.2977036833763
1999.9999999999998,3419.724404811859,3318.13707947731,3308.7245374917984,3336.653709411621,3345.809932798147
3600.0,3436.1205250024796,3294.2774891853333,3307.0215582847595,3325.9865641593933,3340.8515341579914
2400.0,3459.760397672653,3296.78513109684,3327.544927597046,3327.1917700767517,3352.8205566108227
5000.0,3465.700149536133,3289.008289575577,3323.401138186455,3325.110375881195,3350.80498829484
3999.9999999999995,3416.5415167808533,3316.709026694298,3312.9461109638214,3341.8022096157074,3346.99971601367
3000.0,3434.2702478170395,3334.760293364525,3294.506147503853,3358.1694960594177,3355.4265461862087
3500.0,3431.2161058187485,3326.0375261306763,3298.6222207546234,3360.3009581565857,3354.0442027151585
3000.0,3418.831005692482,3323.1986314058304,3311.2089335918427,3360.547721385956,3353.4465730190277
3999.9999999999995,3399.157002568245,3323.2520520687103,3315.8820122480392,3358.46409201622,3349.1887897253036
3200.0,3384.0930461883545,3330.5952697992325,3318.876251578331,3356.1967313289642,3347.4403247237206
3000.0,3409.00719165802,3328.559696674347,3328.3326029777527,3357.1426570415497,3355.7605370879173
3500.0,3372.4679052829742,3321.8371868133545,3338.2058143615723,3352.3958176374435,3346.226681023836
3800.0,3380.831703543663,3324.9085396528244,3358.095735311508,3354.519009590149,3354.588747024536
5000.0,3389.027640223503,3336.3915234804153,3375.992104411125,3363.3968979120255,3366.2020415067673
2500.0,3337.4112099409103,3351.6307175159454,3351.7853915691376,3376.266360282898,3354.273419827223
2600.0,3353.879302740097,3337.329626083374,3328.114226460457,3358.4625273942947,3344.4464206695557
3000.0,3391.8406069278717,3334.255814552307,3315.958231687546,3345.489799976349,3346.8861132860184
3000.0,3388.3966505527496,3333.4024250507355,3298.5473424196243,3335.1726830005646,3338.8797752559185
3500.0,3426.4232218265533,3340.0701731443405,3326.6939967870712,3336.3077044487,3357.3737740516663
4500.0,3410.5436503887177,3344.2121744155884,3351.6521751880646,3347.109407186508,3363.3793517947197
3999.9999999999995,3315.6010508537292,3347.155451774597,3324.0611851215363,3359.040766954422,3336.464613676071
3200.0,3349.7826755046844,3353.4177392721176,3317.77386367321,3370.322585105896,3347.824215888977
2700.0,3306.2928915023804,3350.0944823026657,3321.952521800995,3371.766060590744,3337.5264890491962
3000.0,3281.514421105385,3333.8286727666855,3328.153118491173,3358.55171084404,3325.5119808018208
3000.0,3292.5427705049515,3329.845368862152,3313.070833683014,3349.788263440132,3321.3118091225624
3999.9999999999995,3317.3174411058426,3327.6566863059998,3307.974636554718,3341.347575187683,3323.574084788561
3000.0,3360.290452837944,3342.9696410894394,3323.4572410583496,3350.6465703248978,3344.3409763276577
3999.9999999999995,3349.60900247097,3344.8221534490585,3317.4046128988266,3350.396454334259,3340.5580557882786
3000.0,3310.406729578972,3346.6941118240356,3306.668847799301,3356.7097038030624,3330.119848251343
3000.0,3342.9645001888275,3346.703052520752,3308.875858783722,3356.9513261318207,3338.8736844062805
3000.0,3351.0205149650574,3347.3896980285645,3320.5528557300568,3353.78497838974,3343.1870117783546
2500.0,3317.209705710411,3340.46870470047,3314.3404126167297,3344.4032818078995,3329.1055262088776
2400.0,3323.9371329545975,3326.7462998628616,3300.3531396389008,3330.276310443878,3320.3282207250595
2400.0,3372.095301747322,3320.251777768135,3307.9759776592255,3321.0671693086624,3330.3475566208363
1999.9999999999998,3391.631171107292,3314.029946923256,3287.7711206674576,3308.824449777603,3325.564172118902
3000.0,3449.4853019714355,3300.366997718811,3270.845487713814,3292.168378829956,3328.216541558504
3000.0,3443.3001279830933,3301.0174334049225,3280.925899744034,3291.6024327278137,3329.211473464966
3000.0,3436.6632252931595,3292.347192764282,3295.8807796239853,3296.407163143158,3330.3245902061462
1999.9999999999998,3459.1975808143616,3286.961540579796,3306.339383125305,3302.410840988159,3338.7273363769054
3000.0,3461.6687893867493,3265.7255977392197,3300.603926181793,3296.254277229309,3331.063147634268
3999.9999999999995,3485.5543076992035,3248.38824570179,3331.2086015939713,3302.5409281253815,3341.9230207800865
4400.0,3471.103012561798,3261.0873878002167,3341.1287516355515,3326.3222873210907,3349.9103598296642
3000.0,3449.660539627075,3275.81025660038,3355.781212449074,3349.6248722076416,3357.7192202210426
3000.0,3381.5865218639374,3266.3431763648987,3319.903090596199,3345.477059483528,3328.327462077141
3000.0,3418.075069785118,3274.683728814125,3320.4974234104156,3340.5138552188873,3338.4425193071365
4500.0,3415.977358818054,3274.1794735193253,3315.255269408226,3332.156538963318,3334.392160177231
3500.0,3417.6085889339447,3299.611285328865,3309.8356425762177,3344.7298407554626,3342.9463393986225
3500.0,3439.861312508583,3314.5563304424286,3326.587602496147,3358.8456362485886,3359.962720423937
2600.0,3330.5545896291733,3316.6884630918503,3317.246586084366,3358.2209050655365,3330.6776359677315
3999.9999999999995,3315.9832656383514,3301.478773355484,3317.505195736885,3345.472142100334,3320.1098442077637
3999.9999999999995,3328.833281993866,3309.8340779542923,3310.239762067795,3348.6007153987885,3324.3769593536854
3000.0,3330.2342891693115,3317.323923110962,3317.4636214971542,3357.3639392852783,3330.5964432656765
3400.0,3300.8310198783875,3314.119800925255,3307.0023357868195,3354.8761904239655,3319.207336753607
3999.9999999999995,3344.3934470415115,3324.2129534482956,3328.787013888359,3359.1771125793457,3339.142631739378
2400.0,3335.7489109039307,3335.3298157453537,3330.991342663765,3358.353450894356,3340.1058800518513
1999.9999999999998,3356.6102385520935,3326.651081442833,3337.8037065267563,3352.413699030876,3343.3696813881397
3000.0,3327.086716890335,3315.5371248722076,3337.10677921772,3331.306055188179,3327.7591690421104
1999.9999999999998,3340.9586548805237,3311.152160167694,3345.201686024666,3319.9218660593033,3329.3085917830467
3000.0,3387.7209573984146,3303.225338459015,3345.5094695091248,3307.2276413440704,3335.920851677656
3000.0,3396.1594104766846,3307.7913522720337,3354.330137372017,3307.4254542589188,3341.4265885949135
3000.0,3379.7892183065414,3310.100734233856,3325.8437365293503,3307.1869611740112,3330.73016256094
3000.0,3406.725525856018,3314.034193754196,3312.68347799778,3312.748298048973,3336.547873914242
3500.0,3439.8454427719116,3318.1967586278915,3303.5751432180405,3317.3252642154694,3344.7356522083282
3000.0,3461.9294106960297,3324.1304755210876,3303.1578361988068,3319.060429930687,3352.0695380866528
3000.0,3448.190465569496,3314.319849014282,3293.644040822983,3321.753591299057,3344.4769866764545
3200.0,3443.9103305339813,3312.1327310800552,3289.365917444229,3326.7872035503387,3343.049045652151
5000.0,3442.317545413971,3314.889147877693,3303.1754940748215,3334.4726264476776,3348.713703453541
2500.0,3413.710445165634,3327.8587460517883,3304.51101064682,3349.7433364391327,3348.955884575844
2700.0,3415.8166497945786,3321.4907348155975,3271.074593067169,3343.4441685676575,3337.9565365612507
3500.0,3453.14159989357,3308.078572154045,3280.901089310646,3337.8320932388306,3344.988338649273
3600.0,3430.660665035248,3315.1616156101227,3291.5787398815155,3341.7467772960663,3344.786949455738
2500.0,3418.317586183548,3315.487280488014,3303.457126021385,3339.8285508155823,3344.2726358771324
2500.0,3433.1151098012924,3307.695686817169,3305.676653981209,3331.882059574127,3344.5923775434494
3200.0,3442.591577768326,3299.318477511406,3312.2335374355316,3321.358412504196,3343.875501304865
3600.0,3441.312611103058,3293.7821745872498,3324.597403407097,3321.8519389629364,3345.386032015085
3600.0,3441.0061687231064,3295.9136366844177,3336.075022816658,3324.512243270874,3349.376767873764
3000.0,3405.882641673088,3304.1180670261383,3319.9408650398254,3330.9414982795715,3340.220768004656
3999.9999999999995,3416.852429509163,3305.864855647087,3320.634886622429,3332.4551582336426,3343.9518325030804
3000.0,3410.0353717803955,3323.8595724105835,3319.9091255664825,3344.13506090641,3349.484782665968
3000.0,3396.0986137390137,3323.7263560295105,3315.3551816940308,3344.0177142620087,3344.799466431141
3500.0,3384.999856352806,3323.628455400467,3321.939557790756,3342.732712626457,3343.3251455426216
3600.0,3381.8896114826202,3325.863853096962,3324.180319905281,3342.9504185914993,3343.7210507690907
3000.0,3381.1204880476,3333.6011320352554,3318.3643966913223,3344.3011343479156,3344.3467877805233
3999.9999999999995,3394.1131085157394,3329.874873161316,3314.0742033720016,3341.8625593185425,3344.9811860919
2500.0,3420.601263642311,3339.50936794281,3329.4296264648438,3350.202441215515,3359.93567481637
3200.0,3395.346477627754,3324.2784440517426,3316.8451488018036,3338.490128517151,3343.740049749613
3999.9999999999995,3415.1706844568253,3326.1023461818695,3336.9749039411545,3341.413289308548,3354.9153059720993
3000.0,3392.552509903908,3327.3276686668396,3330.245018005371,3346.36352956295,3349.122181534767
2500.0,3372.5711703300476,3322.8664845228195,3311.406522989273,3349.340558052063,3339.046183973551
3000.0,3413.7021750211716,3324.950337409973,3312.787190079689,3337.93044090271,3347.342535853386
5000.0,3386.983573436737,3333.165720105171,3306.7792654037476,3334.0685069561005,3340.249266475439
3000.0,3394.1571414470673,3351.208046078682,3329.2825520038605,3349.4042605161667,3356.013000011444
3000.0,3367.9501712322235,3343.6864614486694,3312.283605337143,3348.5832810401917,3343.125879764557
3000.0,3396.698534488678,3335.462361574173,3319.7955787181854,3345.176875591278,3349.2833375930786
3000.0,3405.4816514253616,3328.8681507110596,3317.352309823036,3340.790793299675,3348.123226314783
3000.0,3400.212898850441,3319.571614265442,3310.1744949817657,3338.446319103241,3342.1013318002224
3999.9999999999995,3444.118872284889,3326.50288939476,3330.004960298538,3341.928943991661,3360.638916492462
3000.0,3375.271037220955,3331.356570124626,3307.539001107216,3346.4638888835907,3340.157624334097
3600.0,3423.1898188591003,3340.6712114810944,3316.8956637382507,3349.955677986145,3357.6780930161476
3000.0,3433.626741170883,3346.8320220708847,3307.6849579811096,3343.8169956207275,3357.9901792109013
3000.0,3393.828123807907,3342.4126356840134,3288.4199917316437,3334.8141610622406,3339.868728071451
2500.0,3392.8540349006653,3333.7638527154922,3284.5113426446915,3324.991911649704,3334.0302854776382
3500.0,3416.0681068897247,3325.5064487457275,3280.964568257332,3318.774104118347,3335.328307002783
5000.0,3435.480147600174,3331.56980574131,3298.398032784462,3325.7903158664703,3347.809575498104
2400.0,3401.685878634453,3347.1398055553436,3302.0444959402084,3340.814709663391,3347.921222448349
3000.0,3402.6751667261124,3337.7109467983246,3296.830505132675,3342.909961938858,3345.0316451489925
3000.0,3386.373147368431,3331.8690955638885,3297.928646206856,3334.720954298973,3337.722960859537
2500.0,3415.616825222969,3325.97516477108,3303.403928875923,3329.0784806013107,3343.5185998678207
3000.0,3432.7127784490585,3320.9238946437836,3309.3219995498657,3321.557566523552,3346.129059791565
2600.0,3423.5727041959763,3315.8938586711884,3314.233124256134,3317.081853747368,3342.6953852176666
1999.9999999999998,3429.8450499773026,3314.7168159484863,3320.371136069298,3312.574401497841,3344.376850873232
3000.0,3467.509299516678,3302.4656027555466,3314.2485469579697,3295.478895306587,3344.9255861341953
3000.0,3439.9567544460297,3290.2615517377853,3299.441859126091,3295.115903019905,3331.194017082453
1999.9999999999998,3468.3242440223694,3292.957618832588,3295.055329799652,3296.2408661842346,3338.144514709711
1999.9999999999998,3470.027446746826,3277.597948908806,3289.5883172750473,3291.3802564144135,3332.148492336273
2500.0,3425.3445267677307,3253.2144337892532,3296.4351028203964,3280.736804008484,3313.932716846466
3500.0,3412.50479221344,3229.4511795043945,3301.1124283075333,3273.3792811632156,3304.111920297146
3000.0,3475.2438962459564,3237.5510036945343,3318.162113428116,3293.975740671158,3331.233188509941
2500.0,3397.800475358963,3238.442838191986,3304.9987256526947,3301.5652745962143,3310.7018284499645
3000.0,3443.0502355098724,3234.1331988573074,3313.0276948213577,3301.3909310102463,3322.900515049696
3500.0,3443.991467356682,3240.946903824806,3311.7663860321045,3305.513709783554,3325.5546167492867
5000.0,3463.1947427988052,3251.243010163307,3324.4284242391586,3313.4856820106506,3338.0879648029804
3000.0,3466.6796028614044,3286.8285477161407,3326.89605653286,3336.5169167518616,3354.2302809655666
3500.0,3445.8135813474655,3286.983445286751,3315.422460436821,3339.3394947052,3346.8897454440594
3000.0,3484.1157495975494,3288.186863064766,3319.2016929388046,3336.7234468460083,3357.056938111782
3000.0,3457.3057293891907,3280.9502631425858,3319.304957985878,3332.798257470131,3347.5898019969463
2500.0,3461.710810661316,3279.7665148973465,3315.7774060964584,3325.6039023399353,3345.714658498764
3000.0,3476.5827655792236,3274.7378200292587,3316.490203142166,3309.8626881837845,3344.4183692336082
3000.0,3465.1650488376617,3280.598670244217,3305.601105093956,3307.8454434871674,3339.8025669157505
3000.0,3471.4633226394653,3281.4183086156845,3308.9856058359146,3308.936208486557,3342.7008613944054
3600.0,3486.9512915611267,3281.550407409668,3312.5393092632294,3310.019373893738,3347.7650955319405
3000.0,3462.4019265174866,3298.652172088623,3312.511593103409,3317.160978913307,3347.6816676557064
3000.0,3376.215174794197,3307.0966601371765,3311.670944094658,3323.097825050354,3329.5201510190964
3500.0,3370.9754794836044,3301.670551300049,3323.0041712522507,3322.5537836551666,3329.5509964227676
3999.9999999999995,3383.9113265275955,3300.316035747528,3326.048031449318,3327.663168311119,3334.48464050889
3999.9999999999995,3413.6657416820526,3315.0172233581543,3330.352082848549,3339.8504555225372,3349.7213758528233
3000.0,3374.069407582283,3321.5533196926117,3324.025869369507,3349.8962223529816,3342.386204749346
3999.9999999999995,3394.23269033432,3320.0915157794952,3334.1827243566513,3351.5480160713196,3350.0137366354465
3000.0,3359.544351696968,3322.9295164346695,3324.6801048517227,3355.9048175811768,3340.7646976411343
3000.0,3365.778923034668,3316.3873851299286,3312.576189637184,3349.194824695587,3335.984330624342
3000.0,3399.1965651512146,3320.041224360466,3319.367989897728,3344.2144095897675,3345.705047249794
1999.9999999999998,3426.4951944351196,3321.501240134239,3325.37479698658,3335.968181490898,3352.334853261709
3600.0,3418.60793530941,3316.2356168031693,3315.5905455350876,3320.3385025262833,3342.6931500434875
3999.9999999999995,3416.319116950035,3313.588500022888,3330.642879009247,3317.8938925266266,3344.611097127199
3200.0,3420.8887070417404,3315.640836954117,3315.844237804413,3328.573778271675,3345.2368900179863
3000.0,3461.512550711632,3325.3759145736694,3323.0598270893097,3338.7480676174164,3362.174089998007
3400.0,3406.503349542618,3319.92544233799,3322.6778358221054,3335.8939737081528,3346.2501503527164
3000.0,3418.1908518075943,3327.11398601532,3333.519324660301,3342.037573456764,3355.215433984995
3500.0,3384.905532002449,3328.8849145174026,3351.709619164467,3342.2429859638214,3351.935762912035
2500.0,3360.472396016121,3334.4154059886932,3350.9351313114166,3343.6261117458344,3347.3622612655163
3000.0,3373.6328780651093,3319.167047739029,3339.107930660248,3328.282982110977,3340.047709643841
3000.0,3448.5476464033127,3323.3193308115005,3345.3483134508133,3323.7361907958984,3360.2378703653812
3600.0,3452.2341191768646,3323.8061517477036,3337.193727493286,3320.8921551704407,3358.5315383970737
1999.9999999999998,3443.9626336097717,3336.0756933689117,3322.22118973732,3326.723277568817,3357.245698571205
3000.0,3481.993228197098,3327.568843960762,3327.8772979974747,3316.2660151720047,3363.426346331835
2400.0,3445.509374141693,3316.4405822753906,3318.9404010772705,3312.917947769165,3348.45207631588
4200.0,3468.22053194046,3309.10786986351,3316.996470093727,3307.294249534607,3350.404780358076
3500.0,3490.360602736473,3327.4318277835846,3328.4110575914383,3323.841691017151,3367.5112947821617
3000.0,3403.8273990154266,3326.8654346466064,3307.9976588487625,3330.97904920578,3342.417385429144
3000.0,3443.363830447197,3317.1437680721283,3324.529677629471,3335.6429636478424,3355.1700599491596
4500.0,3442.433774471283,3310.423046350479,3322.1787214279175,3327.6236057281494,3350.6647869944572
3000.0,3440.6165778636932,3319.7586983442307,3309.1074228286743,3337.9295468330383,3351.853061467409
3500.0,3453.0340880155563,3322.770372033119,3310.008868575096,3340.3348177671432,3356.5370365977287
3000.0,3408.6982905864716,3328.198939561844,3311.060070991516,3340.449258685112,3347.101639956236
3500.0,3368.120715022087,3316.3411170244217,3307.7529072761536,3334.1847360134125,3331.5998688340187
3000.0,3379.1278302669525,3323.572799563408,3314.113989472389,3344.290852546692,3340.2763679623604
3000.0,3358.767405152321,3312.8001540899277,3317.422494292259,3343.5671031475067,3333.1392891705036
2500.0,3377.54063308239,3305.922970175743,3327.9573172330856,3335.6648683547974,3336.771447211504
3999.9999999999995,3424.7399121522903,3300.8207380771637,3339.991047978401,3325.7196843624115,3347.8178456425667
3999.9999999999995,3385.794907808304,3313.1736516952515,3332.7774703502655,3329.274505376816,3340.255133807659
3200.0,3389.7466957569122,3322.802782058716,3322.727456688881,3335.163965821266,3342.610225081444
2700.0,3415.3515100479126,3323.2303708791733,3329.0505409240723,3341.626524925232,3352.3147366940975
3500.0,3398.214653134346,3308.749347925186,3340.9128338098526,3334.288001060486,3345.5412089824677
3999.9999999999995,3377.450108528137,3315.7087862491608,3326.5189826488495,3335.883915424347,3338.8904482126236
3000.0,3378.4785121679306,3324.9498903751373,3313.259035348892,3342.859447002411,3339.8867212235928
1999.9999999999998,3361.42860352993,3323.9011466503143,3293.8259840011597,3342.822343111038,3330.4945193231106
3000.0,3393.803760409355,3319.024220108986,3292.248621582985,3328.3768594264984,3333.363365381956
2500.0,3395.8353102207184,3319.2256093025208,3307.4837923049927,3318.05057823658,3335.148822516203
3500.0,3391.379490494728,3313.233107328415,3291.4989441633224,3301.61489546299,3324.431609362364
3200.0,3447.7943927049637,3319.1442489624023,3306.177109479904,3313.2516592741013,3346.591852605343
3000.0,3373.994752764702,3313.17275762558,3301.1705428361893,3320.0284838676453,3327.091634273529
3000.0,3382.633477449417,3299.4677871465683,3315.8504962921143,3318.6690509319305,3329.1552029550076
2800.0,3434.079810976982,3303.4835010766983,3313.8547092676163,3318.178430199623,3342.39911288023
3000.0,3442.240208387375,3302.8317242860794,3315.788358449936,3314.017876982689,3343.71954202652
3500.0,3457.697108387947,3309.8412305116653,3314.496874809265,3312.791883945465,3348.7067744135857
3000.0,3449.7425705194473,3324.5743811130524,3310.743570327759,3316.417559981346,3350.369520485401
3500.0,3434.9647164344788,3313.9273524284363,3312.089815735817,3315.2740448713303,3344.0639823675156
5000.0,3442.828059196472,3310.622423887253,3319.8874443769455,3320.887014269829,3348.556235432625
3000.0,3416.9650822877884,3329.053670167923,3307.0767670869827,3338.3414894342422,3347.859252244234
3000.0,3405.570611357689,3331.121876835823,3304.285705089569,3342.6587283611298,3345.9092304110527
3500.0,3388.032540678978,3321.2220668792725,3310.70177257061,3335.377648472786,3338.8335071504116
3999.9999999999995,3356.218636035919,3314.714804291725,3304.833322763443,3336.3036811351776,3328.0176110565662
3999.9999999999995,3352.268412709236,3316.480591893196,3310.1344853639603,3344.581425189972,3330.866228789091
3000.0,3316.086083650589,3325.943872332573,3312.266394495964,3352.01159119606,3326.5769854187965
3000.0,3288.780078291893,3317.47904419899,3324.224129319191,3352.4371683597565,3320.7301050424576
3000.0,3251.662328839302,3306.800052523613,3324.177861213684,3342.878445982933,3306.379672139883
3000.0,3274.850696325302,3302.193358540535,3324.6970921754837,3331.366404891014,3308.2768879830837
2500.0,3327.343761920929,3310.950994491577,3329.4352144002914,3329.0643990039825,3324.198592454195
3000.0,3319.786638021469,3305.5199682712555,3323.0987191200256,3320.646286010742,3317.262902855873
3000.0,3380.867913365364,3310.653269290924,3332.408219575882,3318.3015882968903,3335.557747632265
3999.9999999999995,3401.8709510564804,3308.0486208200455,3337.3747766017914,3314.0775561332703,3340.342976152897
2500.0,3411.168158054352,3319.0467953681946,3322.915658354759,3319.0371841192245,3343.0419489741325
1999.9999999999998,3440.254032611847,3312.307745218277,3322.8953182697296,3317.924290895462,3348.345346748829
3600.0,3457.222133874893,3290.1929318904877,3337.503746151924,3306.034281849861,3347.7382734417915
3500.0,3470.304384827614,3296.4324206113815,3349.714055657387,3306.6127449274063,3355.765901505947
3400.0,3468.661308288574,3312.467336654663,3332.6996862888336,3310.084417462349,3355.978187173605
3999.9999999999995,3479.020893573761,3314.117342233658,3329.7912776470184,3322.908729314804,3361.4595606923103
3999.9999999999995,3455.696627497673,3316.2957429885864,3329.838886857033,3335.5548977851868,3359.3465387821198
2500.0,3474.2284566164017,3322.32803106308,3334.97554063797,3347.5924283266068,3369.7811141610146
2500.0,3456.096276640892,3313.976973295212,3350.9404957294464,3341.6294306516647,3365.6607940793037
2500.0,3410.448208451271,3303.6182820796967,3344.6837961673737,3324.72525537014,3345.8688855171204
3000.0,3379.8091113567352,3293.347656726837,3339.267522096634,3309.0144395828247,3330.3596824407578
2200.0,3395.4278379678726,3294.162377715111,3329.995796084404,3309.887945652008,3332.368489354849
2500.0,3431.287631392479,3299.2082834243774,3327.110633254051,3303.7369698286057,3340.3358794748783
3000.0,3398.9430963993073,3295.2437549829483,3322.227895259857,3289.7119224071503,3326.5316672623158
3500.0,3380.47094643116,3297.9541271924973,3303.2990992069244,3291.6556298732758,3318.3449506759644
2500.0,3414.621949195862,3305.1949739456177,3302.1602779626846,3303.259089589119,3331.3090726733208
3000.0,3414.314165711403,3295.8103716373444,3292.696997523308,3300.691992044449,3325.878381729126
3500.0,3421.000689268112,3292.867988348007,3297.2945272922516,3305.778354406357,3329.235389828682
3000.0,3428.9033710956573,3297.434449195862,3310.4947954416275,3316.519260406494,3338.33796903491
4500.0,3401.659280061722,3286.985456943512,3314.2364770174026,3317.601978778839,3330.120798200369
3000.0,3396.1334824562073,3301.4054596424103,3303.941488265991,3332.020193338394,3333.3751559257507
1999.9999999999998,3432.420641183853,3304.637521505356,3293.720930814743,3337.9726856946945,3342.1879447996616
3000.0,3462.638407945633,3294.2260801792145,3297.1376180648804,3322.1715688705444,3344.043418765068
5000.0,3456.3973546028137,3292.311653494835,3294.847458600998,3314.3795281648636,3339.4839987158775
3000.0,3440.0372207164764,3317.166119813919,3307.754471898079,3332.2177827358246,3349.2938987910748
3000.0,3409.2197567224503,3313.894495368004,3305.42229115963,3332.9037576913834,3340.360075235367
3600.0,3440.808355808258,3306.6773414611816,3312.7590268850327,3333.7390422821045,3348.495941609144
3000.0,3467.59133040905,3303.6135882139206,3316.0288631916046,3334.703743457794,3355.4843813180923
3000.0,3473.670557141304,3293.611854314804,3317.2298222780228,3332.4868977069855,3354.249782860279
3000.0,3420.363888144493,3303.6911487579346,3311.0815286636353,3329.342007637024,3341.1196433007717
2600.0,3393.850699067116,3308.7801933288574,3312.5098049640656,3326.5943080186844,3335.433751344681
3000.0,3428.8624674081802,3309.6706867218018,3318.3737844228745,3320.5678313970566,3344.3686924874783
2700.0,3443.40942800045,3308.260068297386,3302.2747188806534,3314.186856150627,3342.032767832279
1999.9999999999998,3474.823012948036,3308.7895810604095,3310.447633266449,3311.0106736421585,3351.2677252292633
3200.0,3444.478064775467,3303.268253803253,3299.3853092193604,3297.3571121692657,3336.1221849918365
2400.0,3459.2143446207047,3300.9785413742065,3318.6737447977066,3300.625830888748,3344.8731154203415
3000.0,3469.4764763116837,3285.086452960968,3335.552215576172,3299.311101436615,3347.3565615713596
3999.9999999999995,3471.8723595142365,3284.1110229492188,3340.62896668911,3298.6468076705933,3348.8147892057896
3600.0,3462.8047049045563,3289.6819710731506,3322.7983117103577,3313.004896044731,3347.072470933199
3500.0,3515.962064266205,3305.5657893419266,3327.1651715040207,3324.0513503551483,3368.186093866825
2500.0,3497.265949845314,3317.4602687358856,3342.283219099045,3335.951864719391,3373.240325599909
3500.0,3439.037650823593,3304.2745292186737,3339.0672504901886,3330.179750919342,3353.1397953629494
3000.0,3420.511856675148,3298.8984882831573,3350.2860367298126,3335.0325375795364,3351.1822298169136
3000.0,3375.799208879471,3289.5252853631973,3345.56445479393,3328.278288245201,3334.79180932045
3500.0,3417.5994247198105,3287.794813513756,3363.9561384916306,3327.965810894966,3349.3290469050407
3500.0,3352.985456585884,3292.803168296814,3346.213772892952,3328.3424377441406,3330.0862088799477
2500.0,3389.4163370132446,3305.9538155794144,3356.519713997841,3335.7004076242447,3346.897568553686
3600.0,3392.852246761322,3298.5882461071014,3361.387252807617,3326.7223834991455,3344.8875322937965
3999.9999999999995,3408.987745642662,3306.7671954631805,3350.4869788885117,3326.2981474399567,3348.1350168585777
3000.0,3388.194814324379,3319.1677182912827,3330.446183681488,3332.9670131206512,3342.69393235445
3999.9999999999995,3397.587016224861,3319.540321826935,3325.621113181114,3334.246426820755,3344.2487195134163
2500.0,3372.926563024521,3328.489512205124,3318.6670392751694,3342.6694571971893,3340.688142925501
2500.0,3369.5434033870697,3328.644186258316,3322.9489624500275,3337.898924946785,3339.7588692605495
3000.0,3386.1279487609863,3312.8276467323303,3400.97576379776,3337.7020061016083,3359.4083413481712
2500.0,3336.527645587921,3302.738070487976,3400.242403149605,3338.9054238796234,3344.6033857762814
3600.0,3354.1665226221085,3288.3165031671524,3393.263518810272,3333.3228528499603,3342.2673493623734
3500.0,3411.829322576523,3300.3361523151398,3410.8268469572067,3340.4968678951263,3365.872297435999
3000.0,3359.5360815525055,3314.2753690481186,3404.534161090851,3350.6615459918976,3357.251789420843
2500.0,3330.5150270462036,3313.552290201187,3391.755223274231,3349.7916162014008,3346.4035391807556
2600.0,3350.3369987010956,3306.943327188492,3368.0355548858643,3335.8027786016464,3340.2796648442745
3600.0,3375.672474503517,3307.5617998838425,3353.6356687545776,3328.590542078018,3341.365121304989
3000.0,3381.286561489105,3316.5957033634186,3350.4239469766617,3332.5038850307465,3345.202524214983
3000.0,3391.9523656368256,3310.423269867897,3355.0485223531723,3331.550806760788,3347.2437411546707
3000.0,3421.1046248674393,3304.7177642583847,3371.557742357254,3334.38903093338,3357.9422906041145
3500.0,3430.1718324422836,3305.1149547100067,3400.6159007549286,3339.923769235611,3368.9566142857075
3600.0,3355.393409729004,3307.747319340706,3368.936777114868,3344.2653715610504,3344.085719436407
3000.0,3385.5311572551727,3319.5045590400696,3367.8625524044037,3345.743492245674,3354.66044023633
3000.0,3379.4550597667694,3310.8586817979813,3352.522552013397,3342.41084754467,3346.3117852807045
3600.0,3397.945314645767,3311.4174753427505,3357.931226491928,3342.6446467638016,3352.484665811062
3000.0,3386.5079283714294,3318.4493333101273,3346.8177169561386,3345.3409373760223,3349.2789790034294
3000.0,3401.5848487615585,3318.5628801584244,3351.7954498529434,3347.320184111595,3354.8158407211304
3999.9999999999995,3384.8165720701218,3310.452550649643,3344.503194093704,3346.620798110962,3346.5982787311077
3600.0,3461.9441628456116,3329.2150497436523,3368.2382851839066,3358.277454972267,3379.4187381863594
5000.0,3443.152606487274,3336.4366739988327,3362.7788722515106,3359.026461839676,3375.3486536443233
3000.0,3384.0738236904144,3356.4014732837677,3351.391553878784,3373.613655567169,3366.370126605034
3000.0,3331.4070850610733,3342.5822854042053,3315.998911857605,3371.8793839216232,3340.4669165611267
2500.0,3397.241234779358,3344.5673435926437,3348.9078283309937,3368.8075840473175,3364.880997687578
3500.0,3385.707512497902,3335.022032260895,3360.4319393634796,3355.531543493271,3359.173256903887
4500.0,3404.9928188323975,3332.267850637436,3388.310819864273,3350.2983301877975,3368.967454880476
2500.0,3379.463776946068,3341.263085603714,3348.2086658477783,3358.927443623543,3356.9657430052757
3000.0,3393.0017799139023,3340.5087143182755,3333.7996155023575,3356.6033095121384,3355.9783548116684
3000.0,3365.672528743744,3345.6742018461227,3323.332518339157,3353.5053580999374,3347.0461517572403
3500.0,3394.860327243805,3346.9361811876297,3344.2244678735733,3351.4827489852905,3359.3759313225746
3999.9999999999995,3379.187062382698,3353.128060698509,3352.1948754787445,3354.826122522354,3359.8340302705765
2700.0,3367.1703189611435,3363.807052373886,3349.2806553840637,3360.1512014865875,3360.10230705142
3000.0,3366.9711649417877,3349.158838391304,3342.932313680649,3355.232924222946,3353.5738103091717
3500.0,3329.9128711223602,3341.333270072937,3335.847929120064,3351.559638977051,3339.663427323103
3000.0,3341.5453881025314,3339.5344018936157,3353.489264845848,3351.4344692230225,3346.5008810162544
3000.0,3334.7786217927933,3336.2001925706863,3333.3637565374374,3345.0961858034134,3337.3596891760826
3000.0,3360.3210747241974,3335.478901863098,3324.0408450365067,3338.9756083488464,3339.704107493162
3500.0,3406.605049967766,3335.983157157898,3349.577710032463,3342.854082584381,3358.754999935627
3000.0,3391.5920555591583,3340.248093008995,3369.566425681114,3351.861387491226,3363.3169904351234
3000.0,3340.1019126176834,3332.5785398483276,3353.5435795783997,3353.3813059329987,3344.9013344943523
3999.9999999999995,3348.2082188129425,3313.5786652565002,3351.157307624817,3347.57924079895,3340.1308581233025
3500.0,3366.987481713295,3329.9584686756134,3329.671695828438,3354.608863592148,3345.3066274523735
3999.9999999999995,3433.157354593277,3338.8598263263702,3350.479155778885,3365.672081708908,3372.04210460186
4400.0,3353.8448810577393,3337.4004811048508,3337.5808596611023,3371.378481388092,3350.051175802946
3000.0,3396.599069237709,3353.7496626377106,3373.7900108098984,3387.085273861885,3377.8060041368008
5000.0,3294.1100746393204,3342.8534120321274,3339.480310678482,3380.223512649536,3339.1668274998665
2200.0,3300.4360646009445,3352.774456143379,3326.0804414749146,3383.803144097328,3340.7735265791416
3500.0,3344.842493534088,3344.52286362648,3319.0226554870605,3371.2998032569885,3344.9219539761543
3000.0,3331.9900184869766,3343.7593281269073,3316.732719540596,3362.71271109581,3338.7986943125725
1999.9999999999998,3369.019478559494,3344.6238934993744,3338.792771100998,3359.5535159111023,3352.997414767742
3500.0,3371.85300886631,3326.7322182655334,3358.3105355501175,3340.6832814216614,3349.3947610259056
3000.0,3381.802886724472,3326.072618365288,3398.466110229492,3347.5933223962784,3363.4837344288826
3000.0,3365.3991669416428,3321.8125998973846,3395.615816116333,3349.2104709148407,3358.0095134675503
2600.0,3337.7645909786224,3322.5490897893906,3373.711332678795,3344.975933432579,3344.7502367198467
3000.0,3358.1793308258057,3319.908455014229,3375.941812992096,3338.804394006729,3348.208498209715
1999.9999999999998,3357.0431917905807,3325.8332312107086,3361.9462698698044,3335.017114877701,3344.9599519371986
1999.9999999999998,3384.287729859352,3317.859023809433,3356.4645051956177,3317.1815425157547,3343.9482003450394
2500.0,3395.804464817047,3303.3064752817154,3358.1022173166275,3303.2776415348053,3340.122699737549
3000.0,3418.8341349363327,3285.706043243408,3384.362608194351,3297.8805899620056,3346.6958440840244
3999.9999999999995,3435.742110013962,3275.350034236908,3372.686952352524,3297.201544046402,3345.245160162449
3000.0,3431.333675980568,3284.8969101905823,3352.5433391332626,3316.882476210594,3346.4141003787518
2400.0,3464.8796170949936,3287.0107144117355,3355.9537678956985,3328.2798528671265,3359.0309880673885
2500.0,3472.4709391593933,3278.699442744255,3378.044217824936,3331.279903650284,3365.123625844717
3500.0,3436.390534043312,3264.1900330781937,3358.577638864517,3318.6788856983185,3344.4592729210854
2400.0,3495.6085681915283,3272.6211100816727,3394.8616683483124,3331.0863375663757,3373.5444210469723
2500.0,3470.7431495189667,3258.7970048189163,3371.831998229027,3324.3562281131744,3356.432095170021
3999.9999999999995,3446.2970495224,3255.2533596754074,3343.263119459152,3317.13929772377,3340.4882065951824
3000.0,3489.939272403717,3281.6071808338165,3369.702100753784,3331.589922308922,3368.20961907506
2500.0,3439.5937621593475,3291.8990403413773,3363.773748278618,3337.2554183006287,3358.130492269993
1999.9999999999998,3408.2798659801483,3281.4688235521317,3354.7597378492355,3334.1845124959946,3344.6732349693775
3000.0,3463.963195681572,3264.6773010492325,3371.593728661537,3323.4570175409317,3355.9228107333183
3999.9999999999995,3471.1971133947372,3264.6989822387695,3386.9820088148117,3322.9131996631622,3361.44782602787
3000.0,3443.5319155454636,3274.0773260593414,3353.0665934085846,3333.3125710487366,3350.9971015155315
3000.0,3501.620963215828,3288.6410504579544,3373.812362551689,3341.6426181793213,3376.429248601198
1999.9999999999998,3432.1703016757965,3283.557817339897,3366.328775882721,3341.3931727409363,3355.8625169098377
3000.0,3491.5249049663544,3282.0383459329605,3392.9622173309326,3330.536037683487,3374.2653764784336
3000.0,3477.5830060243607,3283.817544579506,3395.2320367097855,3322.4543184041977,3369.7717264294624
3000.0,3449.97838139534,3293.7099784612656,3379.9490332603455,3321.131318807602,3361.1921779811382
3999.9999999999995,3451.53272151947,3295.5817133188248,3394.0207958221436,3324.4264125823975,3366.390410810709
3000.0,3440.728560090065,3305.42229115963,3384.023755788803,3336.1995220184326,3366.5935322642326
3500.0,3465.515747666359,3309.76702272892,3389.1239762306213,3344.1947400569916,3377.150371670723
3000.0,3442.4469619989395,3310.498148202896,3391.3180232048035,3347.5515246391296,3372.953664511442
3000.0,3428.9132058620453,3315.5666291713715,3387.7216279506683,3345.7472920417786,3369.487188756466
3999.9999999999995,3419.0185368061066,3316.6082203388214,3393.8097953796387,3344.9486643075943,3368.5963042080402
3600.0,3424.4272112846375,3334.41786468029,3402.404487133026,3354.6142280101776,3378.965947777033
3000.0,3395.114243030548,3333.122804760933,3390.771970152855,3359.5769852399826,3369.6465007960796
3000.0,3396.8431502580643,3329.932764172554,3402.7663618326187,3358.563110232353,3372.0263466238976
3500.0,3393.786996603012,3328.87664437294,3402.8656035661697,3353.329449892044,3369.7146736085415
3500.0,3419.9492633342743,3338.1901681423187,3418.501764535904,3358.59976708889,3383.8102407753468
3500.0,3394.5132046937943,3339.313566684723,3411.121219396591,3358.3471924066544,3375.8237957954407
2500.0,3401.559144258499,3349.047973752022,3410.5579555034637,3358.587473630905,3379.9381367862225
3500.0,3375.4967898130417,3332.735225558281,3389.958143234253,3343.925178050995,3360.5288341641426
3000.0,3426.5604615211487,3341.379538178444,3410.5349332094193,3341.193348169327,3379.9170702695847
3000.0,3423.166573047638,3333.888351917267,3399.808332324028,3336.8077129125595,3373.417742550373
3000.0,3428.914099931717,3330.90640604496,3418.52568089962,3341.4997905492783,3379.961494356394
3000.0,3391.561657190323,3326.8361538648605,3397.562876343727,3335.0544422864914,3362.7537824213505
2400.0,3415.42549431324,3330.855220556259,3423.4030544757843,3339.1816914081573,3377.21636518836
3000.0,3395.0013667345047,3323.7026631832123,3421.0246056318283,3333.216682076454,3368.2363294065
3000.0,3368.46761405468,3314.2628520727158,3401.9502997398376,3330.2177488803864,3353.724628686905
4400.0,3426.954299211502,3317.5621926784515,3421.596810221672,3331.040069460869,3374.2883428931236
3000.0,3428.1599521636963,3337.9706740379333,3439.3440932035446,3349.32804107666,3388.7006901204586
2500.0,3341.0335332155228,3328.64373922348,3390.962854027748,3349.5332300662994,3352.5433391332626
3000.0,3389.916345477104,3320.276141166687,3408.542051911354,3343.0315554142,3365.4415234923363
3500.0,3404.707610607147,3322.6378262043,3413.792923092842,3337.8830552101135,3369.7553537786007
1999.9999999999998,3375.90292096138,3322.2321420907974,3401.14027261734,3339.9689197540283,3359.8110638558865
2500.0,3415.4871851205826,3307.0966601371765,3422.5210547447205,3329.7716081142426,3368.7191270291805
2200.0,3426.341637969017,3292.6277071237564,3449.5876729488373,3322.0012485980988,3372.6395666599274
3000.0,3423.0199456214905,3272.366300225258,3452.533856034279,3309.522271156311,3364.3605932593346
3999.9999999999995,3415.1914715766907,3275.4481583833694,3429.649695754051,3309.9254965782166,3357.553705573082
3000.0,3429.769054055214,3292.783722281456,3417.658656835556,3327.5842666625977,3366.948924958706
5000.0,3447.505608201027,3301.732912659645,3427.487835288048,3337.7929776906967,3378.629833459854
2400.0,3378.146141767502,3323.7869292497635,3390.7239139080048,3355.664536356926,3362.080380320549
1999.9999999999998,3380.536213517189,3324.0144699811935,3371.127024292946,3353.4517139196396,3357.282355427742
3000.0,3394.356518983841,3314.023017883301,3384.5695853233337,3340.4937386512756,3358.360715210438
3000.0,3395.6553786993027,3309.304118156433,3416.343256831169,3332.669511437416,3363.4930662810802
3600.0,3409.7906202077866,3304.646909236908,3432.14750289917,3330.395445227623,3369.245119392872
3600.0,3414.7536009550095,3314.354494214058,3429.3638169765472,3333.06223154068,3372.8835359215736
2500.0,3405.139669775963,3325.0688016414642,3410.153388977051,3336.8756622076035,3369.3093806505203
2600.0,3386.6125345230103,3319.607153534889,3381.0194581747055,3326.93874835968,3353.5444736480713
1999.9999999999998,3438.011482357979,3311.25408411026,3409.0664237737656,3325.917273759842,3371.0623160004616
4500.0,3424.0934997797012,3296.4297384023666,3397.40127325058,3316.578269004822,3358.6256951093674
3500.0,3436.952903866768,3310.0584894418716,3394.7186172008514,3332.437723875046,3368.541933596134
5000.0,3470.5625474452972,3323.354423046112,3413.628190755844,3355.0925552845,3390.6594291329384
3600.0,3331.9133520126343,3339.0022069215775,3393.9577639102936,3377.4999529123306,3360.593318939209
3000.0,3316.4148777723312,3337.6995474100113,3386.8584036827087,3381.3124895095825,3355.5713295936584
3500.0,3309.522271156311,3328.0357718467712,3398.699462413788,3377.855122089386,3353.528156876564
3000.0,3286.8893444538116,3322.4764466285706,3401.174247264862,3373.7844228744507,3346.0811153054237
3000.0,3317.391201853752,3317.4611628055573,3407.1220457553864,3368.094339966774,3352.5171875953674
2500.0,3342.931643128395,3324.3390172719955,3419.4132685661316,3361.6062998771667,3362.0725572109222
3000.0,3352.595642209053,3326.520323753357,3424.048349261284,3352.6888489723206,3363.9632910490036
3000.0,3367.4054592847824,3325.2932131290436,3439.56358730793,3347.0305055379868,3369.8231913149357
3000.0,3379.565253853798,3323.007971048355,3443.3935582637787,3344.9381589889526,3372.726235538721
3000.0,3400.338515639305,3319.452702999115,3425.871804356575,3341.8697118759155,3371.8831837177277
3999.9999999999995,3405.606597661972,3336.0540121793747,3429.38594520092,3346.5591073036194,3379.4014155864716
3500.0,3391.2675082683563,3350.9599417448044,3429.6485781669617,3351.384624838829,3380.815163254738
3000.0,3396.8406915664673,3354.2899042367935,3452.0620107650757,3363.0920201539993,3391.571156680584
3000.0,3310.7489347457886,3338.5173976421356,3414.8890525102615,3357.427641749382,3355.395756661892
3999.9999999999995,3311.7006719112396,3328.022360801697,3402.0736813545227,3348.4961092472076,3347.5732058286667
1999.9999999999998,3374.5182305574417,3342.183530330658,3429.180085659027,3355.5223792791367,3375.351056456566
3000.0,3375.5850791931152,3330.8932185173035,3431.723266839981,3337.6454561948776,3368.9617551863194
5000.0,3349.0153402090073,3327.1948993206024,3402.346149086952,3331.163674592972,3352.4300158023834
3000.0,3372.1348643302917,3358.7470650672913,3411.9806438684464,3351.5386283397675,3373.600300401449
2500.0,3356.422260403633,3359.7126603126526,3398.1292694807053,3351.573720574379,3366.4594776928425
3000.0,3364.611715078354,3340.737596154213,3387.1369063854218,3340.3296768665314,3358.20397362113
3999.9999999999995,3424.8507767915726,3338.8278633356094,3416.033685207367,3337.3944461345673,3379.276692867279
2500.0,3396.599516272545,3353.5464853048325,3390.3515338897705,3339.839279651642,3370.0842037796974
3000.0,3391.612619161606,3335.700184106827,3388.0676329135895,3336.879462003708,3363.0649745464325
2800.0,3393.707424402237,3325.9280025959015,3393.6821669340134,3331.8623900413513,3361.294995993376
3500.0,3412.540778517723,3323.2811093330383,3402.8613567352295,3328.7402987480164,3366.855885833502
2500.0,3394.1475301980972,3330.7866007089615,3416.638970375061,3337.017148733139,3369.6475625038147
2500.0,3363.9389276504517,3317.030221223831,3403.0508995056152,3325.8309960365295,3352.462761104107
3500.0,3433.0742061138153,3305.712193250656,3433.4000945091248,3323.4429359436035,3373.9073574543
3000.0,3379.267528653145,3305.1230013370514,3402.0638465881348,3327.7657628059387,3353.5550348460674
2700.0,3394.109755754471,3308.7189495563507,3402.6454389095306,3331.8310976028442,3359.326310455799
3000.0,3421.674594283104,3302.426040172577,3412.0184183120728,3329.3992280960083,3366.3795702159405
3000.0,3409.7403287887573,3307.2953671216965,3404.548019170761,3332.080766558647,3363.4161204099655
3999.9999999999995,3433.6354583501816,3304.940387606621,3411.698341369629,3330.613598227501,3370.221946388483
3000.0,3439.4241124391556,3321.2826400995255,3413.2806211709976,3341.7702466249466,3378.9394050836563
3600.0,3412.2421592473984,3313.7431740760803,3393.193557858467,3344.0738171339035,3365.8131770789623
3000.0,3443.6286985874176,3321.3110268115997,3406.953737139702,3349.957689642906,3380.4627880454063
2500.0,3395.729586482048,3324.6000856161118,3393.850699067116,3348.6637473106384,3365.7110296189785
3000.0,3413.861095905304,3323.865383863449,3423.682674765587,3344.6361869573593,3376.511335372925
3500.0,3404.388204216957,3316.960483789444,3437.553718686104,3341.0167694091797,3374.979794025421
3000.0,3371.9994127750397,3318.5244351625443,3415.563404560089,3344.021961092949,3362.5273033976555
3000.0,3401.1858701705933,3323.17516207695,3422.1388399600983,3343.3594554662704,3372.464831918478
1999.9999999999998,3394.6166932582855,3328.1631767749786,3413.734585046768,3340.0802314281464,3369.1486716270447
3600.0,3420.3361719846725,3314.555436372757,3425.0684827566147,3326.1897414922714,3371.537458151579
3000.0,3439.73346054554,3322.0477402210236,3435.8178824186325,3325.8113265037537,3380.8526024222374
2400.0,3432.2065114974976,3328.6578208208084,3414.37004506588,3327.0911872386932,3375.5813911557198
3000.0,3438.280373811722,3323.6530423164368,3416.803255677223,3326.1651545763016,3376.225456595421
3500.0,3450.2170979976654,3319.8282122612,3415.3175354003906,3322.688341140747,3377.0127967000008
3000.0,3473.924696445465,3332.4551582336426,3433.6350113153458,3334.6474170684814,3393.6655707657337
1999.9999999999998,3429.175391793251,3325.2353221178055,3424.105793237686,3338.7545496225357,3379.3177641928196
3000.0,3441.3211047649384,3306.9580793380737,3417.8848564624786,3320.363536477089,3371.631894260645
3500.0,3444.567695260048,3298.373892903328,3413.8213098049164,3313.4257793426514,3367.547169327736
3000.0,3446.7262029647827,3311.6555213928223,3417.6915138959885,3314.7018402814865,3372.69376963377
3500.0,3428.0555695295334,3307.14114010334,3408.7765216827393,3320.220485329628,3366.04842916131
3600.0,3410.201668739319,3314.196914434433,3432.0739656686783,3339.6850526332855,3374.039400368929
3000.0,3322.884365916252,3308.3441108465195,3418.8077598810196,3348.5104143619537,3349.6366627514362
3000.0,3341.2733674049377,3304.6475797891617,3419.9608862400055,3346.284404397011,3353.041559457779
3000.0,3336.464613676071,3302.1417260169983,3420.5085039138794,3344.4739133119583,3350.897189229727
3000.0,3353.2199263572693,3306.4037561416626,3443.119078874588,3345.614969730377,3362.0894327759743
3500.0,3359.3369275331497,3304.838463664055,3443.891331553459,3344.068229198456,3363.03373798728
2400.0,3378.6414563655853,3320.373594760895,3438.8570487499237,3346.6123044490814,3371.1211010813713
1999.9999999999998,3390.205353498459,3314.441442489624,3422.628566622734,3336.842358112335,3366.029430180788
3999.9999999999995,3420.9322929382324,3308.228552341461,3416.897803544998,3317.895233631134,3365.9884706139565
2500.0,3399.634435772896,3315.1866495609283,3387.5515311956406,3325.8039504289627,3357.044141739607
3000.0,3437.9100054502487,3320.499435067177,3410.2828055620193,3326.765298843384,3373.864386230707
2500.0,3413.863778114319,3326.803520321846,3415.7898277044296,3330.514580011368,3371.7429265379906
3000.0,3431.7518770694733,3318.6332881450653,3438.580110669136,3326.0250091552734,3378.747571259737
5000.0,3401.4348685741425,3305.410221219063,3408.471420407295,3319.721594452858,3358.7595261633396
1999.9999999999998,3426.128849387169,3333.2734555006027,3398.808538913727,3341.009169816971,3374.8050034046173
3000.0,3431.525006890297,3329.4200152158737,3397.0798552036285,3340.7704532146454,3374.698832631111
3500.0,3397.5986391305923,3319.869339466095,3396.4915573596954,3335.0645005702972,3362.25600913167
5000.0,3383.372202515602,3324.197083711624,3390.1291340589523,3336.920812726021,3358.65480825305
4500.0,3396.9388157129288,3350.3933250904083,3400.4654735326767,3357.0094406604767,3376.2017637491226
3000.0,3339.0366286039352,3357.882499694824,3363.1834387779236,3369.6886897087097,3357.447814196348
2500.0,3380.121812224388,3349.3445813655853,3389.8696303367615,3375.98092854023,3373.829238116741
3000.0,3354.674130678177,3325.078636407852,3377.710282802582,3358.220010995865,3353.920765221119
2400.0,3379.855379462242,3317.4343407154083,3393.990844488144,3346.618562936783,3359.4747819006443
3800.0,3392.4027532339096,3312.591388821602,3392.8053081035614,3332.2180062532425,3357.504364103079
3999.9999999999995,3412.5877171754837,3331.9591730833054,3421.836420893669,3343.4953540563583,3377.469666302204
3000.0,3360.590636730194,3338.4232968091965,3391.542211174965,3351.467102766037,3360.505811870098
3500.0,3397.701010107994,3332.6053619384766,3397.897928953171,3348.977118730545,3369.2953549325466
3000.0,3399.716019630432,3327.2668719291687,3403.7091583013535,3351.1215448379517,3370.4533986747265
3999.9999999999995,3373.9998936653137,3316.5226131677628,3399.9312669038773,3346.7119932174683,3359.2914417386055
2500.0,3370.7714080810547,3325.9738236665726,3391.4923667907715,3352.983444929123,3360.3052608668804
3000.0,3418.7664091587067,3322.5859701633453,3408.3500504493713,3346.7169106006622,3374.1048350930214
3999.9999999999995,3381.3073486089706,3320.3257620334625,3403.109908103943,3340.6148850917816,3361.3394759595394
2500.0,3368.4414625167847,3337.3233675956726,3393.8560634851456,3350.7420122623444,3362.590726464987
3500.0,3339.1164243221283,3328.7890255451202,3385.116085410118,3343.0639654397964,3349.0213751792908
3000.0,3364.1552925109863,3335.1561427116394,3410.4017168283463,3346.097767353058,3363.9527298510075
3000.0,3326.917514204979,3330.310732126236,3385.40218770504,3345.1607823371887,3346.947804093361
3600.0,3363.795429468155,3333.067148923874,3419.385105371475,3347.6489782333374,3365.9741654992104
3000.0,3349.3052423000336,3337.150141596794,3422.015905380249,3345.8219468593597,3363.573309034109
3999.9999999999995,3323.44651222229,3331.8456262350082,3391.842618584633,3341.6298776865005,3347.191158682108
3000.0,3350.2212166786194,3343.3225750923157,3387.6121044158936,3351.5766263008118,3358.18313062191
3000.0,3367.5818145275116,3338.487446308136,3407.8042209148407,3353.504240512848,3366.844430565834
1999.9999999999998,3350.0774949789047,3330.162540078163,3423.0760484933853,3349.74467754364,3363.2651902735233
15000.0,3348.3094722032547,3312.959522008896,3430.6038916110992,3332.2716504335403,3356.0361340641975
3500.0,3391.3984894752502,3394.1904455423355,3427.3099154233932,3403.687924146652,3404.146693646908
3000.0,3260.4264467954636,3387.2289955615997,3410.30091047287,3423.211947083473,3370.2920749783516
3000.0,3219.8162376880646,3363.274857401848,3398.498520255089,3412.352353334427,3348.485492169857
3000.0,3148.190528154373,3333.2446217536926,3388.4476125240326,3393.1850641965866,3315.7669566571712
3600.0,3117.199167609215,3330.046534538269,3410.099744796753,3378.02991271019,3308.8438399136066
3000.0,3139.754757285118,3338.2833749055862,3413.3242070674896,3367.6808327436447,3314.7607930004597
3500.0,3172.0543652772903,3342.06260740757,3427.1811693906784,3361.2070977687836,3325.6263099610806
2500.0,3126.446083188057,3347.5103974342346,3401.6434103250504,3356.4582467079163,3308.0145344138145
1999.9999999999998,3141.7545676231384,3345.285505056381,3414.1000360250473,3343.9497649669647,3311.272468417883
3000.0,3171.3201105594635,3333.0823481082916,3428.0694276094437,3321.0593461990356,3313.3828081190586
3000.0,3158.738538622856,3326.415717601776,3403.864726424217,3314.9340748786926,3300.9882643818855
3600.0,3210.3824615478516,3330.9195935726166,3423.782140016556,3319.3109929561615,3321.0987970232964
3500.0,3232.519179582596,3339.221701025963,3428.030088543892,3324.6754109859467,3331.1115950345993
3000.0,3206.753432750702,3341.430723667145,3397.4041789770126,3329.7309279441833,3318.8298158347607
2400.0,3208.198919892311,3340.3033018112183,3407.253250479698,3334.6733450889587,3322.6072043180466
3999.9999999999995,3193.43738257885,3325.6546407938004,3426.7978370189667,3331.427648663521,3319.3293772637844
1999.9999999999998,3160.1672619581223,3333.495631814003,3412.805199623108,3340.0627970695496,3311.6327226161957
3999.9999999999995,3132.7801197767258,3319.1536366939545,3420.141264796257,3331.391215324402,3300.866559147835
3500.0,3026.896119117737,3321.347013115883,3406.0069173574448,3337.0231837034225,3272.8183083236217
3000.0,2984.2130094766617,3330.6176215410233,3439.8112446069717,3351.7979085445404,3276.6099460422993
3000.0,2773.982360959053,3322.073221206665,3423.614501953125,3353.8129180669785,3218.3707505464554
3999.9999999999995,3341.8768644332886,3314.4255727529526,3417.2800183296204,3349.2697030305862,3355.713039636612
3000.0,3347.1301943063736,3322.252929210663,3421.76154255867,3353.1345427036285,3361.0698021948338
3600.0,3356.6417545080185,3316.459581255913,3409.227132797241,3350.9085327386856,3358.3092503249645
3999.9999999999995,3384.317234158516,3323.8673955202103,3415.3689444065094,3352.5775372982025,3369.0327778458595
3999.9999999999995,3419.78095471859,3340.4313772916794,3429.933786392212,3360.140696167946,3387.5717036426067
3000.0,3349.3486046791077,3347.381427884102,3403.6651253700256,3366.8310195207596,3366.8065443634987
2200.0,3357.9450845718384,3340.523913502693,3411.545678973198,3363.58979344368,3368.4011176228523
3000.0,3383.3514153957367,3328.961804509163,3414.8886054754257,3347.8519320487976,3368.7634393572807
3000.0,3384.508341550827,3334.619924426079,3411.9757264852524,3343.1880176067352,3368.5730025172234
3000.0,3364.8137748241425,3336.1731469631195,3409.5364809036255,3337.9297703504562,3362.113293260336
3500.0,3385.1683884859085,3344.675526022911,3403.4237265586853,3337.28089928627,3367.6371350884438
3999.9999999999995,3413.797840476036,3356.0793846845627,3408.270701766014,3335.801884531975,3378.487452864647
1999.9999999999998,3397.8527784347534,3363.211825489998,3407.8411012887955,3346.2607115507126,3378.791604191065
3000.0,3376.2138336896896,3343.4367924928665,3419.0165251493454,3337.0982855558395,3368.9413592219353
3000.0,3357.943519949913,3327.6504278182983,3420.0865030288696,3331.3342183828354,3359.253667294979
2500.0,3358.009234070778,3318.5217529535294,3408.985957503319,3331.8883180618286,3354.3513156473637
3000.0,3386.8740499019623,3314.5324140787125,3412.8930419683456,3326.001763343811,3360.075317323208
2500.0,3373.458981513977,3318.3111995458603,3414.781540632248,3323.8669484853745,3357.604667544365
3600.0,3406.999111175537,3323.412984609604,3436.712622642517,3323.2055604457855,3372.582569718361
2500.0,3378.4400671720505,3331.4352482557297,3418.751433491707,3323.4903216362,3363.0292676389217
3500.0,3380.8355033397675,3324.665352702141,3407.1142226457596,3317.4721151590347,3357.5217984616756
3000.0,3390.1161700487137,3321.6670900583267,3410.5615317821503,3326.040655374527,3362.0963618159294
3000.0,3400.105834007263,3311.4954829216003,3405.6973457336426,3326.6209065914154,3360.9798923134804
3500.0,3425.2721071243286,3309.0846240520477,3402.2044390439987,3329.911082983017,3366.618063300848
2400.0,3442.4619376659393,3312.665820121765,3401.9775688648224,3334.2133462429047,3372.829668223858
4500.0,3453.9536386728287,3307.8163862228394,3394.8010951280594,3327.31693983078,3370.972014963627
2800.0,3430.100753903389,3327.760398387909,3369.387164711952,3340.6151086091995,3366.9658564031124
3000.0,3452.196568250656,3329.4573426246643,3380.417749285698,3343.428745865822,3376.37510150671
3000.0,3418.654203414917,3326.985239982605,3390.5674517154694,3339.4865691661835,3368.9233660697937
3500.0,3404.5173972845078,3318.9386129379272,3390.933573246002,3334.602266550064,3362.2479625046253
3500.0,3381.231799721718,3313.2970333099365,3380.9396624565125,3336.1179381608963,3352.896608412266
3500.0,3436.9712322950363,3323.93154501915,3408.605307340622,3347.9397743940353,3379.361964762211
5000.0,3397.872895002365,3328.523710370064,3422.1871197223663,3354.1687577962875,3375.6881207227707
3000.0,3341.248333454132,3340.456634759903,3412.1377766132355,3367.3544973134995,3365.2993105351925
3999.9999999999995,3316.555917263031,3336.2679183483124,3396.580070257187,3364.1526103019714,3353.3891290426254
2500.0,3325.136750936508,3343.2266861200333,3384.7980201244354,3363.4744584560394,3354.158978909254
3000.0,3350.781574845314,3326.5022188425064,3391.316682100296,3356.567993760109,3356.2921173870564
2500.0,3362.9755675792694,3322.0524340867996,3399.353250861168,3347.0962196588516,3357.869368046522
2700.0,3382.776528596878,3317.2910660505295,3396.75173163414,3333.808109164238,3357.6568588614464
3999.9999999999995,3405.461758375168,3319.569155573845,3414.5935624837875,3326.6492933034897,3366.5684424340725
3000.0,3378.130942583084,3336.803689599037,3393.5433626174927,3333.715572953224,3360.5483919382095
2500.0,3369.0451830625534,3337.4036103487015,3386.988267302513,3334.806337952614,3357.0608496665955
3500.0,3394.007161259651,3331.543207168579,3397.878035902977,3332.083448767662,3363.8779632747173
3000.0,3392.055630683899,3328.368365764618,3412.0801091194153,3333.27054977417,3366.4436638355255
3000.0,3384.322375059128,3321.618363261223,3394.8084712028503,3329.0572464466095,3357.4516139924526
3000.0,3408.673033118248,3321.0334181785583,3400.0005573034286,3328.6625146865845,3364.592380821705
3000.0,3403.736650943756,3321.0133016109467,3400.67021548748,3328.746110200882,3363.541569560766
3000.0,3421.52439057827,3318.4365928173065,3413.5890752077103,3327.387347817421,3370.234351605177
1999.9999999999998,3424.459397792816,3322.8378742933273,3414.110317826271,3323.523849248886,3371.232859790325
3000.0,3406.5165370702744,3304.915577173233,3405.9928357601166,3309.096470475197,3356.630355119705
2500.0,3413.8673543930054,3297.726586461067,3423.6355125904083,3310.3246986865997,3361.38853803277
4600.0,3415.481373667717,3289.409279823303,3402.7165174484253,3301.39696598053,3352.251034229994
3500.0,3477.761596441269,3302.6260882616043,3440.439999103546,3328.7599682807922,3387.396913021803
2500.0,3378.252759575844,3303.4291863441467,3417.4903482198715,3348.049968481064,3361.8055656552315
2500.0,3361.9029074907303,3286.1392199993134,3425.6505221128464,3344.085216522217,3354.4444665312767
5000.0,3358.6281538009644,3275.797963142395,3408.292606472969,3330.056145787239,3343.193717300892
2500.0,3340.1325345039368,3302.41397023201,3381.350040435791,3342.565968632698,3341.615628451109
3000.0,3347.8043228387833,3305.2998036146164,3362.5900000333786,3336.9080722332,3338.1505496799946
3000.0,3395.9434926509857,3310.5944842100143,3392.6470577716827,3335.7683569192886,3358.738347887993
3000.0,3416.1709249019623,3312.4959468841553,3417.3137694597244,3333.640694618225,3369.9053339660168
3000.0,3360.491618514061,3301.9541949033737,3402.5070816278458,3330.6795358657837,3348.908107727766
1999.9999999999998,3397.5711464881897,3303.7564158439636,3414.064943790436,3331.8328857421875,3361.806347966194
3999.9999999999995,3392.203599214554,3300.974518060684,3423.989564180374,3320.5465972423553,3359.428569674492
3999.9999999999995,3367.878198623657,3311.120867729187,3420.5232560634613,3327.6133239269257,3356.783911585808
4500.0,3354.9711853265762,3321.889042854309,3395.0308710336685,3339.621126651764,3352.8780564665794
1999.9999999999998,3349.420130252838,3340.0920778512955,3371.182233095169,3357.2347462177277,3354.4822968542576
5000.0,3360.51307618618,3331.567123532295,3389.7558599710464,3347.8977531194687,3357.4334532022476
3000.0,3328.828811645508,3347.5296199321747,3390.6546235084534,3358.5235476493835,3356.38415068388
2400.0,3291.568234562874,3341.6636288166046,3387.957662343979,3354.134112596512,3343.8309095799923
3999.9999999999995,3271.389752626419,3326.033279299736,3378.7936717271805,3339.2666280269623,3328.8708329200745
3000.0,3303.913325071335,3338.540866971016,3379.4327080249786,3338.307961821556,3340.0487154722214
3000.0,3342.2335982322693,3331.696316599846,3391.9838815927505,3335.7135951519012,3350.4068478941917
3000.0,3327.8048783540726,3328.8390934467316,3376.5193819999695,3328.530192375183,3340.423386543989
3600.0,3384.910225868225,3321.3092386722565,3391.7346596717834,3328.837975859642,3356.6980250179768
1999.9999999999998,3394.3086862564087,3325.1912891864777,3396.206572651863,3330.9249579906464,3361.657876521349
3000.0,3372.359275817871,3313.242718577385,3389.771059155464,3318.8456296920776,3348.5546708106995
4600.0,3387.0336413383484,3311.382383108139,3409.4025939702988,3318.1632310152054,3356.495462357998
5000.0,3390.5216306447983,3325.1678198575974,3429.5732527971268,3337.9635214805603,3370.8065561950207
2500.0,3329.5923471450806,3340.2442932128906,3379.7889947891235,3354.986160993576,3351.1529490351677
3999.9999999999995,3359.5072478055954,3331.0405164957047,3377.9865503311157,3352.968916296959,3355.3758077323437
3000.0,3375.45208632946,3332.9448848962784,3388.543948531151,3361.5560084581375,3364.6242320537567
3600.0,3357.453793287277,3324.6704936027527,3375.532105565071,3353.004902601242,3352.6653237640858
3999.9999999999995,3381.9734305143356,3331.3556760549545,3382.766470313072,3350.70937871933,3361.701238900423
3000.0,3385.244831442833,3339.730426669121,3394.678831100464,3355.5883169174194,3368.8106015324593
3000.0,3360.104039311409,3324.9246329069138,3386.9006484746933,3350.382372736931,3355.5779233574867
3000.0,3375.694826245308,3322.918340563774,3407.6951444149017,3350.079506635666,3364.0969544649124
2500.0,3343.4607088565826,3316.459581255913,3405.323848128319,3344.242125749588,3352.3715659976006
3000.0,3343.0447429418564,3322.6610720157623,3409.060835838318,3335.8490467071533,3352.6539243757725
3000.0,3317.861929535866,3322.875425219536,3389.440029859543,3326.6079425811768,3339.1963317990303
3000.0,3340.3321355581284,3326.750546693802,3399.7372537851334,3324.160873889923,3347.7452024817467
2400.0,3333.41583609581,3328.6385983228683,3392.8533643484116,3321.4491605758667,3344.089239835739
3500.0,3367.6502108573914,3319.4649964571,3411.3501012325287,3319.947123527527,3354.6031080186367
2500.0,3362.0084077119827,3322.7287977933884,3420.6533432006836,3326.341062784195,3357.9329028725624
3000.0,3377.5922656059265,3310.774192214012,3425.910696387291,3321.509286761284,3358.9466102421284
3999.9999999999995,3395.8927541971207,3300.122246146202,3428.875207901001,3318.2917535305023,3360.7954904437065
3500.0,3384.1051161289215,3302.2065460681915,3401.6773849725723,3330.2512764930725,3354.5600809156895
3000.0,3399.3078768253326,3318.1920647621155,3413.3409708738327,3341.582268476486,3368.1057952344418
3600.0,3344.0814167261124,3319.973051548004,3389.8671716451645,3339.0290290117264,3348.237667232752
2500.0,3408.5411578416824,3329.7906070947647,3407.137468457222,3341.5094017982483,3371.7446587979794
2500.0,3416.7583286762238,3326.958864927292,3411.5005284547806,3335.3720605373383,3372.6474456489086
3000.0,3382.391184568405,3313.2366836071014,3398.5260128974915,3326.096087694168,3355.0624921917915
3600.0,3413.3081138134003,3305.7182282209396,3408.721089363098,3322.9053765535355,3362.6632019877434
3000.0,3428.7182986736298,3317.4095302820206,3403.6291390657425,3329.249694943428,3369.751665741205
2500.0,3423.922061920166,3324.7965574264526,3404.7655016183853,3332.4388414621353,3371.480740606785
3000.0,3429.459258913994,3316.972553730011,3423.883616924286,3326.599895954132,3374.2288313806057
3000.0,3412.8738194704056,3312.7035945653915,3410.2005511522293,3319.987803697586,3363.941442221403
2500.0,3421.235829591751,3305.9442043304443,3403.7520736455917,3316.0364627838135,3361.7421425879
3999.9999999999995,3435.1951628923416,3295.3333854675293,3401.0522067546844,3309.0365678071976,3360.1543307304382
3500.0,3456.774204969406,3316.0999417304993,3410.6815606355667,3323.892205953598,3376.8619783222675
3000.0,3423.842489719391,3329.3697237968445,3398.369550704956,3328.4617960453033,3370.0108900666237
3999.9999999999995,3397.4696695804596,3322.227895259857,3398.059755563736,3329.7309279441833,3361.872062087059
3000.0,3383.569121360779,3328.675925731659,3401.5578031539917,3346.03875875473,3364.96040225029
1999.9999999999998,3360.411822795868,3323.2594281435013,3393.4295922517776,3344.7743207216263,3355.4687909781933
3500.0,3412.6024693250656,3307.2178065776825,3415.902704000473,3328.09254527092,3365.9538812935352
3500.0,3430.0681203603745,3309.8092675209045,3441.2509202957153,3331.693634390831,3378.2054856419563
3500.0,3379.180356860161,3308.607190847397,3403.645008802414,3335.8731865882874,3356.8264357745647
3500.0,3420.4785525798798,3315.1021599769592,3406.9177508354187,3337.433785200119,3369.983062148094
3600.0,3405.860513448715,3319.658786058426,3388.1715685129166,3342.394307255745,3364.0212938189507
3999.9999999999995,3425.2437204122543,3325.343504548073,3396.3677287101746,3346.9846844673157,3373.4849095344543
3500.0,3413.960784673691,3332.3244005441666,3400.995209813118,3356.3945442438126,3375.918734818697
3000.0,3362.165540456772,3331.4546942710876,3390.5504643917084,3357.2908490896225,3360.3653870522976
3000.0,3358.9790761470795,3331.514149904251,3395.273834466934,3353.4155040979385,3359.795641154051
3500.0,3343.5116708278656,3325.3325521945953,3387.269005179405,3348.2100069522858,3351.080808788538
3000.0,3371.7454969882965,3336.5584909915924,3418.775349855423,3357.5235307216644,3371.150717139244
3000.0,3345.1708406209946,3329.8301696777344,3421.0585802793503,3350.0897884368896,3361.537344753742
3500.0,3287.1584594249725,3325.1915127038956,3398.454040288925,3341.812938451767,3338.15423771739
3500.0,3312.8687739372253,3333.2397043704987,3419.347107410431,3340.7436311244965,3351.549804210663
2800.0,3304.5461028814316,3331.308960914612,3396.9638496637344,3338.2869511842728,3342.7764661610126
2500.0,3338.923305273056,3332.3675394058228,3400.76319873333,3334.9455893039703,3351.7499081790447
3000.0,3380.052074790001,3328.3697068691254,3420.3051030635834,3327.857628464699,3364.146128296852
2700.0,3368.876427412033,3322.7940648794174,3424.6554225683212,3325.934261083603,3360.5650439858437
3500.0,3371.3626116514206,3313.2492005825043,3435.99334359169,3320.9147304296494,3360.379971563816
1999.9999999999998,3392.1850472688675,3320.983797311783,3423.117622733116,3329.894542694092,3366.5452525019646
3999.9999999999995,3421.064168214798,3310.142308473587,3434.537574648857,3320.9744095802307,3371.679615229368
3500.0,3406.694456934929,3320.164829492569,3435.63012778759,3332.335352897644,3373.706191778183
3000.0,3401.910960674286,3330.356553196907,3416.6917204856873,3339.806869626045,3372.1915259957314
2500.0,3420.054316520691,3327.638804912567,3421.3480353355408,3335.7247710227966,3376.191481947899
3500.0,3442.319557070732,3326.5574276447296,3420.1743453741074,3325.6687223911285,3378.6800131201744
3500.0,3431.865870952606,3327.406123280525,3400.2551436424255,3323.1043070554733,3370.6578612327576
2500.0,3446.9593316316605,3337.748497724533,3417.7266061306,3337.545096874237,3384.9948830902576
4400.0,3406.7776054143906,3323.6950635910034,3421.4770048856735,3332.2039246559143,3371.0383996367455
3600.0,3395.344465970993,3337.9702270030975,3436.1549466848373,3344.893679022789,3378.5908296704292
1999.9999999999998,3355.6144684553146,3337.891548871994,3407.1607142686844,3343.8967913389206,3361.1408807337284
3000.0,3373.1985837221146,3320.8467811346054,3402.0665287971497,3327.055424451828,3355.7918295264244
3999.9999999999995,3383.4877610206604,3307.4723929166794,3411.1113846302032,3319.866880774498,3355.4846048355103
2500.0,3387.233465909958,3323.816880583763,3420.3241020441055,3329.915329813957,3365.322444587946
3000.0,3386.52603328228,3321.09197974205,3431.1481565237045,3327.791690826416,3366.6394650936127
3500.0,3331.514820456505,3318.4922486543655,3419.9702739715576,3324.6997743844986,3348.6692793667316
3000.0,3338.9662206172943,3326.2597024440765,3449.4973719120026,3333.9013159275055,3362.1561527252197
2500.0,3330.583870410919,3322.4505186080933,3426.5412390232086,3330.4363489151,3352.5029942393303
3000.0,3363.6926114559174,3319.2045986652374,3422.839120030403,3322.5564658641815,3357.073199003935
3999.9999999999995,3390.229493379593,3308.3760738372803,3412.8599613904953,3318.1238919496536,3357.3973551392555
3000.0,3395.8321809768677,3321.652114391327,3409.0543538331985,3330.0449699163437,3364.145904779434
3000.0,3400.684967637062,3327.5221288204193,3393.1298553943634,3329.5100927352905,3362.711761146784
1999.9999999999998,3430.0877898931503,3327.9383182525635,3410.060629248619,3331.180214881897,3374.8167380690575
1999.9999999999998,3410.012796521187,3315.1625096797943,3410.0762754678726,3318.982422351837,3363.5585010051727
3000.0,3435.736298561096,3294.726088643074,3427.6261925697327,3298.792988061905,3364.220391958952
2500.0,3430.1870316267014,3294.196128845215,3413.916751742363,3295.5683022737503,3358.4670536220074
3600.0,3422.4794805049896,3281.6344499588013,3403.938263654709,3290.09547829628,3349.536918103695
3000.0,3472.2554683685303,3294.978439807892,3413.9661490917206,3302.1600544452667,3370.8400279283524
4500.0,3468.9702093601227,3294.3405210971832,3406.5312892198563,3309.1923594474792,3369.7585947811604
3999.9999999999995,3427.5222569704056,3313.433825969696,3377.871662378311,3328.6741375923157,3361.875470727682
3999.9999999999995,3404.662013053894,3316.6227489709854,3363.404721021652,3347.5376665592194,3358.0567874014378
3000.0,3398.30718934536,3328.038230538368,3390.04710316658,3365.919068455696,3370.577897876501
3000.0,3334.711343050003,3319.072276353836,3374.944254755974,3357.8677475452423,3346.648905426264
3000.0,3377.019837498665,3318.06018948555,3401.0638296604156,3353.3723652362823,3362.379055470228
3500.0,3353.11621427536,3305.797576904297,3382.584974169731,3345.373794436455,3346.7181399464607
3600.0,3388.0455046892166,3317.0315623283386,3404.2592346668243,3350.0146865844727,3364.837747067213
3500.0,3400.9498357772827,3323.114812374115,3409.1967344284058,3346.7258512973785,3369.9968084692955
3000.0,3371.8089759349823,3324.8868584632874,3383.760005235672,3346.8984067440033,3356.8385615944862
3000.0,3374.2082118988037,3325.8189260959625,3397.0700204372406,3343.1998640298843,3360.074255615473
3500.0,3359.01640355587,3321.8251168727875,3383.6180716753006,3337.4351263046265,3350.473679602146
3000.0,3398.2960134744644,3333.241492509842,3397.9960530996323,3343.1048691272736,3368.159607052803
2500.0,3386.1172199249268,3326.1340856552124,3399.769216775894,3336.97110414505,3362.247906625271
1999.9999999999998,3422.5009381771088,3321.2607353925705,3418.4541553258896,3328.1128853559494,3372.5821785628796
3999.9999999999995,3420.463800430298,3306.8664371967316,3415.292277932167,3311.440721154213,3363.5158091783524
3000.0,3424.191400408745,3316.2526041269302,3409.375548362732,3313.7619495391846,3365.895375609398
2500.0,3410.172611474991,3317.2081410884857,3408.6041897535324,3320.179358124733,3364.0410751104355
3999.9999999999995,3375.725671648979,3304.8581331968307,3396.1938321590424,3314.4262433052063,3347.8009700775146
3999.9999999999995,3401.319980621338,3322.203978896141,3401.2388437986374,3328.6553621292114,3363.354541361332
3000.0,3372.1203356981277,3330.0550282001495,3383.8719874620438,3341.163396835327,3356.802687048912
2700.0,3349.768817424774,3327.779173851013,3386.058211326599,3342.801332473755,3351.6018837690353
5000.0,3349.176272749901,3320.2875405550003,3401.6143530607224,3336.7688208818436,3351.9617468118668
3999.9999999999995,3345.9681272506714,3341.2273228168488,3395.964726805687,3350.9011566638947,3358.5153333842754
3000.0,3310.963064432144,3342.321887612343,3377.9101073741913,3359.534740447998,3347.682449966669
2400.0,3343.4631675481796,3335.423022508621,3395.6171572208405,3359.562009572983,3358.516339212656
3000.0,3343.8552170991898,3312.3531192541122,3399.003893136978,3342.6229655742645,3349.458798766136
3500.0,3372.0763027668,3312.8638565540314,3394.942581653595,3335.993215441704,3353.9689891040325
3000.0,3416.9885516166687,3323.2272416353226,3415.079042315483,3336.0497653484344,3372.836150228977
3000.0,3370.0981736183167,3323.068544268608,3410.533145070076,3334.953635931015,3359.663374722004
3000.0,3360.3474497795105,3312.1079206466675,3415.7516062259674,3331.863284111023,3355.017565190792
2500.0,3398.8498896360397,3313.0158483982086,3421.744778752327,3331.840932369232,3366.362862288952
2400.0,3414.369598031044,3312.0661228895187,3429.4769167900085,3324.471339583397,3370.095994323492
3000.0,3419.6801483631134,3308.7218552827835,3426.8271178007126,3319.5698261260986,3368.699736893177
3400.0,3408.0778062343597,3312.4228566884995,3412.856385111809,3316.929414868355,3362.5716157257557
3000.0,3414.754942059517,3321.9990134239197,3416.8021380901337,3322.6528018712997,3369.0522238612175
3000.0,3424.7010201215744,3328.3531665802,3415.282219648361,3323.666676878929,3373.0007708072662
3000.0,3414.0287339687347,3325.1693844795227,3405.8084338903427,3325.2516388893127,3367.564547806978
3000.0,3427.807241678238,3318.231627345085,3414.558917284012,3321.4976638555527,3370.523862540722
5000.0,3432.4347227811813,3314.485028386116,3407.5771272182465,3319.7108656167984,3368.5519360005856
3999.9999999999995,3433.7536990642548,3336.830735206604,3387.7714723348618,3339.0431106090546,3374.3497543036938
3600.0,3420.5304086208344,3352.8517931699753,3376.755863428116,3355.0889790058136,3376.3067610561848
3000.0,3386.457860469818,3347.4475890398026,3373.273015022278,3359.624147415161,3366.700652986765
2500.0,3373.6255019903183,3331.7890763282776,3385.1876109838486,3354.5950055122375,3361.2992987036705
3000.0,3386.0736340284348,3321.5349912643433,3389.6443247795105,3342.2063291072845,3359.8648197948933
2500.0,3374.538794159889,3315.647318959236,3387.548178434372,3334.0975642204285,3352.9579639434814
3500.0,3417.6331758499146,3312.0685815811157,3410.2944284677505,3327.8077840805054,3366.9509924948215
3000.0,3393.7083184719086,3321.6726779937744,3411.0908210277557,3322.167545557022,3362.159840762615
3000.0,3389.5960450172424,3313.257247209549,3393.372818827629,3318.3369040489197,3353.640753775835
3000.0,3368.038237094879,3308.2889020442963,3380.652219057083,3322.526514530182,3344.87646818161
3000.0,3390.2788907289505,3306.000977754593,3423.6256778240204,3339.041545987129,3364.7367730736732
1999.9999999999998,3388.8494968414307,3311.263248324394,3429.99704182148,3349.921703338623,3370.007872581482
3000.0,3368.159830570221,3304.0454238653183,3434.7642213106155,3344.1446721553802,3362.7785369753838
2500.0,3352.3788303136826,3304.2678236961365,3446.6318786144257,3341.555893421173,3361.2086065113544
2400.0,3342.8650349378586,3299.1043478250504,3431.0057759284973,3334.7466588020325,3351.9304543733597
3000.0,3349.3850380182266,3294.649198651314,3418.7959134578705,3325.997292995453,3347.206860780716
3000.0,3370.983973145485,3297.21562564373,3415.05266726017,3324.43468272686,3351.9217371940613
2500.0,3374.9129623174667,3293.1607961654663,3412.4406427145004,3322.5318789482117,3350.7615700364113
2500.0,3390.9662067890167,3279.213309288025,3423.8478541374207,3318.166583776474,3353.048488497734
2500.0,3401.66799724102,3271.401599049568,3466.7446464300156,3318.6862617731094,3364.6251261234283
3000.0,3353.3795177936554,3250.3551989793777,3453.8041055202484,3310.0028336048126,3341.8854139745235
2500.0,3397.9003876447678,3252.224028110504,3454.6078741550446,3315.4617995023727,3355.0485223531723
3600.0,3414.016216993332,3246.374800801277,3439.7048503160477,3309.146761894226,3352.3106575012207
2500.0,3375.3588795661926,3260.5641335248947,3409.5125645399094,3319.0423250198364,3341.1194756627083
3600.0,3385.3018283843994,3267.1241462230682,3397.7318555116653,3315.8746361732483,3341.5081165730953
3500.0,3421.0489690303802,3278.381824493408,3425.3861010074615,3324.972242116928,3362.4472841620445
2400.0,3375.208005309105,3283.6751639842987,3425.633981823921,3343.171924352646,3356.9222688674927
5000.0,3350.876122713089,3263.234943151474,3432.118445634842,3339.163362979889,3346.3482186198235
3000.0,3359.71400141716,3282.4111729860306,3398.0217576026917,3351.157307624817,3347.826059907675
3500.0,3383.3616971969604,3292.7846163511276,3394.0067142248154,3357.814773917198,3356.9919504225254
2700.0,3404.8741310834885,3299.712762236595,3425.409570336342,3363.039493560791,3373.258989304304
1999.9999999999998,3397.083878517151,3292.1920716762543,3421.3225543498993,3353.363424539566,3365.9904822707176
5000.0,3417.7380055189133,3286.026120185852,3423.966094851494,3338.611274957657,3366.585373878479
2400.0,3418.2462841272354,3313.7641847133636,3439.3595159053802,3352.0136028528214,3380.8458968997
3000.0,3401.026502251625,3309.035897254944,3407.5170010328293,3342.5910025835037,3365.0426007807255
3999.9999999999995,3415.590226650238,3317.437246441841,3408.527970314026,3340.238258242607,3370.448425412178
2500.0,3433.450609445572,3336.0611647367477,3435.3169798851013,3354.474753141403,3389.825876802206
3000.0,3406.0095995664597,3331.8720012903214,3420.710787177086,3343.265801668167,3375.4645474255085
3000.0,3405.3754806518555,3329.8230171203613,3410.6355160474777,3336.147665977478,3370.495419949293
1999.9999999999998,3409.1589599847794,3330.1670104265213,3416.1362797021866,3332.4073255062103,3371.9673939049244
3999.9999999999995,3418.407663702965,3310.2864772081375,3438.60425055027,3319.1820234060287,3371.6201037168503
3500.0,3417.9190546274185,3317.541182041168,3463.6837989091873,3335.4614675045013,3383.651375770569
3500.0,3395.3603357076645,3327.016308903694,3469.6125984191895,3350.144997239113,3385.5335600674152
3000.0,3315.373957157135,3331.385627388954,3421.279639005661,3357.1241050958633,3356.2908321619034
3000.0,3353.789672255516,3326.531946659088,3424.367755651474,3357.2687208652496,3365.489523857832
3500.0,3374.2254227399826,3328.263536095619,3435.94953417778,3356.0729026794434,3373.6278489232063
3000.0,3362.9489690065384,3334.1972529888153,3420.993983745575,3354.6119928359985,3368.188049644232
3000.0,3373.5747635364532,3334.9040150642395,3412.6706421375275,3352.440521121025,3368.3974854648113
3000.0,3406.1159938573837,3339.4313603639603,3437.269404530525,3349.5354652404785,3383.088055998087
3999.9999999999995,3373.432606458664,3342.033550143242,3437.8038346767426,3349.389284849167,3375.664819031954
2400.0,3371.465653181076,3344.777002930641,3443.094938993454,3357.760012149811,3379.2744018137455
3000.0,3407.6636284589767,3328.312039375305,3459.874168038368,3356.1716973781586,3388.005383312702
3000.0,3351.4603972434998,3323.964402079582,3443.6997771263123,3350.900039076805,3367.50615388155
3000.0,3387.1085196733475,3328.033983707428,3464.568704366684,3347.5758880376816,3381.8217739462852
2500.0,3386.9055658578873,3325.146809220314,3441.8481588363647,3341.1549031734467,3373.763859272003
3000.0,3375.712037086487,3323.5088735818863,3432.6235949993134,3336.4415913820267,3367.0715242624283
2500.0,3417.483866214752,3328.344449400902,3467.1755880117416,3339.5424485206604,3388.136588037014
3000.0,3435.039594769478,3318.445533514023,3479.095995426178,3332.2658389806747,3391.2117406725883
3000.0,3380.4966509342194,3319.593071937561,3459.8200768232346,3331.693634390831,3372.9008585214615
3000.0,3391.704708337784,3320.4285800457,3462.086096405983,3333.904668688774,3377.0310133695602
3500.0,3369.262218475342,3314.788118004799,3426.2149035930634,3336.4731073379517,3361.684586852789
3000.0,3404.684141278267,3331.034481525421,3438.761606812477,3348.5204726457596,3380.750175565481
3000.0,3401.530086994171,3333.844095468521,3430.3658455610275,3350.9648591279984,3379.1762217879295
3500.0,3389.7551894187927,3341.0965651273727,3426.4956414699554,3352.159336209297,3377.3766830563545
3999.9999999999995,3398.621454834938,3351.2230217456818,3435.4043751955032,3349.767252802849,3383.754026144743
3999.9999999999995,3387.5396847724915,3357.3592454195023,3427.7377277612686,3358.4944903850555,3382.7827870845795
3000.0,3365.1085942983627,3361.491411924362,3413.9641374349594,3365.018516778946,3376.3956651091576
3000.0,3366.3909137248993,3345.656096935272,3406.4266830682755,3360.7403934001923,3369.80352178216
2500.0,3377.660885453224,3338.0864560604095,3409.38538312912,3354.995548725128,3370.0320683419704
4500.0,3410.34471988678,3337.632492184639,3437.924087047577,3348.6033976078033,3383.6261741816998
3999.9999999999995,3359.413594007492,3345.753774046898,3401.0403603315353,3355.6124567985535,3365.4550462961197
3600.0,3383.8505297899246,3354.8739552497864,3390.767276287079,3367.5093948841095,3374.250289052725
3500.0,3378.296345472336,3358.621671795845,3403.3971279859543,3375.042602419853,3378.839436918497
3999.9999999999995,3341.701403260231,3351.8924564123154,3418.039530515671,3377.835899591446,3372.3673224449158
1999.9999999999998,3316.7626708745956,3356.327936053276,3419.6124225854874,3383.404165506363,3369.0267987549305
3600.0,3327.697813510895,3342.3710614442825,3425.1250326633453,3364.5305782556534,3364.931121468544
3000.0,3305.4761588573456,3346.337378025055,3414.8894995450974,3357.4260771274567,3356.0322783887386
3999.9999999999995,3307.335153222084,3344.3722128868103,3424.707055091858,3355.0438284873962,3357.864562422037
3600.0,3286.7661863565445,3344.7926491498947,3410.7691794633865,3361.2965047359467,3350.906129926443
3000.0,3336.7525041103363,3356.8545430898666,3427.104502916336,3365.6807988882065,3371.5980872511864
3000.0,3293.120115995407,3356.9443970918655,3421.071097254753,3361.8687093257904,3358.251079916954
4600.0,3283.8787883520126,3350.096270442009,3426.216244697571,3355.555683374405,3353.9367467164993
3000.0,3308.287560939789,3362.276405096054,3449.3905305862427,3370.9748089313507,3372.732326388359
1999.9999999999998,3257.065862417221,3353.0965447425842,3410.3118628263474,3365.3198182582855,3346.4485220611095
3600.0,3309.352397918701,3332.042321562767,3430.6682646274567,3347.2681045532227,3354.832772165537
3000.0,3332.1011066436768,3330.8248221874237,3435.055911540985,3342.0266211032867,3360.002115368843
3000.0,3362.4279499053955,3328.5847306251526,3450.1563012599945,3340.907245874405,3370.519056916237
3500.0,3357.9082041978836,3327.079117298126,3443.8488632440567,3339.1173183918,3366.9883757829666
3000.0,3359.1724187135696,3339.3368124961853,3434.4329684972763,3345.9636569023132,3369.726464152336
3000.0,3365.4993027448654,3346.6194570064545,3448.919355869293,3350.6201952695847,3377.9145777225494
1999.9999999999998,3330.645114183426,3338.8352394104004,3443.7011182308197,3346.797823905945,3364.9948239326477
3600.0,3358.1073582172394,3325.532153248787,3449.973240494728,3333.2043886184692,3366.704285144806
2500.0,3379.6432614326477,3331.459164619446,3448.9765763282776,3336.396887898445,3374.118972569704
3000.0,3419.8766201734543,3330.105096101761,3461.4765644073486,3333.519771695137,3386.244513094425
3000.0,3388.238176703453,3328.6166936159134,3441.1541372537613,3330.2664756774902,3372.0688708126545
3999.9999999999995,3395.1759338378906,3320.504352450371,3429.478257894516,3326.076418161392,3367.8087405860424
1999.9999999999998,3418.2778000831604,3343.5671031475067,3430.183231830597,3340.221717953682,3383.0624632537365
5000.0,3426.603376865387,3333.6764574050903,3439.4851326942444,3335.191458463669,3383.7391063570976
3999.9999999999995,3405.6611359119415,3347.4091440439224,3443.3068335056305,3353.8710325956345,3387.562036514282
2500.0,3381.1714500188828,3355.3482592105865,3430.3542226552963,3370.439261198044,3384.3282982707024
3000.0,3357.262909412384,3341.9953286647797,3404.6463668346405,3359.2012524604797,3365.776464343071
3000.0,3409.090116620064,3338.3698761463165,3426.8829971551895,3354.63747382164,3382.2451159358025
3000.0,3429.887518286705,3341.3994312286377,3442.7525103092194,3350.108116865158,3391.03689417243
3000.0,3420.6779301166534,3339.499533176422,3431.9011867046356,3343.692272901535,3383.9427307248116
3000.0,3416.2965416908264,3340.7921344041824,3422.9495376348495,3338.05650472641,3379.523679614067
3500.0,3411.4041924476624,3342.8871631622314,3412.7122163772583,3336.113914847374,3375.7793717086315
3999.9999999999995,3438.374027609825,3355.473205447197,3445.044681429863,3347.83136844635,3396.680820733309
3500.0,3358.06667804718,3356.8963408470154,3412.816822528839,3357.7747642993927,3371.388651430607
2500.0,3374.9811351299286,3346.881866455078,3408.513218164444,3358.8898926973343,3372.3165281116962
3000.0,3419.385775923729,3338.776007294655,3428.044393658638,3352.847769856453,3384.7634866833687
3000.0,3404.7357738018036,3329.9490809440613,3421.6835349798203,3341.6345715522766,3374.5007403194904
4600.0,3389.1456574201584,3326.7273008823395,3408.361002802849,3336.0350131988525,3365.06724357605
3000.0,3406.064361333847,3343.7787741422653,3454.417660832405,3354.554772377014,3389.703892171383
3500.0,3337.443843483925,3333.3005011081696,3408.1079810857773,3352.670967578888,3357.88082331419
2500.0,3357.379585504532,3343.9893275499344,3408.7570756673813,3349.773734807968,3364.974930882454
3000.0,3389.039933681488,3332.2589099407196,3423.6417710781097,3339.8669958114624,3371.201902627945
3000.0,3362.60586977005,3325.914815068245,3419.2849695682526,3335.397094488144,3360.800687223673
2500.0,3377.0500123500824,3323.468863964081,3436.6945177316666,3338.3452892303467,3368.889670819044
2700.0,3380.6640654802322,3310.7254654169083,3464.5119309425354,3333.659917116165,3372.3903447389603
2200.0,3366.9358491897583,3295.4268157482147,3463.3994847536087,3326.219469308853,3362.9954047501087
2500.0,3370.1451122760773,3285.265266895294,3441.573679447174,3315.593898296356,3353.1444892287254
3000.0,3387.266770005226,3289.620503783226,3440.7319128513336,3306.6625893115997,3356.0704439878464
3000.0,3400.152772665024,3284.5160365104675,3446.686416864395,3306.027799844742,3359.345756471157
2500.0,3394.4474905729294,3282.7500253915787,3431.78853392601,3307.2394877672195,3354.0563844144344
1999.9999999999998,3428.713157773018,3275.9443670511246,3446.3683515787125,3311.637192964554,3365.665767341852
3000.0,3394.5232629776,3266.180008649826,3438.6520832777023,3305.104449391365,3351.1149510741234
3600.0,3405.248075723648,3270.0086385011673,3454.8749774694443,3309.541940689087,3359.9184080958366
3500.0,3423.9622950553894,3278.423398733139,3436.2655878067017,3318.4171468019485,3364.2671070992947
2400.0,3425.8923679590225,3282.070755958557,3420.407697558403,3329.5563608407974,3364.481795579195
3500.0,3444.3146735429764,3278.6111533641815,3420.3214198350906,3327.4345099925995,3367.670439183712
1999.9999999999998,3441.2486851215363,3294.852152466774,3434.9723160266876,3338.6441320180893,3377.429321408272
3500.0,3437.7361088991165,3284.6351712942123,3435.5176985263824,3322.484716773033,3370.093423873186
2500.0,3416.333869099617,3285.461515188217,3419.670984148979,3326.4832198619843,3361.9873970746994
3999.9999999999995,3453.8405388593674,3275.3732800483704,3424.9627590179443,3317.0033991336823,3367.794994264841
3000.0,3457.016497850418,3299.0524917840958,3430.6228905916214,3334.476202726364,3380.292020738125
3500.0,3422.9055047035217,3306.3436299562454,3418.368324637413,3339.146375656128,3371.690958738327
4500.0,3431.1477094888687,3312.53819167614,3446.378633379936,3354.1151136159897,3386.0449120402336
3999.9999999999995,3371.562659740448,3317.7123963832855,3408.7063372135162,3367.1920001506805,3366.2933483719826
5000.0,3412.4156087636948,3327.1385729312897,3406.7436307668686,3374.6259659528732,3380.2309446036816
3999.9999999999995,3396.7651426792145,3339.856043457985,3412.846326828003,3387.744203209877,3384.30292904377
3000.0,3300.7125556468964,3338.1110429763794,3378.8707852363586,3389.199525117874,3351.723477244377
3999.9999999999995,3314.9251341819763,3330.576717853546,3387.4835819005966,3384.6361935138702,3354.4054068624973
3000.0,3313.86499106884,3330.664336681366,3393.3844417333603,3385.440409183502,3355.838544666767
2500.0,3332.0166170597076,3333.3635330200195,3416.6450053453445,3380.3028613328934,3365.5820041894913
3600.0,3326.941654086113,3325.543776154518,3424.9117970466614,3362.636938691139,3360.008541494608
2400.0,3360.009044408798,3342.5648510456085,3446.740508079529,3357.8556776046753,3376.7925202846527
3000.0,3332.4243128299713,3340.2731269598007,3441.034108400345,3348.6270904541016,3365.5896596610546
3000.0,3313.113749027252,3336.501717567444,3428.7670254707336,3337.983638048172,3354.0915325284004
3000.0,3338.1734043359756,3330.4712176322937,3423.853889107704,3332.0805430412292,3356.1447635293007
3000.0,3356.197401881218,3326.873704791069,3424.82753098011,3335.009068250656,3360.7269264757633
3000.0,3370.659649372101,3339.4794166088104,3457.7789157629013,3342.2689139842987,3377.546723932028
5000.0,3324.1067826747894,3331.886976957321,3451.635092496872,3339.4065499305725,3361.7588505148888
3000.0,3272.639214992523,3357.033133506775,3412.0912849903107,3354.5824885368347,3349.086530506611
3000.0,3279.556632041931,3360.069617629051,3410.1761877536774,3363.5636419057846,3353.341519832611
3600.0,3247.508481144905,3345.87424993515,3404.5325964689255,3360.3747189044952,3339.572511613369
3000.0,3313.2708817720413,3350.8235961198807,3426.201492547989,3360.4297041893005,3362.681418657303
3999.9999999999995,3286.1854881048203,3345.4448729753494,3401.5989303588867,3352.7348935604095,3346.4910462498665
4500.0,3316.957578063011,3353.02010178566,3407.99443423748,3353.0138432979584,3357.7464893460274
2500.0,3327.3860067129135,3358.364850282669,3385.467007756233,3363.3944392204285,3358.653075993061
3000.0,3358.820825815201,3350.978046655655,3412.438854575157,3362.0043843984604,3371.0605278611183
3500.0,3327.576667070389,3337.18478679657,3420.896530151367,3353.3377200365067,3359.748926013708
5000.0,3319.5463567972183,3334.363102912903,3443.260118365288,3359.382301568985,3364.1379699110985
3500.0,3286.174312233925,3344.532251358032,3409.667909145355,3370.47278881073,3352.7118153870106
3000.0,3323.3050256967545,3351.137414574623,3407.7271074056625,3378.078192472458,3365.0619350373745
3999.9999999999995,3305.5242151021957,3341.073989868164,3409.304693341255,3370.860368013382,3356.6908165812492
3000.0,3303.6737143993378,3345.0669050216675,3415.1706844568253,3372.163474559784,3359.0186946094036
3000.0,3343.6746150255203,3341.623842716217,3439.541682600975,3369.765132665634,3373.6513182520866
3000.0,3312.6039057970047,3331.589922308922,3436.5758299827576,3358.110263943672,3359.719980508089
3000.0,3333.146944642067,3335.8821272850037,3449.4195878505707,3350.178077816963,3367.156684398651
3000.0,3308.7553828954697,3333.7410539388657,3414.8870408535004,3343.9678698778152,3350.3378368914127
3500.0,3357.6297014951706,3344.1925048828125,3434.5029294490814,3342.514783143997,3369.7099797427654
3000.0,3348.7511426210403,3348.5709875822067,3432.4872493743896,3346.318155527115,3369.031883776188
4600.0,3332.705497741699,3347.730338573456,3425.889015197754,3345.3791588544846,3362.9260025918484
3000.0,3364.761248230934,3370.9926903247833,3450.402170419693,3363.0719035863876,3387.3070031404495
3999.9999999999995,3304.4973760843277,3360.3782951831818,3419.283851981163,3358.362838625908,3360.630590468645
2500.0,3286.338150501251,3359.5360815525055,3392.219915986061,3359.469473361969,3349.3909053504467
1999.9999999999998,3351.6061305999756,3351.611942052841,3428.797423839569,3353.548049926758,3371.390886604786
5000.0,3330.0279825925827,3330.53782582283,3421.8402206897736,3330.9996128082275,3353.3514104783535
3000.0,3353.4646779298782,3346.2685346603394,3437.7408027648926,3343.830406665802,3370.326105505228
3000.0,3336.298316717148,3339.162915945053,3401.8760919570923,3345.8060771226883,3355.7858504354954
2500.0,3358.398377895355,3339.61084485054,3413.6925637722015,3346.7544615268707,3364.614062011242
3600.0,3363.8642728328705,3336.889073252678,3404.962420463562,3336.813524365425,3360.632322728634
3000.0,3399.1965651512146,3346.8331396579742,3422.700986266136,3341.483920812607,3377.553652971983
3000.0,3380.9714019298553,3348.008841276169,3423.9495545625687,3342.297077178955,3373.806718736887
3000.0,3358.253315091133,3341.204524040222,3420.1662987470627,3339.0529453754425,3364.669270813465
3000.0,3349.009081721306,3337.0842039585114,3408.5440635681152,3337.9733562469482,3358.15267637372
3600.0,3383.576273918152,3336.4078402519226,3437.926769256592,3342.27092564106,3375.0454522669315
3000.0,3363.226130604744,3338.588699698448,3435.184881091118,3341.895192861557,3369.7237260639668
2700.0,3341.8388664722443,3335.0180089473724,3414.7437661886215,3338.1521701812744,3357.438202947378
3000.0,3351.5620976686478,3326.733112335205,3417.850211262703,3331.6142857074738,3356.9399267435074
3000.0,3366.9470250606537,3328.438103199005,3423.4343469142914,3333.069160580635,3362.9721589386463
2400.0,3378.601223230362,3321.3966339826584,3445.679470896721,3334.055319428444,3369.9331618845463
2500.0,3390.58019220829,3302.627205848694,3460.6866538524628,3329.439014196396,3370.8332665264606
3000.0,3389.846831560135,3295.9574460983276,3460.969179868698,3322.550877928734,3367.3310838639736
3000.0,3438.4460002183914,3292.0921593904495,3465.08726477623,3318.554610013962,3378.545008599758
2500.0,3433.288335800171,3288.6408269405365,3448.633700609207,3319.690078496933,3372.563235461712
3000.0,3455.8358788490295,3287.3770594596863,3455.9161216020584,3319.009244441986,3379.53457608819
3000.0,3416.1170572042465,3299.5907217264175,3423.091471195221,3317.611590027809,3364.1027100384235
2500.0,3460.717499256134,3309.9742233753204,3444.407433271408,3326.024115085602,3385.280817747116
3600.0,3449.2260217666626,3300.9081333875656,3434.6238523721695,3321.9169825315475,3376.6687475144863
3000.0,3433.3256632089615,3312.7961307764053,3419.7836369276047,3327.1750062704086,3373.270109295845
3999.9999999999995,3441.46728515625,3316.172808408737,3430.7098388671875,3332.807421684265,3380.28933852911
3000.0,3432.292118668556,3326.1365443468094,3443.676084280014,3348.7267792224884,3387.707881629467
2500.0,3399.9167382717133,3325.84485411644,3424.025997519493,3351.0176092386246,3375.2012997865677
2500.0,3440.3179585933685,3318.067565560341,3439.861536026001,3341.418206691742,3384.916316717863
3000.0,3448.5335648059845,3309.859335422516,3424.619436264038,3322.761654853821,3376.44349783659
2500.0,3445.9295868873596,3311.9485527276993,3402.571901679039,3317.101299762726,3369.387835264206
3000.0,3466.5609151124954,3303.4439384937286,3415.140062570572,3311.2748712301254,3374.1049468517303
2400.0,3482.5218468904495,3310.151919722557,3441.3662552833557,3315.841555595398,3387.47039437294
3000.0,3438.781276345253,3304.72894012928,3418.3410555124283,3309.2643320560455,3367.7789010107517
3000.0,3420.8375215530396,3311.3794773817062,3428.3318370580673,3315.470516681671,3369.004838168621
2500.0,3409.4928950071335,3299.349769949913,3435.9441697597504,3314.8621022701263,3364.912234246731
2500.0,3438.701704144478,3285.161554813385,3443.814665079117,3309.6742630004883,3369.338046759367
3999.9999999999995,3437.872901558876,3279.8898965120316,3441.101610660553,3307.3651045560837,3366.557378321886
3000.0,3420.691341161728,3287.4231040477753,3435.5170279741287,3325.495272874832,3367.281686514616
3999.9999999999995,3400.021344423294,3285.9832048416138,3412.63510286808,3325.9883522987366,3356.157001107931
3999.9999999999995,3444.058746099472,3305.1060140132904,3416.008874773979,3339.6872878074646,3376.2152306735516
3500.0,3413.268104195595,3313.462659716606,3391.7541056871414,3353.1537652015686,3367.9096587002277
3500.0,3441.6429698467255,3324.1767436265945,3412.9397571086884,3360.8798682689667,3384.9098347127438
2800.0,3424.389213323593,3331.1156183481216,3440.0439262390137,3367.537558078766,3390.7715789973736
3000.0,3359.338268637657,3320.0304955244064,3415.069878101349,3357.468321919441,3362.9767410457134
1999.9999999999998,3362.5786006450653,3312.9139244556427,3418.7382459640503,3349.783346056938,3361.003529280424
3000.0,3387.3894810676575,3299.2637157440186,3429.7209978103638,3333.054631948471,3362.3572066426277
3500.0,3392.246514558792,3293.5986667871475,3436.300680041313,3326.394483447075,3362.135086208582
3000.0,3404.9273282289505,3300.6855100393295,3427.2629767656326,3328.6039531230927,3365.3699420392513
3600.0,3402.048200368881,3318.224251270294,3424.0970760583878,3327.1099627017975,3367.86987259984
3000.0,3384.767845273018,3331.10511302948,3422.780781984329,3332.3246240615845,3367.744591087103
3600.0,3360.736146569252,3327.0811289548874,3409.5843136310577,3332.7919989824295,3357.5483970344067
3500.0,3366.8632060289383,3330.131694674492,3412.986695766449,3339.071050286293,3362.263161689043
3000.0,3380.637690424919,3330.5995166301727,3420.458436012268,3347.2806215286255,3369.7440661489964
3000.0,3368.883579969406,3332.905098795891,3419.891372323036,3345.7953482866287,3366.8688498437405
3500.0,3354.7239750623703,3330.187126994133,3423.0371564626694,3341.46648645401,3362.3536862432957
3000.0,3339.3314480781555,3331.894129514694,3416.2303805351257,3342.6781743764877,3357.533533126116
3999.9999999999995,3355.0961315631866,3334.703743457794,3422.689139842987,3341.2758260965347,3363.4412102401257
1999.9999999999998,3356.3143014907837,3341.042250394821,3435.262441635132,3352.6816964149475,3371.325172483921
3000.0,3337.8826081752777,3326.667845249176,3414.3872559070587,3331.884741783142,3352.7056127786636
3999.9999999999995,3356.3080430030823,3316.410183906555,3419.506475329399,3328.1180262565613,3355.0856821238995
3000.0,3389.5520120859146,3331.517279148102,3414.2810851335526,3338.1427824497223,3368.373289704323
2500.0,3371.4886754751205,3333.0926299095154,3405.2570164203644,3339.5949751138687,3362.3583242297173
2400.0,3377.5214105844498,3331.662341952324,3429.3752163648605,3335.1851999759674,3368.4360422194004
3600.0,3366.735130548477,3316.2787556648254,3413.514867424965,3320.7470923662186,3354.3189615011215
3000.0,3377.991244196892,3327.4727314710617,3410.3668481111526,3323.981612920761,3359.953109174967
2500.0,3394.586741924286,3327.8363943099976,3422.2861379384995,3327.6502043008804,3368.089869618416
3500.0,3379.5925229787827,3312.876373529434,3429.1554987430573,3321.5399086475372,3360.791075974703
3500.0,3380.7899057865143,3314.007595181465,3405.134752392769,3323.535919189453,3355.8670431375504
3999.9999999999995,3429.768607020378,3327.8457820415497,3439.183160662651,3337.6239985227585,3383.6053870618343
3500.0,3354.5534312725067,3324.3446052074432,3390.168249607086,3347.717821598053,3354.1960269212723
3600.0,3400.0709652900696,3329.1327953338623,3399.440199136734,3355.4088324308395,3371.0131980478764
3000.0,3422.801122069359,3335.8271420001984,3413.4357422590256,3356.0270816087723,3382.0227719843388
4700.0,3387.5707536935806,3329.2119204998016,3402.90829539299,3348.662182688713,3367.0882880687714
3000.0,3380.2080899477005,3340.887799859047,3431.9841116666794,3362.407833337784,3378.8719587028027
3000.0,3326.5431225299835,3331.6998928785324,3415.7540649175644,3361.4999055862427,3358.8742464780807
3600.0,3325.5113661289215,3319.586142897606,3418.5920655727386,3355.2858978509903,3354.743868112564
2500.0,3360.195904970169,3321.5390145778656,3426.005467772484,3350.77241063118,3364.6281994879246
3500.0,3346.504122018814,3314.1057193279266,3408.726006746292,3342.141956090927,3352.86945104599
3000.0,3358.677327632904,3320.5293864011765,3444.949686527252,3351.920396089554,3369.0191991627216
3200.0,3304.1390776634216,3314.373940229416,3426.6290813684464,3346.116989850998,3347.8147722780704
3000.0,3332.756906747818,3317.3011243343353,3435.1491183042526,3344.31454539299,3357.380423694849
4500.0,3331.814557313919,3320.06111741066,3441.735953092575,3341.9423550367355,3358.8884957134724
3500.0,3305.511027574539,3335.8899503946304,3412.1281653642654,3351.5484631061554,3351.2694016098976
3999.9999999999995,3341.8942987918854,3348.226323723793,3428.5475313663483,3363.049328327179,3370.4293705523014
3000.0,3287.0587706565857,3354.1488647460938,3403.637185692787,3362.654373049736,3351.8747985363007
3500.0,3276.921585202217,3348.384350538254,3394.894525408745,3360.937312245369,3345.284443348646
1999.9999999999998,3282.970190048218,3345.3022688627243,3415.11569917202,3359.770104289055,3350.789565593004
2500.0,3281.7573845386505,3334.232121706009,3419.3234145641327,3343.2888239622116,3344.650436192751
2800.0,3318.4441924095154,3327.813595533371,3450.659438967705,3329.9361169338226,3356.7133359611034
3600.0,3340.4474705457687,3320.666626095772,3429.669365286827,3318.825513124466,3352.4022437632084
3000.0,3366.3446456193924,3330.5785059928894,3422.962948679924,3325.1966536045074,3361.2706884741783
3000.0,3403.806835412979,3335.321545600891,3434.244990348816,3333.3277702331543,3376.67528539896
3000.0,3392.210751771927,3336.387053132057,3433.161601424217,3332.0116996765137,3373.4427765011787
3600.0,3388.8980001211166,3341.754823923111,3424.2168813943863,3333.471938967705,3372.0854111015797
3999.9999999999995,3367.4070239067078,3342.8822457790375,3411.361277103424,3337.4813944101334,3364.7829852998257
3000.0,3384.745940566063,3349.3217825889587,3422.159180045128,3349.197506904602,3376.356102526188
3500.0,3355.9108525514603,3339.333236217499,3413.456082344055,3350.3714203834534,3364.767897874117
2500.0,3335.2243155241013,3336.3890647888184,3414.934426546097,3350.4364639520645,3359.2460677027702
2500.0,3346.875384449959,3328.7787437438965,3409.2479199171066,3339.993953704834,3356.224000453949
2700.0,3385.511487722397,3324.054926633835,3430.887758731842,3331.6998928785324,3368.0385164916515
3000.0,3391.187936067581,3325.818255543709,3425.087034702301,3323.231488466263,3366.3311786949635
3000.0,3384.1337263584137,3328.259289264679,3423.4361350536346,3323.570340871811,3364.8498728871346
3000.0,3383.3040297031403,3315.7555013895035,3423.358127474785,3322.264552116394,3361.1705526709557
3000.0,3429.0772676467896,3314.4595474004745,3430.3919970989227,3322.376310825348,3374.0762807428837
2400.0,3425.5675971508026,3309.4587922096252,3422.267362475395,3323.616608977318,3370.227590203285
3000.0,3429.4138848781586,3310.3030174970627,3432.207405567169,3323.9181339740753,3373.9606104791164
3500.0,3410.1808816194534,3310.2212101221085,3439.0899538993835,3324.510008096695,3371.00051343441
3000.0,3402.828499674797,3308.0627024173737,3434.176594018936,3329.259306192398,3368.5817755758762
3000.0,3417.833000421524,3309.5426112413406,3430.8260679244995,3332.7627182006836,3372.741099447012
3000.0,3403.894007205963,3309.9742233753204,3417.367860674858,3330.0872147083282,3365.3308264911175
3500.0,3401.1608362197876,3310.733512043953,3405.6363254785538,3331.73006772995,3362.315185368061
3999.9999999999995,3445.3844279050827,3329.2901515960693,3419.3918108940125,3335.671126842499,3382.434379309416
3000.0,3411.599099636078,3337.327167391777,3406.498432159424,3342.551663517952,3374.4940906763077
3000.0,3390.832096338272,3329.9676328897476,3411.0483527183533,3344.90105509758,3369.1872842609882
3999.9999999999995,3382.091671228409,3324.432224035263,3413.8642251491547,3342.28053689003,3365.667164325714
2500.0,3374.418094754219,3326.506018638611,3419.245406985283,3352.6671677827835,3368.209172040224
3000.0,3369.08295750618,3315.2952790260315,3403.6970883607864,3336.794748902321,3356.2175184488297
3000.0,3382.251262664795,3314.4861459732056,3388.7916058301926,3330.884277820587,3354.103323072195
1999.9999999999998,3416.7487174272537,3320.743292570114,3399.9737352132797,3329.160064458847,3366.6564524173737
1999.9999999999998,3451.460301876068,3312.5174045562744,3418.688401579857,3311.4398270845413,3373.526483774185
2500.0,3439.573422074318,3297.581747174263,3418.073058128357,3295.2864468097687,3362.6286685466766
3000.0,3432.668522000313,3283.519595861435,3443.220555782318,3289.753720164299,3362.290598452091
2500.0,3421.1716800928116,3263.2414251565933,3445.056527853012,3293.233662843704,3355.6758239865303
3999.9999999999995,3410.227596759796,3246.8607276678085,3433.464914560318,3292.3954725265503,3345.7371778786182
5000.0,3436.264470219612,3266.6954398155212,3436.9774907827377,3312.7742260694504,3363.1779067218304
3000.0,3413.3747220039368,3305.8570325374603,3432.6792508363724,3342.308923602104,3373.5549822449684
2500.0,3313.107490539551,3307.2037249803543,3400.1485258340836,3346.218466758728,3341.669552028179
3000.0,3345.9869027137756,3301.3565093278885,3418.7840670347214,3343.5040712356567,3352.4078875780106
2500.0,3332.352340221405,3294.8045432567596,3406.4188599586487,3337.797001004219,3342.843186110258
2400.0,3360.7305586338043,3290.0094240903854,3417.617753148079,3328.3214271068573,3349.1697907447815
2500.0,3393.712118268013,3289.5205914974213,3422.9620546102524,3320.9891617298126,3356.795981526375
3000.0,3427.0602464675903,3286.92689538002,3432.0375323295593,3311.736434698105,3364.4402772188187
3000.0,3450.0161558389664,3281.865119934082,3429.607003927231,3307.361528277397,3367.212451994419
3000.0,3500.80668926239,3287.1539890766144,3434.899225831032,3313.257247209549,3384.0292878448963
3999.9999999999995,3477.5957465171814,3288.3241027593613,3419.468253850937,3311.009332537651,3374.0993589162827
3000.0,3511.730879545212,3302.76221036911,3440.0399029254913,3333.1896364688873,3396.930657327175
3000.0,3438.100665807724,3303.859457373619,3420.4034507274628,3335.6595039367676,3374.5057694613934
3000.0,3400.1579135656357,3310.00417470932,3405.916839838028,3335.375636816025,3362.863641232252
3000.0,3425.9790927171707,3313.000649213791,3431.786745786667,3338.320255279541,3377.2716857492924
2500.0,3417.743593454361,3311.3765716552734,3433.424010872841,3337.90585398674,3375.112507492304
3000.0,3405.894488096237,3308.5497468709946,3433.801755309105,3323.9205926656723,3368.0416457355022
2500.0,3412.3320132493973,3314.9930834770203,3420.0552105903625,3321.016877889633,3367.0992963016033
3000.0,3448.4897553920746,3315.78366458416,3438.67264688015,3316.50473177433,3379.8626996576786
2500.0,3417.2263741493225,3308.4969967603683,3407.1826189756393,3310.059830546379,3360.7414551079273
3600.0,3480.077013373375,3307.003453373909,3435.254618525505,3307.36443400383,3382.4248798191547
2500.0,3470.301032066345,3310.9451830387115,3423.8936752080917,3311.975374817848,3379.278816282749
2500.0,3441.612347960472,3293.0749654769897,3409.670814871788,3307.187855243683,3362.886495888233
3500.0,3478.2926738262177,3290.686011314392,3433.9410066604614,3306.8861067295074,3377.4514496326447
3000.0,3438.2589161396027,3301.5145361423492,3411.7303043603897,3316.4182305336,3366.9804967939854
3000.0,3441.9429302215576,3301.769122481346,3406.48390352726,3321.8903839588165,3368.021585047245
3999.9999999999995,3453.029617667198,3306.702822446823,3421.105742454529,3325.151950120926,3376.497533172369
3000.0,3399.5063602924347,3315.26018679142,3409.0447425842285,3338.226154446602,3365.5093610286713
2500.0,3391.0855650901794,3310.3980123996735,3413.771018385887,3340.9354090690613,3364.0475012362003
3000.0,3413.572758436203,3308.0363273620605,3437.7752244472504,3336.205780506134,3373.897522687912
3000.0,3394.0017968416214,3301.5212416648865,3428.7455677986145,3329.8610150814056,3363.532405346632
3000.0,3408.4466099739075,3299.3821799755096,3428.5251796245575,3325.1702785491943,3365.3810620307922
3000.0,3414.0729904174805,3293.4343814849854,3418.4639900922775,3323.6633241176605,3362.408671528101
3000.0,3422.3706275224686,3305.0990849733353,3408.1631898880005,3324.580639600754,3365.0533854961395
3000.0,3454.8691660165787,3314.0189945697784,3423.580527305603,3328.661620616913,3380.2825771272182
3000.0,3444.2082792520523,3307.2135597467422,3429.226353764534,3325.5426585674286,3376.5477128326893
3000.0,3451.133742928505,3303.1100034713745,3422.8040277957916,3323.0019360780716,3375.0124275684357
1999.9999999999998,3421.8259155750275,3303.847163915634,3399.2593735456467,3324.3973553180695,3362.3324520885944
1999.9999999999998,3484.722822904587,3298.003077507019,3428.1637519598007,3316.442370414734,3381.833005696535
4500.0,3486.2349182367325,3282.7475666999817,3443.3168917894363,3297.2949743270874,3377.3985877633095
3999.9999999999995,3440.8653527498245,3299.8933643102646,3400.0061452388763,3311.8128776550293,3363.1444349884987
3200.0,3447.3366290330887,3321.457877755165,3396.1813151836395,3328.9685100317,3373.4860830008984
3999.9999999999995,3400.45228600502,3314.191550016403,3396.8062698841095,3337.5732600688934,3362.2558414936066
3999.9999999999995,3360.671103000641,3320.3040808439255,3399.4504809379578,3349.8868346214294,3357.5781248509884
3500.0,3356.57000541687,3327.183276414871,3406.1256051063538,3360.357955098152,3362.559210509062
3800.0,3356.5744757652283,3325.7710933685303,3434.022143483162,3367.605060338974,3370.9931932389736
3600.0,3318.7086135149,3324.04263317585,3438.534289598465,3372.916281223297,3363.550454378128
3000.0,3291.078731417656,3316.260650753975,3405.546024441719,3365.0457859039307,3344.48279812932
3000.0,3302.372619509697,3304.828405380249,3390.8144384622574,3351.459726691246,3337.3687975108624
3000.0,3337.3823761940002,3303.7832379341125,3415.083959698677,3347.025588154793,3350.8187904953957
3000.0,3329.141288995743,3303.041383624077,3438.117876648903,3343.893885612488,3353.5486087203026
3500.0,3322.0162242650986,3306.6661655902863,3439.4871443510056,3339.8938179016113,3352.0158380270004
3500.0,3314.3875747919083,3316.1354809999466,3417.1436727046967,3341.6055142879486,3347.318060696125
3500.0,3349.6948331594467,3335.5412632226944,3419.100344181061,3342.9497480392456,3361.821547150612
3600.0,3336.8564397096634,3337.5084400177,3403.8182348012924,3344.443291425705,3355.6566014885902
3000.0,3331.088125705719,3341.9635891914368,3401.6885608434677,3349.127098917961,3355.966843664646
3000.0,3316.386714577675,3334.2303335666656,3405.6222438812256,3344.5532619953156,3350.1981385052204
3999.9999999999995,3344.363272190094,3335.329592227936,3429.9547970294952,3340.732455253601,3362.5950291752815
3600.0,3303.0523359775543,3339.2608165740967,3391.362726688385,3346.307873725891,3344.995938241482
2800.0,3320.6286281347275,3351.0830998420715,3403.572365641594,3353.5154163837433,3357.199877500534
1999.9999999999998,3302.135467529297,3348.1547981500626,3411.2057089805603,3348.3821153640747,3352.4695225059986
3999.9999999999995,3300.5985617637634,3333.538770675659,3422.9732304811478,3331.889882683754,3347.250111401081
2700.0,3306.4862340688705,3335.2261036634445,3443.42865049839,3339.693546295166,3356.208633631468
3999.9999999999995,3301.2060821056366,3331.357017159462,3433.6667507886887,3333.0150693655014,3349.811229854822
3600.0,3305.7180047035217,3342.912420630455,3395.986407995224,3338.4472131729126,3345.7660116255283
2500.0,3385.3501081466675,3353.673666715622,3413.3246541023254,3343.8849449157715,3374.0583434700966
3500.0,3379.5297145843506,3338.9049768447876,3391.353338956833,3332.2566747665405,3360.511176288128
3999.9999999999995,3408.5713326931,3339.8714661598206,3428.7918359041214,3343.1757241487503,3380.102589726448
3000.0,3351.442515850067,3339.2807096242905,3408.922255039215,3345.964103937149,3361.4023961126804
3000.0,3342.6395058631897,3333.839848637581,3390.113040804863,3343.9763635396957,3352.6421897113323
3500.0,3362.0893210172653,3331.8429440259933,3397.335559129715,3342.5742387771606,3358.4605157375336
5000.0,3354.954868555069,3326.8551528453827,3400.7511287927628,3339.6126329898834,3355.5434457957745
3000.0,3377.261459827423,3347.7430790662766,3410.1562947034836,3356.1940491199493,3372.838720679283
3000.0,3334.740623831749,3335.6988430023193,3383.615165948868,3355.1761507987976,3352.3076958954334
3000.0,3352.98590362072,3332.6737582683563,3400.798738002777,3352.8292179107666,3359.821904450655
2400.0,3365.502655506134,3330.2590996026993,3413.8141572475433,3346.961662173271,3364.134393632412
3500.0,3360.176905989647,3318.061977624893,3413.286879658699,3331.9949358701706,3355.8801747858524
3000.0,3380.7221800088882,3331.4059674739838,3423.3594685792923,3336.228132247925,3367.9289370775223
1999.9999999999998,3346.1710810661316,3326.578661799431,3409.0737998485565,3328.3916115760803,3352.55378857255
2500.0,3390.159532427788,3316.0462975502014,3420.373946428299,3316.294625401497,3360.7186004519463
3999.9999999999995,3398.69387447834,3302.658498287201,3427.8059005737305,3304.7769963741302,3358.4838174283504
3200.0,3385.4978531599045,3317.979723215103,3406.7364782094955,3316.3248002529144,3356.6347137093544
3999.9999999999995,3391.9548243284225,3318.824842572212,3409.263789653778,3325.481414794922,3361.3812178373337
3000.0,3389.2183005809784,3324.7100561857224,3421.737626194954,3344.021514058113,3369.921874254942
2400.0,3340.311124920845,3322.6794004440308,3408.128097653389,3343.713730573654,3353.7080883979797
3500.0,3372.5541830062866,3312.7187937498093,3433.052748441696,3337.9442989826202,3364.067506045103
3000.0,3362.073451280594,3316.171020269394,3429.9463033676147,3339.976519346237,3362.04182356596
2400.0,3359.6616983413696,3308.8651299476624,3420.9445863962173,3332.536071538925,3355.5018715560436
2500.0,3404.323160648346,3300.1770079135895,3428.160399198532,3322.80769944191,3363.8670668005943
1999.9999999999998,3403.1425416469574,3302.06036567688,3409.5096588134766,3312.2558891773224,3356.742113828659
2500.0,3443.972021341324,3299.674764275551,3428.502604365349,3300.7125556468964,3368.21548640728
3000.0,3461.150676012039,3292.8045094013214,3446.1763501167297,3295.855298638344,3373.9967085421085
3000.0,3430.149480700493,3291.158974170685,3423.7580001354218,3297.1496880054474,3360.5540357530117
3600.0,3460.966944694519,3288.022130727768,3424.9021857976913,3302.6734739542007,3369.1411837935448
3999.9999999999995,3476.780354976654,3298.260122537613,3421.0505336523056,3312.937617301941,3377.2571571171284
3000.0,3451.264724135399,3312.0084553956985,3401.125520467758,3324.691280722618,3372.2724951803684
3000.0,3442.4883127212524,3313.3994042873383,3386.5640312433243,3331.3798159360886,3368.457891047001
3000.0,3431.3683211803436,3318.839818239212,3389.3144130706787,3334.26833152771,3368.447721004486
3000.0,3441.048413515091,3313.0867034196854,3418.482542037964,3336.2022042274475,3377.204965800047
3500.0,3418.116420507431,3304.8391342163086,3419.7641909122467,3329.3069154024124,3368.0066652595997
3000.0,3427.915647625923,3312.9340410232544,3418.1231260299683,3328.8156241178513,3371.9471096992493
3600.0,3391.1926299333572,3306.106925010681,3396.4725583791733,3330.7215571403503,3356.1234176158905
3000.0,3402.385041117668,3313.4637773036957,3404.0500223636627,3337.8906548023224,3364.4473738968372
3800.0,3423.3395755290985,3314.9269223213196,3423.133045434952,3336.440250277519,3374.4599483907223
3000.0,3390.9085392951965,3325.2842724323273,3436.5487843751907,3346.5832471847534,3374.831210821867
2500.0,3347.3586291074753,3317.6379650831223,3407.0169925689697,3344.22267973423,3354.0590666234493
3999.9999999999995,3336.8363231420517,3302.2277802228928,3399.2917835712433,3330.1160484552383,3342.1179838478565
2500.0,3351.3374626636505,3302.460014820099,3394.8274701833725,3336.503952741623,3346.282225102186
3000.0,3373.4502643346786,3304.8125356435776,3410.228490829468,3335.0542187690735,3355.8863773941994
3000.0,3331.131711602211,3311.7661625146866,3410.0568294525146,3331.992030143738,3346.2366834282875
3500.0,3350.345939397812,3315.9738779067993,3408.0317616462708,3328.2440900802612,3350.648917257786
3500.0,3360.285982489586,3326.9067853689194,3409.4421565532684,3334.1722190380096,3357.701785862446
5000.0,3337.3090624809265,3334.0253680944443,3414.444476366043,3339.0337228775024,3356.203157454729
3500.0,3306.2253892421722,3353.675901889801,3401.978686451912,3354.9195528030396,3354.199882596731
3000.0,3276.5769213438034,3344.629257917404,3382.0416033267975,3354.843780398369,3339.5228907465935
3600.0,3308.897539973259,3335.1411670446396,3395.77853679657,3352.9289066791534,3348.1865376234055
3000.0,3320.7379281520844,3332.9974114894867,3403.2851457595825,3352.3669838905334,3352.3468673229218
2800.0,3327.271118760109,3331.5885812044144,3418.9675748348236,3351.1966466903687,3357.255980372429
3000.0,3313.5614544153214,3320.2508836984634,3423.507660627365,3341.1841839551926,3349.6260456740856
3500.0,3324.42507147789,3317.945972084999,3429.5281022787094,3338.0743861198425,3352.4933829903603
3500.0,3341.8285846710205,3324.2397755384445,3463.517501950264,3343.5188233852386,3368.276171386242
3000.0,3294.9931919574738,3325.4559338092804,3441.2111341953278,3351.823389530182,3353.370912373066
3600.0,3275.35942196846,3312.3432844877243,3420.141041278839,3345.8518981933594,3338.4239114820957
3999.9999999999995,3330.671712756157,3324.0853250026703,3415.2989834547043,3343.423828482628,3353.36996242404
3000.0,3338.9530330896378,3340.590074658394,3401.44582092762,3347.9391038417816,3357.2320081293583
3000.0,3351.6673743724823,3335.5727791786194,3408.343121409416,3346.085697412491,3360.417243093252
3000.0,3350.525200366974,3326.3911306858063,3413.9929711818695,3339.386433362961,3357.5739338994026
3000.0,3356.352299451828,3324.5976269245148,3414.5846217870712,3334.0023458004,3357.3842234909534
4500.0,3374.2855489254,3326.1796832084656,3427.1644055843353,3334.4104886054993,3365.510031580925
3000.0,3343.842253088951,3337.3457193374634,3399.4368463754654,3344.4052934646606,3356.257528066635
3000.0,3382.8558772802353,3341.6904509067535,3418.079987168312,3350.3615856170654,3373.2469752430916
3000.0,3349.8479425907135,3335.7444405555725,3424.205929040909,3345.0937271118164,3363.723009824753
3000.0,3341.3471281528473,3333.049491047859,3420.7043051719666,3338.427320122719,3358.382061123848
3000.0,3332.5541764497757,3336.096927523613,3416.6407585144043,3336.7782086133957,3355.517517775297
3000.0,3333.013504743576,3334.03542637825,3427.412286400795,3333.7926864624023,3357.063475996256
3999.9999999999995,3330.194279551506,3335.088863968849,3408.8167548179626,3329.4345438480377,3350.883610546589
2500.0,3344.6909487247467,3345.666378736496,3392.140120267868,3337.3984694480896,3354.9739792943
1999.9999999999998,3384.4104409217834,3341.580480337143,3413.4187549352646,3335.610330104828,3368.7550015747547
1999.9999999999998,3363.708257675171,3328.2407373189926,3398.0948477983475,3313.8730376958847,3350.979220122099
1999.9999999999998,3390.1892602443695,3311.2652599811554,3423.3415871858597,3300.525024533272,3356.330282986164
3000.0,3411.272093653679,3287.0958745479584,3436.4039450883865,3282.4107259511948,3354.2956598103046
2500.0,3396.4381366968155,3275.9861648082733,3405.9445559978485,3285.575285553932,3340.9860357642174
6000.0,3481.2748432159424,3271.08733355999,3427.303433418274,3291.5378361940384,3367.800861597061
2600.0,3464.796468615532,3307.059556245804,3432.99463391304,3333.979547023773,3384.7075514495373
3999.9999999999995,3388.085961341858,3309.0944588184357,3419.1327542066574,3337.109684944153,3363.355714827776
3600.0,3354.6285331249237,3321.3816583156586,3397.55080640316,3341.4416760206223,3353.750668466091
2500.0,3367.3667907714844,3321.1686462163925,3408.8312834501266,3343.895673751831,3360.3155985474586
2500.0,3359.4252169132233,3308.1458508968353,3397.793546319008,3328.830376267433,3348.548747599125
3500.0,3391.948342323303,3305.2101731300354,3412.7169102430344,3320.6431567668915,3357.629645615816
2500.0,3391.890674829483,3306.4502477645874,3413.306102156639,3324.0464329719543,3358.923364430666
3000.0,3395.1591700315475,3295.947387814522,3424.7788041830063,3315.7186210155487,3357.900995761156
3000.0,3409.8321944475174,3288.405016064644,3410.4540199041367,3311.505764722824,3355.0492487847805
3000.0,3450.9316831827164,3296.8557626008987,3423.7660467624664,3314.0818029642105,3371.408823877573
3500.0,3418.213203549385,3296.5855300426483,3403.083086013794,3312.692642211914,3357.6436154544353
3999.9999999999995,3449.040725827217,3303.1632006168365,3443.61774623394,3324.1143822669983,3379.984013736248
3000.0,3387.339413166046,3309.6836507320404,3426.896184682846,3338.976502418518,3365.7239377498627
3000.0,3361.5747839212418,3307.056203484535,3403.7572145462036,3333.3002775907516,3351.422119885683
1999.9999999999998,3406.3781797885895,3304.160088300705,3421.815410256386,3329.4175565242767,3365.4428087174892
2700.0,3399.6570110321045,3293.468803167343,3417.6506102085114,3313.2898807525635,3356.0165762901306
2500.0,3420.6490963697433,3290.0570333004,3429.2015433311462,3307.473734021187,3361.845351755619
2200.0,3448.559269309044,3292.0438796281815,3430.8314323425293,3303.007632493973,3368.610553443432
2500.0,3448.0315446853638,3294.922113418579,3427.8112649917603,3293.5966551303864,3366.0903945565224
3999.9999999999995,3491.2218153476715,3297.7332919836044,3429.9246221780777,3291.093483567238,3377.493303269148
3600.0,3486.047387123108,3303.7564158439636,3404.9172699451447,3306.400626897812,3375.280424952507
3000.0,3471.3781625032425,3306.615874171257,3414.9201214313507,3318.254202604294,3377.792090177536
3000.0,3439.885452389717,3308.3519339561462,3412.9350632429123,3324.1092413663864,3371.3204227387905
3999.9999999999995,3427.186980843544,3296.9503104686737,3424.2097288370132,3326.609283685684,3368.739075958729
3000.0,3414.299413561821,3300.0437915325165,3421.1674332618713,3335.237056016922,3367.6869235932827
2500.0,3393.91753077507,3303.6375045776367,3420.8234399557114,3339.1888439655304,3364.391829818487
2400.0,3387.2634172439575,3297.5850999355316,3446.298837661743,3332.0391923189163,3365.796636790037
3000.0,3374.8789876699448,3283.751606941223,3420.383557677269,3316.2785321474075,3348.823171108961
3000.0,3404.8446267843246,3296.329379081726,3421.6994047164917,3315.52617251873,3359.599895775318
3000.0,3422.3462641239166,3309.1165870428085,3421.749919652939,3309.745341539383,3365.7395280897617
3000.0,3432.8643232584,3310.5339109897614,3422.979488968849,3314.441442489624,3370.2047914266586
3000.0,3437.0534867048264,3304.155170917511,3407.7217429876328,3316.0170167684555,3366.2368543446064
3000.0,3461.2689167261124,3308.9107275009155,3410.7014536857605,3318.885639309883,3374.941684305668
2500.0,3451.167941093445,3307.8838884830475,3412.761837244034,3320.942223072052,3373.1889724731445
3000.0,3446.0902959108353,3294.60471868515,3412.593752145767,3311.2498372793198,3366.134651005268
3600.0,3438.522443175316,3294.0615713596344,3412.194326519966,3312.123343348503,3364.225421100855
2500.0,3474.00963306427,3309.8557591438293,3412.6411378383636,3322.6528018712997,3379.7898329794407
3999.9999999999995,3449.952006340027,3309.3617856502533,3419.918194413185,3322.4178850650787,3375.412467867136
3500.0,3410.825952887535,3315.8113807439804,3424.5070070028305,3331.1066776514053,3370.562754571438
3600.0,3374.706208705902,3324.773758649826,3399.699702858925,3337.744027376175,3359.230924397707
1999.9999999999998,3404.490128159523,3329.789489507675,3404.0305763483047,3342.1821892261505,3370.1230958104134
3000.0,3442.387953400612,3314.6097511053085,3420.155793428421,3325.0726014375687,3375.5565248429775
1999.9999999999998,3409.7235649824142,3313.2628351449966,3416.8316423892975,3321.617916226387,3365.358989685774
3000.0,3406.1776846647263,3294.3912595510483,3429.030328989029,3306.8914711475372,3359.122686088085
2500.0,3421.405255794525,3286.0084623098373,3431.4943850040436,3303.142413496971,3360.5126291513443
4200.0,3448.9700943231583,3285.317122936249,3436.790853738785,3299.6852695941925,3367.690835148096
3999.9999999999995,3472.415506839752,3301.9649237394333,3449.857011437416,3318.8407123088837,3385.7695385813713
3000.0,3395.8442509174347,3312.5949651002884,3404.0263295173645,3334.3512564897537,3361.7042005062103
3999.9999999999995,3414.277732372284,3310.473784804344,3405.585139989853,3337.625563144684,3366.990555077791
3000.0,3439.4730627536774,3315.1446282863617,3419.003337621689,3352.0109206438065,3381.4079873263836
3000.0,3390.2402222156525,3312.026336789131,3406.532183289528,3348.2882380485535,3364.2717450857162
3999.9999999999995,3399.783968925476,3311.6206526756287,3423.7410128116608,3346.0919559001923,3370.3093975782394
3000.0,3368.4801310300827,3318.8505470752716,3401.453420519829,3346.7482030391693,3358.883075416088
3999.9999999999995,3381.611555814743,3322.1523463726044,3418.767526745796,3344.6674793958664,3366.7997270822525
3200.0,3325.5667984485626,3325.294777750969,3386.1565589904785,3348.9784598350525,3346.4991487562656
3999.9999999999995,3353.917971253395,3334.1941237449646,3402.515798807144,3351.099193096161,3360.431771725416
2500.0,3354.300633072853,3343.190923333168,3412.5273674726486,3358.2016825675964,3367.0551516115665
3000.0,3341.551199555397,3328.375071287155,3423.437923192978,3340.729773044586,3358.523491770029
3500.0,3370.2166378498077,3329.0865272283554,3420.032411813736,3330.9759199619293,3362.577874213457
1999.9999999999998,3367.6305413246155,3338.349089026451,3415.393978357315,3333.9500427246094,3363.8309128582478
3000.0,3383.144438266754,3323.5803991556168,3426.3309091329575,3320.37091255188,3363.356664776802
1999.9999999999998,3397.3686397075653,3314.0192180871964,3426.2973815202713,3313.269764184952,3362.738750874996
3000.0,3392.917513847351,3305.314779281616,3421.11736536026,3293.175548315048,3353.131301701069
3999.9999999999995,3406.056761741638,3295.890837907791,3417.171388864517,3297.74871468544,3354.2169257998466
3600.0,3406.0627967119217,3314.869701862335,3412.8807485103607,3318.4924721717834,3363.0764298141003
3600.0,3385.741263628006,3331.805393099785,3416.079953312874,3328.4197747707367,3365.5115962028503
3500.0,3314.1855150461197,3335.7730507850647,3392.8627520799637,3334.670215845108,3344.372883439064
3000.0,3310.507982969284,3332.599103450775,3421.5188026428223,3347.434177994728,3353.0150167644024
3000.0,3304.6312630176544,3315.0965720415115,3417.690396308899,3346.126154065132,3345.8860963582993
3000.0,3338.175415992737,3308.7529242038727,3418.8909083604813,3339.197337627411,3351.2541465461254
3999.9999999999995,3351.450338959694,3305.98846077919,3403.5535901784897,3331.66167140007,3348.163515329361
3000.0,3372.8181570768356,3320.5148577690125,3396.3268250226974,3339.1696214675903,3357.207365334034
4500.0,3395.6314623355865,3325.771763920784,3400.982916355133,3342.58072078228,3366.241715848446
2500.0,3375.9891986846924,3333.088159561157,3383.8317543268204,3351.200446486473,3361.0273897647858
3000.0,3379.3312311172485,3321.884125471115,3387.6192569732666,3344.3722128868103,3358.30170661211
2500.0,3369.537591934204,3314.450830221176,3392.317369580269,3340.744748711586,3354.262635111809
5000.0,3398.428335785866,3314.635455608368,3417.314887046814,3332.831785082817,3365.802615880966
1999.9999999999998,3381.5912157297134,3336.958810687065,3407.3712676763535,3345.549926161766,3367.8678050637245
3000.0,3348.4357595443726,3326.379731297493,3398.1364220380783,3334.016650915146,3351.7421409487724
3000.0,3352.2775769233704,3318.05482506752,3401.390165090561,3325.6077021360397,3349.332567304373
2400.0,3387.5758945941925,3313.1924271583557,3409.257084131241,3323.381021618843,3358.351606875658
3999.9999999999995,3384.702354669571,3314.603716135025,3418.3676540851593,3320.535644888878,3359.5523424446583
3000.0,3354.959115386009,3327.1385729312897,3404.632732272148,3322.4377781152725,3352.29204967618
3000.0,3374.963253736496,3322.267457842827,3408.6093306541443,3320.459872484207,3356.5749786794186
3000.0,3381.524384021759,3313.5415613651276,3410.3959053754807,3319.6518570184708,3356.2784269452095
3999.9999999999995,3393.6142176389694,3309.752494096756,3417.3551201820374,3320.228084921837,3360.2374792099
2500.0,3373.393267393112,3323.7075805664062,3395.8838135004044,3326.108604669571,3354.7733165323734
4500.0,3382.790833711624,3314.262181520462,3415.7974272966385,3338.572382926941,3362.8557063639164
3999.9999999999995,3379.722163081169,3320.154994726181,3410.065770149231,3360.0519597530365,3367.4987219274044
3999.9999999999995,3397.1529453992844,3328.9799094200134,3417.661339044571,3373.8957345485687,3379.4224821031094
3600.0,3334.5112949609756,3327.961564064026,3420.723080635071,3386.067822575569,3367.3159405589104
3000.0,3253.343626856804,3319.975733757019,3407.8288078308105,3385.588377714157,3341.6841365396976
1999.9999999999998,3268.6858624219894,3310.0327849388123,3427.290692925453,3378.421738743782,3346.1077697575092
2500.0,3285.1020991802216,3297.024294734001,3432.2036057710648,3357.953578233719,3343.0708944797516
3000.0,3303.4318685531616,3286.4492386579514,3436.0646456480026,3335.1704478263855,3340.2790501713753
1999.9999999999998,3357.287719845772,3300.105035305023,3460.3440016508102,3330.308720469475,3362.01136931777
3999.9999999999995,3344.317674636841,3294.418752193451,3435.3558719158173,3308.049738407135,3345.535509288311
2500.0,3371.211737394333,3312.4537020921707,3437.3581409454346,3317.285478115082,3359.577264636755
3999.9999999999995,3373.427912592888,3308.074325323105,3413.0696207284927,3318.30695271492,3353.2197028398514
3999.9999999999995,3365.921527147293,3327.5552093982697,3431.331217288971,3339.683711528778,3366.122916340828
3000.0,3318.134844303131,3336.729258298874,3416.2113815546036,3354.8153936862946,3356.472719460726
3000.0,3349.972665309906,3335.055336356163,3434.2825412750244,3357.350304722786,3369.16521191597
3000.0,3336.378112435341,3322.0627158880234,3425.9142726659775,3348.7048745155334,3358.264993876219
2500.0,3348.6684411764145,3316.6442066431046,3431.270644068718,3345.7573503255844,3360.5851605534554
3999.9999999999995,3366.4394170045853,3313.2069557905197,3462.255746126175,3338.1635695695877,3370.016422122717
2500.0,3313.5004341602325,3320.513293147087,3417.1083569526672,3340.648412704468,3347.9426242411137
3000.0,3383.9453011751175,3320.007026195526,3447.818085551262,3340.8386260271072,3373.152259737253
3999.9999999999995,3364.555835723877,3317.26536154747,3437.0581805706024,3335.0931107997894,3363.4931221604347
1999.9999999999998,3363.4690940380096,3326.621800661087,3435.306027531624,3345.9337055683136,3367.8326569497585
3500.0,3396.4933454990387,3312.7807080745697,3453.4983336925507,3338.516280055046,3375.3221668303013
1999.9999999999998,3402.7469158172607,3314.8562908172607,3491.765633225441,3346.9372987747192,3389.0765346586704
3999.9999999999995,3377.687931060791,3293.660134077072,3458.855375647545,3329.4419199228287,3364.911340177059
3500.0,3375.2627670764923,3306.4310252666473,3435.7331693172455,3335.050642490387,3363.119401037693
3000.0,3386.7546916007996,3319.5067942142487,3444.09741461277,3345.5349504947662,3373.973462730646
3600.0,3357.5505763292313,3319.258913397789,3447.745218873024,3347.1865206956863,3367.9353073239326
3000.0,3351.7782390117645,3323.87812435627,3437.681123614311,3351.375460624695,3366.17823690176
3000.0,3382.2760730981827,3322.9610323905945,3443.5777366161346,3352.8540283441544,3375.4172176122665
4400.0,3375.2842247486115,3324.268162250519,3448.297306895256,3348.9306271076202,3374.1950802505016
3000.0,3395.695388317108,3344.181105494499,3477.1641343832016,3363.4764701128006,3395.1292745769024
3200.0,3311.290293931961,3336.549550294876,3419.8319166898727,3360.309451818466,3356.995303183794
3000.0,3377.5120228528976,3338.9847725629807,3440.4442459344864,3360.6018126010895,3379.3857134878635
3000.0,3380.6756883859634,3338.4235203266144,3436.1569583415985,3355.2195131778717,3377.618920058012
3000.0,3389.037922024727,3340.737596154213,3450.978174805641,3351.7882972955704,3383.135497570038
3999.9999999999995,3379.664272069931,3344.6209877729416,3447.883576154709,3346.4741706848145,3379.660751670599
3000.0,3381.115347146988,3356.9926768541336,3453.412503004074,3357.4962615966797,3387.254197150469
2500.0,3347.9198813438416,3358.8552474975586,3431.0996532440186,3354.2371541261673,3373.0279840528965
3000.0,3354.9781143665314,3347.574323415756,3412.541002035141,3339.480310678482,3363.6434376239777
3000.0,3399.0378677845,3345.356583595276,3439.009040594101,3333.91897380352,3379.3306164443493
2500.0,3382.1886777877808,3338.3627235889435,3434.8446875810623,3333.708867430687,3372.2762390971184
3600.0,3402.8226882219315,3335.2093398571014,3453.0767798423767,3330.664336681366,3380.443286150694
3600.0,3364.703804254532,3348.417654633522,3440.449833869934,3331.884741783142,3371.3640086352825
2500.0,3369.121626019478,3353.992849588394,3423.4316647052765,3333.805203437805,3370.0878359377384
3000.0,3332.5376361608505,3339.502662420273,3403.4617245197296,3325.2328634262085,3350.1837216317654
3000.0,3375.0128746032715,3330.092579126358,3435.6627613306046,3327.4774253368378,3367.061410099268
3500.0,3388.804793357849,3321.646749973297,3454.5106440782547,3328.7420868873596,3373.42606857419
3000.0,3363.8376742601395,3329.339772462845,3447.4825859069824,3331.6435664892197,3368.0758997797966
3500.0,3345.804065465927,3320.6594735383987,3424.686938524246,3333.3398401737213,3356.1225794255733
3500.0,3344.421833753586,3327.6669681072235,3443.538397550583,3350.8922159671783,3366.6298538446426
2500.0,3296.3839173316956,3325.001522898674,3433.2747012376785,3357.7530831098557,3353.103306144476
5000.0,3351.2941002845764,3313.2581412792206,3445.347100496292,3349.408730864525,3364.8270182311535
3999.9999999999995,3345.8999544382095,3334.6284180879593,3435.0666403770447,3360.9239012002945,3369.129728525877
3000.0,3316.025286912918,3342.04763174057,3415.544629096985,3372.9900419712067,3361.65189743042
3000.0,3336.34190261364,3336.474895477295,3432.1483969688416,3373.372033238411,3369.584307074547
2400.0,3328.25168967247,3323.618844151497,3422.2932904958725,3362.8231287002563,3359.246738255024
3400.0,3359.832242131233,3318.6261355876923,3432.1173280477524,3348.93599152565,3364.877924323082
3000.0,3381.163403391838,3332.1717381477356,3447.408825159073,3351.771757006645,3378.128930926323
3000.0,3364.100083708763,3332.877606153488,3440.1554614305496,3345.266282558441,3370.5998584628105
2500.0,3379.1425824165344,3339.2073959112167,3442.3667192459106,3340.9608900547028,3375.419396907091
2500.0,3361.247777938843,3335.5508744716644,3423.9238500595093,3330.984190106392,3362.926673144102
3400.0,3384.450450539589,3328.200727701187,3442.002609372139,3323.729485273361,3369.595818221569
3500.0,3378.62066924572,3336.649239063263,3447.793275117874,3331.8230509757996,3373.721558600664
2700.0,3371.6044574975967,3334.6621692180634,3445.550501346588,3338.562995195389,3372.5950308144093
2600.0,3382.784128189087,3327.297493815422,3445.6318616867065,3335.9458297491074,3372.9148283600807
3999.9999999999995,3371.6699481010437,3327.106609940529,3444.0969675779343,3333.5624635219574,3369.108997285366
3600.0,3337.7044647932053,3326.1340856552124,3421.3346242904663,3341.47185087204,3356.661256402731
2500.0,3383.5414052009583,3340.032398700714,3438.4337067604065,3350.258767604828,3378.0665695667267
3000.0,3365.7516539096832,3335.0305259227753,3452.1473944187164,3346.627727150917,3374.889325350523
3500.0,3336.7328345775604,3328.588083386421,3469.299226999283,3345.782607793808,3370.100688189268
3600.0,3347.167745232582,3321.806788444519,3458.1079334020615,3349.2060005664825,3369.0721169114113
2500.0,3386.5832537412643,3334.1342210769653,3449.200317263603,3351.1635661125183,3380.270339548588
2500.0,3366.694226861,3336.952105164528,3444.60591673851,3343.7995612621307,3373.012952506542
3000.0,3374.5839446783066,3325.4988491535187,3424.808979034424,3323.727697134018,3362.1548675000668
3600.0,3390.7735347747803,3323.429301381111,3407.1696549654007,3319.1145211458206,3360.121753066778
3000.0,3420.3869104385376,3339.2228186130524,3419.851139187813,3323.8385617733,3375.8248575031757
2500.0,3408.060148358345,3339.187502861023,3410.3786945343018,3325.1740783452988,3370.700106024742
1999.9999999999998,3417.0589596033096,3327.1868526935577,3418.864756822586,3317.059278488159,3370.042461901903
2500.0,3466.135337948799,3304.2222261428833,3435.5923533439636,3299.962431192398,3376.478087157011
3999.9999999999995,3498.8558292388916,3292.4406230449677,3468.100279569626,3297.201991081238,3389.1496807336807
3000.0,3435.366377234459,3301.8147200345993,3459.6028178930283,3317.4102008342743,3378.54852899909
3400.0,3387.9826962947845,3302.168548107147,3428.071439266205,3320.0588822364807,3359.5703914761543
2400.0,3428.7071228027344,3315.0172233581543,3440.9017860889435,3333.4127068519592,3379.509709775448
2500.0,3436.7354214191437,3297.8177815675735,3457.248955965042,3332.2209119796753,3381.0057677328587
3000.0,3413.09554874897,3287.041559815407,3457.9188376665115,3326.7416059970856,3371.1993880569935
3000.0,3407.5382351875305,3286.776691675186,3450.2439200878143,3323.4742283821106,3367.0082688331604
2500.0,3444.5659071207047,3292.3612743616104,3457.4954956769943,3323.6704766750336,3379.5232884585857
2700.0,3457.736447453499,3293.878957629204,3456.931561231613,3318.2454854249954,3381.698112934828
3000.0,3447.6734697818756,3289.4454896450043,3435.305133461952,3311.5889132022858,3371.0032515227795
2400.0,3434.0619295835495,3287.8200709819794,3408.512994647026,3314.9729669094086,3361.341990530491
3000.0,3482.873886823654,3284.1264456510544,3429.7489374876022,3311.822935938835,3377.1430514752865
3999.9999999999995,3482.1823239326477,3292.0751720666885,3420.254811644554,3313.031494617462,3376.885950565338
3999.9999999999995,3481.8772226572037,3317.1797543764114,3416.614606976509,3323.6894756555557,3384.84026491642
4500.0,3455.6031972169876,3323.279544711113,3416.752517223358,3339.8330211639404,3383.86707007885
1999.9999999999998,3392.479196190834,3331.659883260727,3399.260491132736,3357.7975630760193,3370.299283415079
2500.0,3403.8325399160385,3316.643536090851,3421.2957322597504,3353.5127341747284,3373.821135610342
3000.0,3355.100154876709,3300.044685602188,3450.3742307424545,3342.7950739860535,3362.0785363018513
3000.0,3339.3343538045883,3289.0719920396805,3460.2490067481995,3336.976021528244,3356.407843530178
3999.9999999999995,3383.0033987760544,3292.534500360489,3471.672534942627,3336.183875799179,3370.8485774695873
3000.0,3397.8858590126038,3310.289829969406,3468.840792775154,3349.91991519928,3381.734099239111
3000.0,3338.111490011215,3314.3623173236847,3423.4077483415604,3346.452936530113,3355.5836230516434
3000.0,3401.315063238144,3322.9444921016693,3439.900204539299,3346.2613821029663,3377.6052854955196
3999.9999999999995,3393.2724595069885,3330.3268253803253,3427.6192635297775,3343.5139060020447,3373.683113604784
1999.9999999999998,3403.2241255044937,3341.553658246994,3424.967899918556,3346.0968732833862,3378.9606392383575
2500.0,3431.675434112549,3335.508853197098,3425.338938832283,3332.354351878166,3381.219394505024
3000.0,3426.671326160431,3325.6830275058746,3421.4340895414352,3320.71915268898,3373.62689897418
2400.0,3424.3762493133545,3325.1452445983887,3427.3888170719147,3318.525105714798,3373.858854174614
2400.0,3419.6316450834274,3311.6403222084045,3438.4743869304657,3310.8092844486237,3370.1389096677303
3000.0,3397.844061255455,3296.2167263031006,3420.0789034366608,3301.1747896671295,3353.8286201655865
3000.0,3453.933969140053,3299.1696149110794,3449.915573000908,3303.9075136184692,3376.7316676676273
3000.0,3429.1235357522964,3299.172967672348,3453.7864476442337,3311.544880270958,3373.406957834959
3600.0,3397.131711244583,3297.8495210409164,3450.3673017024994,3314.6826177835464,3365.0077879428864
3500.0,3399.6985852718353,3308.8767528533936,3435.0181370973587,3323.291838169098,3366.7213283479214
3000.0,3402.155265212059,3310.8340948820114,3426.036089658737,3334.52045917511,3368.3864772319794
1999.9999999999998,3417.8882092237473,3308.0651611089706,3438.3367002010345,3337.477147579193,3375.4418045282364
3200.0,3412.705287337303,3292.152062058449,3441.382125020027,3323.2366293668747,3367.3690259456635
3999.9999999999995,3407.215029001236,3291.8670773506165,3449.5579451322556,3324.018716812134,3368.1646920740604
3000.0,3410.3650599718094,3309.191018342972,3447.0467269420624,3337.1172845363617,3375.9300224483013
3500.0,3390.2399986982346,3309.970200061798,3435.3330731391907,3339.5035564899445,3368.761707097292
3000.0,3375.779315829277,3314.485475420952,3425.467014312744,3345.1446890830994,3365.219123661518
2500.0,3383.8894218206406,3307.6324313879013,3417.223021388054,3346.6681838035583,3363.8532646000385
3500.0,3413.102701306343,3307.2560280561447,3428.8573265075684,3336.49680018425,3371.4282140135765
5000.0,3432.3377162218094,3318.5669034719467,3440.6590461730957,3338.821604847908,3382.59631767869
3600.0,3410.5047583580017,3344.7280526161194,3432.2145581245422,3355.7919412851334,3385.809827595949
3600.0,3375.701978802681,3344.4879949092865,3408.9957922697067,3360.0128442049026,3372.299652546644
3500.0,3380.4702758789062,3344.994932413101,3418.792113661766,3364.68368768692,3377.2352524101734
3999.9999999999995,3393.3475613594055,3347.9708433151245,3424.48890209198,3361.0425889492035,3381.7124739289284
3000.0,3347.187861800194,3338.0283415317535,3400.3593027591705,3365.77869951725,3362.838551402092
2500.0,3363.836109638214,3340.378627181053,3423.391878604889,3366.420418024063,3373.506758362055
3999.9999999999995,3335.6481045484543,3334.2191576957703,3424.9383956193924,3357.6352894306183,3363.110236823559
3400.0,3348.0358868837357,3349.0631729364395,3445.2711045742035,3364.4986152648926,3376.717194914818
3000.0,3323.826491832733,3352.951258420944,3441.251367330551,3366.767317056656,3371.199108660221
3000.0,3320.614993572235,3345.939517021179,3442.7254647016525,3357.4099838733673,3366.6724897921085
3000.0,3314.002901315689,3340.310901403427,3411.700800061226,3349.205106496811,3353.8049273192883
3500.0,3361.862897872925,3340.4459059238434,3434.935435652733,3345.0371772050858,3370.5703541636467
3500.0,3359.9435538053513,3349.3544161319733,3448.1748193502426,3349.1072058677673,3376.6449987888336
3000.0,3324.951007962227,3352.183699607849,3457.549139857292,3358.7345480918884,3373.354598879814
3999.9999999999995,3306.8713545799255,3339.2228186130524,3458.665832877159,3359.0134978294373,3365.9433759748936
4200.0,3314.2054080963135,3335.576355457306,3441.951870918274,3364.023193717003,3363.939207047224
3999.9999999999995,3340.958207845688,3349.387049674988,3468.2661294937134,3377.6385337114334,3384.0624801814556
3000.0,3238.292410969734,3348.5490828752518,3404.3166786432266,3378.949910402298,3342.5270207226276
3999.9999999999995,3274.3701338768005,3343.5916900634766,3410.0771695375443,3372.4064379930496,3350.1113578677177
3500.0,3283.6832106113434,3354.84579205513,3416.6747331619263,3378.438949584961,3358.41067135334
1999.9999999999998,3298.666700720787,3358.399271965027,3459.048494696617,3381.2418580055237,3374.3390813469887
3000.0,3275.9790122509003,3336.322233080864,3436.1203014850616,3361.3210916519165,3352.4356596171856
3000.0,3293.4196293354034,3325.94633102417,3440.5676275491714,3345.106691122055,3351.2600697577
3999.9999999999995,3333.2204818725586,3329.0420472621918,3447.4685043096542,3334.6210420131683,3361.0880188643932
3400.0,3318.922072649002,3349.473774433136,3410.4980528354645,3334.079682826996,3353.2433956861496
3999.9999999999995,3356.0825139284134,3363.0533516407013,3415.287584066391,3344.1247791051865,3369.637057185173
3000.0,3355.656713247299,3368.3019876480103,3426.757827401161,3355.8547496795654,3376.642819494009
3600.0,3335.2989703416824,3360.9384298324585,3421.3176369667053,3353.6396920681,3367.7986823022366
3000.0,3340.3535932302475,3361.7131412029266,3416.49167239666,3351.0294556617737,3367.396965622902
3600.0,3333.2911133766174,3354.165181517601,3408.5380285978317,3344.3867415189743,3360.095266252756
2500.0,3319.457843899727,3352.7983725070953,3416.0158038139343,3345.2363312244415,3358.3770878612995
3000.0,3318.6158537864685,3335.7104659080505,3424.5532751083374,3335.252031683922,3353.5329066216946
3500.0,3333.64337682724,3337.8084003925323,3453.2951563596725,3334.668204188347,3364.853784441948
3000.0,3295.281082391739,3340.20271897316,3438.8722479343414,3338.3821696043015,3353.1845547258854
2500.0,3305.5414259433746,3340.7586067914963,3450.951799750328,3343.3952182531357,3360.1617626845837
1999.9999999999998,3295.8269119262695,3328.9526402950287,3448.0085223913193,3335.14004945755,3351.982031017542
3500.0,3319.7584748268127,3318.103551864624,3443.1731700897217,3315.628319978714,3349.165879189968
3000.0,3338.6653661727905,3322.8709548711777,3449.8292952775955,3325.9132504463196,3359.319716691971
3600.0,3329.4057101011276,3312.3555779457092,3443.2129561901093,3328.0793577432632,3353.2634004950523
2500.0,3366.69959127903,3319.8899030685425,3441.309481859207,3335.4967832565308,3365.8489398658276
3999.9999999999995,3377.8399229049683,3309.597596526146,3431.2552213668823,3326.207846403122,3361.2251468002796
3000.0,3370.489329099655,3321.3572949171066,3415.4288470745087,3335.0591361522675,3360.5836518108845
3000.0,3383.1068873405457,3325.537070631981,3432.6933324337006,3341.694697737694,3370.75799703598
4600.0,3357.4124425649643,3321.4375376701355,3439.4388645887375,3339.189291000366,3364.369533956051
2700.0,3357.8167855739594,3338.000625371933,3462.364375591278,3355.535566806793,3378.429338335991
1999.9999999999998,3328.3160626888275,3329.426497220993,3430.8642894029617,3348.6708998680115,3359.3194372951984
1999.9999999999998,3343.961164355278,3313.421756029129,3412.5150740146637,3323.9275217056274,3348.4563790261745
3000.0,3414.61144387722,3295.1930165290833,3446.7995166778564,3308.6373656988144,3366.3103356957436
3000.0,3401.424139738083,3288.9383286237717,3452.513739466667,3306.0673624277115,3362.2358925640583
3999.9999999999995,3382.2009712457657,3290.433883666992,3441.324457526207,3309.65593457222,3355.903811752796
3400.0,3413.761854171753,3309.5747977495193,3457.3564678430557,3331.146463751793,3377.9598958790302
2500.0,3340.4240012168884,3320.528268814087,3444.3839639425278,3342.592567205429,3361.982200294733
3999.9999999999995,3317.0662075281143,3309.9912106990814,3436.114713549614,3339.2974734306335,3350.617401301861
3999.9999999999995,3362.7010881900787,3320.2888816595078,3438.2551163434982,3348.4990149736404,3367.4360252916813
4500.0,3382.9113095998764,3333.803191781044,3434.2803061008453,3354.714587330818,3376.427348703146
3000.0,3322.2325891256332,3338.606357574463,3402.4451673030853,3366.263285279274,3357.386849820614
3500.0,3328.5409212112427,3338.2681757211685,3413.8499200344086,3369.6042001247406,3362.56580427289
2500.0,3291.587010025978,3339.3222838640213,3405.829668045044,3365.398496389389,3350.534364581108
3000.0,3323.9972591400146,3332.8981697559357,3430.602326989174,3356.1591804027557,3360.91423407197
3000.0,3307.304084300995,3319.9869096279144,3427.952080965042,3342.7204191684723,3349.490873515606
3500.0,3369.775414466858,3322.0671862363815,3457.0278972387314,3341.2304520606995,3372.5252375006676
3000.0,3372.5669234991074,3331.6603302955627,3480.962812900543,3347.274586558342,3383.116163313389
3500.0,3323.715180158615,3332.0584148168564,3439.7124499082565,3338.567242026329,3358.5133217275143
2500.0,3323.4458416700363,3329.0404826402664,3421.1473166942596,3341.4680510759354,3353.7754230201244
3999.9999999999995,3326.907902956009,3318.3974772691727,3419.0281480550766,3333.0821245908737,3349.353913217783
1999.9999999999998,3390.4150128364563,3330.044522881508,3448.050320148468,3347.56962954998,3379.019871354103
2500.0,3363.3457124233246,3325.3656327724457,3436.203673481941,3333.3800733089447,3364.573772996664
3999.9999999999995,3380.669429898262,3320.7444101572037,3444.557413458824,3315.5424892902374,3365.378435701132
5000.0,3377.1586418151855,3335.043489933014,3432.7297657728195,3324.7406780719757,3367.4181438982487
3600.0,3379.9510449171066,3358.2817018032074,3428.5222738981247,3348.0501919984818,3378.70130315423
2500.0,3350.680321455002,3360.5271577835083,3413.083255290985,3353.355824947357,3369.411639869213
3000.0,3356.1471104621887,3347.6129919290543,3419.2076325416565,3347.589075565338,3367.6392026245594
2500.0,3325.0126987695694,3327.828347682953,3397.027775645256,3341.076225042343,3347.7362617850304
3000.0,3379.385992884636,3325.3638446331024,3442.7623450756073,3335.723653435707,3370.808959007263
3999.9999999999995,3348.8765358924866,3312.9246532917023,3422.975018620491,3330.7090401649475,3353.871311992407
3000.0,3393.7065303325653,3331.2544226646423,3441.4954483509064,3347.034305334091,3378.3726766705513
3000.0,3356.020599603653,3331.8474143743515,3428.199514746666,3346.618562936783,3365.6715229153633
3000.0,3314.4575357437134,3335.922807455063,3423.124998807907,3345.8416163921356,3354.8367395997047
3000.0,3317.844495177269,3337.130695581436,3437.38853931427,3342.5433933734894,3358.726780861616
3000.0,3334.9545300006866,3337.550461292267,3447.304889559746,3337.9143476486206,3364.43105712533
3600.0,3331.7356556653976,3334.1509848833084,3423.5872328281403,3330.6992053985596,3355.0432696938515
2500.0,3375.7873624563217,3340.034633874893,3424.28058385849,3334.4661444425583,3368.642181158066
2400.0,3420.872390270233,3334.3465626239777,3443.7623620033264,3330.015689134598,3382.2492510080338
2400.0,3402.3208916187286,3318.5161650180817,3418.569937348366,3315.4472708702087,3363.713566213846
3999.9999999999995,3436.7555379867554,3311.699330806732,3425.9844571352005,3308.2636445760727,3370.67574262619
3500.0,3411.8248522281647,3322.506844997406,3401.3405442237854,3320.1871812343597,3363.964855670929
3000.0,3452.669307589531,3331.550806760788,3424.5067834854126,3332.1623504161835,3385.2223120629787
2400.0,3399.4319289922714,3333.760052919388,3428.9487451314926,3338.257446885109,3375.099543482065
3999.9999999999995,3381.1575919389725,3319.733440876007,3447.377309203148,3333.0993354320526,3370.341919362545
3000.0,3394.380211830139,3326.8386125564575,3443.7183290719986,3338.0109071731567,3375.737015157938
2500.0,3393.770009279251,3315.0243759155273,3419.3480014801025,3332.142010331154,3365.0710992515087
2500.0,3431.392014026642,3311.4878833293915,3435.646891593933,3326.3571560382843,3376.2209862470627
3000.0,3423.430770635605,3303.341791033745,3433.4291517734528,3313.942328095436,3368.5360103845596
3500.0,3426.2415021657944,3300.570845603943,3433.7617456912994,3312.9939436912537,3368.3920092880726
3200.0,3445.609286427498,3309.0830594301224,3452.0094841718674,3325.750306248665,3383.113034069538
3000.0,3405.04489839077,3307.5443655252457,3436.7895126342773,3330.106884241104,3369.8714151978493
3000.0,3411.77836060524,3302.61692404747,3450.3697603940964,3334.3948423862457,3374.789971858263
3000.0,3410.3360027074814,3299.77422952652,3453.2692283391953,3333.4804326295853,3374.2149733006954
3999.9999999999995,3424.471914768219,3301.8066734075546,3450.1540660858154,3331.717327237129,3377.0374953746796
2500.0,3423.1922775506973,3323.311060667038,3438.9086812734604,3341.660052537918,3381.7680180072784
2500.0,3444.7523206472397,3321.542367339134,3447.088971734047,3335.1606130599976,3387.1360681951046
3999.9999999999995,3417.365401983261,3307.2341233491898,3412.262722849846,3318.89346241951,3363.9389276504517
3000.0,3463.589698076248,3320.450708270073,3445.9564089775085,3335.006833076477,3391.2509121000767
3600.0,3405.84933757782,3320.7542449235916,3415.5629575252533,3336.217626929283,3369.596041738987
2600.0,3450.6386518478394,3340.7114446163177,3435.3987872600555,3340.686410665512,3391.858823597431
2400.0,3434.8900616168976,3340.3178304433823,3417.171612381935,3331.0461044311523,3380.856402218342
3999.9999999999995,3443.378582596779,3331.3898742198944,3417.0618653297424,3319.344073534012,3377.793598920107
2500.0,3429.2737394571304,3345.2309668064117,3398.5745161771774,3327.2315561771393,3375.0776946544647
2500.0,3440.859317779541,3335.4292809963226,3408.6403995752335,3321.2365955114365,3376.5413984656334
2500.0,3445.2538937330246,3327.816277742386,3436.2539649009705,3316.916897892952,3381.560258567333
3999.9999999999995,3409.7886085510254,3306.063562631607,3439.0906244516373,3307.725414633751,3365.667052567005
3000.0,3394.949957728386,3312.6890659332275,3426.0541945695877,3313.8160407543182,3361.87731474638
3500.0,3412.458524107933,3318.195641040802,3425.4833310842514,3323.455899953842,3369.898349046707
3000.0,3381.1327815055847,3317.27497279644,3418.540209531784,3331.3286304473877,3362.069148570299
3999.9999999999995,3375.4239231348038,3312.3189210891724,3413.7357026338577,3334.110975265503,3358.897380530834
3000.0,3406.979665160179,3325.265273451805,3430.345728993416,3349.4174480438232,3378.002028912306
3600.0,3361.431509256363,3324.788734316826,3415.300101041794,3348.3463525772095,3362.466674298048
3999.9999999999995,3357.3903143405914,3323.908746242523,3416.80146753788,3350.6260067224503,3362.181633710861
2500.0,3394.462913274765,3334.8398655653,3434.8471462726593,3357.4075251817703,3380.3893625736237
3400.0,3366.471827030182,3325.839936733246,3432.711660861969,3350.3658324480057,3368.8473142683506
3000.0,3354.4494956731796,3320.6406980752945,3439.0586614608765,3350.500613451004,3366.1623671650887
3600.0,3358.7490767240524,3321.2238550186157,3439.00166451931,3339.9995416402817,3364.743534475565
3000.0,3380.839079618454,3325.844407081604,3429.397791624069,3341.0362154245377,3369.279373437166
3000.0,3391.5498107671738,3322.56942987442,3428.4038096666336,3340.977430343628,3370.875120162964
3999.9999999999995,3386.5123987197876,3328.5728842020035,3427.50146985054,3342.1041816473007,3371.172733604908
2500.0,3394.48481798172,3337.5386148691177,3438.98668885231,3348.5931158065796,3379.900809377432
3000.0,3392.419293522835,3328.0594646930695,3438.4164959192276,3341.0918712615967,3374.996781349182
3999.9999999999995,3378.6512911319733,3330.7859301567078,3425.1728653907776,3336.1756056547165,3367.696423083544
1999.9999999999998,3396.921157836914,3342.6276594400406,3439.106270670891,3348.599821329117,3381.8137273192406
3500.0,3394.2456543445587,3338.3334428071976,3434.453308582306,3331.9464325904846,3374.7447095811367
3000.0,3373.495191335678,3339.9103581905365,3445.8868950605392,3337.89624273777,3374.297171831131
3000.0,3359.5767617225647,3327.898532152176,3442.6186233758926,3335.5050534009933,3366.3997426629066
5000.0,3351.5511453151703,3322.104960680008,3423.5358238220215,3332.790434360504,3357.495591044426
3000.0,3406.705856323242,3349.8962223529816,3436.9656443595886,3351.8019318580627,3386.342413723469
2500.0,3336.5920186042786,3349.4503051042557,3421.074226498604,3352.3689955472946,3364.871386438608
3999.9999999999995,3312.848210334778,3331.727162003517,3418.489024043083,3338.388651609421,3350.3632619976997
2700.0,3352.252319455147,3340.790569782257,3428.7504851818085,3346.3874459266663,3367.0452050864697
3000.0,3366.016298532486,3336.2701535224915,3442.617952823639,3342.369496822357,3371.8184754252434
2500.0,3322.8302747011185,3334.5019072294235,3422.647565603256,3338.044434785843,3354.5060455799103
3000.0,3344.162777066231,3329.3940871953964,3450.402170419693,3331.141546368599,3363.77514526248
3999.9999999999995,3354.9942076206207,3323.9322155714035,3460.1935744285583,3329.8062533140182,3367.23156273365
3000.0,3359.6621453762054,3330.4142206907272,3444.8734670877457,3342.507630586624,3369.3643659353256
3600.0,3371.4578300714493,3333.4124833345413,3442.2138333320618,3343.356102705002,3372.6100623607635
3500.0,3370.906189084053,3344.5990830659866,3428.8685023784637,3343.615382909775,3371.9972893595695
3999.9999999999995,3355.0574630498886,3348.638266324997,3402.087315917015,3342.643305659294,3362.1065877377987
3000.0,3350.0269800424576,3349.8211205005646,3391.3222700357437,3351.8028259277344,3360.743299126625
3800.0,3374.757841229439,3346.424326300621,3405.2862972021103,3349.338322877884,3368.9516969025135
1999.9999999999998,3404.574617743492,3359.030708670616,3456.3063830137253,3359.9625527858734,3394.9685655534267
3999.9999999999995,3334.4142884016037,3339.562341570854,3434.0228140354156,3343.619182705879,3362.904656678438
4500.0,3330.395892262459,3337.0549231767654,3430.5158257484436,3337.232619524002,3358.7998151779175
3000.0,3310.3568851947784,3342.1634137630463,3403.080403804779,3348.1697738170624,3350.9426191449165
3000.0,3332.8979462385178,3338.8830721378326,3419.417291879654,3352.7762442827225,3360.9936386346817
3000.0,3307.3990792036057,3332.163468003273,3426.1520951986313,3346.697688102722,3353.103082627058
3999.9999999999995,3303.7202060222626,3330.232724547386,3413.3534878492355,3339.638337492943,3346.7361889779568
3200.0,3306.9757372140884,3338.6193215847015,3412.392809987068,3349.061608314514,3351.762369275093
1999.9999999999998,3310.8271658420563,3339.756354689598,3421.1573749780655,3351.859822869301,3355.900179594755
3999.9999999999995,3332.720696926117,3330.3026854991913,3440.9160912036896,3333.1896364688873,3359.2822775244713
3000.0,3327.0277082920074,3339.05853331089,3424.3442863225937,3336.329385638237,3356.689978390932
2500.0,3315.6631886959076,3339.4063264131546,3423.4998375177383,3334.6284180879593,3353.29944267869
3000.0,3344.2430198192596,3332.0651203393936,3444.155976176262,3328.83283495903,3362.3242378234863
3000.0,3324.8694241046906,3321.2314546108246,3419.6336567401886,3323.052227497101,3347.196690738201
3500.0,3354.966938495636,3321.991413831711,3420.4640239477158,3324.3410289287567,3355.440851300955
3500.0,3400.8262306451797,3329.4709771871567,3462.640419602394,3336.0587060451508,3382.2490833699703
3000.0,3345.1956510543823,3330.8791369199753,3440.702185034752,3342.7123725414276,3364.8723363876343
3000.0,3337.1930569410324,3320.8702504634857,3433.2380443811417,3335.8481526374817,3356.7873761057854
2500.0,3352.469801902771,3317.629247903824,3415.136933326721,3330.186903476715,3353.855721652508
3000.0,3368.994891643524,3308.577686548233,3414.379209280014,3324.388414621353,3354.085050523281
3999.9999999999995,3405.4313600063324,3311.8323236703873,3433.661609888077,3323.4693109989166,3368.5986511409283
1999.9999999999998,3419.538214802742,3327.6502043008804,3424.246609210968,3331.5736055374146,3375.7521584630013
3999.9999999999995,3405.8403968811035,3317.350298166275,3427.1465241909027,3320.070505142212,3367.6019310951233
2800.0,3401.6572684049606,3322.7869123220444,3433.98280441761,3326.634541153908,3371.2653815746307
2500.0,3401.4326333999634,3324.221447110176,3428.751602768898,3327.8971910476685,3370.5757185816765
3000.0,3429.0464222431183,3314.7060871124268,3451.235443353653,3321.2077617645264,3379.048928618431
4500.0,3405.785635113716,3309.267908334732,3419.6991473436356,3315.1625096797943,3362.4788001179695
3000.0,3406.451493501663,3328.6991715431213,3398.2615917921066,3331.402838230133,3366.203773766756
2500.0,3434.7349405288696,3328.4298330545425,3408.806473016739,3339.136317372322,3377.7768909931183
3000.0,3420.8833426237106,3316.001817584038,3419.3844348192215,3327.905014157295,3371.0436522960663
1999.9999999999998,3406.5961092710495,3320.8391815423965,3436.742126941681,3329.422250390053,3373.399917036295
3999.9999999999995,3385.152518749237,3303.130343556404,3443.3741122484207,3314.3502473831177,3361.501805484295
3000.0,3389.7261321544647,3313.6294037103653,3446.6374665498734,3325.658217072487,3368.9128048717976
3000.0,3377.2078156471252,3315.442129969597,3429.931327700615,3327.488601207733,3362.5174686312675
3500.0,3378.5252273082733,3317.3391222953796,3416.5647625923157,3327.7590572834015,3360.0470423698425
3999.9999999999995,3451.663926243782,3329.3473720550537,3441.2406384944916,3337.8955721855164,3390.036877244711
2700.0,3409.896120429039,3338.1137251853943,3422.011658549309,3341.5628224611282,3377.8960816562176
3000.0,3411.654531955719,3323.5345780849457,3429.3808043003082,3338.284268975258,3375.7135458290577
3999.9999999999995,3388.376533985138,3321.037217974663,3414.1138941049576,3335.0810408592224,3364.652171730995
3000.0,3402.467742562294,3331.650048494339,3437.60222196579,3347.962349653244,3379.9205906689167
3000.0,3382.190465927124,3332.5014263391495,3419.6870774030685,3345.344066619873,3369.9307590723038
3000.0,3385.2913230657578,3328.4807950258255,3411.126583814621,3339.5715057849884,3366.117551922798
3600.0,3432.794362306595,3337.4279737472534,3417.3142164945602,3331.165909767151,3379.67561557889
2800.0,3426.9947558641434,3339.9340510368347,3411.516174674034,3334.929272532463,3378.343563526869
3200.0,3408.309817314148,3333.1382274627686,3425.5488216876984,3335.767462849617,3375.691082328558
3000.0,3398.2492983341217,3324.136510491371,3443.3338791131973,3337.784931063652,3375.8761547505856
2500.0,3358.2743257284164,3316.3585513830185,3443.2706236839294,3334.2956006526947,3363.0497753620148
3000.0,3359.713777899742,3313.455954194069,3436.490222811699,3326.495513319969,3359.03886705637
3200.0,3367.661163210869,3318.0423080921173,3424.2016822099686,3323.2489228248596,3358.2885190844536
3000.0,3397.5479006767273,3325.8260786533356,3434.409499168396,3327.719271183014,3371.375687420368
2400.0,3389.6461129188538,3323.8425850868225,3431.6805750131607,3323.4896510839462,3367.164731025696
2400.0,3401.8389880657196,3311.0790699720383,3432.5024485588074,3314.6359026432037,3365.0141023099422
3000.0,3422.7774292230606,3310.1778477430344,3442.668244242668,3312.4858886003494,3372.027352452278
3000.0,3413.7046337127686,3309.5137774944305,3440.0001168251038,3309.042379260063,3368.0652268230915
2500.0,3426.5103936195374,3314.354494214058,3437.899947166443,3309.3546330928802,3372.0298670232296
1999.9999999999998,3444.6146339178085,3310.09604036808,3440.8725053071976,3305.761143565178,3375.336080789566
3600.0,3460.8136117458344,3288.048729300499,3440.0774538517,3288.334608078003,3369.318600744009
2500.0,3462.0677679777145,3287.268653512001,3418.678119778633,3295.646980404854,3365.9153804183006
3500.0,3458.147495985031,3275.228664278984,3423.3780205249786,3294.49363052845,3362.811952829361
3999.9999999999995,3478.287532925606,3283.180743455887,3454.0506452322006,3315.5500888824463,3382.767252624035
3500.0,3363.0242943763733,3287.089392542839,3431.336358189583,3331.5423130989075,3353.2480895519257
2500.0,3366.590738296509,3292.970359325409,3459.8931670188904,3345.0016379356384,3366.1139756441116
3999.9999999999995,3304.2646944522858,3284.5866680145264,3435.2005273103714,3339.473605155945,3340.881373733282
3000.0,3299.882635474205,3293.7414944171906,3427.048400044441,3342.5456285476685,3340.8045396208763
2500.0,3320.779949426651,3290.0816202163696,3422.0534563064575,3338.2925391197205,3342.8018912672997
2500.0,3355.940133333206,3286.348432302475,3412.919193506241,3323.5158026218414,3344.680890440941
2500.0,3434.2825412750244,3283.0703258514404,3440.3130412101746,3318.1942999362946,3368.9650520682335
3600.0,3424.48890209198,3285.3564620018005,3423.41847717762,3314.080685377121,3361.8361316621304
3600.0,3433.54269862175,3305.0378412008286,3432.4606508016586,3319.8094367980957,3372.712656855583
2500.0,3438.962548971176,3319.6308463811874,3428.8327395915985,3325.1477032899857,3378.143459558487
3999.9999999999995,3437.0286762714386,3313.6090636253357,3426.7649799585342,3319.5700496435165,3374.2431923747063
3999.9999999999995,3407.038003206253,3319.38698887825,3407.108634710312,3330.1495760679245,3365.920800715685
3000.0,3427.1203726530075,3336.6939425468445,3423.856347799301,3343.685567378998,3382.8390575945377
3000.0,3387.5571191310883,3324.0097761154175,3401.9730985164642,3339.3562585115433,3363.2240630686283
3000.0,3399.3248641490936,3321.271911263466,3417.5634384155273,3338.596299290657,3369.189128279686
3500.0,3417.7954494953156,3321.271687746048,3434.479236602783,3334.5499634742737,3377.024084329605
3800.0,3360.4536205530167,3327.7101069688797,3409.745916724205,3336.5651965141296,3358.6187101900578
3999.9999999999995,3343.1455492973328,3342.6345884799957,3449.6507048606873,3349.805250763893,3371.309023350477
3999.9999999999995,3276.384472846985,3332.07830786705,3393.6401456594467,3355.630561709404,3339.4333720207214
3600.0,3312.1562004089355,3337.269276380539,3393.4640139341354,3360.809236764908,3350.9246818721294
3999.9999999999995,3373.4259009361267,3339.2255008220673,3413.017988204956,3360.752910375595,3371.6055750846863
3000.0,3315.8236742019653,3340.65243601799,3398.9426493644714,3366.5936440229416,3355.503100901842
3000.0,3292.810097336769,3329.2917162179947,3410.888761281967,3359.1319620609283,3348.030634224415
3000.0,3306.7723363637924,3322.022929787636,3423.875793814659,3350.7733047008514,3350.8610911667347
3000.0,3316.7919516563416,3314.2637461423874,3430.8506548404694,3340.8813178539276,3350.6969176232815
3999.9999999999995,3295.8074659109116,3311.159759759903,3407.3245525360107,3336.084634065628,3337.5941030681133
2600.0,3373.787999153137,3336.3090455532074,3435.8417987823486,3342.277854681015,3372.054174542427
3200.0,3336.2770825624466,3334.026485681534,3415.028303861618,3331.2030136585236,3354.1337214410305
2500.0,3335.82267165184,3335.5484157800674,3415.0180220603943,3332.238793373108,3354.6569757163525
3000.0,3363.9297634363174,3331.5186202526093,3441.113233566284,3326.6012370586395,3365.7907135784626
5000.0,3325.1065760850906,3317.851424217224,3418.3379262685776,3322.594463825226,3345.9725975990295
3999.9999999999995,3363.344371318817,3344.859480857849,3432.050719857216,3343.4613794088364,3370.9289878606796
3999.9999999999995,3331.504985690117,3352.920413017273,3401.346355676651,3348.793387413025,3358.6412854492664
2800.0,3316.5143430233,3355.488181114197,3405.4968506097794,3364.56298828125,3360.5155907571316
3000.0,3296.830505132675,3345.6820249557495,3414.088636636734,3359.9835634231567,3354.146182537079
2500.0,3289.5561307668686,3328.6256343126297,3422.1703559160233,3350.8995920419693,3347.8129282593727
4400.0,3293.75758767128,3310.209810733795,3422.000929713249,3332.929015159607,3339.724335819483
3000.0,3356.3538640737534,3325.720578432083,3492.0575469732285,3356.4765751361847,3382.6521411538124
1999.9999999999998,3257.303014397621,3313.729539513588,3430.5663406848907,3363.7800067663193,3341.344725340605
2400.0,3317.4211531877518,3304.663896560669,3452.1637111902237,3356.589451432228,3357.709553092718
3000.0,3329.4475078582764,3295.5819368362427,3443.150371313095,3341.163843870163,3352.3359149694443
3000.0,3311.1635595560074,3305.485099554062,3440.6836330890656,3338.323161005974,3348.913863301277
3999.9999999999995,3328.729122877121,3310.0126683712006,3456.1633318662643,3336.5249633789062,3357.857521623373
1999.9999999999998,3329.877108335495,3327.3788541555405,3465.309888124466,3351.9861102104187,3368.63799020648
3500.0,3297.3309606313705,3318.75778734684,3455.2478045225143,3340.8965170383453,3353.0582673847675
3999.9999999999995,3296.971321105957,3319.004997611046,3456.3978016376495,3342.7047729492188,3353.769723325968
3600.0,3330.734074115753,3336.6400748491287,3456.612601876259,3350.496143102646,3368.6207234859467
2500.0,3327.648416161537,3340.664505958557,3444.923534989357,3359.093517065048,3368.082493543625
3500.0,3284.3097299337387,3331.67664706707,3442.002609372139,3357.0431917905807,3353.758044540882
2500.0,3303.716406226158,3338.3627235889435,3491.4958477020264,3365.652859210968,3374.806959182024
3200.0,3210.6804102659225,3319.2910999059677,3442.8763389587402,3352.160006761551,3331.2519639730453
3000.0,3235.2429628372192,3322.048857808113,3460.877537727356,3350.1995354890823,3342.0922234654427
3000.0,3300.9472489356995,3327.326327562332,3472.290337085724,3346.29625082016,3361.715041100979
3500.0,3316.894769668579,3330.6875824928284,3449.171707034111,3339.546024799347,3359.0750209987164
2500.0,3370.6674724817276,3340.5590057373047,3454.047292470932,3340.7704532146454,3376.5110559761524
1999.9999999999998,3387.9388868808746,3332.2984725236893,3457.4711322784424,3332.533836364746,3377.560582011938
3000.0,3392.866775393486,3309.841677546501,3439.985364675522,3310.6908202171326,3363.3461594581604
3000.0,3408.440575003624,3306.267410516739,3436.998948454857,3307.1932196617126,3364.725038409233
3000.0,3450.619876384735,3301.1148869991302,3452.1666169166565,3309.9742233753204,3378.4689009189606
2800.0,3430.330753326416,3301.69714987278,3432.813137769699,3314.642608165741,3369.870912283659
4500.0,3442.399576306343,3308.4388822317123,3454.677388072014,3322.2104609012604,3381.9315768778324
3000.0,3395.1059728860855,3325.8260786533356,3430.3202480077744,3339.8397266864777,3372.7730065584183
3000.0,3396.316319704056,3325.5504816770554,3428.349941968918,3348.866254091263,3374.770749360323
3999.9999999999995,3381.17279112339,3324.163779616356,3437.991365790367,3348.0772376060486,3372.8512935340405
3500.0,3372.340276837349,3336.2645655870438,3442.4766898155212,3357.214629650116,3377.0740404725075
3999.9999999999995,3325.03080368042,3337.373659014702,3434.4416856765747,3362.3425662517548,3364.797178655863
3000.0,3330.1158249378204,3345.4567193984985,3440.7218545675278,3372.57944047451,3372.2184598445892
3999.9999999999995,3330.126777291298,3338.816687464714,3431.0124814510345,3366.032838821411,3366.4971962571144
3600.0,3336.261883378029,3346.6223627328873,3431.3448518514633,3369.242548942566,3370.8679117262363
3999.9999999999995,3349.0870893001556,3347.2933620214462,3434.8878264427185,3366.059884428978,3374.3320405483246
3999.9999999999995,3344.6214348077774,3351.2699604034424,3421.3171899318695,3373.7727999687195,3372.745346277952
3000.0,3359.6666157245636,3356.9955825805664,3441.949635744095,3384.4247460365295,3385.7591450214386
1999.9999999999998,3328.8489282131195,3351.5605330467224,3434.486836194992,3379.6222507953644,3373.6296370625496
3999.9999999999995,3338.311091065407,3333.1067115068436,3436.204567551613,3351.6139537096024,3364.8090809583664
2800.0,3373.6304193735123,3342.3922955989838,3444.2321956157684,3350.3977954387665,3377.6631765067577
2700.0,3360.9766513109207,3346.538543701172,3449.9866515398026,3351.529687643051,3377.2578835487366
3500.0,3341.4365351200104,3336.731716990471,3457.7004611492157,3342.9184556007385,3369.696792215109
3000.0,3323.72322678566,3348.193019628525,3457.13809132576,3347.8443324565887,3369.2246675491333
3000.0,3300.488367676735,3342.0420438051224,3453.407362103462,3346.089944243431,3360.5069294571877
3500.0,3305.3525537252426,3334.0946584939957,3455.8937698602676,3343.8757807016373,3359.804190695286
3000.0,3343.948870897293,3341.815620660782,3490.089699625969,3357.948660850525,3383.450713008642
5000.0,3284.0582728385925,3333.3570510149,3479.427471756935,3358.82730782032,3363.917525857687
3000.0,3289.3775403499603,3353.579118847847,3460.0020200014114,3371.996730566025,3368.738852441311
3000.0,3246.627375483513,3346.5852588415146,3415.205329656601,3369.6770668029785,3344.5237576961517
3000.0,3289.550542831421,3350.318670272827,3436.121866106987,3367.087170481682,3360.769562423229
2400.0,3312.8508925437927,3351.905643939972,3441.7560696601868,3360.728546977043,3366.8102882802486
3999.9999999999995,3336.2750709056854,3345.0646698474884,3469.228595495224,3353.184163570404,3375.9381249547005
3600.0,3318.498060107231,3353.668749332428,3454.522043466568,3357.575833797455,3371.0661716759205
3000.0,3343.145325779915,3360.3836596012115,3455.9065103530884,3361.1033856868744,3380.1347203552723
2500.0,3330.3994685411453,3355.3996682167053,3443.89446079731,3355.458453297615,3371.288012713194
3999.9999999999995,3363.4574711322784,3351.5620976686478,3467.8468108177185,3348.141387104988,3382.751941680908
3000.0,3321.622386574745,3354.087620973587,3428.794741630554,3350.3392338752747,3363.7109957635403
3600.0,3373.628631234169,3353.6598086357117,3447.864353656769,3350.6686985492706,3381.45537301898
2500.0,3326.306864619255,3356.672376394272,3429.6628832817078,3353.225290775299,3366.4668537676334
3999.9999999999995,3337.1957391500473,3345.792442560196,3441.8942034244537,3341.4441347122192,3366.581629961729
3500.0,3348.8725125789642,3350.4903316497803,3432.392477989197,3349.723219871521,3370.3696355223656
2500.0,3360.3590726852417,3360.3136986494064,3444.19464468956,3358.755111694336,3380.905631929636
2500.0,3333.0892771482468,3358.464539051056,3464.0655666589737,3356.6057682037354,3378.056287765503
3600.0,3315.1372522115707,3342.7946269512177,3468.6179459095,3343.321681022644,3367.467876523733
2800.0,3305.323049426079,3343.413546681404,3451.715111732483,3339.2994850873947,3359.93779823184
3500.0,3310.2891594171524,3339.979648590088,3450.765386223793,3338.5062217712402,3359.8851040005684
2500.0,3351.844400167465,3339.323401451111,3461.322784423828,3337.0180428028107,3372.3771572113037
3000.0,3359.0810000896454,3325.395807623863,3454.75472509861,3332.8793942928314,3368.0277317762375
3000.0,3365.594297647476,3322.954997420311,3455.8363258838654,3335.506394505501,3369.9730038642883
3999.9999999999995,3370.910882949829,3319.90085542202,3475.106656551361,3337.4574780464172,3375.843968242407
2500.0,3357.173502445221,3325.2891898155212,3451.118543744087,3347.800523042679,3370.345439761877
3000.0,3376.360684633255,3327.1001279354095,3443.0191665887833,3346.2046086788177,3373.1711469590664
3000.0,3352.785184979439,3328.464925289154,3421.3654696941376,3341.3902670145035,3361.0014617443085
3500.0,3402.2106975317,3330.528661608696,3447.8648006916046,3340.402990579605,3380.2517876029015
3000.0,3399.9288082122803,3337.1349424123764,3450.419157743454,3343.4589207172394,3382.7354572713375
