Price_Date,District_Name,Market_Name,Actual_Price,GRU_General_Pred,GRU_Optimized_Pred,LSTM_General_Pred,LSTM_Optimized_Pred,ENSEMBLE_(Average)_Pred
2022-08-26,Coimbatore,Thiruppur,2235.0,2087.4269953370094,2344.273822307586,2071.0785299539566,2319.8348189890385,2205.653541646898
2022-08-30,Coimbatore,Thiruppur,1050.0,2011.0161051154134,2317.1732719242573,2061.1286766827106,2295.1651841402054,2171.1208094656467
2022-08-01,Coimbatore,Thiruppur,1649.9999999999998,1998.901894688606,2303.445851802826,2065.694884955883,2288.626901358366,2164.1673832014203
2022-07-08,Coimbatore,Thiruppur,1999.9999999999998,1971.3157263398168,2268.0827990174294,2079.7538547217846,2246.2610733509064,2141.3533633574843
2022-07-12,Coimbatore,Thiruppur,2250.0,2015.7846878468988,2278.471175134182,2083.3041539788246,2256.187648177147,2158.436916284263
2022-08-17,Coimbatore,Thiruppur,1999.9999999999998,2041.861255764961,2282.932024896145,2065.874788314104,2274.5076498389244,2166.2939297035336
2022-07-18,Coimbatore,Thiruppur,1999.9999999999998,2113.71764421463,2322.2049145400524,2040.8605517446993,2316.8803402781487,2198.4158626943827
2022-07-22,Coimbatore,Thiruppur,2120.0,2114.760061055422,2321.4227318763733,2060.6941905617714,2299.494974911213,2199.092989601195
2022-07-14,Coimbatore,Thiruppur,861.0,2088.8508826494217,2328.7535582482815,2058.3693063259125,2304.8971888422966,2195.217734016478
2023-02-23,Coimbatore,Thondamuthur,2100.0,1975.4239009320734,2268.814522624016,2063.8128294050694,2256.6868564486504,2141.1845273524523
2023-01-04,Coimbatore,Thondamuthur,2208.9999999999995,1989.1359815001485,2274.923432469368,2066.707430034876,2265.9962160885334,2149.1907650232315
2023-01-05,Coimbatore,Thondamuthur,2250.0,1989.5411340892313,2268.298360109329,2055.9426966309547,2265.1431216299534,2144.731328114867
2022-08-10,Coimbatore,Thondamuthur,1100.0,2022.3907876014707,2258.348641395569,2067.4818083643913,2263.747222274542,2152.9921149089932
2022-09-13,Coimbatore,Thondamuthur,2235.0,2058.0736835300922,2276.9174398481846,2053.7183268368244,2290.690071284771,2169.849880374968
2023-01-27,Coimbatore,Thondamuthur,2300.0000000000005,2036.8480475246904,2266.963011622429,2056.9864590466022,2275.309612452984,2159.0267826616764
2023-03-03,Coimbatore,Thondamuthur,1869.9999999999998,2040.2991779148576,2272.26027071476,2064.4844058156013,2274.5307937264442,2162.893662042916
2023-03-04,Coimbatore,Thondamuthur,2213.0,2018.6930133402345,2261.0854060947895,2064.8002122342587,2260.4208266735077,2151.2498645856977
2023-03-06,Coimbatore,Thondamuthur,2055.0,2010.412345677614,2252.21039801836,2065.2427718043327,2260.582026541233,2147.111885510385
2023-06-26,Coimbatore,Thondamuthur,2235.0,2071.413174420595,2302.577686905861,2063.761024773121,2298.529255837202,2184.0702854841948
2023-06-27,Coimbatore,Thondamuthur,2100.0,1997.2738836705682,2237.598666101694,2076.6115337610245,2232.3550954461098,2135.959794744849
2023-02-04,Coimbatore,Thondamuthur,1050.0,1967.0696303248403,2216.2264969944954,2082.986867427826,2209.896105527878,2119.04477506876
2023-02-06,Coimbatore,Thondamuthur,2300.0000000000005,1995.6037561595438,2230.3908252716064,2072.6870301365852,2236.805853396654,2133.8718662410975
2023-02-08,Coimbatore,Thondamuthur,2120.0,2046.1387036740778,2247.542464286089,2072.44361564517,2257.1438136696815,2155.8171493187547
2023-02-24,Coimbatore,Thondamuthur,550.0,2084.501850157976,2281.6451171040535,2066.6607385873795,2287.9308354854584,2180.184635333717
2023-07-06,Coimbatore,Thondamuthur,2235.0,2049.6149963140488,2269.0653377771378,2078.5822626948357,2268.9948296546936,2166.564356610179
2023-07-01,Coimbatore,Thondamuthur,1900.0,1971.9873027503488,2218.1339839100838,2078.8715612888336,2218.391123265028,2121.8459928035736
2023-07-07,Coimbatore,Thondamuthur,2050.0,1948.0057948827741,2202.187979966402,2079.7574877738953,2202.987789660692,2108.234763070941
2023-06-16,Coimbatore,Thondamuthur,1623.0,1966.3364265859125,2196.8508918583393,2083.1293638050556,2194.6308279037476,2110.236877538264
2023-05-27,Coimbatore,Thondamuthur,2300.0000000000005,1964.5235335826872,2176.0777726769447,2075.733277052641,2185.6251645088196,2100.489936955273
2023-06-28,Coimbatore,Thondamuthur,2300.0000000000005,2031.4840479195116,2195.562369376421,2073.7988786399364,2215.2765211462975,2129.0304542705417
2023-06-30,Coimbatore,Thondamuthur,2050.0,2071.2857484817505,2206.636046767235,2072.9585671424866,2236.3207736611366,2146.800284013152
2022-06-06,Coimbatore,Thondamuthur,2100.0,2076.3694648444653,2221.7551949620247,2075.3831584751606,2242.753563374281,2154.065345413983
2022-07-07,Coimbatore,Thondamuthur,1900.0,2102.4434761703014,2252.7824018895626,2076.8896640837193,2263.9905022084713,2174.0265110880136
2023-05-31,Coimbatore,Thondamuthur,2130.0,2098.0920216441154,2260.8894903957844,2079.3801885843277,2262.238160073757,2175.149965174496
2022-09-01,Coimbatore,Thondamuthur,2300.0000000000005,2100.6566873192787,2273.913443982601,2082.3228262364864,2262.752573341131,2179.9113827198744
2023-01-03,Coimbatore,Thondamuthur,2235.0,2102.0570270717144,2283.8674685359,2079.0806636214256,2256.2105229496956,2180.303920544684
2023-04-04,Coimbatore,Thondamuthur,1929.9999999999998,2041.0627916455267,2212.611475586891,2083.784793317318,2199.5663964748383,2134.2563642561436
2022-09-14,Coimbatore,Thondamuthur,1050.0,2003.3012516796587,2176.2448930740356,2084.019865244627,2181.7426428198814,2111.3271632045507
2022-08-24,Coimbatore,Thondamuthur,1999.9999999999998,2011.2604615092275,2181.1037638783455,2082.915013730526,2199.877627938986,2118.7892167642713
2022-09-22,Coimbatore,Thondamuthur,1165.0,2085.36395996809,2233.762701302767,2078.2361808419228,2249.8626390099525,2161.806370280683
2023-02-07,Coimbatore,Thondamuthur,924.0000000000001,2101.2398594617844,2252.3602950572968,2086.5414725244045,2263.5681262612343,2175.92743832618
2023-01-10,Coimbatore,Thondamuthur,2100.0,2070.4178526997566,2231.605879366398,2096.4665672183037,2240.7787977159023,2159.81727425009
2023-02-20,Coimbatore,Thondamuthur,2290.0,2068.74140098691,2235.194258391857,2091.7877343297005,2237.585614025593,2158.327251933515
2022-12-21,Coimbatore,Thondamuthur,7646.0,2111.489641368389,2278.054854273796,2089.7082829475403,2267.3785251379013,2186.6578259319067
2023-02-21,Coimbatore,Thondamuthur,2400.0,2054.5528523623943,2219.4144329428673,2091.7780461907387,2214.4522219896317,2145.049388371408
2023-02-01,Coimbatore,Thondamuthur,2235.0,2051.5086238086224,2211.0175076127052,2091.5885892510414,2205.490424335003,2139.901286251843
2023-02-11,Coimbatore,Thondamuthur,1799.9999999999998,1998.2659760117529,2151.2275616824627,2093.547611683607,2159.398564994335,2100.6099285930395
2023-02-13,Coimbatore,Thondamuthur,2050.0,2037.738145291805,2176.011570394039,2092.212128639221,2190.9384359419346,2124.22507006675
2023-02-14,Coimbatore,Thondamuthur,2161.0,2034.5956897735593,2166.734908223152,2092.0490449666977,2189.391563087702,2120.692801512778
2023-03-14,Coimbatore,Thondamuthur,2050.0,2035.9646776318548,2159.8603662848473,2094.0445324778557,2198.791345357895,2122.165230438113
2023-02-15,Coimbatore,Thondamuthur,1799.9999999999998,2018.8369898498056,2141.1967048048973,2099.3345254659653,2185.4522581398487,2111.2051195651293
2023-03-15,Coimbatore,Thondamuthur,2300.0000000000005,2060.526531934738,2217.189390361309,2091.1235585808754,2225.8783054351807,2148.679446578026
2023-01-23,Coimbatore,Thondamuthur,1799.9999999999998,2088.1767496466637,2273.0896830558777,2083.1903183460236,2254.71397459507,2174.7926814109087
2022-12-24,Coimbatore,Thondamuthur,2059.9999999999995,2104.555490463972,2292.7415347099304,2089.889935553074,2257.3023223876953,2186.122320778668
2023-07-05,Coimbatore,Thondamuthur,2200.0,2064.1601222753525,2269.354232698679,2076.0220374166965,2246.039591729641,2163.8939960300922
2023-06-23,Coimbatore,Thondamuthur,1699.9999999999998,2063.3545266091824,2282.9074008762836,2069.762154072523,2266.1559358239174,2170.5450043454766
2023-06-24,Coimbatore,Thondamuthur,1999.9999999999998,2002.0421972870824,2261.4637817442417,2056.528559923172,2249.7453048825264,2142.4449609592557
2022-05-31,Coimbatore,Thondamuthur,1999.9999999999998,2031.0227848589418,2277.807268500328,2026.3820317387579,2264.7230331599712,2149.9837795645
2022-05-05,Coimbatore,Thondamuthur,1350.0,2070.5121774971485,2290.5608960986137,2015.8589635789392,2281.1149606108665,2164.511749446392
2023-01-11,Coimbatore,Thondamuthur,2290.0,2109.5463621616364,2312.954087406397,2023.492006063461,2311.284094452858,2189.319137521088
2023-08-07,Coimbatore,Thondamuthur,2350.0,2149.8213014006615,2368.9516651630397,2046.0006476938722,2355.1883181929584,2229.9904831126332
2022-06-07,Coimbatore,Thondamuthur,2200.0,2062.5302274525166,2340.522628724575,2057.954061925411,2321.0731515288353,2195.5200174078345
2022-06-09,Coimbatore,Thondamuthur,1999.9999999999998,2059.790233373642,2351.4764153957362,2043.390770703554,2335.370960831642,2197.5070950761437
2023-07-10,Coimbatore,Thondamuthur,2350.0,2112.10187792778,2374.7261996567245,2042.7251148223875,2348.543196767568,2219.5240972936153
2022-06-10,Coimbatore,Thondamuthur,2260.0,2051.486287266016,2316.602882742882,2048.416358232498,2289.6106511354446,2176.52904484421
2023-07-11,Coimbatore,Thondamuthur,1999.9999999999998,2064.9343660473824,2307.895129621029,2044.9371053278444,2292.255109399557,2177.5054275989532
2022-06-11,Coimbatore,Thondamuthur,2200.0,2037.954648286104,2289.5122896134853,2051.660135537386,2274.693473726511,2163.4551367908716
2022-10-12,Coimbatore,Thondamuthur,1999.9999999999998,2032.3581333458421,2299.695331007242,2043.4965328872202,2291.6376250982285,2166.7969055846334
2022-10-13,Coimbatore,Thondamuthur,2120.0,2027.1761900186536,2294.1535809636116,2056.344754397869,2282.6015517115593,2165.0690192729235
2022-10-14,Coimbatore,Thondamuthur,2230.0,2025.5002765357492,2286.3396932184696,2045.1237365603445,2290.1303121447563,2161.77350461483
2023-07-15,Coimbatore,Thondamuthur,2140.0,2009.8174670338628,2268.232696056366,2046.7411175370214,2274.657815992832,2149.8622741550207
2022-10-15,Coimbatore,Thondamuthur,2194.0,2051.4796939492226,2283.2400269806385,2051.1595816910267,2282.26327419281,2167.0356442034245
2022-10-16,Coimbatore,Thondamuthur,1999.9999999999998,2012.4573503434656,2252.087547034025,2060.138871818781,2253.473085463047,2144.5392136648297
2023-07-17,Coimbatore,Thondamuthur,2300.0000000000005,1998.4964729845522,2238.757071495056,2065.2756038308144,2235.550028383732,2134.5197941735387
2023-06-17,Coimbatore,Thondamuthur,1799.9999999999998,2015.8200764656065,2241.0635213553905,2056.855669170618,2247.2991843521595,2140.2596128359437
2022-10-17,Coimbatore,Thondamuthur,2200.0,2106.2202356755733,2293.7805876135826,2055.9581707417965,2295.751854777336,2187.927712202072
2023-07-18,Coimbatore,Thondamuthur,2100.0,2134.3701998889446,2315.1767079532146,2061.729879528284,2309.513048827648,2205.197459049523
2023-06-19,Coimbatore,Thondamuthur,2290.0,2099.8100516200066,2309.4086322188377,2067.7961346507072,2290.6192940473557,2191.908528134227
2022-10-19,Coimbatore,Thondamuthur,2350.0,2135.2865363657475,2356.3823813199992,2061.5324836969376,2328.878831267357,2220.5200581625104
2023-06-20,Coimbatore,Thondamuthur,1050.0,2048.2293233275414,2284.216510653496,2070.289753973484,2262.205462604761,2166.2352626398206
2023-06-21,Coimbatore,Thondamuthur,2200.0,2013.9295437932012,2259.942878484726,2074.4326443970203,2253.251872956753,2150.389234907925
2023-07-24,Coimbatore,Thondamuthur,2200.0,1982.5905671715734,2228.6341772973537,2076.910251379013,2230.0727313756943,2129.5519318059087
2023-07-25,Coimbatore,Thondamuthur,2050.0,2021.8160925805566,2243.0914372205734,2076.854813694954,2243.8070139288902,2146.3923393562436
2022-10-11,Coimbatore,Thondamuthur,2300.0000000000005,2025.347015559673,2236.2147423624992,2079.981795102358,2232.853765487671,2143.5993296280503
2022-06-17,Coimbatore,Thondamuthur,2230.0,2044.0100042521951,2241.478631198406,2078.4351913630962,2243.6520037055016,2151.8939576298
2022-06-18,Coimbatore,Thondamuthur,1999.9999999999998,2015.9651294350622,2217.381807565689,2071.3656756281853,2231.756852865219,2134.117366373539
2022-12-19,Coimbatore,Thondamuthur,2140.0,2030.563136488199,2227.1926629543304,2078.0810360610485,2233.246269673109,2142.270776294172
2022-12-20,Coimbatore,Thondamuthur,470.0,2083.0405558645725,2261.719306409359,2065.0363606214523,2268.619145154953,2169.603842012584
2022-05-23,Coimbatore,Thondamuthur,2220.0,2067.972539514303,2257.171936184168,2073.520344644785,2257.0162531733513,2163.920268379152
2022-05-25,Coimbatore,Thondamuthur,1999.9999999999998,2047.8485256433485,2240.7238982617855,2073.001760095358,2249.0415692329407,2152.653938308358
2022-05-26,Coimbatore,Thondamuthur,2200.0,2060.707780867815,2260.300532281399,2078.3953623473644,2261.4929807186127,2165.2241640537977
2022-12-02,Coimbatore,Thondamuthur,2090.0,2062.12184548378,2257.881323248148,2081.804376244545,2253.8179562985897,2163.9063753187656
2022-12-07,Coimbatore,Thondamuthur,1050.0,2022.4713875353334,2234.6636982262135,2082.533005028963,2234.3320140242577,2143.500026203692
2022-08-12,Coimbatore,Thondamuthur,1185.0,2015.0151535868642,2228.396145105362,2085.279054194689,2234.6899369359016,2140.845072455704
2022-08-13,Coimbatore,Thondamuthur,2300.0000000000005,2040.7247832417486,2251.0954546928406,2085.1617200672626,2257.9971772432327,2158.744783811271
2022-08-20,Coimbatore,Thondamuthur,2290.0,2056.567312479019,2250.6682346761227,2089.9884316325188,2247.185483276844,2161.102365516126
2023-04-03,Coimbatore,Thondamuthur,1999.9999999999998,2113.722757399082,2298.586980998516,2084.6880777180195,2286.467926502228,2195.8664356544614
2022-12-08,Coimbatore,Thondamuthur,1799.9999999999998,2034.6722529828546,2239.5325262844563,2091.06556430459,2226.1404234170914,2147.852691747248
2022-12-09,Coimbatore,Thondamuthur,1999.9999999999998,2009.798494428396,2225.0223852694035,2094.5628479123116,2207.6210075616837,2134.2511837929487
2022-12-10,Coimbatore,Thondamuthur,1900.0,2065.995351821184,2269.3645936250687,2085.0816583633423,2246.275605559349,2166.679302342236
2022-12-14,Coimbatore,Thondamuthur,2140.0,2054.1900853812695,2242.985675036907,2092.7912640571594,2222.332715690136,2153.074935041368
2022-09-17,Coimbatore,Thondamuthur,2500.0,2080.4279877245426,2256.8792736530304,2083.0027452111244,2247.688728272915,2166.999683715403
2023-05-10,Coimbatore,Thondamuthur,2100.0,2108.182756602764,2267.073348760605,2088.2332637906075,2261.5575683116913,2181.261734366417
2023-05-11,Coimbatore,Thondamuthur,2269.0,2063.1658770143986,2233.346918672323,2087.1450974047184,2238.4247145056725,2155.520651899278
2022-12-12,Coimbatore,Thondamuthur,2230.0,1994.4771063327787,2186.693012714386,2090.5494017899036,2196.689288318157,2117.1022022888064
2023-05-12,Coimbatore,Thondamuthur,2100.0,1948.1598632037637,2146.2309040129185,2089.870290160179,2165.7938131690025,2087.513717636466
2023-02-17,Coimbatore,Thondamuthur,2100.0,2000.7404881715772,2166.238121986389,2087.343166023493,2191.850466579199,2111.5430606901646
2023-04-18,Coimbatore,Thondamuthur,2290.0,2037.7276498079298,2175.5922892689705,2087.469515502453,2197.204374372959,2124.498457238078
2023-02-18,Coimbatore,Thondamuthur,2094.9999999999995,2134.2181499302387,2246.2453301250935,2080.514777302742,2258.170621842146,2179.787219800055
2023-04-19,Coimbatore,Thondamuthur,2169.9999999999995,2091.6709384322166,2202.9084007441998,2093.8986721634865,2218.446964621544,2151.7312439903617
2023-01-20,Coimbatore,Thondamuthur,1799.9999999999998,2049.187103509903,2180.820385813713,2098.7758427858353,2205.1108376681805,2133.473542444408
2023-01-21,Coimbatore,Thondamuthur,2100.0,2067.8024588525295,2240.5045695602894,2093.4278555214405,2238.329313248396,2160.016049295664
2023-04-22,Coimbatore,Thondamuthur,2290.0,2090.4733768105507,2288.0064567923546,2088.360420614481,2271.3450106978416,2184.546316228807
2023-04-24,Coimbatore,Thondamuthur,2300.0000000000005,2161.3356545567513,2358.8007830083366,2077.2385716438293,2333.6207716166973,2232.7489452064037
2022-12-15,Coimbatore,Thondamuthur,2240.0,2101.4024049043655,2340.0395673513412,2082.3509487509727,2311.043236553669,2208.709039390087
2022-12-30,Coimbatore,Thondamuthur,1649.9999999999998,2007.7339789271352,2296.1058755218983,2073.961693197489,2280.1957984268665,2164.4993365183473
2022-12-31,Coimbatore,Thondamuthur,1949.9999999999995,1986.8922354280946,2270.311205536127,2069.168621003628,2248.0022472143173,2143.5935772955418
2022-12-22,Coimbatore,Thondamuthur,1999.9999999999998,2094.3697579205036,2293.8793528079987,2023.1152451038358,2279.005772024393,2172.592531964183
2022-07-13,Coimbatore,Thondamuthur,2140.0,2154.3558886647224,2341.9676415622234,2036.7669093608854,2323.430464118719,2214.1302259266376
2023-03-08,Coimbatore,Thondamuthur,2100.0,2103.2936103641987,2339.379293769598,2070.2641880512238,2321.340651810169,2208.5694359987974
2023-02-28,Coimbatore,Thondamuthur,950.0,1996.3154307007787,2296.9422848522663,2053.565200418234,2285.9769262373447,2158.199960552156
2023-07-12,Coimbatore,Thondamuthur,1799.9999999999998,1982.8509359061716,2286.427424699068,2043.779776394367,2282.069915086031,2148.7820130214095
2023-07-13,Coimbatore,Thondamuthur,2289.0,2043.1189645826814,2315.6915248930454,2040.6721712648866,2301.215965151787,2175.1746564731
2023-07-14,Coimbatore,Thondamuthur,2140.0,2068.7582206726074,2325.517988950014,2040.6070454418657,2313.4259805083275,2187.0773088932037
2022-06-02,Coimbatore,Thondamuthur,1999.9999999999998,2068.690000027418,2332.9378923773766,2045.847117602825,2319.2908030748367,2191.691453270614
2022-06-03,Coimbatore,Thondamuthur,1799.9999999999998,2052.5688022375107,2336.1489722132683,2056.008091568947,2318.221071064472,2190.7367342710495
2022-11-03,Coimbatore,Thondamuthur,925.0,2037.9181832075117,2318.6644379794598,2069.067568331957,2284.7399392724037,2177.597532197833
2022-06-04,Coimbatore,Thondamuthur,2200.0,2037.1000736951826,2307.4809616804123,2065.178587883711,2277.350849509239,2171.7776181921363
2022-11-04,Coimbatore,Thondamuthur,550.0,2038.7497484683988,2307.650100439787,2065.3583566844463,2283.0965887010098,2173.7136985734105
2022-11-05,Coimbatore,Thondamuthur,2350.0,2020.6009039282796,2299.7776801884174,2067.812281548977,2278.6191883683205,2166.7025135084987
2023-08-08,Coimbatore,Thondamuthur,2127.0,2010.1132243871687,2288.133613616228,2068.0328212678432,2271.148287653923,2159.356986731291
2023-06-09,Coimbatore,Thondamuthur,1999.9999999999998,2000.2541974186895,2272.1577379107475,2054.6840459108353,2274.4464261829853,2150.3856018558145
2022-10-09,Coimbatore,Thondamuthur,2240.0,2112.916488945484,2294.2954045534134,2046.6079056262968,2297.0102363824844,2187.7075088769197
2023-06-10,Coimbatore,Thondamuthur,2021.9999999999998,2079.840644299984,2255.033010393381,2054.811068177223,2254.483612179756,2161.042083762586
2022-10-10,Coimbatore,Thondamuthur,2240.0,2037.0850032567976,2234.9803119897842,2056.1018781363964,2235.9141409397125,2141.0203335806727
2022-07-14,Coimbatore,Thondamuthur,1979.9999999999998,1997.9408851265905,2220.211551487446,2050.7464902102947,2223.8443344831467,2123.1858153268695
2022-11-15,Coimbatore,Thondamuthur,2200.0,1974.6059259772298,2202.2753077745438,2051.0162779688835,2209.59066003561,2109.372042939067
2023-07-19,Coimbatore,Thondamuthur,2250.0,2006.0112394392488,2221.9368475675583,2054.804340302944,2232.119619846344,2128.718011789024
2023-07-20,Coimbatore,Thondamuthur,1999.9999999999998,2083.1031250953674,2288.955625295639,2057.028171867132,2288.592320084572,2179.4198105856776
2022-05-20,Coimbatore,Thondamuthur,2200.0,2107.1665784716606,2316.319370120764,2068.4070256352425,2303.7981233000755,2198.9227743819356
2022-08-22,Coimbatore,Thondamuthur,2149.9999999999995,2077.6804584264755,2301.50876224041,2078.990375548601,2280.495457947254,2184.668763540685
2023-07-22,Coimbatore,Thondamuthur,2349.0,2086.81623890996,2323.817316889763,2074.0541341900826,2301.0434624552727,2196.4327881112695
2022-06-24,Coimbatore,Thondamuthur,1999.9999999999998,2115.4047259688377,2352.6388575136657,2074.0673208236694,2318.6970008909702,2215.201976299286
2022-08-25,Coimbatore,Thondamuthur,950.0,2115.9137569367886,2338.2582953572273,2080.8225102722645,2292.731039226055,2206.931400448084
2022-10-25,Coimbatore,Thondamuthur,2254.0,2080.242432951927,2298.3738419413567,2084.6345238387585,2263.2014571130276,2181.6130639612675
2022-08-26,Coimbatore,Thondamuthur,1799.9999999999998,2030.1762837171552,2272.3658983409405,2079.8209989070892,2255.0658424198627,2159.357255846262
2022-11-26,Coimbatore,Thondamuthur,2140.0,1960.535518825054,2230.926902294159,2084.1585940122604,2215.6879979372025,2122.827253267169
2022-10-26,Coimbatore,Thondamuthur,2360.0,2015.2868251502512,2264.9377869069576,2069.6853217482567,2257.9078310728073,2151.9544412195683
2022-08-27,Coimbatore,Thondamuthur,2149.9999999999995,2039.2595867812631,2264.4356183707714,2071.45017772913,2265.237850099802,2160.0958082452416
2022-06-27,Coimbatore,Thondamuthur,1799.9999999999998,2109.272941350937,2305.2952098846436,2061.367785334587,2308.309432119131,2196.0613421723247
2022-08-30,Coimbatore,Thondamuthur,1999.9999999999998,2130.2461475133896,2319.8042744398117,2073.617226034403,2310.506352186203,2208.543500043452
2022-05-30,Coimbatore,Thondamuthur,2100.0,2114.9454812705517,2323.024504184723,2084.21066775918,2303.793144673109,2206.493449471891
2022-07-19,Coimbatore,Thondamuthur,1100.0,2083.0303294956684,2305.2618396282196,2085.9500923752785,2278.4719824790955,2188.1785609945655
2022-05-27,Coimbatore,Thondamuthur,2240.0,2059.192394465208,2294.0795743465424,2082.5103993713856,2273.7897856533527,2177.393038459122
2022-05-28,Coimbatore,Thondamuthur,2140.0,1978.9822736382482,2239.1511903703213,2084.1845636069775,2228.905041515827,2132.8057672828436
2023-04-13,Coimbatore,Thondamuthur,2200.0,2005.6012427806852,2252.97306984663,2083.05037856102,2247.054962515831,2147.1699134260416
2023-04-14,Coimbatore,Thondamuthur,2350.0,2050.2751353383064,2267.5658291578293,2087.5209164619446,2262.468522489071,2166.957600861788
2023-04-15,Coimbatore,Thondamuthur,2090.0,2057.09370136261,2258.739934563637,2083.76676261425,2260.802700817585,2165.1007748395205
2023-04-17,Coimbatore,Thondamuthur,2120.0,2035.1025678217409,2249.4472600519657,2076.7269840836525,2255.606763511896,2154.220893867314
2023-02-25,Coimbatore,Thondamuthur,1170.0,2035.5096042156217,2244.2709681391716,2077.3763585090637,2250.811807513237,2151.9921845942736
2023-02-27,Coimbatore,Thondamuthur,7470.0,2052.2578398883343,2260.6665286421776,2079.374268054962,2263.6157596111298,2163.978599049151
2022-12-05,Coimbatore,Thondamuthur,2079.9999999999995,2014.4428806006906,2209.196272045374,2080.8783516287804,2213.531310558319,2129.512203708291
2023-07-26,Coimbatore,Thondamuthur,950.0,1967.896216958761,2171.36153280735,2086.591931581497,2187.594547867775,2103.361057303846
2023-07-27,Coimbatore,Thondamuthur,2100.0,1966.7684906721113,2171.7366790771484,2085.9151074290276,2196.208918094635,2105.1572988182306
2023-07-28,Coimbatore,Thondamuthur,2140.0,1974.2910614609716,2168.1317494809628,2092.069094032049,2187.822219133377,2105.57853102684
2023-07-29,Coimbatore,Thondamuthur,1900.0,2036.5945412218568,2211.8673726916313,2083.413145542145,2228.168742954731,2140.010950602591
2023-07-31,Coimbatore,Thondamuthur,2100.0,2054.606137126684,2226.762079000473,2089.4746911525726,2230.3959384560585,2150.309711433947
2022-12-01,Coimbatore,Thondamuthur,1999.9999999999998,2073.0976995825768,2237.9400384426117,2085.4876182973385,2238.8951274752617,2158.855120949447
2023-06-01,Coimbatore,Thondamuthur,2250.0,2084.918574690819,2259.3653577566147,2084.169896841049,2264.964563846588,2173.3545982837677
2022-11-01,Coimbatore,Thondamuthur,2240.0,2121.1458902060986,2306.5617994964123,2083.2317620515823,2296.1979128420353,2201.784341149032
2023-08-02,Coimbatore,Thondamuthur,1999.9999999999998,2020.5699557065961,2232.4989373981953,2091.3544592261314,2223.103730082512,2141.8817706033587
2023-06-02,Coimbatore,Thondamuthur,2149.9999999999995,2033.8487611711023,2258.899250626564,2086.8221594393253,2244.7370752692223,2156.0768116265535
2022-11-02,Coimbatore,Thondamuthur,2240.0,2057.38353818655,2268.2479010522366,2087.180216908455,2254.0242329239845,2166.7089722678065
2023-08-03,Coimbatore,Thondamuthur,2250.0,1983.277348577976,2197.3106747865677,2092.21064850688,2196.4172130823135,2117.3039712384343
2022-12-03,Coimbatore,Thondamuthur,1900.0,2031.182773709297,2234.1047464311123,2087.026552259922,2232.897362112999,2146.3028586283326
2023-06-03,Coimbatore,Thondamuthur,2100.0,2028.2457874715326,2221.158836185932,2094.829809963703,2209.712569117546,2138.4867506846786
2022-08-04,Coimbatore,Thondamuthur,2149.9999999999995,2049.409661591053,2217.342113107443,2093.942807018757,2211.313264966011,2143.001961670816
2023-08-04,Coimbatore,Thondamuthur,2140.0,2089.4403789937496,2255.651436597109,2088.783738464117,2248.5022628307343,2170.5944542214274
2023-06-05,Coimbatore,Thondamuthur,2200.0,2102.3401360213757,2258.6986254155636,2089.9547922611237,2255.4264564812183,2176.6050025448203
2022-08-06,Coimbatore,Thondamuthur,2253.0,2100.0833378732204,2257.484916895628,2095.285287052393,2253.4943455457687,2176.5869718417525
2023-06-06,Coimbatore,Thondamuthur,2100.0,2063.152959495783,2239.5805633068085,2093.97833019495,2245.1879774034023,2160.474957600236
2022-11-07,Coimbatore,Thondamuthur,2224.9999999999995,2055.851870328188,2233.2558232545853,2098.0516543984413,2239.663450717926,2156.705699674785
2022-08-08,Coimbatore,Thondamuthur,2270.0,2012.6644343137739,2250.2443785965443,2094.533514380455,2236.1796228587627,2148.405487537384
2022-11-08,Coimbatore,Thondamuthur,1999.9999999999998,2025.260764211416,2273.4111408889294,2089.0817832946777,2256.112834215164,2160.966630652547
2022-11-09,Coimbatore,Thondamuthur,2379.0,2073.233871757984,2323.9820152521133,2084.171242415905,2299.0778467059135,2195.116244032979
2022-09-09,Coimbatore,Thondamuthur,550.0,1970.3857995569704,2270.986011326313,2088.5898411273956,2252.9273203015327,2145.722243078053
2022-09-10,Coimbatore,Thondamuthur,2224.9999999999995,1927.794722318649,2259.7717213630676,2090.4260125756264,2244.264105707407,2130.5641404911876
2022-07-11,Coimbatore,Thondamuthur,2140.0,1870.696733444929,2225.4749020934105,2081.4970469474792,2215.0644585490227,2098.1832852587104
2022-09-12,Coimbatore,Thondamuthur,2340.0,1922.089888602495,2254.6902924776077,2063.0036006867886,2252.0204028487206,2122.951046153903
2022-07-16,Coimbatore,Thondamuthur,1999.9999999999998,1961.565287262201,2263.0991934239864,2051.879867911339,2264.900783598423,2135.3612830489874
2022-11-16,Coimbatore,Thondamuthur,2250.0,1994.5449233055112,2283.594316840172,2048.8154557347298,2280.800768882036,2151.9388661906123
2022-08-17,Coimbatore,Thondamuthur,1799.9999999999998,2077.5358091294765,2348.6046895384784,2037.6105847954748,2334.5103311538696,2199.565353654325
2022-11-17,Coimbatore,Thondamuthur,2090.0,2091.1819565296173,2361.226854473352,2056.3299530744553,2330.5578395724297,2209.8241509124637
2022-11-18,Coimbatore,Thondamuthur,2200.0,1992.8851567208765,2321.6789293289185,2060.1710310578346,2292.6796382665634,2166.8536888435483
2022-11-19,Coimbatore,Thondamuthur,2100.0,1985.7558974623678,2319.418094456196,2061.525621265173,2288.6398188769817,2163.8348580151796
2022-10-20,Coimbatore,Thondamuthur,1699.9999999999998,1983.268064111471,2318.1776089966297,2058.8974444568157,2297.146677672863,2164.372448809445
2022-07-21,Coimbatore,Thondamuthur,950.0,1949.9941508471964,2277.7749747037888,2080.1124504208565,2254.9790528416634,2140.7151572033763
2022-06-21,Coimbatore,Thondamuthur,1953.0,2001.4932027459142,2293.811939507723,2071.710142791271,2281.990660727024,2162.251486442983
2022-11-21,Coimbatore,Thondamuthur,2140.0,1981.000905036926,2272.283683717251,2055.8506593108177,2270.0509713590145,2144.7965548560023
2022-10-21,Coimbatore,Thondamuthur,2200.0,1987.4895361065862,2282.634652853012,2050.351563990116,2281.8783052265644,2150.5885145440698
2022-06-22,Coimbatore,Thondamuthur,2224.9999999999995,2011.0139521956442,2291.526480615139,2055.0687457621098,2285.4747577011585,2160.770984068513
2023-05-22,Coimbatore,Thondamuthur,1999.9999999999998,1973.4132084250448,2272.1850530803204,2056.7871794104576,2272.2330901026726,2143.654632754624
2022-11-22,Coimbatore,Thondamuthur,2172.9999999999995,1998.7300647795198,2292.9420253634453,2060.194713175297,2281.2528820335865,2158.279921337962
2022-08-23,Coimbatore,Thondamuthur,2250.0,1978.358868807554,2267.805745154619,2066.478009521961,2261.315230280161,2143.489463441074
2022-06-23,Coimbatore,Thondamuthur,839.9999999999999,2018.5820034146307,2313.008314073086,2070.11146530509,2299.965118765831,2175.4167253896594
2023-05-23,Coimbatore,Thondamuthur,2250.0,1934.4063389301298,2248.890730291605,2078.774007111788,2236.151634901762,2124.555677808821
2022-11-23,Coimbatore,Thondamuthur,2228.9999999999995,1965.629057884216,2283.5539495944977,2075.9675416350365,2267.7640323340893,2148.22864536196
2022-11-27,Coimbatore,Thondamuthur,2319.0,2010.347219854593,2305.738980472088,2076.7385560274124,2282.3262470960617,2168.787750862539
2022-10-27,Coimbatore,Thondamuthur,2140.0,1981.9012291729448,2267.4643728137016,2081.0652519762516,2250.1250261068344,2145.138970017433
2022-06-28,Coimbatore,Thondamuthur,2224.9999999999995,1988.2257001101968,2268.6780813336372,2080.985593944788,2256.45609036088,2148.5863664373755
2022-11-28,Coimbatore,Thondamuthur,1699.9999999999998,1936.8758724629877,2241.5195366740227,2087.74360910058,2234.8818159103394,2125.2552085369825
2022-10-28,Coimbatore,Thondamuthur,2200.0,1891.603064537048,2202.854712307453,2093.549630045891,2192.781066149473,2095.1971182599664
2022-11-29,Coimbatore,Thondamuthur,2300.0000000000005,1973.5862493515012,2239.027532041073,2088.7348940968513,2230.776736140251,2133.031352907419
2022-10-29,Coimbatore,Thondamuthur,1970.0,2008.9610086381433,2247.4108670651913,2077.6009349524975,2243.645410388708,2144.404555261135
2022-07-30,Coimbatore,Thondamuthur,1799.9999999999998,1995.95643132925,2231.9148233532906,2072.4021719396114,2231.205974519253,2132.8698502853513
2022-10-30,Coimbatore,Thondamuthur,1999.9999999999998,2033.5205754637716,2256.919506341219,2074.645379781723,2251.5766322612762,2154.1655234619975
2022-10-31,Coimbatore,Thondamuthur,2200.0,2042.6613345742223,2278.258574306965,2073.379462957382,2270.3550712764263,2166.163610778749
2022-08-01,Coimbatore,Thondamuthur,2079.9999999999995,2032.1132387220857,2272.0102629065514,2079.0598072111607,2261.0642805695534,2161.061897352338
2022-07-01,Coimbatore,Thondamuthur,950.0,1974.9058546125887,2241.086799800396,2084.8324579000473,2237.3695147037506,2134.5486567541957
2022-08-02,Coimbatore,Thondamuthur,2149.9999999999995,1959.962707608938,2233.352704644203,2089.0687312185764,2236.678292900324,2129.7656090930104
2022-07-02,Coimbatore,Thondamuthur,2224.9999999999995,1992.7551741898058,2255.777113288641,2086.001627892256,2255.636904388666,2147.542704939842
2022-09-02,Coimbatore,Thondamuthur,2919.0,1932.102580219507,2198.133897483349,2090.9427133202553,2210.5625687539577,2107.9354399442673
2022-08-03,Coimbatore,Thondamuthur,1200.0,1901.3029100000856,2160.6674420833588,2088.13180744648,2185.679525732994,2083.9454213157296
2023-05-03,Coimbatore,Thondamuthur,1250.0,1964.5286467671392,2186.7457592487335,2088.719285428524,2207.165530472994,2111.7898054793477
2022-09-03,Coimbatore,Thondamuthur,1699.9999999999998,2005.9782728552816,2197.3509074747562,2084.913326948881,2222.400667220354,2127.6607936248183
2023-04-05,Coimbatore,Thondamuthur,2250.0,1976.384237706661,2173.292567282915,2090.865208208561,2188.3098554611206,2107.2129671648145
2022-08-05,Coimbatore,Thondamuthur,2360.0,2065.821503549814,2243.3536897599697,2079.292860776186,2250.064475238323,2159.6331323310733
2022-07-08,Coimbatore,Thondamuthur,2100.0,2059.139782488346,2225.461311787367,2087.3480100929737,2232.4562826752663,2151.1013467609882
2022-07-09,Coimbatore,Thondamuthur,2149.9999999999995,2064.2358781397343,2242.9493445158005,2089.1216123104095,2248.887904584408,2161.298684887588
2022-11-10,Coimbatore,Thondamuthur,1200.0,2079.6105509996414,2269.668155312538,2083.2357987761497,2272.962526232004,2176.3692578300834
2022-08-11,Coimbatore,Thondamuthur,2149.9999999999995,2072.1089711785316,2279.453444778919,2085.499593913555,2282.857210934162,2179.979805201292
2023-04-12,Coimbatore,Thondamuthur,2224.9999999999995,2053.936848193407,2263.8996759057045,2087.247495651245,2261.8856194615364,2166.7424098029733
2022-05-12,Coimbatore,Thondamuthur,2450.0,1960.8965365588663,2193.028113692999,2095.277617275715,2197.226172685623,2111.607110053301
2022-05-14,Coimbatore,Thondamuthur,1999.9999999999998,1904.0694119036195,2138.2633516192436,2093.3601731061935,2159.037816375494,2073.6826882511377
2022-06-15,Coimbatore,Thondamuthur,2200.0,1977.7518799901006,2189.0836955606937,2087.609320729971,2207.625044286251,2115.517485141754
2023-05-15,Coimbatore,Thondamuthur,2100.0,2030.7165320217607,2194.223118722439,2093.048941642046,2210.0546142458916,2132.0108016580343
2022-09-15,Coimbatore,Thondamuthur,2250.0,2026.4143255352972,2182.3947083950043,2095.93022108078,2196.6045171022415,2125.335943028331
2022-08-16,Coimbatore,Thondamuthur,937.0,2092.14000582695,2243.7370440363884,2086.3847130537033,2248.5332110524178,2167.698743492365
2022-12-16,Coimbatore,Thondamuthur,2289.0,2054.710822850466,2225.5604806542397,2092.861637622118,2231.8394711613655,2151.2431030720472
2022-05-16,Coimbatore,Thondamuthur,2300.0000000000005,2004.6631079912183,2193.733329474926,2095.0150956213474,2208.737027347088,2125.537140108645
2023-05-16,Coimbatore,Thondamuthur,2279.9999999999995,2007.694284468889,2191.075819134712,2099.529633820057,2204.6152624487877,2125.7287499681115
2023-05-17,Coimbatore,Thondamuthur,1100.0,1962.0558838546274,2145.1625175774097,2098.4339322149754,2172.8088331222534,2094.6152916923165
2022-07-18,Coimbatore,Thondamuthur,1999.9999999999998,1974.8004961013792,2189.718941450119,2097.8720201551914,2200.551760941744,2115.7358046621084
2022-05-18,Coimbatore,Thondamuthur,2279.9999999999995,2044.2914985120294,2254.9472972750664,2095.098655819893,2246.3819059729576,2160.1798393949866
2023-05-18,Coimbatore,Thondamuthur,2300.0000000000005,2020.2448648214338,2246.051163673401,2091.6110603511333,2236.0559645295143,2148.4907633438706
2022-09-19,Coimbatore,Thondamuthur,2250.0,2011.2822598218916,2257.727120369673,2088.416261970997,2248.1859181821346,2151.402890086174
2022-07-20,Coimbatore,Thondamuthur,2100.0,2053.8827560842037,2319.475146830082,2071.1256250739098,2306.0681080818176,2187.6379090175033
2022-06-20,Coimbatore,Thondamuthur,2289.0,1980.236349403858,2292.21635684371,2071.592539548874,2269.158316999674,2153.300890699029
2023-05-20,Coimbatore,Thondamuthur,2140.0,1969.8639856278894,2293.301024734974,2056.8003660440445,2279.9067689478397,2149.968036338687
2022-09-20,Coimbatore,Thondamuthur,2250.0,1988.9496193826196,2302.7731989324093,2060.56636095047,2292.8150030970573,2161.276045590639
2023-02-22,Coimbatore,Thondamuthur,1999.9999999999998,2007.866518050432,2325.644338428974,2055.740860402584,2312.4834053218365,2175.4337805509567
2022-09-24,Coimbatore,Thondamuthur,2279.9999999999995,2046.9282869994638,2353.180182278156,2052.55938321352,2327.6032263040543,2195.0677696987987
2022-07-27,Coimbatore,Thondamuthur,1799.9999999999998,1942.456509619951,2279.8436614871025,2064.8314295709133,2256.8881544470787,2136.0049387812614
2022-07-28,Coimbatore,Thondamuthur,1997.9999999999998,1975.5794493854044,2290.9519201517105,2061.1791357398033,2269.4906739890575,2149.300294816494
2022-04-29,Coimbatore,Thondamuthur,2279.9999999999995,1965.7860864698885,2266.1891715228558,2058.426224142313,2251.3481536507607,2135.4374089464545
2022-07-29,Coimbatore,Thondamuthur,2200.0,1918.3495941758154,2216.986343115568,2059.261960685253,2210.578177422285,2101.2940188497305
2022-06-29,Coimbatore,Thondamuthur,1799.9999999999998,1944.0359453856943,2228.9720511436462,2065.5647678673267,2229.755983054638,2117.0821868628263
2022-04-30,Coimbatore,Thondamuthur,2279.9999999999995,2020.2817335724828,2270.5600023269653,2062.7905961871147,2272.3549991846085,2156.496832817793
2022-05-09,Coimbatore,Thondamuthur,1100.0,1985.5485443770883,2256.672189682722,2061.613487303257,2262.4393235147,2141.568386219442
2023-05-09,Coimbatore,Thondamuthur,870.0,1980.807545930147,2259.9592944979668,2068.8113708794117,2262.115039974451,2142.923312820494
2022-05-11,Coimbatore,Thondamuthur,2100.0,1906.3946998119352,2207.79283747077,2073.5442958772182,2218.8643619418144,2101.6490487754345
2022-07-12,Coimbatore,Thondamuthur,2314.0,1908.319679200649,2202.237766236067,2078.0717515945435,2204.450564086437,2098.269940279424
2022-06-13,Coimbatore,Thondamuthur,2200.0,1956.9619411230085,2216.0783492028713,2063.3772668242455,2228.7789611518383,2116.299129575491
2023-03-13,Coimbatore,Thondamuthur,950.0,2016.3266853988168,2235.012471228838,2067.825064510107,2248.360977470875,2141.881299652159
2022-05-02,Coimbatore,Thondamuthur,1799.9999999999998,2032.7287046611307,2242.222734093666,2065.5196911096573,2263.1668758392334,2150.909501425922
2023-02-03,Coimbatore,Thondamuthur,2300.0000000000005,2062.4546061456203,2272.204025685787,2072.24998742342,2278.205020427704,2171.278409920633
2023-01-06,Coimbatore,Thondamuthur,2019.9999999999998,2035.2499082684515,2259.547683149576,2077.172638475895,2262.992893010378,2158.740780726075
2022-05-06,Coimbatore,Thondamuthur,2379.0,1991.3419169187544,2244.1260497272015,2078.385539650917,2248.973214030266,2140.7066800817847
2023-01-07,Coimbatore,Thondamuthur,2200.0,1935.3981621563432,2200.0782531499863,2081.6034819185734,2208.7101158499718,2106.4475032687187
2023-01-09,Coimbatore,Thondamuthur,2200.0,1991.772097200155,2235.0598354637623,2074.671618491411,2240.9635451436043,2135.6167740747333
2023-02-10,Coimbatore,Thondamuthur,1999.9999999999998,2024.2523904144762,2238.0061061680317,2080.728992819786,2241.916212141514,2146.225925385952
2022-05-13,Coimbatore,Thondamuthur,1999.9999999999998,1991.9005995988844,2208.006783872843,2080.4174922406673,2222.7789083123207,2125.775946006179
2023-02-16,Coimbatore,Thondamuthur,2100.0,2002.1117635071275,2219.5746909081936,2081.7179903388023,2229.295796453953,2133.175060302019
2022-05-17,Coimbatore,Thondamuthur,2200.0,1979.5416291058061,2193.243271112442,2090.676020383835,2193.2691061496735,2114.182506687939
2023-01-24,Coimbatore,Thondamuthur,1799.9999999999998,2014.4529724121091,2209.0165032446384,2088.940632492304,2209.6579387784004,2130.517011731863
2022-05-04,Coimbatore,Thondamuthur,1370.0,2075.312112122774,2247.3123709857464,2089.4765749573708,2244.6940168738365,2164.198768734932
2022-05-10,Coimbatore,Thondamuthur,1799.9999999999998,2096.194761097431,2267.4810579419136,2085.865859389305,2268.646056652069,2179.5469337701797
2023-01-02,Coimbatore,Thondamuthur,2300.0000000000005,2088.820607215166,2262.202636897564,2093.8059620559216,2256.092381477356,2175.230396911502
2023-01-18,Coimbatore,Thondamuthur,2279.9999999999995,2064.752040654421,2253.1641414761543,2096.02642968297,2242.4945402145386,2164.109288007021
2022-12-28,Coimbatore,Thondamuthur,1979.9999999999998,1985.054718405008,2197.3943695425987,2095.6039191782475,2200.584727525711,2119.6594336628914
2023-05-06,Coimbatore,Thondamuthur,2300.0000000000005,1992.6773999631403,2211.1547562479973,2092.091026902199,2216.6516986489296,2128.1437204405665
2023-02-09,Coimbatore,Thondamuthur,2289.0,2026.1407701671121,2206.1422207951546,2097.2245295345783,2217.410737425089,2136.7295644804835
2023-03-11,Coimbatore,Thondamuthur,2279.9999999999995,2030.805609077215,2191.862980425358,2093.292625248432,2221.0836185514927,2134.2612083256245
2023-01-28,Coimbatore,Thondamuthur,2300.0000000000005,1970.0812959671018,2142.1071207523346,2097.261129170656,2179.1354569792747,2097.146250717342
2022-12-29,Coimbatore,Thondamuthur,2100.0,1972.9145383834837,2173.654392361641,2095.2379228174686,2190.272241830826,2108.019773848355
2023-01-30,Coimbatore,Thondamuthur,1999.9999999999998,2066.041908711195,2236.7825749516487,2086.7024032771587,2244.2642402648926,2158.4477818012238
2023-01-31,Coimbatore,Thondamuthur,2100.0,2171.2960033118725,2323.532458692789,2074.9954983592033,2315.064352452755,2221.222078204155
2023-08-01,Coimbatore,Thondamuthur,2279.9999999999995,2097.8595063090324,2306.8741074204445,2081.0088723897934,2284.13173943758,2192.4685563892126
2022-07-04,Coimbatore,Thondamuthur,1799.9999999999998,1989.275652170181,2257.7059948444366,2068.515882641077,2245.323745906353,2140.205318890512
2022-07-05,Coimbatore,Thondamuthur,950.0,2017.8362858295438,2285.975176990032,2042.8825470805166,2271.676156669855,2154.592541642487
2022-06-14,Coimbatore,Thondamuthur,1869.9999999999998,2028.826133906841,2297.676565051079,2026.6036479175089,2286.4461281895638,2159.888118766248
2023-04-06,Coimbatore,Thondamuthur,2140.0,1981.9533029198644,2270.6615932285786,2042.8783757984636,2265.742978900671,2140.3090627118945
2023-04-07,Coimbatore,Thondamuthur,2300.0000000000005,1972.5897166132925,2281.154520511627,2046.2425820529459,2276.6355419158936,2144.15559027344
2023-04-08,Coimbatore,Thondamuthur,2279.9999999999995,1980.764891207218,2286.359204053879,2045.1192961633203,2281.5794530510902,2148.455711118877
2023-05-04,Coimbatore,Thondamuthur,2250.0,1963.828275054693,2273.250882923603,2047.6727935671804,2271.4912746846676,2139.060806557536
2023-05-05,Coimbatore,Thondamuthur,2100.0,2056.3860635459423,2326.5181547403336,2042.9338134825227,2306.7236721515656,2183.140425980091
2023-03-07,Coimbatore,Thondamuthur,2319.0,1982.2331824898718,2288.5144113004208,2050.7211934030056,2262.2892919182777,2145.939519777894
2022-03-14,Coimbatore,Thondamuthur,1649.9999999999998,1950.0464937090871,2257.1134036779404,2056.970177590847,2242.181963175535,2126.5780095383525
2022-04-05,Coimbatore,Thondamuthur,1879.0,1957.4385437369344,2243.156024813652,2053.660736232996,2239.409137070179,2123.4161104634404
2022-12-06,Coimbatore,Thondamuthur,2100.0,1913.1591737270353,2217.251286804676,2059.143011868,2223.7356120347977,2103.3222711086273
2022-12-26,Coimbatore,Thondamuthur,2100.0,1946.9445399940012,2230.5720742046833,2069.7791083157063,2234.870109409094,2120.541457980871
2022-01-10,Coimbatore,Thondamuthur,1799.9999999999998,2006.1145795881746,2260.206207484007,2059.8167411983013,2260.6178188323975,2146.68883677572
2022-01-11,Coimbatore,Thondamuthur,2235.0,2067.2347608208656,2300.702493786812,2054.31307092309,2297.113307416439,2179.8409082368016
2022-04-06,Coimbatore,Thondamuthur,9500.0,2115.50604775548,2357.9739272594447,2055.614241808653,2335.540368705988,2216.1586463823915
2022-04-07,Coimbatore,Thondamuthur,1900.0,1983.982564359903,2269.1603353619576,2046.5804558992384,2251.881404966116,2137.901190146804
2022-01-03,Coimbatore,Thondamuthur,2200.0,2021.902882158756,2257.554752230644,2065.780194401741,2241.719892770052,2146.7394303902984
2022-01-25,Coimbatore,Thondamuthur,1999.9999999999998,2045.1191616058347,2247.8606927394867,2050.0416781008244,2226.6813445091248,2142.4257192388177
2022-03-03,Coimbatore,Thondamuthur,1900.0,2106.8974635004997,2273.194099664688,2048.951627910137,2260.0420473515987,2172.271309606731
2022-03-16,Coimbatore,Thondamuthur,2279.9999999999995,2066.2541058659554,2244.7359988093376,2058.70368167758,2245.786892771721,2153.8701697811484
2022-03-23,Coimbatore,Thondamuthur,2140.0,1991.9256272912023,2210.5812722444534,2065.2860993146896,2222.4925699830055,2122.571392208338
2022-01-06,Coimbatore,Thondamuthur,1799.9999999999998,1979.9275399744508,2224.2692670226097,2061.7628461122513,2236.0258236527443,2125.496369190514
2022-02-07,Coimbatore,Thondamuthur,1015.0,2030.8701966702936,2259.5906069874763,2068.8903561234474,2256.1024732887745,2153.863408267498
2022-02-15,Coimbatore,Thondamuthur,1889.9999999999998,1961.64386883378,2216.622365117073,2070.931189507246,2218.1280633807182,2116.8313717097044
2022-02-17,Coimbatore,Thondamuthur,2279.9999999999995,1916.2616656720636,2201.578030884266,2080.586900115013,2203.7113052606583,2100.5344754830003
2022-01-17,Coimbatore,Thondamuthur,2324.0,1870.2808162569997,2163.4651613235474,2074.917724132538,2173.8944429159164,2070.6395361572504
2022-01-19,Coimbatore,Thondamuthur,2326.0,1901.637958139181,2171.6882383823395,2071.726558804512,2195.4416713118553,2085.123606659472
2022-01-26,Coimbatore,Thondamuthur,1600.0,1998.8644877076147,2236.7416694760323,2061.7207296192646,2249.3456691503525,2136.668138988316
2022-03-18,Coimbatore,Thondamuthur,1900.0,1998.1427213549612,2217.5228238105774,2073.85418176651,2233.6490002274513,2130.792181789875
2022-01-24,Coimbatore,Thondamuthur,1999.9999999999998,1996.5747229754923,2212.998597472906,2083.935497701168,2218.394352644682,2127.975792698562
2022-03-10,Coimbatore,Thondamuthur,2279.9999999999995,2011.567252576351,2237.0998615026474,2082.4723196029663,2231.134659051895,2140.568523183465
2022-04-19,Coimbatore,Thondamuthur,1799.9999999999998,1941.2465687096117,2185.607402920723,2085.472682416439,2183.515706807375,2098.960590213537
2022-03-21,Coimbatore,Thondamuthur,1900.0,1896.4230482280252,2152.950973957777,2093.4448097646236,2149.4573234021664,2073.069038838148
2022-03-22,Coimbatore,Thondamuthur,2100.0,1921.482092440128,2154.25793081522,2084.3531641364098,2167.157015055418,2081.812550611794
2022-03-28,Coimbatore,Thondamuthur,2100.0,2004.3606227636335,2183.9514039456844,2079.754662066698,2200.506549626589,2117.1433096006513
2022-03-29,Coimbatore,Thondamuthur,1999.9999999999998,2085.2015490829945,2224.2346857488155,2077.605240792036,2239.7303257882595,2156.6929503530264
2022-04-21,Coimbatore,Thondamuthur,2100.0,2138.268733918667,2278.917905986309,2069.413919299841,2284.2213547229767,2192.7054784819484
2022-04-23,Coimbatore,Thondamuthur,1190.0,2104.763920009136,2266.8031573295593,2083.736083507538,2264.8079389333725,2180.0277749449015
2022-04-25,Coimbatore,Thondamuthur,1909.9999999999998,2074.959436953068,2277.273882627487,2085.2756902575493,2273.968343436718,2177.8693383187056
2022-02-01,Coimbatore,Thondamuthur,1450.0,1987.344348579645,2227.9697324335575,2091.317994147539,2221.225845813751,2131.9644802436233
2022-02-02,Coimbatore,Thondamuthur,2235.0,1957.9318314790723,2211.4330211281776,2092.0590022206306,2206.4899173378944,2116.978443041444
2022-02-03,Coimbatore,Thondamuthur,2100.0,2024.819146543741,2253.2115057110786,2086.986857801676,2244.017461836338,2152.2587429732084
2022-02-04,Coimbatore,Thondamuthur,2375.0,2004.7028024494646,2217.6735281944275,2096.972503364086,2201.876613944769,2130.306361988187
2022-01-04,Coimbatore,Thondamuthur,2140.0,2012.1952323615549,2201.501602232456,2094.2870050668716,2200.2426823973656,2127.056630514562
2022-03-04,Coimbatore,Thondamuthur,1799.9999999999998,2068.584506958723,2232.281627058983,2088.051207512617,2241.774792224169,2157.673033438623
2022-01-05,Coimbatore,Thondamuthur,1900.0,2014.4541834294794,2198.830367028713,2091.3922698795795,2203.528845310211,2127.051416411996
2022-03-05,Coimbatore,Thondamuthur,2100.0,2028.113517463207,2219.7042697668076,2086.5363593399525,2213.2608500123024,2136.9037491455674
2022-01-07,Coimbatore,Thondamuthur,2450.0,2070.9088529646397,2227.653656899929,2083.2162879407406,2224.898054152727,2151.669212989509
2022-03-07,Coimbatore,Thondamuthur,2244.9999999999995,2035.654791742563,2180.627699494362,2083.381255418062,2198.853241801262,2124.6292471140623
2022-04-08,Coimbatore,Thondamuthur,2100.0,2020.2011336386201,2167.3374566435814,2089.0045472979546,2202.740203887224,2119.820835366845
2022-02-08,Coimbatore,Thondamuthur,2300.0000000000005,2001.789902001619,2189.1311943531036,2087.3690010607243,2195.5912992358208,2118.470349162817
2022-01-08,Coimbatore,Thondamuthur,2375.0,2044.667855799198,2230.007740110159,2073.1217853724957,2228.9069253206253,2144.1760766506195
2022-02-09,Coimbatore,Thondamuthur,2265.0,2064.386986196041,2241.113711297512,2080.306347757578,2241.9444692134857,2156.937878616154
2022-02-10,Coimbatore,Thondamuthur,2100.0,2052.6399831473827,2241.251901835203,2066.3021428883076,2250.786107033491,2152.745033726096
2022-02-11,Coimbatore,Thondamuthur,1900.0,2052.660435885191,2256.1666572093964,2059.0877087414265,2260.585928708315,2157.125182636082
2022-02-12,Coimbatore,Thondamuthur,1225.0,1995.4732353985307,2236.6267573833466,2051.9222535192966,2230.8998562395573,2128.730525635183
2022-01-12,Coimbatore,Thondamuthur,1450.0,2055.8420476317406,2277.1332700550556,2035.6269383430479,2276.1820831894875,2161.196084804833
2022-01-13,Coimbatore,Thondamuthur,2265.0,2050.1393668353558,2274.132234454155,2049.7003057599068,2271.047638654709,2161.2548864260316
2022-02-14,Coimbatore,Thondamuthur,1809.0,1965.1449200510976,2225.2604174613953,2053.102322667837,2227.1432803571224,2117.662735134363
2022-04-15,Coimbatore,Thondamuthur,2149.9999999999995,1915.8881340920923,2202.253105789423,2056.0958230495453,2209.227354824543,2095.866104438901
2022-04-16,Coimbatore,Thondamuthur,2200.0,1955.793713033199,2232.0835584402084,2041.5625381469724,2234.625618457794,2116.0163570195436
2022-04-17,Coimbatore,Thondamuthur,1799.9999999999998,2005.6086434423921,2264.6023350954056,2045.7304562628267,2266.6026666760445,2145.6360253691673
2022-04-18,Coimbatore,Thondamuthur,2235.0,2053.997533619404,2286.6684171557426,2065.991853326559,2277.3024088144302,2170.990053229034
2022-01-21,Coimbatore,Thondamuthur,2103.0,2102.835173010826,2331.029867231846,2058.5494787991047,2311.4520221948624,2200.9666353091598
2022-01-22,Coimbatore,Thondamuthur,2235.0,2021.8623803555963,2286.6197073459625,2065.428999364376,2276.2311966717243,2162.535570934415
2022-02-24,Coimbatore,Thondamuthur,2259.0,2055.3950476646423,2320.169463455677,2066.888948082924,2298.135406076908,2185.147216320038
2022-02-25,Coimbatore,Thondamuthur,2149.9999999999995,2012.9962530732153,2283.9366310834885,2072.060799598694,2265.28602167964,2158.5699263587594
2022-03-25,Coimbatore,Thondamuthur,2100.0,1987.775336205959,2276.815041601658,2073.258899450302,2261.6123332083225,2149.8654026165605
2022-01-28,Coimbatore,Thondamuthur,2265.0,1997.4700684845445,2272.8219136595726,2078.835903555155,2257.0691342651844,2151.549254991114
2022-01-29,Coimbatore,Thondamuthur,2265.0,1947.0601248741148,2226.917896568775,2077.8972305357456,2222.34294205904,2118.554548509419
2022-01-31,Coimbatore,Thondamuthur,1799.9999999999998,1929.983972609043,2208.4138202667236,2074.465207308531,2209.6813517808914,2105.6360879912972
2022-04-01,Coimbatore,Thondamuthur,1649.9999999999998,2007.5283750891683,2238.341827094555,2076.7647947371006,2231.3600428402424,2138.4987599402666
2022-03-01,Coimbatore,Thondamuthur,2330.0,2024.208793789148,2242.239150106907,2064.18272793293,2244.1902336478233,2143.705226369202
2022-04-02,Coimbatore,Thondamuthur,2375.0,2083.7660898268223,2286.7412127554417,2063.098060041666,2281.3141056895256,2178.729867078364
2022-03-02,Coimbatore,Thondamuthur,2149.9999999999995,2039.9136707186697,2253.297084271908,2073.2532480359077,2246.878557652235,2153.33564016968
2022-04-04,Coimbatore,Thondamuthur,1900.0,2061.3606537878513,2279.470129907131,2069.2562179267406,2277.277515679598,2171.8411293253303
2022-03-08,Coimbatore,Thondamuthur,829.0,1998.720376640558,2250.6368827819824,2075.304442346096,2245.050459653139,2142.428040355444
2022-03-09,Coimbatore,Thondamuthur,1999.9999999999998,1923.9832469820974,2199.095983505249,2075.9832848608494,2194.2360362410545,2098.3246378973126
2022-03-15,Coimbatore,Thondamuthur,2450.0,1954.4116730988023,2221.451767832041,2068.073592185974,2214.2993646860123,2114.5590994507074
2022-03-17,Coimbatore,Thondamuthur,2265.0,1927.5984029471872,2172.6850402355194,2068.8349184393883,2179.167077988386,2087.0713599026203
2022-02-18,Coimbatore,Thondamuthur,1799.9999999999998,1886.9621768593786,2132.615704834461,2069.5266784727573,2154.611009657383,2060.928892455995
2022-02-21,Coimbatore,Thondamuthur,1999.9999999999998,1965.9879226982591,2172.6170887053013,2077.454132735729,2193.4383794665337,2102.374380901456
2022-02-22,Coimbatore,Thondamuthur,2154.9999999999995,2039.2158555984495,2212.446104437113,2072.432178258896,2228.296976238489,2138.097778633237
2022-02-26,Coimbatore,Thondamuthur,2100.0,2063.483298122883,2231.540753543377,2073.3954752981663,2239.447351396084,2151.9667195901275
2022-04-27,Coimbatore,Thondamuthur,1600.0,2062.24819496274,2236.713143289089,2083.1631377339363,2238.6514438688755,2155.1939799636602
2022-02-28,Coimbatore,Thondamuthur,1883.0,2053.82166698575,2239.321001917124,2079.2711970210075,2248.0213543772697,2155.108805075288
2022-03-30,Coimbatore,Thondamuthur,550.0,2008.4542651474474,2220.11278629303,2082.2621408104897,2226.985982656479,2134.4537937268615
2022-03-12,Coimbatore,Thondamuthur,2265.0,1983.6321766674516,2206.2294140458107,2086.86615973711,2202.9440584778786,2119.917952232063
2023-12-11,Coimbatore,Thondamuthur,2400.0,1929.3292158842085,2151.1602829396725,2084.748494029045,2158.756187558174,2080.998545102775
2023-12-12,Coimbatore,Thondamuthur,1649.9999999999998,1961.598657518625,2157.1785010397434,2080.284145772457,2171.658904850483,2092.680052295327
2023-12-13,Coimbatore,Thondamuthur,2235.0,2001.6618032753465,2164.211282581091,2080.123484134674,2189.9073219299316,2108.975972980261
2023-12-27,Coimbatore,Thondamuthur,1205.0,2087.7253092825413,2223.2513396441936,2078.980552852154,2240.586515069008,2157.635929211974
2023-12-28,Coimbatore,Thondamuthur,1750.0,2082.587500810623,2232.005784213543,2087.403044104576,2243.8861337304115,2161.4706157147884
2023-12-29,Coimbatore,Thondamuthur,1990.0,2040.9558184444902,2218.0323930084705,2096.4197412133217,2207.4035626649857,2140.702878832817
2023-12-14,Coimbatore,Thondamuthur,2100.0,1978.2691189646719,2183.5566122829914,2092.9974061250687,2176.842866539955,2107.916500978172
2023-12-22,Coimbatore,Thondamuthur,2300.0000000000005,1956.7901112139223,2170.9088814258575,2096.0008637607098,2158.988433778286,2095.672072544694
2023-12-26,Coimbatore,Thondamuthur,2100.0,2004.6862518787382,2177.029228657484,2091.897264122963,2179.5659063756466,2113.294662758708
2023-12-15,Coimbatore,Thondamuthur,1799.9999999999998,2100.8976797759533,2212.316121906042,2091.3778722286224,2223.232905268669,2156.9561447948217
2023-12-21,Coimbatore,Thondamuthur,1970.0,2177.6216852664948,2254.5107927918434,2086.760666668415,2261.779588162899,2195.168183222413
2023-12-18,Coimbatore,Thondamuthur,2250.0,2125.9007480740547,2222.870541960001,2083.8363288342953,2235.6627875566483,2167.06760160625
2023-12-19,Coimbatore,Thondamuthur,2250.0,2093.6831110715866,2224.4456718862057,2088.723725825548,2232.9276375472546,2159.9450365826488
2022-01-13,Coimbatore,Udumalpet,2165.0,2059.736948609352,2211.8718130886555,2098.823341578245,2218.9769865572453,2147.3522724583745
2022-01-19,Coimbatore,Udumalpet,2235.0,1980.0758223235605,2153.617168068886,2096.876967549324,2169.196502864361,2099.941615201533
2022-01-25,Coimbatore,Udumalpet,2310.0,2027.3795063793657,2200.9870544075966,2088.808497041464,2210.311349928379,2131.8716019392014
2022-01-24,Coimbatore,Udumalpet,2165.0,1971.3173410296438,2143.776037245989,2094.1824539005756,2163.636856675148,2093.228172212839
2022-01-12,Coimbatore,Udumalpet,1977.9999999999998,1914.0060785412786,2089.600906074047,2095.9486554563046,2128.7552505731583,2057.077722661197
2022-01-04,Coimbatore,Udumalpet,2500.0,1899.7351807355878,2080.741910338402,2094.737772643566,2125.7648450136185,2050.2449271827936
2022-01-10,Coimbatore,Udumalpet,2275.0,1957.4450024962423,2095.8844715356827,2093.69549036026,2143.7892238795757,2072.7035470679402
2022-01-11,Villupuram,Ulundurpettai,2260.0,2001.6300477087495,2106.725095361471,2093.8114789128304,2162.617583721876,2091.196051426232
2022-06-15,Villupuram,Ulundurpettai,1600.0,2065.001779347658,2184.874871969223,2094.326295852661,2204.8514108359814,2137.263589501381
2022-02-22,Villupuram,Ulundurpettai,1972.0,2102.574535161257,2236.2066689133644,2088.1384007632732,2231.2560299038887,2164.543908685446
2022-02-21,Villupuram,Ulundurpettai,2165.0,2055.0325497984886,2240.1684449613094,2082.9440781474113,2228.6313515901566,2151.6941061243415
2022-06-23,Villupuram,Ulundurpettai,2200.0,1968.5003800690172,2210.18405854702,2083.4946873784065,2200.5099135637283,2115.672259889543
2022-05-16,Villupuram,Ulundurpettai,1450.0,1987.078462988138,2235.81739410758,2072.079368531704,2228.709125816822,2130.921087861061
2022-03-17,Villupuram,Ulundurpettai,2400.0,2041.1779728531835,2278.996218442917,2042.085428535938,2278.182145655155,2160.1104413717985
2022-06-20,Villupuram,Ulundurpettai,2259.0,2019.6074660122392,2277.6849557459354,2048.2507179677486,2272.2478914260864,2154.4477577880025
2022-05-27,Villupuram,Ulundurpettai,2235.0,1985.9031033515928,2269.2776694893837,2051.1497589945793,2272.577422708273,2144.7269886359572
2022-02-07,Villupuram,Ulundurpettai,2165.0,2012.647749185562,2315.0445725023746,2050.0214944779873,2302.7674129605293,2170.1203072816133
2022-02-08,Villupuram,Ulundurpettai,2350.0,1934.506987929344,2276.912864893675,2057.8365932404995,2256.7611321806908,2131.5043945610523
2022-05-11,Villupuram,Ulundurpettai,1799.9999999999998,1908.8946433365343,2252.390705049038,2059.9254636466503,2224.6016240119934,2111.453109011054
2022-06-08,Villupuram,Ulundurpettai,1949.9999999999995,1976.3734731078146,2264.1776716709137,2067.4298691749573,2242.1113204956055,2137.523083612323
2022-03-11,Villupuram,Ulundurpettai,1999.9999999999998,1955.0580872595308,2239.5552664995193,2051.0612201690674,2229.5444586873055,2118.804758153856
2022-05-23,Villupuram,Ulundurpettai,950.0,1993.1519842147825,2259.1179065406322,2059.4004203379154,2244.826017767191,2139.1240822151303
2022-01-12,Villupuram,Ulundurpettai,2250.0,1992.8419637680051,2250.9886160492897,2062.086187750101,2241.8976432085037,2136.953602693975
2022-06-10,Villupuram,Ulundurpettai,2165.0,2032.962431013584,2294.3921513855457,2057.8674069046974,2280.9921096265316,2166.5535247325897
2022-03-08,Villupuram,Ulundurpettai,2288.0,1962.6796923577783,2256.283183991909,2066.632346957922,2240.4584163427353,2131.513409912586
2022-07-25,Villupuram,Ulundurpettai,2101.0,1928.3889281749723,2234.666793048382,2068.205458521843,2228.982142955065,2115.0608306750655
2022-07-11,Villupuram,Ulundurpettai,2400.0,1904.5828832685945,2216.292968392372,2067.6689778268337,2228.19282874465,2104.1844145581126
2022-05-25,Villupuram,Ulundurpettai,2275.0,1938.8171333074567,2233.9491979777813,2063.8862977921963,2240.0831355154514,2119.1839411482215
2022-05-02,Villupuram,Ulundurpettai,2200.0,1900.615455806255,2201.2090742588043,2061.9057461619377,2207.1906927227974,2092.7302422374487
2022-05-18,Villupuram,Ulundurpettai,1999.9999999999998,1968.7641127407549,2233.534895479679,2069.5173940062523,2233.649134784937,2126.366384252906
2022-07-12,Villupuram,Ulundurpettai,2165.0,2044.8430496454237,2281.500333249569,2053.0528055131435,2278.2441766560078,2164.410091266036
2022-06-24,Villupuram,Ulundurpettai,1929.9999999999998,1959.16922211647,2224.0028432011604,2064.870585799217,2221.4239144325256,2117.3666413873434
2022-06-17,Villupuram,Ulundurpettai,2250.0,1904.940940737724,2190.71601241827,2066.203243136406,2194.4747412204742,2089.0837343782187
2022-03-07,Villupuram,Ulundurpettai,2165.0,1980.753319263458,2244.0311866998672,2060.4061029851437,2237.6465685665607,2130.7092943787575
2022-02-10,Villupuram,Ulundurpettai,2100.0,1941.7185963690279,2211.850822120905,2070.1424135267735,2206.384558826685,2107.524097710848
2022-06-03,Villupuram,Ulundurpettai,1750.0,1981.6444934904573,2236.843798607588,2070.5201163887978,2226.544903218746,2128.8883279263973
2022-03-16,Villupuram,Ulundurpettai,2114.9999999999995,2008.1895905733106,2244.5827378332615,2072.019759565592,2239.278885424137,2141.0177433490753
2022-07-18,Villupuram,Ulundurpettai,1900.0,2056.973003298044,2279.3234622478485,2070.5849730968475,2271.606321334839,2169.621939994395
2022-06-13,Villupuram,Ulundurpettai,2200.0,1987.0064747333524,2226.531178355217,2084.4667306542397,2202.389143407345,2125.0983817875385
2022-07-05,Villupuram,Ulundurpettai,2100.0,2027.7865427732465,2241.8136793375015,2076.5482917428017,2223.3963926136494,2142.3862266168
2022-07-04,Villupuram,Ulundurpettai,950.0,2070.6981359422207,2255.629234611988,2061.3301092386246,2247.1214339137077,2158.6947284266353
2022-07-06,Villupuram,Ulundurpettai,1799.9999999999998,2108.577279150486,2262.892513126135,2061.0340827703476,2256.028601229191,2172.13311906904
2022-05-06,Villupuram,Ulundurpettai,1900.0,2121.8967209756374,2282.5290252268314,2067.4890744686127,2271.3136588037014,2185.8071198686957
2022-03-15,Villupuram,Ulundurpettai,860.0,2050.4663415253162,2243.967137336731,2073.962231427431,2241.46329164505,2152.464750483632
2022-03-24,Villupuram,Ulundurpettai,2100.0,1945.5303408205507,2185.2551314234734,2077.1481490135193,2189.4003093242645,2099.333482645452
2022-05-12,Villupuram,Ulundurpettai,2100.0,1969.835593998432,2197.7888920903206,2071.9329699873924,2199.8565024137497,2109.8534896224737
2022-07-15,Villupuram,Ulundurpettai,1999.9999999999998,2002.146883010864,2192.1991050243378,2073.2279512286186,2196.773386746645,2116.0868315026164
2022-06-30,Villupuram,Ulundurpettai,1750.0,2071.8264004588127,2226.04852065444,2071.612319499254,2228.032705336809,2149.379986487329
2022-06-01,Villupuram,Ulundurpettai,1130.0,2099.442036896944,2235.592279434204,2076.0968513786793,2236.3811899721622,2161.8780894204974
2022-04-27,Villupuram,Ulundurpettai,1100.0,2093.0327947437763,2239.9076725542545,2087.4292828142643,2245.820263028145,2166.54750328511
2022-07-07,Villupuram,Ulundurpettai,1903.0,2045.9666046500204,2221.7282834649086,2094.556927382946,2223.894928097725,2146.5366858989
2022-06-29,Villupuram,Ulundurpettai,1900.0,1982.99894914031,2189.449557363987,2092.6120334863663,2192.4310821294785,2114.3729055300355
2022-05-30,Villupuram,Ulundurpettai,2100.0,1979.5576414465902,2187.926097512245,2094.3989568948746,2181.2887804210186,2110.792869068682
2022-07-01,Villupuram,Ulundurpettai,2300.0000000000005,2041.9546386599538,2223.991809487343,2086.12084582448,2213.285339474678,2141.3381583616138
2022-07-08,Villupuram,Ulundurpettai,2100.0,2053.0121691524982,2209.1312807798386,2090.465303361416,2205.876604318619,2139.621339403093
2022-03-28,Villupuram,Ulundurpettai,1900.0,2094.03740093112,2224.7342976927757,2089.9000273644924,2230.1803773641586,2159.7130258381367
2022-06-27,Villupuram,Ulundurpettai,2100.0,2050.66656306386,2199.604072570801,2086.6244944930077,2202.5088995695114,2134.851007424295
2022-04-28,Villupuram,Ulundurpettai,2100.0,2081.7689876258373,2223.384282439947,2077.923334687948,2238.298230469227,2155.34370880574
2022-06-28,Villupuram,Ulundurpettai,2100.0,2096.0817328095436,2237.5780788064003,2082.016707956791,2242.824475169182,2164.625248685479
2022-04-21,Villupuram,Ulundurpettai,2050.0,2108.426171094179,2244.532278776169,2086.5382431447506,2247.6663917303085,2171.790771186352
2022-04-12,Villupuram,Ulundurpettai,1799.9999999999998,2119.0432949364185,2255.132448375225,2095.276675373316,2260.3439943492413,2182.44910325855
2022-03-21,Villupuram,Ulundurpettai,2100.0,2123.2206320762634,2261.101956665516,2097.352224588394,2258.9385414123535,2185.1533386856318
2022-06-02,Villupuram,Ulundurpettai,2444.0,2073.346765488386,2229.9218924343586,2098.410384654999,2220.017115920782,2155.4240396246314
2022-02-01,Villupuram,Ulundurpettai,2391.0,2043.8171833753584,2202.642380595207,2093.5910737514496,2213.1854978203773,2138.309033885598
2022-04-29,Villupuram,Ulundurpettai,2320.0,2037.4916359782217,2223.5707791149616,2088.1662541627884,2226.2795558571815,2143.8770562782884
2022-01-04,Villupuram,Ulundurpettai,2200.0,1977.0415510237215,2196.1160734295845,2083.53142157197,2195.7635328173637,2113.11314471066
2022-04-06,Villupuram,Ulundurpettai,2050.0,1979.5561613142488,2199.7504711151123,2079.2188541591167,2206.6688787937164,2116.2985913455486
2022-06-09,Villupuram,Ulundurpettai,2166.0,2039.1196469962595,2243.352613300085,2061.843042373657,2256.4091297984123,2150.1811081171036
2022-03-23,Villupuram,Ulundurpettai,2250.0,2019.6211908757684,2234.8549044132233,2040.9737145900724,2260.2814251184464,2138.9328087493777
2022-03-09,Villupuram,Ulundurpettai,950.0,2079.3889348208904,2292.971897125244,2046.946183145046,2298.7356670200825,2179.510670527816
2022-12-01,Dindigul,Vadamadurai,2320.0,2037.0597064495084,2278.785770535469,2077.616139948368,2274.515454173088,2166.9942677766085
2022-12-02,Dindigul,Vadamadurai,2100.0,1975.5771619081495,2244.2412309348583,2067.9884172976017,2239.0131343901157,2131.7049861326814
2023-02-02,Dindigul,Vadamadurai,1799.9999999999998,1991.7112772166727,2250.952016413212,2052.493584603071,2236.3272324204445,2132.87102766335
2022-11-02,Dindigul,Vadamadurai,2320.0,2052.333326637745,2279.6338863670826,2046.603330671787,2264.106087088585,2160.6691576913
2023-02-03,Dindigul,Vadamadurai,1928.9999999999998,1990.8314058184621,2234.5216055214405,2047.692169845104,2229.5550887286663,2125.6500674784184
2022-11-03,Dindigul,Vadamadurai,1999.9999999999998,1977.2158029675481,2212.069478034973,2048.0903254449368,2212.1414662897587,2112.3792681843042
2023-05-04,Dindigul,Vadamadurai,1100.0,2028.4590610861776,2255.092753916979,2045.5354824662206,2248.9024367928505,2144.497433565557
2023-10-04,Dindigul,Vadamadurai,2269.0,2009.2569005489347,2237.6808807253838,2055.6955145299435,2238.590085655451,2135.3058453649282
2023-09-04,Dindigul,Vadamadurai,2250.0,2054.813759326935,2271.90557718277,2070.0246757268906,2266.8945218622684,2165.909633524716
2022-12-05,Dindigul,Vadamadurai,1999.9999999999998,2078.4588734805584,2290.064378976822,2076.4255753159523,2272.3091150820255,2179.3144857138395
2023-01-05,Dindigul,Vadamadurai,2300.0000000000005,2075.482058227062,2290.94371214509,2081.061618924141,2265.863946080208,2178.3378338441253
2023-10-05,Dindigul,Vadamadurai,2200.0,2043.7800455093382,2268.66825863719,2083.0850943922997,2238.805915862322,2158.5848286002874
2022-12-06,Dindigul,Vadamadurai,1959.9999999999998,2057.6768735051155,2276.024112701416,2072.779202014208,2253.06349247694,2164.88592017442
2023-03-06,Dindigul,Vadamadurai,2320.0,2004.0433362126348,2237.9035733640194,2073.4569680690765,2226.757638603449,2135.540379062295
2022-11-07,Dindigul,Vadamadurai,2100.0,1974.5111975073812,2207.1758913993835,2074.1246423125267,2200.4361760616302,2114.0619768202305
2023-11-07,Dindigul,Vadamadurai,2419.0,1962.865516245365,2192.7542892098427,2073.797667622566,2179.990031570196,2102.3518761619925
2022-10-07,Dindigul,Vadamadurai,1999.9999999999998,1989.9394242465494,2194.2142379283905,2052.882052063942,2202.4324709177017,2109.867046289146
2023-08-08,Dindigul,Vadamadurai,2130.0,2045.8845245838163,2224.055858850479,2057.1508882939816,2230.6117686629295,2139.4257600978017
2023-03-08,Dindigul,Vadamadurai,2320.0,2006.4961846172807,2186.760695129633,2069.1699665784836,2199.1647423803806,2115.3978971764445
2022-11-08,Dindigul,Vadamadurai,2200.0,1919.954595863819,2131.4668530225754,2074.7259797155857,2154.4667640328407,2070.1535481587052
2023-09-08,Dindigul,Vadamadurai,1999.9999999999998,1955.428793132305,2162.189825475216,2066.4513671398163,2183.9847742021084,2092.0136899873614
2022-12-09,Dindigul,Vadamadurai,1624.9999999999998,2039.3021069467065,2217.7007088065147,2067.727914005518,2230.421100705862,2138.7879576161504
2023-02-09,Dindigul,Vadamadurai,1100.0,2045.8360838890073,2227.3145720362663,2078.211153149605,2238.1257277727127,2147.371884211898
2022-09-09,Dindigul,Vadamadurai,2200.0,2019.9497802555559,2210.139116346836,2086.09649091959,2218.8210344314575,2133.75160548836
2023-04-10,Dindigul,Vadamadurai,2200.0,2026.629886627197,2216.213848590851,2085.041291117668,2219.494629204273,2136.8449138849974
2022-08-10,Dindigul,Vadamadurai,1999.9999999999998,2027.9842077195642,2221.5481109917164,2079.54179212451,2224.9685622751713,2138.5106682777405
2023-01-10,Dindigul,Vadamadurai,2149.9999999999995,2096.519448310137,2264.303886592388,2075.9355169534683,2258.022070378065,2173.6952305585146
2022-10-10,Dindigul,Vadamadurai,1900.0,2132.359238266945,2281.1553278565407,2075.6930443644524,2267.062987834215,2189.0676495805383
2022-10-11,Dindigul,Vadamadurai,1050.0,2089.124303460121,2252.856004834175,2087.251397818327,2231.775152683258,2165.2517146989703
2023-07-12,Dindigul,Vadamadurai,808.0,2054.2953093349934,2228.225257098675,2094.434749186039,2217.329868376255,2148.5712959989905
2022-10-12,Dindigul,Vadamadurai,1165.0,1973.5166831314561,2167.4105213582516,2088.6985635757446,2171.563638150692,2100.297351554036
2023-10-12,Dindigul,Vadamadurai,2120.0,1995.704674273729,2187.558621019125,2084.755221903324,2198.3327734470367,2116.587822660804
2022-09-12,Dindigul,Vadamadurai,2100.0,1962.4428711831567,2154.205991625786,2087.2316178679466,2168.755154311657,2093.1589087471366
2023-02-13,Dindigul,Vadamadurai,2300.0000000000005,1957.5788871943948,2139.539091140032,2091.1107756197453,2148.349107950926,2084.1444654762745
2022-09-13,Dindigul,Vadamadurai,2300.0000000000005,2011.0775978863237,2145.31443297863,2085.4593612253666,2166.5836656093597,2102.10876442492
2023-08-14,Dindigul,Vadamadurai,1799.9999999999998,2101.4079217612743,2185.8461079001427,2079.491736739874,2209.615687727928,2144.0903635323048
2023-03-14,Dindigul,Vadamadurai,1450.0,2177.1765691041946,2232.0655277371407,2081.275565326214,2247.904827594757,2184.6056224405766
2022-10-14,Dindigul,Vadamadurai,2200.0,2178.7705370783806,2258.3798587322235,2082.212892770767,2265.844973474741,2196.302065514028
2023-09-14,Dindigul,Vadamadurai,2100.0,2130.1628564298153,2251.2526178359985,2093.916164636612,2250.1804637908936,2181.37802567333
2023-02-15,Dindigul,Vadamadurai,2235.0,2076.4286701381207,2235.894495546818,2101.0224145650864,2241.135240495205,2163.6202051863074
2022-08-16,Dindigul,Vadamadurai,2235.0,2081.610075235367,2266.0356414318085,2094.508486688137,2258.127294331789,2175.0703744217753
2023-08-17,Dindigul,Vadamadurai,2540.0,2092.704205363989,2274.0808334946632,2091.6340696811676,2255.935218334198,2178.5885817185044
2022-10-17,Dindigul,Vadamadurai,2100.0,1984.9453231692312,2181.9197204709053,2097.73719355464,2177.196618169546,2110.4497138410807
2022-11-18,Dindigul,Vadamadurai,2250.0,1939.2623840272424,2146.203723400831,2100.0986774265766,2146.1099368333817,2082.918680422008
2022-12-19,Dindigul,Vadamadurai,2460.0,2005.7709197700021,2174.1051599383354,2088.8072860240936,2181.937482059002,2112.6552119478583
2023-07-19,Dindigul,Vadamadurai,1799.9999999999998,1967.299992740154,2128.5283866524696,2092.3217929899693,2153.066827952862,2085.3042500838637
2022-07-20,Dindigul,Vadamadurai,2300.0000000000005,2024.5920135080812,2157.995534092188,2092.178892940283,2181.33775934577,2114.0260499715805
2023-09-20,Dindigul,Vadamadurai,2525.0,2078.491436392069,2176.5563936531544,2091.0420167446136,2199.1740268468857,2136.3159684091806
2023-02-21,Dindigul,Vadamadurai,2100.0,2089.380904585123,2169.4615811109543,2097.003720700741,2209.0948157012463,2141.235255524516
2022-07-21,Dindigul,Vadamadurai,2460.0,2048.244259208441,2156.34195715189,2100.2400973439217,2182.661670446396,2121.871996037662
2022-10-21,Dindigul,Vadamadurai,2300.0000000000005,1988.399817496538,2114.7476817667484,2097.008833885193,2147.638644427061,2086.948744393885
2023-09-21,Dindigul,Vadamadurai,1799.9999999999998,1997.650510072708,2151.105921715498,2089.293442219496,2167.998537570238,2101.512102894485
2022-08-22,Dindigul,Vadamadurai,2200.0,2133.4574964642525,2238.271588087082,2078.8032060861588,2238.9298433065414,2172.3655334860086
2023-08-22,Dindigul,Vadamadurai,1990.0,2176.4008451998234,2281.159095466137,2054.904451072216,2280.540131032467,2198.251130692661
2022-12-22,Dindigul,Vadamadurai,2419.0,2095.7244826853275,2258.1987443566322,2052.969648987055,2260.192751735449,2166.771406941116
2022-07-22,Dindigul,Vadamadurai,2460.0,2045.5731585621832,2254.5339366793633,2043.1481635570524,2259.5976039767265,2150.7132156938314
2022-08-23,Dindigul,Vadamadurai,2255.0,1968.275938183069,2232.0049768686295,2046.3331392407415,2232.0867878198624,2119.6752105280757
2023-08-23,Dindigul,Vadamadurai,2100.0,2033.831537812948,2285.5139139294624,2059.7765085101128,2267.056932747364,2161.544723249972
2022-12-23,Dindigul,Vadamadurai,950.0,2012.2470369935033,2274.3516977131367,2050.7225389778614,2253.5812696814537,2147.725635841489
2022-11-23,Dindigul,Vadamadurai,2460.0,1983.1796598434446,2270.151216685772,2040.0340996682642,2262.483592927456,2138.9621422812343
2022-08-24,Dindigul,Vadamadurai,2450.0,1916.4360521733759,2225.22677809,2036.715104728937,2225.8075281977654,2101.0463657975197
2023-08-24,Dindigul,Vadamadurai,950.0,1939.236548990011,2224.702138453722,2026.5155127644537,2217.0541600883007,2101.877090074122
2022-08-25,Dindigul,Vadamadurai,2200.0,2007.7898202836511,2228.545907586813,2025.238293111324,2229.319478571415,2122.723374888301
2023-01-25,Dindigul,Vadamadurai,1799.9999999999998,2054.7536121308804,2251.06168076396,2066.3299962878227,2252.5030605494976,2156.16208743304
2022-10-25,Dindigul,Vadamadurai,2206.9999999999995,2061.4680306613445,2269.134500324726,2084.621202647686,2269.1102799773216,2171.0835034027696
2023-07-26,Dindigul,Vadamadurai,2460.0,2011.7852357029913,2246.3143581151962,2063.0930814146996,2260.159919708967,2145.3381487354636
2023-10-26,Dindigul,Vadamadurai,2200.0,1962.573661059141,2224.204141199589,2051.7029248178005,2236.732385009527,2118.8032780215144
2023-09-26,Dindigul,Vadamadurai,2460.0,2003.3148419857023,2240.271515995264,2049.042723327875,2238.4109896421432,2132.7600177377462
2023-04-27,Dindigul,Vadamadurai,2105.0,1967.1206276118753,2208.314247727394,2041.1513304710386,2208.760440349579,2106.336661539972
2022-12-27,Dindigul,Vadamadurai,2300.0000000000005,1948.5479269921777,2191.9723756611347,2038.4582969546316,2197.4659541249275,2094.111138433218
2023-01-27,Dindigul,Vadamadurai,2255.0,1961.682352274656,2190.387692153454,2031.6807709634302,2202.636998295784,2096.596953421831
2022-12-28,Dindigul,Vadamadurai,980.0,2065.107272416353,2263.7791123986244,2035.3190708160398,2271.3783809542656,2158.895959146321
2023-03-28,Dindigul,Vadamadurai,2535.0,2048.961046934128,2252.712297439575,2064.9223904311657,2260.3250217437744,2156.730189137161
2022-09-28,Dindigul,Vadamadurai,860.0,2008.6396853625772,2233.9568677544594,2072.1228305995464,2247.165299654007,2140.4711708426476
2022-08-29,Dindigul,Vadamadurai,2200.0,1917.7247092127798,2181.2660402059555,2064.6590614318848,2197.3289746046066,2090.2446963638067
2023-08-29,Dindigul,Vadamadurai,2250.0,1957.719634324312,2203.0187378823757,2055.265334248543,2209.1993668675423,2106.3007683306932
2022-11-29,Dindigul,Vadamadurai,2460.0,2027.8718522191045,2240.271515995264,2049.359606206417,2243.7569585442543,2140.31498324126
2023-09-29,Dindigul,Vadamadurai,2265.0,1977.2063839435575,2193.843935728073,2057.993218153715,2204.535335302353,2108.3947182819247
2022-08-30,Dindigul,Vadamadurai,2070.0,2039.9060009419916,2239.1236060857773,2075.2067536115646,2244.8926237225533,2149.7822460904717
2023-08-30,Dindigul,Vadamadurai,2149.9999999999995,1983.6161643266676,2199.1130723059177,2079.0182289481163,2200.7221107184887,2115.6173940747976
2023-10-30,Dindigul,Vadamadurai,980.0,2002.630213499069,2217.68806040287,2073.897509276867,2216.271842867136,2127.6219065114856
2023-12-06,Dindigul,Vadamadurai,2300.0000000000005,1992.1979716420171,2207.5396002829075,2073.8392458856106,2212.2001333534718,2121.444237791002
2023-12-07,Dindigul,Vadamadurai,2250.0,1989.1012656688688,2192.003727555275,2070.8809995651245,2205.283205807209,2114.3172996491194
2023-12-11,Dindigul,Vadamadurai,1999.9999999999998,2037.1322329342363,2222.928267121315,2065.285695642233,2241.2348130345345,2141.6452521830797
2023-12-14,Dindigul,Vadamadurai,1799.9999999999998,2099.40745562315,2273.4470677375793,2072.028102129698,2274.4867934286594,2179.8423547297716
2023-11-15,Dindigul,Vadamadurai,1999.9999999999998,2099.181668162346,2277.073122859001,2089.3008428812027,2263.461422175169,2182.2542640194297
2023-12-18,Dindigul,Vadamadurai,2200.0,2096.631938368082,2282.239188402891,2092.956635206938,2256.6573883593082,2182.121287584305
2023-11-18,Dindigul,Vadamadurai,2105.0,2067.331238538027,2261.2131011486053,2090.616680532694,2235.1049122214317,2163.5664831101894
2023-12-20,Dindigul,Vadamadurai,2100.0,2008.2329180836675,2223.1852719187737,2082.2817862033844,2208.810764849186,2130.627685263753
2023-11-23,Dindigul,Vadamadurai,2460.0,1980.575299710035,2197.4569387733936,2086.726354509592,2182.373044639826,2111.7829094082117
2023-12-26,Dindigul,Vadamadurai,1330.0,1946.2530490756033,2155.684778392315,2081.5228819847107,2157.80944108963,2085.317537635565
2023-12-27,Dindigul,Vadamadurai,2149.9999999999995,2009.5491594076154,2180.624470114708,2073.3438052237034,2196.142177581787,2114.9149030819535
2023-11-28,Dindigul,Vadamadurai,1929.9999999999998,2052.8575626015663,2199.8168079555035,2074.2910899221897,2213.741758465767,2135.1768047362566
2023-12-29,Dindigul,Vadamadurai,2400.0,1997.384893596172,2160.5402852594852,2090.2911859750748,2178.549055457115,2106.691355071962
2023-11-30,Dindigul,Vadamadurai,1799.9999999999998,1979.7710496187208,2150.309206843376,2089.1345298290253,2171.60144880414,2097.7040587738156
2023-07-04,Nagercoil (Kannyiakumari),Vadaseri,950.0,2024.811476767063,2181.6534312069416,2088.5879573225975,2194.2158526182175,2122.317179478705
2023-07-13,Nagercoil (Kannyiakumari),Vadaseri,2255.0,2036.767043918371,2190.2842174470425,2088.191416412592,2205.0864827632904,2130.082290135324
2023-07-26,Nagercoil (Kannyiakumari),Vadaseri,2400.0,2096.1895133554935,2246.4941269159317,2085.5539551377296,2245.713693499565,2168.48782222718
2023-08-11,Nagercoil (Kannyiakumari),Vadaseri,1450.0,2057.8228683769703,2215.9170147776604,2092.389879077673,2213.809979110956,2144.984935335815
2023-08-14,Nagercoil (Kannyiakumari),Vadaseri,2460.0,2058.2124122977257,2230.8312319219112,2089.0430307388306,2237.13175162673,2153.8046066462994
2023-08-12,Nagercoil (Kannyiakumari),Vadaseri,2250.0,1969.6653787791727,2175.4680927097797,2092.1922141313553,2179.8545321822166,2104.295054450631
2023-01-02,Nagercoil (Kannyiakumari),Vadaseri,2200.0,1979.5209072530267,2187.6575207710266,2086.641717851162,2193.0857042968273,2111.7264625430107
2023-01-03,Nagercoil (Kannyiakumari),Vadaseri,500.0,1999.0342992544172,2189.8111133277416,2085.793736577034,2209.214168190956,2120.9633293375373
2022-12-08,Thiruvannamalai,Vandavasi,1799.9999999999998,1976.3834303617475,2175.6500144302845,2091.4150100946426,2189.3166145682335,2108.191267363727
2022-10-27,Thiruvannamalai,Vandavasi,2260.0,1989.4501732289789,2175.837183892727,2091.34719312191,2176.334508359432,2108.242264650762
2023-03-11,Thiruvannamalai,Vandavasi,2200.0,2068.18971529603,2218.5731795430183,2084.346032589674,2214.049356877804,2146.2895710766315
2022-10-14,Thiruvannamalai,Vandavasi,2700.0,2107.659327983856,2234.155205488205,2092.9708983004093,2225.1709367334843,2164.9890921264887
2022-09-02,Thiruvannamalai,Vandavasi,2489.0,2058.979120850563,2202.0531533658504,2098.5776396095753,2194.7295930981636,2138.584876731038
2023-02-21,Thiruvannamalai,Vandavasi,2260.0,1976.5268686413763,2134.8903991281986,2098.6590468883514,2148.2305628061295,2089.576719366014
2022-08-01,Thiruvannamalai,Vandavasi,2508.0,1995.4716207087038,2152.4517656862736,2092.502100020647,2173.9393851161003,2103.5912178829312
2022-09-14,Thiruvannamalai,Vandavasi,2600.0,1993.214015215635,2144.0337148308754,2093.4160144627094,2180.455465912819,2102.7798026055098
2022-10-13,Thiruvannamalai,Vandavasi,2425.0,2004.1050980985162,2142.960753440857,2096.510971188545,2179.8869605362415,2105.86594581604
2023-03-15,Thiruvannamalai,Vandavasi,2400.0,2056.9197185337543,2201.358298510313,2092.9714365303516,2208.031677007675,2139.8202826455235
2023-03-25,Thiruvannamalai,Vandavasi,2200.0,2069.4140538573265,2225.174838900566,2077.281630039215,2225.3492254018784,2149.3049370497465
2023-04-15,Thiruvannamalai,Vandavasi,2496.0,2114.117952734232,2274.106264859438,2056.1916279792786,2274.0097871422768,2179.6064081788063
2022-11-10,Thiruvannamalai,Vandavasi,2102.0,2108.8871650397778,2286.8851892650127,2052.6869437098503,2287.3191371560097,2183.9446087926626
2022-10-26,Thiruvannamalai,Vandavasi,1999.9999999999998,2036.9221886992452,2256.096149086952,2049.8534321784973,2254.117481261492,2149.2473128065467
2022-11-14,Thiruvannamalai,Vandavasi,2600.0,2065.231468975544,2291.4791163802147,2048.9101842045784,2275.4451118409634,2170.266470350325
2022-12-14,Thiruvannamalai,Vandavasi,2255.0,2019.2595003545282,2276.774943470955,2062.6651886105537,2253.9222383499146,2153.155467696488
2022-10-31,Thiruvannamalai,Vandavasi,2420.0,2039.1904242336748,2308.3192548155785,2059.944436252117,2281.1387772858143,2172.148223146796
2022-10-11,Thiruvannamalai,Vandavasi,1050.0,1947.4694487452505,2258.625426143408,2052.6364846527576,2234.367537200451,2123.2747241854668
2023-02-14,Thiruvannamalai,Vandavasi,2400.0,1920.1842854917047,2240.696852207184,2050.290609449148,2227.5386102497578,2109.6775893494487
2022-08-23,Thiruvannamalai,Vandavasi,950.0,1935.3522780537603,2228.5242438316345,2041.1840279400346,2225.6786221265793,2107.6847929880023
2022-12-26,Thiruvannamalai,Vandavasi,2200.0,2003.330988883972,2250.4528081417084,2027.8904211521146,2254.8821714520454,2134.13909740746
2022-11-25,Thiruvannamalai,Vandavasi,2256.0,2042.9507677257059,2271.804120838642,2031.6764651238916,2276.4563113451004,2155.721916258335
2023-01-27,Thiruvannamalai,Vandavasi,2600.0,2019.8713332414625,2252.528626471758,2052.2182799875736,2263.7515281140804,2147.0924419537187
2022-09-01,Thiruvannamalai,Vandavasi,2750.0,1994.5158588886259,2247.402928173542,2067.0734263956547,2257.9686510562897,2141.740216128528
2022-08-16,Thiruvannamalai,Vandavasi,866.0,2046.3914026319978,2274.5765432715416,2086.4343647658825,2268.7794031202793,2169.0454284474254
2023-03-18,Thiruvannamalai,Vandavasi,2083.0,1981.9757740199564,2228.814080655575,2064.0064576268196,2225.222606807947,2125.0047297775745
2023-02-08,Thiruvannamalai,Vandavasi,2255.0,1961.20453864336,2205.64395442605,2044.715623706579,2203.722338974476,2103.8216139376163
2022-10-12,Thiruvannamalai,Vandavasi,2100.0,2032.6735360920427,2259.278971850872,2049.2366206645966,2246.4147379994392,2146.9009666517377
2022-10-07,Thiruvannamalai,Vandavasi,1900.0,1986.389528661966,2231.0955028235912,2060.5055409669876,2210.4128062725067,2122.100844681263
2022-09-05,Thiruvannamalai,Vandavasi,2300.0000000000005,1980.757490545511,2231.2051671743393,2045.4392738640306,2221.948823183775,2119.837688691914
2022-08-12,Thiruvannamalai,Vandavasi,2420.0,2002.0150166749952,2241.25351652503,2040.0715066492555,2238.2357957959175,2130.3939589112997
2022-09-13,Thiruvannamalai,Vandavasi,2420.0,1995.452648103237,2228.1579783558846,2036.9507148861883,2232.5222158432007,2123.2708892971277
2022-09-30,Thiruvannamalai,Vandavasi,2250.0,1957.4490392208097,2190.807107836008,2044.0091969072816,2193.3127027750015,2096.3945116847754
2022-09-16,Thiruvannamalai,Vandavasi,2750.0,2031.72826975584,2224.9489168822765,2040.855842232704,2225.4642720520496,2130.7493252307177
2022-11-03,Thiruvannamalai,Vandavasi,2570.0,2049.959328919649,2237.861995100975,2072.98251837492,2236.273140311241,2149.2692456766963
2022-10-03,Thiruvannamalai,Vandavasi,2250.0,2024.6917206048963,2224.7507137060165,2066.871859282255,2235.389904975891,2137.926049642265
2023-03-17,Thiruvannamalai,Vandavasi,4945.0,2051.4624705910683,2260.9905430674553,2072.9608546197414,2266.9311214983463,2163.086247444153
2022-09-19,Thiruvannamalai,Vandavasi,950.0,1987.607946693897,2226.1958611011505,2070.3486901521683,2222.472924590111,2126.6563556343317
2022-10-19,Thiruvannamalai,Vandavasi,2300.0000000000005,1959.872284978628,2196.035742610693,2076.7368067801,2191.3102182745934,2105.9887631610036
2022-09-29,Thiruvannamalai,Vandavasi,2420.0,1994.9939416348932,2200.960008352995,2074.038660079241,2196.1119021475315,2116.526128053665
2022-09-20,Thiruvannamalai,Vandavasi,2200.0,1948.1013306975362,2164.0930065512657,2066.031951457262,2175.4406429827213,2088.4167329221964
2022-09-21,Thiruvannamalai,Vandavasi,2255.0,1993.5763785243032,2194.6947427093983,2056.79928958416,2209.1845655441284,2113.5637440904975
2022-12-09,Thiruvannamalai,Vandavasi,1999.9999999999998,2077.149225473404,2254.2776046693325,2060.9891405701637,2256.778086423874,2162.2985142841935
2023-02-28,Thiruvannamalai,Vandavasi,2247.9999999999995,2090.8843153715134,2277.7169804275036,2092.403603941202,2267.2821819782257,2182.071770429611
2023-04-19,Thiruvannamalai,Vandavasi,2500.0,1994.190633445978,2221.764075756073,2092.80525803566,2210.810423642397,2129.892597720027
2023-03-13,Thiruvannamalai,Vandavasi,2400.0,1969.84326377511,2204.4793593883514,2080.1900900900364,2196.8884333968163,2112.8502866625786
2022-08-17,Thiruvannamalai,Vandavasi,2250.0,1984.3768177926538,2197.887926399708,2074.056825339794,2201.2432518601418,2114.3912053480744
2023-03-07,Thiruvannamalai,Vandavasi,750.0,2074.2365941405296,2250.206567943096,2068.996387422085,2251.430771946907,2161.2175803631544
2023-10-18,Thiruvannamalai,Vandavasi,1999.9999999999998,2046.4870730042455,2232.9638335108757,2080.601432323456,2227.9674449563026,2147.00494594872
2022-09-22,Thiruvannamalai,Vandavasi,900.0,2072.0198941230774,2258.210047185421,2076.032802015543,2245.2362835407257,2162.8747567161918
2022-11-07,Thiruvannamalai,Vandavasi,1600.0,2032.291123718023,2232.6443940401077,2086.258094459772,2224.34811770916,2143.8854324817657
2022-12-29,Thiruvannamalai,Vandavasi,2200.0,1993.6339691281316,2208.867144435644,2084.2256036400795,2212.1655520796776,2124.7230673208833
2022-09-09,Thiruvannamalai,Vandavasi,2700.0,2004.0148100256918,2219.8325030505657,2078.6782021820545,2225.8590637147427,2132.0961447432637
2022-09-08,Thiruvannamalai,Vandavasi,1999.9999999999998,2001.904141306877,2200.694795548916,2083.214269578457,2211.1517959833145,2124.241250604391
2022-09-12,Thiruvannamalai,Vandavasi,2750.0,2070.2078084647655,2247.3998333513737,2077.690550237894,2256.0767728090286,2162.8437412157655
2022-09-15,Thiruvannamalai,Vandavasi,1150.0000000000002,2086.2092500925064,2257.283753454685,2087.2878628969193,2247.858001589775,2169.6597170084715
2023-03-14,Thiruvannamalai,Vandavasi,2350.0,2080.645298063755,2259.8929576575756,2097.7202393114567,2251.733257174492,2172.49793805182
2022-09-28,Thiruvannamalai,Vandavasi,2650.0,1980.0626356899736,2190.498298406601,2095.8527159690857,2182.8532803058624,2112.3167325928807
2022-10-10,Thiruvannamalai,Vandavasi,1999.9999999999998,1933.4434455633161,2158.3455181121826,2092.190061211586,2152.1961064636707,2084.043782837689
2022-12-07,Thiruvannamalai,Vandavasi,2200.0,1912.8862911462782,2129.241541326046,2088.807151466608,2136.972407102585,2066.9768477603793
2023-03-30,Thiruvannamalai,Vandavasi,2500.0,1967.6873837411401,2148.5535007715225,2086.919713616371,2165.1164507865906,2092.069262228906
2022-08-25,Thiruvannamalai,Vandavasi,1699.9999999999998,2026.6702538728712,2160.3477334976196,2088.3971548080444,2182.3741210997105,2114.4473158195615
2022-11-21,Thiruvannamalai,Vandavasi,1225.0,2052.626796513796,2178.24535921216,2089.414947628975,2191.574623733759,2127.9654317721725
2022-09-23,Thiruvannamalai,Vandavasi,2255.0,2071.1772951483727,2206.357647329569,2085.0499027967453,2217.3339051008224,2144.9796875938773
2023-03-27,Thiruvannamalai,Vandavasi,2750.0,2093.263829946518,2240.4503428936005,2088.5677736997604,2236.048967540264,2164.5827285200357
2023-01-05,Thiruvannamalai,Vandavasi,2100.0,1987.250965684652,2162.4987694621086,2096.514604240656,2166.0416680574417,2103.0765018612146
2023-02-27,Thiruvannamalai,Vandavasi,2500.0,1998.296386003494,2189.6918953955173,2092.915864288807,2191.92837536335,2118.208130262792
2023-03-02,Thiruvannamalai,Vandavasi,1750.0,1963.796519488096,2189.0873286128044,2095.3710001707077,2169.3079164624214,2104.3906911835074
2022-08-26,Thiruvannamalai,Vandavasi,500.0,1993.0176958441732,2210.956956744194,2086.1605402827263,2198.556542545557,2122.1729338541627
2022-08-24,Thiruvannamalai,Vandavasi,2665.0,1934.126593917608,2181.6084890067577,2090.955899953842,2178.536541610956,2096.306881122291
2022-08-10,Thiruvannamalai,Vandavasi,2247.9999999999995,1946.1279106140134,2187.8232955932617,2071.310237944126,2198.792287260294,2101.013432852924
2023-01-02,Thiruvannamalai,Vandavasi,2635.0000000000005,1926.4465908706186,2178.6314046382904,2048.243855535984,2193.8351894915104,2086.789260134101
2022-09-26,Thiruvannamalai,Vandavasi,2500.0,1952.666462510824,2194.0869465470314,2044.026420265436,2209.066424071789,2099.96156334877
2023-01-03,Thiruvannamalai,Vandavasi,2605.0,1970.9238949418066,2209.522708505392,2054.7610127925873,2221.1426892876625,2114.087576381862
2022-09-27,Thiruvannamalai,Vandavasi,2200.0,1915.8158767223356,2181.6794008016586,2045.4212431609628,2197.5512635707855,2085.1169460639358
2023-03-08,Thiruvannamalai,Vandavasi,2605.0,1944.0787346661089,2203.2725133001804,2041.6186486184595,2222.7997647225857,2102.9424153268337
2022-08-22,Thiruvannamalai,Vandavasi,2719.0,1885.7788783311842,2165.685628950596,2050.5885197222233,2186.050635278225,2072.025915570557
2023-01-21,Thiruvannamalai,Vandavasi,2500.0,1901.9027672708032,2164.3899749219418,2047.509709894657,2193.9922180771828,2076.9486675411463
2023-03-09,Thiruvannamalai,Vandavasi,850.0,1965.9641060233114,2190.7332357764244,2050.6143547594547,2210.3067749738693,2104.404617883265
2023-01-10,Thiruvannamalai,Vandavasi,1050.0,1978.051943182945,2199.9595734477043,2058.4949830174446,2211.3654732704163,2111.9679932296276
2023-03-04,Thiruvannamalai,Vandavasi,1999.9999999999998,1991.3365346193311,2205.9995898604393,2057.9315908253193,2216.7117112874985,2117.994856648147
2023-02-01,Thiruvannamalai,Vandavasi,2605.0,2053.125197440386,2256.1129687726498,2061.2820722162724,2253.116508126259,2155.9091866388917
2023-02-02,Thiruvannamalai,Vandavasi,1750.0,1975.3045484423635,2214.886304438114,2073.9970818161964,2214.273798763752,2119.6154333651066
2023-02-09,Thiruvannamalai,Vandavasi,1699.9999999999998,1957.8855437040327,2212.649689912796,2076.880783289671,2194.006212055683,2110.3555572405457
2022-08-23,Dindigul,Vathlagundu,2800.0,1956.8452797830103,2208.365917801857,2071.011385768652,2182.1265353262424,2104.5872796699405
2022-08-25,Dindigul,Vathlagundu,829.0,2010.1394630968568,2216.832409352064,2069.3491971492767,2194.4163432717323,2122.6843532174826
2022-08-17,Dindigul,Vathlagundu,2246.9999999999995,1958.2485798001287,2172.8002214431763,2071.7639657855034,2167.381860613823,2092.548656910658
2022-08-24,Dindigul,Vathlagundu,2800.0,1929.8814398050306,2151.7606784403324,2074.122354835272,2160.122215151787,2078.9716720581055
2022-08-22,Dindigul,Vathlagundu,2200.0,1989.187786132097,2175.1003471016884,2066.5311597287655,2188.290479183197,2104.777443036437
2022-08-11,Dindigul,Vathlagundu,1999.9999999999998,2033.6435610055921,2203.148182183504,2061.3256688416004,2218.795603066683,2129.228253774345
2022-08-12,Dindigul,Vathlagundu,2289.0,2041.4870513975618,2221.6795736551285,2073.558828085661,2230.191411077976,2141.729216054082
2022-08-10,Dindigul,Vathlagundu,2500.0,1976.4490944147108,2186.169314980507,2081.6893295943737,2191.299453675747,2108.9017981663346
2022-08-16,Dindigul,Vathlagundu,1050.0,1975.9244547784326,2182.456066608429,2081.3955906033516,2187.206753194332,2106.7457162961364
2022-08-18,Dindigul,Vathlagundu,1799.9999999999998,1996.1609587073324,2197.0586486160755,2079.5257797837257,2205.663196146488,2119.6021458134055
2022-08-26,Dindigul,Vathlagundu,2500.0,2017.4184848368166,2210.261294543743,2075.355708748102,2217.2523632645607,2130.0719628483057
2023-06-17,Salem,Vazhapadi,1799.9999999999998,2018.0869664251802,2193.8586024940014,2079.517706334591,2207.8796270489693,2124.8357255756855
2023-06-19,Salem,Vazhapadi,2500.0,2019.4225840270517,2196.70503154397,2079.5351988077164,2206.421158462763,2125.5209932103753
2023-06-20,Salem,Vazhapadi,2180.0,2041.5416817367075,2200.2924686670303,2083.117119073868,2201.3074357807636,2131.5646763145924
2023-06-21,Salem,Vazhapadi,960.0,2020.0887781381605,2178.3792439103127,2088.1484925746918,2184.995435476303,2117.902987524867
2023-06-23,Salem,Vazhapadi,2300.0000000000005,2018.0879083275793,2173.022241294384,2087.876148223877,2186.065032929182,2116.2628326937556
2023-06-24,Salem,Vazhapadi,1600.0,2038.34782525897,2179.4908232986927,2086.03742018342,2203.7230117619038,2126.8997701257467
2022-03-25,Salem,Vazhapadi,2500.0,2029.8515965044496,2180.3674653172493,2087.4709956347942,2203.6895069479942,2125.344891101122
2022-03-26,Salem,Vazhapadi,2200.0,1994.9485957622526,2155.4125685989857,2092.3893408477306,2173.3114053308964,2104.0154776349664
2022-03-28,Salem,Vazhapadi,2865.0,2028.4216541051862,2181.7368568480015,2086.6522133350372,2198.1468150019646,2123.7393848225474
2022-03-29,Salem,Vazhapadi,2255.0,2020.2857702970502,2159.9981531500816,2093.34779381752,2193.398819565773,2116.7576342076063
2022-03-30,Salem,Vazhapadi,850.0,2063.871900141239,2242.3688635230064,2088.4838098287582,2238.914234638214,2158.4097020328045
2022-03-31,Salem,Vazhapadi,2112.9999999999995,2029.6976627409456,2248.903916925192,2085.6844758987427,2232.5824975967407,2149.2171382904053
2022-08-01,Salem,Vazhapadi,2750.0,1972.2616654634473,2227.7921165525913,2075.311439335346,2211.7034816741943,2121.767175756395
2022-07-01,Salem,Vazhapadi,1799.9999999999998,1993.3515329658983,2251.455799639225,2071.6170290112495,2230.3910943865776,2136.7038640007377
2022-08-02,Salem,Vazhapadi,2730.0,1997.5326377153394,2260.2281403541565,2071.7924919724464,2228.9677453041077,2139.6302538365126
2022-07-02,Salem,Vazhapadi,2500.0,1954.3229997158048,2225.6564201414585,2056.67415112257,2201.9970428943634,2109.6626534685493
2022-05-02,Salem,Vazhapadi,1999.9999999999998,1970.4871213436124,2220.468959957361,2038.548585027456,2204.885184764862,2108.597462773323
2022-08-03,Salem,Vazhapadi,2160.0,1999.659722447395,2239.1906157135963,2039.495331496,2227.7446177601814,2126.5225718542933
2022-08-04,Salem,Vazhapadi,1500.0,1980.1814499497411,2244.2157995700836,2039.1550356149671,2238.408836722374,2125.4902804642916
2022-07-04,Salem,Vazhapadi,1799.9999999999998,1971.2118479609487,2260.0526773929596,2048.775626718998,2256.0627788305283,2134.0257327258587
2022-05-04,Salem,Vazhapadi,2500.0,1922.6807305216787,2236.869768202305,2060.318775177002,2221.668539941311,2110.384453460574
2022-04-05,Salem,Vazhapadi,2100.0,1936.0445763170717,2231.294109672308,2057.2208581864834,2209.5626720786095,2108.530554063618
2022-08-05,Salem,Vazhapadi,2255.0,1931.5180625021455,2211.923348605633,2048.7841038405895,2199.9547293782234,2098.045061081648
2022-07-05,Salem,Vazhapadi,1999.9999999999998,2027.576633095741,2261.0513630509377,2048.411917835474,2243.7356984615326,2145.1939031109214
2022-05-05,Salem,Vazhapadi,2405.0,2048.0795608460903,2283.246620297432,2057.659650146961,2258.885794878006,2161.9679065421224
2022-04-06,Salem,Vazhapadi,2789.0,1961.9852411746976,2232.529212832451,2065.2181477844715,2227.057836353779,2121.69760953635
2022-08-06,Salem,Vazhapadi,950.0,1936.8665879964826,2221.8235501646996,2058.7821286916733,2228.252437710762,2111.4311761409044
2022-04-07,Salem,Vazhapadi,1799.9999999999998,1935.4490248858926,2229.7640565037727,2057.294057458639,2230.940358042717,2113.3618742227554
2022-07-07,Salem,Vazhapadi,2730.0,1957.2027990221975,2240.1696559786797,2071.433492600918,2223.449811935425,2123.063939884305
2022-04-08,Salem,Vazhapadi,2160.0,1955.7347768545148,2224.1096818447113,2063.875802308321,2205.3804908692837,2112.2751879692078
2022-08-08,Salem,Vazhapadi,2400.0,1980.1467341184614,2233.373022824526,2046.5005287528036,2222.3921900987625,2120.6031189486384
2022-07-08,Salem,Vazhapadi,1600.0,1974.2119416594503,2227.336235791445,2049.265415966511,2223.4756469726562,2118.5723100975156
2022-07-09,Salem,Vazhapadi,2200.0,1973.6194850504396,2210.3425672650337,2061.386085152626,2203.925251662731,2112.3183472827077
2022-04-11,Salem,Vazhapadi,2092.0,1992.1985098719595,2206.2358728051186,2063.153497725725,2205.3352795541286,2116.730789989233
2022-08-11,Salem,Vazhapadi,2579.0000000000005,1932.8691542148588,2168.2005083560944,2062.3785811662674,2178.0759513378143,2085.381048768759
2022-04-12,Salem,Vazhapadi,2600.0,1980.2714689075945,2207.5280283391476,2064.2952179908752,2213.1632958352566,2116.3145027682185
2022-08-12,Salem,Vazhapadi,2950.0,1979.5367850363252,2194.8544624447823,2073.9476992189884,2192.7193042635918,2110.264562740922
2022-07-12,Salem,Vazhapadi,2600.0,2010.4850067198274,2202.563529908657,2071.1433866620064,2200.7139027118683,2121.22645650059
2023-09-12,Salem,Vazhapadi,2255.0,1999.4224976003168,2191.9850240647793,2069.239398241043,2186.404386907816,2111.762826703489
2022-08-13,Salem,Vazhapadi,2500.0,2083.316802382469,2253.074391633272,2059.0559531748295,2241.6142651438713,2159.2653530836105
2022-07-13,Salem,Vazhapadi,2730.0,2060.4918161034584,2240.6648275256157,2067.2421614825726,2228.3642549812794,2149.1907650232315
2022-07-14,Salem,Vazhapadi,3000.0,2018.5209143161771,2210.953458249569,2066.059535741806,2206.7662984132767,2125.5750516802073
2022-07-15,Salem,Vazhapadi,1050.0,2039.120723456144,2216.42456561327,2071.082297563553,2212.590753734112,2134.8045850917697
2023-09-15,Salem,Vazhapadi,2450.0,2047.5119973719118,2211.3493263721466,2070.619419813156,2216.184918731451,2136.4164155721664
2022-08-16,Salem,Vazhapadi,2245.9999999999995,2071.2912653386593,2229.1477832198143,2074.910996258259,2236.2238922715187,2152.893484272063
2022-07-16,Salem,Vazhapadi,2500.0,2003.0982044339178,2188.6607813835144,2079.943311661482,2195.5460879206657,2116.812096349895
2022-08-17,Salem,Vazhapadi,2460.0,1975.770386457443,2173.7414510548115,2087.9956352710724,2182.5575229525566,2105.016248933971
2022-04-18,Salem,Vazhapadi,1999.9999999999998,1918.016160726547,2124.239366799593,2077.1772134304047,2142.192026525736,2065.40619187057
2022-08-18,Salem,Vazhapadi,2230.0,1996.376250684261,2177.571226209402,2072.770186662674,2188.8165989518166,2108.8835656270385
2022-07-18,Salem,Vazhapadi,1600.0,2018.495617508888,2186.1267948150635,2077.2015683352947,2199.1791400313377,2120.250780172646
2022-04-19,Salem,Vazhapadi,2500.0,1981.2920874357221,2174.104083478451,2083.3407536149025,2179.0886309742928,2104.456388875842
2022-07-19,Salem,Vazhapadi,2600.0,1979.110641479492,2153.9175003767014,2078.6141528189182,2162.895714044571,2093.6345021799207
2023-09-19,Salem,Vazhapadi,2600.0,2027.3320075869558,2160.397923439741,2068.4874910116196,2179.731950312853,2108.9873430877924
2022-04-20,Salem,Vazhapadi,2180.0,2101.016090363264,2182.731236666441,2067.4916310608387,2207.905327528715,2139.7860714048147
2022-08-20,Salem,Vazhapadi,2244.9999999999995,2107.850265055895,2167.0048305392265,2077.0925767719746,2188.5847564041615,2135.1331071928144
2022-07-20,Salem,Vazhapadi,1699.9999999999998,2144.084173887968,2206.3375982642174,2112.498687952757,2218.3159056305885,2170.3090914338827
2023-09-20,Salem,Vazhapadi,2400.0,2067.2122897207737,2177.10363894701,2129.031497091055,2176.5846507251263,2137.4830191209912
2022-04-21,Salem,Vazhapadi,1325.0,2016.2287275493143,2153.7782333791256,2114.52781483531,2141.0808508098125,2106.4039066433907
2022-07-21,Salem,Vazhapadi,2300.0000000000005,2032.1007248759267,2167.5296047329903,2094.6430441737175,2168.9108373224735,2115.796052776277
2022-04-22,Salem,Vazhapadi,900.0,2037.918048650026,2159.449024051428,2088.5902447998524,2177.7808667719364,2115.9345460683107
2022-07-22,Salem,Vazhapadi,3000.0,2024.474410265684,2155.283797085285,2091.888652443886,2178.794488310814,2112.6103370264173
2022-06-22,Salem,Vazhapadi,2244.9999999999995,2057.8602753579617,2181.7445266246796,2091.9208116829395,2194.46451485157,2131.4975321292877
2023-09-22,Salem,Vazhapadi,2450.0,2115.6619998812675,2223.2216024398804,2088.2413372397423,2233.387420475483,2165.1280900090933
2022-04-23,Salem,Vazhapadi,2655.0,2098.736552000046,2224.9651983380318,2096.849114149809,2225.7654117047787,2161.5790690481663
2022-07-23,Salem,Vazhapadi,2610.0,1975.3885123133657,2138.8941571116447,2101.955839842558,2151.345434039831,2091.89598582685
2022-06-23,Salem,Vazhapadi,2500.0,1942.7254900336263,2111.260086297989,2104.7547701001167,2142.8025138378143,2075.3857150673866
2023-09-23,Salem,Vazhapadi,2700.0,1990.1942761242387,2158.0469350516796,2090.9557653963566,2167.438240200281,2101.658804193139
2022-06-24,Salem,Vazhapadi,1699.9999999999998,2067.1308824419975,2201.8597942590714,2076.6414055228233,2204.187638759613,2137.4549302458763
2022-04-25,Salem,Vazhapadi,2700.0,2128.8568414747715,2222.7051708102226,2078.0784794688225,2210.3316681087017,2159.9930399656296
2022-07-25,Salem,Vazhapadi,2180.0,2080.2763414382935,2208.135017156601,2055.41186735034,2187.981266081333,2132.951123006642
2022-06-25,Salem,Vazhapadi,2655.0,2049.8998545110226,2215.146404057741,2023.5049235820768,2195.993087887764,2121.136067509651
2023-09-25,Salem,Vazhapadi,2300.0000000000005,1999.3651761114595,2184.901110678911,2032.7585764229295,2178.5120521485806,2098.8842288404703
2022-04-26,Salem,Vazhapadi,2655.0,2001.9455850124357,2170.3940644860268,2160.74656188488,2177.522112727165,2127.652081027627
2022-07-26,Salem,Vazhapadi,2700.0,1999.6073795855043,2156.2246230244637,2260.8855882287025,2172.5284153223038,2147.3115015402436
2022-04-27,Salem,Vazhapadi,2660.0,1992.9085697233675,2160.362669378519,2130.840622484684,2183.154958188534,2116.816704943776
2022-07-27,Salem,Vazhapadi,2869.0,2011.7390824854372,2194.116280078888,2073.0266532301903,2228.043604493141,2126.731405071914
2022-06-27,Salem,Vazhapadi,2500.0,1962.1847899258134,2169.3009194731712,2056.1415725946426,2203.988493680954,2097.9039439186454
2022-04-28,Salem,Vazhapadi,1250.0,2004.5646119117735,2215.104153007269,2086.50568023324,2239.857213497162,2136.507914662361
2022-07-28,Salem,Vazhapadi,1050.0,2016.659176945686,2242.295933365822,2104.030447155237,2254.4822666049004,2154.3669560179114
2022-06-28,Salem,Vazhapadi,1979.9999999999998,1979.229321181774,2242.829184681177,2066.7842623591423,2249.5839704573154,2134.6066846698523
2022-04-29,Salem,Vazhapadi,810.0,1982.4212938547132,2255.465343594551,2064.0921707451344,2257.5364524126053,2139.878815151751
2022-07-29,Salem,Vazhapadi,1999.9999999999998,1888.7508495151994,2199.8112910985947,2047.0843736827371,2203.8555508852005,2084.875516295433
2022-06-29,Salem,Vazhapadi,2500.0,1964.2392136156557,2242.607568502426,2063.8522547483444,2236.5363347530365,2126.8088429048657
2022-04-30,Salem,Vazhapadi,2326.0,2019.1538727283476,2247.745780646801,2066.7472590506077,2228.9890053868294,2140.6589794531465
2022-07-30,Salem,Vazhapadi,1900.0,2016.668865084648,2226.257622987032,2066.1257380247116,2229.573792219162,2134.6565045788884
2023-10-03,Salem,Vazhapadi,2700.0,2054.0194664895535,2233.477843105793,2077.900998145342,2225.4617154598236,2147.715005800128
2023-10-04,Salem,Vazhapadi,1999.9999999999998,2052.123820632696,2226.531447470188,2039.3099112808702,2220.2184139192104,2134.5458983257413
2023-09-26,Salem,Vazhapadi,2655.0,2131.521483361721,2259.2461398243904,2097.9881432652473,2254.1326862573624,2185.7221131771803
2023-09-27,Salem,Vazhapadi,1699.9999999999998,2114.374553859234,2232.0390199124813,2117.116297185421,2222.7554953098297,2171.5713415667415
2023-10-06,Salem,Vazhapadi,2100.0,2067.38411962986,2213.272152841091,2144.5583544671535,2196.561458706856,2155.44402141124
2023-10-07,Salem,Vazhapadi,2180.0,1998.6779910326002,2172.1804496645927,2090.317424684763,2162.952497303486,2106.0320906713605
2022-06-01,Salem,Vazhapadi,2400.0,1988.5892744362352,2167.4141544103622,2056.6438756883144,2156.0441814363003,2092.172871492803
2022-06-02,Salem,Vazhapadi,1050.0,1979.462778419256,2165.150897502899,2041.1801257729528,2161.0904908180237,2086.721073128283
2022-03-02,Salem,Vazhapadi,2655.0,2024.8731040954588,2173.3213625848293,2028.8368985056875,2185.590045005083,2103.155352547765
2022-06-03,Salem,Vazhapadi,2600.0,1976.977905333042,2141.2341117858887,2042.4873517453668,2164.649670869112,2081.3372599333525
2022-06-04,Salem,Vazhapadi,950.0,2009.3840573728082,2154.716233611107,2096.0484971106052,2181.3459673523903,2110.3736888617277
2022-03-04,Salem,Vazhapadi,2126.0,2027.6466029882429,2170.7250759005547,2126.9219048321247,2197.704389989376,2130.7494934275746
2022-03-05,Salem,Vazhapadi,2500.0,2001.585643738508,2157.9613564908504,2122.6350378990173,2183.2047444581985,2116.3466956466436
2022-06-06,Salem,Vazhapadi,2244.9999999999995,2025.652326494455,2190.8014564216137,2122.4681866168976,2208.630188703537,2136.888039559126
2022-06-07,Salem,Vazhapadi,2655.0,2068.3681385219097,2238.2322973012924,2139.5958743989468,2240.542514771223,2171.684706248343
2022-03-07,Salem,Vazhapadi,3000.0,1949.7173660993574,2168.4502470493317,2095.0691877305508,2172.6041711866856,2096.4602430164814
2022-06-08,Salem,Vazhapadi,2180.0,1977.231546193361,2188.3951649069786,2070.1804932951927,2185.187314450741,2105.2486297115684
2022-03-08,Salem,Vazhapadi,1999.9999999999998,2009.1764351725576,2197.5776368379593,2060.027189105749,2186.3118113577366,2113.2732681185007
2022-03-09,Salem,Vazhapadi,1900.0,2091.2531374394894,2241.94312363863,2055.1541897654533,2231.261412203312,2154.902965761721
2022-06-10,Salem,Vazhapadi,1799.9999999999998,2078.850301206112,2237.22796022892,2068.9234572649,2210.2945302426815,2148.8240622356534
2022-03-10,Salem,Vazhapadi,2500.0,2039.2081858217714,2216.65869563818,2071.6417875885963,2188.599019497633,2129.026922136545
2022-06-11,Salem,Vazhapadi,2655.0,2029.1157016158102,2203.641469925642,2065.4026260972023,2185.020732283592,2120.7951324805617
2022-03-12,Salem,Vazhapadi,1999.9999999999998,2023.0598074197767,2184.438636600971,2057.816813290119,2179.8577615618706,2111.2932547181845
2022-06-13,Salem,Vazhapadi,1900.0,2092.6603396236897,2213.2021829485893,2070.757341235876,2214.785386323929,2147.851312533021
2022-06-14,Salem,Vazhapadi,2655.0,2046.5246145427225,2191.326096057892,2082.643342167139,2183.4289172291756,2125.9807424992323
2022-03-14,Salem,Vazhapadi,2220.0,1946.5716812014577,2120.7738387584686,2086.2416784465313,2126.888400018215,2070.1188996061683
2022-03-15,Salem,Vazhapadi,2700.0,1967.2970324754713,2138.513359427452,2071.3453574478626,2154.563510864973,2082.92981505394
2022-06-16,Salem,Vazhapadi,2500.0,1989.8872159421442,2149.889387488365,2075.0896885991096,2169.212111532688,2096.019600890577
2022-03-16,Salem,Vazhapadi,2550.0,2038.9585816860197,2163.5520854592323,2070.604753047228,2183.373344987631,2114.1221912950277
2022-06-17,Salem,Vazhapadi,2152.9999999999995,2106.5842136740685,2207.942196279764,2070.181300640106,2224.501378685236,2152.3022723197937
2022-03-17,Salem,Vazhapadi,950.0,2037.4466937780378,2174.956505149603,2094.5670191943645,2194.065955579281,2125.2590434253216
2022-06-18,Salem,Vazhapadi,1999.9999999999998,2004.9801254272459,2174.4469359517097,2091.7251650989056,2188.6072275042534,2114.9398634955287
2022-03-18,Salem,Vazhapadi,2600.0,2020.045988857746,2176.352808177471,2087.9905220866203,2187.150373607874,2117.884923182428
2022-03-19,Salem,Vazhapadi,2244.9999999999995,2026.9485187530515,2160.5980104207993,2086.1251516640186,2177.1526178717613,2112.7060746774077
2022-06-20,Salem,Vazhapadi,2400.0,2129.6079413592815,2222.313204854727,2106.0524424910545,2233.8467997312546,2172.9550971090794
2022-05-20,Salem,Vazhapadi,2250.0,2115.4122611880302,2208.9442458748817,2110.27970045805,2224.7180162370205,2164.8385559394956
2022-03-21,Salem,Vazhapadi,1999.9999999999998,2085.6360352039337,2201.79345741868,2124.452909529209,2217.331483066082,2157.3034713044763
2022-05-21,Salem,Vazhapadi,3000.0,2084.736922085285,2228.9260324835777,2122.4208223819733,2231.5726436674595,2166.914105154574
2022-03-22,Salem,Vazhapadi,2655.0,2072.6108705997467,2223.35131585598,2108.1540958583355,2212.668258845806,2154.196135289967
2022-03-23,Salem,Vazhapadi,1799.9999999999998,1989.825992286205,2162.216467857361,2097.7035541832447,2161.135298460722,2102.720328196883
2022-05-23,Salem,Vazhapadi,2500.0,1968.2078520953653,2151.6644698381424,2092.0045064389706,2147.1096989512444,2089.7466318309307
2022-03-24,Salem,Vazhapadi,2292.0,2013.521969169378,2153.090240955353,2085.9866920113564,2152.023469209671,2101.1555928364396
2022-05-24,Salem,Vazhapadi,1250.0,2028.9402386546133,2133.2762475311756,2082.0068852603436,2148.6253544688225,2098.212181478739
2022-05-25,Salem,Vazhapadi,2550.0,2051.597566306591,2135.01701772213,2082.9798704385757,2162.1094946563244,2107.9259872809052
2022-05-26,Salem,Vazhapadi,2790.0,2099.7984796762466,2167.3207715153694,2101.855998188257,2196.2813100218773,2141.3141398504376
2022-05-27,Salem,Vazhapadi,2500.0,2022.2470802068708,2110.587567985058,2110.2696086466312,2153.3402487635612,2099.1111264005303
2022-05-28,Salem,Vazhapadi,2500.0,2017.4867054820058,2124.947811961174,2098.80827113986,2160.785718113184,2100.507126674056
2022-05-30,Salem,Vazhapadi,2380.0,2064.75997954607,2185.3137984871864,2078.192449659109,2196.3187170028687,2131.1462361738086
2022-05-31,Salem,Vazhapadi,2750.0,2057.7839812636375,2178.728016912937,2055.3841485083103,2189.3513303995132,2120.3118692710996
2022-02-01,Salem,Vazhapadi,2800.0,2111.0165372490883,2200.2994656562805,2042.0715691149232,2206.7797541618347,2140.0418315455317
2022-02-02,Salem,Vazhapadi,1999.9999999999998,2143.7110459804535,2228.5940791666508,2046.2703008949754,2228.048179447651,2161.6559013724327
2022-02-03,Salem,Vazhapadi,2380.0,2133.1480142474174,2267.0025715231895,2128.6646933853626,2264.3306635320187,2198.286485671997
2022-02-04,Salem,Vazhapadi,2696.0,1986.374458223581,2205.728725641966,2091.6222286224365,2202.491137981415,2121.5541376173496
2022-02-07,Salem,Vazhapadi,1550.0000000000002,1913.1492164731023,2183.3285373449326,2047.8422014415262,2194.7314769029617,2084.762858040631
2022-01-27,Salem,Vazhapadi,2380.0,1939.8399047553537,2203.6749747395515,2039.4841632246969,2217.134221792221,2100.033316127956
2022-01-28,Salem,Vazhapadi,2094.9999999999995,1911.4031985402105,2190.1745530962944,2047.705625593662,2198.5033923387527,2086.94669239223
2022-01-29,Salem,Vazhapadi,2244.9999999999995,1888.5982613265512,2168.2446432113647,2047.9919639229772,2173.9755810797215,2069.7026123851538
2022-01-31,Salem,Vazhapadi,1050.0,1969.6021367609499,2219.922522008419,2049.071653187275,2215.9063847362995,2113.625674173236
2022-01-03,Salem,Vazhapadi,1999.9999999999998,1953.5758019983766,2207.3910488188267,2063.1892900168896,2207.1775060892105,2107.833411730826
2022-01-05,Salem,Vazhapadi,2180.0,1957.1816734969614,2215.354295372963,2058.9337749779224,2198.122325539589,2107.398017346859
2022-01-06,Salem,Vazhapadi,2500.0,1969.1159805655477,2216.4326390624046,2051.1516427993774,2190.9420689940453,2106.910582855344
2022-01-07,Salem,Vazhapadi,2700.0,2022.6643429696558,2225.792188644409,2035.4727354645727,2210.0659170746803,2123.4987960383296
2022-01-08,Salem,Vazhapadi,2550.0,2053.002346456051,2224.6220767498016,2025.9113496541975,2207.9899641871452,2127.881434261799
2022-01-10,Salem,Vazhapadi,1010.0,2143.4333193302155,2260.983546078205,2036.6744683682916,2248.9745596051216,2172.5164733454585
2022-01-11,Salem,Vazhapadi,1699.9999999999998,2037.162508368492,2200.540861785412,2109.1822496056557,2201.315912902355,2137.0503831654787
2022-01-12,Salem,Vazhapadi,2180.0,1995.4081095755098,2192.0870186388493,2096.4268727600574,2184.9992030858994,2117.230301015079
2022-01-13,Salem,Vazhapadi,2500.0,1978.3015473186967,2181.1332319676876,2077.336125820875,2165.6285765767097,2100.5998704209924
2022-01-19,Salem,Vazhapadi,2102.0,2015.9483097493646,2189.198069423437,2054.851569980383,2182.877769768238,2110.7189297303557
2022-01-20,Salem,Vazhapadi,1750.0,2013.9863270521162,2170.520279407501,2057.034899741411,2181.7869122326374,2105.8321046084166
2022-01-21,Salem,Vazhapadi,2673.0,2023.417326658964,2172.7548755705357,2066.695185303688,2174.112695157528,2109.245020672679
2022-01-22,Salem,Vazhapadi,2300.0000000000005,2000.3622470796106,2154.986559599638,2069.633651673794,2170.293953716755,2098.8191030174494
2022-01-24,Salem,Vazhapadi,2700.0,2048.9809614419937,2200.922197699547,2076.6252586245537,2210.277441442013,2134.2014648020267
2022-01-25,Salem,Vazhapadi,2380.0,1989.503054320812,2173.9626635611057,2081.078573167324,2169.104061871767,2103.4120882302523
2022-10-03,Salem,Vazhapadi,2500.0,1942.2862944006918,2152.7767220139503,2065.7867877185345,2158.6134220659733,2079.8658065497875
2022-10-06,Salem,Vazhapadi,2100.0,1985.1594041287897,2181.66231200099,2059.710037112236,2190.8659094572067,2104.3494156748056
2022-10-07,Salem,Vazhapadi,1849.9999999999998,2001.694366186857,2203.2419687509537,2067.1225398778915,2203.957949131727,2119.0042059868574
2022-10-11,Salem,Vazhapadi,2385.0,2002.2611223161218,2211.097165644169,2070.822467058897,2208.771608620882,2123.2380909100175
2022-10-13,Salem,Vazhapadi,2380.0,1909.9754090607164,2155.3167636692524,2072.032811641693,2162.186596095562,2074.877895116806
2022-10-14,Salem,Vazhapadi,2270.0,1846.6028700768945,2107.8548400104046,2063.4269185364246,2129.1185557842255,2036.7507961019874
2022-10-15,Salem,Vazhapadi,1835.9999999999998,1937.4582372605798,2141.4693182706833,2064.8425978422165,2159.9577859044075,2075.931984819472
2022-09-15,Salem,Vazhapadi,1750.0,2032.6829551160333,2182.1434895694256,2057.1117320656776,2201.190505325794,2118.2821705192327
2022-10-17,Salem,Vazhapadi,750.0,2021.9980143010614,2178.10743778944,2077.1044178307056,2188.0135598778725,2116.30585744977
2022-10-18,Salem,Vazhapadi,2550.0,1985.8355554938314,2159.490736871958,2091.6954278945923,2159.352411776781,2099.0935330092907
2022-09-19,Salem,Vazhapadi,2300.0000000000005,2017.0131976902483,2177.586700320244,2088.4445190429688,2179.9963557720184,2115.76019320637
2022-10-22,Salem,Vazhapadi,2244.9999999999995,2027.789906710386,2181.351215094328,2080.496477484703,2182.202694863081,2117.9600735381246
2022-09-22,Salem,Vazhapadi,2180.0,2097.370255291462,2237.295642644167,2077.048845589161,2232.4667781591415,2161.045380420983
2022-09-23,Salem,Vazhapadi,2025.0000000000002,2044.5419099926946,2211.150988638401,2085.681784749031,2194.13996219635,2133.8786613941193
2022-09-24,Salem,Vazhapadi,2500.0,1980.0820119678972,2170.0592854619026,2082.146286815405,2164.6559950709343,2099.235894829035
2022-10-25,Salem,Vazhapadi,2244.9999999999995,1994.767885059118,2177.046586573124,2077.823358476162,2171.180418431759,2105.2045621350408
2022-10-26,Salem,Vazhapadi,1690.0000000000002,2086.2088464200497,2227.3883095383644,2072.788755595684,2222.67906665802,2152.2662445530295
2023-01-13,Salem,Vazhapadi,2180.0,2076.064288467169,2219.2366825044155,2091.760015487671,2219.8162215948105,2151.7193020135164
2023-01-18,Salem,Vazhapadi,2500.0,2013.0102470517156,2182.0616786181927,2094.9688078463078,2171.9965095818043,2115.509310774505
2023-01-19,Salem,Vazhapadi,2900.0,2015.2694672346113,2174.8251770436764,2091.9964329898357,2170.4781629145145,2113.1423100456595
2023-01-21,Salem,Vazhapadi,1799.9999999999998,2072.963545769453,2201.357087492943,2086.3321010768414,2196.708530038595,2139.340316094458
2022-12-01,Salem,Vazhapadi,2093.0,2088.4757363796234,2210.4830452799797,2088.8067477941513,2194.7866454720497,2145.638043731451
2022-12-02,Salem,Vazhapadi,2890.0,2051.2475822865963,2172.2872883081436,2088.7636893987656,2168.2582335174084,2120.1391983777285
2022-12-03,Salem,Vazhapadi,2500.0,2029.0501721203325,2156.4373584091663,2086.6084821522236,2162.8717628121376,2108.741943873465
2022-12-06,Salem,Vazhapadi,1699.9999999999998,2040.8127838373182,2155.8777338266373,2091.947857737541,2178.67769241333,2116.8290169537067
2022-05-06,Salem,Vazhapadi,1900.0,2006.3134555518625,2147.485383450985,2094.3458066880703,2161.9817996025085,2102.5316113233566
2022-12-07,Salem,Vazhapadi,2500.0,1989.082293063402,2126.354745030403,2091.8166641891003,2150.0040304660797,2089.3144331872463
2022-05-07,Salem,Vazhapadi,1986.9999999999995,2022.6332601904867,2130.23699760437,2092.7050127089024,2157.504130154848,2100.769850164652
2022-12-08,Salem,Vazhapadi,2890.0,2004.344072192907,2115.8191630244255,2092.6151283085346,2150.176802277565,2090.738791450858
2022-05-09,Salem,Vazhapadi,1750.0,1954.206203818321,2079.3209832906723,2093.7155394256115,2120.2200001478195,2061.865681670606
2022-05-10,Salem,Vazhapadi,2550.0,1955.439019501209,2088.417876660824,2093.840139657259,2120.421567261219,2064.529650770128
2022-05-11,Salem,Vazhapadi,2380.0,2023.6838850378988,2120.912971198559,2091.4333099126816,2149.3194019794464,2096.3373920321465
2022-05-12,Salem,Vazhapadi,2244.9999999999995,1963.2764548063276,2075.3970178961754,2101.9388855993748,2111.681789457798,2063.073536939919
2022-05-13,Salem,Vazhapadi,2100.0,2021.6589294373987,2128.6933541297913,2098.240303993225,2159.807485193014,2102.1000181883574
2022-05-16,Salem,Vazhapadi,1999.9999999999998,2027.843460589647,2138.594228476286,2101.8912522494793,2162.778649032116,2107.776897586882
2022-05-18,Salem,Vazhapadi,2900.0,2052.58952409029,2168.2077744603157,2100.6951707601547,2180.8795911073685,2125.5930151045322
2022-05-19,Salem,Vazhapadi,1799.9999999999998,2053.6696170270443,2171.003071665764,2101.1327517032623,2172.9133842885494,2124.679706171155
2022-11-25,Salem,Vazhapadi,2500.0,2031.961457878351,2170.250357091427,2101.1112225055695,2161.308204829693,2116.15781057626
2022-11-26,Salem,Vazhapadi,2769.0,2047.237365543842,2163.239104747772,2098.8350480794907,2163.590030670166,2118.225387260318
2022-11-28,Salem,Vazhapadi,2700.0,2045.501035749912,2154.1884991526604,2096.1058185994625,2172.8505459427834,2117.1614748612046
2022-05-14,Salem,Vazhapadi,2149.9999999999995,2024.4154740869997,2129.4783625006676,2100.9601144492626,2149.0368312597275,2100.9726955741644
2022-09-08,Salem,Vazhapadi,3000.0,2039.2021307349203,2171.7353335022926,2094.222417473793,2159.2502826452255,2116.102541089058
2022-09-09,Salem,Vazhapadi,3000.0,2099.8739664256573,2203.6557330191135,2069.402616471052,2189.4969215989113,2140.6073093786836
2022-09-10,Salem,Vazhapadi,2500.0,2177.1853153407574,2238.6398719251156,2053.2343235611916,2224.1731929779053,2173.3081759512424
2022-09-12,Salem,Vazhapadi,1500.0,2152.4953623116016,2254.6612280607224,2036.5451586246488,2243.581630140543,2171.820844784379
2022-09-13,Salem,Vazhapadi,2520.0,2108.962113559246,2272.041480243206,2041.5214981138704,2271.773710846901,2173.574700690806
2022-09-14,Salem,Vazhapadi,1799.9999999999998,2027.3108820617197,2263.0036576092243,2096.3312023878098,2268.713066279888,2163.8397020846605
2023-09-01,Salem,Vazhapadi,2465.0,1991.7835345864294,2252.076109647751,2094.4218316674232,2237.078870534897,2143.840086609125
2023-09-02,Salem,Vazhapadi,2380.0,1946.6561833024023,2214.876347184181,2070.222744345665,2193.747458010912,2106.37568321079
2023-09-04,Salem,Vazhapadi,2168.9999999999995,1898.9239336550233,2163.6239391565323,2038.9486244320867,2151.191231161356,2063.1719321012497
2023-09-11,Salem,Vazhapadi,1750.0,1885.5364057421682,2145.9942173957825,2026.5282957255838,2146.63457646966,2051.1733738332987
2023-08-23,Salem,Vazhapadi,1699.9999999999998,1924.5018315315244,2158.8156619668007,2023.2790015637872,2172.2552636265755,2069.712939672172
2023-08-25,Salem,Vazhapadi,2149.9999999999995,1946.5776017308233,2167.7069514989853,2070.899164825678,2179.075982570648,2091.0649251565337
2023-08-26,Salem,Vazhapadi,2465.0,1958.8009382784364,2169.5063887536526,2070.08832141757,2168.569464981556,2091.741278357804
2023-08-28,Salem,Vazhapadi,2500.0,1909.716385900974,2136.1839002370834,2037.9350028932092,2144.3495212495327,2057.0462025702
2023-08-29,Salem,Vazhapadi,1849.9999999999998,1974.037286043167,2161.6563050448895,2016.864780783653,2173.555896282196,2081.5285670384765
2023-08-30,Salem,Vazhapadi,2168.9999999999995,2045.2277494966982,2196.369848847389,2051.382408887148,2196.389494240284,2122.34237536788
2023-08-02,Salem,Vazhapadi,1999.9999999999998,2034.080065488815,2185.024634450674,2097.482745349407,2188.9874869585037,2126.39373306185
2023-07-03,Salem,Vazhapadi,2465.0,2080.1572580635548,2224.0014976263046,2116.0581371188164,2224.573232382536,2161.197531297803
2023-08-04,Salem,Vazhapadi,1100.0,1982.9509121179578,2191.3088726997375,2097.5959081947803,2190.6122685968876,2115.616990402341
2023-08-05,Salem,Vazhapadi,2275.0,1959.6879412233827,2199.927548766136,2065.807509571314,2200.7955791056156,2106.554644666612
2023-06-09,Salem,Vazhapadi,1450.0,2006.919771581888,2247.938870638609,2072.4284106492996,2237.302639633417,2141.1474231258035
2023-06-10,Salem,Vazhapadi,1649.9999999999998,1963.7108063697813,2225.13056948781,2062.3192413151264,2217.9983499646187,2117.289741784334
2023-06-13,Salem,Vazhapadi,2500.0,1954.6735219657419,2211.936804354191,2059.745022058487,2211.4061096310616,2109.4403645023704
2023-06-27,Salem,Vazhapadi,1500.0,1998.2097309827802,2222.49943241477,2057.3776176571846,2215.7334783673286,2123.455064855516
2023-07-31,Salem,Vazhapadi,2700.0,2039.013346582651,2241.9497169554234,2055.386435985565,2241.352954506874,2144.4256135076284
2022-03-01,Salem,Vazhapadi,2275.0,2019.5880897343156,2225.592370778322,2063.870016336441,2209.310376793146,2129.5902134105563
2022-02-08,Salem,Vazhapadi,1000.0,2100.5849681794643,2267.8405955433846,2081.6390050947666,2248.7320870161057,2174.6991639584303
2022-02-09,Salem,Vazhapadi,2169.9999999999995,1997.3408932983873,2195.8197778463364,2110.7926335930824,2183.731806129217,2121.921277716756
2022-02-15,Salem,Vazhapadi,1799.9999999999998,1934.1965638101099,2157.1342316269875,2079.014192223549,2153.9824916422367,2081.081869825721
2022-02-16,Salem,Vazhapadi,2149.9999999999995,1935.6168180704115,2154.7201357781887,2071.081893891096,2145.6562089920044,2076.768764182925
2022-02-17,Salem,Vazhapadi,2670.9999999999995,1961.184624135494,2150.564866065979,2059.4080901145935,2136.763573884964,2076.9802885502577
2022-02-18,Salem,Vazhapadi,2380.0,1997.2722689807413,2145.1432758569717,2048.061395585537,2158.4173718094826,2087.223578058183
2022-02-19,Salem,Vazhapadi,2900.0,2085.5251598358154,2197.457746118307,2060.082088559866,2209.5096564292908,2138.14366273582
2022-02-21,Salem,Vazhapadi,2465.0,2080.315901339054,2202.0290675759315,2101.31184771657,2206.347690075636,2147.501126676798
2022-02-22,Salem,Vazhapadi,1699.9999999999998,1976.424335837364,2152.4403282999992,2074.8126347362995,2162.7089482545853,2091.596561782062
2022-02-23,Salem,Vazhapadi,2149.9999999999995,1953.6043281853197,2149.782010614872,2071.959746927023,2152.930386662483,2082.0691180974245
2022-02-24,Salem,Vazhapadi,2275.0,1926.1860875785349,2124.626488685608,2071.1306037008762,2130.1088988780975,2063.013019710779
2022-02-25,Salem,Vazhapadi,2100.0,2006.5062764286993,2173.3613261580467,2073.462215811014,2175.0233802199364,2107.088299654424
2022-02-26,Salem,Vazhapadi,2700.0,2028.9931197464464,2178.7339374423027,2086.9786497950554,2178.0999025702477,2118.201402388513
2022-02-28,Salem,Vazhapadi,2500.0,1989.493769854307,2146.680056899786,2090.1488241553307,2143.9484053850174,2092.5677640736103
2022-10-12,Salem,Vazhapadi,2500.0,2030.7038836181162,2175.2840180695057,2076.967034637928,2181.792429089546,2116.186841353774
2022-11-02,Salem,Vazhapadi,3000.0,2042.7793414890764,2186.595862209797,2078.007702231407,2189.3511958420277,2124.183525443077
2022-11-03,Salem,Vazhapadi,1600.0,2053.181307911873,2193.1321266293526,2074.1860005259514,2198.5823775827885,2129.7704531624913
2022-11-04,Salem,Vazhapadi,2900.0,2054.1755531728268,2181.411093175411,2074.9475958943367,2196.406448483467,2126.7351726815104
2022-11-05,Salem,Vazhapadi,550.0,2080.2082553505898,2199.4415271282196,2082.78032168746,2208.4372332692146,2142.716834358871
2022-11-07,Salem,Vazhapadi,1500.0,2052.1598820388317,2192.2585794329643,2096.6397427022457,2193.217570632696,2133.5689437016845
2022-11-09,Salem,Vazhapadi,2500.0,2055.052329748869,2204.478552043438,2085.3179413080215,2202.568373978138,2136.8542992696166
2022-11-12,Salem,Vazhapadi,1500.0,2031.1841192841528,2177.809796631336,2094.4091832637787,2185.7484191656113,2122.28787958622
2022-10-27,Salem,Vazhapadi,2285.0,2068.6488254368305,2197.8284519910812,2097.5672474503517,2215.368020236492,2144.853136278689
2022-10-29,Salem,Vazhapadi,1750.0,1997.1490143239496,2149.3451024591923,2106.208798289299,2170.180656313896,2105.7208928465843
2022-10-31,Salem,Vazhapadi,2500.0,1999.0598651766775,2147.682644724846,2098.808943927288,2170.435642749071,2103.9967741444707
2022-11-11,Salem,Vazhapadi,2600.0,2060.577260106802,2180.007120370865,2112.777356505394,2198.602695763111,2137.991108186543
2022-11-14,Salem,Vazhapadi,1510.0,1993.3793863654134,2134.5225189626217,2114.5650872588158,2152.5059923529625,2098.7432462349534
2022-11-16,Salem,Vazhapadi,2300.0000000000005,2004.6278539299963,2149.049748778343,2119.3286913633347,2169.699344187975,2110.6764095649123
2022-11-18,Salem,Vazhapadi,2800.0,1953.899278193712,2114.1027477383614,2099.2517726123333,2136.019201874733,2075.818250104785
2022-11-19,Salem,Vazhapadi,3000.0,1985.858161151409,2118.2694548368454,2093.3537143468857,2141.5520711243153,2084.758350364864
2022-11-21,Salem,Vazhapadi,2285.0,2025.0966040790079,2137.746516317129,2085.780953615904,2161.521478444338,2102.5363881140947
2022-12-10,Salem,Vazhapadi,2850.0,1993.0338427424429,2093.8548064231873,2087.6678532361984,2130.5499783158302,2076.2766201794147
2022-12-13,Salem,Vazhapadi,1949.9999999999995,1950.7622049748895,2054.3885576725006,2088.237838745117,2106.2058380246162,2049.898609854281
2022-12-14,Salem,Vazhapadi,1500.0,2026.10551610589,2120.0984947383404,2087.8287839889526,2159.6130496263504,2098.4114611148834
2022-12-15,Salem,Vazhapadi,2500.0,2061.0449819266796,2138.9128606021404,2119.5069800317287,2174.628319442272,2123.5232855007052
2022-12-16,Salem,Vazhapadi,2285.0,2082.2028009593487,2161.525918841362,2131.2885643541813,2189.191072434187,2141.0520891472697
2022-12-17,Salem,Vazhapadi,2596.0,1987.735910862684,2094.000532180071,2121.0255958139896,2132.2779655456543,2083.7600011005998
2022-12-20,Salem,Vazhapadi,2500.0,1962.8659199178217,2083.473965525627,2113.985548168421,2131.7849469184875,2073.0275951325893
2022-12-24,Salem,Vazhapadi,2285.0,2005.6849375367162,2163.478078842163,2091.0623349249363,2176.3744719326496,2109.1499558091164
2023-07-04,Salem,Vazhapadi,1779.9999999999998,1980.0659996271131,2175.891006886959,2083.8507264852524,2171.7148807644844,2102.8806534409523
2023-07-06,Salem,Vazhapadi,1799.9999999999998,1992.2858376801012,2187.50183776021,2072.9650259017944,2168.974213898182,2105.431728810072
2023-07-07,Salem,Vazhapadi,1949.9999999999995,1999.8413750529287,2188.6693930625916,2053.357039988041,2178.2195241749287,2105.0218330696225
2023-08-08,Salem,Vazhapadi,2285.0,2049.854104965925,2235.1283252239227,2037.914550155401,2227.9085087776184,2137.701372280717
2023-07-08,Salem,Vazhapadi,1200.0,1934.5558322966097,2189.2617151141167,2046.3767358660696,2182.625070810318,2088.2048385217786
2023-07-10,Salem,Vazhapadi,2275.0,1945.018349587917,2208.20902377367,2046.6181319952009,2206.9514495134354,2101.699238717556
2023-07-11,Salem,Vazhapadi,2114.9999999999995,2010.3485654294489,2257.0077760517597,2090.2434180676937,2249.9961200356483,2151.8989698961377
2023-08-12,Salem,Vazhapadi,2800.0,1941.6898010671136,2221.9686031341553,2084.538180679083,2208.723840713501,2114.2301063984632
2023-07-13,Salem,Vazhapadi,2635.0000000000005,1958.1324566900728,2224.5647552609444,2042.5474989414213,2206.5884134173393,2107.9582810774446
2023-08-14,Salem,Vazhapadi,1750.0,2004.2018449306486,2223.9235888421535,2035.0412096083162,2224.2142330110073,2121.8452190980315
2023-07-14,Salem,Vazhapadi,2100.0,2012.147060781717,2217.984086871147,2086.726354509592,2208.7756453454494,2131.4082868769765
2023-07-15,Salem,Vazhapadi,2085.0,2071.7081244289875,2232.312306165695,2094.8630456626415,2207.5690683722496,2151.6131361573935
2023-08-16,Salem,Vazhapadi,2285.0,1995.5810159444807,2185.8027803897858,2077.803443968296,2171.5477603673935,2107.683750167489
2023-07-17,Salem,Vazhapadi,2800.0,1903.9492520689962,2130.721000880003,2051.6874507069588,2133.1079161167145,2054.866404943168
2023-08-18,Salem,Vazhapadi,1900.0,1955.2710917592046,2152.437906265259,2029.5710441470144,2159.8210754990578,2074.275279417634
2023-07-18,Salem,Vazhapadi,2275.0,2024.620270580053,2174.325565099716,2035.5517207086084,2195.7164376974106,2107.553498521447
2023-08-19,Salem,Vazhapadi,2450.0,2132.20745742321,2239.8765897750854,2156.983258128166,2251.9603902101517,2195.2569238841534
2023-07-20,Salem,Vazhapadi,800.0,1992.7144032716749,2176.6025468707085,2116.497332751751,2184.1431483626366,2117.4893578141928
2023-08-21,Salem,Vazhapadi,3125.0,1938.9025773108003,2168.574847280979,2073.462888598442,2170.5590319633484,2087.8748362883925
2023-07-21,Salem,Vazhapadi,3200.0,2005.1487259566782,2200.3071354329586,2070.0885905325413,2193.4981229901314,2117.2606437280774
2023-07-22,Salem,Vazhapadi,2235.0,2026.383915543556,2202.932082861662,2087.3029333353043,2188.926801532507,2126.3864333182573
2023-07-24,Salem,Vazhapadi,650.0,2058.2151034474373,2178.6038203537464,2126.573804616928,2179.944820255041,2135.8343871682882
2023-07-25,Salem,Vazhapadi,1125.0,2119.420997798443,2193.5882765054703,2171.0438425838947,2198.898453116417,2170.737892501056
2023-07-26,Salem,Vazhapadi,3100.0000000000005,2108.072823137045,2211.3618402183056,2212.1909834444523,2220.1026944816113,2187.9320853203535
2023-07-27,Salem,Vazhapadi,2149.9999999999995,2091.1161579191685,2218.6742322146893,2163.8034388422966,2215.1242020726204,2172.1795077621937
2023-07-28,Salem,Vazhapadi,2149.9999999999995,2029.1599710285661,2210.541981458664,2114.7848196327686,2196.84295296669,2137.8324312716722
2023-07-29,Salem,Vazhapadi,1799.9999999999998,1979.3292973935602,2179.7958651185036,2093.188746869564,2175.9973073005676,2107.077804170549
2022-09-01,Salem,Vazhapadi,2285.0,1987.2921402752397,2178.9819268882275,2070.0615444779396,2163.045072853565,2099.845171123743
2022-09-02,Salem,Vazhapadi,1900.0,1985.5910645425317,2151.8443731963634,2070.3457298874855,2141.4311039447784,2087.30306789279
2022-09-03,Salem,Vazhapadi,2700.0,1993.6786422133443,2144.197471290827,2058.1127052009106,2150.494896173477,2086.62092871964
2022-09-05,Salem,Vazhapadi,2800.0,1996.501389145851,2138.013343811035,2060.209783613682,2147.2700914740562,2085.498652011156
2022-09-07,Salem,Vazhapadi,2543.0,2061.932253986597,2164.738882482052,2057.284503877163,2181.6035103797913,2116.389787681401
2023-04-12,Salem,Vazhapadi,3000.0,2100.0346280634403,2178.1256030499935,2086.706170886755,2208.3731839060783,2143.309896476567
2023-04-13,Salem,Vazhapadi,1699.9999999999998,2114.557013809681,2190.2239356935024,2141.8620915710926,2212.2371366620064,2164.7200444340706
2023-04-15,Salem,Vazhapadi,2700.0,2091.375181078911,2187.5536423921585,2174.6483685076237,2191.644459068775,2161.305412761867
2023-04-17,Salem,Vazhapadi,1900.0,2037.077198922634,2159.8237666487694,2122.2270596027374,2151.7349779605865,2117.715750783682
2022-08-22,Salem,Vazhapadi,3100.0000000000005,2040.900380760431,2157.5771948695183,2099.532863199711,2165.266347825527,2115.819196663797
2022-08-23,Salem,Vazhapadi,3200.0,2100.7837095856667,2185.355376750231,2116.7710226774216,2192.4785809218884,2148.847172483802
2022-08-24,Salem,Vazhapadi,2500.0,2094.268974363804,2175.628619790077,2115.229532122612,2180.9277626872063,2141.513722240925
2022-08-27,Salem,Vazhapadi,2050.0,2152.592781931162,2197.60562479496,2161.4920103549957,2207.870342582464,2179.8901899158955
2022-08-29,Salem,Vazhapadi,2800.0,2096.4753134548664,2158.9864154160023,2150.308937728405,2174.4937619566917,2145.0661071389914
2022-08-30,Salem,Vazhapadi,1110.0,2059.7964230179787,2161.773773729801,2126.8383446335793,2172.078320533037,2130.121715478599
2023-02-25,Salem,Vazhapadi,2100.0,2000.5071654915807,2125.790007263422,2099.7609381377697,2145.261821001768,2092.829982973635
2023-06-07,Salem,Vazhapadi,2810.0,2045.9219315648077,2158.727661371231,2116.7153158783913,2171.8225267529488,2123.2968588918447
2023-06-01,Salem,Vazhapadi,1849.9999999999998,2046.376601308584,2137.5722643733025,2108.6425395309925,2160.8929604291916,2113.3710914105177
2023-06-02,Salem,Vazhapadi,2700.0,2078.4405736625195,2154.1018441319466,2088.087134361267,2169.3668526411057,2122.4991011992097
2023-06-03,Salem,Vazhapadi,1900.0,2070.1004315912724,2139.8649893701077,2105.187372416258,2152.5514727830887,2116.9260665401816
2023-01-28,Salem,Vazhapadi,2345.0,2100.7477827370167,2149.7633071243763,2122.984349131584,2169.7796750068665,2135.818778499961
2023-01-24,Salem,Vazhapadi,2122.0,2065.496681779623,2104.5752704143524,2125.550091266632,2138.3537742495537,2108.4939544275403
2023-01-27,Salem,Vazhapadi,3100.0000000000005,2040.1234458386896,2089.1318386793137,2126.667860299349,2125.3331845998764,2095.314082354307
2022-04-09,Salem,Vazhapadi,1510.0,2083.197180777788,2117.595456391573,2155.1201751828194,2147.762840986252,2125.918913334608
2023-01-30,Salem,Vazhapadi,2650.0,2127.4664589762688,2147.5070472061634,2160.1010896265507,2181.152608245611,2154.0568010136485
2023-01-31,Salem,Vazhapadi,2800.0,2040.2205963432787,2099.31124702096,2144.2852027714252,2132.8012596070766,2104.154576435685
2023-05-02,Salem,Vazhapadi,2700.0,2023.1830620765684,2107.0643147826195,2106.8340869247913,2137.143295109272,2093.556189723313
2023-02-04,Salem,Vazhapadi,3040.0,2031.6484771668909,2101.4293164014816,2093.3861427009106,2131.97211638093,2089.6090131625533
2023-02-11,Salem,Vazhapadi,2800.0,2013.9734095335004,2075.9645813703537,2087.4522921442986,2120.1228496432304,2074.378283172846
2023-02-02,Salem,Vazhapadi,2345.0,2068.4060837328434,2102.546950876713,2090.493829548359,2144.478023648262,2101.4812219515443
2023-01-03,Salem,Vazhapadi,2345.0,2056.3142098486423,2072.442135512829,2102.457739263773,2125.749236345291,2089.240830242634
2023-01-04,Salem,Vazhapadi,2560.0000000000005,2014.3482866883276,2033.4212720394132,2138.71802136302,2098.6574321985245,2071.2862530723214
2023-01-05,Salem,Vazhapadi,3000.0,2024.910241961479,2042.956150025129,2151.746684461832,2114.7316694259644,2083.586186468601
2023-01-06,Salem,Vazhapadi,750.0,2053.12385186553,2094.4397278130054,2118.514214903116,2138.5959777235985,2101.1684430763125
2023-01-07,Salem,Vazhapadi,3100.0000000000005,2072.954934090376,2131.7416194081306,2083.2413156330585,2151.344223022461,2109.8205230385065
2023-03-25,Salem,Vazhapadi,2145.0,2112.6909705996513,2177.337096184492,2052.793244123459,2183.208377510309,2131.507422104478
2023-01-02,Salem,Vazhapadi,2180.0,2071.533468812704,2171.2607492506504,2062.4834014475346,2184.8615507781506,2122.53479257226
2023-05-03,Salem,Vazhapadi,2900.0,2041.100198626518,2186.063149124384,2084.190215021372,2182.329717129469,2123.4208199754357
2023-05-04,Salem,Vazhapadi,2700.0,2084.0434128046036,2223.3359763026237,2172.500158250332,2212.7830363810062,2173.1656459346414
2023-04-18,Salem,Vazhapadi,2149.9999999999995,2100.898756235838,2236.9095972180367,2156.864309310913,2231.898676455021,2181.642834804952
2023-04-21,Salem,Vazhapadi,2345.0,2115.9225031733513,2240.127808600664,2150.4255990684032,2246.078344285488,2188.1385637819767
2023-05-23,Salem,Vazhapadi,2425.0,2074.2083370685577,2219.265343248844,2201.3745799660683,2225.2871944010258,2180.033863671124
2023-04-24,Salem,Vazhapadi,2345.0,2070.415834337473,2195.1670394837856,2217.2235679626465,2212.129221558571,2173.733915835619
2023-04-25,Salem,Vazhapadi,2345.0,2028.712971061468,2170.948172211647,2176.8700471520424,2184.9064929783344,2140.359420850873
2023-05-25,Salem,Vazhapadi,2275.0,1940.3735597431657,2125.081831216812,2100.240904688835,2139.522944241762,2076.304809972644
2023-04-26,Salem,Vazhapadi,1799.9999999999998,2003.3856192231176,2181.4947879314423,2147.2472167015076,2189.976753592491,2130.5260943621397
2023-05-26,Salem,Vazhapadi,2900.0,1965.5557240545747,2172.776270210743,2127.8273421525955,2168.1112967431545,2108.567658290267
2023-04-27,Salem,Vazhapadi,2810.0,1994.2079913616178,2181.0722774267197,2077.3705725371838,2173.622636795044,2106.5683695301414
2022-12-27,Salem,Vazhapadi,1000.0,1993.9842222630975,2176.5620450675488,2033.0773431062696,2180.134411752224,2095.939505547285
2023-05-27,Salem,Vazhapadi,2200.0,2063.1610329449177,2212.1691851317883,2047.0932544767854,2226.873761713505,2137.324308566749
2023-04-28,Salem,Vazhapadi,3000.0,2065.679545402527,2217.937260866165,2079.7869558632374,2230.4040119051933,2148.4519435092807
2022-12-29,Salem,Vazhapadi,1949.9999999999995,2078.6002933979034,2213.5084357857704,2085.2528154850006,2206.7989958822727,2146.040135137737
2023-05-29,Salem,Vazhapadi,2700.0,2130.5674707889557,2212.7095679938793,2190.504757165909,2197.3792991042137,2182.7902737632394
2023-05-30,Salem,Vazhapadi,2106.0,2155.1450683176517,2220.689634233713,2186.805637329817,2205.7536187767982,2192.098489664495
2022-12-31,Salem,Vazhapadi,2700.0,2126.670955121517,2194.537041336298,2213.8200709223747,2195.180360674858,2182.552107013762
2023-03-02,Salem,Vazhapadi,2149.9999999999995,2093.098055124283,2168.075908124447,2184.5391510427,2168.790408372879,2153.625880666077
2023-03-04,Salem,Vazhapadi,2428.0,2077.6563726365566,2168.261866569519,2180.4780715703964,2167.993155270815,2148.5973665118217
2023-03-06,Salem,Vazhapadi,2400.0,2092.6899422705173,2164.1382178664207,2181.928197592497,2182.3773504793644,2155.2834270522
2023-02-14,Salem,Vazhapadi,1699.9999999999998,2073.6945965886116,2155.4896700382233,2170.314406454563,2169.9968507885933,2142.373880967498
2023-02-15,Salem,Vazhapadi,2345.0,2052.647922039032,2154.8631703853607,2179.2359714210033,2157.608143091202,2136.0888017341495
2023-02-16,Salem,Vazhapadi,2050.0,1977.03307390213,2100.652785152197,2111.553152501583,2113.576627969742,2075.703909881413
2023-02-18,Salem,Vazhapadi,2700.0,1952.765900492668,2086.907603442669,2092.4862222373486,2108.7570479512215,2060.2291935309768
2023-11-16,Salem,Vazhapadi,3100.0000000000005,1999.158495813608,2111.022457778454,2072.0973992347717,2136.2813198566437,2079.6399181708694
2023-11-17,Salem,Vazhapadi,2345.0,2049.963500201702,2135.95474883914,2105.665858834982,2167.256722152233,2114.7102075070143
2023-11-18,Salem,Vazhapadi,2275.0,2047.951327562332,2127.7969321608543,2141.702910065651,2161.8563920259476,2119.8268904536963
2023-11-03,Salem,Vazhapadi,1849.9999999999998,2103.815962523222,2185.4013954102993,2176.3447347283363,2202.5812914967537,2167.035846039653
2023-11-04,Salem,Vazhapadi,1300.0,2041.7813286185262,2182.881268262863,2131.697215437889,2175.714332908392,2133.0185363069177
2023-11-08,Salem,Vazhapadi,2389.0,2026.6053971648214,2193.2181088626385,2097.5205560028553,2187.37669929862,2126.180190332234
2023-11-10,Salem,Vazhapadi,2200.0,2051.8327727913857,2226.9348508119583,2117.818014472723,2218.042215704918,2153.656963445246
2023-11-14,Salem,Vazhapadi,2100.0,2012.2843094170091,2193.8303454220295,2089.158346503973,2190.5096012353897,2121.4456506446004
2023-11-01,Salem,Vazhapadi,2950.0,2035.5265584588049,2203.284219801426,2079.168125987053,2196.151192933321,2128.5325242951512
2023-10-09,Salem,Vazhapadi,2600.0,2069.11466345191,2207.7269043028355,2079.6131075918674,2193.7120693922043,2137.5416861847043
2023-10-10,Salem,Vazhapadi,1300.0,2081.0935090482235,2216.4504006505013,2106.196553558111,2211.9937221705914,2153.933546356857
2023-10-13,Salem,Vazhapadi,1799.9999999999998,2058.5588978230953,2212.791782617569,2103.9494435489178,2210.632404088974,2146.483132019639
2023-10-16,Salem,Vazhapadi,2250.0,1989.0208002924917,2184.9060893058777,2103.303433060646,2176.7266088724136,2113.4892328828573
2023-10-17,Salem,Vazhapadi,2800.0,1932.6175317168234,2140.0459691882133,2099.160408079624,2135.79247251153,2076.9040953740478
2023-10-18,Salem,Vazhapadi,2100.0,1976.1287130415437,2139.8390197753906,2076.1159585416317,2140.8897791802883,2083.2433676347136
2023-10-21,Salem,Vazhapadi,2650.0,2065.4230788350105,2172.1817952394485,2078.4146040678024,2175.5675306916237,2122.8967522084713
2023-10-30,Salem,Vazhapadi,3100.0000000000005,2059.103855639696,2151.1192429065704,2078.0272130668163,2150.4323269426823,2109.6706596389413
2023-10-31,Salem,Vazhapadi,2318.0000000000005,2075.9225994348526,2150.986972898245,2082.2769421339035,2162.090656608343,2117.819292768836
2023-12-05,Salem,Vazhapadi,1210.0,2045.865686535835,2117.3259377479553,2100.3793643414974,2144.8281422257423,2102.0997827127576
2023-12-06,Salem,Vazhapadi,2600.0,2061.535847634077,2140.316698849201,2135.600324422121,2165.99605306983,2125.8622309938073
2023-12-08,Salem,Vazhapadi,2275.0,2054.3477867543697,2139.149681776762,2126.495223045349,2156.7811527848244,2119.1934610903263
2023-12-12,Salem,Vazhapadi,2600.0,2108.881379067898,2184.3019261956215,2130.2018781006336,2199.6090511977673,2155.74855864048
2023-12-13,Salem,Vazhapadi,550.0,2010.839565694332,2125.1491099596024,2131.793154925108,2142.248809784651,2102.5076600909233
2023-12-15,Salem,Vazhapadi,2200.0,1948.0267858505247,2106.282535791397,2100.743476897478,2118.703537285328,2068.439083956182
2023-12-16,Salem,Vazhapadi,1699.9999999999998,1974.6936574578283,2106.8737813830376,2088.0049197375774,2126.9193482398987,2074.1229267045856
2023-12-18,Salem,Vazhapadi,3100.0000000000005,2003.9819779992101,2116.253245472908,2088.526868224144,2128.7731467187405,2084.3838096037507
2023-12-19,Salem,Vazhapadi,2900.0,2032.9932446777818,2111.2041103839874,2097.5541953742504,2129.1774919629097,2092.7322605997324
2023-11-21,Salem,Vazhapadi,2650.0,2052.009312212467,2100.9469278156757,2085.510896742344,2130.924990028143,2092.3480316996574
2023-12-22,Salem,Vazhapadi,2539.0,2074.9380423128605,2098.790105879307,2105.3363275527954,2135.429436415434,2103.623478040099
2023-11-22,Salem,Vazhapadi,2600.0,2054.883998334408,2077.5226224958897,2109.790180325508,2124.6638956665993,2091.715174205601
2023-11-23,Salem,Vazhapadi,1699.9999999999998,2101.0120536386967,2121.2330834567547,2145.9724190831184,2164.77090716362,2133.2471158355474
2023-12-26,Salem,Vazhapadi,2531.0,2110.973613411188,2136.1007437109947,2159.1679334640503,2176.6079291701317,2145.712554939091
2023-12-27,Salem,Vazhapadi,2950.0,2064.62084710598,2114.3239602446556,2177.4723264575005,2163.9775562286377,2130.0986725091934
2023-11-27,Salem,Vazhapadi,2365.0,2068.6511129140854,2164.9984438717365,2127.7283078432083,2180.0239400565624,2135.350451171398
2023-11-28,Salem,Vazhapadi,2600.0,2041.989219933748,2171.665363609791,2077.8696462512016,2175.1868675649166,2116.6777743399143
2023-05-06,Salem,Vazhapadi,2100.0,2032.045152634382,2182.37748503685,2046.0314613580701,2165.45593932271,2106.477509588003
2023-05-08,Salem,Vazhapadi,3100.0000000000005,2138.4587290883064,2215.969761312008,2032.6690956950185,2195.119137018919,2145.554180778563
2023-05-09,Salem,Vazhapadi,2600.0,2126.4887642860413,2204.1981342434883,2085.6867633759975,2193.841782808304,2152.5538611784577
2023-05-10,Salem,Vazhapadi,2900.0,2049.0919713675976,2180.9540013968945,2139.6607311069965,2174.567768573761,2136.0686181113124
2023-03-11,Salem,Vazhapadi,1724.9999999999998,2099.8802906274796,2222.2011184692383,2192.0664313435555,2215.5308347940445,2182.4196688085794
2023-05-11,Salem,Vazhapadi,1649.9999999999998,2119.8806461691856,2241.195118576288,2258.574025183916,2241.39143794775,2215.260306969285
2023-05-12,Salem,Vazhapadi,2345.0,2059.4344633817673,2227.6824522018433,2157.5092433393,2226.6119128465652,2167.809517942369
2023-05-13,Salem,Vazhapadi,2800.0,1939.2058698832986,2176.9155275821686,2066.888006180525,2178.6022056639194,2090.402902327478
2023-03-15,Salem,Vazhapadi,2149.9999999999995,1955.2570977807043,2188.6187994480133,2048.210216164589,2191.2136059999466,2095.8249298483133
2023-05-16,Salem,Vazhapadi,1949.9999999999995,2023.93106713891,2206.3445952534676,2158.124036490917,2199.5673383772373,2146.991759315133
2023-05-17,Salem,Vazhapadi,2376.0,2131.1070463061333,2256.0232189297676,2293.1920331716537,2244.1670897603035,2231.1223470419645
2023-05-18,Salem,Vazhapadi,2070.0,2067.107603996992,2236.237213462591,2165.2697117626667,2233.5635562241077,2175.5445213615894
2023-05-19,Salem,Vazhapadi,1750.0,1963.9265020191667,2196.022555977106,2077.283513844013,2196.1719147861004,2108.3511216565967
2023-03-20,Salem,Vazhapadi,2600.0,1931.69877320528,2187.6023522019386,2068.4872218966484,2173.878296017647,2090.4166608303785
2023-04-03,Salem,Vazhapadi,1750.0,1985.948583781719,2211.31878182292,2100.9788179397583,2193.0811293423176,2122.8318282216787
2023-04-10,Salem,Vazhapadi,2900.0,1954.1597814857957,2189.1982039809227,2093.8274912536144,2171.546280235052,2102.1829392388463
2023-10-14,Salem,Vazhapadi,2365.0,1999.6524563431738,2203.391596674919,2071.720100045204,2183.1180894374847,2114.4705606251955
2022-09-22,Dindigul,Vedachandur,2800.0,1955.1425893604753,2168.385659456253,2066.465630233288,2165.1953014731407,2088.7972951307893
2022-10-07,Dindigul,Vedachandur,2405.0,1977.3708131909368,2170.9528817236423,2040.5388247966764,2173.60083848238,2090.615839548409
2022-09-06,Dindigul,Vedachandur,2275.0,1998.482075333595,2167.8676131367683,2035.7931168377397,2189.048979729414,2097.7979462593794
2022-09-15,Dindigul,Vedachandur,2149.9999999999995,2089.20745998621,2229.873317182064,2113.411122262478,2238.70701611042,2167.799728885293
2022-09-19,Dindigul,Vedachandur,2550.0,2025.0360532104967,2212.1154966950417,2106.2121622264385,2201.8280386924744,2136.297937706113
2022-09-02,Dindigul,Vedachandur,1750.0,2021.4790260791776,2231.5700870752335,2095.6702560186386,2217.283311486244,2141.5006701648235
2022-09-20,Dindigul,Vedachandur,1118.0,1982.2518859803674,2212.092621922493,2076.0708817839622,2206.651386320591,2119.2666940018535
2022-09-21,Dindigul,Vedachandur,2300.0000000000005,1999.2670837044714,2225.962538421154,2079.963091611862,2220.8007787168026,2131.4983731135726
2022-10-06,Dindigul,Vedachandur,2600.0,1936.9157014787195,2189.367073625326,2065.1453521847725,2187.5314404070377,2094.739891923964
2022-09-08,Dindigul,Vedachandur,2900.0,1934.664420187473,2163.7459827959538,2049.5547145605087,2156.484588086605,2076.112426407635
2022-09-26,Dindigul,Vedachandur,2251.0,1987.849477380514,2166.9651360809803,2086.666072756052,2169.597080498934,2102.76944167912
2022-12-12,Dindigul,Vedachandur,1699.9999999999998,2098.7056037783623,2214.7961509227753,2174.8870734870434,2212.5510592758656,2175.2349718660116
2022-12-06,Dindigul,Vedachandur,2062.0,2058.07435631752,2185.82000374794,2170.5583591759205,2173.196762353182,2146.9123703986406
2023-11-01,Dindigul,Vedachandur,1118.0,1974.8266002535818,2133.835064768791,2107.152046263218,2129.4428393244743,2086.3141376525164
2023-11-02,Dindigul,Vedachandur,939.0,1962.388240844011,2139.9454547464848,2082.0409283041954,2148.1086537241936,2083.1208194047213
2023-02-22,Dindigul,Vedachandur,2365.0,1883.4988017380235,2099.8601070046425,2064.9336932599545,2116.6341777145863,2041.2316949293017
2022-12-01,Dindigul,Vedachandur,2550.0,1871.438817977905,2092.110806852579,2052.694478929043,2114.5045363903046,2032.687160037458
2022-12-08,Dindigul,Vedachandur,2275.0,1968.2447208464143,2138.9409831166267,2053.5934574902058,2158.6685906350613,2079.861938022077
2022-11-24,Dindigul,Vedachandur,2569.0,2045.1499752700327,2192.6761113107204,2110.2910032868385,2203.0831909179688,2137.80007019639
2022-11-28,Dindigul,Vedachandur,2800.0,1988.0770140886304,2170.233941078186,2108.6562643945217,2183.3783236145973,2112.586385793984
2023-11-03,Dindigul,Vedachandur,2800.0,1952.6830130815504,2157.1907457709312,2077.477680295706,2155.6554448604584,2085.7517210021615
2023-12-06,Dindigul,Vedachandur,2900.0,2005.7793968915937,2161.3356545567513,2057.549447566271,2167.5772380828857,2098.0604342743754
2023-11-06,Dindigul,Vedachandur,1649.9999999999998,2123.388828933239,2209.0688461065292,2059.585302323103,2207.8731682896614,2149.979036413133
2023-11-07,Dindigul,Vedachandur,1799.9999999999998,2148.7289637327194,2211.0715997219086,2081.5649984776974,2212.6954394578934,2163.5152503475547
2023-12-08,Dindigul,Vedachandur,1400.0,2109.0934416651726,2191.3522002100945,2138.5922101140022,2189.345678985119,2157.095882743597
2023-12-13,Dindigul,Vedachandur,2100.0,2064.6466821432114,2183.6569921672344,2166.634259223938,2184.5251570641994,2149.865772649646
2023-11-14,Dindigul,Vedachandur,2700.0,2051.5464344620705,2185.013466179371,2166.3137432932854,2182.987837791443,2146.4653704315424
2023-11-17,Dindigul,Vedachandur,2078.9999999999995,2004.4946420192716,2167.3743253946304,2112.7342981100082,2164.6502090990543,2112.313368655741
2023-12-20,Dindigul,Vedachandur,2550.0,1960.6453177332876,2127.721983641386,2092.1918104588985,2136.7740693688393,2079.333295300603
2023-11-21,Dindigul,Vedachandur,2600.0,1995.9397462010381,2149.2779582738876,2091.751269251108,2161.8343245983124,2099.7008245810866
2023-10-25,Dindigul,Vedachandur,2600.0,1965.9774272143839,2128.7167671322823,2080.7842959463596,2135.840509533882,2077.829749956727
2023-11-30,Dindigul,Vedachandur,2900.0,2011.4762917160986,2150.0413028895855,2070.2726651728153,2157.9994362592697,2097.4474240094423
2023-11-15,Dindigul,Vedachandur,2275.0,2109.695586413145,2192.733298242092,2073.674009293318,2199.15411233902,2143.8142515718937
2023-11-28,Dindigul,Vedachandur,2500.0,2165.4041346907616,2233.0558708310127,2124.1060203313828,2233.5861618816853,2189.0380469337106
2023-11-27,Dindigul,Vedachandur,2800.0,2123.858972787857,2221.245222091675,2129.5717453956604,2217.216032743454,2172.9729932546616
2023-11-23,Dindigul,Vedachandur,1849.9999999999998,2052.555615603924,2193.225644081831,2115.487747937441,2185.484282821417,2136.688322611153
2023-12-11,Dindigul,Vedachandur,2550.0,1997.702449262142,2170.7568314671516,2110.347651988268,2162.533888965845,2110.3352054208517
2023-12-12,Dindigul,Vedachandur,2780.0,1924.830690026283,2114.4606706500053,2093.0504217743874,2112.0569357275963,2061.099679544568
2023-12-18,Dindigul,Vedachandur,1550.0000000000002,1943.8844336569307,2096.742006391287,2086.180185675621,2110.473732352257,2059.320089519024
2023-11-18,Dindigul,Vedachandur,2029.0,2053.731917142868,2137.867214381695,2078.8546070456505,2164.4743424654007,2108.7320202589035
2023-12-19,Dindigul,Vedachandur,2950.0,2031.5622258186338,2110.2361038327217,2094.4522416591644,2141.033621132374,2094.3210481107235
2023-12-21,Dindigul,Vedachandur,1400.0,2064.380661994219,2134.6464464068413,2110.600081831217,2156.4940071105957,2116.530299335718
2022-11-25,Dindigul,Vedachandur,2345.0,2073.085454851389,2149.90903288126,2104.87950488925,2173.4146109223366,2125.322150886059
2023-12-27,Dindigul,Vedachandur,2149.9999999999995,1970.3014320135114,2100.985276699066,2107.0216600596905,2127.9935206472874,2076.575472354889
2023-11-16,Dindigul,Vedachandur,2149.9999999999995,1999.4425466656683,2147.133246511221,2098.2295393943787,2163.854301571846,2102.1649085357785
2023-12-05,Dindigul,Vedachandur,2345.0,1980.4599839448927,2133.9306005835533,2092.6908841729164,2139.1033940017223,2086.5462156757712
2023-12-07,Dindigul,Vedachandur,2600.0,1929.3624515831468,2079.2122608423233,2092.2784654796124,2102.184183895588,2050.7593404501677
2023-11-08,Dindigul,Vedachandur,2275.0,1936.01753026247,2069.6683675050735,2088.781181871891,2092.149290293455,2046.6540924832225
2023-11-10,Dindigul,Vedachandur,2800.0,2069.424145668745,2135.0941191613674,2092.2319085896015,2157.055111825466,2113.451321311295
2023-11-20,Dindigul,Vedachandur,1350.0,2090.9153981506824,2130.882604420185,2107.0203144848347,2154.0661863982677,2120.7211258634925
2023-12-22,Dindigul,Vedachandur,2500.0,2101.4258179068565,2150.596352517605,2102.771392762661,2175.325327217579,2132.5297226011753
2023-11-22,Dindigul,Vedachandur,2428.9999999999995,2104.8147827386856,2164.556691646576,2131.0194493830204,2189.77949231863,2147.542604021728
2023-10-27,Dindigul,Vedachandur,2345.0,2037.0632049441335,2131.5315751731396,2126.4290207624435,2166.888841986656,2115.4781607165933
2023-11-29,Dindigul,Vedachandur,2800.0,1929.407932013273,2074.2356522381306,2112.330625653267,2112.650603353977,2057.156203314662
2023-10-30,Dindigul,Vedachandur,2800.0,1952.9408252239225,2083.4147602319717,2103.362503796816,2118.2222251594067,2064.4850786030293
2023-10-31,Dindigul,Vedachandur,2389.0,2050.3648851811886,2144.4890573620796,2086.4840164780617,2156.8822054564953,2109.5550411194563
2022-11-09,Dindigul,Vedachandur,2496.0,2153.6906364560127,2188.994080275297,2066.557936668396,2200.3912338614464,2152.408471815288
2023-12-14,Dindigul,Vedachandur,2275.0,2119.1023656725883,2162.843102067709,2051.4296385645866,2177.356741577387,2127.6829619705677
2022-10-28,Dindigul,Vedachandur,550.0,2155.908009260893,2222.862199395895,2066.8335103988647,2226.489465534687,2168.023296147585
2023-12-15,Dindigul,Vedachandur,3000.0,2036.7950318753717,2207.6880171895027,2115.509142577648,2195.7440219819546,2138.9340534061193
2022-11-17,Dindigul,Vedachandur,2100.0,2016.525830477476,2232.896958440542,2087.193672657013,2207.4941198527813,2136.027645356953
2022-11-18,Dindigul,Vedachandur,2345.0,1980.2531690895555,2221.413822621107,2053.957973718643,2209.8173893988132,2116.36058870703
2022-11-21,Dindigul,Vedachandur,1750.0,1926.350920498371,2171.5294605493546,2041.4883969724176,2173.1955513358116,2078.141082338989
2022-11-22,Dindigul,Vedachandur,2410.0,1968.2141762971876,2177.269144654274,2136.823855638504,2168.1770953536034,2112.6210679858923
2023-12-28,Dindigul,Vedachandur,2402.0,2003.499320298433,2159.4129626452923,2176.278801560402,2150.262380838394,2122.3633663356304
2023-11-09,Dindigul,Vedachandur,1949.9999999999995,1959.1511914134023,2131.872678399086,2154.2337104678154,2136.1723282933235,2095.357477143407
2022-11-15,Dindigul,Vedachandur,2600.0,2004.9588653445242,2181.0666260123253,2153.3177776634693,2183.389626443386,2130.6832238659263
2022-11-11,Dindigul,Vedachandur,1350.0,1939.8900946974752,2162.483833581209,2060.1913492381573,2160.057089328766,2080.655591711402
2022-11-14,Dindigul,Vedachandur,2550.0,1967.0474283397195,2188.8233268260956,2036.2214133143423,2196.5843334794044,2097.1691254898906
2022-04-08,Dindigul,Vedachandur,2100.0,2002.116742134094,2224.3443500995636,2073.896163702011,2227.6009103655815,2131.9895415753126
2022-04-12,Dindigul,Vedachandur,2800.0,2006.4305205643175,2242.9915955662727,2106.9372925162315,2231.739629507065,2147.0247595384717
2022-04-25,Dindigul,Vedachandur,2275.0,2016.210831403732,2231.7974892258644,2086.7556880414486,2214.7736798226833,2137.384422123432
2022-08-08,Dindigul,Vedachandur,1949.9999999999995,2091.6476599872112,2272.45968490839,2129.769141227007,2250.3232292830944,2186.0499288514256
2022-08-10,Dindigul,Vedachandur,550.0,2066.7059499025345,2277.049171626568,2152.124790996313,2250.5905950069427,2186.6176268830895
2022-08-16,Dindigul,Vedachandur,2410.0,1976.0521498322485,2231.8394711613655,2092.974800467491,2196.204074025154,2124.267623871565
2022-08-17,Dindigul,Vedachandur,2100.0,1867.1506054699419,2158.620284497738,2053.4895791113377,2137.305840551853,2054.1415774077177
2022-08-06,Nagapattinam,Vedaranyam,2410.0,1915.6194227933881,2154.2253679037094,2026.6411894559858,2150.1361659169197,2061.655536517501
2022-08-22,Nagapattinam,Vedaranyam,2427.0,1955.5803048610685,2145.630643069744,2042.1256612241266,2151.5098632872105,2073.7116181105375
2022-08-23,Nagapattinam,Vedaranyam,3000.0,1986.8275132775304,2133.770342618227,2042.249319553375,2156.9654965400696,2079.9531679973006
2022-08-24,Nagapattinam,Vedaranyam,1750.0,2064.486693292856,2178.0716454982758,2180.368810892105,2194.9486526846886,2154.4689505919814
2022-08-07,Nagapattinam,Vedaranyam,2015.9999999999998,2033.7599532306192,2183.8674400746822,2166.0712707042694,2187.0264461636543,2142.6812775433064
2022-08-09,Nagapattinam,Vedaranyam,2100.0,1956.188235580921,2154.475644826889,2103.048850297928,2154.545614719391,2092.0645863562822
2022-08-08,Nagapattinam,Vedaranyam,2350.0,1949.6457815170286,2154.2590072751045,2066.612163335085,2142.34017431736,2078.2142816111445
2022-08-10,Nagapattinam,Vedaranyam,1699.9999999999998,2032.8128030896185,2195.80901324749,2102.596602588892,2190.406530201435,2130.406237281859
2022-08-16,Nagapattinam,Vedaranyam,2149.9999999999995,2006.59454613924,2175.18767490983,2124.7061467170715,2159.619239270687,2116.5269017592072
2022-07-26,Nagapattinam,Vedaranyam,2410.0,1980.0896817445753,2148.4021236002445,2086.2153051793575,2130.7890869677067,2086.374049372971
2022-07-25,Nagapattinam,Vedaranyam,2100.0,1953.1341843307016,2119.406196475029,2068.9705523848534,2121.845858246088,2065.839197859168
2022-07-26,Erode,Vellakkoil,2415.0,1976.5148930251596,2125.4743354022503,2056.919449418783,2138.8556736707687,2074.4410878792405
2022-10-08,Erode,Vellakkoil,1949.9999999999995,1954.0571141242979,2093.9944770932198,2056.3801430165768,2118.6712434887886,2055.775744430721
2023-01-20,Erode,Vellakkoil,936.0,2043.995606601238,2151.05775013566,2085.2764976024628,2171.2042351067066,2112.883522361517
2023-01-23,Erode,Vellakkoil,2550.0,2041.2003093957899,2169.1025817394257,2136.3375648856163,2187.133419364691,2133.4434688463807
2023-01-24,Erode,Vellakkoil,2800.0,2030.1971401274202,2191.5099015831947,2134.285025000572,2202.0701076090336,2139.5155435800552
2022-12-07,Namakkal,Velur,2100.0,2009.5453917980192,2189.4387927651405,2097.735578864813,2192.3826414346695,2122.2756012156606
2023-07-05,Namakkal,Velur,855.0,2041.5634800493715,2216.909779906273,2101.914799809456,2209.183758199215,2142.392954491079
2023-06-28,Namakkal,Velur,2629.0,1972.297995984554,2160.1313650608063,2073.795514702797,2154.585712850094,2090.202647149563
2023-03-23,Namakkal,Velur,2079.9999999999995,1985.7984176278112,2153.100736439228,2057.3882476985455,2156.340342462063,2088.156936056912
2022-12-21,Namakkal,Velur,2950.0,1958.9755938947199,2130.1117245852947,2071.9561138749123,2142.878673374653,2075.980526432395
2023-06-07,Namakkal,Velur,2098.9999999999995,2004.7867663204668,2145.841090977192,2093.7797233462334,2160.0325998663902,2101.1100451275706
2023-06-14,Namakkal,Velur,2149.9999999999995,1987.1850325167177,2123.236778974533,2122.492810636759,2147.5599282979965,2095.1186376065016
2023-02-22,Namakkal,Velur,1450.0,1983.4584629535673,2120.8470380306244,2096.073524802923,2134.9599653482437,2083.8347477838397
2023-05-17,Namakkal,Velur,1750.0,2028.1482332944868,2148.55296254158,2104.6467204391956,2164.3380357325077,2111.4214880019426
2023-12-20,Namakkal,Velur,2600.0,2006.42069786787,2149.098189473152,2105.2366204559803,2151.7963361740112,2103.1379609927535
2023-12-13,Namakkal,Velur,2100.0,2009.9343974888322,2138.489946424961,2097.9476414620876,2142.915138453245,2097.3217809572816
2023-10-18,Namakkal,Velur,2950.0,2027.3286436498163,2135.8917759358883,2091.43761575222,2148.780768364668,2100.859700925648
2023-07-19,Namakkal,Velur,1949.9999999999995,2101.3149425387383,2167.8553684055805,2106.797621846199,2178.935504555702,2138.725859336555
2023-01-11,Namakkal,Velur,2500.0,2139.1751131415367,2209.0672314167023,2129.8235024511814,2212.3410150408745,2172.6017155125737
2023-10-11,Namakkal,Velur,2149.9999999999995,2043.740620166063,2173.304139226675,2107.462470382452,2165.1786163449287,2122.42146153003
2023-07-12,Namakkal,Velur,2400.0,1999.6438446640966,2154.094308912754,2095.0403924286366,2147.681702822447,2099.1150622069836
2023-09-27,Namakkal,Velur,2112.0,2024.102358818054,2159.9680122733116,2103.140214830637,2168.18328499794,2113.8484677299857
2023-04-12,Namakkal,Velur,1550.0000000000002,1995.9335565567014,2126.642159819603,2103.076703697443,2143.818691968918,2092.3677780106664
2022-06-01,Namakkal,Velur,2500.0,2020.1629193127153,2139.8291970789433,2096.177806854248,2158.522057533264,2103.6729951947927
2023-05-31,Namakkal,Velur,2600.0,1984.3091353774068,2110.949662178755,2099.573903232813,2122.011633068323,2079.2110834643245
2022-01-27,Namakkal,Velur,2800.0,2026.1562442779539,2114.2706754803658,2093.328552097082,2112.1756154298782,2086.48277182132
2023-04-26,Namakkal,Velur,1799.9999999999998,2151.229445487261,2126.7635306715965,2084.9606911838055,2140.738132894039,2125.9229500591755
2022-05-25,Namakkal,Velur,2900.0,2210.2092207968235,2133.458303809166,2120.863184928894,2149.3804910779,2153.477800153196
2023-01-04,Namakkal,Velur,2275.0,2245.003095418215,2154.766827225685,2178.579196333885,2166.0323835909367,2186.0953756421804
2022-06-29,Namakkal,Velur,2100.0,2255.6778098642826,2194.7258254885674,2226.2514333426952,2198.990490436554,2218.911389783025
2023-02-01,Namakkal,Velur,2950.0,2151.1480382084846,2159.934911131859,2194.4604781270027,2170.9612242877483,2169.1261629387736
2022-04-06,Namakkal,Velur,1949.9999999999995,2106.6243118047714,2164.183698296547,2163.2864689826965,2172.044681161642,2151.5347900614142
2023-03-15,Namakkal,Velur,958.0,2090.0375451147556,2201.4098340272903,2104.8622815310955,2201.979550421238,2149.572302773595
2023-08-02,Namakkal,Velur,2569.0,2060.2240467071533,2192.4762934446335,2097.5572901964188,2193.8493180274963,2136.0267370939255
2022-08-03,Namakkal,Velur,1450.0,1948.0436055362222,2123.1417813897133,2100.0066401064396,2136.0856732726097,2076.8194250762463
2023-05-10,Namakkal,Velur,1949.9999999999995,1958.0113549530504,2129.2699329555035,2096.9999530911446,2149.352234005928,2083.4083687514067
2023-03-08,Namakkal,Velur,2500.0,2020.2737946808336,2162.599687576294,2117.1577408909798,2178.8292041420937,2119.7151068225503
2023-08-09,Namakkal,Velur,1770.0,1985.7907478511331,2122.4644190073013,2108.749243617058,2132.212705165148,2087.30427891016
2023-11-01,Namakkal,Velur,2100.0,2000.4495748877523,2150.3392131626606,2094.1548696160316,2133.7303790450096,2094.6685091778636
2023-05-24,Namakkal,Velur,2275.0,2082.5289683043957,2193.9077159762383,2078.6442936956882,2168.313267529011,2130.8485613763332
2023-12-06,Namakkal,Velur,2900.0,2154.8147296905518,2236.941218227148,2075.7447144389153,2209.0280751883984,2169.1321843862534
2023-04-05,Namakkal,Velur,2900.0,2094.594738036394,2222.374697625637,2070.4586236178875,2193.962346315384,2145.3476013988256
2022-12-14,Namakkal,Velur,1500.0,2096.446921825409,2240.226977467537,2060.3170259296894,2217.6380050182343,2153.6572325602174
2022-04-20,Namakkal,Velur,2350.0,2066.4416790008545,2242.1966299414635,2079.473167806864,2230.380329787731,2154.6229516342282
2023-12-27,Namakkal,Velur,2149.9999999999995,1973.1816349923608,2201.6750468313694,2065.866849422455,2192.766399383545,2108.3724826574326
2022-09-14,Namakkal,Velur,2565.0,1957.956320941448,2190.506910085678,2051.2727445364,2168.400999009609,2092.034243643284
2022-08-10,Namakkal,Velur,2230.0,1924.7371725738046,2146.5214136242867,2033.5096763074396,2135.6236028671265,2060.0979663431644
2022-06-08,Namakkal,Velur,1949.9999999999995,1977.7518799901006,2150.9412233531475,2106.2708292901516,2159.275175780058,2098.5597771033645
2022-07-27,Namakkal,Velur,2535.0,2058.551900833845,2195.1973149180412,2185.209112763405,2200.8363500237465,2159.9486696347594
2023-03-29,Namakkal,Velur,751.0,1993.7343490123747,2173.1417283415794,2139.127883464098,2188.31200838089,2123.5789922997355
2023-03-30,Namakkal,Velur,2700.0,1876.7837104201315,2121.829576790333,2072.8308720886707,2143.0471393465996,2053.6228246614337
2022-07-20,Namakkal,Velur,2565.0,1890.9047111868856,2130.2090096473694,2017.7344258129594,2148.515151888132,2046.8408246338367
2023-05-03,Namakkal,Velur,2200.0,1939.753518849611,2141.520719230175,2047.156900167465,2162.8192853927612,2072.812605910003
2023-03-01,Namakkal,Velur,2357.0,2028.6479797959325,2164.0959668159485,2122.14538320899,2179.534958153963,2123.6060719937086
2022-05-11,Namakkal,Velur,2279.0,2048.7912353873253,2159.67090934515,2172.269795835018,2187.1889916062355,2141.9802330434322
2022-05-04,Namakkal,Velur,2565.0,2088.723456710577,2202.4931563436985,2246.41379609704,2224.4299286603928,2190.515084452927
2023-10-04,Namakkal,Velur,2116.9999999999995,1973.0416952073572,2136.196817755699,2138.9689710736275,2153.585008829832,2100.448123216629
2022-09-28,Namakkal,Velur,2200.0,1899.2061007022855,2107.4744459986687,2102.908910512924,2123.795461654663,2058.3462297171354
2022-05-18,Namakkal,Velur,1750.0,1930.2061270177362,2117.9268714785576,2068.154192119837,2135.1727007329464,2062.8649728372693
2022-10-26,Namakkal,Velur,2100.0,1977.491645812988,2141.97969481349,2104.8430398106575,2147.373431622982,2092.9219530150294
2022-09-21,Namakkal,Velur,2900.0,2039.3046635389326,2165.443694591522,2118.286005407572,2163.494763970375,2121.6322818771005
2023-07-26,Namakkal,Velur,1649.9999999999998,2090.9105540812016,2186.7267866432667,2115.9461852908134,2179.0642760694027,2143.161950521171
2022-04-27,Namakkal,Velur,2700.0,2055.0647090375423,2184.553548693657,2113.348553031683,2170.314137339592,2130.8202370256186
2022-07-13,Namakkal,Velur,2750.0,2007.340532839298,2171.1712685227394,2063.795875161886,2164.959153085947,2101.8167074024677
2022-12-28,Namakkal,Velur,2565.0,2063.5237999260426,2193.8630428910255,2076.6471914947033,2197.7058701217175,2132.934976108372
2023-02-15,Namakkal,Velur,2455.0,2070.852607935667,2167.0850268006325,2081.336116194725,2178.8931189477444,2124.5417174696922
2022-01-05,Namakkal,Velur,2275.0,2057.679026424885,2156.1578825116158,2101.7684012651443,2172.5300300121307,2122.033835053444
2022-07-06,Namakkal,Velur,1949.9999999999995,2094.8139321804047,2201.6646859049797,2165.266751497984,2207.8077733516693,2167.3882857337594
2023-01-25,Namakkal,Velur,2149.9999999999995,2072.020297795534,2217.5731483101845,2169.5728601515293,2213.6626386642456,2168.2072362303734
2023-11-15,Namakkal,Velur,2200.0,1983.770636320114,2188.1672245264053,2113.9660373330116,2168.055589944124,2113.489872030914
2022-06-15,Namakkal,Velur,2900.0,1956.2898264825342,2171.7489238083363,2071.412905305624,2163.671168833971,2090.7807061076164
2023-08-30,Namakkal,Velur,2149.9999999999995,2045.2843981981275,2198.392920643091,2069.3810872733593,2190.1713237166405,2125.8074324578047
2023-11-22,Namakkal,Velur,8500.0,2048.6266715824604,2192.9413241147995,2074.9366967380047,2174.448819756508,2122.738378047943
2023-08-23,Namakkal,Velur,2200.0,1995.257943421602,2126.4043967425823,2056.607141494751,2133.0793899297714,2077.8372178971767
2022-08-24,Namakkal,Velur,2565.0,2049.3874596059322,2131.3831582665443,2076.3706758618355,2151.2427666783333,2102.0960151031613
2022-10-06,Namakkal,Velur,2900.0,2017.9448737204073,2095.1359282433987,2102.2000616788864,2131.0660062730312,2086.586717478931
2022-01-12,Namakkal,Velur,2750.0,2032.895017713308,2115.7777193188667,2090.694858431816,2148.6054399609566,2096.993258856237
2022-03-30,Namakkal,Velur,1500.0,2052.187062650919,2125.7328203320503,2071.1709709465504,2162.7996399998665,2102.9726234823465
2023-09-20,Namakkal,Velur,1849.9999999999998,2097.8918001055717,2165.309406220913,2162.778245359659,2204.506405442953,2157.6214642822742
2022-06-22,Namakkal,Velur,2700.0,2051.1349576711655,2167.4510231614113,2188.7549716234207,2184.787005931139,2148.031989596784
2023-09-13,Namakkal,Velur,2052.0,2069.4829472899437,2171.323049366474,2167.9249346256256,2174.0464928746223,2145.6943560391665
2022-11-02,Namakkal,Velur,2500.0,2008.0975532531736,2131.2878915667534,2140.4184243083,2141.885100901127,2105.4222425073385
2022-10-12,Namakkal,Velur,2112.0,1973.013841807842,2115.7626488804817,2099.752191901207,2117.4935963749886,2076.50556974113
2022-08-17,Namakkal,Velur,2200.0,1969.9386650323866,2092.5884859263897,2096.923793554306,2113.057908862829,2068.127213343978
2022-11-30,Namakkal,Velur,2200.0,2006.0359980165956,2093.6448967456818,2083.9449167251587,2126.227453649044,2077.46331628412
2022-03-23,Namakkal,Velur,2860.0,2057.963077276945,2108.9113853871822,2098.372439444065,2145.1533676683903,2102.6000674441457
2022-03-02,Namakkal,Velur,2900.0,2080.2735157310963,2121.5733793377876,2110.3390403091908,2158.0925500392914,2117.5696213543415
2022-02-23,Namakkal,Velur,2500.0,2175.2424398064613,2175.616509616375,2167.9647636413574,2201.255092918873,2180.0197014957666
2022-02-16,Namakkal,Velur,1540.0,2132.4819546937943,2167.2693705558777,2154.9845412373543,2175.6907853484154,2157.6066629588604
2022-04-13,Namakkal,Velur,2100.0,2107.303692549467,2172.9505221545696,2128.586246371269,2165.769861936569,2143.652580752969
2022-03-16,Namakkal,Velur,2565.0,2115.5745375156403,2189.2662900686264,2154.2953377962112,2174.3812718987465,2158.379359319806
2022-11-09,Namakkal,Velur,2900.0,2032.063452452421,2118.181723356247,2132.4767069518566,2120.0464209914207,2100.6920759379864
2022-11-16,Namakkal,Velur,1365.0,2022.1600215137003,2111.1475962400436,2106.27513512969,2125.8427537977695,2091.356376670301
2022-03-09,Namakkal,Velur,1525.0,2081.443627625704,2141.310271322727,2101.159528642893,2166.2669172883034,2122.545086219907
2022-02-09,Namakkal,Velur,2465.0,2086.731198579073,2142.5600412487984,2131.531171500683,2170.840122550726,2132.91563346982
2022-02-02,Namakkal,Velur,2500.0,1982.8890156745908,2083.0885928869247,2111.8814727663994,2120.8658760786057,2074.68123935163
2022-11-23,Namakkal,Velur,2496.0,1945.7055346667764,2069.1147980093956,2103.581159710884,2100.172280371189,2054.6434431895614
2023-06-21,Namakkal,Velur,2596.0,1988.8760164380071,2074.091137498617,2110.956390053034,2121.7523407936096,2073.918971195817
