Price_Date,District_Name,Market_Name,Actual_Price,GRU_General_Pred,GRU_Optimized_Pred,LSTM_General_Pred,LSTM_Optimized_Pred,ENSEMBLE_(Average)_Pred
2018-08-01,Coimbatore,Pethappampatti,1166.0,1217.1650651842356,1152.2104826755822,1150.0123802572489,1210.5626091361046,1182.4876343132928
2018-09-26,Coimbatore,Pethappampatti,1129.0,1214.709654264152,1156.0798473190516,1148.5590637195855,1250.5352017469704,1192.47094176244
2018-08-09,Coimbatore,Pethappampatti,1209.0,1232.6067519374192,1191.2546653300524,1157.8608420211822,1240.3229684568942,1205.511306936387
2018-08-20,Coimbatore,Pethappampatti,1212.0,1235.4711217805743,1187.899434287101,1153.6051693372428,1211.8760840967298,1197.212952375412
2018-10-01,Coimbatore,Pethappampatti,1270.0,1241.1227932199836,1185.3429230861366,1155.9094132389873,1192.2221618704498,1193.6493228538893
2018-10-30,Coimbatore,Pethappampatti,1216.0,1242.9290629923344,1203.322889842093,1161.4531476981938,1208.0933867022395,1203.9496218087152
2018-10-14,Coimbatore,Pethappampatti,1095.0,1230.9514420107007,1181.4471093937755,1145.9032477345318,1190.7403245568275,1187.2605309239589
2018-10-15,Coimbatore,Pethappampatti,980.0,1228.9268122054636,1169.6780422702432,1140.2171165682375,1173.0657303705812,1177.9719253536314
2018-11-22,Coimbatore,Pethappampatti,1222.0,1240.1347175240517,1183.24302053079,1150.43970849365,1167.3784252256155,1185.2989679435268
2018-10-24,Coimbatore,Pethappampatti,1151.0,1238.258699607104,1172.5535994395614,1149.642576975748,1161.409641429782,1180.4661293630488
2017-11-03,Coimbatore,Pollachi,1540.0,1232.7574355527759,1163.3674235083163,1146.6338077560067,1157.7857764437795,1175.1361108152196
2017-10-30,Coimbatore,Pollachi,1192.0,1235.6990117579699,1188.7641731649637,1153.5554478876293,1163.1323515437543,1185.2877460885793
2015-06-04,Coimbatore,Pongalur,1192.0,1235.167544707656,1198.1256172060966,1158.665569871664,1170.0914208777249,1190.5125381657854
2017-08-04,Coimbatore,Pongalur,1159.0,1229.6367240138352,1190.4850877821445,1157.7605013735592,1167.056202609092,1186.2346289446577
2018-07-20,Coimbatore,Pongalur,1209.0,1221.3545116595924,1184.9487424828112,1153.78237105906,1163.555536326021,1180.9102903818712
2015-08-13,Erode,Punchaipuliyampatti,770.0,1219.9855144135654,1192.0665061101317,1157.0000394247472,1164.9504992179573,1183.5006397916004
2018-12-09,Virudhunagar,Rajapalayam,1182.0,1211.195452697575,1182.4612888507545,1150.3654025495052,1157.9718865919858,1175.4985076724552
2018-11-25,Virudhunagar,Rajapalayam,1139.0,1207.5884377583861,1157.4356545694172,1145.4826180823147,1197.8343323804438,1177.0852606976405
2018-02-01,Salem,Salem,1221.0,1227.2735740058124,1180.3036541678011,1154.7429618425667,1199.4378491304815,1190.4395097866654
2018-01-11,Salem,Salem,1250.0,1232.5376943685114,1173.8380702212453,1152.4885084480047,1186.3931505940855,1186.3143559079617
2017-11-20,Salem,Salem,1279.0,1228.021605592221,1145.8015259355307,1142.504234192893,1167.2988709062338,1170.9065591567196
2017-10-05,Salem,Salem,1079.0,1231.6062458790839,1132.8781615477055,1145.1270406600088,1160.4897946119308,1167.5253106746823
2018-01-31,Salem,Salem,1239.0,1222.5824933499098,1103.9422805421054,1135.4274907615036,1148.5627237707376,1152.628747106064
2018-02-22,Salem,Salem,1289.0,1213.4008752182126,1080.3671314381063,1127.74089993909,1139.3864230718464,1140.2238324168138
2018-04-24,Salem,Salem,1239.0,1218.2749584317207,1084.1250371653587,1134.984141169116,1144.92780957371,1145.5779865849763
2016-03-30,Villupuram,Sangarapuram,1194.9999999999998,1204.3604107573628,1062.170738261193,1117.4922042526305,1135.13371986337,1129.789268283639
2017-10-26,Villupuram,Sangarapuram,1193.0,1203.2612904906273,1066.6463593021035,1119.2281734198332,1135.2450406644493,1131.0952159692533
2018-05-15,Villupuram,Sangarapuram,1239.0,1214.815174229443,1092.1303286682814,1128.6357479169965,1149.8134944587946,1146.348686318379
2018-05-18,Villupuram,Sangarapuram,1263.0,1210.696995165199,1094.5539731066674,1123.6837677657604,1156.0373769141734,1146.24302823795
2017-11-14,Villupuram,Sangarapuram,1266.0,1206.0973467305303,1093.2306229136884,1120.7370122428983,1159.6517119556665,1144.929173460696
2018-05-28,Villupuram,Sangarapuram,1265.0,1209.4427715986967,1108.9728482067585,1127.863684296608,1169.3415937945247,1153.905224474147
2018-01-18,Villupuram,Sangarapuram,1246.0,1200.8564297109842,1100.1980482134968,1121.752158505842,1166.9317608699203,1147.4345993250608
2018-05-03,Villupuram,Sangarapuram,1295.0,1208.0230860970914,1118.7638303264976,1131.6396140493453,1174.355449527502,1158.195495000109
2018-04-03,Villupuram,Sangarapuram,1234.9999999999998,1207.9160468652844,1134.608260821551,1135.3296361863613,1218.8725826330483,1174.1816316265613
2015-04-16,Villupuram,Sangarapuram,1429.9999999999998,1208.3890912123024,1141.5554522536695,1134.9119069520384,1262.6182045787573,1186.868663749192
2016-01-27,Villupuram,Sangarapuram,1692.0,1223.6231909133494,1186.1634651198983,1142.9655387531966,1253.423879854381,1201.5440186602063
2015-04-08,Villupuram,Sangarapuram,1026.0,1237.142729293555,1196.7995737679303,1154.6197631396353,1230.8354252949357,1204.849372874014
2015-04-13,Villupuram,Sangarapuram,1261.0,1232.8506632708013,1182.7988422475755,1147.0829581841826,1206.861814018339,1192.3985694302246
2015-04-21,Villupuram,Sangarapuram,1309.0,1230.0122590735555,1167.2831257805228,1141.8015043716878,1189.0957876108587,1182.0481692091562
2017-09-26,Villupuram,Sangarapuram,969.0,1233.6518691852689,1163.9078680425882,1145.288635371253,1182.7263318002224,1181.393676099833
2015-03-24,Villupuram,Sangarapuram,1200.0,1242.3763262107968,1181.9091045297682,1155.0208494998515,1186.1212018877268,1191.3568705320358
2015-06-24,Villupuram,Sangarapuram,1100.0,1247.1073221415281,1185.8898590318859,1175.0056955963373,1225.6132919341326,1208.404042175971
2018-08-01,Villupuram,Sangarapuram,1270.0,1250.0222421251237,1157.5389646925032,1202.158993575722,1287.9595700651407,1224.4199426146224
2018-07-10,Villupuram,Sangarapuram,1279.0,1238.9285580255091,1154.4588590040803,1198.9672908559442,1303.313139360398,1223.916961811483
2016-02-26,Villupuram,Sangarapuram,1650.0,1240.3735185973346,1180.5348589085042,1189.8025227710605,1281.9936866872013,1223.1761467410251
2018-07-11,Villupuram,Sangarapuram,1260.0,1250.7003874517977,1220.8171056583524,1188.1421025842428,1250.6944485008717,1227.5885110488161
2016-02-11,Villupuram,Sangarapuram,1250.0,1260.3321228176355,1243.964512180537,1191.543878428638,1238.2733398117125,1233.5284633096308
2016-03-03,Villupuram,Sangarapuram,1263.0,1254.0597619488835,1228.1083418987691,1180.8450655080378,1223.1808081269264,1221.5484943706542
2017-10-13,Villupuram,Sangarapuram,1279.0,1247.7454140782356,1205.7407334446907,1170.4617075622082,1208.959092386067,1208.2267368678004
2016-12-02,Villupuram,Sangarapuram,1189.0,1245.177853666246,1187.4798404984176,1166.3299932144582,1199.5189227163792,1199.6266525238752
2017-02-17,Villupuram,Sangarapuram,1089.0,1255.9816340915859,1194.9348812922835,1177.6655169203877,1205.3892304189503,1208.4928156808019
2018-09-03,Villupuram,Sangarapuram,1253.0,1250.7304965518415,1172.183450870216,1170.8159728907049,1201.8544496968389,1198.8960925024003
2015-08-05,Villupuram,Sangarapuram,1480.0,1248.7236835993826,1140.2731913141906,1168.4018583968282,1229.8311901278794,1196.8074808595702
2017-07-04,Villupuram,Sangarapuram,1260.0,1262.3752600513399,1173.086723871529,1177.6225631125271,1229.7093725763261,1210.6984799029306
2016-11-04,Villupuram,Sangarapuram,1291.0000000000002,1263.569679763168,1175.5700340494514,1174.6269838884473,1223.8970732316375,1209.415942733176
2015-10-07,Villupuram,Sangarapuram,1260.0,1267.5152149051428,1155.399975553155,1177.4327929131687,1249.9723825603724,1212.5800914829597
2016-05-17,Villupuram,Sangarapuram,893.0,1280.7146023958921,1171.327827591449,1183.0696860328317,1249.2657855153084,1221.0944753838703
2017-03-13,Villupuram,Sangarapuram,1206.0,1273.06205695495,1158.0921158194542,1166.1817956715822,1228.8054089993238,1206.5353443613276
2016-12-19,Villupuram,Sangarapuram,1260.0,1271.137008164078,1149.9959445558488,1156.7648293450475,1211.0609285533428,1197.2396776545793
2016-06-02,Villupuram,Sangarapuram,1000.0,1283.980334829539,1166.3027845323086,1165.3707835823298,1209.255349356681,1206.2273130752146
2017-05-17,Villupuram,Sangarapuram,923.0,1297.1726784482598,1198.882073815912,1177.8063943609595,1218.702977243811,1223.1410309672356
2015-08-21,Villupuram,Sangarapuram,1156.0,1292.4636428244412,1192.0178895816207,1178.0603880994022,1221.2715044617653,1220.9533562418073
2015-07-10,Villupuram,Sangarapuram,1429.9999999999998,1300.4212846048176,1214.9561897851527,1187.6417114399374,1235.0576050579548,1234.5191977219656
2015-10-16,Villupuram,Sangarapuram,1304.0,1307.5762012042105,1242.8825181908906,1196.2089934386313,1242.5178942270577,1247.2964017651975
2018-10-24,Villupuram,Sangarapuram,1276.0,1308.780150860548,1249.1012903861701,1200.929216388613,1252.127531170845,1252.734547201544
2017-05-03,Villupuram,Sangarapuram,1226.0,1301.316132582724,1232.554544415325,1194.6984281763434,1250.5628247745335,1244.7829824872315
2017-07-17,Villupuram,Sangarapuram,1200.0,1300.463685952127,1228.5369131714106,1201.694236136973,1247.6773233152926,1244.5930396439508
2016-10-17,Villupuram,Sangarapuram,1129.0,1304.8024348914623,1245.0304848141968,1209.7408240661025,1252.4668800644577,1253.0101559590548
2017-07-26,Villupuram,Sangarapuram,1328.0,1310.581862833351,1270.042721927166,1218.5393108054996,1259.0835619717836,1264.56186438445
2018-12-04,Villupuram,Sangarapuram,1236.0,1309.6468233503401,1279.318810813129,1220.839894656092,1264.7341284900904,1268.6349143274128
2016-07-06,Villupuram,Sangarapuram,1250.0,1299.8420297168195,1266.8425941839814,1212.6824002712965,1260.9464589506388,1260.078370780684
2016-09-01,Villupuram,Sangarapuram,1395.0000000000002,1288.7866035103798,1246.480141300708,1201.9922886043787,1249.4668811559677,1246.6814786428586
2017-04-19,Thirunelveli,Sankarankovil,1189.0,1283.962379861623,1239.019161555916,1204.0345971472561,1277.0202986896038,1251.0091093135998
2016-07-23,Thirunelveli,Sankarankovil,1266.0,1293.1604336947203,1275.4996510222554,1213.2414903491735,1278.7272636778653,1265.1572096860036
2018-11-09,Virudhunagar,Sathur,1300.0,1301.1003967374563,1303.8005476817489,1220.9626790136099,1276.3153590261936,1275.5447456147522
2018-12-26,Virudhunagar,Sathur,1225.0,1307.036999706179,1330.8473588898778,1227.1365637890995,1271.9060332514346,1284.2317389091477
2018-07-11,Coimbatore,Senjeri,1248.0,1302.8923025354743,1321.9350652769208,1223.5941867344081,1268.216425459832,1279.1594950016588
2018-08-02,Coimbatore,Senjeri,1290.0,1294.609675835818,1294.8849393054843,1214.265752211213,1257.51899369061,1265.3198402607813
2017-09-14,Coimbatore,Senjeri,1342.0,1288.157765287906,1272.732099890709,1206.4368337392807,1246.303492039442,1253.4075477393344
2015-09-29,Coimbatore,Senjeri,1395.0000000000002,1290.0238389149308,1272.4444060586393,1208.2642351277173,1242.893429286778,1253.4064773470163
2018-08-11,Coimbatore,Senjeri,1465.0,1289.777441509068,1266.1301963031292,1212.8775569610298,1275.0477382913232,1260.9582332661375
2016-07-05,Coimbatore,Senjeri,1270.0,1299.5345854200423,1305.874484591186,1221.3803391903639,1273.847241513431,1275.1591626787558
2016-09-07,Coimbatore,Senjeri,1100.0,1299.2804535664618,1281.6822370514274,1216.5902299806476,1266.6202288120985,1266.0432873526588
2018-04-16,Cuddalore,Shrimushnam,1280.0,1313.5998167097569,1280.9808883816004,1223.772493377328,1262.247089203447,1270.150071918033
2018-01-04,Cuddalore,Shrimushnam,1500.0,1322.7938652038574,1266.4294918067753,1229.0301223285496,1261.2271089106798,1269.8701470624655
2018-08-02,Cuddalore,Shrimushnam,1231.0,1332.01940394938,1265.807006880641,1237.8711485303938,1260.1969080977142,1273.9736168645322
2017-12-26,Cuddalore,Shrimushnam,1395.0000000000002,1323.30392440781,1224.598836246878,1224.0724794566631,1249.8313670046628,1255.4516517790034
2015-05-25,Salem,Thalaivasal,1218.9999999999998,1328.0258047394454,1202.0693568512797,1226.7276048660278,1278.5472996532917,1258.8425165275112
2015-02-26,Salem,Thalaivasal,1209.0,1343.8531089574099,1217.2346752136946,1235.8974832110107,1280.0419816747308,1269.2568122642115
2018-11-27,Salem,Thalaivasal,1390.0,1344.6004499681294,1207.3224280029535,1232.0838480256498,1271.369041595608,1263.8439418980852
2018-11-13,Salem,Thalaivasal,1277.0,1341.4986602030694,1208.9063324034214,1229.6932131052017,1277.1934950724244,1264.3229251960292
2015-05-13,Salem,Thalaivasal,1279.0,1341.0571061074734,1182.2436193935573,1229.146553389728,1301.4216525480151,1263.4672328596935
2015-12-09,Salem,Thalaivasal,1250.9999999999998,1338.856793846935,1173.8818527199328,1221.0490009747446,1284.9842937663198,1254.692985326983
2015-12-15,Salem,Thalaivasal,1258.9999999999998,1347.5964435376227,1186.736228596419,1225.3365091979504,1272.0332372933626,1257.9256046563387
2016-01-18,Salem,Thalaivasal,1089.0,1357.5386617332697,1207.7550046145916,1234.9612006917596,1269.2656861618161,1267.3801383003592
2018-05-03,Salem,Thalaivasal,1186.9999999999998,1348.9057750441134,1192.2678779810667,1227.6614013127983,1260.731551796198,1257.391651533544
2015-08-07,Salem,Thalaivasal,1218.9999999999998,1342.6219506189227,1179.4922277331352,1221.9855597242713,1252.570604532957,1249.1675856523216
2015-08-13,Salem,Thalaivasal,1425.0,1344.153233151883,1188.474269490689,1226.4968144707382,1253.281759377569,1253.1015191227198
2015-11-20,Salem,Thalaivasal,1390.0,1348.560210969299,1180.029771849513,1248.4670656733215,1280.5519027635455,1264.4022378139198
2015-12-30,Salem,Thalaivasal,1326.0,1343.306587357074,1189.0402653254569,1248.8734004087746,1289.7072790190578,1267.7318830275908
2018-01-30,Salem,Thalaivasal,1152.0,1341.6251736693084,1204.2660781182349,1245.6557320430875,1279.5185253024101,1267.7663772832602
2016-01-08,Salem,Thalaivasal,1296.0,1347.0823789946735,1232.0547057315707,1248.900747206062,1272.563599422574,1275.15035783872
2017-09-08,Salem,Thalaivasal,1280.0,1344.2731170915067,1212.4427705071867,1246.1856798268855,1299.5254698209465,1275.6067593116313
2016-03-29,Salem,Thalaivasal,1285.0,1341.1827908828855,1208.2710027694702,1235.3475087322295,1288.2203314453363,1268.2554084574804
2016-05-26,Salem,Thalaivasal,1198.0,1346.3060338050127,1208.9502530172467,1251.460711285472,1299.0417906083167,1276.439697179012
2017-09-12,Salem,Thalaivasal,1258.9999999999998,1339.3011102452874,1212.0534239336848,1242.74219321087,1279.8139535821974,1268.47767024301
2016-07-01,Salem,Thalaivasal,1282.0,1339.7724972106516,1230.5219039320946,1240.8446293324232,1266.3627821952105,1269.375453167595
2016-07-05,Salem,Thalaivasal,1231.0,1331.066547613591,1225.4801489412785,1230.3308906964958,1253.3444636501372,1260.0555127253756
2016-11-24,Salem,Thalaivasal,1169.0,1319.3879459053278,1210.6929898262024,1216.8525106273592,1239.88003320992,1246.7033698922023
2016-10-21,Salem,Thalaivasal,1600.0,1309.1721216216683,1198.5174498520792,1205.2094045095146,1228.9838537573814,1235.4707074351609
2016-11-02,Salem,Thalaivasal,1385.0,1308.1921947188675,1195.625456981361,1215.5437315814197,1246.0354105569422,1241.3491984596476
2017-05-22,Salem,Thalaivasal,1333.0,1306.660497840494,1214.9894755333662,1216.7497529648244,1261.2847029231489,1249.9211073154584
2017-04-28,Salem,Thalaivasal,1180.0,1310.5745427310467,1236.1343506723642,1218.674387410283,1260.6489589437842,1256.5080599393696
2017-07-06,Salem,Thalaivasal,1239.0,1311.9650859385729,1259.9202634766698,1220.7824387587607,1273.6860611476004,1266.588462330401
2016-08-11,Salem,Thalaivasal,1390.0,1307.3637801222503,1260.880439914763,1214.1240460798144,1271.279957331717,1263.4120558621362
2016-07-25,Salem,Thalaivasal,1429.9999999999998,1306.2804049812257,1268.318216316402,1213.8404957018793,1281.5653916448355,1267.5011271610856
2016-08-22,Salem,Thalaivasal,1250.0,1308.5898282006383,1222.60334873572,1222.9269525036216,1289.7779939696193,1260.9745308523998
2016-08-29,Salem,Thalaivasal,1329.0,1298.9656891673803,1200.580475665629,1210.1627658121288,1264.8649235256016,1243.643463542685
2016-09-01,Salem,Thalaivasal,640.0,1298.5749614425004,1210.7109447941184,1205.7784388773143,1247.6865770295262,1240.6877305358648
2016-03-17,Erode,Thalavadi,1255.0,1301.5735791996121,1243.257915135473,1208.2744556479156,1237.7866220660508,1247.7231430122629
2018-10-20,Erode,Thalavadi,1252.0,1308.5117931477726,1271.6763477772474,1216.7956071905792,1246.958434022963,1260.9855455346406
2016-03-30,Erode,Thalavadi,1209.0,1313.845937885344,1289.505078457296,1224.7457907535136,1259.9226114340127,1272.0048546325415
2016-01-02,Erode,Thalavadi,1196.0,1311.054769065231,1280.7505123317242,1227.7183047495782,1265.006905887276,1271.1326230084524
2016-02-11,Erode,Thalavadi,1429.9999999999998,1302.9077714309096,1273.3893898315728,1217.385635059327,1262.0588382706046,1263.9354086481035
2015-09-15,Erode,Thalavadi,1290.0,1299.509310349822,1225.4539070650935,1219.3243572488427,1268.6253843829036,1253.2282397616655
2015-01-21,Erode,Thalavadi,1525.0,1301.612665783614,1208.4886722266674,1236.3132097758353,1282.7410276979208,1257.2888938710093
2016-02-26,Erode,Thalavadi,1400.0,1304.581174440682,1208.414918743074,1248.194288276136,1281.5499227494001,1260.685076052323
2015-02-14,Erode,Thalavadi,1269.0,1299.9121922068298,1228.1044746749103,1242.8408074192703,1296.314845327288,1266.7930799070746
2015-02-26,Erode,Thalavadi,1170.0,1293.6775367707014,1263.6863870546222,1226.0624423623085,1279.3541682884097,1265.6951336190104
2015-03-10,Erode,Thalavadi,1258.9999999999998,1288.3167358115315,1290.4285162687302,1212.517352681607,1261.6732208058238,1263.2339563919231
2015-09-28,Salem,Thammampati,1309.0,1292.9988389834762,1322.5529924035072,1212.9220300354064,1257.7228516340256,1271.5491782641038
2018-02-21,Salem,Thammampati,1240.0,1295.3996944241226,1338.348668254912,1213.8188116252422,1259.4544011168182,1276.7553938552737
2018-02-20,Salem,Thammampati,1289.0,1303.3462869934738,1357.2941979393363,1222.3171741701663,1267.657335381955,1287.6537486212328
2017-10-20,Salem,Thammampati,1128.0,1302.5524011813104,1325.5003694444895,1218.5875129885972,1271.9023041427135,1279.6356469392776
2017-11-09,Villupuram,Thirukovilur,1244.0,1314.986630808562,1313.8460760004818,1226.8979008309543,1276.1265556327999,1282.9642908181995
2018-05-07,Villupuram,Thirukovilur,1072.0,1318.0962931364775,1263.4850151836872,1226.7916902899742,1300.0366339460015,1277.102408139035
2018-03-26,Villupuram,Thirukovilur,1150.0,1318.9238790422678,1246.4574904181063,1226.4287237077951,1288.5553987696767,1270.0913729844615
2015-06-10,Villupuram,Thirukovilur,1319.0,1314.5117909647524,1229.139095172286,1215.0821507908404,1269.075639732182,1256.9521691650152
2015-06-23,Villupuram,Thirukovilur,1400.0,1318.2969744317234,1224.6681700460613,1214.52264636755,1260.1388997398317,1254.4066726462916
2018-07-11,Villupuram,Thirukovilur,1239.0,1320.2765787020326,1209.494979120791,1219.0054493956268,1290.8659269101918,1259.9107335321605
2018-06-21,Villupuram,Thirukovilur,1245.0,1324.9626872129738,1216.8573446571827,1227.9073843732476,1291.558850556612,1265.321566700004
2015-04-23,Villupuram,Thirukovilur,1174.0,1333.3489002659917,1234.2195224016905,1233.774515427649,1292.24749263376,1273.3976076822728
2016-05-04,Villupuram,Thirukovilur,1279.0,1343.4771595522761,1254.0331057272851,1240.3793194331229,1295.002751518041,1283.2230840576813
2018-04-20,Villupuram,Thirukovilur,1266.0,1342.858265619725,1226.5220895409584,1239.6205148659647,1323.3325142413378,1283.0833460669965
2018-06-25,Villupuram,Thirukovilur,1180.0,1340.029667597264,1216.7599734850228,1231.0348635539412,1313.5672215372324,1275.3479315433651
2016-04-22,Villupuram,Thirukovilur,1258.9999999999998,1348.8434851169586,1241.0988993011415,1235.069482959807,1303.4998710267246,1282.127934601158
2018-06-13,Villupuram,Thirukovilur,1233.0,1350.660527870059,1245.1361428946257,1243.2153756730258,1296.9827701337636,1283.9987041428685
2015-06-05,Villupuram,Thirukovilur,1177.0,1355.635711364448,1258.9719649404287,1249.1963136009872,1298.2701413333416,1290.5185328098014
2017-10-20,Villupuram,Thirukovilur,1206.0,1350.2522595226765,1248.840943351388,1243.1064028292894,1293.2618102058768,1283.8653539773077
2018-11-28,Villupuram,Thirukovilur,1400.0,1354.7252563759685,1255.834817700088,1247.763921506703,1294.4112043827772,1288.1837999913841
2015-08-04,Villupuram,Thirukovilur,1269.0,1352.9421899467707,1241.8496931903064,1250.8061836473644,1326.144400332123,1292.9356167791411
2018-08-10,Villupuram,Thirukovilur,1240.0,1354.4132542796433,1248.9260222762823,1250.867921113968,1322.887783497572,1294.2737452918664
2018-05-21,Villupuram,Thirukovilur,1178.9999999999998,1355.7064263150096,1266.7722935788333,1254.4676159508526,1327.8900375589728,1301.209093350917
2015-02-25,Villupuram,Thirukovilur,1225.0,1350.0174637883902,1266.8834762647748,1249.5424301363528,1315.9944569692016,1295.6094567896798
2017-10-05,Villupuram,Thirukovilur,1236.0,1346.635162178427,1263.0627972073853,1254.973393585533,1302.0641641691327,1291.6838792851195
2017-10-04,Villupuram,Thirukovilur,1250.9999999999998,1351.0581613518298,1275.8471487089992,1259.3814763240516,1298.8906926475465,1296.2943697581068
2015-08-10,Villupuram,Thirukovilur,1290.0,1345.4888065345585,1262.3997064307332,1250.5973535589874,1290.5100042000413,1287.24896768108
2018-08-14,Villupuram,Thirukovilur,1380.0,1343.7897141091526,1259.1658785939217,1247.7101947180927,1286.7739897221327,1284.359944285825
2015-08-06,Villupuram,Thirukovilur,1425.0,1335.906240157783,1244.1364655271173,1239.1310348175466,1292.2566082328558,1277.8575871838257
2016-11-04,Villupuram,Thirukovilur,1380.0,1328.511831909418,1235.150970891118,1235.5824425816536,1291.7472396045923,1272.7481212466955
2015-07-08,Villupuram,Thirukovilur,1237.0,1321.493234951049,1237.7124542370439,1225.9995999746025,1294.2581728100777,1269.8658654931933
2015-08-13,Villupuram,Thirukovilur,1246.0,1322.6433197036386,1255.6174244731665,1229.177353065461,1285.4248810559511,1273.2157445745543
2016-07-27,Villupuram,Thirukovilur,1249.0,1335.0093204528093,1290.0361311621964,1236.8584883399308,1288.7308049947023,1287.6586862374097
2016-01-18,Villupuram,Thirukovilur,1242.0,1341.194392554462,1301.7748129554093,1240.313300397247,1293.0935859680176,1294.094022968784
2018-10-05,Villupuram,Thirukovilur,1239.0,1336.0363446176052,1286.4441707730293,1231.8461518734694,1290.4080752283335,1286.1836856231093
2015-10-15,Villupuram,Thirukovilur,1200.0,1339.7948718629777,1290.7380322925746,1235.8484523370862,1292.4019053578377,1289.695815462619
2017-06-12,Villupuram,Thirukovilur,1240.0,1333.4672649390996,1270.7087131217122,1228.0587585642934,1284.9768355488777,1279.3028930434957
2017-03-14,Villupuram,Thirukovilur,1150.0,1324.265758227557,1257.4654050171375,1220.0309542939067,1275.4343225620687,1269.2991100251675
2016-10-27,Villupuram,Thirukovilur,1425.0,1312.6616005785763,1244.2390850745142,1209.4466388225555,1264.9783160537481,1257.8314101323485
2017-05-25,Villupuram,Thirukovilur,1249.0,1302.0942732691765,1234.7544423304498,1207.2761594317853,1267.534551024437,1252.9148565139621
2017-05-29,Villupuram,Thirukovilur,1380.0,1305.983043089509,1257.5325289741158,1211.3157509826124,1269.9347158893943,1261.1915097339079
2015-10-07,Villupuram,Thirukovilur,1234.9999999999998,1301.1421075090766,1261.7721112444997,1205.986025929451,1278.7174575030804,1261.904425546527
2017-02-22,Villupuram,Thirukovilur,1129.0,1309.466583095491,1286.600793339312,1211.8360307067633,1283.4988654591143,1272.8505681501701
2017-03-16,Villupuram,Thirukovilur,1169.0,1314.1489624977112,1269.0185981802642,1218.2556223124266,1284.1112679801881,1271.3836127426475
2017-07-03,Villupuram,Thirukovilur,1229.0,1322.8246648795903,1267.2835958190262,1222.5211702287197,1285.844198614359,1274.6184073854238
2016-12-28,Villupuram,Thirukovilur,1132.0,1321.3656165637076,1247.8519008494914,1215.7321206294,1280.3102012723684,1266.3149598287418
2017-03-30,Villupuram,Thirukovilur,1233.0,1320.5066785216331,1231.478213146329,1216.9367608614266,1276.6589894890785,1261.3951605046168
2017-03-22,Villupuram,Thirukovilur,1385.0,1326.8631515093148,1241.2598034366965,1222.5511412136257,1283.0593830905855,1268.4333698125556
2017-06-05,Villupuram,Thirukovilur,1175.0,1327.3446208797395,1249.8646527528763,1224.2390463128686,1301.4623965136707,1275.7276791147888
2017-08-07,Villupuram,Thirukovilur,1213.0,1324.6435031294823,1245.9457738325,1220.3314928337932,1303.6790063604712,1273.6499440390617
2016-09-23,Villupuram,Thirukovilur,1270.0,1332.7591486275196,1256.999404542148,1228.955816384405,1307.4075626209378,1281.5304830437526
2016-10-04,Villupuram,Thiryagadurgam,1169.0,1336.3603627309203,1262.5868524424732,1237.0425958186388,1326.2591740116477,1290.56224625092
2015-01-06,Coimbatore,Thondamuthur,1218.9999999999998,1336.00885970518,1272.1000850200653,1244.7876784019172,1326.235694438219,1294.7830793913454
2015-04-08,Coimbatore,Thondamuthur,1247.0,1330.8567507192492,1268.122783396393,1239.4723173230886,1320.5514278262854,1289.750819816254
2016-04-27,Villupuram,Tindivanam,1450.0,1341.1519912071526,1281.859853118658,1246.2445168755949,1319.7735633701086,1297.2574811428785
2017-05-24,Villupuram,Tindivanam,1232.0,1336.1703163012862,1261.3690912723541,1238.220579829067,1311.8957521393895,1286.9139348855242
2017-04-19,Villupuram,Tindivanam,1220.0,1341.074646729976,1264.4976753741503,1242.4236997030675,1310.4090807959437,1289.6012756507844
2017-12-07,Namakkal,Tiruchengode,1300.0,1342.6191883161664,1264.4902171567082,1244.8224834166467,1309.5674071460962,1290.3748240089044
2015-05-20,Cuddalore,Tittakudi,1409.0,1344.8142522014678,1247.9865631088614,1255.6534725241363,1338.9681146480143,1296.85560062062
2015-08-10,Cuddalore,Tittakudi,1395.0000000000002,1355.9362499043345,1277.0856271497905,1264.0514253638685,1336.906193755567,1308.4948740433902
2015-02-17,Cuddalore,Tittakudi,1210.0,1357.8081243671477,1291.4602363482118,1266.6644256561995,1345.4461289569736,1315.3447288321331
2018-03-19,Cuddalore,Tittakudi,1239.0,1365.2181396260858,1312.8368686884642,1269.8819559067488,1340.7236961647868,1322.1651650965214
2015-03-02,Cuddalore,Tittakudi,1150.0,1365.8737721852958,1317.4660737626255,1268.8336620107293,1333.6901827715337,1321.465922682546
2015-04-06,Cuddalore,Tittakudi,1220.0,1356.0797515325248,1293.5122129507363,1257.0499546825886,1319.7372390888631,1306.5947895636782
2018-06-26,Cuddalore,Tittakudi,1201.0,1347.1196700818837,1270.457343570888,1246.6719832271338,1305.2526902407408,1292.3754217801616
2018-08-21,Cuddalore,Tittakudi,1244.0,1340.4517474584281,1256.773448176682,1239.3021594733,1293.8894053921103,1282.6041901251301
2015-04-13,Cuddalore,Tittakudi,1210.0,1347.2633098252118,1272.0379332080483,1246.9635442830622,1294.8302457109094,1290.273758256808
2016-07-11,Cuddalore,Tittakudi,1350.0,1347.193561680615,1278.6482618190348,1256.0982032679021,1298.0143520981073,1294.9885947164148
2016-10-06,Cuddalore,Tittakudi,1280.0,1341.3297453895211,1278.525339346379,1251.8427377566695,1312.7283101901412,1296.1065331706777
2015-09-03,Cuddalore,Tittakudi,1178.9999999999998,1345.9537020884454,1297.3632773384452,1255.9589832089841,1330.2565023303032,1307.3831162415445
2016-02-03,Cuddalore,Tittakudi,1290.0,1357.7474918216467,1328.7448321469128,1262.0557997375727,1331.295542512089,1319.9609165545553
2016-05-23,Cuddalore,Tittakudi,1150.0,1363.2245857268572,1343.545388430357,1268.145296163857,1345.6296839751303,1330.1362385740504
2016-02-24,Cuddalore,Tittakudi,1181.0,1372.2316263243556,1367.4788082018495,1273.326271213591,1346.7433063313365,1339.9450030177832
2016-03-04,Cuddalore,Tittakudi,1209.0,1372.320434357971,1355.6042211130261,1269.7892806492746,1341.2627595476806,1334.744173916988
2016-10-24,Cuddalore,Tittakudi,1380.0,1378.3534416928887,1359.023399464786,1273.883151449263,1339.0226701274514,1337.5706656835973
2016-05-30,Cuddalore,Tittakudi,1233.0,1376.8066902644932,1355.716646835208,1273.9397786557674,1348.1008400209248,1338.6409889440984
2017-01-18,Cuddalore,Tittakudi,1230.0,1378.1613235361874,1357.082605548203,1280.4427918046713,1345.3632598742843,1340.2624951908365
2017-01-12,Cuddalore,Tittakudi,1249.0,1372.0813570544124,1350.5938182584941,1272.4586319178343,1336.2016684375703,1332.8338689170778
2017-03-01,Cuddalore,Tittakudi,1350.0,1375.5334068089724,1356.8688033148646,1272.824084572494,1329.8703324049711,1333.7741567753255
2017-04-03,Cuddalore,Tittakudi,1190.0,1369.0758335404098,1337.3210916295648,1264.868376404047,1333.8376897387207,1326.2757478281856
2018-05-15,Coimbatore,Udumalpet,1249.0,1359.4737929292023,1315.8633857034147,1251.3223199173808,1320.655014179647,1311.8286281824112
2018-02-19,Coimbatore,Udumalpet,1228.0,1358.083387836814,1314.526293054223,1248.4717615880072,1310.5344893410802,1307.903982955031
2015-02-05,Coimbatore,Udumalpet,1160.0,1367.6687165163457,1308.322851639241,1256.0553875751793,1319.1206931136549,1312.7919122111052
2015-02-23,Coimbatore,Udumalpet,1395.0000000000002,1362.822808790952,1275.803780555725,1249.6704628691077,1315.8940472640097,1301.0477748699486
2015-01-28,Coimbatore,Udumalpet,1223.0,1361.4753575064242,1250.8414030075073,1251.8055847845972,1338.9921466819942,1300.7786229951307
2015-02-12,Coimbatore,Udumalpet,1229.0,1365.142314415425,1266.1652775481343,1262.0910190977156,1346.2068671360612,1309.901369549334
2015-05-01,Coimbatore,Udumalpet,1166.0,1363.1957196630538,1265.2477786876261,1257.502419874072,1340.7869528979063,1306.6832177806646
2015-05-27,Coimbatore,Udumalpet,1129.0,1361.2969127483666,1251.6105662100017,1252.5044473819435,1331.7901328206062,1299.3005147902295
2016-02-08,Coimbatore,Udumalpet,1189.0,1370.5125072039664,1255.676952097565,1260.6254793703556,1333.6827245540917,1305.1244158064947
2017-03-03,Coimbatore,Udumalpet,1280.0,1374.1110971197486,1247.3733318969607,1264.589245710522,1337.6221826300025,1305.9239643393084
2017-11-03,Villupuram,Ulundurpettai,1269.0,1376.323287282139,1242.2550611197948,1272.380182519555,1352.7250729501247,1310.9209009679034
2015-12-21,Villupuram,Ulundurpettai,1200.0,1374.81658924371,1205.8501206338406,1272.6934276521206,1373.8579320721328,1306.804517400451
2018-03-08,Villupuram,Ulundurpettai,1058.0,1371.3898145593703,1201.700175087899,1261.652779765427,1361.184348911047,1298.9817795809358
2015-01-22,Villupuram,Ulundurpettai,1000.0,1367.0155700296164,1209.2618407681584,1257.3988335207105,1350.6667430512607,1296.0857468424365
2018-01-25,Villupuram,Ulundurpettai,1173.0,1378.3124214969575,1255.803327448666,1263.292068336159,1346.9731299206614,1311.095236800611
2018-02-21,Villupuram,Ulundurpettai,1239.0,1380.391468666494,1269.054646231234,1260.9541933983564,1344.755000807345,1313.7888272758573
2015-11-02,Villupuram,Ulundurpettai,1025.0,1384.0705797076225,1280.4079867899418,1261.5003006532788,1345.8909978158772,1317.96746624168
2017-10-05,Villupuram,Ulundurpettai,1226.0,1395.343261025846,1300.8951576426625,1269.7613813914359,1351.8958296626806,1329.4739074306563
2016-02-10,Villupuram,Ulundurpettai,1200.0,1402.3937625810504,1313.9486955478787,1277.331472095102,1358.6303237825632,1338.0760635016486
2018-09-26,Villupuram,Ulundurpettai,1218.0,1395.1474137604237,1298.25191013515,1268.3747054077685,1352.7236917987466,1328.6244302755222
2018-04-30,Villupuram,Ulundurpettai,1192.0,1397.484736237675,1309.1074837371707,1270.071864221245,1352.5513241067529,1332.303852075711
2016-02-12,Villupuram,Ulundurpettai,1178.9999999999998,1391.2438656203449,1299.1891594603658,1263.1286781281233,1346.714440267533,1325.0690358690917
2017-12-01,Villupuram,Ulundurpettai,1206.0,1396.6821491718292,1322.8631990030408,1267.6222541369498,1347.1791977062821,1333.5867000045255
2016-05-11,Villupuram,Ulundurpettai,1256.0,1405.52276102826,1345.1798429712653,1277.4313293397427,1355.0335293635726,1345.7918656757101
2015-11-05,Villupuram,Ulundurpettai,1280.0,1407.5787429697812,1349.19871725142,1280.2810589782894,1360.4288591071963,1349.3718445766717
2017-09-18,Villupuram,Ulundurpettai,1425.0,1409.4555895775557,1347.0988146960735,1286.3487332127988,1369.8484496213496,1353.1878967769444
2016-05-23,Villupuram,Ulundurpettai,1200.0,1419.4306791760027,1328.2523135654628,1310.1321599446237,1388.2741139270365,1361.5223166532815
2017-10-23,Villupuram,Ulundurpettai,1169.0,1424.3022763170302,1346.849240642041,1313.6665263213217,1380.0858198665082,1366.2259657867253
2016-03-07,Villupuram,Ulundurpettai,1239.0,1416.4920033887029,1346.724246442318,1300.9066211991012,1365.5965751037002,1357.4298615334556
2015-03-04,Villupuram,Ulundurpettai,1150.0,1412.1612651273608,1354.0357856079936,1293.2845992036164,1356.8315122276545,1354.0782905416563
2018-11-15,Villupuram,Ulundurpettai,1229.0,1400.911234691739,1340.5810232274234,1278.5526861436665,1345.1150669716299,1341.2900027586147
2018-06-20,Villupuram,Ulundurpettai,1007.0,1401.078215893358,1354.60882531479,1276.871272455901,1343.4313053265214,1343.9974047476426
2016-07-22,Villupuram,Ulundurpettai,1210.0,1403.324382379651,1374.3826314806938,1279.907043185085,1347.0148406922817,1351.157224434428
2015-07-09,Villupuram,Ulundurpettai,1236.0,1397.292341850698,1361.381853558123,1279.352372791618,1351.8263577483594,1347.4632314871997
2016-04-21,Villupuram,Ulundurpettai,1149.0,1389.9890895932913,1355.3650056943297,1270.2369118109345,1347.1018532291055,1340.6732150819153
2015-10-28,Villupuram,Ulundurpettai,1244.0,1397.5905324332416,1380.7823345065117,1272.816626355052,1345.4584212042391,1349.161978624761
2017-09-07,Villupuram,Ulundurpettai,1129.0,1399.5017697103322,1355.4199755191803,1276.3418771326542,1355.4835084825754,1346.6867827111855
2017-02-07,Villupuram,Ulundurpettai,1169.0,1404.372261930257,1338.0136009305716,1282.1417461149395,1361.2717757932842,1346.449846192263
2016-05-25,Villupuram,Ulundurpettai,996.0,1419.508299883455,1346.4147304184735,1289.9057504720986,1363.6773271486163,1354.8765269806609
2017-05-22,Villupuram,Ulundurpettai,1262.0,1432.153293211013,1356.412747129798,1296.8300147913396,1367.3469082452357,1363.1857408443466
2016-01-25,Villupuram,Ulundurpettai,1239.0,1431.920569203794,1305.628225300461,1297.0594240352511,1388.0082422867417,1355.654115206562
2015-10-16,Villupuram,Ulundurpettai,1218.9999999999998,1435.744563024491,1298.0463948100805,1297.3033353686333,1385.4470351710916,1354.135332093574
2017-07-20,Villupuram,Ulundurpettai,1208.0,1430.0955157727003,1279.6567785553634,1288.9176747761667,1371.1173133924603,1342.4468206241727
2016-12-22,Villupuram,Ulundurpettai,1160.0,1428.713950049132,1285.7828754931688,1295.2922408469021,1367.561539169401,1344.337651389651
2017-08-23,Villupuram,Ulundurpettai,1205.0,1418.3402601629496,1273.4240567311645,1285.6692067347467,1358.8002054020762,1334.0584322577342
2017-03-03,Villupuram,Ulundurpettai,1420.0,1420.935719832778,1279.6011181548238,1288.7649194337428,1356.9817814975977,1336.5708847297356
2015-10-23,Villupuram,Ulundurpettai,1183.0,1428.2413200475276,1289.1004011034966,1297.239940520376,1355.8995112776756,1342.620293237269
2018-10-31,Dindigul,Vedachandur,1162.0,1423.3213826082647,1271.7811771668494,1293.771455064416,1356.609561201185,1336.3708940101787
2018-11-21,Dindigul,Vedachandur,1139.0,1414.9942828342319,1255.3080465644598,1287.0219063945115,1351.4491653069854,1327.1933502750471
2015-01-02,Vellore,Vellore,1262.0,1418.5908010229468,1267.1342933550477,1293.601435329765,1355.0430593080819,1333.5923972539604
2018-05-28,Vellore,Vellore,1246.0,1418.1087791919708,1270.184980519116,1295.6547930836678,1359.3773885630071,1335.8314853394404
2016-12-21,Vellore,Vellore,1226.9999999999998,1413.9588336460292,1232.1418563835323,1297.366453986615,1374.9611957930028,1329.6070849522948
2016-03-04,Vellore,Vellore,1159.0,1415.705990139395,1251.7885966226459,1303.6584272049367,1377.7181120589375,1337.2177815064788
2018-06-25,Vellore,Vellore,1135.0,1412.5022714026272,1264.6482208743691,1295.3139249235392,1369.604814518243,1335.5173079296947
2018-08-30,Vellore,Vellore,1207.0,1421.747146267444,1298.7752283923328,1297.9267871007323,1365.9084390848875,1346.0894002113491
2018-01-30,Vellore,Vellore,1425.0,1429.848013445735,1316.0445927642286,1302.6286407373846,1371.2333301082253,1354.9386442638934
2018-03-12,Vellore,Vellore,1192.0,1439.2019992694259,1297.4895145744085,1327.1073390729725,1392.532617971301,1364.082867722027
2017-07-24,Vellore,Vellore,1250.0,1428.837563097477,1280.5670954287052,1315.1435296051204,1378.7180656567216,1350.816563447006
2017-12-18,Vellore,Vellore,1100.0,1427.9621893540025,1264.0418954193592,1328.9866717532277,1381.2952941283584,1350.571512663737
2018-08-27,Vellore,Vellore,1380.0,1427.0812910050154,1289.8303396068513,1325.2209625206888,1369.0185157582164,1352.787777222693
2017-07-31,Vellore,Vellore,1189.0,1428.194499015808,1318.9175257459283,1323.6244896426797,1359.5632915385067,1357.5749514857307
2017-06-14,Vellore,Vellore,1256.0,1423.5887735150754,1331.7578138783574,1316.467915661633,1360.262154135853,1358.0191642977297
2015-11-30,Vellore,Vellore,1139.0,1419.2190867848694,1345.8704186603427,1317.7436851896346,1367.7783799357712,1362.6528926426545
2015-04-13,Villupuram,Vikkiravandi,1500.0,1422.8205771185458,1369.2219593562186,1319.6680434048176,1376.05009553954,1371.9401688547805
2016-08-11,Villupuram,Vikkiravandi,1178.9999999999998,1425.8522043935955,1359.5674349926412,1331.4668052829802,1387.261868081987,1376.037078187801
2015-06-15,Villupuram,Villupuram,1252.0,1419.7796961292624,1349.3669414892793,1319.8897182010114,1380.3456144407392,1367.345492565073
2015-06-30,Villupuram,Villupuram,1192.0,1417.4688917584717,1357.8259412199259,1320.4017110168934,1375.7673738524318,1367.8659794619307
2017-05-10,Villupuram,Villupuram,1236.0,1410.057081002742,1357.8090911731124,1308.580298256129,1369.6059194393456,1361.5130974678323
2016-12-05,Villupuram,Villupuram,1209.0,1411.7902878671885,1371.9821903854609,1304.7430453822017,1368.2098516263068,1364.1813438152894
2016-04-05,Villupuram,Villupuram,1425.0,1408.5780059918761,1367.1398736536503,1304.5742686837912,1373.6633278429508,1363.488869043067
2016-01-06,Villupuram,Villupuram,1149.0,1414.8053413257003,1353.6333180963993,1326.0699562728405,1391.0517474636436,1371.390090789646
2017-04-20,Villupuram,Villupuram,1239.0,1419.4779145531356,1375.6356120109558,1325.6192865781486,1383.6484998464584,1376.0953282471746
2017-05-04,Villupuram,Villupuram,1199.0,1417.8467747755349,1383.7396558374166,1318.8446009531617,1377.0649655722082,1374.3739992845803
2017-01-09,Villupuram,Villupuram,1005.0,1406.640941184014,1364.0169522725046,1301.2386499904096,1365.4233787208796,1359.329980541952
2017-05-23,Villupuram,Villupuram,1134.0,1395.480271242559,1345.1323313638568,1292.6594900898635,1360.555648803711,1348.4569353749976
2016-09-01,Villupuram,Villupuram,1170.9999999999998,1400.4881880246103,1366.6421066969633,1293.5088981874287,1361.1683275550604,1355.4518801160157
2017-11-23,Villupuram,Villupuram,1240.0,1396.7944367788732,1363.9175093732774,1285.9082840383053,1357.263812609017,1350.9710106998682
2018-05-11,Villupuram,Villupuram,1229.0,1394.37314029783,1372.7235924452543,1290.005745831877,1362.3472783714533,1354.8624392366037
2017-09-20,Villupuram,Villupuram,1425.0,1398.7797037698328,1398.0155127122998,1294.1526528447866,1369.9060436338186,1365.2134782401845
2017-08-29,Villupuram,Villupuram,1194.0,1403.956949710846,1384.204965736717,1313.4161235764623,1388.5232736356556,1372.5253281649202
2018-08-13,Villupuram,Villupuram,1200.0,1396.5697234496474,1372.8695801459253,1304.0694578550756,1380.71921588853,1363.5569943347946
2017-08-28,Villupuram,Villupuram,1220.0,1384.4950075261295,1352.9441235587,1285.8976491726935,1362.355012819171,1346.4229482691735
2015-12-22,Cuddalore,Virudhachalam,1110.0,1381.9618377834558,1356.280985288322,1277.7068690396845,1353.1630360521376,1342.2781820409
2015-12-09,Cuddalore,Virudhachalam,1189.0,1386.5040303207934,1383.3333211019635,1279.7636796720326,1352.7695460245013,1350.5926442798227
2015-05-20,Cuddalore,Virudhachalam,1429.9999999999998,1379.9758802168071,1376.991764549166,1271.4175200089812,1352.2657020017505,1345.1627166941762
2015-05-06,Cuddalore,Virudhachalam,1247.0,1374.7033348307014,1323.2734009623528,1275.9080574847758,1357.4085572734475,1332.8233376378193
2015-05-19,Cuddalore,Virudhachalam,1249.0,1379.8963258974254,1309.2938010580838,1279.5011227950454,1356.6204722970724,1331.3279305119067
2018-04-04,Cuddalore,Virudhachalam,1128.0,1376.2908302247524,1287.4844539910555,1270.5134183168411,1342.6484687253833,1319.234292814508
2018-03-26,Cuddalore,Virudhachalam,1121.0,1385.3819829411805,1303.3469775691628,1274.4020500220358,1338.7432632036507,1325.4685684340075
2015-06-23,Cuddalore,Virudhachalam,1159.0,1383.2284917123616,1292.2615803778172,1273.7951721064746,1344.4867812097073,1323.4430063515902
2016-12-16,Cuddalore,Virudhachalam,1269.0,1382.6815557666123,1293.9888482913375,1274.9796475283802,1350.7265469059348,1325.5941496230662
2016-07-29,Cuddalore,Virudhachalam,1379.0000000000002,1389.3244795501232,1311.6713150404394,1283.5827013477683,1361.938043218106,1336.6291347891092
2016-10-27,Cuddalore,Virudhachalam,1258.9999999999998,1398.7041547894478,1302.8360896743834,1290.7648266293108,1391.2922059185803,1345.8993192529306
2017-06-12,Cuddalore,Virudhachalam,1277.0,1409.6203609369695,1310.3925069794059,1292.0020620338619,1395.8816338330507,1351.974140945822
2017-06-21,Cuddalore,Virudhachalam,1186.0,1425.721547473222,1323.4272612258792,1299.1826680488884,1398.6588530242443,1361.7475824430585
2017-04-10,Cuddalore,Virudhachalam,1239.0,1420.9826789796352,1301.0919717140496,1289.8909721523523,1389.8910278454423,1350.4641626728699
2016-09-22,Cuddalore,Virudhachalam,1289.0,1413.8106361031532,1276.654155459255,1279.549324978143,1377.451273612678,1336.8663475383073
2017-04-19,Cuddalore,Virudhachalam,1242.0,1408.0254073254764,1232.979662809521,1278.6075178533792,1382.3452454060316,1325.489458348602
2017-04-21,Cuddalore,Virudhachalam,1379.0000000000002,1409.539149235934,1251.9903828389943,1286.0871431417763,1382.7862470410764,1332.6007305644453
2017-07-06,Cuddalore,Virudhachalam,1281.0,1413.527914416045,1264.0804295428097,1290.992302261293,1398.1717209331691,1341.6930917883292
2017-07-17,Cuddalore,Virudhachalam,1425.0,1423.1421091593802,1294.581224117428,1292.84622175619,1396.3561974465847,1351.7314381198958
2016-08-24,Cuddalore,Virudhachalam,1178.9999999999998,1433.685542549938,1296.1043578572571,1314.3809959292412,1408.0816201865673,1363.063129130751
2018-10-09,Cuddalore,Virudhachalam,1216.0,1430.3133233450353,1298.382843285799,1313.848976418376,1399.6107425540686,1360.5389714008197
2015-12-08,Cuddalore,Virudhachalam,1194.0,1437.5924054533243,1325.0567436218262,1314.8438197560608,1393.6339480802417,1367.7817292278633
2018-05-18,Cuddalore,Virudhachalam,1429.9999999999998,1434.6995838917792,1321.4867435395718,1305.8597062714398,1385.7627663761377,1361.9522000197321
2015-05-18,Cuddalore,Virudhachalam,1096.0,1426.866798195988,1263.720225263387,1306.1898014508188,1382.4656818062067,1344.8106266791
2015-07-15,Cuddalore,Virudhachalam,1245.0,1424.9481027014554,1277.9052023775876,1303.426117543131,1370.3132070600986,1344.1481574205682
2015-07-07,Cuddalore,Virudhachalam,1233.0,1424.2984090931714,1301.0501228272915,1301.267516054213,1367.1165321953595,1348.4331450425088
2018-02-02,Cuddalore,Virudhachalam,1180.0,1418.0306060239673,1318.8553739339113,1302.4664935655892,1372.951344307512,1353.075954457745
2015-11-13,Cuddalore,Virudhachalam,1324.0,1412.7760156057775,1330.1516729407012,1295.9836452268064,1374.8107884079218,1353.4305305453017
2018-11-20,Cuddalore,Virudhachalam,1256.0,1412.6971518620849,1340.501192677766,1293.7311254441738,1374.9397879466414,1355.4673144826666
2015-09-21,Cuddalore,Virudhachalam,1279.0,1406.8693836219609,1326.907900813967,1285.6089885346591,1369.94388718158,1347.3325400380418
2016-04-27,Cuddalore,Virudhachalam,1269.0,1406.1463508754969,1332.989386562258,1290.9632980823517,1375.5200096406043,1351.4047612901777
2018-05-16,Cuddalore,Virudhachalam,1330.0,1400.2328131347895,1324.3866089731455,1281.8717310205102,1372.7871254086494,1344.8195696342736
2018-05-21,Cuddalore,Virudhachalam,1220.0,1409.8449361510575,1338.9917323365808,1287.9439630545676,1369.802457280457,1351.6457722056657
2018-11-22,Cuddalore,Virudhachalam,1269.0,1405.5296667851508,1305.2010351791978,1280.184792727232,1360.009955894202,1337.7313626464456
2016-04-13,Cuddalore,Virudhachalam,1215.0,1417.7266146056354,1318.8559263944626,1283.6752384901047,1363.8143373653293,1346.018029213883
2016-05-03,Cuddalore,Virudhachalam,1293.0,1414.8215007968247,1307.726332359016,1275.0713559798896,1358.867053128779,1339.1215605661273
2016-04-28,Cuddalore,Virudhachalam,1190.0,1408.447072841227,1295.2126865275204,1264.6352380514145,1354.674706235528,1330.7424259139225
2016-12-21,Cuddalore,Virudhachalam,1129.0,1404.347677435726,1289.7401504218578,1260.0743999704719,1352.5120994076133,1326.6685818089172
2015-08-24,Cuddalore,Virudhachalam,1233.0,1395.007226895541,1278.1569862738252,1253.8119833916426,1351.906050182879,1319.720561685972
2015-08-10,Cuddalore,Virudhachalam,1425.0,1402.480913233012,1304.7369683161378,1259.6488672308624,1358.0043859779835,1331.217783689499
2015-07-14,Cuddalore,Virudhachalam,1429.9999999999998,1411.8246785365045,1302.2214773111045,1284.906258713454,1377.2697903215885,1344.055551220663
2016-10-17,Cuddalore,Virudhachalam,1339.0000000000002,1407.7663033269346,1252.8020855039358,1293.1805985048413,1379.5093272812665,1333.3145786542445
2018-10-30,Cuddalore,Virudhachalam,1429.9999999999998,1401.809535548091,1255.3119137883186,1284.2926131561399,1362.0858264155686,1325.8749722270295
2017-10-10,Cuddalore,Virudhachalam,1151.0,1392.3951934091747,1220.3897774219513,1282.8429566696286,1350.6106683053076,1311.5596489515156
2017-08-11,Cuddalore,Virudhachalam,1345.0,1378.5473553463817,1230.1459545269608,1267.413976509124,1331.9930239580572,1302.025077585131
2016-10-07,Cuddalore,Virudhachalam,1250.0,1378.0167169868946,1277.578560076654,1265.7053541392088,1324.7086934745312,1311.5023311693221
2015-09-08,Cuddalore,Virudhachalam,1255.0,1367.9769895039499,1296.0672048851848,1252.9552551917732,1323.0435773730278,1310.010756738484
2016-11-07,Villupuram,Ulundurpettai,1170.9999999999998,1369.566004164517,1333.2823287695646,1254.3920669704676,1333.4327361546457,1322.6682840147987
2015-06-24,Villupuram,Ulundurpettai,1339.0000000000002,1367.6716169342399,1347.1204987727106,1258.7581627070904,1350.988413207233,1331.1346729053184
2018-07-12,Villupuram,Ulundurpettai,1120.0,1372.5887920707464,1373.3793631196022,1261.9284575805068,1361.9521309621632,1342.4621859332547
2015-06-11,Villupuram,Ulundurpettai,1258.9999999999998,1377.621983923018,1392.2469958662987,1270.1264197006822,1374.5258568786085,1353.6303140921518
2018-07-18,Villupuram,Ulundurpettai,1429.9999999999998,1390.157037600875,1424.791203904897,1278.9573634974658,1386.6099646314979,1370.128892408684
2016-04-15,Villupuram,Ulundurpettai,1429.9999999999998,1392.911329679191,1375.2809323370457,1288.1388435140252,1395.2903629280627,1362.9053671145812
2016-02-18,Villupuram,Ulundurpettai,1300.0,1389.0097151510417,1310.8783960342407,1292.159237060696,1389.3780682235956,1345.3563541173935
2015-12-02,Villupuram,Ulundurpettai,1344.0,1392.496708035469,1295.7217789255083,1288.3468449115753,1377.9484881088138,1338.6284549953416
2018-11-13,Villupuram,Ulundurpettai,1429.9999999999998,1390.7755171880126,1254.8227099701762,1280.0132537260652,1371.6038930229843,1324.3038434768096
2015-03-19,Villupuram,Ulundurpettai,1270.0,1392.1237971633673,1210.9102449379861,1280.7786878198385,1360.8907161280513,1311.1758615123108
2015-06-05,Villupuram,Ulundurpettai,1138.0,1391.7880392633379,1227.6217622682452,1273.836054187268,1340.7246629707515,1308.4926296724007
2018-08-02,Villupuram,Ulundurpettai,1300.0,1383.2029404118657,1237.9961427301168,1265.384788904339,1332.4912052601576,1304.7687693266198
2018-07-13,Villupuram,Ulundurpettai,1391.0,1374.308325536549,1244.686854351312,1251.6345982439816,1325.7714894600213,1299.100316897966
2016-11-08,Villupuram,Ulundurpettai,1210.0,1376.2362747453153,1270.1349828392267,1257.0587940514088,1337.2785521671176,1310.177150950767
2017-09-14,Villupuram,Ulundurpettai,1309.0,1377.3498971015215,1281.2097451649606,1255.8770809322596,1349.0780046209693,1315.8786819549277
2017-05-19,Villupuram,Ulundurpettai,1156.0,1376.0158429853618,1270.8580155856907,1250.3045494668186,1353.9537452161312,1312.7830383135006
2017-09-01,Villupuram,Ulundurpettai,1177.0,1370.429776236415,1240.2162054553628,1240.166622120887,1345.2168578281999,1299.0073654102162
2017-03-06,Villupuram,Ulundurpettai,1248.0,1371.848080586642,1234.643535874784,1235.9516243450344,1345.025844592601,1296.8672713497654
2017-09-22,Villupuram,Ulundurpettai,1349.0,1379.1192901320755,1252.362603135407,1246.9320540316403,1357.508414518088,1308.9805904543027
2015-07-20,Villupuram,Ulundurpettai,1317.0,1389.9962715804577,1274.2194618098438,1255.2724128589034,1371.955119818449,1322.8608165169135
2017-08-17,Villupuram,Ulundurpettai,1279.0,1403.6622120067477,1294.1178478300571,1265.4161410406232,1385.4934418573976,1337.1724106837064
2017-03-17,Villupuram,Ulundurpettai,1103.0,1405.6713729165494,1282.0206191390753,1263.6926022358239,1389.1678569838405,1335.1381128188223
2016-05-02,Villupuram,Ulundurpettai,1284.0,1415.4953645542264,1300.34463070333,1271.2723609991372,1393.651626817882,1345.190995768644
2016-03-10,Villupuram,Ulundurpettai,1375.0,1421.2749306112528,1315.7415681518614,1283.9255031198263,1404.898480605334,1356.4601206220686
2017-02-10,Villupuram,Ulundurpettai,1329.0,1424.778497312218,1327.9585426673293,1290.4519958421588,1412.8211792558432,1364.0025537693873
2016-08-18,Villupuram,Ulundurpettai,1268.0,1437.3353731818497,1353.0479861423373,1299.9492070637643,1419.2237826995552,1377.3890872718766
2015-10-12,Villupuram,Ulundurpettai,1570.0,1439.5576457493007,1342.9932041093707,1303.986036311835,1423.7540973350406,1377.5727458763868
2017-01-06,Villupuram,Ulundurpettai,1306.0,1443.2321989908814,1328.4869711846113,1307.2081243619323,1437.3780507594347,1379.076336324215
2018-09-07,Villupuram,Ulundurpettai,1389.0,1455.540743842721,1349.1865631192923,1310.9140297397971,1433.630158379674,1387.317873770371
2016-09-30,Villupuram,Ulundurpettai,1295.0,1461.982986330986,1359.129748120904,1312.2885515913367,1426.5708174556494,1389.993025874719
2015-10-15,Villupuram,Ulundurpettai,1299.0000000000002,1458.3765238523483,1348.3969588764012,1306.0276542790234,1416.4562315680087,1382.3143421439454
2016-07-20,Villupuram,Ulundurpettai,939.0,1450.6592024117708,1327.4500027298927,1297.0598383806646,1402.9978781938553,1369.5417304290459
2017-02-03,Villupuram,Ulundurpettai,1246.0,1452.8245715424418,1343.2346293702722,1299.9275229871273,1397.5616663694382,1373.3870975673199
2017-04-21,Villupuram,Ulundurpettai,1425.0,1443.9497071318328,1323.9728160202503,1292.1064770780504,1390.7338064163923,1362.6907016616315
2017-05-10,Villupuram,Ulundurpettai,1292.0,1431.7744433879852,1304.3427877128124,1287.5959129072726,1376.9883116707206,1350.1753639196977
2016-07-29,Villupuram,Ulundurpettai,1389.0,1425.0380156561732,1298.779509961605,1282.3461565189064,1370.5535273998976,1344.1793023841456
2017-07-04,Villupuram,Ulundurpettai,1208.0,1427.2558685392141,1309.4018070958555,1284.5532364211977,1371.7715648002923,1348.2456192141399
2016-06-21,Villupuram,Ulundurpettai,1256.0,1423.1462526135147,1307.5520310550928,1280.7448496110737,1373.4119582921267,1346.213772892952
2017-04-07,Villupuram,Ulundurpettai,1140.0,1411.8822725489736,1276.8819073215127,1271.8295174650848,1364.8278262466192,1331.3553808955476
2016-09-06,Villupuram,Ulundurpettai,1288.0,1406.8149662576616,1270.8643688820302,1271.6665416024625,1368.773223273456,1329.5297750039026
2016-06-22,Villupuram,Ulundurpettai,1229.0,1410.6389600783587,1298.0709793046117,1279.502918291837,1376.9568214192986,1341.2924197735265
2016-08-26,Villupuram,Ulundurpettai,1365.0,1426.4548007398844,1343.958490807563,1290.177146717906,1387.8998219035566,1362.1225650422275
2016-07-14,Villupuram,Ulundurpettai,1260.0,1431.223778333515,1361.1755095422268,1292.8565803915262,1394.897839706391,1370.0384269934148
2015-02-16,Vellore,Vellore,1425.0,1439.5576457493007,1384.624835755676,1296.7634432949126,1404.1266932152212,1381.2681545037776
2015-11-05,Vellore,Vellore,1149.0,1434.7839722409844,1373.7489592283964,1293.8613680191338,1397.6577945053577,1375.013023498468
2016-12-30,Vellore,Vellore,1319.0,1431.3712853007019,1372.2556583583355,1288.1784825585783,1397.3448256030679,1372.2875629551709
2017-03-06,Vellore,Vellore,1299.0000000000002,1427.8754530474544,1362.3685481026769,1281.3596000894904,1391.5638783946633,1365.7918699085712
2016-10-27,Vellore,Vellore,927.0,1418.5514382086694,1345.638108998537,1270.5304064787924,1382.849365659058,1354.3923298362643
2018-08-28,Vellore,Vellore,1484.0,1423.136998899281,1370.2054772526026,1273.9055261015892,1383.285809494555,1362.633452937007
2017-07-27,Vellore,Vellore,1389.0,1429.397481866181,1374.5925664901733,1291.0309744998813,1411.668608430773,1376.6724078217521
2016-02-03,Vellore,Vellore,1290.0,1432.2242843918502,1393.5704151168466,1295.9377910010517,1417.8250906988978,1384.8893953021616
2017-09-21,Vellore,Vellore,1238.0,1432.5839362107217,1409.6367966383696,1304.8029873520136,1422.8113234043121,1392.4587609013543
2016-06-07,Vellore,Vellore,1284.0,1439.9650854058564,1440.5221037566662,1311.3722957670689,1426.4407129958272,1404.5750494813547
2016-10-03,Vellore,Vellore,1286.0,1450.775771588087,1433.6283628828824,1319.4502358324826,1436.5280902013183,1410.0956151261926
2018-12-06,Vellore,Vellore,1277.0,1457.6099848374724,1418.8312594778836,1331.124970316887,1442.8164724260569,1412.595671764575
2016-08-01,Vellore,Vellore,1336.0,1468.7564289197326,1417.3853321000934,1339.7603430785239,1446.76463175565,1418.1666839635
2017-09-06,Vellore,Vellore,1329.0,1479.8945860937238,1409.2669242992997,1349.2217824794352,1444.6665246970952,1420.7624543923885
2018-12-10,Vellore,Vellore,1308.0,1479.3696104548872,1386.400305852294,1350.3286371938884,1443.125574104488,1414.8060319013894
2018-12-12,Vellore,Vellore,1169.0,1467.9683439433575,1345.5180869437754,1341.1249206401408,1432.7271616086364,1396.8346282839775
2016-10-21,Villupuram,Vikkiravandi,1252.0,1454.7708900645375,1305.4018545895815,1335.4255994781852,1421.2611190974712,1379.2148658074439
2016-06-27,Villupuram,Vikkiravandi,1356.0,1447.198727633804,1284.413049556315,1328.4720547497272,1407.5995983555913,1366.9208575738594
2016-09-20,Villupuram,Vikkiravandi,1293.0,1439.9396722204983,1236.2328267656267,1326.396598573774,1402.007868885994,1351.1442416114733
2016-11-10,Villupuram,Villupuram,1326.0,1432.404110301286,1219.463439192623,1314.8726858198643,1387.013260833919,1338.438374036923
2017-04-26,Villupuram,Villupuram,1202.0,1423.9248076453805,1213.7929840944707,1303.4309515729547,1372.1835622563958,1328.3330763923004
2016-05-13,Villupuram,Villupuram,1220.0,1420.8321334794164,1225.1644177362323,1307.756993919611,1376.9291983917356,1332.6706858817488
2015-10-01,Villupuram,Villupuram,1299.0000000000002,1430.2732699550688,1268.4346473775804,1315.7040008343756,1385.7717438600957,1350.0459155067801
2016-06-15,Villupuram,Villupuram,1321.0,1435.0915546528995,1296.4354198426008,1327.1929704584181,1403.2616781070828,1365.4954057652503
2016-02-16,Villupuram,Villupuram,1425.0,1433.283627498895,1300.3924185410142,1323.2474353164434,1411.6967839188874,1367.15506631881
2015-09-21,Villupuram,Villupuram,1330.0,1444.202595949173,1286.7880774661899,1346.6386150568724,1418.7316784635186,1374.0902417339385
2016-08-01,Villupuram,Villupuram,1291.0000000000002,1450.515286438167,1291.9962611980736,1349.134355597198,1416.8812118470669,1377.1317787701264
2015-10-08,Villupuram,Villupuram,1309.0,1457.2461895644665,1307.369995303452,1349.4246736168861,1417.2861654311419,1382.8317559789866
2017-07-14,Villupuram,Villupuram,1269.0,1455.6412916630507,1311.681259330362,1344.5866384543478,1418.9088801853359,1382.7045174082741
2016-08-05,Villupuram,Villupuram,1299.0000000000002,1458.7528876028955,1331.4216416329145,1346.0697188042104,1422.1218526363373,1389.5915251690894
2016-09-28,Villupuram,Villupuram,1429.9999999999998,1456.5065830014646,1346.6901320032775,1352.4623779579997,1430.9493435546756,1396.6521091293544
2016-08-30,Villupuram,Villupuram,1314.0,1465.9322505816817,1373.7565555609763,1360.3600777685642,1436.568005476147,1409.1542223468423
2018-06-13,Villupuram,Villupuram,1416.0,1470.9084008820355,1389.0464537777007,1363.011474069208,1441.310464963317,1416.0691984230652
2017-10-24,Villupuram,Villupuram,1252.0,1471.3351766578853,1387.575389444828,1361.39911795035,1442.5449380651116,1415.7136555295438
2018-07-11,Villupuram,Villupuram,1340.0,1470.4810726456344,1382.1662481874228,1368.6015461571515,1447.4866976961493,1417.1838911715895
2018-03-07,Villupuram,Villupuram,1353.0,1461.5729224868119,1364.0460945665836,1355.191947426647,1439.1729950904846,1404.9959898926318
2018-08-10,Villupuram,Villupuram,1298.0,1453.0828468501568,1343.3879371732473,1340.091128833592,1423.422897234559,1389.9962025228888
2017-10-09,Villupuram,Villupuram,1279.0,1446.9110338017344,1328.051632270217,1329.4599923305213,1410.2102506905794,1378.658227273263
2017-11-08,Villupuram,Villupuram,1239.0,1445.4086173325777,1337.4506436288357,1334.2157108709216,1410.9698839485645,1382.0112139452249
2018-08-24,Villupuram,Villupuram,1369.0,1452.7624197304249,1374.599472247064,1338.5066719725728,1416.1613557487726,1395.5074799247086
2018-11-14,Villupuram,Villupuram,1379.0000000000002,1448.4685582108796,1371.2885761633515,1331.2567321583629,1418.2662304490805,1392.3200242454186
2018-10-09,Villupuram,Villupuram,1366.0,1450.2233110368252,1371.9357836991549,1329.2392843402922,1420.5842168070376,1392.9956489708275
2017-09-21,Villupuram,Villupuram,1327.0,1442.677114252001,1349.5560211129487,1318.021710962057,1414.9398654699326,1381.2986779492348
2018-09-11,Villupuram,Villupuram,1294.0,1446.4972408488393,1355.6745217181742,1318.8899027183652,1415.0069894269109,1384.0171636780724
2016-02-23,Cuddalore,Virudhachalam,1329.0,1443.2112054899335,1346.6325379908085,1314.5474246703088,1411.8560306727886,1379.0617997059599
2015-01-29,Cuddalore,Virudhachalam,1220.0,1437.313412874937,1332.0894283242524,1307.0868592709303,1404.6317802742124,1370.280370186083
2015-08-17,Cuddalore,Virudhachalam,1424.0,1444.710859656334,1357.3832822032273,1312.0849698781967,1404.4460154138505,1379.6562817879021
2015-03-20,Cuddalore,Virudhachalam,1337.0,1448.4601331874728,1370.665400661528,1315.4610563069582,1408.6419533006847,1385.807135864161
2018-03-27,Cuddalore,Virudhachalam,1202.9999999999998,1457.7950591221452,1392.6878593862057,1324.1663153283298,1415.5901115387678,1397.5598363438621
2017-02-16,Cuddalore,Virudhachalam,1312.0,1455.533976200968,1387.7501050941646,1321.3936539366841,1416.0606698133051,1395.1846012612805
2016-10-18,Cuddalore,Virudhachalam,1316.0,1447.8138924576342,1367.9826522246003,1311.197856348008,1408.1092432141304,1383.7759110610932
2017-03-10,Cuddalore,Virudhachalam,1280.0,1452.875397913158,1379.2318539693952,1312.8860376775265,1406.7551624029875,1387.9371129907668
2017-03-08,Cuddalore,Virudhachalam,1425.0,1458.1595449708402,1362.8884134814143,1333.8490151800215,1409.3547655269504,1391.0629347898066
2017-05-17,Cuddalore,Virudhachalam,1414.0,1459.7930327057838,1344.6323545649648,1353.5072189755738,1402.108140476048,1390.0101866805926
2016-07-04,Cuddalore,Virudhachalam,1343.0,1458.1748757511377,1328.8962063379586,1350.3494925796986,1398.8171329721808,1384.059426910244
2017-06-15,Cuddalore,Virudhachalam,1401.0,1467.3448922112584,1336.1118935979903,1350.1112439669669,1397.781131323427,1387.8372902749106
2017-04-27,Cuddalore,Virudhachalam,1319.0,1474.860013090074,1349.146371614188,1352.6803236454725,1399.0165712311864,1393.9258198952302
2017-03-23,Cuddalore,Virudhachalam,1295.0,1466.7742004618049,1335.6026630848646,1342.0265362598002,1398.558857664466,1385.740564367734
2017-06-23,Cuddalore,Virudhachalam,980.0,1466.5885737165809,1341.1140095442533,1342.0516732148826,1402.3253955878317,1388.0199130158871
2017-01-25,Cuddalore,Virudhachalam,1210.0,1457.9474001191556,1327.4180981330574,1341.0676028579473,1407.7168581075966,1383.5374898044392
2017-02-08,Cuddalore,Virudhachalam,1372.0,1458.6129769682884,1329.1659452021122,1344.3442463874817,1407.9730616882443,1385.0240575615317
2017-07-04,Cuddalore,Virudhachalam,1320.0,1453.4862811677158,1289.7012019529939,1341.5703419595957,1407.5711466372013,1373.0822429293767
2016-08-26,Cuddalore,Virudhachalam,1320.0,1457.2524047456682,1303.5259747877717,1348.2705835253,1411.6654317826033,1380.1785987103358
2015-09-15,Cuddalore,Virudhachalam,1280.0,1453.2387788407505,1304.3523176573217,1338.3528117090464,1409.0460781939328,1376.2474966002628
2015-01-07,Cuddalore,Virudhachalam,1239.0,1451.6954802908003,1300.5926854908466,1329.938561283052,1403.877533506602,1371.5260651428252
2015-05-11,Cuddalore,Virudhachalam,1274.0,1460.6609482318163,1322.1996938809752,1334.4745386391878,1406.657515000552,1380.9981739381328
2018-03-06,Cuddalore,Virudhachalam,1008.0,1470.0751522555947,1342.1788772568107,1343.1648812256753,1417.2966621816158,1393.1788932299241
2018-01-24,Cuddalore,Virudhachalam,1450.0,1462.4998131766915,1326.228926796466,1340.3586578555405,1422.6147855632007,1387.9255458479747
2018-12-18,Cuddalore,Virudhachalam,1312.0,1456.5531278029084,1311.3595891743898,1337.9869447089732,1403.2108517363667,1377.2776283556595
2018-04-30,Cuddalore,Virudhachalam,1312.0,1449.665740225464,1293.9932679757476,1326.0207872837782,1393.7136405147612,1365.8483589999378
2018-04-27,Cuddalore,Virudhachalam,1266.9999999999998,1456.889438163489,1304.4123977422714,1328.2520373351872,1396.22056838125,1371.4436104055494
2018-06-13,Cuddalore,Virudhachalam,1223.0,1460.2954955771565,1318.6867353506386,1337.7180345356464,1409.9519753828645,1381.6630602115765
2018-05-23,Cuddalore,Virudhachalam,1339.0000000000002,1470.8310564048588,1352.138083614409,1345.9927886724472,1422.6270778104663,1397.8972516255453
2015-07-09,Cuddalore,Virudhachalam,1319.0,1467.2265275381505,1343.730186484754,1339.5772024057806,1426.9531201571226,1394.371759146452
2016-05-06,Cuddalore,Virudhachalam,1200.0,1467.7405920810997,1340.5286775901914,1338.778206333518,1427.9627418145537,1393.7525544548407
2018-09-07,Cuddalore,Virudhachalam,1246.0,1473.7128287553787,1361.1976079642773,1343.3607284910977,1428.4906178712845,1401.6904457705095
2015-07-16,Cuddalore,Virudhachalam,1440.0,1468.5567144304514,1353.2662080600858,1338.1956366822124,1428.8027580827475,1397.2053293138742
2015-09-25,Cuddalore,Virudhachalam,1369.0,1457.9020983539522,1332.4881667271256,1335.5780785903335,1407.112604379654,1383.2702370127663
2017-10-06,Cuddalore,Virudhachalam,1423.0,1456.953109242022,1334.223721548915,1333.6439142003655,1405.8967768214643,1382.6793804531917
2017-09-06,Cuddalore,Virudhachalam,1334.0,1465.699250344187,1349.205484893173,1340.773693844676,1407.2171575389802,1390.723896655254
2015-07-21,Cuddalore,Virudhachalam,1299.0000000000002,1468.470944929868,1360.9857393428683,1351.5284433960915,1420.759761147201,1400.4362222040072
2015-07-28,Cuddalore,Virudhachalam,1370.0,1460.9106604009867,1355.5161036550999,1341.4889921434224,1424.2883266881108,1395.551020721905
2018-09-11,Cuddalore,Virudhachalam,1218.9999999999998,1460.5695160105824,1355.7230001315475,1337.805185187608,1416.9958474114537,1392.773387185298
2018-08-30,Cuddalore,Virudhachalam,1320.0,1472.053237259388,1375.4135228693485,1342.732442729175,1421.970892790705,1403.0425239121541
2016-06-14,Cuddalore,Virudhachalam,1095.0,1466.5755908936262,1362.66107596457,1335.1018575951457,1421.129633486271,1396.3670394849032
2018-12-17,Cuddalore,Virudhachalam,1269.0,1458.232331648469,1345.4185059294105,1331.9129171781242,1422.7895012125373,1389.5883139921352
2018-11-07,Dindigul,Gopalpatti,1545.0,1462.7250789664686,1359.9512569606304,1333.372656069696,1423.902018647641,1394.987752661109
2018-10-25,Dindigul,Gopalpatti,1319.0,1461.9615784846246,1347.5847037509084,1335.8641150407493,1432.087550405413,1394.3744869204238
2018-10-15,Dindigul,Gopalpatti,1249.0,1471.29567572847,1376.8082095310092,1340.3843472711742,1434.0337308123708,1405.630490835756
2017-12-01,Villupuram,Kallakurichi,1545.0,1479.966958425939,1409.9812557920814,1345.1754232868552,1435.1919643580914,1417.5789004657418
2015-12-22,Villupuram,Kallakurichi,1440.0,1478.4923030994833,1398.8765224814415,1347.0526842400432,1448.6983818002045,1418.279972905293
2018-05-09,Villupuram,Kallakurichi,1272.0,1473.1000118888915,1387.4178000725806,1346.9198174774647,1429.0294050239027,1409.1167586157098
2015-02-04,Villupuram,Kallakurichi,1319.0,1467.5606280565262,1379.6839048154652,1336.2881285138428,1419.2973980680108,1400.7075148634613
2017-11-24,Villupuram,Kallakurichi,1149.0,1472.0939812250435,1392.8375761955976,1336.7858954705298,1417.6985772326589,1404.8540075309575
2015-02-17,Villupuram,Kallakurichi,1374.0,1466.6631558910012,1380.366607941687,1336.5697452798486,1422.2465706057847,1401.4615199295804
2015-03-02,Villupuram,Kallakurichi,1330.0,1463.5075012221932,1382.9771221615374,1332.6287679374218,1416.679011285305,1398.9481006516144
2015-04-27,Villupuram,Kallakurichi,1292.0,1455.4400579072535,1372.6006699725986,1320.916880480945,1409.7834749147296,1389.6852708188817
2018-02-21,Villupuram,Kallakurichi,1382.0,1451.9062439911067,1365.595193952322,1314.589273557067,1404.7991758212447,1384.222471830435
2018-05-23,Villupuram,Kallakurichi,1366.0,1455.841558612883,1370.1622472144663,1315.4977949336171,1405.5050822906196,1386.7516707628965
2018-04-27,Villupuram,Kallakurichi,1313.0,1455.2018092945218,1380.4904972203076,1325.5945639684796,1415.987468790263,1394.318584818393
2015-04-29,Villupuram,Kallakurichi,1400.0,1446.5935070998967,1381.3626943156123,1317.8641215898097,1415.8214543946087,1390.4104443499818
2016-01-04,Villupuram,Kallakurichi,1194.9999999999998,1435.1190395653248,1362.7196367830038,1309.2248816043139,1391.4021455682814,1374.616425880231
2016-05-06,Villupuram,Kallakurichi,1220.0,1427.9646754264832,1354.3133970350027,1306.384958140552,1395.8012508228421,1371.11607035622
2015-03-23,Villupuram,Kallakurichi,1298.0,1430.7565348222852,1377.1678613498807,1314.2753378488123,1407.8439240343869,1382.5109145138413
2018-05-30,Villupuram,Kallakurichi,1200.0,1431.9104867987335,1397.0777109265327,1310.976181551814,1413.7925430200994,1388.439230574295
2016-02-01,Villupuram,Kallakurichi,1319.0,1442.7511439658701,1431.7241694778204,1313.7297830544412,1419.2189486697316,1401.8560112919658
2018-06-01,Villupuram,Kallakurichi,1378.0,1452.1226704120636,1449.2087172344327,1319.4466448388994,1429.5601814985275,1412.5845534959808
2017-11-20,Villupuram,Kallakurichi,1379.0000000000002,1456.0209701769054,1443.1947697885334,1321.1189429275692,1429.2150317691267,1412.3874286655337
2018-07-31,Villupuram,Kallakurichi,1450.0,1457.4256011284888,1443.9936277456582,1321.681209653616,1432.6934615150094,1413.948475010693
2015-03-20,Villupuram,Kallakurichi,1200.0,1450.0014981254935,1420.61377344653,1319.0318850800395,1412.7772586420178,1400.6061038235202
2015-03-19,Villupuram,Kallakurichi,1249.0,1447.2905742004514,1411.3121332600713,1322.5433243438601,1418.9333265647292,1400.019839592278
2016-02-15,Villupuram,Kallakurichi,1425.0,1441.7531239800155,1408.7739913724363,1315.2914509177208,1416.6763870976865,1395.6237383419648
2018-08-13,Villupuram,Kallakurichi,1440.0,1432.1015000343323,1397.980983927846,1306.181376427412,1390.2068971656263,1381.6176893888041
2016-04-29,Villupuram,Kallakurichi,1300.0,1427.6812631636858,1370.029932912439,1302.627535816282,1372.8827010840178,1368.3053582441062
2016-10-20,Villupuram,Kallakurichi,1261.0,1443.3270840905607,1371.7676975764334,1312.0996100828052,1387.6229010522366,1378.704323200509
2018-09-24,Villupuram,Kallakurichi,1262.0,1453.790825046599,1372.473880276084,1325.1030121929944,1409.852808713913,1390.3051315573975
2018-10-23,Villupuram,Kallakurichi,1359.0,1458.6556545458734,1379.767188243568,1334.697456471622,1432.3991381563246,1401.379859354347
2018-11-13,Villupuram,Kallakurichi,1281.0,1463.7199223041534,1386.4291719160974,1337.5826817005873,1446.8104859814048,1408.6355654755607
2016-05-26,Villupuram,Kallakurichi,1169.0,1455.5142257362604,1359.719499759376,1327.3192076943815,1445.100758690387,1396.9134229701012
2016-04-07,Villupuram,Kallakurichi,1205.0,1459.8102970980108,1366.2371531128883,1330.1741857081652,1444.9072593823075,1400.282223825343
2015-08-20,Villupuram,Kallakurichi,1230.0,1457.6869149692357,1354.8238705843687,1338.5577745735645,1453.6876530386508,1401.189053291455
2017-01-20,Villupuram,Kallakurichi,1277.0,1469.2377601750195,1362.1007428504527,1349.5743904262781,1453.451614268124,1408.5911269299686
2015-07-16,Villupuram,Kallakurichi,1378.0,1465.1836665347219,1345.4751331359148,1347.0205034129322,1450.6614122539759,1402.0851788343862
2016-08-01,Villupuram,Kallakurichi,1310.0,1461.1751508899033,1329.3073751032352,1346.965257357806,1440.02682287246,1394.368651555851
2015-09-10,Villupuram,Kallakurichi,1309.0,1465.7572587020695,1331.1827024444938,1351.9444461911917,1440.6740304082632,1397.3896094365045
2017-03-07,Villupuram,Kallakurichi,1105.0,1459.0380953624845,1311.1823874525726,1345.611176546663,1436.26180421561,1388.0233658943325
2016-08-08,Villupuram,Kallakurichi,1429.9999999999998,1450.7035373710096,1294.0137090161443,1346.2393241934478,1434.8854868672788,1381.4605143619701
2017-04-18,Villupuram,Kallakurichi,1330.0,1444.6560279466212,1242.0811741612852,1353.667294420302,1427.0908209495246,1366.8738293694332
2017-04-27,Villupuram,Kallakurichi,1368.0,1447.5705335848033,1257.3137545958161,1353.8037521764636,1416.9534460641444,1368.9103716053069
2016-08-11,Villupuram,Kallakurichi,1210.0,1446.9998418353498,1275.4579402506351,1348.9365747198462,1413.1463022902608,1371.135164774023
2018-12-18,Villupuram,Kallakurichi,1139.0,1442.3640072345734,1287.5572406686842,1351.7723547294736,1420.1132441870868,1375.4517117049545
2016-04-29,Coimbatore,Karamadai,1294.0,1440.2808166109025,1296.650879457593,1352.6054652407765,1426.5578346326947,1379.0237489854917
2017-03-17,Coimbatore,Karamadai,1340.0,1445.3174613416195,1328.2032826915383,1359.3032207340002,1433.6363735608757,1391.6150845820084
2015-02-13,Tuticorin,Kovilpatti,1323.0000000000002,1462.319849152118,1365.7369000837207,1364.9377658963203,1437.8323114477098,1407.7067066449672
2015-04-27,Tuticorin,Kovilpatti,1307.0000000000002,1474.9631850980222,1385.234890319407,1368.2203483767807,1447.5463634356856,1418.991196807474
2016-07-14,Tuticorin,Kovilpatti,1154.0,1472.370625846088,1367.775617633015,1357.637966517359,1448.805006686598,1411.647304170765
2015-11-23,Cuddalore,Kurinchipadi,1325.0,1467.0856500975788,1348.3562149107456,1347.2402445971966,1443.4755578637123,1401.5394168673083
2017-08-18,Cuddalore,Kurinchipadi,1440.0,1458.3113335072994,1320.7808370701969,1334.945235028863,1431.4364756457508,1386.3684703130275
2018-10-17,Cuddalore,Kurinchipadi,1216.0,1446.5736185200512,1299.7965898364782,1329.3282304890454,1397.8552991524339,1368.3884344995022
2018-05-17,Villupuram,Manalurpet,1313.0,1456.7467652261257,1320.4526755027473,1335.8326247893274,1398.567835148424,1377.899975166656
2018-07-12,Villupuram,Manalurpet,969.9999999999999,1467.539772670716,1346.74814036116,1343.8303199596703,1413.0402298644185,1392.7896157139912
2018-07-13,Villupuram,Manalurpet,1279.0,1475.2233940176666,1374.531519599259,1350.5870506167412,1429.7318586148322,1407.5184557121247
2018-09-14,Villupuram,Manalurpet,1360.0,1480.5974540300667,1387.7728940919042,1363.5176660493016,1451.0374997742474,1420.73137848638
2018-07-17,Villupuram,Manalurpet,1320.0,1486.0996848903596,1399.3086847476661,1368.2184147648513,1463.730695284903,1429.339369921945
2018-02-09,Villupuram,Manalurpet,1299.0000000000002,1477.9949504882097,1379.0202615782619,1355.8083552867174,1459.0701380744576,1417.9734263569117
2016-05-13,Villupuram,Moongilthuraipattu,1218.9999999999998,1482.264089398086,1382.170529756695,1355.3586523979902,1456.0255279764533,1418.9546998823062
2018-03-01,Namakkal,Namagiripettai,1429.9999999999998,1481.3425851985812,1373.9696672186255,1361.0198537819088,1459.1273177415133,1418.8648559851572
2018-02-23,Namakkal,Namagiripettai,1161.0,1484.9313689395785,1359.6808275207877,1381.3498496077955,1451.7282135784626,1419.422564911656
2018-02-01,Namakkal,Namagiripettai,1286.0,1475.2264325506985,1334.0164107270539,1376.664569787681,1439.7225552238524,1406.4074920723215
2018-04-05,Namakkal,Namagiripettai,1212.0,1473.4538628719747,1341.0584872588515,1375.400401931256,1437.4592624604702,1406.8430036306381
2018-01-11,Namakkal,Namagiripettai,1440.0,1470.168518088758,1352.493591979146,1363.7043977156281,1432.4438874609768,1404.7025988111272
2018-03-19,Namakkal,Namagiripettai,1440.0,1460.6824941933155,1347.987723723054,1352.6591920293868,1402.5177899748087,1390.9617999801412
2018-08-31,Cuddalore,Panruti,1311.0,1449.7461232356727,1340.6789468601346,1343.3491268195212,1374.7922809794545,1377.1416194736958
2018-04-04,Cuddalore,Panruti,1077.0,1442.1140188351274,1337.793169170618,1331.0720722191036,1378.3715347759426,1372.337698750198
2018-05-10,Cuddalore,Panruti,1292.0,1447.5922176614404,1364.425358735025,1331.2610137276351,1396.043919119984,1384.830627311021
2016-05-10,Cuddalore,Panruti,1300.0,1452.8687683865428,1387.323191203177,1335.4066777043045,1416.6676858440042,1398.066580784507
2018-10-31,Cuddalore,Panruti,1404.0,1444.9235569685698,1376.4728659763932,1327.341306116432,1424.666209705174,1393.3509846916422
2016-09-21,Cuddalore,Panruti,1377.0,1440.0248892605305,1376.1977406218648,1325.5311691202223,1419.292011577636,1390.2614526450634
2017-01-30,Cuddalore,Panruti,1266.0,1439.7659233771265,1387.029696535319,1324.8186331242323,1424.533619172871,1394.0369680523872
2018-09-18,Cuddalore,Panruti,1425.0,1429.6806178987026,1359.7601056098938,1316.5739880874753,1418.1781129911542,1381.0482061468065
2017-09-15,Cuddalore,Panruti,991.0,1424.7946567833424,1320.5961771309376,1310.622192453593,1413.6128552258015,1367.4064703984186
2017-09-08,Cuddalore,Panruti,1349.0,1439.6318135783076,1356.0546145774424,1315.1482255198061,1414.2230479046702,1381.2644253950566
2017-08-30,Cuddalore,Panruti,1300.0,1448.7816652283072,1384.9404288455844,1325.55091958493,1428.1344189308584,1396.85185814742
2017-10-04,Cuddalore,Panruti,1319.0,1438.6094853281975,1375.3829994238913,1312.6225139945745,1403.8052992895246,1382.605074509047
2017-09-07,Cuddalore,Panruti,1406.0,1432.1977662853897,1369.3903217092156,1299.9084630981088,1401.5283331274986,1375.7562210550532
2016-06-28,Cuddalore,Panruti,1440.0,1433.1879137083888,1372.5782953202724,1299.3345947004855,1398.9198906347156,1376.0051735909656
2017-08-23,Cuddalore,Panruti,1326.0,1426.8737039528787,1363.6447319760919,1296.496604848653,1380.803051777184,1366.954523138702
2016-09-14,Cuddalore,Panruti,1106.0,1421.534448955208,1361.5161014720798,1291.2920121103525,1386.8290152400732,1365.2928944444284
2018-12-20,Cuddalore,Panruti,1429.9999999999998,1433.1597382202744,1393.5687577351928,1298.3310501091182,1400.9244937449694,1381.4960099523887
2015-10-01,Cuddalore,Panruti,1310.0,1425.3081688657403,1388.1332364864647,1293.1945481337607,1387.7510719001293,1373.5967563465238
2016-08-23,Coimbatore,Pethappampatti,1233.0,1426.2144804000854,1401.859671343118,1302.3428805172443,1408.4183448925614,1384.7088442882523
2018-09-25,Coimbatore,Pethappampatti,1300.0,1430.3521336987615,1421.1401302367449,1314.5552972331643,1434.4801189377904,1400.1319200266153
2015-07-31,Coimbatore,Pethappampatti,1400.0,1420.9655527025461,1408.1270600669086,1301.6075555235147,1412.2308751568198,1385.7327608624473
2015-09-14,Coimbatore,Pethappampatti,1725.0,1427.047867141664,1391.5807284414768,1299.0825345739722,1408.9466352947056,1381.6644413629547
2016-08-17,Coimbatore,Pethappampatti,1440.0,1436.1119492910802,1366.9510702602565,1305.2130511961877,1422.2751604393125,1382.6378077967092
2018-05-23,Coimbatore,Pethappampatti,1149.0,1437.491581402719,1349.2644600570202,1302.2489622235298,1399.7023128904402,1372.1768291434273
2018-07-27,Coimbatore,Pethappampatti,1216.0,1442.1343217603862,1338.541753217578,1308.267467468977,1411.5835295058787,1375.131767988205
2018-09-28,Coimbatore,Pethappampatti,1249.0,1444.7453884407878,1331.3983001746237,1306.329573970288,1422.7012456394732,1376.2936270562932
2017-09-13,Coimbatore,Pethappampatti,1303.0,1452.340892329812,1338.535676151514,1312.5587048009038,1436.4073775708675,1384.9606627132744
2018-11-14,Coimbatore,Pethappampatti,1321.0,1460.7730977237225,1350.238309893757,1322.3132245242596,1452.8336871415377,1396.5395798208192
2018-10-26,Coimbatore,Pethappampatti,1306.0,1461.7305118590593,1358.0123966559768,1336.1696257255971,1469.6367748081684,1406.3873272622004
2018-11-27,Coimbatore,Pethappampatti,1313.0,1457.6338787563145,1324.833825789392,1337.9515872336924,1470.4052474349737,1397.7061348035932
2018-12-28,Coimbatore,Pethappampatti,1136.0,1455.8954235166311,1310.9061571769416,1331.7383396439254,1461.4946112036705,1390.0086328852922
2018-12-31,Coimbatore,Pethappampatti,1293.0,1448.2778212055564,1297.6506949402392,1328.1821510754526,1453.4907008521259,1381.9003420183435
2018-12-26,Coimbatore,Pethappampatti,1003.0,1441.1785650067031,1286.7970549501479,1317.2532383352518,1441.4172279648483,1371.6615215642378
2015-08-07,Coimbatore,Pollachi,1116.0,1449.9711127951741,1313.4654306806624,1321.3223865255713,1439.1830774955451,1380.9855018742383
2015-06-08,Coimbatore,Pongalur,1440.0,1460.4228377342224,1345.3535918146372,1331.1512121930718,1446.970561426133,1395.974550792016
2016-07-01,Coimbatore,Pongalur,1400.0,1453.9332217536867,1336.1523613333702,1332.1749215945601,1426.952843926847,1387.303337152116
2018-06-18,Coimbatore,Pongalur,1232.0,1450.6047850474715,1329.5308453962207,1331.46238559857,1419.375156890601,1382.7432932332158
2017-09-21,Coimbatore,Pongalur,1323.0000000000002,1459.97410165146,1337.3431900516152,1339.8227711208165,1433.0667867325246,1392.551712389104
2017-03-02,Coimbatore,Pongalur,1239.0,1472.1877614036202,1352.1190237253904,1350.8284758776426,1451.6641281545162,1406.6998472902924
2017-08-19,Coimbatore,Pongalur,1333.0,1469.8283405043185,1339.7524705156684,1354.1167210787535,1466.7349757626653,1407.6081269653514
2018-07-17,Coimbatore,Pongalur,1206.0,1473.2767992652953,1345.2397849410772,1354.3208552524447,1472.251570597291,1411.272252514027
2018-07-25,Coimbatore,Pongalur,1185.0,1474.3463628925383,1337.8729997202754,1352.2941537201405,1467.8208369761705,1408.0835883272812
2016-02-24,Erode,Punchaipuliyampatti,1565.0,1481.6153625957668,1349.1846295073628,1359.010692872107,1462.2012082487345,1413.0029733059928
2015-01-22,Erode,Punchaipuliyampatti,1309.0,1480.575493723154,1334.3571407720447,1361.9967421516776,1467.0088580809534,1410.9845586819574
2018-10-24,Virudhunagar,Rajapalayam,1161.0,1477.525497134775,1321.2573342956603,1355.3089309483767,1461.1921390518546,1403.8209753576666
2018-11-03,Virudhunagar,Rajapalayam,1460.0,1469.8335888795555,1308.1718917936087,1352.2800659760833,1455.7687719352543,1396.5135796461254
2017-12-15,Salem,Salem,1180.0,1458.171008527279,1308.887880668044,1341.6804197244346,1414.6268965676427,1380.84155137185
2017-12-27,Salem,Salem,1290.0,1458.1606498919427,1312.2533322311938,1337.1807666495442,1411.1093802377582,1379.6760322526097
2015-11-16,Villupuram,Sangarapuram,1205.0,1452.2408969700336,1302.4946690537035,1326.1497868224978,1412.9300139844418,1373.4538417076692
2018-02-28,Villupuram,Sangarapuram,1300.0,1447.5890410132706,1296.8156508170068,1326.0783812962472,1425.0407779589295,1373.8809627713636
2015-01-28,Villupuram,Sangarapuram,1439.0,1463.8563800603151,1329.2876246385276,1337.8013179637492,1439.3609697930515,1392.5765731139109
2018-03-16,Villupuram,Sangarapuram,1329.0,1479.0982142090797,1357.2837011888623,1348.621672205627,1447.515425644815,1408.129753312096
2017-10-23,Villupuram,Sangarapuram,1149.0,1484.872670006007,1367.89605403319,1352.4032646790147,1458.13868958503,1415.8276695758104
2016-02-03,Villupuram,Sangarapuram,1293.0,1496.4605300687253,1391.9755996204913,1360.1345357485116,1466.4108195342124,1428.7453712429851
2018-01-03,Villupuram,Sangarapuram,1257.0,1491.2320434115827,1380.034302920103,1354.604267515242,1469.479185435921,1423.8374498207122
2018-05-11,Villupuram,Sangarapuram,1286.0,1489.566512964666,1387.139774300158,1363.4531662799418,1476.0176941752434,1429.0442869300023
2018-03-02,Villupuram,Sangarapuram,1129.0,1494.8369866237044,1407.1460282430053,1368.2572251185775,1481.849467754364,1438.0224269349128
2015-02-28,Villupuram,Sangarapuram,1069.0,1488.5643495246768,1392.8768008947372,1364.2266110517085,1479.6755354851484,1431.3358242390677
2015-11-13,Villupuram,Sangarapuram,1287.0,1485.3401897475123,1384.4662795774639,1363.67014516145,1479.0563653223217,1428.133244952187
2015-04-22,Villupuram,Sangarapuram,1280.0,1491.0518031567335,1402.7134991250932,1373.4129250980914,1480.679632537067,1436.9644649792463
2017-11-21,Villupuram,Sangarapuram,1313.0,1504.5829432085156,1436.948236450553,1379.9082037992775,1484.393548592925,1451.4582330128178
2018-08-02,Villupuram,Sangarapuram,1310.0,1503.7237289361656,1429.0535751730204,1373.4219025820494,1481.6514106467366,1446.962654334493
2018-07-25,Villupuram,Sangarapuram,1165.0,1495.110454596579,1404.0222781710327,1360.9496912918985,1472.0409450121224,1433.0308422679082
2018-04-12,Villupuram,Sangarapuram,1550.0000000000002,1488.0403406918049,1388.7367996387184,1350.2807112410665,1462.7196924760938,1422.4443860119209
2018-06-07,Villupuram,Sangarapuram,1278.0,1482.5720861554146,1374.4875989854336,1356.7656313069165,1436.8726874701679,1412.6745009794831
2018-06-11,Villupuram,Sangarapuram,1084.0,1487.1983908116817,1383.359148632735,1361.3510538823903,1435.9462111257017,1416.9637011131272
2018-08-14,Villupuram,Sangarapuram,1429.9999999999998,1491.546945925802,1407.703184708953,1364.1065889969468,1441.3023161701858,1426.1647589504719
2016-02-16,Villupuram,Sangarapuram,1109.0,1478.4584648907185,1397.1694193780422,1356.0043406672776,1416.583297494799,1412.0538806077093
2017-11-17,Villupuram,Sangarapuram,1369.0,1466.7791726067662,1379.47369357571,1348.2153374701738,1423.242518864572,1404.4276806293055
2016-11-02,Villupuram,Sangarapuram,1316.0,1470.9727625362575,1390.4183514416218,1348.0149324052036,1435.285053960979,1411.1727750860155
2017-03-07,Villupuram,Sangarapuram,1358.0,1465.3268919326365,1383.1722788512707,1338.2276793941855,1437.8382503986359,1406.1412751441821
2018-10-16,Villupuram,Sangarapuram,1429.9999999999998,1466.158897522837,1393.0256890133023,1337.1525911614299,1444.7531228885055,1410.2725751465186
2015-08-18,Villupuram,Sangarapuram,1242.9999999999998,1455.2965562790632,1381.6146163269877,1331.8665104918182,1418.1793560273945,1396.739259781316
2015-07-08,Villupuram,Sangarapuram,1180.0,1457.9737801104784,1397.9530846700072,1335.5017009191215,1426.5690219588578,1404.4993969146162
2016-03-15,Villupuram,Sangarapuram,1291.0000000000002,1451.7476878128946,1383.8803951628506,1335.9877280890942,1438.4020363911986,1402.5044618640095
2016-10-24,Villupuram,Sangarapuram,1136.0,1462.0833960361779,1412.6358287408948,1342.750535812229,1450.9641606360674,1417.1084803063422
2018-12-17,Villupuram,Sangarapuram,1241.0,1477.2636308334768,1447.1287032589316,1349.8613936826587,1459.3429154716432,1433.3991608116776
2018-10-29,Villupuram,Sangarapuram,1300.0,1480.612232349813,1461.4426799118519,1360.9745520167053,1474.8467540368438,1444.4690545788035
2015-10-13,Villupuram,Sangarapuram,1201.0,1467.4415728077292,1436.9963005185127,1348.798321466893,1444.660585746169,1424.474195134826
2015-09-04,Villupuram,Sangarapuram,1260.0,1464.5104933530092,1425.1254425384104,1339.843350276351,1440.7955717295408,1417.5687144743279
2017-01-04,Villupuram,Sangarapuram,1429.9999999999998,1466.2345846183598,1411.3324361853302,1353.211376350373,1427.5395570322871,1414.5794885465875
2017-08-21,Villupuram,Sangarapuram,1405.0,1451.332789938897,1388.9760150574148,1341.4501817896962,1391.9858201406896,1393.4362017316744
2017-03-01,Villupuram,Sangarapuram,1202.9999999999998,1453.218890260905,1369.8387815617025,1341.2004696205258,1391.4263157173991,1388.9211142901331
2016-10-18,Villupuram,Sangarapuram,1182.0,1452.2618904709816,1348.6307878047228,1335.9375922940671,1407.0255918428302,1385.9639656031504
2015-09-29,Villupuram,Sangarapuram,14300.0,1461.7136618122458,1361.7069765925407,1342.0359280891716,1426.6652882099152,1398.0304636759683
2017-02-10,Villupuram,Sangarapuram,1226.0,1514.182083401829,1357.914887368679,1381.636162288487,1430.1770037040114,1420.9775341907516
2016-10-20,Villupuram,Sangarapuram,1134.0,1537.213887553662,1350.545339845121,1399.258687067777,1451.557227037847,1434.6437853761017
2017-02-07,Villupuram,Sangarapuram,1258.9999999999998,1544.6534594520926,1340.3579672798514,1403.9678608067334,1465.0796658359468,1438.514738343656
2015-10-14,Villupuram,Sangarapuram,1309.0,1557.1992861106992,1357.0063659921288,1406.2844660133123,1473.847352899611,1448.5843677539378
2017-02-09,Villupuram,Sangarapuram,1283.0000000000002,1550.2935292199254,1340.650218911469,1395.161363389343,1472.018017899245,1439.5307823549956
2017-06-29,Villupuram,Sangarapuram,1289.0,1537.2254892252386,1320.0955097563565,1383.479723148048,1465.6183148734272,1426.6047592507675
2017-07-18,Villupuram,Sangarapuram,1260.0,1520.2863581478596,1276.9167123362422,1377.9875746928155,1448.400053102523,1405.89767456986
2016-07-25,Villupuram,Sangarapuram,1405.0,1515.2850708924234,1289.1545422375202,1388.2405519485474,1452.9708354733884,1411.4127501379699
2016-09-15,Villupuram,Sangarapuram,1218.9999999999998,1523.834674153477,1322.3297983407974,1398.3848325908184,1459.179110918194,1425.9321040008217
2017-07-06,Thirunelveli,Sankarankovil,1236.0,1535.5929682962596,1350.5028003826737,1407.1396749466658,1474.1531398147345,1441.8471458600834
2015-01-21,Thirunelveli,Sankarankovil,1226.9999999999998,1537.506553530693,1369.0326035022736,1409.7304387018085,1486.6446872241795,1450.7285707397386
2016-08-08,Thirunelveli,Sankarankovil,1110.0,1527.723858319223,1360.2305257692933,1402.5111604481936,1490.9236323088408,1445.3472942113876
2018-11-02,Virudhunagar,Sathur,1249.0,1518.5534275136888,1338.1782341748476,1401.6272235661745,1490.9273614175618,1437.3215616680682
2018-12-07,Virudhunagar,Sathur,1120.0,1507.6270008459687,1321.1765369400382,1390.2015106752515,1480.0648820586503,1424.7674826299772
2018-10-03,Virudhunagar,Sathur,1280.0,1512.8016225993633,1345.4281739890575,1390.5295341275632,1473.779952712357,1430.6348208570853
2015-09-10,Coimbatore,Senjeri,1290.0,1514.447816926986,1351.7334062606096,1395.538555830717,1460.817570798099,1430.634337454103
2015-09-01,Coimbatore,Senjeri,1405.0,1514.0133067034185,1336.8349263444543,1415.3258972801268,1448.5051587224007,1428.6698222626
2018-08-10,Coimbatore,Senjeri,1405.0,1513.2308844476938,1324.8827185481787,1418.153528496623,1433.5258814506233,1422.4482532357797
2017-09-13,Coimbatore,Senjeri,1256.0,1504.1152853518724,1317.1844569966197,1408.2318894565105,1418.8142713159323,1412.0864757802337
2016-07-20,Coimbatore,Senjeri,1423.0,1493.955535814166,1304.2543940246105,1395.4536150209606,1425.6102266721427,1404.81844288297
2017-03-30,Coimbatore,Senjeri,1289.0,1498.5607088543475,1321.2199050933123,1395.4243346117437,1436.9090117514133,1413.0284900777042
2015-02-27,Cuddalore,Shrimushnam,1240.0,1498.293041717261,1332.3264339007437,1392.8165826946497,1453.7841955199838,1419.3050634581596
2018-10-09,Cuddalore,Shrimushnam,1100.0,1497.6622698828578,1343.485446460545,1401.8317720852792,1474.5901361107826,1429.3924061348662
2017-07-27,Cuddalore,Shrimushnam,1429.9999999999998,1496.8381368555129,1346.346915885806,1409.4031058251858,1487.5700586475432,1435.039554303512
2017-08-21,Cuddalore,Shrimushnam,1429.9999999999998,1485.650258231908,1350.928471237421,1399.4999742135406,1447.2988611087203,1420.8443911978975
2017-07-31,Cuddalore,Shrimushnam,1291.0000000000002,1481.209580320865,1348.2134038582444,1393.894985690713,1409.212783165276,1408.1326882587746
2015-01-09,Salem,Thalaivasal,1270.0,1488.4684976190329,1352.8698176145554,1402.6420935988426,1424.2741008289158,1417.0636274153367
2015-02-05,Salem,Thalaivasal,1145.0,1501.8580696545541,1377.05156840384,1407.2127378545702,1444.1349195316434,1432.564323861152
2015-01-28,Salem,Thalaivasal,1230.0,1500.9655696339905,1371.2772507220507,1408.292936347425,1468.4108648449183,1437.236655387096
2015-02-24,Salem,Thalaivasal,1403.0,1504.0081080049276,1389.4670143723488,1411.51074282825,1488.7223532423377,1448.427054611966
2018-11-30,Salem,Thalaivasal,1160.0,1496.3699265383184,1406.5105604939163,1394.5769982412457,1479.8654437996447,1444.3307322682813
2015-03-04,Salem,Thalaivasal,1284.0,1491.1446165293455,1394.3272860720754,1390.5787031166255,1483.6468981578946,1439.9243759689853
2015-04-01,Salem,Thalaivasal,1269.0,1499.0182843059301,1410.5030547827482,1391.0440130159259,1488.746799621731,1447.3280379315838
2015-04-17,Salem,Thalaivasal,1429.9999999999998,1491.8304963037372,1395.288567431271,1377.482073288411,1484.2351305298507,1437.2090668883175
2015-07-14,Salem,Thalaivasal,1109.0,1477.3836528882384,1378.052350692451,1368.5478193685412,1442.2910824418068,1416.5687263477594
2015-10-14,Salem,Thalaivasal,1246.0,1468.1574235670269,1363.6150372214615,1360.0425510667264,1438.0006738007069,1407.4539214139804
2015-04-24,Salem,Thalaivasal,1216.0,1459.9062871187925,1346.7261800542474,1352.948681358248,1438.1335405632854,1399.4286722736433
2015-12-03,Salem,Thalaivasal,1186.0,1458.7589646689594,1349.83349442482,1350.5748964846134,1445.5240815877914,1401.172859291546
2018-04-24,Salem,Thalaivasal,1229.0,1464.8483229801059,1375.9231677278876,1354.7566085122526,1456.3802076503634,1412.9770767176524
2017-11-24,Salem,Thalaivasal,1450.0,1472.2721497528255,1398.3935338445008,1362.651407904923,1472.4952057003975,1426.4530743006617
2015-09-14,Salem,Thalaivasal,1264.0,1456.8082264624536,1369.2138105630875,1349.1525867953897,1436.31870765239,1402.8733328683302
2015-07-16,Salem,Thalaivasal,1425.0,1455.7237464003265,1371.3663349859416,1356.0666305944324,1445.7155091688037,1407.218055287376
2015-12-10,Salem,Thalaivasal,1401.0,1447.7449730038643,1372.620558552444,1350.1820970326662,1417.7155653946102,1397.0657984958962
2016-02-18,Salem,Thalaivasal,1429.9999999999998,1447.9558748193085,1375.9673645719886,1346.51610692963,1409.002571925521,1394.860479561612
2016-02-23,Salem,Thalaivasal,1050.0,1444.6828222833574,1371.2019779719412,1341.3228396326303,1391.1522952839732,1387.0899837929755
2017-01-20,Salem,Thalaivasal,1260.0,1443.5106391087174,1356.5515528433025,1342.8954185917974,1415.9913360141218,1389.7372366394848
2018-10-23,Salem,Thalaivasal,1111.0,1452.5245854631066,1365.851949993521,1346.3976041413844,1423.643052764237,1397.1042980905622
2018-10-13,Salem,Thalaivasal,1280.0,1450.6625171750784,1354.8224894329906,1344.6929871104658,1442.6573637872934,1398.208839376457
2016-01-21,Salem,Thalaivasal,1061.0,1455.6682241149247,1357.1580164134502,1359.5775173977017,1440.0037576444447,1403.1018788926303
2016-04-22,Salem,Thalaivasal,1089.0,1447.9518694803119,1353.4736569970846,1351.0540178976953,1440.9439073875546,1398.3558629406616
2016-04-18,Salem,Thalaivasal,1250.0,1449.6198859997094,1380.8566404506564,1347.2887230105698,1446.3450379669666,1406.0275718569756
2016-05-31,Salem,Thalaivasal,1425.0,1446.450972277671,1397.4206508137286,1345.995965320617,1440.4734872281551,1407.585268910043
2018-09-22,Salem,Thalaivasal,1403.0,1431.3519491814077,1396.758664958179,1334.4782677479088,1411.2498433329165,1393.459681305103
2016-06-20,Salem,Thalaivasal,1180.0,1425.4342679865658,1402.8299301862717,1329.6841531991959,1404.4121772050858,1390.5901321442798
2017-01-27,Salem,Thalaivasal,1017.0,1421.7548807151616,1389.9169934913516,1329.9369039013982,1423.810724541545,1391.354875662364
2017-09-11,Salem,Thalaivasal,1260.0,1421.9555620104074,1389.3374623730779,1333.2958640530705,1446.9253977760673,1397.8785715531558
2017-09-26,Salem,Thalaivasal,1405.0,1433.7718645110726,1390.8384976908565,1338.1782341748476,1448.923371359706,1402.9279919341207
2017-09-21,Salem,Thalaivasal,1156.0,1447.684478573501,1386.608307249844,1344.2425936460495,1441.620947793126,1405.0390818156302
2017-08-28,Salem,Thalaivasal,1405.0,1452.776507474482,1363.2574571296573,1350.6175740621984,1450.7290886715055,1404.3451568344608
2017-08-21,Salem,Thalaivasal,1155.0,1456.9894335232675,1359.1137267649174,1348.2134038582444,1437.9310637712479,1400.5619069794193
2017-02-13,Salem,Thalaivasal,1149.0,1471.5416587889194,1375.116022862494,1355.2157032303512,1447.724946308881,1412.3995827976614
2017-08-18,Salem,Thalaivasal,1445.0,1470.812963321805,1354.72263218835,1359.060828667134,1462.720935512334,1411.8293399224058
2017-02-15,Salem,Thalaivasal,1298.0,1469.192458409816,1305.6838857010007,1375.2951581962407,1480.950476322323,1407.7804946573451
2016-12-15,Salem,Thalaivasal,1425.0,1467.669324669987,1300.6107785739005,1372.673732880503,1470.286054071039,1402.8099725488573
2017-04-11,Salem,Thalaivasal,1136.0,1467.6140786148608,1294.7319077327847,1386.291747353971,1440.6780357472599,1397.328942362219
2017-03-28,Salem,Thalaivasal,1000.0,1451.165118161589,1275.47976244241,1377.9785972088575,1427.5428717955947,1383.0415874021128
2017-02-22,Salem,Thalaivasal,1269.0,1438.7824054807425,1277.4324342608452,1370.2719106338918,1427.2300410084426,1378.4291978459805
2017-07-27,Salem,Thalaivasal,1209.0,1439.1438527964056,1307.5636327266693,1362.7781976014376,1433.3735404536128,1385.7148058945313
2016-10-17,Salem,Thalaivasal,1258.9999999999998,1448.6084688454866,1347.9986348189414,1363.649842236191,1446.9403142109513,1401.7993150278926
2017-07-11,Salem,Thalaivasal,1216.0,1451.2547548860312,1372.6356131024659,1362.361642345786,1459.1690285131335,1411.3552597118542
2016-11-16,Salem,Thalaivasal,1269.0,1449.4279059581459,1365.5199212022126,1365.299627557397,1468.8089126721025,1412.2640918474644
2017-04-25,Salem,Thalaivasal,1300.0,1453.105221502483,1387.9590732976794,1373.406433686614,1479.557585157454,1423.5070784110576
2017-03-08,Salem,Thalaivasal,1530.0,1462.473295070231,1402.7032786048949,1393.9152886159718,1467.4831454642117,1431.6437519388273
2017-03-21,Salem,Thalaivasal,1269.0,1472.4606769159436,1414.9415228515863,1398.2816605828702,1462.5126578845084,1437.0491295587271
2017-05-24,Salem,Thalaivasal,1289.0,1477.3089325986803,1419.644481409341,1395.1410604640841,1463.9436688274145,1439.00953582488
2016-07-21,Salem,Thalaivasal,1059.0,1475.265795364976,1415.974624082446,1397.7311336435378,1474.5205260813236,1440.8730197930709
2016-10-13,Salem,Thalaivasal,1160.0,1470.8838163875043,1413.637163490057,1396.68463524431,1483.8024158030748,1441.2520077312365
2015-08-21,Erode,Thalavadi,1270.0,1466.4341609925032,1410.0080501288176,1392.866442259401,1485.5527489446104,1438.715350581333
2018-09-30,Erode,Thalavadi,1360.0,1467.473201174289,1415.2380560524762,1381.4604798331857,1477.455887105316,1435.4069060413167
2016-01-04,Erode,Thalavadi,1248.0,1469.042741600424,1423.6072809435427,1392.0791859738529,1451.2362474575639,1433.9913639938459
2015-02-24,Erode,Thalavadi,1278.0,1466.0377705469728,1428.3928323537111,1395.0128896161914,1452.4341200478375,1435.4694031411782
2018-02-13,Erode,Thalavadi,1175.0,1466.3218733854592,1448.532643634826,1390.189909003675,1458.9625463820994,1441.0017431015149
2017-12-29,Salem,Thammampati,1750.0,1464.7835469804704,1444.5735732093453,1390.2603477239609,1468.1094976142049,1441.9317413819954
2018-03-13,Salem,Thammampati,1260.0,1463.96797709167,1412.792175076902,1403.680719435215,1483.4956620819867,1440.9841334214434
2018-03-09,Salem,Thammampati,1425.0,1460.2551659569144,1408.112557977438,1403.8772572763264,1479.9390591681004,1438.0460100946948
2017-12-26,Salem,Thammampati,1292.0,1447.4529976025224,1416.9766494072974,1386.896553542465,1430.5192530155182,1420.4613633919507
2017-12-27,Salem,Thammampati,1289.0,1451.7476878128946,1415.4511677101254,1379.9855482764542,1432.9942762851715,1420.0446700211614
2017-11-22,Salem,Thammampati,1258.9999999999998,1449.1404883563519,1374.1623378358781,1372.0252823084593,1428.4716960974038,1405.9499511495233
2017-10-09,Salem,Thammampati,1103.0,1462.3075569048524,1378.1153311952949,1374.7699063271284,1439.4667659886181,1413.6648901039734
2018-03-13,Villupuram,Thirukovilur,1169.0,1464.5273433998227,1366.2857696413994,1379.2872381396592,1454.1325218975544,1416.058218269609
2018-03-02,Villupuram,Thirukovilur,1300.0,1466.1562733352184,1366.9807650148869,1385.7080727815628,1470.396131835878,1422.3103107418865
2018-03-01,Villupuram,Thirukovilur,1730.0,1474.235732667148,1386.6881377995014,1398.7207286059856,1484.70430765301,1436.0872266814113
2018-05-25,Villupuram,Thirukovilur,1149.0,1480.2412550896406,1398.4326204285026,1401.748074311763,1476.219342276454,1439.16032302659
2018-04-04,Villupuram,Thirukovilur,1300.0,1493.0338934995234,1410.768235847354,1405.8449836447835,1485.7898926362395,1448.859251406975
2018-05-08,Villupuram,Thirukovilur,1500.0,1491.5352061390877,1382.4361251667142,1398.5758458264172,1489.127030596137,1440.418551932089
2018-02-07,Villupuram,Thirukovilur,1360.0,1501.191249769181,1382.2303336113691,1405.033971555531,1490.5465779826045,1444.7505332296714
2018-03-07,Villupuram,Thirukovilur,1089.0,1502.117173653096,1366.1562176421285,1424.7586087323725,1474.6716240420938,1441.9259060174227
2017-11-24,Villupuram,Thirukovilur,1727.0,1488.5408699512482,1327.5078729726374,1421.402687113732,1468.7881954014301,1426.559906359762
2015-08-11,Villupuram,Thirukovilur,1263.0,1481.7555494606495,1322.8631990030408,1411.3867154344916,1444.469710625708,1415.1187936309725
2015-03-18,Villupuram,Thirukovilur,1339.0000000000002,1484.6674309112132,1337.606851849705,1407.8748618252575,1449.411332141608,1419.890119181946
2018-06-08,Villupuram,Thirukovilur,1469.9999999999998,1486.4243935793638,1348.365606740117,1406.3743789680302,1462.2893257066607,1425.863426248543
2017-09-12,Villupuram,Thirukovilur,1286.0,1494.3966755643487,1369.2243073135614,1410.8145044185221,1473.7945929169655,1437.0575200533494
2016-09-22,Villupuram,Thirukovilur,1180.0,1491.3100784644485,1361.0494104214013,1405.4055012762547,1480.5359927937388,1434.5752457389608
2015-07-06,Villupuram,Thirukovilur,1003.0,1495.176335517317,1379.5203764922917,1407.2620449587703,1488.3168471977115,1442.5689010415226
2017-12-08,Villupuram,Thirukovilur,1129.0,1489.2054799944162,1371.6192238032818,1410.9700220637023,1495.9050309844315,1441.924939211458
2016-01-29,Villupuram,Thirukovilur,1300.0,1482.9891938716173,1359.3307056464255,1410.6382695026696,1496.7531960457563,1437.4278412666172
2018-07-31,Villupuram,Thirukovilur,1294.0,1478.8258511573076,1350.2138635143638,1399.4013600051403,1485.2830100804567,1428.431021189317
2017-06-22,Villupuram,Thirukovilur,1500.0,1484.0861042961478,1366.6227705776691,1408.1647654995322,1484.9777756258845,1435.9628539998084
2015-10-01,Villupuram,Thirukovilur,1359.0,1483.5151363164186,1381.3650422729552,1416.8290043249726,1457.3798850178719,1434.7722669830546
2015-12-07,Villupuram,Thirukovilur,1290.0,1488.778289873153,1385.3616800159216,1414.6814520470798,1458.7238834239542,1436.8863263400272
2016-07-25,Villupuram,Thirukovilur,1325.0,1495.070124976337,1393.2988807559013,1412.25173054263,1468.8439939171076,1442.366182547994
2015-07-16,Villupuram,Thirukovilur,1131.0,1487.3011484742165,1372.8314603678882,1399.5287021622062,1472.8845522738993,1433.1364658195525
2017-01-20,Villupuram,Thirukovilur,1298.0,1478.2818156294525,1350.9272282011807,1394.8044738732278,1476.0605098679662,1425.0185068929568
2015-09-08,Villupuram,Thirukovilur,1250.0,1480.9531005099416,1369.36159376055,1403.904465958476,1484.670607559383,1434.7224419470876
2017-08-17,Villupuram,Thirukovilur,1429.9999999999998,1486.6857074201107,1396.1812055669725,1405.0406010821462,1471.815955452621,1439.9308673804626
2016-10-26,Villupuram,Thirukovilur,1530.0,1485.2263828739524,1404.2801391333342,1402.8128039091825,1434.89363566041,1431.8032403942198
2015-07-29,Villupuram,Thirukovilur,1254.0,1495.0570040382445,1414.2693164758384,1405.6460978463292,1442.5407946109772,1439.3783032428473
2017-01-31,Villupuram,Thirukovilur,1209.0,1507.6434365473688,1424.3524121120572,1413.1329051218927,1464.2118884250522,1452.3351605515927
2017-09-06,Villupuram,Thirukovilur,1191.0,1516.0586537793279,1440.3819168917835,1414.9147285148501,1483.7537992745638,1463.7772746151313
2017-01-05,Villupuram,Thirukovilur,1286.0,1511.4690877497196,1432.057579420507,1409.6489507704973,1494.2255509085953,1461.8502922123298
2015-09-21,Villupuram,Thirukovilur,1005.0,1509.1997179202735,1439.7182736545801,1417.4908520653844,1505.8338520117104,1468.060673912987
2017-08-31,Villupuram,Thirukovilur,1200.0,1503.0766595155,1437.8338307142258,1420.2302277088165,1515.863220859319,1469.2509846994653
2015-10-08,Villupuram,Thirukovilur,1280.0,1495.1339341700077,1453.6304733715951,1416.967948153615,1475.8514035493135,1460.3959398111328
2017-03-08,Villupuram,Thirukovilur,1186.0,1484.072569012642,1437.374874111265,1401.3924278318882,1467.5077299587429,1447.5869002286345
2016-09-30,Villupuram,Thirukovilur,1370.0,1473.7658649682999,1408.8494022376835,1396.2539922446012,1468.6347494833171,1436.8760022334754
2017-08-04,Villupuram,Thirukovilur,1264.0,1472.827925067395,1402.890977077186,1406.6263009794056,1450.6652794778347,1433.2526206504554
2016-08-02,Villupuram,Thirukovilur,1178.9999999999998,1480.8049029670656,1411.3889252766967,1408.9151450432837,1453.5516096279025,1438.6651457287371
2017-08-09,Villupuram,Thirukovilur,1425.0,1485.8046709559858,1430.952105857432,1408.8883507065475,1461.8799524381757,1446.8812699895352
2016-07-12,Villupuram,Thirukovilur,1399.0,1472.665501665324,1423.0839626863599,1398.1365015730262,1431.4413096755743,1431.331818900071
2016-07-05,Villupuram,Thirukovilur,1289.0,1468.5357209295034,1421.8008730560541,1391.6369413025677,1441.9148568063974,1430.9720980236307
2016-07-19,Villupuram,Thirukovilur,1241.0,1471.2064533494413,1431.1078997328877,1392.0733851380646,1458.3033228293061,1438.172765262425
2016-09-01,Villupuram,Thirukovilur,1300.0,1465.4984309338033,1420.0827207416296,1393.3422489091754,1474.5857164263725,1438.3772792527452
2017-07-26,Villupuram,Thirukovilur,1600.0,1466.2633125670254,1439.151725359261,1402.871640957892,1490.7500215806067,1449.7591751161963
2016-10-03,Villupuram,Thirukovilur,1111.0,1474.2119768634439,1462.5991179607809,1419.642271567136,1508.838546834886,1466.3229783065617
2017-12-07,Villupuram,Thirukovilur,1302.0,1471.390837058425,1457.737603224814,1419.4269500672817,1511.9669928215444,1465.1305957930163
2016-04-29,Coimbatore,Thondamuthur,1250.9999999999998,1482.8860218636692,1488.3245816454291,1418.6152474023402,1510.0851740688086,1474.9777562450618
2015-08-25,Cuddalore,Tittakudi,1432.0,1482.1895072236657,1489.597036410123,1409.3597376719117,1503.6984538659453,1471.2111837929115
2015-02-19,Cuddalore,Tittakudi,1289.0,1483.9490940794349,1492.8616639226675,1403.0911059118807,1499.6726738288999,1469.8936344357207
2018-02-26,Cuddalore,Tittakudi,1425.0,1479.8357490450144,1472.6816611364484,1392.1739329583943,1491.0667195916176,1458.9395156828687
2015-04-07,Cuddalore,Tittakudi,1214.0,1461.7680791765451,1458.608833514154,1376.8863826990128,1440.1631425134838,1434.356609475799
2015-05-06,Cuddalore,Tittakudi,1600.0,1465.0327066890895,1476.3968202285469,1377.277662884444,1442.6319506019354,1440.334785101004
2016-07-04,Cuddalore,Tittakudi,1349.0,1452.3287381976843,1453.9096040651202,1367.7638778463006,1409.1667908243835,1420.7922527333722
2016-07-05,Cuddalore,Tittakudi,1306.0,1446.6013796627522,1429.6259243041277,1360.8664078637958,1418.1622297503054,1413.8139853952453
2017-05-17,Cuddalore,Tittakudi,1257.0,1454.1554490104318,1413.8749977573752,1374.5416020043194,1448.0158167891204,1422.6469663903117
2017-06-20,Cuddalore,Tittakudi,1324.0,1460.948503948748,1397.5394298322499,1377.8686575591564,1469.4887153804302,1426.4613266801462
2016-03-22,Cuddalore,Tittakudi,1319.0,1479.1839837096632,1396.9940131530166,1387.79402570799,1484.2860950157046,1437.0645293965936
2015-05-15,Cuddalore,Tittakudi,1280.0,1477.6562921702862,1372.3575873300433,1384.2205727472901,1488.9402989298105,1430.7936877943575
2016-06-06,Cuddalore,Tittakudi,1169.0,1486.3418007269502,1373.5325328074396,1392.492288351059,1491.1544227041304,1435.8802611473948
2015-09-21,Cuddalore,Tittakudi,1329.0,1482.9585323110223,1354.441153537482,1399.8436046764255,1499.510112311691,1434.1883507091552
2016-03-02,Cuddalore,Tittakudi,1178.9999999999998,1485.984082520008,1355.7410932146013,1402.9350358061492,1503.487552050501,1437.036940897815
2017-04-06,Cuddalore,Tittakudi,1329.0,1480.1813131198287,1336.6492995992303,1403.4094613045454,1502.659137453884,1430.724802869372
2016-08-08,Cuddalore,Tittakudi,1253.0,1474.9909462407231,1319.471643678844,1394.53183459118,1493.9138250425458,1420.7270623883232
2018-04-13,Coimbatore,Udumalpet,1316.0,1491.3180891424417,1336.02529540658,1401.109568029642,1493.659140728414,1430.5280233267695
2018-01-04,Coimbatore,Udumalpet,1360.0,1485.630093421787,1305.4024070501328,1399.2776088416576,1480.4663827642798,1417.6941230194643
2018-02-03,Coimbatore,Udumalpet,1339.0000000000002,1495.5198278650641,1319.8096114210784,1403.7340318784118,1482.2033187374473,1425.3166974755004
2017-11-25,Coimbatore,Udumalpet,1189.0,1498.0636324733496,1316.2054968997836,1399.4336789473891,1482.5278893113136,1424.057674407959
2018-07-02,Coimbatore,Udumalpet,1331.0000000000002,1495.7464748062193,1320.963287167251,1406.3283866271377,1492.092638835311,1428.7826968589798
2017-10-27,Coimbatore,Udumalpet,1300.0,1499.3505893275142,1347.1677341498435,1418.6022645793855,1504.03324496001,1442.2884582541883
2017-10-28,Coimbatore,Udumalpet,1369.0,1506.5734585747123,1362.3315332457423,1418.861644808203,1508.9924070984125,1449.1897609317675
2018-10-08,Coimbatore,Udumalpet,1300.0,1511.9287349283695,1375.0723784789443,1417.4600523896515,1510.2778446860611,1453.6847526207566
2015-03-05,Coimbatore,Udumalpet,1150.0,1523.348094522953,1394.2219042219222,1422.1242005936801,1515.4285725206137,1463.7806929647923
2015-02-04,Coimbatore,Udumalpet,1440.0,1523.1536284089088,1381.3211216591299,1428.5138212144375,1521.3055097498,1463.573520258069
2015-07-01,Coimbatore,Udumalpet,1300.0,1510.82353759557,1378.9697114378214,1417.6402926445007,1468.8569767400622,1444.0726296044886
2015-08-12,Coimbatore,Udumalpet,1359.0,1502.2903700359166,1353.0816862359643,1403.9108192548156,1459.5326856710017,1429.7038902994245
2017-03-15,Coimbatore,Udumalpet,1440.0,1505.1750428043306,1358.6771448142827,1413.4189415723085,1470.3809391707182,1436.91301709041
2017-05-12,Coimbatore,Udumalpet,1469.0,1493.1725610978901,1366.8851893395185,1403.5779617726803,1434.4635451212525,1424.5248143328354
2017-02-09,Coimbatore,Udumalpet,1309.0,1495.766915846616,1371.3004540652037,1402.37608384341,1448.5778072848916,1429.5053152600303
2018-01-11,Villupuram,Ulundurpettai,1369.0,1490.4112251475453,1351.9840852357447,1393.1900460273027,1461.6564821451902,1424.3104596389458
2015-01-09,Villupuram,Ulundurpettai,1289.0,1497.3973650485277,1362.7312384545803,1396.681596711278,1478.5699238069355,1433.8450310053304
2018-02-27,Villupuram,Ulundurpettai,1329.0,1513.1111386232078,1385.0935985334218,1407.0726891048253,1495.5492463894188,1450.2066681627184
2018-05-02,Villupuram,Ulundurpettai,1178.9999999999998,1507.4333634227514,1377.4142587557435,1400.49136467278,1501.5373663045466,1446.7190882889554
2015-06-03,Villupuram,Ulundurpettai,1190.0,1505.8489065617323,1367.5931675359607,1407.2596970014274,1506.516002677381,1446.8044434441254
2018-05-07,Villupuram,Ulundurpettai,1310.0,1513.8895555399358,1401.569215208292,1411.2289879471064,1508.0275347456336,1458.678823360242
2017-11-24,Villupuram,Ulundurpettai,1400.0,1513.0447052419186,1405.049716681242,1406.7800231277943,1507.691914960742,1458.1415900029242
2015-01-19,Villupuram,Ulundurpettai,1567.0,1509.896232560277,1400.388883240521,1422.019509319216,1479.5502650551498,1452.963722543791
2016-05-18,Villupuram,Ulundurpettai,1149.0,1510.7336246408522,1403.0223245732486,1424.1701001301408,1472.331677377224,1452.5644316803664
2016-10-21,Villupuram,Ulundurpettai,1343.0,1499.8924150131643,1377.5189500302076,1421.8656490556896,1477.0054936408997,1444.0706269349903
2016-02-23,Villupuram,Ulundurpettai,1412.0,1493.292445037514,1376.452148705721,1409.6804410219193,1480.972989089787,1440.0995059637353
2017-09-15,Villupuram,Ulundurpettai,1440.0,1494.7043960914016,1391.7843101546168,1405.5520414374769,1485.1827384904027,1444.3058715434745
2017-10-06,Villupuram,Ulundurpettai,1300.0,1479.3303857557476,1397.1938657574356,1391.6024125181139,1438.1661357358098,1426.5731999417767
2018-05-25,Villupuram,Ulundurpettai,1450.0,1468.8984112814069,1382.2493935003877,1380.8656179346144,1439.2660846933722,1417.8198768524453
2018-05-24,Villupuram,Ulundurpettai,1309.0,1451.9583133980632,1375.297920498997,1367.3753599636257,1397.5517220795155,1398.0458289850503
2016-04-18,Villupuram,Ulundurpettai,1190.0,1458.9722144417465,1389.9127119220793,1371.516466140747,1419.8562119156122,1410.0644011050463
2018-08-13,Villupuram,Ulundurpettai,1303.0,1459.7825359553099,1376.988726016134,1381.1321801505983,1450.099145527929,1417.0006469124928
2018-06-05,Villupuram,Ulundurpettai,1319.0,1457.3322352953255,1374.0267087705433,1375.5537097342312,1468.2966436259449,1418.8023243565112
2015-03-18,Villupuram,Ulundurpettai,1309.0,1453.78253813833,1375.0151988118887,1368.7686654739082,1473.8962456583977,1417.8656620206311
2018-09-18,Villupuram,Ulundurpettai,1260.0,1452.1277806721628,1381.7150260321796,1363.7751126661897,1478.068013396114,1418.9214831916615
2015-06-08,Villupuram,Ulundurpettai,1319.0,1445.8236533217132,1378.8977534510195,1355.129105038941,1477.2947067394853,1414.2863046377897
2016-01-07,Villupuram,Ulundurpettai,1449.0,1451.5475589782,1405.8398733846843,1360.1006975397468,1483.3902802318335,1425.2196025336161
2017-02-17,Villupuram,Ulundurpettai,1178.9999999999998,1456.084088794887,1425.9044119156897,1364.7532440721989,1489.7156773135066,1434.1143555240706
2017-03-14,Villupuram,Ulundurpettai,1146.0,1455.795151926577,1429.9109939485788,1375.3709834069014,1501.3957982882857,1440.6182318925858
2017-09-11,Villupuram,Ulundurpettai,1450.0,1467.6660099066794,1468.9928820356727,1383.7878580205142,1506.6871273331344,1456.7834693240002
2016-11-01,Villupuram,Ulundurpettai,1450.0,1464.7200140170753,1472.0093166455626,1376.898260600865,1459.977830760181,1443.401355505921
2018-12-17,Villupuram,Ulundurpettai,1307.0000000000002,1451.7086012288928,1458.7444625794888,1363.9789706096053,1411.9725998491049,1421.601158566773
2015-12-09,Villupuram,Ulundurpettai,1400.0,1462.5949745066464,1459.1187546029687,1369.4158730097115,1430.4667692631483,1430.3990928456187
2015-09-25,Villupuram,Ulundurpettai,1450.0,1473.4669838100672,1441.972036473453,1388.0389038473368,1424.2533835582435,1431.9328269222751
2017-08-02,Villupuram,Ulundurpettai,1239.0,1456.3973339274526,1413.9218187890947,1372.729117050767,1387.7655739896,1407.7034609392285
2015-08-17,Villupuram,Ulundurpettai,1200.0,1455.2175544202328,1372.4893491715193,1378.5907234996557,1422.1439510583878,1407.1103945374489
2016-10-24,Villupuram,Ulundurpettai,1440.0,1454.7037661075592,1340.9366697072983,1379.3525665998459,1451.9362149760127,1406.732304347679
2016-08-05,Villupuram,Ulundurpettai,1204.0,1473.9480388350785,1356.5232392400503,1387.038812134415,1471.2585227563977,1422.1921532414854
2015-09-29,Villupuram,Ulundurpettai,1309.0,1491.3701585493982,1383.525301143527,1395.864231325686,1491.7411358095706,1440.6252067070454
2018-12-05,Villupuram,Ulundurpettai,1316.0,1489.7930217906833,1373.0056235566735,1393.5405822470784,1506.596109457314,1440.7338342629373
2017-07-26,Villupuram,Ulundurpettai,1311.0,1483.2105924375355,1359.837864432484,1389.433176163584,1511.7381360381842,1436.054942267947
2017-09-12,Villupuram,Ulundurpettai,1450.0,1488.2128464989364,1373.0169489979744,1398.162881564349,1519.220109283924,1444.653196586296
2017-07-17,Villupuram,Ulundurpettai,1247.0,1475.813560001552,1369.988084025681,1392.1099856495857,1466.3739427924156,1426.0713931173086
2017-03-01,Villupuram,Ulundurpettai,1273.0,1458.9327135123312,1325.537384301424,1384.1542774811387,1447.8085059672594,1404.1082203155383
2018-12-27,Villupuram,Ulundurpettai,1359.0,1467.2595370560884,1325.1382315531373,1391.5718890726566,1461.952324770391,1411.4804956130683
2017-01-02,Villupuram,Ulundurpettai,1245.0,1473.0500142090023,1326.5181398950517,1397.232399880886,1481.6021035425365,1419.6006643818691
2017-06-27,Villupuram,Ulundurpettai,1300.0,1470.6111771054566,1316.1880943924189,1404.9498594366014,1499.8041594401002,1422.8883225936443
2016-06-15,Villupuram,Ulundurpettai,1140.0,1470.883263926953,1305.0723118707538,1400.9592987596989,1503.9235815405846,1420.2096140244976
2017-02-01,Villupuram,Ulundurpettai,1400.0,1464.2136839218438,1297.5489040836692,1401.8722398206592,1503.423328511417,1416.7645390843973
2016-08-31,Villupuram,Ulundurpettai,1313.0,1469.4670313037932,1311.4184262230992,1418.6463233083487,1470.790588669479,1417.58059237618
2015-03-30,Vellore,Vellore,1266.0,1462.0994173921645,1302.4093138985336,1409.5015819184482,1464.7767793387175,1409.696773136966
2016-06-15,Vellore,Vellore,1550.0000000000002,1469.2093084566295,1319.1854691132903,1411.1792664974928,1474.6963466517627,1418.5675976797938
2016-01-07,Vellore,Vellore,1304.0,1479.5515080913901,1341.3076469674706,1418.613866250962,1487.6101120375097,1431.7707833368331
2018-08-06,Vellore,Vellore,1050.0,1484.2994921840727,1360.9644696116447,1432.2882317006588,1508.4148095920682,1446.4917507721111
2015-05-11,Vellore,Vellore,1291.0000000000002,1483.278268855065,1368.569779675454,1438.866517599672,1526.6882710158825,1454.3507092865184
2018-03-27,Vellore,Vellore,1329.0,1481.6893923096359,1372.43051212281,1430.8848437853158,1528.3767285756767,1453.3453691983595
2018-07-23,Vellore,Vellore,1460.0,1491.2606332451105,1392.2537635080516,1429.4246905483305,1528.4111192449927,1460.3375516366214
2016-10-20,Vellore,Vellore,1130.0,1479.6378300525248,1394.1822651773691,1416.985212545842,1471.2940183468163,1440.524831530638
2016-05-12,Vellore,Vellore,1368.0,1487.765491567552,1404.3128724209964,1418.131153844297,1475.1954947598279,1446.3512531481683
2017-06-29,Vellore,Vellore,1300.0,1492.514718696475,1397.9156554676592,1419.1888395696878,1493.3294598944485,1450.7371684070677
2018-03-08,Vellore,Vellore,1340.0,1491.2555229850113,1369.0348133444786,1415.422301646322,1502.2971376776695,1444.5024439133704
2017-05-05,Vellore,Vellore,1290.0,1487.3308432288468,1346.0668183863163,1408.35204962641,1500.6513576954603,1435.6002672342584
2016-08-31,Vellore,Vellore,1339.0000000000002,1485.7514966279268,1360.6093755923212,1416.4848214015365,1509.4595124945045,1443.0763015290722
2016-08-12,Vellore,Vellore,1306.0,1494.4218125194311,1384.1766521334648,1421.6225664131343,1518.4805027209222,1454.6753834467381
2017-03-15,Vellore,Vellore,1229.0,1496.8917255289853,1383.2545954734087,1418.839960731566,1518.1419825181365,1454.282066063024
2018-12-04,Vellore,Vellore,1189.0,1506.3883842900395,1405.6588044390082,1423.0782999657094,1522.0890369266272,1464.303631405346
2017-08-22,Vellore,Vellore,1059.0,1517.2417480498552,1432.8605808317661,1430.1684405654669,1526.8850850872695,1476.7889636335894
2018-09-12,Villupuram,Vikkiravandi,1321.0,1515.074997767806,1421.4740926399827,1435.7720479369164,1535.8542821370065,1477.043855120428
2018-10-30,Villupuram,Vikkiravandi,1450.0,1522.8059926070273,1435.0386565551162,1437.851647567004,1539.8589305579662,1483.8888068217784
2018-12-28,Villupuram,Vikkiravandi,1440.0,1510.2108588442206,1431.4671372063458,1427.9358093626797,1481.6373229026794,1462.8127820789814
2016-08-19,Villupuram,Vikkiravandi,1336.0,1496.0198046639562,1416.3540263660252,1418.1492469273508,1427.274652197957,1439.4494325388223
2017-04-10,Villupuram,Villupuram,1182.0,1489.6080856211483,1384.347914904356,1409.1445542871952,1436.7784929461777,1429.9697619397193
2017-08-17,Villupuram,Villupuram,1212.0,1488.3595247752964,1346.0067383013666,1412.348273023963,1456.925486214459,1425.9100055787712
2016-05-10,Villupuram,Villupuram,1301.0,1499.8906195163727,1370.3604424372315,1417.3524606972933,1477.1358743309975,1441.1848492454737
2016-04-29,Villupuram,Villupuram,1460.0,1499.4493416510522,1375.8947160094976,1412.1742479503155,1493.1470097973943,1445.166328852065
2017-06-08,Villupuram,Villupuram,1271.0,1483.2502314820886,1381.7159928381443,1398.574464675039,1448.122441675514,1427.9157826676965
2016-06-02,Villupuram,Villupuram,1250.0,1474.0445813164115,1369.9730294756591,1390.1530322618783,1454.5225590467453,1422.1733005251735
2015-07-27,Villupuram,Villupuram,1400.0,1465.082428138703,1353.290654439479,1382.1875179186463,1462.879767920822,1415.8600921044126
2015-10-20,Villupuram,Villupuram,1299.0000000000002,1462.2376706451178,1355.7909527793527,1395.9587020799518,1440.7635290175676,1413.6877136304975
2016-08-19,Villupuram,Villupuram,1315.0000000000002,1470.5006849952042,1367.8214718587697,1403.040693886578,1453.2777273096144,1423.6601445125416
2017-08-08,Villupuram,Villupuram,1317.0,1469.1174618899822,1377.7808163315058,1413.3019580505788,1474.660989176482,1433.7153063621372
2016-09-21,Villupuram,Villupuram,1350.0,1469.820467941463,1401.7498698085546,1412.3539357446134,1494.8691674508154,1444.6983602363616
2015-09-25,Villupuram,Villupuram,1365.0,1454.3803004547954,1407.1019695140421,1397.1520168706775,1451.2484015896916,1427.4706721073017
2017-08-24,Villupuram,Villupuram,1425.0,1457.197158690542,1421.9322205521166,1395.1795945875347,1461.1081650480628,1433.854284719564
2016-08-26,Villupuram,Villupuram,1400.0,1443.7349380925298,1419.6384043432772,1381.2667042948306,1420.4610181041062,1416.275266208686
2016-05-24,Villupuram,Villupuram,1360.0,1439.687612093985,1409.7146935760975,1390.3135220520198,1403.8645506836474,1410.8950946014374
2017-03-23,Villupuram,Villupuram,1450.0,1436.5352721884847,1395.5375890247524,1388.1141765974462,1425.4377208650112,1411.4061896689236
2016-09-06,Villupuram,Villupuram,1059.0,1426.3277348130941,1383.101011440158,1374.1784973070025,1391.5053175762296,1393.778140284121
2016-06-20,Villupuram,Villupuram,1319.0,1417.431186325848,1364.9804434739053,1371.3736550882459,1419.3888302892447,1393.293528794311
2016-10-14,Villupuram,Villupuram,1317.0,1413.1233751773834,1366.2200268357992,1364.7236874327064,1445.0557331554592,1397.280705650337
2016-07-13,Villupuram,Villupuram,1156.0,1412.2665088623762,1376.3551918789744,1361.5953795611858,1463.4352670051157,1403.413086826913
2016-08-04,Villupuram,Villupuram,1284.0,1422.7846671827137,1413.2612140849233,1369.493355602026,1483.3411112427711,1422.2200870281085
2016-09-26,Villupuram,Villupuram,1320.0,1428.93852526322,1439.6329184994102,1383.6808187887073,1505.3958889096975,1439.4120378652588
2018-06-18,Villupuram,Villupuram,1169.0,1424.7070917859674,1449.6281729079783,1379.9971499480307,1514.6250186488032,1442.239358322695
2018-02-27,Villupuram,Villupuram,1500.0,1434.3694887124002,1487.0954950340092,1385.0273032672703,1518.0389486253262,1456.1328089097515
2018-06-28,Villupuram,Villupuram,1400.0,1447.4889075383544,1512.7343605272472,1394.6492324583232,1521.8277230858803,1469.1750559024513
2018-03-06,Villupuram,Villupuram,1400.0,1435.6401479803026,1499.5398070663214,1383.0651015043259,1470.291302446276,1447.1340897493064
2018-08-20,Villupuram,Villupuram,1450.0,1432.7976003289223,1480.5324018001556,1392.5475344061852,1438.1635115481913,1436.0102620208636
2015-12-01,Cuddalore,Virudhachalam,1345.0,1414.1137988306582,1447.649397328496,1374.3940950371325,1386.9889525696635,1405.7865609414876
2015-04-09,Cuddalore,Virudhachalam,1112.0,1411.5709610283375,1384.5708327367902,1365.7819256186485,1405.9887615032494,1391.9781202217564
2018-08-21,Cuddalore,Virudhachalam,1292.0,1418.3068362995982,1340.204107016325,1372.5760854780674,1433.6000492796302,1391.1717695184052
2015-12-28,Cuddalore,Virudhachalam,1151.0,1425.9788559749722,1329.1664976626635,1385.3750771842897,1464.3087071366608,1401.2072844896466
2015-05-21,Cuddalore,Virudhachalam,1327.0,1445.8239295519888,1359.866178035736,1395.8689272403717,1487.63980679214,1422.2997104050592
2015-04-22,Cuddalore,Virudhachalam,1361.0,1448.0337717570364,1355.3532659076154,1393.1062101386487,1503.784085251391,1425.069333263673
2016-10-21,Cuddalore,Virudhachalam,1338.0,1457.317733205855,1365.3492108918726,1399.9623836949468,1517.7914462983608,1435.1051935227588
2015-03-27,Cuddalore,Virudhachalam,1220.0,1469.0851429477334,1377.3740672506392,1418.8650976866484,1533.2269178703427,1449.637806438841
2016-01-13,Cuddalore,Virudhachalam,1440.0,1480.8772752992809,1401.219645794481,1430.758192203939,1547.7708562277257,1465.1564923813567
2017-03-07,Cuddalore,Virudhachalam,1330.0,1467.7642097696662,1401.424746774137,1422.1080411225557,1491.918889991939,1445.8039719145745
2015-04-24,Cuddalore,Virudhachalam,1720.0,1473.3283162117004,1383.675017952919,1422.707460820675,1493.9392382279038,1443.4125083032995
2015-05-26,Cuddalore,Virudhachalam,1382.0,1470.8970754407346,1366.4940472692251,1419.0563871525228,1474.3494014255702,1432.6992278220132
2017-01-10,Cuddalore,Virudhachalam,1323.0000000000002,1462.5223259441555,1318.299460504204,1413.1403633393347,1464.341440424323,1414.5758975530043
2016-12-19,Cuddalore,Virudhachalam,1250.0,1461.6901822388172,1295.2538448385894,1408.9738439768553,1474.3328276090324,1410.0626746658236
2017-08-31,Cuddalore,Virudhachalam,1400.0,1462.483791820705,1279.4127291068435,1404.3340040370822,1478.9899319410324,1406.3051142264158
2017-03-06,Cuddalore,Virudhachalam,1725.0,1457.406679354608,1288.7230705469847,1416.1735098809004,1449.7462613508105,1403.012380283326
2017-06-22,Cuddalore,Virudhachalam,1003.0,1454.5110954903066,1284.0951085090637,1415.5329318717122,1427.1359845995903,1395.3187801176682
2017-02-27,Cuddalore,Virudhachalam,1339.0000000000002,1462.8311513923109,1302.2312834858894,1418.2533857412636,1443.904681596905,1406.8051255540922
2017-04-11,Cuddalore,Virudhachalam,1273.0,1467.6396299153566,1321.1337212473154,1421.9381595030427,1473.8139290362597,1421.1313599254936
2017-01-24,Cuddalore,Virudhachalam,1186.0,1482.206495385617,1347.6616338826716,1432.300109602511,1502.2957565262914,1441.1159988492727
2017-06-29,Cuddalore,Virudhachalam,1247.0,1478.788836300373,1340.6626492738724,1436.647974140942,1521.5564649552107,1444.4139811675996
2017-04-05,Cuddalore,Virudhachalam,1450.0,1480.0607386045158,1350.8991908282042,1445.9396700374782,1535.384552553296,1453.0710380058736
2016-09-02,Cuddalore,Virudhachalam,1465.0,1468.1844941340387,1370.8971578627825,1432.8452500514686,1476.0855087079108,1437.0031026890501
2016-06-29,Cuddalore,Virudhachalam,1326.0,1479.901906196028,1383.9418563991785,1433.429477084428,1476.5941867604852,1443.46685661003
2016-01-19,Cuddalore,Virudhachalam,1330.0,1480.8323878794909,1363.7530142441392,1426.0310634970665,1489.1612831503153,1439.944437192753
2018-01-12,Cuddalore,Virudhachalam,1329.0,1479.652608372271,1346.8002097681165,1421.0930329747498,1499.8016733676195,1436.8368811206892
2015-01-19,Cuddalore,Virudhachalam,1339.0000000000002,1482.5632467865944,1357.11630564183,1430.7662028819323,1515.8266203477979,1446.5680939145386
2015-07-03,Cuddalore,Virudhachalam,1316.0,1492.228820361197,1384.775243140757,1435.6275795027614,1530.077064037323,1460.6771767605096
2016-12-27,Cuddalore,Virudhachalam,1314.0,1494.1551121883094,1378.8376733660698,1432.6469167135656,1530.4488699883223,1459.0221430640668
2018-02-22,Cuddalore,Virudhachalam,1176.0,1501.7224405892193,1388.3582260459661,1432.649679016322,1529.6588514000177,1463.0972992628813
2018-05-22,Cuddalore,Virudhachalam,1400.0,1517.1652322635055,1418.8700698316097,1439.6249078214169,1530.3074400871992,1476.4919125009328
2018-05-15,Cuddalore,Virudhachalam,1316.0,1514.6624478511512,1424.410972930491,1456.4219184219837,1497.1458573825657,1473.160299146548
2015-06-22,Cuddalore,Virudhachalam,1339.0000000000002,1501.7470250837505,1394.4142986088991,1446.595440711826,1487.887585349381,1457.6610874384642
2016-04-18,Cuddalore,Virudhachalam,1440.0,1497.77593864128,1391.823811084032,1452.1266757510602,1493.781234510243,1458.8769149966538
2018-08-06,Cuddalore,Virudhachalam,1319.0,1480.1304867491126,1399.340174999088,1434.8410137929022,1441.9817045331001,1439.0733450185508
2016-06-07,Cuddalore,Virudhachalam,1460.0,1486.5727292373776,1412.709720339626,1435.3654369711876,1455.5758250877261,1447.5559279089794
2018-11-13,Cuddalore,Virudhachalam,1440.0,1473.922901879996,1408.4063288755715,1420.2675187960267,1415.6815437600017,1429.569573327899
2015-07-08,Cuddalore,Virudhachalam,1440.0,1456.6712162457407,1395.7374416291714,1399.7545204125345,1371.5418793261051,1405.926264403388
2016-04-06,Cuddalore,Virudhachalam,1222.0,1437.5755554065108,1369.2154679447412,1377.3416101932526,1335.419798642397,1379.8881080467254
2018-09-19,Cuddalore,Virudhachalam,1357.0,1441.9692741706967,1343.8108457252383,1387.970536854118,1380.9925457462668,1388.68580062408
2015-09-30,Cuddalore,Virudhachalam,1193.0,1449.680794775486,1353.3695181831717,1401.6248756088316,1434.6085660159588,1409.820938645862
2016-06-30,Cuddalore,Virudhachalam,1292.0,1454.7515539452434,1364.1759227961302,1411.4273212850094,1479.3549702502787,1427.4274420691654
2018-09-18,Cuddalore,Virudhachalam,1309.0,1460.0778261199594,1386.0171744599938,1410.6547052040696,1502.3631567135453,1439.778215624392
2017-07-24,Cuddalore,Virudhachalam,1316.0,1458.8828539475799,1395.7663076929748,1402.7706787921488,1509.193364623934,1441.6533012641594
2017-03-09,Cuddalore,Virudhachalam,1250.0,1470.1298458501697,1430.5247776210308,1407.852763403207,1517.9087060503662,1456.6040232311934
2017-08-21,Cuddalore,Virudhachalam,1081.0,1470.5834159627557,1427.7278079651296,1403.5927400924265,1517.590765003115,1454.8736822558567
2017-02-10,Ariyalur,Ariyalur Market,1509.9999999999998,1477.8688513673842,1459.3427773565054,1407.2975405491889,1518.7803506851196,1465.8223799895495
2017-08-04,Ariyalur,Ariyalur Market,1319.0,1464.712693914771,1469.5246253162622,1399.8853154480457,1467.260641977191,1450.3458191640675
2016-09-07,Ariyalur,Ariyalur Market,1360.0,1461.1098224297166,1466.2941122427583,1399.0649115294218,1472.343693394214,1449.7031348990276
2016-07-21,Ariyalur,Ariyalur Market,1509.9999999999998,1465.287529118359,1468.3668061159551,1403.698674403131,1487.7878662198782,1456.2852189643309
2016-08-31,Ariyalur,Ariyalur Market,1169.0,1453.6536767147481,1463.6497598141432,1398.4221236780286,1444.5879371836782,1440.0783743476495
2016-09-22,Ariyalur,Ariyalur Market,1440.0,1445.358205307275,1437.311203032732,1401.0095726698637,1460.8403597958386,1436.1298352014273
2016-08-03,Ariyalur,Ariyalur Market,1469.9999999999998,1436.7269759997725,1433.116646297276,1388.8878975994885,1416.7451684363186,1418.869172083214
2016-03-01,Salem,Attur,1429.9999999999998,1420.8353101275861,1425.6056688725948,1367.8943966515362,1370.7944002002478,1396.2824439629912
2016-03-18,Salem,Attur,1280.0,1404.4453248381615,1401.7697583884,1348.1719693168998,1334.1119864024222,1372.1247597364709
2016-08-31,Villupuram,Avalurpet,1298.0,1408.1781626679003,1388.9175923541188,1358.961385767907,1380.7772242464125,1384.2085912590846
2015-01-06,Erode,Boothapadi,1400.0,1413.0185457877815,1387.5448659993708,1361.6974466480315,1428.2704623416066,1397.6328301941976
2015-04-28,Erode,Boothapadi,1460.0,1416.22917028144,1396.9268891960382,1374.159437417984,1424.571877066046,1402.971843490377
2015-08-11,Erode,Boothapadi,1509.9999999999998,1399.1908725351095,1391.2866813130677,1358.0605988390744,1382.0786831900477,1382.6542089693248
2015-05-26,Erode,Boothapadi,981.0,1381.874825246632,1392.554440163076,1340.1610150933266,1345.7679372280836,1365.0895544327796
2016-04-26,Erode,Boothapadi,1509.9999999999998,1391.6216105222702,1385.2292275987566,1346.2731624022126,1393.8097686506808,1379.23344229348
2016-02-02,Erode,Boothapadi,1333.0,1394.416646566242,1375.5218051373959,1342.7794018760324,1379.8945304006338,1373.153095995076
2017-01-03,Erode,Boothapadi,1206.0,1407.8772097826004,1371.4105318300426,1355.9008924290538,1423.1361702084541,1389.5812010625377
2017-01-24,Erode,Boothapadi,1402.0,1407.5525010935962,1343.3763355016708,1362.1677286922932,1462.4039612710476,1393.875131639652
2017-05-09,Erode,Boothapadi,1339.0000000000002,1406.8720078095794,1317.929035704583,1360.604265332222,1464.6045497618616,1387.5024646520615
2018-01-08,Villupuram,Chinnasalem,1469.9999999999998,1404.2317988350987,1308.186670113355,1355.0390539690852,1473.9470720291138,1385.3511487366632
2017-11-16,Villupuram,Chinnasalem,1330.0,1394.9182807467878,1319.7272947989404,1342.5472303293645,1415.784577652812,1368.2443458819762
2018-10-24,Villupuram,Chinnasalem,1373.0,1391.6971595026553,1298.7846202217042,1339.8296768777072,1424.0267366170883,1363.5845483047888
2017-12-29,Villupuram,Chinnasalem,1329.0,1406.9420321844518,1307.0686280727386,1354.4353527016938,1453.126767463982,1380.3931951057166
2015-01-23,Villupuram,Chinnasalem,1069.0,1415.3397087939084,1324.5017969980836,1374.13692465052,1488.377065397799,1400.5888739600778
2018-02-27,Villupuram,Chinnasalem,1369.0,1417.9725976660848,1331.6303336061537,1386.0420351848006,1517.943925410509,1413.397222966887
2018-12-12,Villupuram,Chinnasalem,1418.0,1429.0858941152692,1352.7549058198929,1392.6886880770326,1532.8567693009973,1426.846564328298
2018-03-26,Villupuram,Chinnasalem,1310.0,1447.0675182528794,1379.5228625647724,1404.485378228128,1538.7457225471735,1442.4553703982383
2018-02-23,Villupuram,Chinnasalem,1509.9999999999998,1451.18528297171,1374.7041635215282,1405.8152888901532,1543.0161044932902,1443.6802099691704
2018-03-27,Villupuram,Chinnasalem,1380.0,1439.056702144444,1380.6349656544626,1395.7507006824017,1479.319612774998,1423.6904953140765
2018-04-12,Villupuram,Chinnasalem,1368.0,1433.3895618095994,1358.1448490731418,1400.5434340797365,1483.1567275337875,1418.8086431240663
2015-03-12,Villupuram,Chinnasalem,1300.0,1443.7124253250659,1366.9139172881842,1405.6632241234183,1499.566325172782,1428.9639729773626
2015-03-31,Villupuram,Chinnasalem,1344.0,1448.0474451556802,1351.7589575611055,1403.5234062932432,1507.8874859958887,1427.8043237514794
2018-06-20,Villupuram,Chinnasalem,1356.0,1453.3549336716533,1366.9227566570044,1415.678367111832,1522.5236852653325,1439.6199356764555
2018-06-22,Villupuram,Chinnasalem,1389.0,1453.0575717799366,1370.8352822810411,1412.749497499317,1530.457985587418,1441.7750842869282
2015-08-26,Villupuram,Chinnasalem,1429.9999999999998,1465.2699884958565,1384.0077373199165,1417.8292341530323,1533.8477454148233,1450.2386763459072
2018-06-08,Villupuram,Chinnasalem,1450.0,1465.1488615199924,1391.2120991386473,1432.0229125209153,1493.0953547358513,1445.3698069788516
2015-06-18,Villupuram,Chinnasalem,1333.0,1448.097028490156,1371.7683881521225,1417.0738824643195,1418.2427508756518,1413.7955124955624
2015-03-30,Villupuram,Chinnasalem,1223.0,1455.8937661349773,1362.036104965955,1420.3469350002706,1430.9322172775865,1417.3022558446974
2018-06-12,Villupuram,Chinnasalem,1460.0,1471.0774538107216,1370.4673435539007,1429.473030846566,1461.353457532823,1433.0928214360029
2016-02-29,Villupuram,Chinnasalem,1309.0,1457.111112959683,1369.9136399663985,1414.598997309804,1425.7232048548758,1416.8367387726903
2016-02-19,Villupuram,Chinnasalem,1520.0,1461.3798375241458,1383.642837125808,1417.6082499325275,1449.8998453840613,1428.1326924916357
2018-09-14,Villupuram,Chinnasalem,1339.0000000000002,1453.9641595445573,1389.6059582009912,1411.5296646021307,1417.705206759274,1418.2012472767383
2016-01-08,Villupuram,Chinnasalem,1201.0,1457.6061176136136,1386.0362343490124,1414.336992893368,1445.570764504373,1425.8875273400918
2017-06-08,Villupuram,Chinnasalem,1258.0,1454.408199712634,1353.658316936344,1414.1584100201726,1463.8384250923991,1421.5158379403874
2016-03-09,Villupuram,Chinnasalem,1356.0,1452.7731927111745,1349.1114284843206,1415.0598875246942,1489.9678755551577,1426.7280960688367
2018-12-11,Villupuram,Chinnasalem,1425.0,1459.7379247657955,1361.6886072792113,1412.759856134653,1500.906042009592,1433.773107547313
2016-12-28,Villupuram,Chinnasalem,1326.0,1473.565874248743,1401.924723573029,1416.015782393515,1507.29372901842,1449.7000273084268
2016-03-16,Villupuram,Chinnasalem,1282.0,1476.5252673067153,1414.6976115182042,1415.4466099105775,1514.6533322520554,1455.330705246888
2015-08-11,Villupuram,Chinnasalem,1328.0,1485.0902013480663,1439.901690557599,1422.0841472037137,1523.4070696868002,1467.6207771990448
2016-12-19,Villupuram,Chinnasalem,1469.9999999999998,1488.098625279963,1460.4275336489081,1436.4094492979348,1536.8054810911417,1480.435272329487
2016-11-28,Villupuram,Chinnasalem,1450.0,1479.4747160747647,1478.2203543931246,1429.1918284259737,1479.8448646441102,1466.6829408844933
2015-10-19,Villupuram,Chinnasalem,1460.0,1458.9436246082187,1472.3231142386794,1409.5629050396383,1414.6035551093519,1438.858299748972
2017-06-05,Villupuram,Chinnasalem,1445.0,1439.1586311161518,1452.7625578455627,1386.3145363517106,1360.8832579106092,1409.7797458060086
2017-05-29,Villupuram,Chinnasalem,1324.0,1421.5379018336535,1424.0684473887086,1363.6839566752315,1323.7128833308816,1383.2507973071188
2017-03-03,Villupuram,Chinnasalem,1550.0000000000002,1418.680575862527,1387.6933397725224,1361.5846065804362,1368.5259971767664,1384.121129848063
2017-02-07,Villupuram,Chinnasalem,1302.0,1414.5119847729802,1374.026156309992,1363.1976532749832,1365.2330560609698,1379.2422126047313
2016-07-28,Villupuram,Chinnasalem,1151.0,1411.480081267655,1354.786165151745,1370.3696961514652,1411.5237256512046,1387.0399170555174
2017-05-03,Villupuram,Chinnasalem,1253.0,1407.6466956175864,1344.5083271712065,1375.772484112531,1454.9040330573916,1395.7078849896789
2017-06-27,Villupuram,Chinnasalem,1272.0,1428.8984718732536,1393.055798113346,1386.4508559927344,1485.2382607758045,1423.4108466887847
2015-09-18,Villupuram,Chinnasalem,1354.0,1445.1724404469132,1441.253561526537,1396.57082837075,1510.864695906639,1448.4653815627098
2017-05-04,Villupuram,Chinnasalem,1360.0,1452.3183795623481,1471.5260517783463,1410.8970972709358,1534.6756075508893,1467.3542840406299
2017-07-24,Villupuram,Chinnasalem,1310.0,1449.8774707317352,1485.5951502919197,1409.600610472262,1545.1944564469159,1472.5669219857082
2016-07-21,Villupuram,Chinnasalem,1389.0,1441.5792370215058,1467.5280328840017,1404.7874360345304,1537.5540651381016,1462.8621927695349
2016-08-03,Villupuram,Chinnasalem,1200.0,1447.5802016444504,1483.6294956505299,1404.2213020846248,1535.640618018806,1467.7679043496028
2016-07-08,Villupuram,Chinnasalem,1363.0000000000002,1447.5716385059059,1479.4448832049966,1409.1196935623884,1536.5629509091377,1468.1747915456071
2016-08-10,Villupuram,Chinnasalem,1525.0,1463.961347565055,1504.3826762586832,1416.0175778903067,1537.7794690430164,1480.5352676892653
2016-09-12,Villupuram,Chinnasalem,1520.0,1461.2694835290313,1514.0767015516758,1410.5424175970256,1476.1284625157714,1465.504266298376
2016-07-25,Cuddalore,Cuddalore,1420.0,1443.52376004681,1507.6399836689234,1394.9051598086953,1415.1376463472843,1440.3016374679282
2018-10-05,Erode,Dharapuram,1460.0,1420.1091007329524,1475.8148030377924,1371.2954819202423,1362.2941040433943,1407.3783724335954
2015-02-02,Salem,Gangavalli,1509.9999999999998,1406.9671691395342,1445.3412171453238,1352.563202008605,1323.4076488763094,1382.069809292443
2015-02-24,Salem,Gangavalli,1360.0,1391.6800332255661,1425.0117737799883,1336.3976538181305,1302.675461769104,1363.9412306481972
2015-06-17,Salem,Gangavalli,1392.0,1394.8420411907136,1360.055672004819,1337.7358513884246,1357.842376921326,1362.6189853763208
2015-11-20,Salem,Gangavalli,1509.9999999999998,1406.8686930462718,1329.1199528612196,1348.540046159178,1412.8394104540348,1374.342025630176
2015-11-25,Salem,Gangavalli,1009.0,1403.6044798791409,1322.755192965269,1346.141953021288,1387.8956784494221,1365.09932607878
2015-10-30,Salem,Gangavalli,1321.0,1412.7414868213236,1321.1268154904246,1357.6831301674247,1423.974529094994,1378.8814903935418
2015-07-01,Salem,Gangavalli,1283.0000000000002,1412.1216260828078,1306.0172956436872,1362.8971147350967,1458.6614553816617,1384.9243729608133
2015-10-01,Salem,Gangavalli,1361.0,1421.1405445821583,1321.2414510548115,1375.4113130271435,1491.360628604889,1402.2884843172505
2015-05-13,Salem,Gangavalli,1429.9999999999998,1416.6042909957469,1314.371465984732,1377.4192309007049,1509.8683333024383,1404.5658302959055
2015-10-14,Salem,Gangavalli,1321.0,1395.4635593108833,1322.2429239191115,1361.6235550493002,1448.2118021696806,1381.885460112244
2015-10-15,Salem,Gangavalli,1244.0,1381.6437586210668,1290.3044888749719,1355.7805941440165,1444.2771781235933,1368.0015049409121
2015-09-01,Salem,Gangavalli,1121.0,1403.5187103785574,1309.3364786356688,1369.126659911126,1464.6538568660617,1386.6589264478534
2015-09-07,Salem,Gangavalli,1460.0,1414.2850616015494,1299.6721480973065,1381.4740151166916,1490.6947755254805,1396.531500085257
2018-01-18,Salem,Gangavalli,1331.0000000000002,1410.8785898424685,1314.4530920311809,1371.186509076506,1437.3850946314633,1383.4758213954046
2015-09-03,Salem,Gangavalli,1230.0,1424.8269757255912,1321.2476662360132,1387.4491522088647,1458.9440389536321,1398.1169582810253
2016-06-01,Salem,Gangavalli,1336.0,1427.2438525222242,1314.3254736438394,1395.1301493681967,1489.601594209671,1406.5752674359828
2015-12-29,Salem,Gangavalli,1360.0,1437.572516873479,1315.027098543942,1394.60075404495,1507.411265000701,1413.652908615768
2016-02-18,Salem,Gangavalli,1425.0,1438.6304788291454,1309.2903481796384,1387.123338598758,1512.6875394955277,1411.9329262757674
2017-01-20,Salem,Gangavalli,1249.0,1438.5331076569855,1326.5744908712804,1397.4333574064076,1471.7235564254224,1408.566128090024
2016-07-05,Salem,Gangavalli,1319.0,1431.0293122194707,1307.5835213065147,1399.6024556457996,1476.0290196165442,1403.5610771970823
2016-05-13,Salem,Gangavalli,1309.0,1440.7091116532683,1329.0514477528632,1403.296759352088,1491.1692010238767,1416.056629945524
2016-05-06,Salem,Gangavalli,1284.0,1445.3711881302297,1339.2193460837007,1412.4307277612388,1512.7226207405329,1427.4359706789255
2016-05-12,Salem,Gangavalli,1500.0,1452.905368898064,1364.069850370288,1427.3332130163908,1535.519352927804,1444.9569463031366
2016-03-22,Salem,Gangavalli,1460.0,1467.0512594282627,1364.1271681524813,1461.1487708985806,1566.6143188253045,1464.7353793261573
2017-11-14,Salem,Gangavalli,1418.0,1447.1422385424376,1370.1674955897033,1438.3114328607917,1483.7743784300983,1434.8488863557577
2016-11-10,Salem,Gangavalli,1435.0,1446.9950078055263,1372.9404332116246,1428.873473033309,1475.5454785190523,1431.088598142378
2016-10-21,Salem,Gangavalli,1395.0000000000002,1427.443152666092,1371.6319303959608,1403.4018649719656,1413.3752971887589,1403.9630613056943
2017-11-08,Villupuram,Gingee,1391.0,1431.395869795233,1361.2401474267244,1402.1026158705354,1431.850130483508,1406.6471908940002
2015-09-07,Villupuram,Gingee,1460.0,1441.6535429656506,1364.8035179823637,1418.4923249296844,1468.985147587955,1423.4836333664134
2017-11-29,Villupuram,Kallakurichi,1406.0,1434.5526293851435,1381.5222172997892,1409.7953528165817,1428.5273564979434,1413.5993889998645
2015-01-29,Villupuram,Kallakurichi,1301.0,1442.4925924278796,1393.6817359179258,1422.8685030713677,1455.7197410613298,1428.6906431196257
2015-06-16,Villupuram,Kallakurichi,1258.9999999999998,1450.1991408877075,1400.4463391378522,1424.3723006919026,1486.2418053671718,1440.3148965211585
2015-12-03,Villupuram,Kallakurichi,1429.9999999999998,1456.1898849904537,1414.6594917401671,1437.3679683543742,1517.925970442593,1456.535828881897
2017-12-08,Villupuram,Kallakurichi,1370.0,1444.0205601975322,1434.2620351351798,1420.6832453608513,1464.978427439928,1440.9860670333728
2015-11-20,Villupuram,Kallakurichi,1369.0,1442.6109571009874,1415.7282266765833,1412.953079212457,1469.3296067416668,1435.1554674329236
2018-01-25,Villupuram,Kallakurichi,1389.0,1447.0277410931885,1414.9042317643762,1409.9354015663266,1485.4664269834757,1439.3334503518417
2018-01-02,Villupuram,Kallakurichi,1263.0,1456.7434504628181,1428.7639477290213,1415.3528297320008,1504.9240875989199,1451.44607888069
2015-02-09,Villupuram,Kallakurichi,1440.0,1455.22404583171,1421.2746543809772,1421.3618050329387,1524.231340829283,1455.5229615187272
2018-06-25,Villupuram,Kallakurichi,1350.0,1439.1960603184998,1431.4770814962685,1405.9998107142746,1460.0573850795627,1434.1825844021514
2015-10-28,Villupuram,Kallakurichi,1420.0,1451.7246225848794,1447.4246839992702,1414.3693118356168,1467.5950187258422,1445.2784092864022
2018-04-25,Villupuram,Kallakurichi,1359.0,1446.8049613758922,1412.639419734478,1415.8949316479266,1477.5982838124037,1438.234399142675
2018-02-07,Villupuram,Kallakurichi,1425.0,1445.853762421757,1398.7110605463386,1406.5738172270358,1489.970637857914,1435.2773195132613
2018-02-14,Villupuram,Kallakurichi,1174.0,1445.0299056246877,1407.5670031830668,1415.427550021559,1447.660584654659,1428.9212608709931
2018-04-09,Villupuram,Kallakurichi,1250.0,1447.2890549339354,1407.119233906269,1428.0121870338917,1460.6239333748817,1435.7611023122445
2017-10-23,Villupuram,Kallakurichi,1411.0,1459.2299372889102,1415.6561305746436,1434.6005553379655,1495.9536475129426,1451.3600676786155
2018-05-17,Villupuram,Kallakurichi,1371.0000000000002,1471.8238280154765,1420.7911132834852,1442.4512960016727,1523.084570840001,1464.5377020351589
2016-02-17,Villupuram,Kallakurichi,1499.0,1469.772541988641,1401.426956616342,1438.9149960130453,1533.7630808353424,1460.9693938633427
2018-07-24,Villupuram,Kallakurichi,1266.0,1472.0642864704132,1397.433081176132,1440.6878419220448,1538.3990535512567,1462.1460657799616
2016-02-09,Villupuram,Kallakurichi,1300.0,1486.2212262116373,1415.5072424560785,1449.8711174353957,1542.9987019859254,1473.6495720222592
2018-05-31,Villupuram,Kallakurichi,1490.0,1481.5858059562743,1397.1315758302808,1457.298258971423,1550.7798326201737,1471.698868344538
2017-12-13,Villupuram,Kallakurichi,1530.0,1461.335640680045,1397.228670772165,1441.1430694162846,1472.7699167095125,1443.1193243945017
2016-02-04,Villupuram,Kallakurichi,1450.0,1438.0590965040028,1377.241062372923,1419.231379032135,1389.9647813290358,1406.1240798095241
2018-08-06,Villupuram,Kallakurichi,1429.9999999999998,1424.912468995899,1313.7440089136362,1411.5753807127476,1393.7433352693915,1385.9937984729186
2016-11-09,Villupuram,Kallakurichi,1421.0,1423.4230353496969,1271.2490195408463,1404.9091154709458,1422.723896522075,1380.576266720891
2018-07-13,Villupuram,Kallakurichi,1269.0,1440.4936520382762,1277.1169792860746,1424.638448562473,1463.445625640452,1401.423676381819
2016-05-10,Villupuram,Kallakurichi,1312.0,1444.9021491222084,1282.7276305295527,1434.884658176452,1501.9714621827006,1416.1214750027284
2015-10-08,Villupuram,Kallakurichi,1319.0,1457.7957496978343,1294.8921212926507,1438.861407339573,1522.005339153111,1428.3886543707922
2015-03-18,Villupuram,Kallakurichi,1369.0,1463.2069626823068,1310.848977509886,1448.7562520429492,1539.2440419644117,1440.5140585498884
2016-04-20,Villupuram,Kallakurichi,1450.0,1464.177635870874,1315.397661458701,1442.2912205569446,1543.170517217368,1441.2592587759718
2016-12-08,Villupuram,Kallakurichi,1239.0,1464.774155151099,1304.3546656146646,1443.5796966776252,1528.9022566750646,1435.4026935296133
2016-06-02,Villupuram,Kallakurichi,1489.0,1481.1387272551656,1342.0556785538793,1443.5270748101175,1529.3257176876068,1449.0117995766923
2016-05-05,Villupuram,Kallakurichi,1293.0,1482.9112969338894,1341.4257354103029,1437.5348114408553,1529.8374342732131,1447.9273195145652
2018-09-25,Villupuram,Kallakurichi,1345.0,1489.112804736942,1357.1531823836267,1449.7520621865988,1542.2530183568597,1459.5677669160068
2017-08-18,Villupuram,Kallakurichi,1460.0,1499.4972676038742,1366.6503936052322,1453.0194520018995,1546.6851331293583,1466.463061585091
2016-10-21,Villupuram,Kallakurichi,1439.0,1481.298664584756,1377.4739244952798,1437.055966258049,1467.021150328219,1440.712426416576
2015-07-10,Villupuram,Kallakurichi,1419.0,1472.4862282164395,1351.8606103025377,1426.1186284944415,1464.962682314217,1428.857037331909
2015-09-22,Villupuram,Kallakurichi,1392.0,1476.1331584304571,1343.187532108277,1425.9263722226024,1482.0109243504703,1431.8144967779517
2016-05-24,Villupuram,Kallakurichi,1461.0,1483.9232665486634,1350.4058435559273,1444.538630079478,1511.978456377983,1447.711549140513
2016-01-11,Villupuram,Kallakurichi,1350.0,1503.3067593351007,1374.0428682416677,1458.2261164672673,1535.0406458601356,1467.6540974760428
2016-12-02,Villupuram,Kallakurichi,1520.0,1485.842652618885,1377.4711621925235,1442.1477189287543,1469.7674317285419,1443.8072413671762
2016-12-26,Villupuram,Kallakurichi,1469.9999999999998,1491.7787031270564,1380.445195455104,1446.2523627094924,1478.0924597755075,1449.14218026679
2017-03-15,Villupuram,Kallakurichi,1550.0000000000002,1473.4100803732872,1372.8868445381522,1429.5592146925628,1418.182670790702,1423.509702598676
2018-08-24,Villupuram,Kallakurichi,1480.0,1456.4697062596679,1356.1568197794259,1408.6862882599235,1356.1412127688527,1394.3635067669675
2017-05-31,Villupuram,Kallakurichi,1485.9999999999998,1454.944224562496,1342.5241651013494,1413.9876997098327,1398.188985325396,1402.4112686747685
2015-09-11,Villupuram,Kallakurichi,1540.0,1452.3505603894591,1332.9525098204613,1409.9402355961502,1446.2845435366035,1410.3819623356685
2017-08-02,Villupuram,Kallakurichi,1200.0,1463.7340100482106,1363.1121600046754,1416.1518258042634,1485.75508762151,1432.1882708696648
2017-02-07,Villupuram,Kallakurichi,1437.0,1463.9790263026953,1367.8448133170605,1425.503049325198,1518.7648817896843,1444.0229426836595
2017-05-18,Villupuram,Kallakurichi,1469.9999999999998,1476.4447461813688,1407.3200533166528,1432.1614420041442,1540.0491151027381,1463.993839151226
2017-04-07,Villupuram,Kallakurichi,1460.0,1473.529964312911,1429.3231759220362,1440.6464073807,1495.6956484355032,1459.7987990127876
2017-01-31,Villupuram,Kallakurichi,1249.0,1448.062499705702,1415.2706512250006,1418.2363975793123,1415.2205154299736,1424.1975159849972
2018-12-10,Villupuram,Kallakurichi,1482.0,1437.909241579473,1375.0069119036198,1414.030791632831,1423.3684798702598,1412.578856246546
2016-08-22,Villupuram,Kallakurichi,1469.0,1446.253467630595,1378.7999679334462,1417.637115996331,1451.447977963835,1423.5346323810518
2017-03-25,Coimbatore,Karamadai,1400.0,1439.1126387752593,1359.6797225996852,1416.5392387658358,1468.2826939970255,1420.9035735344514
2015-03-03,Coimbatore,Kianthukadavu,1527.0,1434.847919549793,1362.8027820959687,1407.1951972320676,1484.9498763680458,1422.4489438114688
2015-05-20,Tuticorin,Kovilpatti,1100.0,1448.3488123863935,1405.235343426466,1410.6692072935402,1502.715902775526,1441.7423164704815
2015-05-28,Tuticorin,Kovilpatti,1600.0,1462.1951311826706,1450.1998314633965,1420.191693585366,1520.5324793234468,1463.27978388872
2018-06-29,Cuddalore,Kurinchipadi,1507.0,1445.88138544932,1465.0251103565097,1405.8267524465919,1456.7946911789477,1443.3819848578423
2017-06-30,Cuddalore,Kurinchipadi,1302.0,1435.54926821962,1447.6862740702927,1398.1699254363775,1463.209034409374,1436.153625533916
2017-08-09,Cuddalore,Kurinchipadi,1489.0,1442.5249113701284,1464.0107927843928,1405.085626617074,1482.6354810036719,1448.5642029438168
2016-08-05,Cuddalore,Kurinchipadi,1559.0,1446.1468427442014,1460.194119066,1422.016608901322,1512.2295496985316,1460.1467801025137
2016-09-19,Cuddalore,Kurinchipadi,1564.0,1455.7336906902492,1483.0828359350562,1429.2262190952897,1532.721416465938,1475.1910405466333
2015-02-05,Coimbatore,Madathukulam,1469.9999999999998,1462.6463533379138,1499.8182471841574,1445.3075170516968,1549.024389218539,1489.1991266980767
2018-06-08,Coimbatore,Madathukulam,1469.9999999999998,1448.4715967439115,1515.9342120401561,1429.5962295494974,1481.6359417513013,1468.9094950212166
2018-01-08,Coimbatore,Madathukulam,1079.0,1430.9642599895597,1488.559653609991,1407.9088381491601,1405.546654947102,1433.2448516739532
2018-02-13,Villupuram,Manalurpet,1483.0,1451.1576599441469,1454.413586203009,1417.5792457535863,1429.6940150670707,1438.2111267419532
2018-05-04,Villupuram,Manalurpet,1300.0,1467.3154736869037,1428.9450166746974,1431.7360473796725,1472.0246474258602,1450.0052962917835
2018-12-12,Villupuram,Manalurpet,1389.0,1481.922116316855,1414.9314404465258,1445.6155138090253,1513.2358565926552,1463.9262317912653
2018-04-27,Villupuram,Manalurpet,1456.0,1475.2494977787137,1375.1215474680066,1442.6443809643388,1533.9007816277444,1456.7290519597009
2018-06-26,Villupuram,Manalurpet,1500.0,1458.3904734812677,1336.4701642654836,1433.3843134343624,1511.119242105633,1434.8410483216867
2018-08-16,Villupuram,Manalurpet,1569.0,1466.8299989774823,1339.3958572298288,1450.8049138821661,1519.841351173818,1444.2180303158239
2018-09-28,Villupuram,Manalurpet,1506.0,1475.6494792178273,1358.9676009491086,1458.7875545024872,1535.4247440584004,1457.2073446819559
2018-03-29,Erode,Muthur,1531.0,1490.0840303860605,1367.350361123681,1467.661728337407,1547.3385558463633,1468.108668923378
2018-03-20,Namakkal,Namagiripettai,1358.0,1494.5457017980516,1352.6772851124406,1467.7160075865686,1549.6399683877826,1466.1447407212108
2018-03-07,Namakkal,Namagiripettai,1530.0,1488.931045215577,1340.7051887363195,1473.5341077670455,1552.4311372078955,1463.9003697317094
2018-02-09,Namakkal,Namagiripettai,1439.0,1499.933849554509,1362.6889752224088,1481.0901107266545,1557.0660050027072,1475.1947351265699
2018-04-17,Namakkal,Namagiripettai,1479.0,1499.5928432792425,1358.7351531721652,1477.8386041522026,1555.7985223829746,1472.9912807466462
2017-12-26,Namakkal,Namagiripettai,1350.0,1496.8019506894052,1352.5154141709208,1473.3359125442803,1548.6474730074406,1467.8251876030117
2018-10-15,Dindigul,Oddunchairum,1455.0,1470.6360378302634,1346.3139063678682,1455.5288659408689,1458.0215679481626,1432.6250945217907
2015-11-02,Cuddalore,Panruti,1519.0,1462.8720334731042,1310.1052274927497,1445.394253358245,1451.6258702613413,1417.49934614636
2018-06-12,Cuddalore,Panruti,1624.0,1464.6283055655658,1285.177931189537,1442.845476604998,1462.4017514288425,1413.7633661972359
2016-05-24,Cuddalore,Panruti,1498.0,1473.2487618923187,1298.2724892906845,1449.3250101804733,1485.2261066436768,1426.5180920017883
2015-07-17,Cuddalore,Panruti,1445.0,1476.1584335006773,1307.3987232521176,1463.7655002996325,1512.1232010424137,1439.8614645237103
2015-06-19,Cuddalore,Panruti,1340.0,1490.5846977606416,1347.4250426515937,1474.8732721433043,1531.3814233988523,1461.066108988598
2018-05-21,Cuddalore,Panruti,1300.0,1506.0105012729764,1382.7671871520579,1484.100192040205,1547.6787334308028,1480.1391534740105
2016-06-13,Cuddalore,Panruti,1640.0,1518.5713824816048,1406.969517096877,1489.6213446743786,1561.243573576212,1494.1014544572681
2016-04-25,Cuddalore,Panruti,1469.9999999999998,1503.248198516667,1409.9033588543534,1480.166120454669,1489.0800714492798,1470.5994373187423
2015-06-30,Cuddalore,Panruti,1286.0,1486.0398810356855,1385.4917844757438,1463.25544109568,1403.3793522045016,1434.5416147029027
2016-08-02,Cuddalore,Panruti,1103.0,1468.2451266795397,1320.1873563230038,1454.2837579734623,1405.4042582400143,1412.030124804005
2018-10-01,Cuddalore,Panruti,1500.0,1463.6213080957532,1290.3566963970661,1453.5560293123126,1439.6242172457278,1411.789562762715
2017-10-06,Cuddalore,Panruti,1485.9999999999998,1472.5543189793825,1308.0307381227612,1463.9114880003035,1479.2273518629372,1430.9309742413461
2015-09-29,Cuddalore,Panruti,1581.0,1490.7933897338808,1352.9631834477186,1468.8884669914842,1515.3338255360723,1456.994716427289
2016-06-17,Cuddalore,Panruti,1450.0,1505.4700567387044,1387.7391939982772,1471.5459403581917,1541.3685290142894,1476.5309300273657
2017-08-17,Cuddalore,Panruti,1469.0,1509.7803539596498,1403.2277017831802,1486.603114567697,1495.1810314320028,1473.6980504356325
2017-06-16,Cuddalore,Panruti,1309.0,1503.2281718216836,1370.6775547936559,1479.742521326989,1492.643442004919,1461.5729224868119
2016-09-30,Cuddalore,Panruti,1600.0,1482.898866571486,1329.2380413040519,1466.9124537147582,1484.9686600267887,1441.0045054042712
2017-06-15,Cuddalore,Panruti,1525.0,1466.1330699920654,1334.6264652907848,1455.0154919736087,1420.4153019934893,1419.047582312487
2017-07-04,Cuddalore,Panruti,1201.0,1454.1129095479846,1320.005320571363,1440.4001480899751,1428.6080157384276,1410.7815984869376
2017-08-07,Cuddalore,Panruti,1450.0,1457.6505906879902,1342.0675564557314,1441.0253953188658,1455.5374290794134,1424.0702428855002
2016-08-23,Cuddalore,Panruti,1500.0,1450.301207974553,1358.015158958733,1451.944916229695,1422.1174329519272,1420.5946790287271
2015-02-03,Coimbatore,Pethappampatti,1536.0,1430.9185438789427,1318.1025083176792,1442.284176684916,1428.1475398689508,1404.8631921876222
2015-07-14,Coimbatore,Pethappampatti,1469.9999999999998,1428.7209939211607,1329.6746232546866,1445.2627677470446,1459.2256557196379,1415.7210101606324
2015-06-23,Coimbatore,Pethappampatti,1440.0,1439.2718855291605,1380.1784951239824,1447.7101679891348,1489.8361137136817,1439.2491655889899
2018-06-22,Coimbatore,Pethappampatti,1659.0,1452.3100926540792,1425.6410263478756,1453.056466858834,1517.6462872885168,1462.1634682873264
2015-08-26,Coimbatore,Pethappampatti,1570.0,1462.2296599671245,1455.6553794071078,1457.5104038231075,1539.1647638753057,1478.6400517681614
2015-08-20,Coimbatore,Pethappampatti,1449.0,1444.355351291597,1459.422331675887,1439.9834547191858,1469.6163337677717,1453.3443678636104
2018-08-16,Coimbatore,Pethappampatti,1509.0,1431.9015093147755,1430.53430756554,1428.6837028339505,1472.0595905557275,1440.7947775674984
2018-07-19,Coimbatore,Pethappampatti,1359.0,1431.6591172479093,1421.4689823798835,1428.1358000822365,1487.9580240696669,1442.305480944924
2018-07-22,Coimbatore,Pethappampatti,1234.0,1433.9269678108394,1400.5720239132643,1426.822601351887,1498.648688197136,1439.9925703182817
2018-09-27,Coimbatore,Pethappampatti,1089.0,1426.451347861439,1393.2720864191651,1431.7400527186692,1511.1014252528548,1440.641228063032
2018-08-07,Coimbatore,Pethappampatti,1551.0,1418.1658207438886,1396.0961266420782,1423.3916832134128,1513.8058577664196,1437.8648720914498
2018-11-01,Coimbatore,Pethappampatti,1419.0,1415.8565356396139,1407.2027935646474,1416.6719674132764,1513.529351260513,1438.3151619695127
2018-11-18,Coimbatore,Pethappampatti,1570.0,1416.7881222441792,1418.9760041423142,1426.4100514352322,1523.9180956967175,1446.5230683796108
2018-11-20,Coimbatore,Pethappampatti,1525.9999999999998,1400.849911570549,1433.5613770410419,1410.7773514464498,1447.6692859083414,1423.2144814915955
2016-07-12,Coimbatore,Pongalur,1400.0,1401.3562416657805,1436.6798787377775,1418.5057220980525,1460.1071065291762,1429.1622372576967
2018-07-19,Coimbatore,Pongalur,1589.0,1393.4963854029775,1450.3016223199666,1408.9749488979578,1408.0798246897757,1415.2131953276694
2018-07-23,Coimbatore,Pongalur,1685.0,1413.479297887534,1452.8339633718133,1419.5642365142703,1438.1499762646854,1431.0068685095757
2018-09-05,Coimbatore,Pongalur,1509.0,1436.3803070038557,1450.5971887148917,1432.126360759139,1476.8762178719044,1448.9950185874477
2018-09-10,Coimbatore,Pongalur,1500.0,1435.1581261493266,1411.185896024108,1434.3888248316944,1496.7088610865176,1444.3604270229116
2018-10-01,Virudhunagar,Rajapalayam,1543.0,1422.7838384918869,1412.2645752504468,1413.2417398504913,1430.1712028682232,1419.615339115262
2018-02-15,Salem,Salem,1352.0,1436.027560941875,1394.0855845808983,1416.1751672625542,1455.2297085523605,1425.379505334422
2018-03-06,Salem,Salem,1331.0000000000002,1436.644245032221,1347.288584895432,1417.72316172719,1468.1137791834772,1417.44244270958
2018-06-11,Salem,Salem,1492.0,1457.2833425365388,1360.3062128648162,1425.5620244890451,1490.214549191296,1433.341532270424
2017-10-31,Salem,Salem,1615.0,1471.6431734152138,1348.8186243921518,1428.8743017241359,1505.6960131041706,1438.758028158918
2017-10-04,Salem,Salem,1339.0000000000002,1483.8133268989623,1367.804069351405,1439.7807016968727,1520.2858056873083,1452.920975908637
2018-04-27,Salem,Salem,1489.0,1479.426652006805,1351.2378491461277,1439.1663655638695,1526.1742064729333,1449.0012682974339
2015-02-20,Villupuram,Sangarapuram,1496.0,1486.1938794143498,1349.8504825867712,1455.3516642190516,1536.211033537984,1456.9017649395391
2015-01-19,Villupuram,Sangarapuram,1569.0,1488.4992972947657,1362.173805758357,1460.173816140741,1542.0077258720994,1463.2136612664908
2017-09-11,Villupuram,Sangarapuram,1531.0,1491.6526040062308,1381.7251084372401,1475.0903891399503,1550.1584526151419,1474.6566385496408
2017-12-20,Villupuram,Sangarapuram,1400.0,1513.6459204368293,1415.027844812721,1487.1773973107338,1559.1726751998067,1493.7559594400227
2017-10-27,Villupuram,Sangarapuram,1393.0,1504.9548872746527,1401.9078735262156,1482.305247709155,1533.43699099496,1480.6512498762459
2017-09-28,Villupuram,Sangarapuram,1409.0,1499.2649579420686,1380.1641311496496,1470.9019094705582,1526.115369424224,1469.111591996625
2018-01-24,Villupuram,Sangarapuram,1580.0,1502.213716134429,1377.8175549581647,1468.2706779800355,1526.2114975601435,1468.6283616581932
2018-05-04,Villupuram,Sangarapuram,1309.0,1510.5176125653088,1388.6252026073635,1472.094395570457,1533.0647706985474,1476.0754953604192
2017-11-23,Villupuram,Sangarapuram,1500.0,1501.679348666221,1361.435856577009,1472.428219858557,1525.9188315831125,1465.3655641712248
2015-06-01,Villupuram,Sangarapuram,1409.0,1491.6084071621299,1363.3455745875835,1457.1293441578746,1433.736368920654,1436.4549237070605
2018-06-20,Villupuram,Sangarapuram,1429.9999999999998,1486.0412621870637,1345.4306600615382,1462.9734099842608,1443.7690525315702,1434.5535961911082
2018-09-12,Villupuram,Sangarapuram,1563.0,1486.1641846597195,1353.1626217067242,1459.7851601429284,1430.8236587792635,1432.4839063221589
2018-06-21,Villupuram,Sangarapuram,1160.0,1491.9027305208147,1355.595381744206,1473.7010889686644,1464.3255571834743,1446.3811896042898
2016-11-09,Villupuram,Sangarapuram,1541.0,1489.2731564119458,1344.215246848762,1467.7849270403385,1493.313300423324,1448.6466576810926
2015-07-27,Villupuram,Sangarapuram,1467.0,1488.3813469670713,1344.573793746531,1462.6770148985088,1508.1999024376273,1450.9580145124346
2018-09-14,Villupuram,Sangarapuram,1349.0,1478.5518307238817,1328.3775839954615,1459.2518975958228,1507.4116793461144,1443.39824791532
2017-06-12,Villupuram,Sangarapuram,1400.0,1484.8233629018068,1348.4972304664552,1456.114750355482,1515.6990019604564,1451.2835864210501
2016-04-01,Villupuram,Sangarapuram,1613.0,1482.221549935639,1376.8648367375135,1450.4982982762158,1438.4449901990592,1437.0074187871069
2016-11-14,Villupuram,Sangarapuram,1500.0,1480.1829705014825,1381.3513688743114,1458.1404850818217,1455.1885502412915,1443.7158436747268
2017-03-09,Villupuram,Sangarapuram,1429.9999999999998,1470.1128576882184,1388.1452525034547,1445.101449266076,1395.5163192935288,1424.7189696878195
2018-08-21,Villupuram,Sangarapuram,1351.0,1459.3927750363946,1360.8940308913589,1432.3542507365346,1418.1783892214298,1417.7048614714295
2015-07-31,Villupuram,Sangarapuram,1020.0,1468.3842086233199,1372.0701697282493,1434.8386658355594,1455.7910084724426,1432.7710131648928
2015-10-06,Villupuram,Sangarapuram,1319.0,1481.9291601888835,1397.5593184120953,1446.3299834169447,1493.6504394747317,1454.8672253731638
2017-08-29,Villupuram,Sangarapuram,1493.0,1495.2958051115274,1411.5364322438836,1455.3591224364936,1521.2661469355226,1470.8643766818568
2015-09-28,Villupuram,Sangarapuram,1372.0,1501.0552063584328,1439.1818344593048,1460.4442455805838,1540.7207690179348,1485.350513854064
2015-09-25,Villupuram,Sangarapuram,1421.0,1496.6103849932551,1438.1168286316097,1470.9869883954525,1554.3175137601793,1490.0079289451241
2018-12-24,Villupuram,Sangarapuram,1329.0,1485.1686507463455,1422.334549948573,1466.659564897418,1546.9475518912077,1480.277579370886
2016-12-15,Villupuram,Sangarapuram,1450.0,1485.5211205780506,1431.9504020735621,1472.6994779892266,1548.9237032830715,1484.7736759809777
2016-12-21,Villupuram,Sangarapuram,1400.0,1485.0683791562915,1439.3144249916077,1462.0775952003896,1542.0284431427717,1482.1222106227651
2017-01-03,Villupuram,Sangarapuram,1393.0,1481.037350744009,1431.5457247197628,1451.1992326006293,1530.3814698010683,1473.5409444663674
2016-05-31,Villupuram,Sangarapuram,1456.0,1484.5536240376532,1445.5260151997209,1447.5151494145393,1525.9602661244571,1475.8887636940926
2017-08-02,Villupuram,Sangarapuram,1450.0,1479.5970860868692,1442.4287832342088,1440.1239178143442,1522.0917992293835,1471.0603965912014
2015-08-28,Villupuram,Sangarapuram,1603.0,1479.880222119391,1459.7723154351115,1450.596912484616,1531.0768795199692,1480.331582389772
2017-04-19,Villupuram,Sangarapuram,1390.0,1487.739387806505,1493.6132865026593,1456.1512127518654,1541.026003472507,1494.6324726333842
2017-04-06,Villupuram,Sangarapuram,1500.0,1493.543124012649,1510.1916608400643,1471.2840740568936,1550.8415700867772,1506.465107249096
2017-04-27,Villupuram,Sangarapuram,1500.0,1506.2643568962812,1542.2226330265403,1478.7741960957646,1559.8683611489832,1521.7823867918923
2016-07-01,Villupuram,Sangarapuram,1391.0,1507.2850277647376,1531.264854222536,1485.8854683116078,1566.5800662711263,1522.753854142502
2017-02-03,Villupuram,Sangarapuram,1501.0,1503.0114691704512,1514.6225325763226,1474.6083673089743,1560.4655710048974,1513.1769850151613
2016-08-03,Villupuram,Sangarapuram,1356.0,1505.9964135289192,1506.4889321103692,1482.765585463494,1559.4922736287117,1513.6858011828735
2016-06-16,Villupuram,Sangarapuram,1553.0,1510.9333391301334,1479.3791403993964,1484.3399599194527,1546.1952387355268,1505.2119195461273
2016-09-21,Villupuram,Sangarapuram,1549.0,1522.5194036960602,1477.080766391009,1494.878559280187,1551.9348895177245,1511.6034047212452
2018-09-18,Thirunelveli,Sankarankovil,1509.9999999999998,1532.4972555972636,1460.570620931685,1492.2006448730826,1551.318481657654,1509.1467507649213
2015-02-09,Thirunelveli,Sankarankovil,1389.0,1515.5467990785837,1447.746630385518,1472.3755979910493,1451.4348570257425,1471.7759711202234
2015-01-23,Thirunelveli,Sankarankovil,1560.0,1510.7874895446002,1405.3369961678982,1480.1307629793882,1458.1631359644234,1463.6045961640775
2016-08-06,Thirunelveli,Sankarankovil,1392.0,1521.824960783124,1396.715296804905,1488.6774658225477,1483.9700875803828,1472.7969527477399
2018-10-15,Virudhunagar,Sathur,1310.0,1522.6298958063126,1369.0593978390098,1500.596940331161,1512.709776032716,1476.2490025022998
2016-03-09,Coimbatore,Senjeri,1350.0,1526.1435449123383,1365.7290275208652,1500.3614540211856,1533.0031713470817,1481.3092994503677
2015-08-07,Coimbatore,Senjeri,1549.0,1530.139906425029,1344.6255869232118,1494.6405868977308,1536.7706760764122,1476.544189080596
2015-08-31,Coimbatore,Senjeri,1380.0,1537.1467635966837,1359.075883217156,1496.922525204718,1544.1432621330023,1484.32210853789
2016-06-12,Coimbatore,Senjeri,1570.0,1539.297768753022,1334.9575272761285,1502.6311000809073,1536.0730565153062,1478.239863156341
2018-08-03,Coimbatore,Senjeri,1276.0,1544.7393670678139,1353.9040237665176,1503.5425218753517,1537.311258725822,1484.8742928588763
2015-09-04,Coimbatore,Senjeri,1330.0,1547.108317911625,1368.5317980125546,1501.314034126699,1539.8871060460806,1489.2103140242398
2018-08-28,Coimbatore,Senjeri,1310.0,1537.461666110903,1356.5085990354419,1490.6805496662855,1536.400389391929,1480.2628010511398
2017-03-10,Coimbatore,Senjeri,1530.0,1518.9039637334645,1339.0979428775609,1478.7120442837477,1501.0398755781353,1459.438456618227
2016-08-17,Coimbatore,Senjeri,1490.0,1488.729535229504,1337.055910564959,1453.8857101462781,1401.1783493682742,1420.2123763272539
2015-03-26,Cuddalore,Shrimushnam,1450.0,1457.8773757442832,1319.2781443707645,1427.793412655592,1311.3162210211158,1379.0662884479389
2017-06-27,Cuddalore,Shrimushnam,1421.0,1440.2529173530638,1261.0749060288072,1423.3691704459488,1331.3046581111848,1364.0004129847512
2017-07-11,Cuddalore,Shrimushnam,1389.0,1438.7351701036096,1236.3274356350303,1430.1366740837693,1388.1079614162445,1373.3268103096634
2017-07-25,Cuddalore,Shrimushnam,1509.0,1458.3477959036827,1265.9781315363944,1440.8593809232116,1445.0410929508507,1402.5566003285348
2017-08-23,Coimbatore,Sulur,1425.0,1472.1441170200706,1298.0571677908301,1459.1470682062209,1493.156954087317,1430.6263267761096
2015-02-04,Salem,Thalaivasal,1419.0,1490.8870317973197,1349.4604454375803,1466.6457533836365,1528.8257408887148,1458.9547428768128
2015-02-16,Salem,Thalaivasal,1320.0,1492.441379558295,1358.302714675665,1463.4997667744756,1547.4610639736056,1465.4262312455103
2015-06-11,Salem,Thalaivasal,1050.0,1497.215191181749,1376.250776834786,1474.5445581153035,1563.1097853183746,1477.7800778625533
2015-07-31,Salem,Thalaivasal,1330.0,1507.8525428660214,1417.2885133884847,1478.7099725566804,1570.889258570969,1493.685071845539
2018-11-17,Salem,Thalaivasal,1421.0,1502.1233888342977,1413.4241899475455,1468.2557615451515,1566.2064648233354,1487.5024512875825
2018-11-14,Salem,Thalaivasal,1410.0,1489.0176434069872,1389.2733769491315,1460.8062453567982,1548.5465108416975,1471.9109441386536
2016-12-22,Salem,Thalaivasal,1420.0,1485.357730370015,1382.3087830096483,1449.9259491451085,1537.838858552277,1463.8578302692622
2015-06-23,Salem,Thalaivasal,1200.0,1484.4674401916564,1400.0960791483521,1443.620993103832,1489.3028511665761,1454.3718409026042
2015-03-30,Salem,Thalaivasal,1492.0,1481.208751630038,1402.3840945214033,1442.536374926567,1468.613203521818,1448.6856061499566
2015-04-30,Salem,Thalaivasal,1500.0,1485.4425330646336,1405.1191885955632,1458.2642362453043,1489.8901167325675,1459.6790186595172
2015-04-29,Salem,Thalaivasal,1600.0,1466.6690948419273,1413.0392630584538,1438.7667984701693,1422.1942249685526,1435.1673453347757
2015-11-18,Salem,Thalaivasal,1263.0,1470.7610320299864,1406.795906368643,1440.386060345918,1445.9132900461555,1440.9640721976757
2015-07-28,Salem,Thalaivasal,1640.0,1486.925060953945,1394.953361991793,1450.473437551409,1480.0405737943947,1453.0981085728854
2015-09-30,Salem,Thalaivasal,1540.0,1470.6287177279592,1389.8121641017497,1436.4620711654425,1420.567504875362,1429.3676144676283
2017-11-23,Salem,Thalaivasal,1500.0,1442.2642881050706,1366.7293954640627,1407.512171473354,1346.1795203387737,1390.6713438453153
2018-02-12,Salem,Thalaivasal,1473.0,1413.5442120023072,1339.1171408817172,1378.465591184795,1282.4371743947268,1353.3910296158865
2015-10-06,Salem,Thalaivasal,1625.0,1399.578147381544,1300.80869756639,1370.935691986233,1327.6230609975755,1349.7363994829357
2015-11-16,Salem,Thalaivasal,1500.0,1380.5143911391497,1297.1105266362429,1356.188862491399,1300.243530422449,1333.5143276723102
2015-09-16,Salem,Thalaivasal,1496.0,1354.9697201699018,1292.0542695559561,1328.496224898845,1263.6170532554388,1309.7843169700354
2015-06-29,Salem,Thalaivasal,1398.0,1353.5222735255957,1290.0089224800467,1345.422511268407,1334.1784197837114,1330.7830317644402
2016-03-14,Salem,Thalaivasal,1305.0,1347.1453594975173,1275.9935507550836,1348.7509479746222,1392.2802816145122,1341.0425349604338
2015-10-30,Salem,Thalaivasal,1540.0,1365.3367805294693,1321.8079993501306,1362.5029341317713,1448.12396094203,1374.4429187383503
2016-03-11,Salem,Thalaivasal,1393.0,1355.9767176397145,1356.7739182151854,1345.1652027666569,1395.7553965970874,1363.417808804661
2018-10-24,Salem,Thalaivasal,1371.0000000000002,1361.5569835528731,1370.6765879876912,1353.3823628909886,1425.2102452330291,1377.7065449161455
2016-05-10,Salem,Thalaivasal,1439.0,1367.264315392822,1361.6576694883406,1360.2564914152026,1452.733829896897,1385.4780765483156
2016-01-07,Salem,Thalaivasal,1269.0,1377.9723820276558,1370.154236536473,1380.9544259682298,1485.6110335327685,1403.6730195162818
2016-03-16,Salem,Thalaivasal,1425.0,1378.9335252717137,1391.3372314535081,1386.2637099809945,1504.1685977950692,1415.1757661253214
2018-09-29,Salem,Thalaivasal,1489.0,1378.1233418732882,1430.2173333242536,1384.1086994856596,1472.3213187418878,1416.1926733562723
2017-09-06,Salem,Thalaivasal,1459.0,1384.451915603131,1434.0975400060415,1399.3262253701687,1495.6810082308948,1428.389172302559
2016-02-03,Salem,Thalaivasal,1429.0,1379.9616543576121,1412.0380664244294,1393.4679336845875,1484.6007212996483,1417.5170939415693
2016-01-25,Salem,Thalaivasal,1350.0,1398.4911812469363,1413.2380107417703,1402.4027400650084,1497.7458295412362,1427.9694403987378
2016-06-27,Salem,Thalaivasal,1425.0,1418.5872100293636,1420.3716576099396,1415.4513058252633,1513.7377670034766,1442.0369851170108
2016-07-06,Salem,Thalaivasal,1310.0,1420.958923175931,1396.609776839614,1425.9066217578948,1519.8007453233004,1440.819016774185
2016-12-08,Salem,Thalaivasal,1323.0000000000002,1431.8408767692745,1393.7891894951463,1434.5798380672932,1529.8411633819342,1447.512766928412
2017-04-06,Salem,Thalaivasal,1471.0,1435.815692320466,1380.630131624639,1439.7099867463112,1536.3789815455675,1448.133698059246
2017-08-04,Salem,Thalaivasal,1499.0,1427.7909265831113,1340.238497685641,1441.1386497318745,1524.650520272553,1433.454648568295
2016-10-20,Salem,Thalaivasal,1369.0,1424.8019768856466,1318.7277555465698,1434.6986170858145,1517.9273515939713,1424.0389252780005
2016-11-25,Salem,Thalaivasal,1409.0,1427.3050375282764,1308.4872086532414,1432.1539837867022,1511.579579859972,1419.881452457048
2017-05-09,Salem,Thalaivasal,1451.0,1428.6069108173251,1316.6877949610353,1441.8444180861115,1513.898394908756,1425.259379693307
2017-06-21,Salem,Thalaivasal,1508.0,1427.5517111644149,1323.7302858382463,1450.8788054808974,1524.476909544319,1431.6594280069694
2017-06-23,Salem,Thalaivasal,1232.0,1446.4244541712105,1355.3368302062154,1470.9809113293886,1536.8447057902813,1452.396725374274
2017-06-13,Salem,Thalaivasal,1550.0000000000002,1445.8153664134443,1365.364679787308,1473.35110520944,1543.5377653688192,1457.0172291947529
2017-05-29,Salem,Thalaivasal,1381.0,1459.3159830197692,1377.1606793627143,1487.5891185365617,1552.8331903740764,1469.2247428232804
2017-05-16,Salem,Thalaivasal,1400.0,1468.024833034724,1361.2893164157867,1482.442257925868,1540.3031088411808,1463.01487905439
2016-01-13,Erode,Thalavadi,1480.0,1465.7674792222679,1338.404743000865,1471.9856989569962,1497.96750433743,1443.5313563793898
2015-01-28,Erode,Thalavadi,1380.0,1494.8798023164272,1345.00126009807,1483.8609766215086,1500.9871155954897,1456.1822886578739
2015-01-26,Erode,Thalavadi,1369.0,1493.8453199341893,1347.7164655923843,1478.58608327806,1461.4280397072434,1445.3939771279693
2016-03-05,Erode,Thalavadi,1540.0,1490.5917416326702,1306.3059562817216,1477.60104611516,1453.6016073077917,1432.0250878343359
2017-11-27,Salem,Thammampati,1414.0,1477.3110043257475,1303.83714819327,1459.230075404048,1373.0634937994182,1403.360430430621
2017-12-04,Salem,Thammampati,1389.0,1481.890626065433,1305.7648211717606,1456.0528747737408,1397.7470168843865,1410.3638347238302
2017-12-27,Villupuram,Thirukovilur,1450.0,1487.8888283856213,1302.9900880530477,1459.7714867442846,1438.0860289558768,1422.1841080347076
2015-01-22,Villupuram,Thirukovilur,1509.9999999999998,1486.880035419017,1275.6583453156054,1478.595060762018,1485.6584070250392,1431.69796213042
2015-01-19,Villupuram,Thirukovilur,1329.0,1462.4082428403199,1269.7308579459786,1458.5149152204394,1398.4199138358235,1397.2684824606404
2018-01-23,Villupuram,Thirukovilur,1509.9999999999998,1452.0907658152282,1284.0234267525375,1448.5260141082108,1406.182260811329,1397.7056168718264
2015-06-11,Villupuram,Thirukovilur,1269.0,1421.4615241624415,1292.7086590789258,1422.2382836975157,1342.2330183908343,1369.6603713324293
2018-06-20,Villupuram,Thirukovilur,1447.0,1409.0393105521798,1285.9555194154382,1420.9527079947293,1378.9172276854515,1373.7161914119497
2017-11-20,Villupuram,Thirukovilur,1459.0,1403.867865446955,1284.7546082921326,1416.5319186635315,1422.7000026032329,1381.963598751463
2015-03-16,Villupuram,Thirukovilur,1540.0,1405.9040969237685,1289.4146130420268,1424.4200885295868,1461.8075801059604,1395.3865946503356
2018-04-19,Villupuram,Thirukovilur,1351.0,1390.6339491717517,1315.9965286962688,1402.718885615468,1398.938950523734,1377.0720785018057
2015-03-09,Villupuram,Thirukovilur,1391.0,1380.743109807372,1288.9078686013818,1398.2468555681407,1402.948018629104,1367.7114631514996
2016-02-03,Villupuram,Thirukovilur,1380.0,1398.0412021279335,1309.871536679566,1402.2262289188802,1438.3967880159616,1387.1339389355853
2018-05-30,Villupuram,Thirukovilur,1383.0,1406.0630674473941,1333.1000167876482,1397.7562705986202,1426.998421922326,1390.9794441889971
2017-10-19,Villupuram,Thirukovilur,1461.0,1415.1590541936457,1337.5534012913704,1403.6474336870015,1454.6565307304263,1402.754104975611
2015-03-19,Villupuram,Thirukovilur,1500.0,1421.5274050831795,1351.623052265495,1417.354946769774,1488.742379937321,1419.8119460139424
2018-06-05,Villupuram,Thirukovilur,1417.0,1404.013715032488,1377.124216966331,1397.2151354886591,1423.858512379229,1400.5528949666768
2015-07-03,Villupuram,Thirukovilur,1400.0,1394.6345922537148,1359.1512940824032,1389.9180984124541,1434.0619063004851,1394.4414727622643
2017-10-12,Villupuram,Thirukovilur,1371.0000000000002,1389.7106494754553,1342.5796873867512,1386.2283525057137,1452.8991537168622,1392.8544607711956
2018-07-17,Villupuram,Thirukovilur,1550.0000000000002,1380.968513712287,1317.038331180811,1384.8297986201942,1460.8957439661026,1385.9330968698487
2016-05-12,Villupuram,Thirukovilur,1370.0,1391.9467335566878,1328.6714930087328,1401.1829071678221,1483.2527175545692,1401.263462821953
2018-08-20,Villupuram,Thirukovilur,1345.0,1392.5534733571112,1349.9312799423933,1396.9640421681106,1445.3442556783557,1396.1982627864927
2016-03-18,Villupuram,Thirukovilur,1439.0,1401.4377295970917,1368.6598307453096,1401.384279038757,1457.14481305331,1407.156663108617
2016-02-19,Villupuram,Thirukovilur,1540.0,1400.3665085881948,1360.5564774945378,1410.5105130001903,1479.1658906266093,1412.649847427383
2016-11-18,Villupuram,Thirukovilur,1450.0,1381.8844933062792,1374.1087491624057,1389.7204556502402,1407.614791020751,1388.332122284919
2016-04-07,Villupuram,Thirukovilur,1169.0,1378.528433572501,1340.9224438481033,1406.0449743643403,1433.838988468051,1389.8337100632489
2016-03-21,Villupuram,Thirukovilur,1359.0,1367.726862989366,1301.4259341172874,1408.8264751248062,1445.449499413371,1380.8571929112077
2016-10-31,Villupuram,Thirukovilur,1509.9999999999998,1367.4630630761385,1312.0431209914386,1403.9166200906038,1459.2491352930665,1385.6679848628119
2017-08-30,Villupuram,Thirukovilur,1540.0,1348.7179384566844,1334.7060196101665,1377.9559463262558,1377.8415869921446,1359.8053728463128
2016-07-29,Villupuram,Thirukovilur,1540.0,1324.9778798781335,1339.7741545923054,1349.8688519001007,1302.711371704936,1329.333064518869
2015-12-03,Villupuram,Thirukovilur,1509.9999999999998,1310.3753807023168,1332.0118076168,1326.3970129191875,1246.1058492772281,1303.7225126288831
2017-08-23,Villupuram,Thirukovilur,1360.0,1286.4502478390932,1318.4323272667825,1295.5252410843968,1207.8762697055936,1277.0710214739665
2017-01-12,Villupuram,Thirukovilur,950.0,1283.815701585263,1312.3341295868158,1292.4478976987302,1237.0657991617918,1281.4158820081502
2016-12-20,Villupuram,Thirukovilur,1540.0,1285.8863237313926,1307.5640470720828,1302.1601541899145,1296.0163785144687,1297.9067258769646
2018-10-15,Villupuram,Thirukovilur,1469.0,1283.8319991715252,1311.94630227983,1292.3172407783568,1279.6475248411298,1291.9357667677104
2017-02-13,Villupuram,Thirukovilur,1461.9999999999998,1293.7280869111419,1288.9341104775667,1302.814681828022,1350.6153642199934,1309.023060859181
2016-05-30,Villupuram,Thirukovilur,1625.0,1321.3175524957478,1285.6237668544054,1332.462477311492,1416.1141203716397,1338.8794792583212
2016-09-12,Villupuram,Thirukovilur,1419.0,1319.0922413952649,1304.8877900466323,1321.3530480861664,1376.2040939182043,1330.384293361567
2017-01-27,Villupuram,Thirukovilur,1379.0000000000002,1317.8247587755322,1281.9109557196498,1322.087682504207,1402.7699882164598,1331.1483463039622
2016-10-06,Villupuram,Thirukovilur,1500.0,1313.6934587731957,1246.5261336416006,1322.0541205257177,1420.2850594185293,1325.6396930897608
2017-06-24,Coimbatore,Thiruppur,1360.0,1308.1173363141716,1254.4779745861888,1301.2262196280062,1349.7172014787793,1303.3846830017865
2015-02-09,Coimbatore,Thondamuthur,1484.0,1309.2873096466064,1252.8614750131965,1296.9453409314156,1329.7145385295153,1297.2021660301834
2016-02-04,Coimbatore,Thondamuthur,1459.0,1299.5268509723246,1217.3221020959318,1285.8991684392095,1338.2986705750227,1285.2616980206221
2015-03-23,Villupuram,Tindivanam,1300.0,1307.2796680033207,1205.3377134725451,1302.714410237968,1392.2425761818886,1301.8935919739306
2017-02-03,Villupuram,Tindivanam,1550.0000000000002,1309.3734934926033,1204.2706359177828,1309.8546866327524,1435.3264885023236,1314.7063261363655
2017-12-05,Namakkal,Tiruchengode,1359.0,1327.0294421352446,1223.7360309809446,1332.4613723903894,1476.4839708805084,1339.9277040967718
2015-02-20,Cuddalore,Tittakudi,1520.0,1340.4807516373694,1229.3596650473773,1348.4451610594988,1494.1267985850573,1353.1030940823257
2015-03-06,Cuddalore,Tittakudi,1390.0,1323.8287619315088,1252.3239308968186,1323.5648239031434,1407.6018081977963,1326.8298312323168
2017-05-15,Cuddalore,Tittakudi,1509.0,1333.727335743606,1268.9842075109482,1329.416900407523,1419.4600977003574,1337.8971353406087
2016-08-17,Cuddalore,Tittakudi,1369.0,1339.523751847446,1259.923854470253,1336.1160370521247,1449.216727912426,1346.1950928205624
2015-06-01,Cuddalore,Tittakudi,1505.0,1354.8541177995503,1279.210252314806,1351.5342442318797,1482.3538642376661,1366.9881196459755
2015-01-06,Cuddalore,Tittakudi,1475.0,1370.3304714523256,1299.962189886719,1368.1054365821183,1510.1945612579584,1387.1481647947803
2015-11-04,Cuddalore,Tittakudi,1453.0,1376.9413525238633,1326.7958894371986,1386.894205585122,1529.8374342732131,1405.1172204548493
2016-02-12,Cuddalore,Tittakudi,1433.0,1384.1635311953723,1353.8226739503443,1396.5502492152154,1543.6934211291373,1419.5574688725173
2015-04-30,Cuddalore,Tittakudi,1500.0,1390.9936009906232,1353.8261268287897,1400.065417587757,1542.2419691458344,1421.7817786382511
2016-11-03,Cuddalore,Tittakudi,1620.0,1370.3209415078163,1357.5660085305572,1379.2803323827684,1444.8127886280417,1387.995017762296
2015-10-09,Cuddalore,Tittakudi,148300.0,1375.8411273360252,1353.402942046523,1385.4231412522495,1438.7332364916801,1388.3501117816195
2016-12-30,Cuddalore,Tittakudi,1377.0,1696.5878454968333,1367.3592004925013,1548.6042429693043,1597.9399370029569,1552.622806490399
2016-12-12,Cuddalore,Tittakudi,1389.0,1890.9372522495687,1434.7057990729809,1649.5601935312152,1673.9209415391088,1662.2810465982184
2016-11-23,Cuddalore,Tittakudi,1391.0,1996.2662043049932,1501.9148349761963,1683.580714277923,1698.8946445286274,1720.164099521935
2017-05-08,Cuddalore,Tittakudi,1500.0,2029.5239151455462,1518.989733234048,1685.736415348947,1674.073420651257,1727.0808710949495
2017-04-12,Cuddalore,Tittakudi,1500.0,2001.9756078720093,1519.0938720479608,1654.844616819173,1539.2821617424488,1678.799064620398
2018-01-05,Coimbatore,Udumalpet,1500.0,1982.109264563769,1503.8030070252717,1631.4653149805963,1514.9752786383033,1658.088216301985
2018-01-06,Coimbatore,Udumalpet,1500.0,1956.2880870886147,1484.201292321086,1619.9159890413284,1517.6178355701268,1644.505801005289
2018-07-12,Coimbatore,Udumalpet,1109.0,1899.1528931073844,1463.0995091050863,1602.103003486991,1429.607693105936,1598.4907747013494
2018-07-27,Coimbatore,Udumalpet,1360.0,1838.7099796906114,1406.3272817060351,1578.227592073381,1430.4667692631483,1563.432905683294
2018-08-14,Coimbatore,Udumalpet,1313.0,1791.1156413145363,1384.6455530263484,1566.966512426734,1402.915837801993,1536.410886142403
2017-09-16,Coimbatore,Udumalpet,1389.0,1755.6577563285828,1351.043797377497,1571.603313833475,1428.0533453449607,1526.5895532211289
2015-01-29,Coimbatore,Udumalpet,1162.0,1721.7166517861187,1344.827511254698,1579.0330795571208,1464.072806481272,1527.4125122698024
2015-06-03,Coimbatore,Udumalpet,1599.0,1708.3852262236178,1381.3455680385232,1576.8207512795925,1491.5385209023952,1539.5225166110322
2015-05-06,Coimbatore,Udumalpet,1500.0,1708.772086724639,1413.3141121827066,1579.7330470755696,1505.5254409089684,1551.836171722971
2016-03-06,Coimbatore,Udumalpet,1220.0,1668.3194058947265,1417.4345010891557,1562.0884238742292,1428.582326322794,1519.1061642952263
2015-12-18,Coimbatore,Udumalpet,1370.0,1652.6498291641474,1409.7348583862185,1557.347621768713,1445.9649451076984,1516.4243136066943
2015-08-04,Coimbatore,Udumalpet,1426.0,1631.8364303559065,1397.359742037952,1550.5451750010252,1425.7531758397818,1501.3736308086663
2016-06-03,Coimbatore,Udumalpet,1440.0,1616.7817422188818,1375.708813033998,1546.063338778913,1451.4529501087964,1497.5017110351473
2015-10-06,Coimbatore,Udumalpet,1485.0,1596.2434687651694,1348.0487706139684,1536.3070235587656,1472.5092934444547,1488.2771390955895
2017-06-04,Coimbatore,Udumalpet,1600.0,1584.897448308766,1356.3956208527088,1546.5608295053244,1496.3265583850443,1496.0451142629609
2015-11-30,Villupuram,Ulundurpettai,1366.0,1583.7002662941813,1380.6113479658961,1552.6959039270878,1494.0697570331395,1502.7693188050762
2017-10-16,Villupuram,Ulundurpettai,1450.0,1562.8682219423354,1360.9357416629791,1548.8962183706462,1492.0564526692033,1491.189158661291
2017-10-10,Villupuram,Ulundurpettai,1500.0,1555.8237974531949,1336.7285776883364,1561.9632915593684,1515.768059529364,1492.570931557566
2018-06-06,Villupuram,Ulundurpettai,1410.0,1516.653653793037,1328.6946963518858,1532.7961367554963,1408.1972225569189,1446.5854273643345
2015-10-29,Villupuram,Ulundurpettai,1360.0,1504.0963635779917,1322.0222159288824,1518.0505502969027,1410.1677112281322,1438.5842102579772
2018-07-10,Villupuram,Ulundurpettai,1650.0,1487.2014293447137,1295.6398766487837,1501.377567090094,1426.1940393596888,1427.60322811082
2018-12-11,Villupuram,Ulundurpettai,1360.0,1487.8436647355556,1290.7196629792452,1505.6436674669385,1451.0174730792642,1433.8061170652509
2016-02-19,Villupuram,Ulundurpettai,1429.0,1476.2675444595516,1304.797462746501,1496.2583295069635,1416.6163070127368,1423.4849109314382
2018-05-18,Villupuram,Ulundurpettai,1455.0,1477.2347647696733,1306.2230871990323,1504.2575439438224,1436.6827791556716,1431.09954376705
2018-10-16,Villupuram,Ulundurpettai,1419.0,1468.5975965112448,1315.7734727486968,1506.8175080232322,1463.0953656509519,1438.5709857335314
2017-09-20,Villupuram,Ulundurpettai,1439.0,1385.72216052562,1352.6156857609749,1428.9581376127899,1483.1842124462128,1412.6200490863994
2018-03-27,Villupuram,Ulundurpettai,1521.0,1387.2720886021852,1366.5821647271514,1423.0932164005935,1491.128595173359,1417.0190162258223
2016-05-13,Villupuram,Ulundurpettai,1178.9999999999998,1379.8612446524203,1364.518172107637,1411.383400671184,1466.2452194839716,1405.5020092288032
2015-06-22,Villupuram,Ulundurpettai,1340.0,1376.5155435539782,1355.5096122436225,1410.5704549700022,1468.9044883474708,1402.8750247787684
2015-03-10,Villupuram,Ulundurpettai,1425.0,1389.2344284802675,1353.4302888438106,1410.3672876022756,1472.802373766899,1406.4585946733132
2018-07-31,Villupuram,Ulundurpettai,1509.9999999999998,1406.0815748758614,1389.6031958982348,1414.766669087112,1483.0097730271518,1423.36530322209
2015-05-26,Villupuram,Ulundurpettai,1372.0,1391.8359652161598,1400.3631938248873,1395.0329163111746,1404.1475486010313,1397.8449059883133
2015-06-12,Villupuram,Ulundurpettai,1500.0,1391.8032319284976,1354.1718290187418,1395.2842858619988,1404.1219973005354,1386.3453360274434
2015-04-06,Villupuram,Ulundurpettai,1459.0,1373.4346091747284,1344.236930925399,1371.1957627907395,1333.8002605363727,1355.66689085681
2015-03-30,Villupuram,Ulundurpettai,1369.0,1372.225273028016,1319.1530120559037,1367.1314486302435,1358.4529839456081,1354.2406794149429
2018-07-23,Villupuram,Ulundurpettai,1373.0,1387.4386554583907,1330.8910032734275,1379.168321006,1405.0928086042404,1375.6476970855147
2017-08-07,Villupuram,Ulundurpettai,1379.0000000000002,1397.7352770976722,1341.4396850392222,1388.2569876499474,1446.2041605263948,1393.4090275783092
2018-12-20,Villupuram,Ulundurpettai,1550.0000000000002,1391.4173382334411,1319.9515937827528,1389.164542220533,1461.98906339705,1390.6306344084442
2018-10-23,Villupuram,Ulundurpettai,1500.0,1400.8769821375608,1335.1579323410988,1405.7273095473647,1484.9120328202844,1406.6685642115772
2015-08-10,Villupuram,Ulundurpettai,1509.9999999999998,1391.7276829481125,1343.7027015723288,1385.7187076471746,1391.9014317914844,1378.262630989775
2017-07-28,Villupuram,Ulundurpettai,1229.0,1362.1467351913452,1335.8971245586872,1349.8655371367931,1299.792308267206,1336.9254262885079
2016-04-28,Villupuram,Ulundurpettai,1521.0,1349.5894449763,1301.3260768726468,1345.0853722169995,1326.2399760074914,1330.5602175183594
2018-08-30,Villupuram,Ulundurpettai,1425.0,1338.6960278265178,1286.4648880437016,1336.3022162579,1343.6866802163422,1326.2874530861154
2017-08-24,Villupuram,Ulundurpettai,1370.0,1341.3453524000943,1291.5158967487514,1339.502067770809,1386.3846988417208,1339.6870039403439
2015-09-14,Villupuram,Ulundurpettai,1210.0,1346.93970605731,1316.8911004438996,1338.9273706823587,1376.8710519187152,1344.907307275571
2015-09-11,Villupuram,Ulundurpettai,1477.9999999999998,1345.5882494337857,1310.531588923186,1339.8128268308938,1403.370789065957,1349.8258635634556
2017-02-13,Villupuram,Ulundurpettai,1650.0,1352.2590724751353,1331.1999668367207,1359.6909099258482,1441.5025831200182,1371.1631330894306
2017-04-18,Villupuram,Ulundurpettai,1550.0000000000002,1367.1778553165495,1358.116259239614,1383.451271429658,1472.7787560783327,1395.3810355160385
2015-07-22,Villupuram,Ulundurpettai,1370.0,1360.1650591939688,1371.070492360741,1367.2427694313228,1391.4988261647522,1372.4942867876962
2017-01-18,Villupuram,Ulundurpettai,1521.0,1350.0506114214659,1377.987160347402,1355.5464889854193,1356.7134237848222,1360.0744211347774
2017-05-18,Villupuram,Ulundurpettai,1700.0,1335.7555565424263,1353.0410803854465,1345.5001319758594,1353.2523965463042,1346.8872913625091
2016-09-20,Villupuram,Ulundurpettai,1500.0,1315.3697622008622,1347.19577152282,1318.4846729040146,1294.0961637534201,1318.7865925952792
2017-01-10,Villupuram,Ulundurpettai,1700.0,1314.7833253256977,1345.0584397651255,1320.5837467685342,1314.469527732581,1323.7237598979846
2017-02-15,Villupuram,Ulundurpettai,950.0,1299.0442766807973,1343.9648441039026,1298.9133435301483,1271.7032802291214,1303.4064361359924
2016-05-31,Villupuram,Ulundurpettai,1319.0,1294.9516489170492,1344.7740606963634,1301.5223384834826,1303.3911744132638,1311.1598056275398
2016-09-19,Villupuram,Ulundurpettai,1382.0,1293.2613958604634,1292.1702862717211,1304.0557844564319,1354.9578422680497,1311.1113272141665
2016-07-04,Villupuram,Ulundurpettai,950.0,1313.4119801223278,1290.477270912379,1326.3895547017455,1412.0020183734596,1335.570206027478
2016-07-08,Villupuram,Ulundurpettai,1910.0,1331.2622567638755,1309.522657841444,1338.2626225240529,1429.4043876230717,1352.112981188111
2016-10-05,Villupuram,Ulundurpettai,1509.9999999999998,1341.2529533728957,1298.091696575284,1349.3467766791582,1456.07442073524,1361.1914618406445
2016-09-26,Villupuram,Ulundurpettai,1650.0,1331.9528324529529,1304.5784121379256,1328.7054693326354,1377.763413824141,1335.7500319369137
2018-10-30,Dindigul,Vedachandur,1700.0,1344.1326539963484,1267.7435192279518,1343.0032865144312,1397.5361150689423,1338.1038937019184
2017-05-23,Vellore,Vellore,1356.0,1333.5541393607855,1242.213074117899,1321.1960111744702,1317.8217202425003,1303.6962362239137
2018-05-16,Vellore,Vellore,1455.0,1313.596640061587,1197.0499765127897,1302.800455968827,1304.2219369672239,1279.417252377607
2018-06-04,Vellore,Vellore,1469.0,1325.1394745893776,1189.3017172813416,1313.023324124515,1349.5952458120883,1294.2649404518306
2016-06-06,Vellore,Vellore,1380.0,1322.6720476523042,1185.1657213643193,1317.0678878203034,1391.159201040864,1304.0162144694477
2017-11-17,Vellore,Vellore,1409.0,1320.8910529501736,1210.9334482811391,1315.7168455421925,1376.9260217435658,1306.1168421292678
2018-01-19,Vellore,Vellore,1455.0,1320.681946631521,1220.000707078725,1330.4885357618332,1412.066103797406,1320.8093233173713
2018-07-11,Vellore,Vellore,1725.0,1322.899661399424,1231.0622103512287,1344.7675692848861,1447.4419483914971,1336.542847356759
2017-05-17,Vellore,Vellore,1700.0,1347.182236239314,1245.2609989792109,1378.4287144429982,1484.7018215805292,1363.893442810513
2018-11-28,Vellore,Vellore,1409.0,1369.5425245910883,1244.495150540024,1401.489108428359,1489.3333746120334,1376.2150395428762
2017-03-08,Vellore,Vellore,1406.0,1363.1639531813562,1230.231862142682,1390.0482028722763,1444.2802166566253,1356.931058713235
2017-12-22,Vellore,Vellore,1409.0,1352.9047607444227,1234.096323698759,1386.8399263359606,1436.8130217306316,1352.6635081274435
2018-07-19,Vellore,Vellore,1725.0,1353.236098960042,1262.637816928327,1394.6240955032408,1447.8712102398276,1364.5923054078594
2017-12-06,Vellore,Vellore,1460.0,1375.0529042445123,1288.6085730977356,1420.8807500079274,1474.7846022248268,1389.8317073937505
2017-09-27,Vellore,Vellore,1209.0,1382.5966149568558,1313.090724311769,1433.6079218424857,1479.4377012178302,1402.1832405822352
2018-11-01,Vellore,Vellore,1094.0,1375.5869954824448,1326.3751907274127,1429.5513421297073,1480.9283779002726,1403.1104765599594
2017-03-24,Vellore,Vellore,1500.0,1387.1342496946454,1379.7691218554974,1428.4312283620238,1484.4128847122192,1419.9368711560965
2017-02-14,Vellore,Vellore,1521.0,1382.8684255480766,1407.164950016886,1428.6665765568614,1413.5716969147325,1408.0679122591391
2016-10-06,Vellore,Vellore,1286.0,1372.9849062860012,1368.912443332374,1415.4688464477658,1377.5487828999758,1383.7287447415292
2017-09-13,Vellore,Vellore,1725.0,1359.5335967838764,1318.4719663113356,1403.4387417137623,1373.9413536153734,1363.846414606087
2018-08-27,Villupuram,Chinnasalem,1700.0,1382.7332108281553,1302.0692744292319,1426.5992691740394,1409.197038039565,1380.149698117748
2016-05-04,Villupuram,Chinnasalem,710.0,1404.7799778170884,1287.7508780919015,1443.2660371996462,1420.6560366787016,1389.1132324468344
2015-07-02,Villupuram,Chinnasalem,1750.0,1405.7447120547295,1305.5395553819835,1439.9924322031438,1418.7517051585019,1392.5071011995897
2016-12-05,Villupuram,Chinnasalem,1423.0,1398.5989110544324,1301.309503056109,1434.9951502867043,1403.233916964382,1384.534370340407
2015-07-21,Villupuram,Chinnasalem,1710.0,1387.0512424968183,1307.2691712528467,1432.038795761764,1410.3996065445244,1384.1897040139884
2015-07-10,Villupuram,Chinnasalem,1450.0,1363.2871518842876,1331.8934429436922,1406.137235276401,1325.149004533887,1356.616708659567
2016-12-22,Villupuram,Chinnasalem,1521.0,1327.2823309525847,1315.5845312401652,1360.1917154155672,1229.2493110522628,1308.076972165145
2015-09-09,Villupuram,Chinnasalem,1750.0,1308.6123409681022,1286.3630971871316,1340.5844761058688,1232.365050446242,1291.9812411768362
2015-07-31,Villupuram,Chinnasalem,1269.0,1297.4754268303514,1268.49030777812,1330.5314895696938,1257.9199419356883,1288.6042915284634
2017-01-02,Villupuram,Chinnasalem,1450.0,1324.8050978407264,1295.7752294838428,1349.588754400611,1323.4272612258792,1323.3990857377648
2017-01-13,Villupuram,Chinnasalem,1412.0,1341.4051562547684,1325.9861203841865,1364.2333786934614,1380.5083140730858,1353.0332423513755
2016-06-13,Villupuram,Chinnasalem,1760.0,1362.8792978823185,1350.2939702942967,1390.0245851837099,1426.2179332785308,1382.353946659714
2017-02-13,Villupuram,Chinnasalem,1725.0,1361.2040993757546,1361.8988185189664,1397.1324045211077,1431.9201548583806,1388.0388693185523
2015-08-31,Villupuram,Chinnasalem,1390.0,1380.932465661317,1367.8492330014706,1423.3628171496093,1454.4819531962276,1406.6566172521561
2017-03-07,Villupuram,Chinnasalem,1725.0,1376.7825201153755,1373.8332094624639,1416.0146774724126,1407.4048560112715,1393.5088157653809
2015-10-13,Villupuram,Chinnasalem,1560.0,1389.56493800506,1359.7909052856266,1437.5089839100838,1414.690981991589,1400.3889522980899
2017-04-04,Villupuram,Chinnasalem,1710.0,1391.3721745833755,1345.8345087245107,1438.287953287363,1417.9917956702411,1398.3716080663726
2015-10-12,Villupuram,Chinnasalem,1491.0,1375.5825757980347,1317.092886660248,1422.5158951245248,1390.7275912351906,1376.4797372044995
2017-07-20,Villupuram,Chinnasalem,1547.0,1360.4114565998316,1282.6968308538198,1409.8638579249382,1374.270896334201,1356.8107604281977
2018-12-03,Villupuram,Chinnasalem,1410.0,1346.4156972244382,1266.9367887079716,1389.0728337690234,1345.3142290003598,1336.9348871754482
2016-11-15,Villupuram,Chinnasalem,1368.0,1348.7939017824829,1277.083831652999,1379.382399469614,1311.096065491438,1329.0890495991334
2017-06-23,Villupuram,Chinnasalem,1750.0,1363.3861804381013,1281.7430077120662,1387.4455612152815,1347.3007390275598,1344.9688720982522
2017-02-09,Villupuram,Chinnasalem,1200.0,1359.3742119148374,1253.7916804663837,1387.2897673398256,1360.4571727104485,1340.2282081078738
2016-06-14,Villupuram,Chinnasalem,1500.0,1355.249541439116,1251.9032321870327,1385.3257700800896,1366.8188940733671,1339.8243594449013
2017-02-02,Villupuram,Chinnasalem,1421.0,1346.7136115767062,1245.0657041743398,1383.240922074765,1315.4047053307295,1322.606235789135
2017-02-01,Villupuram,Chinnasalem,1410.0,1338.7309709563851,1207.2536466643214,1389.0644087456167,1340.005773678422,1318.7637000111863
2016-08-01,Villupuram,Chinnasalem,1395.0000000000002,1331.2075631693006,1213.4287744760513,1376.5753474086523,1327.9845083132386,1312.2990483418107
2016-09-07,Villupuram,Chinnasalem,1750.0,1349.5492534711957,1234.6230948343873,1383.1710358150303,1366.5191842243075,1333.4656420862302
2016-09-23,Villupuram,Chinnasalem,1710.0,1344.7674311697483,1227.845785021782,1382.3159649968147,1381.4281608909369,1334.0893355198205
2015-06-11,Cuddalore,Cuddalore,1469.9999999999998,1324.2668631486595,1229.5142158865929,1356.0590342618525,1305.2011732943356,1303.76032164786
2016-08-02,Cuddalore,Cuddalore,1382.0,1312.685080152005,1206.9217559881508,1344.8001644574106,1323.4361005946994,1296.9607752980664
2018-09-18,Erode,Dharapuram,1432.0,1311.1474443227053,1204.63498365134,1353.6519636400044,1363.6323016136885,1308.2666733069345
2015-01-02,Salem,Gangavalli,975.0,1318.3131339028478,1228.818806167692,1360.789063386619,1403.4953689202666,1327.8540930943564
2015-01-07,Salem,Gangavalli,1360.0,1326.3496394269168,1262.5916864722967,1377.751535922289,1435.468470863998,1350.540333171375
2015-02-17,Salem,Gangavalli,1700.0,1324.02847642079,1275.7456340827048,1375.6883719936013,1453.495811112225,1357.2395734023303
2015-03-26,Salem,Gangavalli,909.0,1325.5054797045887,1279.622664116323,1370.4837792553008,1429.0368632413447,1351.1621965793893
2015-04-08,Salem,Gangavalli,1369.0,1327.858409192413,1259.6187581308186,1370.9082070738077,1414.3117178231478,1343.1742730550468
2015-03-11,Salem,Gangavalli,1053.0,1334.2650179751217,1259.7641933709383,1370.280750002712,1418.4756129980087,1345.6963935866952
2017-06-29,Salem,Gangavalli,1700.0,1335.9103836119175,1256.8639135919511,1366.5033009834588,1417.4665438011289,1344.186035497114
2015-03-31,Salem,Gangavalli,1189.0,1326.5065382234752,1254.4105743989348,1353.3220065757632,1391.442889533937,1331.4205021830276
2015-06-05,Salem,Gangavalli,1129.0,1330.4523495957255,1275.034479238093,1363.0654770880938,1408.7282752618194,1344.320145295933
2015-05-06,Salem,Gangavalli,1750.0,1335.6905043125153,1290.0695550255477,1364.0231674537063,1426.8564395606518,1354.1599165881053
2015-06-15,Salem,Gangavalli,1400.0,1335.4447974823415,1285.4914525523782,1365.4265553690493,1414.8156999610364,1350.2946263412014
2015-12-07,Salem,Gangavalli,1710.0,1338.0250644870102,1299.3909456767142,1356.7212963476777,1376.0966403409839,1342.5584867130965
2015-05-25,Salem,Gangavalli,1156.0,1323.219259828329,1282.813400030136,1331.8006295710802,1286.3060556352139,1306.0348362661898
2015-06-25,Salem,Gangavalli,1109.0,1330.549996998161,1272.6801685988903,1336.6926677525043,1318.824159912765,1314.6867483155802
2015-09-30,Salem,Gangavalli,1111.0,1332.9523717053235,1256.3209829851985,1348.99955522269,1367.4869569949806,1326.4399667270482
2015-08-25,Salem,Gangavalli,1106.0,1328.4742645919323,1235.1885382086039,1351.1509747244418,1391.3810139521956,1326.5486978692934
2015-08-26,Salem,Gangavalli,1432.0,1332.0731307379901,1241.269195266068,1358.5105779580772,1417.5699920393527,1337.355724000372
2015-09-04,Salem,Gangavalli,1459.0,1352.0162660628557,1282.2106655687094,1370.7007581368089,1441.234777867794,1361.540616909042
2015-04-30,Salem,Gangavalli,1129.0,1360.005536209792,1294.4424184039235,1372.1417133696377,1450.8625078946352,1369.363043969497
2015-09-28,Salem,Gangavalli,1710.0,1359.4327727332711,1306.7267931066453,1369.0395092591643,1452.3002864792943,1371.8748403945938
2018-02-23,Salem,Gangavalli,1315.0000000000002,1340.1219285093248,1313.0117224529386,1349.3371086195111,1355.9152564033866,1339.5965039962903
2016-06-03,Salem,Gangavalli,1750.0,1344.138178601861,1322.8013234212995,1357.7640656381845,1370.1209507882595,1348.7061296124011
2017-12-05,Villupuram,Vikkiravandi,913.0,1347.8957390412688,1300.9729164652526,1363.7525998987257,1370.975331030786,1345.8991466090083
2018-10-15,Villupuram,Vikkiravandi,1100.0,1338.070090021938,1282.8519341535866,1357.2879827581346,1385.9971477650106,1341.0517886746675
2016-08-22,Villupuram,Vikkiravandi,1350.0,1327.5267947465181,1257.2709389030933,1353.6226832307875,1385.4598798789084,1330.9700741898268
2016-10-13,Villupuram,Vikkiravandi,1020.0,1325.9826675057411,1282.7906110323966,1344.4134420715272,1355.212940927595,1327.099915384315
2016-07-18,Villupuram,Vikkiravandi,1439.0,1333.890587836504,1297.4092696793377,1351.4678108505905,1374.9069165438414,1339.4186462275684
2016-09-08,Villupuram,Vikkiravandi,1439.0,1347.2080637700856,1294.0239295363426,1358.6674767546356,1395.4770945943892,1348.8441411638632
2017-06-06,Villupuram,Villupuram,1464.0,1347.708454914391,1299.8717244714499,1372.2690555267036,1421.0384774953127,1360.2219281019643
2016-05-17,Villupuram,Villupuram,1720.0,1354.8838125541806,1329.2812713421881,1388.9262936078012,1446.2143810465932,1379.8264396376908
2015-06-11,Villupuram,Villupuram,1750.0,1379.197463300079,1341.568684577942,1420.5878078006208,1474.3644559755921,1403.9296029135585
2015-05-07,Villupuram,Villupuram,1710.0,1373.9809926599264,1322.3782767541707,1418.747837934643,1443.245181813836,1389.588072290644
2016-12-08,Villupuram,Villupuram,1461.0,1347.382088843733,1312.3551230877638,1387.1259627863765,1335.4033629409969,1345.5666344147176
2016-07-18,Villupuram,Villupuram,1715.0,1328.7362690083683,1269.6606954559684,1372.342118434608,1320.5490798689425,1322.8220406919718
2016-06-03,Villupuram,Villupuram,1476.0,1319.2918177694082,1241.7014956474304,1364.033111743629,1329.389139264822,1313.6038911063224
2017-07-03,Villupuram,Villupuram,1419.0,1320.3983962535858,1255.9270786121488,1358.125236723572,1356.2758750282228,1322.6816466543823
2017-08-04,Villupuram,Villupuram,1710.0,1331.712512113154,1293.4272721409798,1363.5769174434245,1385.4486925527453,1343.5413485625759
2015-08-25,Villupuram,Villupuram,1370.0,1360.4626973159611,1309.8313451744616,1397.6901134476066,1419.0924352034926,1371.7691477853805
2016-08-03,Villupuram,Villupuram,1489.0,1357.8915459103882,1322.4389092996716,1393.1849357672036,1380.5690847337246,1363.521118927747
2017-07-17,Villupuram,Villupuram,1380.0,1352.2000973112881,1330.5031759664416,1401.760780904442,1393.7324241735041,1369.549119588919
2016-12-19,Villupuram,Villupuram,1710.0,1346.926999464631,1366.740444675088,1396.2034421041608,1368.568260408938,1369.6097866632044
2016-08-12,Villupuram,Villupuram,1700.0,1362.2369243763387,1367.76139177382,1422.0761365257204,1397.0203931443393,1387.2737114550546
2017-08-01,Villupuram,Villupuram,1710.0,1381.5617182292044,1348.3030405826867,1439.9823497980833,1408.5300800390542,1394.5942971622571
2018-03-01,Villupuram,Villupuram,950.0,1348.907570540905,1325.599536113441,1407.2029316797853,1313.348170928657,1348.764552315697
2018-07-31,Villupuram,Villupuram,1710.0,1327.8889326378703,1328.9873623289168,1391.5316975675523,1301.4139181002975,1337.4554776586592
2018-03-09,Villupuram,Villupuram,1750.0,1299.9605325050652,1334.0516300871968,1359.2144127003849,1235.576227400452,1307.2007006732747
2018-05-29,Villupuram,Villupuram,1553.0,1287.067898735404,1291.2508537992835,1347.12243238464,1251.977123785764,1294.3545771762729
2017-12-19,Villupuram,Villupuram,1456.0,1276.2689523398876,1249.8500125482678,1330.4990325123072,1259.5487337559462,1279.0416827891022
2018-09-24,Villupuram,Villupuram,1710.0,1279.563550837338,1222.7189511060715,1336.127776838839,1302.0790806040168,1285.1223398465663
2015-02-02,Cuddalore,Virudhachalam,1209.0,1266.4420602843165,1221.2361469864845,1308.749489299953,1238.5258142836392,1258.7383777135983
2015-05-07,Cuddalore,Virudhachalam,1489.0,1281.3227233476937,1200.7647212594748,1320.1174700632691,1282.673489395529,1271.2196010164917
2016-03-09,Cuddalore,Virudhachalam,1740.0,1285.3034778498113,1191.786408610642,1323.2797542586923,1337.5481529161334,1284.4794484088197
2016-09-01,Cuddalore,Virudhachalam,950.0,1305.6436941958964,1216.0822425037622,1338.2721524685621,1378.2468168064952,1309.561226493679
2016-03-18,Cuddalore,Virudhachalam,1149.0,1307.7489832416177,1232.9322893172503,1343.1865653023124,1391.2846095860004,1318.7881118617952
2016-07-25,Cuddalore,Virudhachalam,1611.0,1301.3099174015224,1209.4942885451019,1341.0517196170986,1398.925553355366,1312.6953697297722
2016-06-21,Cuddalore,Virudhachalam,1570.0,1319.2610180936754,1225.7685333490372,1350.9011244401336,1423.4712375327945,1329.8504783539101
2017-03-13,Cuddalore,Virudhachalam,1450.0,1331.293332669884,1240.2576399967074,1358.2661141641438,1442.9445051588118,1343.1903979973868
2016-07-26,Cuddalore,Virudhachalam,1309.0,1305.3631823509932,1223.627196252346,1324.4081549346447,1340.7898533158004,1298.547096713446
2015-10-23,Cuddalore,Virudhachalam,1252.0,1292.5256565213203,1190.0113528594375,1315.7708485610783,1339.7097929380834,1284.5044127199799
2017-08-09,Cuddalore,Virudhachalam,1715.0,1308.8098456151783,1206.35658884421,1327.612978592515,1376.5386087819934,1304.8295054584742
2017-08-17,Cuddalore,Virudhachalam,1650.0,1335.35764683038,1194.6873789653182,1362.5095636583865,1422.6375745609403,1328.7980410037562
2015-01-12,Cuddalore,Virudhachalam,1350.0,1330.0585833378136,1182.4929172173142,1362.9491841420531,1405.4505268111825,1320.2378028770909
2015-06-25,Cuddalore,Virudhachalam,1464.0,1329.0682977996767,1170.4361562617123,1356.9806765764952,1403.2851576805115,1314.942572079599
2018-06-05,Cuddalore,Virudhachalam,1373.0,1329.5856771059334,1196.4058075100183,1367.26127685979,1415.0993884541094,1327.0880374824628
2015-05-27,Cuddalore,Virudhachalam,1439.0,1343.225790001452,1247.0821851864457,1378.0404727905989,1437.2951816767454,1351.4109074138105
2018-05-24,Cuddalore,Virudhachalam,1450.0,1343.6207992956042,1266.5508950129151,1379.3306062929332,1449.4139563292265,1359.7290642326698
2018-08-13,Cuddalore,Virudhachalam,1464.0,1312.8458461724222,1254.0884898975492,1343.4110024012625,1343.7649914994836,1313.5275824926794
2016-04-15,Cuddalore,Virudhachalam,1309.0,1308.3630431443453,1248.1797861866653,1347.5660582073033,1355.069163069129,1314.7945126518607
2015-08-25,Cuddalore,Virudhachalam,1299.0000000000002,1302.437489386648,1221.7344664037228,1345.9125437773764,1367.8426034748554,1309.4817757606506
2015-10-15,Cuddalore,Virudhachalam,1463.0,1321.6430898755789,1247.0504187047482,1354.2921273037791,1401.480130944401,1331.1164417071268
2018-09-17,Cuddalore,Virudhachalam,1380.0,1338.742296397686,1264.6747389808297,1363.744865451008,1428.3748773857951,1348.8841945538297
2016-08-17,Cuddalore,Virudhachalam,1249.0,1341.5583259426057,1282.4874483048916,1358.1998188979924,1397.7434258908033,1344.9972547590733
2018-09-25,Cuddalore,Virudhachalam,1750.0,1340.78861027956,1273.7146509811282,1366.9898806139827,1413.8687825761735,1348.8404811127111
2015-08-03,Cuddalore,Virudhachalam,1389.0,1343.7138888984919,1259.0404700487852,1371.327938977629,1407.524187490344,1345.4016213538125
2016-06-07,Salem,Gangavalli,1301.0,1354.3661570176482,1270.1689591631293,1377.0182826556265,1422.2174283117056,1355.9427067870274
2016-02-02,Salem,Gangavalli,1560.0,1360.759230516851,1255.7152099907398,1377.6500212959945,1426.5850433148444,1355.1773762796074
2016-02-03,Salem,Gangavalli,1710.0,1349.535580072552,1240.2358178049326,1366.932010371238,1394.781961105764,1337.8713423386216
2016-04-29,Salem,Gangavalli,1369.0,1326.5079193748534,1235.9049414284527,1340.0820132344961,1292.8995341993868,1298.8486020592973
2016-12-19,Salem,Gangavalli,1760.0,1312.8824466839433,1204.581809323281,1334.1791103594005,1302.1165098063648,1288.4399690432474
2016-12-29,Salem,Gangavalli,1309.0,1340.017651580274,1223.758129402995,1354.4861790724099,1338.3008804172277,1314.1407101182267
2016-04-21,Salem,Gangavalli,1300.0,1336.1189374700189,1204.4204908423126,1353.8125915452838,1358.4888938814402,1313.2102284347638
2016-04-27,Salem,Gangavalli,1710.0,1333.9905831962824,1201.9130105152726,1348.984638787806,1380.8290174230933,1316.4293124806136
2016-10-31,Salem,Gangavalli,1300.0,1358.7872225791216,1206.2650185078382,1376.6989604569972,1413.2327623665333,1338.7459909776226
2016-07-15,Salem,Gangavalli,1392.0,1362.1149687096477,1207.6772457920015,1391.2435893900692,1422.01357036829,1345.762343565002
2016-11-09,Salem,Gangavalli,950.0,1364.999365247786,1235.3354927152395,1394.9976969510317,1428.7586993537843,1356.0228135669604
2016-07-19,Salem,Gangavalli,1370.0,1355.2703968249261,1269.7907999157906,1387.8371176309884,1408.8694289326668,1355.441935826093
2015-09-09,Villupuram,Gingee,1309.0,1345.894174464047,1299.1416478529572,1375.627186987549,1368.8044372946024,1347.366861649789
2016-10-19,Villupuram,Gingee,1750.0,1353.4016990102828,1292.2506692819297,1381.22817017138,1377.371995523572,1351.0631334967911
2018-12-12,Dindigul,Gopalpatti,1420.0,1343.021379597485,1272.3056003451347,1377.7583035640419,1370.0350431725383,1340.7800816698
2018-11-30,Dindigul,Gopalpatti,1009.0,1353.4159248694777,1289.1948718577623,1383.5428417660296,1393.1005474179983,1354.813546477817
2018-11-14,Dindigul,Gopalpatti,1710.0,1348.219757154584,1276.0189639404416,1382.2759116068482,1405.123055819422,1352.909422130324
2018-11-15,Dindigul,Gopalpatti,1710.0,1329.847957752645,1281.9178614765406,1356.3742130063474,1319.067518785596,1321.8018877552822
2018-11-08,Dindigul,Gopalpatti,1710.0,1302.7489390224218,1271.713362634182,1322.2082570195198,1229.752878844738,1281.6058593802154
2018-10-08,Dindigul,Gopalpatti,950.0,1275.390678178519,1249.38138788566,1285.6903383508325,1161.230644211173,1242.9232621565461
2015-12-16,Villupuram,Kallakurichi,1710.0,1263.7818246148527,1234.3475551344454,1280.4082630202174,1197.147900145501,1243.921385728754
2017-09-25,Villupuram,Kallakurichi,1300.0,1242.9501946084201,1225.2543306909502,1256.0350846499205,1170.2871300280094,1223.631684994325
2015-01-13,Villupuram,Kallakurichi,950.0,1252.3518301546574,1230.1958140917122,1263.1129330024123,1193.5070469975471,1234.7919060615823
2015-11-24,Villupuram,Kallakurichi,1710.0,1249.4724057614803,1236.1325551755726,1267.4096949398518,1242.5553234294057,1248.8924948265776
2018-01-10,Villupuram,Kallakurichi,1350.0,1233.9314142242074,1241.8535604141653,1249.1566745564342,1211.0852368175983,1234.0067215031013
2017-09-13,Villupuram,Kallakurichi,1370.0,1227.5013258680701,1204.1093174368143,1247.9096329770982,1265.573454182595,1236.2734326161444
2018-02-02,Villupuram,Kallakurichi,1450.0,1232.6749808155,1202.6734724640846,1248.5094670206308,1269.965653680265,1238.45589349512
2018-01-08,Villupuram,Kallakurichi,1317.0,1213.9886932447553,1170.3883684240282,1214.9554992094636,1196.2193520739675,1198.8879782380536
2017-10-27,Villupuram,Kallakurichi,1593.0,1225.1524017192423,1159.5688428729773,1231.401835475117,1246.9751459546387,1215.7745565054938
2015-02-20,Villupuram,Kallakurichi,1710.0,1218.8814220018685,1134.686157759279,1227.4676257744431,1265.694028697908,1211.6823085583746
2018-03-27,Villupuram,Kallakurichi,1456.0,1197.146242763847,1131.7624674644321,1196.917247865349,1205.7781626470387,1182.9010301851667
2016-10-31,Villupuram,Kallakurichi,1750.0,1190.6348045915365,1110.2227902039886,1204.23223990947,1248.941214941442,1188.5077624116093
2018-06-27,Villupuram,Kallakurichi,1419.0,1188.0893426015973,1101.0943464003503,1208.9690366759896,1279.2221302166581,1194.3437139736488
2016-05-17,Villupuram,Kallakurichi,1369.0,1210.197708941996,1114.8029644042253,1230.7688537985086,1326.4461819082499,1220.553927263245
2017-11-22,Villupuram,Kallakurichi,1439.0,1207.3888613842428,1104.6794700901955,1231.7795803770423,1344.5391268469393,1222.096759674605
2015-05-08,Villupuram,Kallakurichi,1479.0,1218.549531325698,1136.7042961530387,1247.3368695005774,1377.862166147679,1245.1132157817483
2015-10-26,Villupuram,Kallakurichi,1242.0,1242.317903507501,1181.2370362691581,1268.1845208629966,1411.8695659562945,1275.9022566489875
2017-11-21,Villupuram,Kallakurichi,1516.0,1265.2178077027202,1224.1835240274668,1289.6717834286392,1439.8148161359131,1304.7219828236848
2015-05-06,Villupuram,Kallakurichi,1830.0,1268.7701290473342,1225.7273750379682,1294.580533541739,1449.907579831779,1309.746404364705
2015-05-25,Villupuram,Kallakurichi,1710.0,1282.262596860528,1253.9016201160848,1307.751745544374,1448.8264145329595,1323.1855942634866
2018-05-28,Villupuram,Kallakurichi,1371.0000000000002,1261.712721735239,1257.6695391908288,1281.951975915581,1351.6443219967186,1288.2446397095919
2015-06-26,Villupuram,Kallakurichi,1450.0,1247.0189284533262,1213.7080432847142,1272.319688089192,1336.528310738504,1267.393742641434
2015-04-08,Villupuram,Kallakurichi,1594.0,1222.213311586529,1183.7838794104755,1232.4563445523381,1243.2735221460462,1220.4317644238472
2018-08-07,Villupuram,Kallakurichi,1381.0,1206.8884702399373,1149.3055760394782,1214.8861654102802,1230.482679232955,1200.3907227306627
2015-11-06,Villupuram,Kallakurichi,1469.0,1216.6889823041856,1150.8330604061484,1233.5974518209696,1281.8529473617673,1220.7431104732677
2016-02-23,Villupuram,Kallakurichi,1329.0,1231.2841613776982,1169.700555037707,1252.132779546082,1339.2823265865445,1248.099955637008
2016-01-19,Villupuram,Kallakurichi,1700.0,1242.1669436618686,1184.2809557914734,1273.030704818666,1384.2249924317002,1270.925899175927
2015-08-10,Villupuram,Kallakurichi,1800.0,1270.4240578226745,1229.3281747959554,1294.8830056935549,1411.2872725352645,1301.4806277118623
2018-08-20,Villupuram,Kallakurichi,1369.0,1279.067993722856,1230.3467739373446,1301.0245715267956,1407.2769613936543,1304.4290751451626
2016-04-22,Villupuram,Kallakurichi,1269.0,1303.3479443751276,1250.7281485944986,1319.1219361498952,1421.999344509095,1323.799343407154
2015-10-05,Villupuram,Kallakurichi,1350.0,1302.2823860868812,1236.9782341644168,1319.3793827667832,1423.259783256799,1320.47494656872
2016-01-29,Villupuram,Kallakurichi,1469.0,1308.768963534385,1249.7131404466927,1318.2012606412172,1378.9440220221877,1313.9068466611207
2016-04-18,Villupuram,Kallakurichi,1069.0,1304.0662812069058,1231.1854090541601,1318.20360859856,1378.7191705778241,1308.0436173593625
2015-09-25,Villupuram,Kallakurichi,1516.0,1300.035529024899,1224.9220256693661,1320.8297298289835,1384.4015035778284,1307.5471970252693
2016-12-09,Villupuram,Kallakurichi,1483.0,1312.4154794029891,1238.2679533213377,1334.2815917916596,1397.4242418073118,1320.5973165808246
2017-08-31,Villupuram,Kallakurichi,1342.0,1301.5487184748054,1221.8968898057938,1334.6980089321733,1392.8502827882767,1312.7484750002623
2016-03-17,Villupuram,Kallakurichi,1429.0,1304.907402396202,1234.3468645587564,1347.3816744983196,1406.1390307731926,1323.1937430566177
2015-08-11,Villupuram,Kallakurichi,1650.0,1320.1323864981532,1247.4858957342803,1355.7688543573022,1411.0943256877363,1333.620365569368
2016-05-30,Villupuram,Kallakurichi,1750.0,1338.2470155134797,1249.8023628257215,1371.3156467303634,1413.9628389850259,1343.3319660136476
2017-06-20,Villupuram,Kallakurichi,1350.0,1335.79326197505,1232.210223376751,1373.309891205281,1387.445975560695,1332.1898380294442
2017-02-24,Villupuram,Kallakurichi,1069.0,1342.8644808009267,1242.88887148723,1368.448514584452,1340.6140327453613,1323.7039749044925
2015-09-18,Villupuram,Kallakurichi,1383.0,1332.458748202771,1222.585255652666,1357.1332938037813,1340.0890571065247,1313.0665886914358
2015-09-30,Villupuram,Kallakurichi,1427.0,1343.323851749301,1240.21385749802,1367.2645916230977,1364.0855954959989,1328.7219740916044
2017-04-12,Villupuram,Kallakurichi,1710.0,1346.9365294091403,1258.6118987761438,1381.3916984945536,1392.4102479591966,1344.8375936597586
2017-05-22,Villupuram,Kallakurichi,1475.0,1328.582270629704,1276.0128868743777,1360.3005501441658,1321.7878345400095,1321.6708855470642
2016-09-23,Villupuram,Kallakurichi,1300.0,1319.2510738037527,1263.9985272660851,1351.4055209234357,1332.3392786085606,1316.7486001504585
2017-08-21,Villupuram,Kallakurichi,1393.0,1316.7028495110571,1258.4509946405888,1359.4025255180895,1362.2004619799554,1324.1892079124227
2017-02-08,Villupuram,Kallakurichi,1650.0,1321.5414371341467,1278.5272729583085,1372.8502440266311,1396.736152190715,1342.4137765774503
2016-06-23,Villupuram,Kallakurichi,1334.0,1340.588757675141,1288.1754440255463,1393.356750998646,1421.2415067479014,1360.8406148618087
2017-07-04,Villupuram,Kallakurichi,1370.0,1352.9235444031656,1309.5808043144643,1402.031762804836,1433.3159464411438,1374.4630144909024
2017-08-16,Villupuram,Kallakurichi,1650.0,1359.6295868046582,1300.2311000600457,1400.2689993008971,1431.871123984456,1373.0002025375143
2016-07-18,Villupuram,Kallakurichi,1437.0,1367.1706733293831,1330.0244688987732,1404.5599604025483,1426.2434845790267,1381.9996468024328
2016-09-08,Villupuram,Kallakurichi,1650.0,1377.6529217138886,1325.7727324962616,1417.1509507112205,1428.9472265169024,1387.3809578595683
2018-12-17,Villupuram,Kallakurichi,1340.0,1368.71038088575,1319.6522982791066,1415.2084994129837,1410.6555338948965,1378.5566781181842
2017-07-24,Villupuram,Kallakurichi,1710.0,1363.803978729993,1333.8566115126014,1401.006396021694,1363.4129747748375,1365.5199902597815
2016-07-06,Villupuram,Kallakurichi,1200.0,1337.6568495295942,1319.4436063058674,1367.560710478574,1271.2411469779909,1323.9755783230066
2016-10-04,Villupuram,Kallakurichi,1710.0,1340.4045120812953,1313.9718988910317,1369.8629517108202,1297.7363263256848,1330.493922252208
2015-08-21,Coimbatore,Kianthukadavu,1340.0,1317.6457615569234,1294.7957169264555,1342.9850553162396,1243.9549822360277,1299.8453790089116
2016-06-07,Coimbatore,Kianthukadavu,1485.9999999999998,1310.6971889734268,1284.3549030832946,1334.853802807629,1240.0336172431707,1292.4848780268803
2017-12-05,Coimbatore,Kianthukadavu,1390.0,1296.4790642261505,1235.2169899269938,1328.6778463050723,1272.523960378021,1283.2244652090594
2017-07-21,Coimbatore,Kianthukadavu,1600.0,1302.9407809488475,1240.3499009087682,1336.858405917883,1324.0603810176253,1301.052367198281
2015-07-09,Tuticorin,Kovilpatti,1339.0000000000002,1302.7934120967984,1238.0681007169187,1338.664537575096,1338.305852562189,1304.4579757377505
2018-09-26,Tuticorin,Kovilpatti,1475.0,1302.7805673889816,1247.2037265077233,1349.458511825651,1368.6425663530827,1317.0213430188596
2015-09-13,Tuticorin,Kovilpatti,1492.0,1308.6501845158637,1279.38386304304,1364.1742654144764,1396.475805155933,1337.1710295323282
2018-06-13,Cuddalore,Kurinchipadi,1710.0,1308.7360921315849,1303.7022097036242,1363.6240147054195,1412.5073816627264,1347.1424245508388
2018-06-22,Cuddalore,Kurinchipadi,1700.0,1334.984045382589,1315.5953042209148,1395.4602445475757,1426.0357594117522,1368.018838390708
2018-08-13,Cuddalore,Kurinchipadi,1240.0,1315.303190704435,1306.4841248095036,1372.823311574757,1331.0032908804715,1331.4034794922918
2017-07-26,Cuddalore,Kurinchipadi,1700.0,1298.0046840384603,1307.608105801046,1354.7586802393198,1287.6214642077684,1311.9982335716486
2017-10-04,Cuddalore,Kurinchipadi,1700.0,1299.8525264672935,1294.4178339093924,1365.71038197726,1303.9436349645257,1315.981094329618
2015-01-13,Coimbatore,Madathukulam,1499.0,1276.8604994751513,1278.166101872921,1342.9490072652698,1238.6798126623034,1284.1638553189114
2018-08-03,Coimbatore,Madathukulam,1501.0,1280.0544120371342,1260.0948410108685,1344.9386939406395,1281.416089180857,1291.6260090423748
2018-03-16,Villupuram,Manalurpet,1650.0,1284.9370583891869,1255.2782136946917,1358.9260282926261,1326.8596986308694,1306.5002497518435
2018-02-01,Villupuram,Manalurpet,1330.0,1278.8646882399917,1246.2733829393983,1355.0088067539036,1342.520021647215,1305.6667248951271
2018-10-24,Villupuram,Manalurpet,1501.0,1277.5495558977127,1257.47410627082,1343.419703654945,1318.017981853336,1299.1153369192034
2018-05-16,Villupuram,Manalurpet,1465.0,1286.1037169583142,1230.8133268728852,1342.0501539483666,1331.6456643864512,1297.6532155415043
2018-12-26,Villupuram,Manalurpet,1401.0,1297.417280357331,1234.703477844596,1353.1496388837695,1363.1732068955898,1312.1109009953216
2018-06-11,Villupuram,Manalurpet,1330.0,1290.9906448796391,1201.381267234683,1350.0858307816088,1370.7176081836224,1303.2938377698883
2018-08-10,Villupuram,Manalurpet,1550.0000000000002,1289.632282499224,1190.4640942811966,1351.675536017865,1385.3413770906627,1304.278322472237
2018-08-20,Villupuram,Manalurpet,1350.0,1304.7941479831934,1222.508187405765,1356.9016747176647,1394.8325112462044,1319.759130338207
2016-05-10,Villupuram,Moongilthuraipattu,1471.0,1302.6456288993359,1212.0292537845671,1350.6416060961783,1400.1140341162682,1316.3576307240874
2018-02-27,Namakkal,Namagiripettai,1700.0,1308.5789171047509,1215.070549119264,1355.3441503085196,1408.7713671848178,1321.941245929338
2018-06-07,Namakkal,Namagiripettai,1566.0000000000002,1286.8937355466187,1211.5890808403492,1330.1386901177466,1321.048642322421,1287.417537206784
2018-06-28,Cuddalore,Panruti,1675.0,1266.2865426391363,1175.5986238829792,1309.1212952509522,1292.9866848513484,1260.998286656104
2018-05-07,Cuddalore,Panruti,1432.0,1256.1127053573728,1147.5240288767964,1302.7867825701833,1288.4110684506595,1248.708646313753
2017-08-01,Cuddalore,Virudhachalam,1530.0,1264.955941401422,1147.5411551538855,1310.1295357570052,1318.3404807001352,1260.241778253112
2016-06-09,Cuddalore,Virudhachalam,1516.0,1268.4584031812847,1138.4232081007212,1304.595262184739,1315.7205746509135,1256.7993620294146
2017-01-06,Cuddalore,Virudhachalam,1550.0000000000002,1266.770359966904,1133.6587192490697,1301.356600318104,1334.4866927713156,1259.0680930763483
2016-05-30,Cuddalore,Virudhachalam,1700.0,1287.2764525935054,1157.938877074048,1321.8785761855543,1350.272148102522,1279.3415134889074
2017-08-04,Cuddalore,Virudhachalam,1529.0,1270.7602300681174,1167.1643467620015,1296.4227132499218,1273.7864708527923,1252.0334402332082
2018-12-28,Cuddalore,Virudhachalam,1490.0,1258.7513950653374,1131.7941648885608,1285.8645015396178,1274.088390544057,1237.6246130093932
2017-08-22,Cuddalore,Virudhachalam,1370.0,1277.284374833107,1152.7082496322691,1297.9234723374248,1318.4490391984582,1261.5912840003148
2017-05-30,Cuddalore,Virudhachalam,1484.0,1284.136819280684,1149.2342395707965,1301.2955534271896,1348.7573012709618,1270.855978387408
2016-08-01,Cuddalore,Virudhachalam,1320.0,1294.2917347885668,1174.448262900114,1315.8748492598534,1379.4915104284883,1291.0265893442556
2017-08-29,Cuddalore,Virudhachalam,1463.0,1298.418062645942,1213.2199443876743,1311.9786212220788,1362.8780548460782,1296.6236707754433
2018-10-29,Cuddalore,Panruti,1300.0,1311.7999002337456,1239.0204045921564,1325.175798870623,1386.962434463203,1315.739634539932
2016-10-14,Cuddalore,Panruti,1429.0,1311.3738150335848,1257.3654096573591,1321.2254296988249,1364.2716365866363,1313.5590727441013
2018-12-24,Cuddalore,Panruti,1700.0,1315.205957647413,1240.1203535497189,1324.6432268992066,1374.3059775792062,1313.5688789188862
2016-07-25,Cuddalore,Panruti,1509.9999999999998,1293.8775274902582,1234.380840882659,1298.0578583665192,1295.9583701565862,1280.5686492240056
2015-07-07,Cuddalore,Panruti,1750.0,1295.129955559969,1232.9074285924435,1303.694199025631,1319.93722980842,1287.9172032466158
2016-09-08,Cuddalore,Panruti,1344.0,1298.1445946730673,1209.155077766627,1309.4103702344,1327.5504124350846,1286.0651137772948
2016-04-20,Cuddalore,Panruti,1500.0,1307.8202506527305,1223.592115007341,1321.0462943650782,1359.9647922441363,1303.1058630673215
2017-06-22,Cuddalore,Panruti,1369.0,1314.8859448730946,1237.6309663057327,1336.9831238873303,1377.0782246254385,1316.644564922899
2018-10-03,Cuddalore,Panruti,1563.0,1312.4541516415775,1228.1468760222197,1346.29166983068,1392.740757483989,1319.9083637446165
2016-11-01,Cuddalore,Panruti,1484.0,1305.3674639202654,1210.2294754236937,1341.3834721781313,1388.1101712584496,1311.272645695135
2017-06-23,Cuddalore,Panruti,1559.0,1311.9062488898635,1235.5733269825578,1349.840123951435,1399.7170912101865,1324.2591977585107
2017-08-29,Cuddalore,Panruti,1461.9999999999998,1322.9575316421688,1267.9944744333625,1353.2267071306705,1415.3612547554076,1339.8849919904023
2016-09-09,Cuddalore,Panruti,1509.0,1336.5853522904217,1289.6984396502376,1362.2033623978496,1422.8640833869576,1352.8378094313666
2017-07-21,Cuddalore,Panruti,1715.0,1335.642854589969,1281.4756168052554,1360.0821901112795,1418.1796322576702,1348.8450734410435
2016-02-09,Coimbatore,Pethappampatti,1469.0,1357.5073095969856,1267.820449359715,1389.504996035248,1422.1689498983324,1359.2504262225702
2016-10-13,Coimbatore,Pethappampatti,1280.0,1355.0303527154028,1254.305606894195,1402.5461035780609,1411.9398665614426,1355.9554824372754
2018-07-13,Coimbatore,Pethappampatti,1700.0,1343.6590571887791,1280.4717959836125,1390.414484217763,1365.2355421334505,1344.9452198809013
2018-08-14,Coimbatore,Pethappampatti,1519.0,1339.039520174265,1272.4890172481537,1384.5668273977935,1339.108301512897,1333.8009165832773
2018-12-01,Coimbatore,Pethappampatti,1710.0,1330.6946035474539,1266.43045861274,1377.0430052652955,1339.462428726256,1328.4076240379363
2018-12-18,Coimbatore,Pethappampatti,1546.0,1307.888755761087,1270.199206378311,1347.6580428890884,1257.2104444727302,1295.739112375304
2018-10-21,Coimbatore,Pethappampatti,1700.0,1287.6294748857617,1233.2698427140713,1333.8992890901864,1257.2946947067976,1278.0233253492042
2018-12-24,Coimbatore,Pethappampatti,1250.0,1300.9642152115703,1258.6407648399472,1343.2147407904267,1290.718972403556,1298.384673311375
2018-12-29,Coimbatore,Pethappampatti,1650.0,1317.6708985120058,1285.3533374145627,1357.2993081994355,1334.1240024194121,1323.611886636354
2015-08-18,Coimbatore,Pongalur,1153.0,1337.8619505092502,1279.201965406537,1379.8529577441514,1358.6547701619565,1338.8929109554738
2016-08-16,Coimbatore,Pongalur,1450.0,1340.412108413875,1241.3382528349757,1383.4740604273975,1354.5303759165108,1329.9386993981898
2016-07-19,Coimbatore,Pongalur,1715.0,1334.0629555284977,1240.0191151537,1374.7356537729502,1357.670837920159,1326.6221405938268
2017-08-26,Coimbatore,Pongalur,1270.0,1353.7950509227812,1246.3924381881952,1397.9548801667988,1368.7844105996192,1341.7316949693486
2018-07-26,Coimbatore,Pongalur,1429.0,1345.8241500891745,1263.2665170356631,1390.1571757160127,1324.7588292695582,1331.0016680276021
2018-08-07,Coimbatore,Pongalur,1132.0,1338.6820781975985,1276.7910275608301,1384.911562781781,1329.305993951857,1332.4226656230167
2018-08-14,Coimbatore,Pongalur,1710.0,1342.327627260238,1309.3465610407293,1390.5407214537263,1348.4737508930266,1347.67216516193
2015-02-04,Erode,Punchaipuliyampatti,1250.0,1313.5880769230425,1321.1007117293775,1362.797395605594,1277.9103126376867,1318.8491242239252
2015-05-15,Erode,Punchaipuliyampatti,1700.0,1300.590199418366,1336.7799565196037,1350.308058038354,1257.4810120277107,1311.2898065010086
2018-02-21,Salem,Salem,1710.0,1307.1363044902682,1314.6923074498773,1367.0320057310164,1282.7587064355612,1317.9048310266808
2018-02-28,Salem,Salem,1650.0,1298.7195679917932,1276.7070535570383,1345.0712844729424,1220.756749343127,1285.3136638412252
2017-11-22,Salem,Salem,950.0,1298.8687323406339,1235.5744319036603,1341.85900259763,1230.9627674520016,1276.8162335734814
2018-04-25,Salem,Salem,1300.0,1309.7903249785304,1232.3417089879513,1353.1678700819612,1272.880988009274,1292.0452230144292
2017-10-30,Villupuram,Sangarapuram,1750.0,1305.9114994481206,1227.0405737683177,1362.3363672755659,1316.1032916978002,1302.847933047451
2018-05-09,Villupuram,Sangarapuram,1710.0,1296.4481264352798,1221.6162398457527,1358.6725870147347,1324.027647729963,1300.1911502564326
2017-10-09,Villupuram,Sangarapuram,1496.0,1272.4736864678562,1229.7889268957078,1326.037361100316,1252.1226971410215,1270.1056679012254
2015-11-02,Villupuram,Sangarapuram,1063.0,1263.4434425272048,1211.9541191495955,1317.608608584851,1265.7506559044123,1264.689206541516
2015-04-29,Villupuram,Sangarapuram,1519.0,1249.7048535384238,1177.7152383700013,1307.449411507696,1275.4488246515393,1252.579582016915
2015-03-20,Villupuram,Sangarapuram,1700.0,1246.4753072708845,1177.3265823721886,1304.852156341076,1298.17097466439,1256.7062551621348
2018-03-26,Villupuram,Sangarapuram,1600.0,1239.445799216628,1176.4194421470165,1301.8612730316818,1293.5935627669096,1252.830019290559
2018-06-22,Villupuram,Sangarapuram,1700.0,1258.10128711164,1175.369767099619,1322.6510541513562,1306.3507055863738,1265.6182034872472
2018-06-05,Villupuram,Sangarapuram,1402.0,1270.2974062412977,1204.4558483175933,1332.517861481756,1318.7122866511345,1281.4958506729454
2016-12-08,Villupuram,Sangarapuram,1710.0,1264.5947703160346,1203.3549325540662,1328.7781178951263,1327.8466694056988,1281.1436225427315
2018-04-11,Villupuram,Sangarapuram,1089.0,1242.7757551893592,1215.117646381259,1301.2019113637507,1252.7816444635391,1252.969239349477
2018-04-06,Villupuram,Sangarapuram,1250.0,1224.795650318265,1189.4470144063234,1289.1055113635957,1249.27959702909,1238.1569432793185
2015-11-19,Villupuram,Sangarapuram,1800.0,1221.0635030642152,1214.628166332841,1281.9883001968265,1242.4859896302223,1240.0414898060262
2018-11-27,Villupuram,Sangarapuram,1050.0,1244.695003144443,1252.578200865537,1297.5665828213096,1274.5510762557387,1267.347715771757
2018-10-15,Villupuram,Sangarapuram,1258.9999999999998,1244.6661370806396,1245.6978571601212,1300.9694635868073,1303.5768011584878,1273.727564746514
2015-06-04,Villupuram,Sangarapuram,1710.0,1249.2108156904578,1256.7361570894718,1309.4378551468253,1331.799248419702,1286.7960190866143
2016-04-12,Villupuram,Sangarapuram,1469.9999999999998,1274.7883580625057,1245.8137357607484,1345.378452539444,1354.1466920636594,1305.0318096065894
2016-04-22,Villupuram,Sangarapuram,1039.0,1271.8824155628681,1225.6625990383327,1347.4202086217701,1348.9878154359758,1298.4882596647367
2016-01-08,Villupuram,Sangarapuram,1120.0,1258.497953787446,1199.9189041554928,1339.0425587072968,1328.8540812209249,1281.5783744677901
2016-03-14,Villupuram,Sangarapuram,1700.0,1265.899820253253,1245.5683051608503,1344.0377688966691,1340.5542288906872,1299.015030800365
2017-01-09,Villupuram,Sangarapuram,1250.0,1259.43658426404,1253.3425300382078,1339.05374603346,1323.8334578461945,1293.9165795454755
2016-04-28,Villupuram,Sangarapuram,1710.0,1257.2383437305689,1283.62938426435,1330.2733523771167,1295.715287514031,1291.7140919715166
2016-12-16,Villupuram,Sangarapuram,1600.0,1233.9439827017486,1284.1533930972219,1299.3017232976854,1223.2176848687232,1260.1541959913447
2016-05-27,Villupuram,Sangarapuram,1710.0,1217.5182255916297,1254.9399697221816,1289.6215095184743,1220.3955782577395,1245.6188207725063
2015-09-30,Villupuram,Sangarapuram,1250.0,1208.321276679635,1242.3119645565748,1265.4516366310418,1171.3897031731904,1221.8686452601105
2018-12-12,Villupuram,Sangarapuram,1700.0,1205.851225554943,1246.9390979036689,1259.8694371059537,1179.4495501555502,1223.027327680029
2016-06-01,Villupuram,Sangarapuram,1750.0,1221.4081003330648,1239.3858572468162,1272.7018526755273,1237.5942276790738,1242.7725094836205
2017-01-11,Villupuram,Sangarapuram,1469.0,1236.7120862938464,1194.0396189689636,1279.3248878791928,1261.126008629799,1242.8006504429504
2017-03-22,Villupuram,Sangarapuram,1300.0,1239.5510429516435,1160.982175078243,1281.2576711177826,1285.5853708460927,1241.8440649984404
2016-06-13,Villupuram,Sangarapuram,1461.0,1236.3846153020859,1134.6736583393067,1278.8724226877093,1296.4456403627992,1236.5940841729753
2017-05-09,Villupuram,Sangarapuram,1269.0,1225.8085867390037,1118.6105915810913,1266.4771415293217,1283.6282793432474,1223.631149798166
2015-09-07,Villupuram,Sangarapuram,1569.0,1216.7514103464782,1096.5074736159295,1258.093000203371,1274.5510762557387,1211.4757401053794
2017-02-01,Villupuram,Sangarapuram,1339.0000000000002,1244.9607366696,1118.3269721455872,1272.7068248204887,1298.0766420252621,1233.5177939152345
2016-06-28,Villupuram,Sangarapuram,1230.0,1257.6513079926372,1135.4636769276112,1284.0720432810485,1322.4982988089323,1249.9213317525573
2016-09-26,Villupuram,Sangarapuram,1450.0,1262.9955351352692,1157.3421506211162,1283.5995513945818,1307.649264112115,1252.8966253157705
2016-07-28,Villupuram,Sangarapuram,1710.0,1267.1054272912443,1165.410975087434,1299.1097432561219,1333.745290711522,1266.3428590865806
2016-09-27,Villupuram,Sangarapuram,1710.0,1252.1206254139543,1171.3453682139516,1273.2699202373624,1272.4658139050007,1242.3004319425672
2016-09-09,Villupuram,Sangarapuram,1210.0,1228.7532014772296,1163.7690623290837,1236.6886067204177,1201.4543301425874,1207.6663001673296
2015-05-05,Thirunelveli,Sankarankovil,1460.0,1221.0832535289228,1157.5153470039368,1225.8152162656188,1199.0240561775863,1200.8594682440162
2015-08-25,Thirunelveli,Sankarankovil,1750.0,1226.3606329448521,1142.713823914528,1238.7162750586867,1249.822941981256,1214.4034184748307
2015-09-16,Thirunelveli,Sankarankovil,1389.0,1233.4836449474096,1115.2692411094904,1244.4114527665079,1269.7203611955047,1215.7211750047281
2018-12-22,Virudhunagar,Sathur,1355.0000000000002,1237.8997383639216,1106.9315064698458,1252.0210443995893,1297.9828618466854,1223.7087877700105
2016-07-27,Erode,Sathyamangalam,1375.0,1232.1529055945575,1088.719091936946,1248.155339807272,1298.6248210072517,1216.9130395865068
2015-08-06,Coimbatore,Senjeri,1459.0,1238.4343820624053,1119.627257110551,1258.950142748654,1323.2337619177997,1235.0613859598525
2018-08-05,Coimbatore,Senjeri,1141.0,1241.774420440197,1142.795380903408,1262.9139090888202,1340.1687495410442,1246.9131149933673
2016-07-06,Coimbatore,Senjeri,1346.0,1239.1387692652643,1150.7963908370584,1261.536763049662,1343.412936013192,1248.7212147912942
2016-09-10,Coimbatore,Senjeri,1200.0,1254.480736888945,1186.900999955833,1276.0121962986887,1358.0041097477078,1268.8495107227936
2015-12-14,Cuddalore,Shrimushnam,1176.0,1254.013079032302,1218.4767446480691,1276.544077694416,1333.325420692563,1270.5898305168375
2017-08-09,Cuddalore,Shrimushnam,1471.0,1256.9982996210456,1233.55822712183,1290.6878964975476,1347.0149788074195,1282.0648505119607
2018-08-10,Cuddalore,Shrimushnam,1371.0000000000002,1259.9813103675842,1249.9555325135589,1299.5383145287633,1366.7734541930258,1294.062152900733
2016-02-24,Cuddalore,Shrimushnam,1250.0,1275.5356990732253,1278.5956399515271,1314.1597354784608,1381.8956806324422,1312.5466887839139
2015-01-20,Salem,Thalaivasal,1374.0,1273.4143886715174,1264.431241992861,1314.3059994094074,1383.6479473859072,1308.9498943649232
2015-05-28,Salem,Thalaivasal,1054.0,1278.9523913525045,1249.0374811924994,1316.1613000556827,1376.8872113898396,1305.2595959976315
2015-11-17,Salem,Thalaivasal,1650.0,1291.333584766835,1266.6859716176987,1328.2875329256058,1379.9137284047902,1316.5552044287324
2018-03-20,Salem,Thalaivasal,1349.0,1294.3400750868022,1246.286365762353,1330.8549552224576,1355.6790795177221,1306.7901188973337
2018-04-18,Salem,Thalaivasal,1710.0,1292.3469355329871,1233.2806156948209,1329.3301641009748,1348.7305069342256,1300.922055565752
2018-02-27,Salem,Thalaivasal,1489.0,1268.9353147521615,1225.4657849669456,1300.387308280915,1262.9847621545196,1264.4432925386354
2015-05-14,Salem,Thalaivasal,1439.0,1254.6174708753824,1180.8265580795705,1289.3820178695023,1250.21657012403,1243.7606542371213
2015-04-15,Salem,Thalaivasal,1250.0,1254.538469016552,1171.9898134469986,1296.959290560335,1279.3094189837575,1250.6992480019107
2015-05-08,Salem,Thalaivasal,1660.0,1253.9773072116077,1173.008965048939,1296.839544735849,1298.6302074976265,1255.6140061235055
2015-10-01,Salem,Thalaivasal,1368.0,1250.8728932589293,1169.5638210512698,1296.6959049925208,1293.0836416780949,1252.5540652452037
2015-09-02,Salem,Thalaivasal,1500.0,1269.6312769316137,1200.1868475228548,1311.3630420528352,1316.8462130241096,1274.5068448828533
2015-07-22,Salem,Thalaivasal,1500.0,1262.7230339683592,1180.5733930319548,1306.9712569005787,1314.6210400387645,1266.2221809849143
2015-04-27,Salem,Thalaivasal,1710.0,1238.8299438171089,1174.5043376460671,1270.3440891578794,1235.8117137104273,1229.8725210828707
2016-02-16,Salem,Thalaivasal,1429.9999999999998,1219.5558382198215,1175.2998808398843,1237.1450772508979,1164.4092259928584,1199.1025055758655
2015-12-29,Salem,Thalaivasal,1449.0,1217.2495916485786,1164.9039544165134,1242.9087600670755,1202.2875787690282,1206.837471225299
2017-01-13,Salem,Thalaivasal,1421.9999999999998,1230.3228800185025,1162.3636026866734,1255.380418896675,1247.7426517754793,1223.9523883443326
2016-02-20,Salem,Thalaivasal,1469.0,1243.7052700668573,1166.8292794376612,1267.3559681512415,1277.6248286478221,1238.8788365758955
2018-11-01,Salem,Thalaivasal,1710.0,1237.2503209859133,1153.0393806751817,1267.7211445756257,1284.1670664958656,1235.5444781831466
2018-07-02,Salem,Thalaivasal,1180.0,1218.9944001846015,1177.8483813628554,1242.5756263546646,1226.7287097871304,1216.536779422313
2018-10-31,Salem,Thalaivasal,1710.0,1218.7518700025976,1210.3361003100872,1239.6220341324806,1218.563619069755,1221.8184058787301
2015-10-08,Salem,Thalaivasal,1180.0,1200.259357970208,1218.5002242214978,1217.9099201224744,1173.8350316882133,1202.6261335005984
2015-09-21,Salem,Thalaivasal,1710.0,1199.0290283225477,1232.2165766730905,1220.076394174248,1185.4452664032578,1209.191816393286
2015-08-31,Salem,Thalaivasal,1520.0,1183.4720154292881,1226.5520605258644,1201.6876066103578,1156.22852826491,1191.985052707605
2016-01-20,Salem,Thalaivasal,1393.0,1174.5841681957245,1165.9870533272624,1195.016921684146,1183.8016962632537,1179.8474598675966
2017-12-26,Salem,Thalaivasal,1509.9999999999998,1193.216728977859,1149.535537743941,1211.9226288981736,1233.979616407305,1197.1636280068196
2017-12-27,Salem,Thalaivasal,1359.0,1203.5850323736668,1128.8008645642549,1221.4277126826346,1263.5082185268402,1204.330457036849
2018-10-20,Salem,Thalaivasal,1391.0,1214.5149119198322,1121.9455887563527,1237.3211740516126,1289.0276144258678,1215.7023222884163
2016-05-12,Salem,Thalaivasal,1410.0,1234.2994910664856,1145.807326771319,1255.581100191921,1320.1308672316372,1238.9546963153407
2016-05-13,Salem,Thalaivasal,1443.0,1241.5799543261528,1163.1547261960804,1270.6473900005221,1341.8203303590417,1254.3006002204493
2016-02-09,Salem,Thalaivasal,1300.0,1228.981229569763,1161.8563057854772,1257.7949477359653,1338.7428488582373,1246.8438329873607
2016-02-10,Salem,Thalaivasal,1710.0,1221.9352858141065,1151.1957507580519,1252.0970077253878,1333.9113051071763,1239.7848373511806
2017-09-14,Salem,Thalaivasal,1005.0,1201.196469180286,1151.9906724337488,1222.3833313211799,1250.4294055514038,1206.4999696216546
2018-09-12,Salem,Thalaivasal,1532.0,1189.6320886909962,1126.032139454037,1218.5092017054558,1252.3779339157045,1196.6378409415483
2017-01-25,Salem,Thalaivasal,1204.0,1204.7414704225957,1130.5827570147812,1234.3929950147867,1284.105329029262,1213.4556378703564
2018-09-20,Salem,Thalaivasal,1650.0,1211.5236142650247,1142.882117209956,1250.403025560081,1311.3269940018654,1229.0339377592318
2017-01-31,Salem,Thalaivasal,1300.0,1214.980636164546,1137.4327153898776,1251.8619357608259,1311.2923271022737,1228.8919036043808
2017-02-23,Salem,Thalaivasal,1476.0,1211.80398799479,1127.198314620182,1249.5592801831663,1312.90288772434,1225.3661176306196
2017-03-01,Salem,Thalaivasal,1710.0,1210.1999187842011,1121.6656984295696,1248.9340329542756,1310.574266500771,1222.8434791672044
2016-11-08,Salem,Thalaivasal,1710.0,1190.6440583057702,1130.502926465124,1222.368967346847,1234.5856656320393,1194.525404437445
2017-03-16,Salem,Thalaivasal,1500.0,1215.4610006138682,1110.4856233112514,1256.8578365258873,1248.977124877274,1207.9453963320702
2016-07-28,Salem,Thalaivasal,1242.9999999999998,1217.4487536773086,1100.1950096804649,1275.377281010151,1254.2025730013847,1211.8059043423273
2017-06-15,Salem,Thalaivasal,1301.0,1205.8307845145464,1090.1136404834688,1272.9244942776859,1258.4359400905669,1206.826214841567
2017-06-27,Salem,Thalaivasal,1465.0,1208.9864391833544,1116.995542217046,1283.4057758562267,1274.6955446898937,1221.0208254866302
2016-08-02,Salem,Thalaivasal,1650.0,1225.5652278661728,1173.9793620072305,1297.6660257205367,1302.8171679005027,1250.0069458736107
2016-07-11,Salem,Thalaivasal,1710.0,1217.28743519634,1186.0830821096897,1293.8554290682077,1295.9438680671155,1248.2924536103383
2016-08-24,Salem,Thalaivasal,1241.0,1194.5195690728724,1201.543690636754,1263.9733903110027,1228.96244591102,1222.2497739829123
2018-10-17,Erode,Thalavadi,1650.0,1181.481085717678,1193.625411670655,1255.790758971125,1230.123303644359,1215.2551400009543
2016-01-18,Erode,Thalavadi,1429.0,1174.6169014833868,1176.3325677253306,1253.894023783505,1223.7639302387834,1207.1518558077514
2015-11-23,Erode,Thalavadi,1710.0,1171.069690398872,1146.6563205234706,1250.8418173529208,1223.4972299076617,1198.0162645457312
2017-12-28,Salem,Thammampati,1499.0,1156.0052651446313,1159.5236792229116,1224.7667842544615,1170.6800675950944,1177.7439490542747
2018-03-12,Salem,Thammampati,1710.0,1161.929783038795,1161.7850383743644,1228.8161819800735,1192.2218856401742,1186.1882222583517
2018-02-22,Salem,Thammampati,1160.0,1148.1563890352845,1171.3294849731028,1209.713477268815,1150.510009098798,1169.927340094
2018-01-31,Salem,Thammampati,1700.0,1153.1676896382123,1199.1835791617632,1214.021840877831,1167.6657047122717,1183.5097035975195
2018-01-19,Villupuram,Thirukovilur,1200.0,1176.0407304391265,1195.1659479178488,1248.1706705875695,1204.8012742772698,1206.0446558054537
2015-02-17,Villupuram,Thirukovilur,1586.0,1174.8609509319067,1150.7096545305103,1251.958478242159,1230.181035771966,1201.9275298691355
2017-09-27,Villupuram,Thirukovilur,1600.0,1166.892950516194,1104.1872277390212,1244.7104720398784,1223.113822285086,1184.726118145045
2015-12-09,Villupuram,Thirukovilur,1710.0,1163.949164468795,1083.1873044371605,1236.097888275981,1208.3006975241005,1172.8837636765093
2017-09-19,Villupuram,Thirukovilur,1447.0,1145.3303461428732,1085.2539212442935,1201.873095240444,1140.4168310575187,1143.2185484212823
2015-12-10,Villupuram,Thirukovilur,1333.0,1140.692785102874,1068.5264516156167,1196.581213735044,1157.1104624774307,1140.7277282327414
2015-03-06,Villupuram,Thirukovilur,1650.0,1138.662078231573,1054.2563265189528,1201.9399429671466,1190.132203605026,1146.2476378306746
2015-03-04,Villupuram,Thirukovilur,1360.0,1161.561568081379,1040.9273179713637,1227.866640407592,1223.6506758257747,1163.5015505715273
2018-06-26,Villupuram,Thirukovilur,1710.0,1180.4486750625074,1042.1365160029382,1243.2247675023973,1248.964418284595,1178.6935942131095
2015-12-28,Villupuram,Thirukovilur,1429.0,1160.982175078243,1051.9713496789336,1216.2624827586114,1191.5297906845808,1155.1864495500922
2018-07-20,Villupuram,Thirukovilur,1150.0,1146.1823784280568,1050.0246858689934,1209.900623280555,1205.0027842633426,1152.777617960237
2015-03-25,Villupuram,Thirukovilur,1329.0,1139.539316529408,1080.6140813045204,1205.7820298708975,1210.6704770587385,1159.1514761908911
2015-04-13,Villupuram,Thirukovilur,1600.0,1144.7652480565012,1097.4818068556488,1217.7241552621126,1242.4109931103885,1175.5955508211628
2018-06-27,Villupuram,Thirukovilur,1250.0,1136.716035939753,1083.7628302164376,1217.526236269623,1240.1543298736215,1169.5398580748588
2015-12-16,Villupuram,Thirukovilur,1650.0,1148.610442550853,1104.518911242485,1233.4688666276634,1266.002301685512,1188.1501305266283
2015-10-26,Villupuram,Thirukovilur,1469.0,1179.602443613112,1090.3070707339793,1261.592285335064,1276.8830122426152,1202.0962029811926
2015-04-07,Villupuram,Thirukovilur,1539.0,1172.5135460495949,1052.360281907022,1254.6892907470465,1256.9060387089849,1184.117289353162
2017-09-15,Villupuram,Thirukovilur,1600.0,1182.9213503748178,1082.0595943368971,1260.7912175357342,1271.2878298945725,1199.2649980355054
2017-10-23,Villupuram,Thirukovilur,1220.0,1174.7760101221502,1087.8521432168782,1254.4616769999266,1254.7310015186667,1192.9552079644054
2018-08-06,Villupuram,Thirukovilur,1710.0,1159.211953356862,1102.8706451877952,1233.1459534354508,1228.3313978463411,1180.8899874566123
2016-03-09,Villupuram,Thirukovilur,1140.0,1134.6179288811982,1114.2746049445122,1200.0628201290965,1162.022596411407,1152.7444875915535
2015-12-22,Villupuram,Thirukovilur,1292.0,1130.1441033370793,1133.0101305618882,1193.9680753275752,1163.4598225355148,1155.1455329405144
2015-07-09,Villupuram,Thirukovilur,1495.0,1143.6524543911219,1135.8746385201812,1209.3230257742107,1205.9122724458575,1173.6905977828428
2017-02-28,Villupuram,Thirukovilur,1350.0,1159.2814252711833,1150.6495053879917,1232.6991509646177,1253.2918417826295,1198.9804808516055
2015-09-22,Villupuram,Thirukovilur,1459.0,1161.5103273652494,1135.1039560511708,1239.8279638029635,1276.336766872555,1203.1947535229847
2018-09-03,Villupuram,Thirukovilur,1400.0,1166.552496701479,1136.1998996697366,1252.8223884291947,1295.120149385184,1212.6737335463986
2017-03-23,Villupuram,Thirukovilur,1429.9999999999998,1174.8515591025352,1140.836493903771,1260.7231267727911,1307.3909888044,1220.9505421458744
2015-10-19,Villupuram,Thirukovilur,1600.0,1175.1558267511427,1150.9095761924982,1260.579487029463,1310.173180140555,1224.2045175284147
2016-06-14,Villupuram,Thirukovilur,1140.0,1200.2484468743205,1185.417505260557,1272.5200931541622,1305.8996215462685,1241.021416708827
2017-09-08,Villupuram,Thirukovilur,1100.0,1202.3552551865578,1212.6428993418813,1270.8889533765614,1288.7640907429159,1243.662799661979
2017-03-27,Villupuram,Thirukovilur,1600.0,1211.5545520558953,1230.2904229611158,1282.4484998360276,1303.4505639225245,1256.9360096938908
2016-07-06,Villupuram,Thirukovilur,1400.0,1204.2453608475626,1198.9476785063744,1282.0760033093393,1285.8419887721539,1242.7777578588575
2017-03-28,Villupuram,Thirukovilur,1451.0,1217.5879737362266,1203.824385907501,1294.1266871988773,1297.5263913162053,1253.2663595397025
2017-04-20,Villupuram,Thirukovilur,1710.0,1212.790544424206,1167.1135203912854,1289.0430833213031,1281.3930239528418,1237.585043022409
2017-08-18,Villupuram,Thirukovilur,1350.0,1207.159590255469,1167.4046671018004,1263.0916632711887,1213.5994847863913,1212.8138513537124
2017-01-25,Villupuram,Thirukovilur,1536.0,1198.4773964621127,1153.952390793711,1254.8532334156334,1217.1620266512036,1206.1112618306652
2015-10-20,Villupuram,Thirukovilur,1469.0,1199.039248842746,1144.923320831731,1256.4654514193535,1232.0783234201372,1208.126586128492
2017-02-07,Villupuram,Thirukovilur,1150.0,1201.0670552961528,1147.8022618219256,1267.4751615151763,1256.4340992830694,1218.194644479081
2016-06-27,Villupuram,Thirukovilur,1600.0,1198.4812636859715,1188.1556378677487,1266.9786375947297,1257.6653957366943,1227.820233721286
2016-09-02,Villupuram,Thirukovilur,1350.0,1200.1032878644764,1179.6633523888886,1267.2032128088176,1246.5286197140813,1223.374618194066
2016-09-07,Villupuram,Thirukovilur,1710.0,1192.025071568787,1168.3591808192432,1264.9820451624691,1252.1427238360047,1219.377255346626
2018-08-31,Villupuram,Thirukovilur,1215.0,1175.4042958840728,1168.4883184731007,1241.3292753510177,1190.1177015155554,1193.8348978059366
2017-07-25,Villupuram,Thirukovilur,1700.0,1175.992390140891,1175.6852220743895,1246.9279105775058,1212.2730270028114,1202.7196374488994
2016-06-21,Villupuram,Thirukovilur,1710.0,1193.7426714226604,1200.6144519895315,1263.6906686238945,1237.4529358930886,1223.8751819822937
2017-07-20,Villupuram,Thirukovilur,1559.0,1179.6550654806197,1195.7769692875445,1246.0859606973827,1195.7547327503562,1204.3181820539758
2018-08-29,Coimbatore,Thiruppur,1696.0,1175.2218457870185,1155.3956249263138,1241.7148928157985,1214.5574513822794,1196.7224537278526
2017-03-22,Coimbatore,Thiruppur,1726.0,1183.5367914289236,1123.0077632237226,1246.6711545363069,1227.7553196065128,1195.2427571988665
2015-10-08,Villupuram,Thiryagadurgam,1666.0,1176.9703834317625,1081.68702875264,1240.2157911099494,1213.9413197524846,1178.203630761709
2017-09-26,Coimbatore,Thondamuthur,1710.0,1199.939621426165,1100.7207449525595,1251.1516096070409,1225.827094167471,1194.409767538309
2018-11-29,Villupuram,Tindivanam,1544.0,1235.7740082778037,1074.0049266722053,1289.222771115601,1249.1311232559383,1212.033207330387
2016-01-20,Cuddalore,Tittakudi,1710.0,1258.8843999430537,1068.9518462400883,1306.9019231013954,1263.3995219133794,1224.5344227994792
2017-12-28,Cuddalore,Tittakudi,1669.0,1233.7945421226323,1062.7204365096986,1275.7775386795402,1196.4602248743176,1192.1881855465472
2015-05-04,Cuddalore,Tittakudi,1704.9999999999998,1222.4182744510472,1065.4197587631643,1270.1485181227326,1209.7543593496084,1191.9352276716381
2018-02-19,Cuddalore,Tittakudi,1500.0,1236.6357086226344,1048.2889238744974,1299.3141536600888,1233.522317185998,1204.4402758358046
2015-04-27,Cuddalore,Tittakudi,1750.0,1221.0498296655715,1025.6399748846889,1295.2947269193828,1230.7444074191153,1193.1822347221896
2015-03-05,Cuddalore,Tittakudi,1866.0,1235.0600911304355,1039.5555584225804,1310.920935496688,1234.8866185173392,1205.1058008917607
2015-05-27,Cuddalore,Tittakudi,1469.0,1237.543953768909,1073.5631654039025,1315.4792875051498,1241.763233114034,1217.0874099479988
2017-05-24,Cuddalore,Tittakudi,1669.0,1225.5533499643207,1093.568521598354,1317.363039869815,1258.1051543354988,1223.6475164419971
2017-05-11,Cuddalore,Tittakudi,1180.0,1220.5596590414643,1129.6626339666545,1316.113097872585,1277.267939131707,1235.9008325031027
2017-02-01,Cuddalore,Tittakudi,1710.0,1212.1637779287994,1172.2693584859371,1305.701702553779,1267.1697889454663,1239.3261569784954
2016-10-17,Cuddalore,Tittakudi,1643.0,1184.7142229788005,1178.8618702441454,1271.5832581743598,1201.6608122736216,1209.2050409177318
2016-10-03,Cuddalore,Tittakudi,1419.0,1177.7630262076855,1155.0693969707936,1263.8007463887334,1207.4222852475941,1201.0138637037016
2016-09-06,Cuddalore,Tittakudi,1669.0,1185.7619644142687,1164.282298181206,1275.184057932347,1235.5097940191627,1215.184528636746
2015-05-28,Cuddalore,Tittakudi,1459.0,1197.430759947747,1166.2562397308648,1287.1275644749403,1261.6998770274222,1228.1286102952436
2016-03-29,Cuddalore,Tittakudi,1710.0,1205.5426763370633,1153.7160067353398,1290.6050274148583,1271.8546544201672,1230.4295912268572
2015-01-07,Cuddalore,Tittakudi,1529.0,1230.0862887874246,1131.0345316305757,1324.0192227065563,1281.3065638765693,1241.6116517502815
2015-02-04,Cuddalore,Tittakudi,1719.0,1229.6202883124352,1124.4387051090598,1336.2047069706023,1278.8657931610942,1242.2823733882979
2016-02-10,Cuddalore,Tittakudi,1500.0,1214.5310713909566,1105.836322484538,1322.4045186303556,1257.668572384864,1225.1101212226786
2015-06-03,Cuddalore,Tittakudi,1330.0,1205.8668325655162,1114.3756361678243,1307.4944370426238,1250.7583958096802,1219.6238253964111
2016-07-14,Cuddalore,Tittakudi,1373.0,1212.6922064460814,1149.3770506232977,1307.047358341515,1254.1945623233914,1230.8277944335714
2016-10-20,Cuddalore,Tittakudi,1600.0,1204.5619207434356,1158.3500458393246,1300.1954663544893,1252.4341467767954,1228.8853949285112
2016-10-26,Cuddalore,Tittakudi,1590.0000000000002,1203.383522387594,1148.642623377964,1296.198690496385,1226.3139500282705,1218.6346965725534
2017-08-29,Cuddalore,Tittakudi,1650.0,1195.1180219650269,1147.3946840502322,1290.3714747168124,1226.1156166903675,1214.7499493556097
2016-12-01,Cuddalore,Tittakudi,1650.0,1202.343929745257,1181.621825043112,1295.2194541692734,1233.1955367699265,1228.0951864318922
2017-02-13,Cuddalore,Tittakudi,1710.0,1231.4942345023155,1169.9519245885313,1319.087683595717,1240.1432806625962,1240.16928083729
2017-05-03,Cuddalore,Tittakudi,1429.0,1212.3672215268016,1149.2613101378083,1297.296843957156,1174.4351419620216,1208.3401293959469
2017-02-03,Cuddalore,Tittakudi,1700.0,1206.2253794632852,1154.4520913623273,1296.1571178399026,1190.7196072861552,1211.8885489879176
2018-01-19,Coimbatore,Udumalpet,1373.0,1224.3772995658219,1144.0781252458692,1316.9760412536561,1207.5470032170415,1223.2446173205972
2018-03-04,Coimbatore,Udumalpet,1550.0000000000002,1215.1180607266724,1127.8990417718887,1312.250155583024,1214.3686479888856,1217.4089765176177
2018-01-09,Coimbatore,Udumalpet,1715.0,1201.8909120932221,1114.485782990232,1302.839404437691,1196.646404080093,1203.9656259003095
2018-08-07,Coimbatore,Udumalpet,1710.0,1219.988000486046,1111.7857011035085,1329.3559916317463,1213.1442572921515,1218.568487628363
2015-02-14,Coimbatore,Udumalpet,1720.0,1210.7492026872933,1101.4278944581747,1307.6032717712224,1144.2066413816065,1190.9967525745742
2015-05-26,Coimbatore,Udumalpet,1650.0,1219.8127323761582,1096.4910379145294,1328.6006399430335,1160.7298387214541,1201.4085622387938
2015-04-07,Coimbatore,Udumalpet,1690.0,1225.298665650189,1085.3324397001415,1344.8317928239703,1165.752257592976,1205.3037889418192
2017-04-04,Coimbatore,Udumalpet,1688.9999999999998,1206.3067292794585,1060.534488223493,1329.371874872595,1171.374234277755,1191.8968316633254
2017-03-24,Coimbatore,Udumalpet,1900.0,1183.8782120496035,1040.2772790752351,1306.0120472684503,1152.7422950137407,1170.7274583517574
2017-07-15,Coimbatore,Udumalpet,1669.0,1187.874711677432,1086.4903279580176,1300.2523697912693,1167.2144825570285,1185.4579729959369
2017-05-19,Coimbatore,Udumalpet,1249.0,1185.2246965281665,1098.8796701654792,1291.4562310092151,1183.8173032738268,1189.844475244172
2017-06-07,Coimbatore,Udumalpet,1715.0,1191.5331054478884,1127.8390998020768,1296.9190990552306,1215.0430642068386,1207.8335921280086
2015-01-14,Villupuram,Ulundurpettai,1600.0,1216.3123423233628,1104.600468231365,1328.288085386157,1241.6490118950605,1222.7124769589864
2018-03-13,Villupuram,Ulundurpettai,1456.0,1214.494885224849,1055.173065746203,1323.6925804056227,1208.4841144271195,1200.4611614509486
2018-12-14,Villupuram,Ulundurpettai,1600.0,1203.9923339150846,1053.4776333719492,1315.9120022319257,1209.5049234107137,1195.7217232324183
2017-10-31,Villupuram,Ulundurpettai,1124.0,1182.7953893691301,1038.8960586395115,1297.878308687359,1183.6148264817894,1175.7961457944475
2015-02-11,Villupuram,Ulundurpettai,1616.0,1182.3124007321894,1067.6503182388842,1296.558066084981,1204.4529478996992,1187.7434332389385
2018-12-10,Villupuram,Ulundurpettai,1509.0,1166.7541448026896,1069.7518781758845,1279.5866160653532,1205.9677947312593,1180.5151084437966
2017-12-18,Villupuram,Ulundurpettai,1700.0,1159.4834877178073,1071.7684973031282,1267.2293165698647,1212.3191574588418,1177.7001147624105
2018-02-12,Villupuram,Ulundurpettai,1429.9999999999998,1158.4737279452384,1074.4399202987552,1261.895309947431,1216.312204208225,1177.7802905999124
2017-10-17,Villupuram,Ulundurpettai,1600.0,1170.8422147668898,1096.834254032001,1269.1328193992376,1228.1251919455826,1191.2336200359277
2018-10-05,Villupuram,Ulundurpettai,1629.0,1163.3979469537735,1085.4621988721192,1265.2944616042078,1207.1800312958658,1180.3336596814916
2015-12-16,Villupuram,Ulundurpettai,1300.0,1158.7139101698995,1081.6366857849061,1261.5247470326722,1209.4003702513874,1177.8189283097163
2015-02-25,Villupuram,Ulundurpettai,2070.0,1153.763034939766,1077.1920715924352,1256.7209644243121,1209.173032734543,1174.212275922764
2015-05-12,Villupuram,Ulundurpettai,1469.0,1173.5375316813588,1113.1448921747506,1267.0927206985652,1218.8096021302044,1193.1461866712198
2018-04-16,Villupuram,Ulundurpettai,1169.0,1189.6062611602247,1142.9576661903411,1281.826153025031,1243.8917255029082,1214.5704514696263
2018-10-26,Villupuram,Ulundurpettai,1649.0,1190.1931123808026,1141.8221525847912,1283.4687563590705,1255.7313694618642,1217.8038476966321
2018-06-07,Villupuram,Ulundurpettai,1373.0,1179.6905610710382,1110.163331637159,1273.480545822531,1237.3249031603336,1200.1648354227655
2018-03-26,Villupuram,Ulundurpettai,1390.0,1197.8833632543683,1126.9673170521855,1278.4948159009218,1244.8093624785542,1212.0387146715075
2015-05-22,Villupuram,Ulundurpettai,1600.0,1194.4018949754536,1127.0776710473,1273.0573610402644,1241.635890956968,1209.0432045049965
2015-06-18,Villupuram,Ulundurpettai,1649.0,1187.2531935572624,1111.9396994821727,1266.115417983383,1214.3487594090402,1194.9142676079646
2015-03-06,Villupuram,Ulundurpettai,1749.0,1183.2174692302942,1108.468037378043,1263.355601299554,1213.4061235934496,1192.1118078753352
2015-05-07,Villupuram,Ulundurpettai,1723.0,1177.4322404526174,1084.469151031226,1254.848261270672,1195.400053076446,1178.0374264577404
2018-07-24,Villupuram,Ulundurpettai,1710.0,1177.8661982156336,1096.3375229388475,1252.1400996483862,1201.584158372134,1181.9819947937503
2016-10-14,Villupuram,Ulundurpettai,1619.0,1174.296336248517,1113.2849409244955,1232.0831574499607,1148.807187564671,1167.117905546911
2016-01-06,Villupuram,Ulundurpettai,1429.9999999999998,1168.151317536831,1115.6571374740452,1227.368182875216,1161.3996971398592,1168.1440837564878
2018-09-24,Villupuram,Ulundurpettai,1629.0,1175.3476686775684,1135.6417763978243,1238.1245898082852,1191.2643333896995,1185.0945920683444
2016-03-08,Villupuram,Ulundurpettai,1600.0,1181.3473902642727,1156.21651224792,1255.1936872303486,1223.951352480799,1204.177235555835
2015-03-20,Villupuram,Ulundurpettai,1200.0,1182.5480251573026,1151.0764192789793,1257.748679164797,1221.8299039639533,1203.300756891258
2016-02-22,Villupuram,Ulundurpettai,1650.0,1194.8058817535639,1181.710218731314,1269.7808556258678,1244.244471564889,1222.6353569189087
2017-06-09,Villupuram,Ulundurpettai,1240.0,1187.0584512129426,1190.7798254862428,1259.641685243696,1229.7316091135144,1216.802892764099
2018-11-19,Villupuram,Ulundurpettai,1403.0,1182.115172315389,1217.9021856747568,1254.5108459889889,1225.3648228012025,1219.9732566950843
2018-09-17,Villupuram,Ulundurpettai,1600.0,1198.3959085308015,1217.2085714526474,1264.5252984017134,1249.8036058619618,1232.483346061781
2016-06-03,Villupuram,Ulundurpettai,1350.0,1205.8055094443262,1173.5317308455706,1264.4475395791233,1248.7736812792718,1223.139615287073
2015-10-14,Villupuram,Ulundurpettai,1600.0,1202.2013949230313,1135.9651039354503,1264.1877450048923,1241.8187553994358,1211.0432498157024
2015-08-04,Villupuram,Ulundurpettai,1709.0,1201.480157673359,1096.2307599373162,1256.424707453698,1210.5644046328962,1191.1750074243173
2017-03-20,Villupuram,Ulundurpettai,1756.0,1196.427077241242,1069.9890909250826,1248.7785153090954,1202.0784724503756,1179.3182889814489
2017-07-18,Villupuram,Ulundurpettai,1728.9999999999998,1186.2716092728078,1044.9510953389108,1234.199633821845,1187.9595143720508,1163.3454632014036
2016-01-29,Villupuram,Ulundurpettai,1429.9999999999998,1171.903491485864,1015.1948794722557,1217.9346427321434,1168.013478629291,1143.2616230798885
2016-06-02,Villupuram,Ulundurpettai,1700.0,1179.7290951944888,1024.9989825300872,1220.807575713843,1184.9809233099222,1152.6291441870853
2017-07-27,Villupuram,Ulundurpettai,1720.0,1186.7344330996275,1043.9356728456914,1229.5676664449275,1210.3485306724906,1167.6465757656842
2015-10-20,Villupuram,Ulundurpettai,1600.0,1223.2950293458998,1040.837197843939,1267.3492005094886,1242.409888189286,1193.4728289721534
2015-07-17,Villupuram,Ulundurpettai,1550.0000000000002,1215.8902624621987,1019.6079343557358,1264.8274943232536,1234.7574808634818,1183.7707930011675
2016-07-15,Villupuram,Ulundurpettai,1780.0,1197.7474579587579,999.8796371277422,1251.6474429517984,1198.736914806068,1162.0028632110916
2015-10-08,Villupuram,Ulundurpettai,1559.0,1189.3059988506138,1021.6914012096822,1250.176931079477,1204.7010026872158,1166.4688334567472
2017-02-20,Villupuram,Ulundurpettai,2300.0,1181.6707178018987,1049.2247229907662,1248.2453908771276,1222.6518271490932,1175.4481647047214
2017-05-02,Villupuram,Ulundurpettai,1726.0,1191.3332528434694,1105.3941468708217,1253.3287185244262,1239.8467474617064,1197.475716425106
2017-03-21,Villupuram,Ulundurpettai,1728.9999999999998,1194.8774253949523,1114.5782510749996,1251.7261685803533,1248.4989702701569,1202.4202038301155
2017-05-08,Villupuram,Ulundurpettai,1710.0,1181.034283246845,1089.7644163575023,1237.8761206753552,1227.5252197869122,1184.0500100166537
2017-03-27,Villupuram,Ulundurpettai,1740.0,1163.398361299187,1091.7834524996579,1207.9443604685366,1166.8776197358966,1157.5009485008195
2017-04-17,Villupuram,Ulundurpettai,1739.0,1166.8093908578157,1092.4955741502345,1206.6840598359704,1140.3228437062353,1151.577967137564
2016-06-06,Villupuram,Ulundurpettai,1720.0,1156.7664867267013,1069.2651604302227,1206.8329479545355,1152.711426280439,1146.3940053479746
2016-07-19,Villupuram,Ulundurpettai,1780.0,1183.2517217844725,1039.7442927584052,1244.4752619601786,1182.7712192200124,1162.5606239307672
2016-08-03,Villupuram,Ulundurpettai,1600.0,1161.3611630164087,1013.4109152946621,1224.127173051238,1128.4695954062045,1131.8422116921283
2017-04-11,Villupuram,Ulundurpettai,1487.0,1150.9461767040193,1002.7826101519167,1214.9375442415476,1134.178722742945,1125.7112634601071
2017-07-07,Villupuram,Ulundurpettai,1680.9999999999998,1152.1052389405668,1041.8540014885366,1225.5280748941004,1167.449968867004,1146.734321047552
2018-04-13,Dindigul,Vedachandur,1680.9999999999998,1142.2642591409385,1063.615422602743,1227.3227429948747,1186.677253432572,1154.969919542782
2016-01-11,Vellore,Vellore,1483.0,1131.9763387553394,1077.838243264705,1225.993937253952,1195.9043114446104,1157.9282076796517
2015-12-07,Vellore,Vellore,1600.0,1143.813358526677,1125.1640167552978,1241.754255630076,1218.443873245269,1182.29387603933
2018-06-12,Vellore,Vellore,1791.0,1132.8300284221768,1120.0686040334404,1239.6340501494706,1202.3426867090166,1173.718842328526
2016-10-25,Vellore,Vellore,1725.0,1118.7990496866405,1095.078258169815,1229.6923844143748,1184.401806537062,1156.992874701973
2018-04-25,Vellore,Vellore,1677.0,1148.4954616986215,1089.2276318743825,1262.2403215616941,1202.8539889492095,1175.704351020977
2018-03-20,Vellore,Vellore,1700.0,1153.3174755051732,1091.2438366562128,1273.4293051064014,1208.667116984725,1181.6644335631281
2017-12-08,Vellore,Vellore,1250.0,1146.9339319504797,1097.7145308628678,1271.2491576559842,1218.1164022535086,1183.50350568071
2017-11-13,Vellore,Vellore,1600.0,1156.641009123996,1152.205441473052,1277.0636668428779,1237.051435187459,1205.7403881568462
2015-05-08,Vellore,Vellore,1750.0,1152.6041108183563,1153.63127309829,1270.8110564388335,1218.8078066334128,1198.9635617472231
2015-04-13,Vellore,Vellore,1830.0,1142.6661741919816,1153.1361303292215,1262.9793756641448,1215.917747374624,1193.674856889993
2018-08-21,Vellore,Vellore,1677.0,1130.8729369193316,1130.0659301690757,1251.9039227627218,1195.3362438827753,1177.044758433476
2017-03-27,Vellore,Vellore,1750.0,1139.6993229165673,1154.6501484699547,1259.43216457963,1212.2085272334516,1191.497540799901
2015-08-24,Vellore,Vellore,1725.0,1127.362257288769,1176.2017726898193,1236.918154079467,1171.415392588824,1177.9743941617198
2017-02-09,Vellore,Vellore,1800.0,1156.518846284598,1169.687848445028,1268.3814730495214,1196.4541478082538,1197.7605788968503
2018-12-24,Vellore,Vellore,1230.0,1146.1120087653399,1143.1289980188012,1251.907513756305,1145.5694925040007,1171.6795032611117
2015-05-25,Villupuram,Villupuram,1720.0,1135.612081643194,1158.3136525005102,1243.5293113812804,1150.9757333435118,1172.107694717124
2015-06-18,Villupuram,Villupuram,1650.0,1159.485973790288,1148.6428305506706,1277.546379249543,1183.4508838132024,1192.281516850926
2017-04-28,Villupuram,Villupuram,1725.0,1146.149990428239,1128.3722242340446,1267.3989219591022,1169.0804180689156,1177.7503886725754
2017-02-06,Villupuram,Villupuram,1839.0,1167.5208219327033,1083.3069812040776,1291.1811056546867,1186.29550319165,1182.0761029957794
2016-06-16,Villupuram,Villupuram,1240.0,1152.793673845008,1035.1880124770105,1275.9115103632212,1159.962747246027,1155.9639859828167
2016-09-19,Villupuram,Villupuram,1390.0,1145.0709659140557,1043.4139429125935,1270.5805422738194,1159.5624895766377,1154.6569851692766
2015-01-30,Villupuram,Villupuram,1800.0,1138.29683274962,1052.12900810875,1260.515954066068,1166.4306791499257,1154.343118518591
2017-06-16,Villupuram,Villupuram,1673.0,1126.123433560133,1069.3156415130943,1227.8100132010877,1121.690904442221,1136.234998179134
2016-07-08,Villupuram,Villupuram,1728.9999999999998,1136.6623091511428,1077.3895071819425,1224.737918190658,1141.9228385202587,1145.1781432610005
2017-06-27,Villupuram,Villupuram,1611.0,1122.8063222952187,1040.6664875335991,1208.7751230224967,1137.3794029466808,1127.4068339494988
2017-07-28,Villupuram,Villupuram,1619.0,1121.1834694258869,1024.6684730052948,1202.191864978522,1152.2894845344126,1125.083322986029
2016-09-07,Villupuram,Villupuram,2300.0,1132.0857950020581,1025.8871319238096,1207.1066921576858,1174.072589725256,1134.7880522022024
2016-08-29,Villupuram,Villupuram,1600.0,1145.867061568424,1062.1866215020418,1216.2274015136063,1200.012269988656,1156.073338643182
2018-07-25,Villupuram,Villupuram,1680.0,1137.8154324367642,1043.6900350730866,1207.3001914657652,1186.7627467028797,1143.892101419624
2018-06-12,Villupuram,Villupuram,1752.0,1129.7606957145035,1020.6066449172795,1200.7554675452411,1182.1072997525334,1133.3075269823894
2017-12-21,Villupuram,Villupuram,1725.0,1116.7878861073405,1009.8958159796894,1189.9333178065717,1175.71174018085,1123.082190018613
2017-11-10,Villupuram,Villupuram,1200.0,1141.8421792797744,1009.416280221194,1224.2041031830013,1192.6235244609416,1142.0215217862278
2018-09-03,Villupuram,Villupuram,1673.0,1156.8307102657855,1024.9181851744652,1241.3338331505656,1197.4847629666328,1155.1418728893623
2015-01-27,Cuddalore,Virudhachalam,1728.9999999999998,1143.2813390158117,998.2753607444465,1228.1112423166633,1170.3614359721541,1135.007344512269
2015-01-23,Cuddalore,Virudhachalam,1600.0,1133.8990395888686,1006.8238590843976,1218.6859890818596,1167.2084054909647,1131.6543233115226
2015-10-28,Cuddalore,Virudhachalam,1269.0,1121.142242057249,1008.307077549398,1207.1459168568254,1141.659176722169,1119.5636032964103
2015-02-23,Cuddalore,Virudhachalam,1639.0,1116.8073603417724,1023.6228723544627,1204.707632213831,1145.4671491868794,1122.6512535242364
2015-03-25,Cuddalore,Virudhachalam,1680.0,1114.397596474737,1055.0702390260994,1211.1433832906187,1166.9917028397322,1136.9007304077968
2017-03-22,Cuddalore,Virudhachalam,1800.0,1113.640034943819,1068.6209223698825,1210.1377669721842,1180.074797384441,1143.1183804175816
2016-11-04,Cuddalore,Virudhachalam,1350.0,1096.5372374281287,1081.6319898702204,1187.7508223988116,1137.0823172852397,1125.7505917456
2017-01-31,Cuddalore,Virudhachalam,1600.0,1103.7944973446429,1093.8537984155118,1193.8392139039934,1155.3186257369816,1136.7015338502824
2017-04-06,Cuddalore,Virudhachalam,1820.0,1097.2843022085726,1073.0316983535886,1191.0295376554132,1145.3065212816,1126.6630148747936
2017-05-25,Cuddalore,Virudhachalam,1509.0,1107.4181551579386,1083.3810799755156,1203.2372584566474,1171.6083394363523,1141.4112082566135
2017-01-30,Cuddalore,Virudhachalam,1550.0000000000002,1123.0744037777185,1119.0692719537765,1218.6383393593132,1204.8882868140936,1166.4175754762255
2016-08-05,Cuddalore,Virudhachalam,1760.0,1133.2358797546476,1151.9048338755965,1222.2314046695828,1217.2559449449182,1181.1570158111863
2016-09-07,Cuddalore,Virudhachalam,1700.0,1128.0377093702555,1141.489295102656,1220.9951360709965,1219.479046203196,1177.500296686776
2015-10-01,Cuddalore,Virudhachalam,1825.0000000000002,1116.6363738011569,1103.045913297683,1210.1297562941909,1194.0488726831973,1155.965229019057
2018-10-10,Cuddalore,Virudhachalam,1728.9999999999998,1103.7363508716226,1100.3838821314275,1187.337305676192,1143.009390309453,1133.6167322471738
2015-02-11,Cuddalore,Virudhachalam,2120.0,1103.2325068488717,1094.4568091072142,1186.1789340153337,1146.1274776607752,1132.4989319080487
2018-02-16,Cuddalore,Virudhachalam,1825.0000000000002,1118.9368195366114,1124.1869212128222,1202.438952960074,1166.3432522676885,1152.976486494299
2015-02-06,Cuddalore,Virudhachalam,1598.0000000000002,1110.2331488393247,1121.8471817206591,1189.0474473126233,1134.7491382621229,1138.9692290336825
2018-01-30,Cuddalore,Virudhachalam,1756.0,1098.154565691948,1086.1857840791345,1179.2683430947363,1129.735696874559,1123.3360974350944
2018-10-23,Cuddalore,Virudhachalam,1686.0,1106.5410549752414,1082.9117647372186,1185.722877830267,1147.9731102474034,1130.7872019475326
2018-06-27,Cuddalore,Virudhachalam,1750.0,1112.1039874386042,1105.3499500267208,1200.288500264287,1176.6561714932323,1148.599652305711
2015-03-02,Cuddalore,Virudhachalam,1485.0,1124.6131445281208,1130.4072817321867,1215.8482754603028,1176.6108697280288,1161.8698928621598
2018-05-30,Cuddalore,Virudhachalam,1750.0,1134.5400319434702,1150.7481886539608,1233.9495073072612,1199.3623001500964,1179.6500070136972
2016-02-08,Cuddalore,Virudhachalam,2100.0,1129.9508802592754,1131.7592908162624,1234.4044585712254,1201.0837672278285,1174.299599218648
2016-02-05,Cuddalore,Virudhachalam,1600.0,1134.1168471612036,1156.9532183930278,1243.1106843985617,1207.8933959826827,1185.518536483869
2015-08-05,Cuddalore,Virudhachalam,1521.0,1130.3333210758865,1133.5032016038895,1240.5951933935285,1187.1552699245512,1172.896746499464
2018-07-30,Cuddalore,Virudhachalam,1825.0000000000002,1137.2506796382368,1151.5301275067031,1252.268961071968,1199.6139459311962,1185.165928537026
2015-08-19,Cuddalore,Virudhachalam,1760.0,1122.6276703644544,1149.4318132754415,1234.7328963689506,1154.1186814196408,1165.2277653571218
2016-03-07,Cuddalore,Virudhachalam,1750.0,1116.2861138116568,1177.6037794537842,1229.9248321913183,1161.0415645875037,1171.2140725110658
2018-10-11,Cuddalore,Virudhachalam,1599.0,1112.7743983175606,1184.803721588105,1238.5052351281047,1154.8454432748258,1172.732199577149
2015-07-17,Cuddalore,Virudhachalam,1688.0,1180.5030924268067,1157.1786222979426,1263.8314079493284,1105.5126496590674,1176.7564430832863
2016-04-21,Cuddalore,Virudhachalam,1639.0,1261.173105891794,1174.905562121421,1294.1654975526035,1061.6050877142698,1197.962313320022
2016-04-26,Cuddalore,Virudhachalam,1600.0,1346.1567313410342,1226.9731735810637,1312.043535336852,1025.3600845579058,1227.633381204214
2015-09-18,Cuddalore,Virudhachalam,1825.0000000000002,1424.1435820236802,1276.2298657558858,1326.9614894874394,970.3668491914868,1249.425446614623
2017-08-02,Cuddalore,Virudhachalam,1819.0,1494.0946177579463,1349.723416659981,1326.7434056848288,894.4582169875503,1266.2549142725766
2018-09-10,Cuddalore,Virudhachalam,1781.0,1558.3644254133105,1408.747335150838,1333.0621732398868,883.4507167339325,1295.906162634492
2017-08-10,Cuddalore,Virudhachalam,1750.0,1630.529170576483,1452.3599522188306,1344.4619204849005,871.8919989652932,1324.8107605613768
2016-08-16,Cuddalore,Virudhachalam,1600.0,1694.0546757541597,1511.7161757312715,1354.0415864437819,878.0578730627894,1359.4675777480006
