Price_Date,District_Name,Market_Name,Actual_Price,GRU_General_Pred,GRU_Optimized_Pred,LSTM_General_Pred,LSTM_Optimized_Pred,ENSEMBLE_(Average)_Pred
2024-06-22,Thiruvannamalai,Thiruvannamalai,6000.0,5656.5649247169495,6122.624579071999,6057.620747983456,6216.183567643166,6013.248454853892
2024-06-24,Thiruvannamalai,Thiruvannamalai,6000.0,5732.59873688221,6134.247109293938,6117.366359829903,6232.285198271275,6054.124351069331
2024-06-23,Thiruvannamalai,Thiruvannamalai,3000.0,5653.826348185539,6037.8143763542175,6033.2724514603615,6183.797068297863,5977.177561074495
2024-07-10,Thiruvannamalai,Thiruvannamalai,3000.0,5664.585517644882,6000.310536921024,6030.463435351849,6145.420825183392,5960.195078775287
2024-07-08,Thiruvannamalai,Thiruvannamalai,6000.0,5672.6827374100685,5992.05054461956,6138.565340936184,6158.662513792515,5990.490284189582
2024-07-09,Thiruvannamalai,Thiruvannamalai,6000.0,5714.472920298576,6037.811520695686,6175.109679102898,6197.981600165367,6031.343930065632
2024-07-11,Thiruvannamalai,Thiruvannamalai,3000.0,5980.548903942108,6182.265959382057,6334.118457436562,6305.733211636543,6200.666633099318
2024-07-12,Thiruvannamalai,Thiruvannamalai,8000.0,6017.391658425331,6098.789349198341,6300.940464735031,6227.500066459179,6161.155384704471
2024-07-14,Thiruvannamalai,Thiruvannamalai,8000.0,5909.79710817337,6050.867591500282,6223.237520158291,6205.4672330617905,6097.3423632234335
2024-07-15,Thiruvannamalai,Thiruvannamalai,6000.0,5902.026861310005,6114.999018907547,6191.361707746983,6239.944074451923,6112.0829156041145
2024-07-16,Thiruvannamalai,Thiruvannamalai,6000.0,6179.255143404007,6229.409074187279,6267.757712602615,6293.033146262169,6242.3637691140175
2024-07-13,Thiruvannamalai,Thiruvannamalai,7000.0,6194.18547809124,6207.599458098412,6205.420590639114,6253.510832190514,6215.17908975482
2024-07-01,Thiruvarur,Thiruvarur,6000.0,5787.276030778885,6096.893191933632,5986.178358793259,6199.471302032471,6017.4547208845615
2024-07-02,Thiruvarur,Thiruvarur,8000.0,5584.866954088211,6055.142036378384,5833.570063114166,6157.62686163187,5907.801478803158
2024-07-03,Thiruvarur,Thiruvarur,7000.0,5492.789576351643,6098.780782222748,5889.656624495983,6182.039886415005,5915.816717371345
2024-07-04,Thiruvarur,Thiruvarur,6500.0,5504.873295426369,6141.430994272232,5981.535058021545,6209.597467184067,5959.359203726053
2024-07-05,Thiruvarur,Thiruvarur,3500.0,5636.978914737701,6261.101172566414,6094.876145124435,6287.766835987568,6070.18076710403
2024-07-06,Thiruvarur,Thiruvarur,3000.0,5749.706035256386,6256.40932559967,6068.99198025465,6259.137431383133,6083.56119312346
2024-07-07,Thiruvarur,Thiruvarur,6500.0,5862.074294686317,6239.378654062748,6091.807740032673,6221.197152137756,6103.614460229874
2024-06-18,Thiruvarur,Thiruvarur,8000.0,5795.7102182507515,6151.981700658798,6097.093088030815,6171.107949614525,6053.973239138722
2024-06-19,Thiruvarur,Thiruvarur,5500.0,5690.146517157555,6136.22988820076,6031.377246081829,6149.332601428032,6001.771563217044
2024-06-20,Thiruvarur,Thiruvarur,7000.0,5918.355992734432,6188.786379694939,6098.848366141319,6167.179039418697,6093.292444497347
2024-06-21,Thiruvarur,Thiruvarur,4000.0,5832.443981766701,6111.166725158691,6032.737015485764,6128.155037760735,6026.125690042973
2024-06-22,Thiruvarur,Thiruvarur,6000.0,5882.3394754529,6090.309947133064,6078.7226366996765,6170.054687559605,6055.356686711311
2024-06-23,Thiruvarur,Thiruvarur,6000.0,5974.249321222305,6135.057164430618,6134.273286163807,6213.390733599663,6114.242626354098
2024-06-24,Thiruvarur,Thiruvarur,3000.0,5904.387539029121,6113.917676210403,6133.518440425396,6201.853873133659,6088.419382199645
2024-06-25,Thiruvarur,Thiruvarur,6000.0,5689.881892800331,5985.499663949013,6030.072686076164,6111.070584654808,5954.131206870079
2024-06-26,Thiruvarur,Thiruvarur,3000.0,5763.50172162056,6063.946507573128,6145.497927963734,6211.948626041412,6046.223695799708
2024-06-27,Thiruvarur,Thiruvarur,6000.0,5675.585038363934,5953.990327715874,6126.170355081558,6149.950851500034,5976.42414316535
2024-06-28,Thiruvarur,Thiruvarur,8000.0,5564.2990735173225,5913.7436282634735,6078.13151538372,6150.084115564823,5926.564583182335
2024-06-29,Thiruvarur,Thiruvarur,7000.0,5525.834304988384,5994.537823200226,6117.917501926422,6224.997081756592,5965.821677967906
2024-06-30,Thiruvarur,Thiruvarur,6000.0,5703.900796473026,6102.011007964611,6152.7941355109215,6251.861213445663,6052.641788348556
2024-07-08,Thiruvarur,Thiruvarur,6000.0,5960.990498661995,6227.649036645889,6210.789704620838,6293.678525090218,6173.276941254735
2024-07-09,Thiruvarur,Thiruvarur,7000.0,5924.343356788158,6193.503927588463,6142.079228758812,6246.689139902592,6126.653913259506
2024-07-10,Thiruvarur,Thiruvarur,3000.0,5604.128846824169,6094.149855971336,5943.549564182758,6183.802303671837,5956.407642662525
2024-07-11,Thiruvarur,Thiruvarur,8000.0,5594.720403850079,6067.477053403854,5950.2389442920685,6150.404425263405,5940.710206702352
2024-07-12,Thiruvarur,Thiruvarur,6000.0,5487.651294767857,6048.189935684204,5993.533583283424,6153.820744752884,5920.798889622092
2024-07-13,Thiruvarur,Thiruvarur,6000.0,5507.66660541296,6081.8657648563385,5950.422658324242,6160.030374228954,5924.996350705624
2024-07-14,Thiruvarur,Thiruvarur,8000.0,5775.886236727238,6264.585551917553,6187.216243445873,6300.780071914196,6132.117026001215
2024-07-15,Thiruvarur,Thiruvarur,6000.0,5705.014027357101,6234.702513217926,6117.752349674702,6266.149976849556,6080.904716774821
2024-07-16,Thiruvarur,Thiruvarur,6000.0,5779.6014484763145,6251.551850438118,6084.307352900505,6247.682433128357,6090.785771235824
2024-08-15,Villupuram,Tindivanam,6500.0,5712.556773424149,6203.636755943298,6067.780229151249,6208.387143909931,6048.090225607157
2024-08-03,Villupuram,Tindivanam,3000.0,5677.080927491188,6097.509062290192,5939.677291214466,6129.903176724911,5961.042614430189
2024-08-04,Villupuram,Tindivanam,8000.0,5901.669903993607,6153.509477972984,6072.414011061192,6195.589510202408,6080.795725807548
2024-08-05,Villupuram,Tindivanam,4000.0,5770.4761916399,6098.48188996315,6085.912708938122,6206.897442042828,6040.442058146
2024-07-28,Villupuram,Tindivanam,7000.0,5700.484952926636,6066.910205185413,6088.519449234009,6181.699111163616,6009.4034296274185
2024-07-01,Namakkal,Tiruchengode,3000.0,5693.974527418613,6084.557223021984,6121.234825253487,6208.321939706802,6027.022128850222
2024-07-02,Namakkal,Tiruchengode,7000.0,5741.388929784298,6082.391206026077,6150.228326320648,6193.947506546974,6041.988992169499
2024-07-03,Namakkal,Tiruchengode,5000.0,5612.925702929497,6070.903843641281,6076.455719769001,6202.251761555672,5990.634256973863
2024-07-04,Namakkal,Tiruchengode,8000.0,5875.88663905859,6189.7668224573135,6163.79127651453,6258.408286571503,6121.963256150484
2024-07-05,Namakkal,Tiruchengode,6000.0,5784.456067979336,6165.050145983696,6112.0443642139435,6235.731502175331,6074.320520088077
2024-07-06,Namakkal,Tiruchengode,3000.0,5636.886105835438,6089.383761882782,5937.847765982151,6169.733425974846,5958.462764918804
2024-07-07,Namakkal,Tiruchengode,6000.0,5721.7067793011665,6086.313453018665,5956.131119728088,6152.725599706173,5979.219237938523
2024-06-18,Namakkal,Tiruchengode,5500.0,5845.830833017826,6165.904939770699,6168.86673361063,6252.440912127495,6108.260854631662
2024-06-19,Namakkal,Tiruchengode,7000.0,5896.005705296993,6137.384526133537,6216.566701829433,6219.018284678459,6117.243804484606
2024-06-20,Namakkal,Tiruchengode,6000.0,5721.543054878712,6045.020154714584,6103.823399245739,6156.921513974667,6006.827030703425
2024-06-21,Namakkal,Tiruchengode,6000.0,5780.719914734364,6104.117056131363,6147.531632781029,6215.447759628296,6061.954090818763
2024-06-22,Namakkal,Tiruchengode,6000.0,5930.77287197113,6141.757491230965,6175.676527321339,6209.755480289459,6114.490592703223
2024-06-23,Namakkal,Tiruchengode,6000.0,5817.2751995921135,6140.926970541477,6199.963903129101,6237.225011587143,6098.847771212459
2024-06-24,Namakkal,Tiruchengode,8000.0,5745.835666060448,6088.231027722359,6111.654566824436,6181.742897927761,6031.866039633751
2024-06-25,Namakkal,Tiruchengode,8000.0,5472.720960080624,5978.616099059582,5948.819206058979,6106.533419191837,5876.672421097755
2024-06-26,Namakkal,Tiruchengode,6000.0,5523.287057578564,6036.183795332909,5911.18115067482,6140.361074209213,5902.753269448876
2024-06-27,Namakkal,Tiruchengode,8000.0,5639.729865789413,6108.9316964149475,6059.428855776787,6210.111961662769,6004.550594910979
2024-06-28,Namakkal,Tiruchengode,6500.0,5668.9199313521385,6122.224310934544,6035.776863992214,6212.528324723244,6009.862357750535
2024-06-29,Namakkal,Tiruchengode,3000.0,5515.347374975681,6071.055193543434,5931.723330318928,6164.687001407146,5920.703225061297
2024-06-30,Namakkal,Tiruchengode,6000.0,5601.623482406139,6099.023989140987,5978.749839067459,6185.6779953837395,5966.268826499581
2024-08-16,Namakkal,Tiruchengode,8000.0,5876.381143927574,6274.000182151794,6161.788032054901,6312.6429533958435,6156.203077882528
2025-01-11,Namakkal,Tiruchengode,3000.0,5728.756924271584,6203.068479895592,6014.326584935188,6244.357494711876,6047.62737095356
2024-12-17,Namakkal,Tiruchengode,4000.0,5808.293201625347,6207.934522032738,6009.149751961231,6225.472072958946,6062.712387144566
2024-12-28,Namakkal,Tiruchengode,3500.0,5764.163758456707,6127.951334118843,6040.799967348576,6158.240352272987,6022.788853049278
2024-12-31,Namakkal,Tiruchengode,6000.0,5935.994919538498,6169.761982560158,6203.493973016739,6198.8487684726715,6127.0249108970165
2025-04-01,Namakkal,Tiruchengode,6000.0,5863.3978924155235,6085.066958069801,6074.84845995903,6125.311277806759,6037.1561470627785
2024-08-01,Namakkal,Tiruchengode,6000.0,5962.738161683083,6116.1546087265015,6135.593076348305,6161.058887243271,6093.88618350029
2025-02-01,Namakkal,Tiruchengode,6000.0,6109.063532650471,6174.648490250111,6234.047615528107,6186.603704690933,6176.090835779905
2025-01-01,Namakkal,Tiruchengode,7000.0,6066.572285592556,6156.18808567524,6212.819601893425,6197.709360718727,6158.322333469987
2025-07-01,Namakkal,Tiruchengode,6000.0,5873.253245949745,6057.536506056786,6083.846639990807,6149.466817378998,6041.025802344084
2025-03-01,Namakkal,Tiruchengode,8000.0,6000.189171433449,6129.580011367798,6125.832435488701,6210.9153535962105,6116.6292429715395
2025-05-01,Namakkal,Tiruchengode,8000.0,5661.48141682148,5988.133533000946,5998.5447880625725,6155.9900933504105,5951.037457808852
2024-10-01,Namakkal,Tiruchengode,7000.0,5521.962032020092,6009.8260670900345,5992.269478440285,6177.3132956027985,5925.342718288302
2024-09-01,Namakkal,Tiruchengode,6000.0,5427.296951711178,5962.063750326633,5866.790890693665,6112.072920799255,5842.056128382683
2025-04-02,Namakkal,Tiruchengode,7000.0,5503.620613217354,6040.946081876755,6005.0280848145485,6174.553777575493,5931.0371393710375
2024-08-02,Namakkal,Tiruchengode,5000.0,5336.797325313091,5996.083686351776,5915.635502040386,6174.543306827545,5855.7649551332
2025-02-02,Namakkal,Tiruchengode,6000.0,5533.609787225723,6115.946145653725,6029.74999666214,6230.317173600197,5977.405775785446
2025-01-02,Namakkal,Tiruchengode,5500.0,5670.934122502804,6180.377893149853,6091.038616001606,6269.961805045605,6053.078109174967
2025-07-02,Namakkal,Tiruchengode,10000.0,5777.562984228134,6170.206513404846,6094.072277247906,6219.501366913319,6065.335785448551
2025-03-02,Namakkal,Tiruchengode,6000.0,5769.347730576992,6223.633980751038,6141.505241394043,6275.190039873123,6102.419248148799
2025-05-02,Namakkal,Tiruchengode,6000.0,5583.132141530514,6012.305730581284,5921.333016753197,6096.875582039356,5903.411617726088
2024-10-02,Namakkal,Tiruchengode,5000.0,5709.961455762386,6107.218777239323,6030.773274302483,6173.814162015915,6005.441917330027
2024-09-02,Namakkal,Tiruchengode,6000.0,5824.533331692219,6141.617563962936,6109.678451120853,6203.940407633781,6069.9424386024475
2025-04-03,Namakkal,Tiruchengode,7000.0,5647.678115367889,6054.8902624845505,5971.928622722626,6154.852113425732,5957.337278500199
2024-08-03,Namakkal,Tiruchengode,3000.0,5699.149932563305,6070.122345089912,5958.077726960182,6173.971699178219,5975.330425947905
2024-12-03,Namakkal,Tiruchengode,3000.0,5743.893818259239,6047.6521199941635,6010.539981722832,6150.313996076584,5988.099979013205
2025-02-03,Namakkal,Tiruchengode,8000.0,5867.360594570637,6099.1234612464905,6204.028933048248,6213.932356834412,6096.111336424947
2025-01-03,Namakkal,Tiruchengode,6000.0,5890.214905738831,6143.494683504105,6210.513181686401,6247.270742356777,6122.873378321528
2025-07-03,Namakkal,Tiruchengode,3000.0,6069.747777879238,6295.055904388428,6279.001868069172,6335.238351523876,6244.7609754651785
2025-06-03,Namakkal,Tiruchengode,4000.0,5996.7171666026115,6185.046418905258,6148.884263038635,6232.498896718025,6140.786686316133
2025-03-03,Namakkal,Tiruchengode,6000.0,6008.993642628193,6127.828540802002,6086.889344155788,6178.783483803272,6100.623752847314
2025-05-03,Namakkal,Tiruchengode,8000.0,5891.911166906357,6084.10793274641,6004.917666018009,6151.227330863476,6033.041024133563
2024-10-03,Namakkal,Tiruchengode,3000.0,6047.502673864365,6169.517823755741,6090.098152458668,6215.374464392662,6130.623278617859
2024-09-03,Namakkal,Tiruchengode,6000.0,5928.17374676466,6125.069022774696,6173.561436235905,6190.950492918491,6104.438674673438
2025-04-04,Namakkal,Tiruchengode,4000.0,6011.9116497039795,6115.90235888958,6238.2535246014595,6205.828949809074,6142.974120751023
2024-08-04,Namakkal,Tiruchengode,8000.0,6137.230320572853,6146.24468266964,6339.77456510067,6232.703552246094,6213.988280147314
2025-02-04,Namakkal,Tiruchengode,8000.0,6014.185229837894,6103.516891896725,6202.3778864741325,6190.048580765724,6127.532147243619
2025-01-04,Namakkal,Tiruchengode,6000.0,5810.670061409473,6084.758546948433,6132.892575263977,6178.617379665375,6051.7346408218145
2025-07-04,Namakkal,Tiruchengode,5000.0,5792.266294062138,6123.763034939766,6154.880194067955,6216.455807089806,6071.841332539916
2025-03-04,Namakkal,Tiruchengode,8000.0,5853.686273694038,6112.510788440704,6141.618991792202,6177.810656130314,6071.406677514315
2025-05-04,Namakkal,Tiruchengode,6000.0,5875.366433262825,6121.849743723869,6054.874556362629,6171.340209841728,6055.857735797763
2024-10-04,Namakkal,Tiruchengode,4000.0,5823.318248987198,6151.838917732239,6104.031862318516,6235.725790858269,6078.728704974055
2024-09-04,Namakkal,Tiruchengode,7000.0,5786.4160016179085,6113.885788023472,6111.869217157364,6219.7636115550995,6057.983654588461
2025-04-05,Namakkal,Tiruchengode,6000.0,5671.017412543297,6073.669548928738,5959.698313176632,6169.481176137924,5968.466612696648
2024-08-05,Namakkal,Tiruchengode,7000.0,5786.746306121349,6162.736110687256,6058.486488461494,6232.203812003136,6060.043179318309
2024-12-05,Namakkal,Tiruchengode,8000.0,5664.587897360325,6070.7510659098625,6014.507919251919,6168.240868449211,5979.521937742829
2025-02-05,Namakkal,Tiruchengode,4000.0,5577.567890882492,6086.283944547176,6074.089330732822,6185.910255610943,5980.962855443358
2025-01-05,Namakkal,Tiruchengode,7000.0,5586.941114068031,6023.582726120949,6000.812656879425,6098.509494662285,5927.4614979326725
2025-07-05,Namakkal,Tiruchengode,7000.0,5564.312399923801,6027.919519543648,5992.4089297652245,6109.772211909294,5923.603265285492
2025-03-05,Namakkal,Tiruchengode,6000.0,5740.898232460022,6075.810816884041,6008.155506849289,6147.637292146683,5993.125462085009
2025-05-05,Namakkal,Tiruchengode,3000.0,5615.16739487648,6065.670373439789,5950.6320732831955,6145.391316711903,5944.215289577842
2024-11-05,Namakkal,Tiruchengode,3000.0,5650.292946696281,6081.3070076704025,6004.389369189739,6165.278598666191,5975.316980555654
2024-10-05,Namakkal,Tiruchengode,3000.0,5818.826774060726,6128.005591630936,6148.160353600979,6216.910808682442,6077.975881993771
2024-09-05,Namakkal,Tiruchengode,6000.0,5932.1197909116745,6085.092658996582,6170.593931078911,6172.335882782936,6090.035565942526
2025-04-06,Namakkal,Tiruchengode,5500.0,5925.259071290493,6127.919921875,6307.571303844452,6265.424163639545,6156.543615162373
2024-08-06,Namakkal,Tiruchengode,10000.0,5921.381087005138,6093.345512151718,6293.267786204815,6234.235137104988,6135.557380616665
2024-12-06,Namakkal,Tiruchengode,6000.0,6061.528240740299,6191.6401344537735,6273.932598233223,6293.575721383095,6205.169173702598
2025-02-06,Namakkal,Tiruchengode,6000.0,5897.015180587769,6064.682315587997,6150.592422783375,6184.882218539715,6074.293034374714
2025-01-06,Namakkal,Tiruchengode,6000.0,5597.000171244144,5919.373083114624,5901.695128977299,6086.680405139923,5876.187197118998
2025-03-06,Namakkal,Tiruchengode,6500.0,5783.381388485432,6064.0859588980675,6098.116841614246,6227.326347231865,6043.227634057403
2025-05-06,Namakkal,Tiruchengode,8000.0,5560.4072868824005,5912.598509192467,6012.262895703316,6124.12475168705,5902.348360866308
2024-11-06,Namakkal,Tiruchengode,6000.0,5627.1725833415985,6032.942622900009,6066.050176024437,6205.511971712112,5982.919338494539
2024-09-06,Namakkal,Tiruchengode,10000.0,5595.856480002403,6047.571209669113,6089.764516353607,6218.7060660123825,5987.9745680093765
2025-04-07,Namakkal,Tiruchengode,3000.0,5362.506343126297,5985.788085460663,5963.497766852379,6172.656668424606,5871.112215965986
2024-08-07,Namakkal,Tiruchengode,6000.0,5366.197757720947,5973.201294541359,5953.239289522171,6162.6247400045395,5863.815770447254
2024-12-07,Namakkal,Tiruchengode,3000.0,5517.511488199234,6081.934776604176,6072.448278963566,6242.655522227287,5978.637516498566
2025-02-07,Namakkal,Tiruchengode,7000.0,5656.122773587704,6071.263180673122,6080.115722119808,6210.040094256401,6004.385442659259
2025-01-07,Namakkal,Tiruchengode,3000.0,5826.203891932964,6108.9916652441025,6134.991484284401,6245.985220074654,6079.04306538403
2025-07-07,Namakkal,Tiruchengode,7000.0,5956.3443422317505,6113.3751010894775,6186.881655454636,6231.41802996397,6122.0047821849585
2025-06-07,Namakkal,Tiruchengode,3000.0,6088.586081266403,6112.704021334648,6199.520324170589,6234.5283180475235,6158.834686204791
2025-03-07,Namakkal,Tiruchengode,7000.0,5982.389851808548,6064.4871789216995,6193.591025173664,6196.198717355728,6109.16669331491
2025-05-07,Namakkal,Tiruchengode,8000.0,5915.724503397942,6068.555540442467,6142.301018238068,6215.771876871586,6085.588234737515
2024-11-07,Namakkal,Tiruchengode,6500.0,5945.492839813232,6136.554481387138,6173.321084976196,6265.459383428097,6130.206947401166
2024-09-07,Namakkal,Tiruchengode,8000.0,5818.844383955002,6038.820520043373,6038.4026420116425,6164.429992139339,6015.124384537339
2025-04-08,Namakkal,Tiruchengode,8000.0,5870.6441259384155,6086.5814089775085,6016.177527606487,6194.413930773735,6041.954248324037
2024-08-08,Namakkal,Tiruchengode,6000.0,5869.656544029713,6139.319710731506,6109.749842584133,6249.61952149868,6092.086404711008
2024-12-08,Namakkal,Tiruchengode,7000.0,5689.706269800663,6080.2109107375145,5954.274941682816,6174.462396502495,5974.663629680872
2025-02-08,Namakkal,Tiruchengode,10000.0,5419.273027181625,6033.670815825462,5923.427166342735,6167.3018327355385,5885.91821052134
2025-01-08,Namakkal,Tiruchengode,5500.0,5366.073536574841,6073.196461498737,5893.861581683159,6172.300662994385,5876.35806068778
2024-07-08,Namakkal,Tiruchengode,8000.0,5539.836074709892,6138.144607245922,6027.2279742360115,6220.194815993309,5981.350868046284
2025-07-08,Namakkal,Tiruchengode,3000.0,5551.472883224487,6132.133921980858,5948.886314034462,6205.727097988129,5959.555054306984
2025-03-08,Namakkal,Tiruchengode,6000.0,5677.696321904659,6146.267527937889,5988.056430220604,6221.666432023048,6008.42167802155
2025-05-08,Namakkal,Tiruchengode,6000.0,5837.944456040859,6212.414098381996,6098.51758569479,6256.615884900093,6101.373006254435
2024-11-08,Namakkal,Tiruchengode,4000.0,5901.492377221584,6248.648597598076,6162.404854297638,6282.143568396568,6148.672349378467
2024-10-08,Namakkal,Tiruchengode,6000.0,5881.803087592125,6174.906927347183,6018.491562902927,6203.495876789093,6069.674363657832
2024-09-08,Namakkal,Tiruchengode,6000.0,6103.293674588203,6295.9135538339615,6128.114106655121,6305.425752401352,6208.186771869659
2025-04-09,Namakkal,Tiruchengode,6000.0,6100.571756064892,6294.165890812874,6163.1082981824875,6294.180645048618,6213.006647527218
2024-08-09,Namakkal,Tiruchengode,6000.0,6059.389828443527,6229.926900267601,6120.950211286545,6228.041213750839,6159.577038437128
2024-12-09,Namakkal,Tiruchengode,5000.0,6038.622527718544,6219.1120454669,6123.1295546889305,6241.355245709419,6155.554843395948
2025-02-09,Namakkal,Tiruchengode,8000.0,6006.326457560062,6172.726156115532,6149.5686691999435,6207.741289138794,6134.090643003583
2025-01-09,Namakkal,Tiruchengode,6000.0,5868.597094714642,6093.205108940601,6102.372724711895,6172.7418622374535,6059.229197651148
2024-07-09,Namakkal,Tiruchengode,4000.0,5958.241927325726,6149.155550599098,6175.294345021248,6237.452512383461,6130.036083832383
2025-07-09,Namakkal,Tiruchengode,4000.0,5837.675548195839,6053.90506029129,6173.053604960442,6194.728053212166,6064.840566664934
2025-03-09,Namakkal,Tiruchengode,6000.0,5777.740035057068,5970.1723927259445,6114.629687070847,6120.443807840347,5995.746480673552
2025-05-09,Namakkal,Tiruchengode,7000.0,5472.129362821579,5906.693007349968,5996.280726790428,6106.209301948547,5870.328099727631
2024-11-09,Namakkal,Tiruchengode,8000.0,5709.23754632473,6026.687778830528,6069.130003750324,6160.076540708542,5991.282967403531
2024-10-09,Namakkal,Tiruchengode,6000.0,5755.666746497154,6138.815211057663,6105.631982982159,6201.038582623005,6050.288130789995
2024-09-09,Namakkal,Tiruchengode,6500.0,5709.343681633472,6175.461876988411,6093.133241534233,6194.4967448711395,6043.108886256814
2024-08-10,Namakkal,Tiruchengode,5500.0,5558.701506853104,6056.871137619019,5939.586386084557,6118.4667402505875,5918.406442701817
2024-12-10,Namakkal,Tiruchengode,7000.0,5672.3272079229355,6167.379411458969,6060.3464740514755,6188.038197159767,6022.022822648287
2025-02-10,Namakkal,Tiruchengode,8000.0,5547.671525776386,6133.378989100456,5943.106937110424,6169.274140894413,5948.35789822042
2025-01-10,Namakkal,Tiruchengode,7000.0,5512.304194867611,6150.49675822258,5978.461893498898,6185.544255375862,5956.701775491238
2024-07-10,Namakkal,Tiruchengode,6000.0,5457.128112614155,6130.372932553291,5960.29514580965,6160.634821951389,5927.1077532321215
2025-07-10,Namakkal,Tiruchengode,6000.0,5607.119673192501,6229.74889755249,6046.154327094555,6220.078685879707,6025.775395929813
2025-03-10,Namakkal,Tiruchengode,6000.0,5440.175019800663,6130.232053399086,5902.79979288578,6161.067454218864,5908.568580076098
2024-11-10,Namakkal,Tiruchengode,3000.0,5505.833272635937,6192.948026061058,5955.804146826267,6219.680797457695,5968.566560745239
2024-10-10,Namakkal,Tiruchengode,6000.0,5562.612331211567,6122.2752368450165,5923.108284473419,6141.169701516628,5937.291388511658
2024-09-10,Namakkal,Tiruchengode,5000.0,5694.580402970314,6180.520676076412,6024.665020704269,6181.345485448837,6020.277896299958
2025-04-11,Namakkal,Tiruchengode,6000.0,5791.219695210457,6189.916268587112,6093.18607121706,6217.372473478317,6072.923627123237
2024-08-11,Namakkal,Tiruchengode,8000.0,5888.596223294735,6220.412797927856,6155.700719952583,6228.187328279018,6123.224267363548
2025-02-11,Namakkal,Tiruchengode,5000.0,5758.782269954681,6140.391058623791,6105.510141551495,6176.683146953583,6045.341654270887
2024-07-11,Namakkal,Tiruchengode,6000.0,5727.6679664850235,6097.9002875089645,6102.480287849903,6127.094636559486,6013.785794600844
2025-07-11,Namakkal,Tiruchengode,10000.0,5775.097599029541,6081.015730500221,6115.931867361069,6123.810629248619,6023.9639565348625
2025-06-11,Namakkal,Tiruchengode,3000.0,5817.810635566711,6141.768913865089,6140.8789002895355,6180.96853852272,6070.356747061014
2025-03-11,Namakkal,Tiruchengode,8000.0,5687.651147544384,5992.413213253021,6022.488057017326,6064.973592758179,5941.881502643228
2025-05-11,Namakkal,Tiruchengode,3500.0,5526.547743678093,5948.078638613224,5944.900290668011,6059.939066767693,5869.866434931755
2024-09-11,Namakkal,Tiruchengode,8000.0,5531.934943497181,5915.834922194481,5961.15089148283,6051.55866086483,5865.1198545098305
2025-04-12,Namakkal,Tiruchengode,8000.0,5514.1941648721695,5975.7809060812,5975.957005023956,6112.311844229698,5894.560980051756
2024-08-12,Namakkal,Tiruchengode,6000.0,5500.501758158207,6032.1011555194855,5999.341992735863,6180.016176402569,5927.990270704031
2024-12-12,Namakkal,Tiruchengode,7000.0,5404.698697924614,6057.131954431534,5865.1879143714905,6162.4967113137245,5872.378819510341
2025-02-12,Namakkal,Tiruchengode,4000.0,5569.854281246662,6157.515966892242,5913.065409362316,6208.674613535404,5962.277567759156
2025-01-12,Namakkal,Tiruchengode,3000.0,5707.4936908483505,6209.506086111069,6025.465081036091,6231.138651371002,6043.400877341628
2024-07-12,Namakkal,Tiruchengode,3000.0,5804.360007941723,6205.366333127022,6073.063673377037,6198.514656424522,6070.326167717576
2025-07-12,Namakkal,Tiruchengode,6000.0,5773.398958146572,6134.447481334209,6074.397265911102,6115.18273293972,6024.356609582901
2025-06-12,Namakkal,Tiruchengode,3000.0,5617.903115749359,6067.755004167557,6026.334153115749,6074.761362373829,5946.6884088516235
2025-03-12,Namakkal,Tiruchengode,7000.0,5817.543155550957,6080.25136590004,6132.659839093685,6091.968132853508,6030.605623349547
2025-05-12,Namakkal,Tiruchengode,5000.0,6024.884430468082,6104.471633732319,6240.431916117668,6133.480364978313,6125.817086324096
2024-11-12,Namakkal,Tiruchengode,6000.0,5945.850749015808,6087.097331285477,6332.774870097637,6159.345016181469,6131.266991645098
2024-10-12,Namakkal,Tiruchengode,6000.0,5861.101942956448,5998.709464371204,6093.49733799696,6080.185685753822,6008.3736077696085
2024-09-12,Namakkal,Tiruchengode,7000.0,5899.688076972961,6058.341325819492,6178.844404518604,6164.750301837921,6075.406027287245
2024-08-13,Namakkal,Tiruchengode,7000.0,5950.151370763779,6025.688298344612,6037.564982175827,6128.423469662666,6035.457030236721
2024-12-13,Namakkal,Tiruchengode,5500.0,5862.02812820673,5992.9310393333435,6017.088482677937,6115.575385987759,5996.905759051442
2025-02-13,Namakkal,Tiruchengode,6000.0,5857.854583263397,5978.622762262821,6137.378338873386,6154.005886614323,6031.965392753482
2025-01-13,Namakkal,Tiruchengode,8000.0,5683.5180577635765,5925.6060338020325,6018.518215715885,6125.787696838379,5938.357501029968
2024-07-13,Namakkal,Tiruchengode,3500.0,5560.069843232632,5947.653621435165,6023.490393161774,6153.201542794704,5921.103850156069
2025-07-13,Namakkal,Tiruchengode,4000.0,5650.450959801674,6009.747536480427,6074.606680870056,6173.592848479748,5977.099506407976
2025-06-13,Namakkal,Tiruchengode,6000.0,5677.999497652054,6001.5903478860855,6073.580547571182,6123.758751451969,5969.232286140323
2025-05-13,Namakkal,Tiruchengode,6000.0,5787.810514867306,6114.385052323341,6169.047591984272,6199.372305870056,6067.653866261244
2024-11-13,Namakkal,Tiruchengode,3000.0,5571.592901349068,5989.58087593317,6013.851593732834,6106.603382825851,5920.407188460231
2024-09-13,Namakkal,Tiruchengode,3000.0,5811.207877099514,6073.592922091484,6122.075340747833,6155.339003205299,6040.553785786033
2025-04-14,Namakkal,Tiruchengode,3000.0,5886.185571551323,6045.497049689293,6224.6520230174065,6129.832737147808,6071.541845351458
2024-08-14,Namakkal,Tiruchengode,6000.0,5944.143065214157,6014.630236625671,6272.6865792274475,6107.772299051285,6084.80804502964
2024-12-14,Namakkal,Tiruchengode,6000.0,6077.9444697499275,6084.892762899399,6389.179361462593,6199.708321690559,6187.93122895062
2025-02-14,Namakkal,Tiruchengode,8000.0,6179.653507769108,6117.967475950718,6400.551545619965,6233.774900138378,6232.986857369542
2025-01-14,Namakkal,Tiruchengode,6000.0,6006.926621794701,6038.595874905586,6234.610180258751,6177.03724861145,6114.292481392622
2024-07-14,Namakkal,Tiruchengode,6000.0,5781.283431351185,5866.7756605148315,6022.421424984932,6053.867936730385,5931.087113395333
2025-06-14,Namakkal,Tiruchengode,6000.0,5866.113623678684,5886.756703257561,6064.001716971397,6077.122040092945,5973.498521000147
2025-03-14,Namakkal,Tiruchengode,6000.0,5871.976290643215,5937.157172560692,6169.946648478508,6132.947784662247,6028.006974086165
2025-05-14,Namakkal,Tiruchengode,8000.0,5716.81170463562,5905.411768555641,6191.101842820644,6139.387294650078,5988.178152665496
2024-11-14,Namakkal,Tiruchengode,8000.0,5569.431643784046,5922.996913790703,6042.938379645348,6133.67930918932,5917.261561602354
2024-10-14,Namakkal,Tiruchengode,8000.0,5454.685572683811,5932.413447797298,5920.676691234112,6128.051282167435,5858.956748470664
2024-09-14,Namakkal,Tiruchengode,5500.0,5494.898004233837,6059.578301906586,6046.281403899193,6221.981982290745,5955.68492308259
2025-04-15,Namakkal,Tiruchengode,5000.0,5438.4820902347565,6006.906156241894,6054.77365642786,6172.418220937252,5918.145030960441
2024-08-15,Namakkal,Tiruchengode,8000.0,5494.041782617569,6058.461739420891,6041.081249713898,6175.269120037556,5942.213472947478
2025-02-15,Namakkal,Tiruchengode,10000.0,5473.927475810051,6055.481383800507,5983.857660293579,6158.232737183571,5917.874814271927
2025-01-15,Namakkal,Tiruchengode,3000.0,5681.1450055241585,6247.537746429443,6084.767589867115,6273.737461566925,6071.7969508469105
2024-07-15,Namakkal,Tiruchengode,3000.0,5679.508237242699,6129.627605676651,5987.57144421339,6158.24606359005,5988.738337680697
2025-07-15,Namakkal,Tiruchengode,8000.0,5687.3417845368385,6090.720210075378,5961.549731791019,6114.425031542778,5963.509189486504
2025-06-15,Namakkal,Tiruchengode,8000.0,5566.893915235996,6083.434949219227,5935.40760576725,6148.564429283142,5933.575224876404
2025-03-15,Namakkal,Tiruchengode,8000.0,5603.836141824722,6144.385648965836,5969.257630109787,6208.214376568794,5981.423449367285
2025-05-15,Namakkal,Tiruchengode,3000.0,5774.426043331623,6239.206838607788,6021.91311776638,6235.840969085693,6067.846742197871
2024-11-15,Namakkal,Tiruchengode,5000.0,6027.321735024452,6266.473618149757,6052.71901011467,6234.9357253313065,6145.3625221550465
2024-10-15,Namakkal,Tiruchengode,7000.0,6154.856872856617,6300.1294577121735,6104.474965333939,6252.041595876217,6202.8757229447365
2024-09-15,Namakkal,Tiruchengode,8000.0,5967.770307958126,6184.374387264252,6020.2530282735825,6167.547419369221,6084.986285716295
2025-04-16,Namakkal,Tiruchengode,7000.0,5828.289950489998,6183.54529440403,6010.977373421192,6159.228410124779,6045.51025711
2024-12-16,Namakkal,Tiruchengode,7000.0,5752.509340047836,6202.845738530159,6035.066756904125,6176.535604596138,6041.739360019565
2025-02-16,Namakkal,Tiruchengode,5000.0,5760.787894129753,6199.878709316254,6052.847514748573,6166.522713899612,6045.009208023548
2025-01-16,Namakkal,Tiruchengode,3500.0,5823.337286710739,6172.983165383339,6058.777289688587,6126.99944794178,6045.524297431111
2024-07-16,Namakkal,Tiruchengode,6000.0,5753.944308459759,6083.3540388941765,6060.555889010429,6109.9963811039925,6001.962654367089
2025-07-16,Namakkal,Tiruchengode,7000.0,5600.987622439861,6090.253785848618,6151.4491203427315,6161.957467794418,6001.161999106407
2025-06-16,Namakkal,Tiruchengode,8000.0,5477.114866673946,6019.777085185051,5961.521651148796,6099.731716513634,5889.536329880357
2025-05-16,Namakkal,Tiruchengode,6000.0,5513.432655930519,6049.53304708004,5869.175365567207,6104.68200057745,5884.205767288804
2024-11-16,Namakkal,Tiruchengode,7000.0,5387.454803884029,5992.88344502449,5764.014788269997,6065.138269066811,5802.372826561332
2024-10-16,Namakkal,Tiruchengode,6000.0,5420.003123879433,6013.527000546455,5885.564941763878,6121.26623749733,5860.090325921774
2024-09-16,Namakkal,Tiruchengode,7000.0,5568.186100721359,6088.725056648254,6056.537025570869,6183.705687224865,5974.288467541337
2025-04-17,Namakkal,Tiruchengode,6000.0,5762.2066804766655,6169.066153764725,6060.061384141445,6214.706240296364,6051.5101146698
2024-08-17,Namakkal,Tiruchengode,4000.0,5671.226351559162,6075.932658314705,5874.7781676054,6133.860167562962,5938.949336260557
2025-02-17,Namakkal,Tiruchengode,6000.0,5770.4961812496185,6096.49530351162,5935.982069075108,6148.548247218132,5987.880450263619
2025-01-17,Namakkal,Tiruchengode,6000.0,5873.288941681385,6176.931589245796,6132.129638493061,6236.316912174225,6104.666770398617
2024-07-17,Namakkal,Tiruchengode,7000.0,5723.5505828261375,6045.7859471440315,6030.698551237583,6140.810364484787,5985.211361423135
2025-07-17,Namakkal,Tiruchengode,3000.0,5667.942344248295,6056.603657603264,6055.714595913887,6169.032361805439,5987.323239892721
2025-06-17,Namakkal,Tiruchengode,6000.0,5712.764760553837,6039.614393115044,6085.218783915043,6143.798811137676,5995.3491871804
2025-03-17,Namakkal,Tiruchengode,5500.0,5807.934340536594,6104.054231643677,6065.928334593773,6169.9775847792625,6036.973622888327
2025-05-17,Namakkal,Tiruchengode,6000.0,5944.00599360466,6175.126813054085,6169.227974414825,6220.094392001629,6127.1137932688
2024-11-17,Namakkal,Tiruchengode,3000.0,5728.1362944841385,6061.511582732201,6002.161003649235,6151.61808013916,5985.8567402511835
2024-10-17,Namakkal,Tiruchengode,10000.0,5876.237409114838,6107.295404076576,6152.905030250549,6215.482503473759,6087.9800867289305
2024-09-17,Namakkal,Tiruchengode,8000.0,5978.076379597187,6231.171967387199,6290.833813250065,6310.316543579102,6202.599675953388
2025-04-18,Namakkal,Tiruchengode,8000.0,5681.733747124672,6086.738470196724,6062.06605643034,6185.863137245178,6004.1003527492285
2024-08-18,Namakkal,Tiruchengode,3000.0,5539.60667014122,6023.380926251411,5956.904527246952,6137.3954728245735,5914.321899116039
2025-02-18,Namakkal,Tiruchengode,6000.0,5478.580771386623,5979.845460057259,5970.009144246578,6088.435207307339,5879.21764574945
2025-01-18,Namakkal,Tiruchengode,5000.0,5581.000392436981,6076.719868183136,6134.6749821305275,6185.578047335148,5994.493322521448
2024-07-18,Namakkal,Tiruchengode,7000.0,5654.326564371586,6069.4284200668335,6156.862972974777,6166.001080274582,6011.654759421945
2025-07-18,Namakkal,Tiruchengode,4000.0,5628.991637825966,6091.366540789604,6151.1088210344315,6189.53123062849,6015.249557569623
2025-06-18,Namakkal,Tiruchengode,8000.0,5523.149985969067,5967.015938162804,6031.537638902664,6096.145961284637,5904.462381079793
2025-03-18,Namakkal,Tiruchengode,3500.0,5498.116807341576,5983.563527464867,6054.902161061764,6129.571920335293,5916.538604050875
2025-05-18,Namakkal,Tiruchengode,6000.0,5751.511287391186,6045.065845251083,6129.00887966156,6163.339606523514,6022.231404706836
2024-11-18,Namakkal,Tiruchengode,6000.0,5648.114555180073,5947.495608329773,6028.959455192089,6103.413612246513,5931.995807737112
2024-10-18,Namakkal,Tiruchengode,5000.0,5605.045989155769,6008.0350932478905,6005.269387960434,6144.660744071007,5940.752803608775
2024-09-18,Namakkal,Tiruchengode,7000.0,5735.017479658127,6073.234061002731,6137.393093109131,6201.472166776657,6036.7792001366615
2025-04-19,Namakkal,Tiruchengode,6000.0,5952.225530743599,6096.149768829346,6104.267454147339,6190.533566772938,6085.794080123305
2024-08-19,Namakkal,Tiruchengode,6500.0,5753.977148532867,6078.503702878952,6015.501688420773,6192.706722915173,6010.172315686941
2025-02-19,Namakkal,Tiruchengode,6000.0,5594.826063215733,6017.482087612152,5984.901403486729,6153.819316923618,5937.757217809558
2025-01-19,Namakkal,Tiruchengode,7000.0,5696.11151188612,6136.291760802269,6175.582766532898,6245.067601799965,6063.263410255313
2024-07-19,Namakkal,Tiruchengode,3000.0,5791.204465031624,6168.396025896072,6153.894515931606,6238.777537941933,6088.068136200309
2025-07-19,Namakkal,Tiruchengode,8000.0,5652.171018123627,6077.947801351547,6037.184227705002,6156.653558015823,5980.989151299
2025-06-19,Namakkal,Tiruchengode,5000.0,5588.122880756855,6083.6039090156555,5988.179223537445,6168.2703769207,5957.044097557664
2025-03-19,Namakkal,Tiruchengode,7000.0,5645.539227128029,6139.3744441866875,6105.40781378746,6229.772694706917,6030.023544952273
2025-05-19,Namakkal,Tiruchengode,8000.0,5752.817275226116,6173.644726276398,6144.565079510212,6237.423955798149,6077.112759202719
2024-11-19,Namakkal,Tiruchengode,5500.0,5527.238813042641,6098.505687117577,6054.061169624329,6179.688251614571,5964.873480349779
2024-10-19,Namakkal,Tiruchengode,8000.0,5619.701228737831,6111.865409612656,6055.002109110355,6147.897157073021,5983.616476133466
2024-09-19,Namakkal,Tiruchengode,7000.0,5576.624571681023,6094.084175825119,6013.422293066978,6153.841686248779,5959.493181705475
2025-04-20,Namakkal,Tiruchengode,3000.0,5624.272186160088,6104.545404911041,5982.339877784252,6169.831946194172,5970.247353762388
2024-08-20,Namakkal,Tiruchengode,5000.0,5703.787046074867,6087.875022292137,5980.0477358698845,6137.434024214745,5977.285957112908
2025-02-20,Namakkal,Tiruchengode,7000.0,5795.339934527874,6157.530245184898,6140.943628549576,6214.5572701096535,6077.092769593
2025-01-20,Namakkal,Tiruchengode,7000.0,5631.415615975857,6097.701343297958,6012.17722594738,6191.565887331963,5983.215018138289
2024-07-20,Namakkal,Tiruchengode,8000.0,5712.840435504913,6173.126900196075,6079.36325609684,6259.139335155487,6056.117481738329
2025-06-20,Namakkal,Tiruchengode,4000.0,5655.5145183205605,6153.959720134735,6018.632442057133,6220.841146707535,6012.236956804991
2025-03-20,Namakkal,Tiruchengode,6000.0,5663.89254450798,6145.418921411037,5984.3854811787605,6183.553861379623,5994.31270211935
2025-05-20,Namakkal,Tiruchengode,6000.0,5749.714126288891,6182.383993268013,5930.157477557659,6193.273571133614,6013.882292062044
2024-11-20,Namakkal,Tiruchengode,8000.0,5832.786660790443,6271.970760822296,6070.926212966442,6276.3204047083855,6113.001009821892
2024-10-20,Namakkal,Tiruchengode,3000.0,5989.331957697868,6342.542650103569,6134.565991163254,6313.990824222565,6195.107855796814
2024-09-20,Namakkal,Tiruchengode,5500.0,5968.17105203867,6238.802286982536,6043.098772466183,6209.043469429016,6114.778895229101
2025-04-21,Namakkal,Tiruchengode,5000.0,5872.216641902924,6196.033089160919,6115.132758915424,6179.522623419762,6090.726278349757
2024-08-21,Namakkal,Tiruchengode,3000.0,5901.384338140488,6163.252032995224,6138.658625781536,6139.8580023646355,6085.788249820471
2024-12-21,Namakkal,Tiruchengode,6000.0,5734.716207683086,6052.22640901804,6147.677747309208,6123.352296054363,6014.493165016174
2025-02-21,Namakkal,Tiruchengode,7000.0,5840.220415890217,6136.830528378487,6283.47192555666,6230.936375558376,6122.864811345935
2025-01-21,Namakkal,Tiruchengode,6500.0,5780.286330580711,6031.657100617886,6109.110175073147,6133.759267628193,6013.703218474984
2024-07-21,Namakkal,Tiruchengode,8000.0,5771.643204092979,5989.498537778854,6033.760769069195,6105.5010986328125,5975.10090239346
2025-07-21,Namakkal,Tiruchengode,4000.0,5864.375479519367,6067.855904102325,6143.0244517326355,6179.275608956814,6063.6328610777855
2025-06-21,Namakkal,Tiruchengode,3000.0,5946.562283933163,6044.811691641808,6151.290155351162,6160.2526396512985,6075.729192644358
2025-03-21,Namakkal,Tiruchengode,5500.0,5822.6024305820465,5976.206399202347,6183.875122964382,6151.348220407963,6033.508043289185
2025-05-21,Namakkal,Tiruchengode,3000.0,5983.579233586788,6065.199189782143,6289.362673163414,6216.822283267975,6138.74084495008
2024-11-21,Namakkal,Tiruchengode,6000.0,5886.084195673466,5991.343293190002,6233.419846594334,6171.393039524555,6070.560093745589
2024-10-21,Namakkal,Tiruchengode,6000.0,5946.127747893333,6046.469877362251,6296.148669719696,6243.38704675436,6133.03333543241
2024-09-21,Namakkal,Tiruchengode,8000.0,5535.708696246147,5887.593411207199,6086.591879725456,6145.248057842255,5913.785511255264
2025-04-22,Namakkal,Tiruchengode,8000.0,5596.59657150507,5983.218468725681,6067.869706451893,6189.482208490372,5959.291738793254
2024-08-22,Namakkal,Tiruchengode,7000.0,5563.148243129253,6012.095363736153,6068.500331044197,6198.499426245689,5960.560841038823
2024-12-22,Namakkal,Tiruchengode,7000.0,5621.468405425549,6074.642376601696,6113.289431333542,6221.737823486328,6007.784509211779
2025-02-22,Namakkal,Tiruchengode,5000.0,5642.202390134335,6049.890956282616,6016.238448321819,6167.109075784683,5968.860217630863
2025-01-22,Namakkal,Tiruchengode,4000.0,5770.759853720665,6133.427059352398,6077.295283377171,6223.917642831802,6051.349959820509
2024-07-22,Namakkal,Tiruchengode,8000.0,5772.583191692829,6090.848714709282,6092.351267039776,6197.898310124874,6038.42037089169
2025-06-22,Namakkal,Tiruchengode,7000.0,5679.427802860737,6081.131860613823,6067.905878126621,6183.046506047249,6002.8780119121075
2025-03-22,Namakkal,Tiruchengode,6000.0,5452.134993672371,5986.683810353279,5989.245336055756,6130.006932318211,5889.517768099904
2025-05-22,Namakkal,Tiruchengode,6000.0,5388.365758955479,5926.0638910532,5920.4839342832565,6065.621827244759,5825.133852884173
2024-11-22,Namakkal,Tiruchengode,4000.0,5402.361341416836,5962.062322497368,5873.513586819172,6089.090580940247,5831.7569579184055
2024-10-22,Namakkal,Tiruchengode,4000.0,5709.379377365112,6090.075783133507,6096.512913405895,6208.438069820404,6026.10153593123
2024-09-22,Namakkal,Tiruchengode,3000.0,5890.07259875536,6078.309518098831,6100.881119072437,6175.140139460564,6061.100843846798
2024-08-23,Namakkal,Tiruchengode,5500.0,6061.493020951748,6121.51896327734,6197.479956150055,6220.846382081509,6150.334580615163
2024-12-23,Namakkal,Tiruchengode,7000.0,6135.734431445599,6134.43748652935,6257.849529385567,6237.78662443161,6191.452017948031
2025-02-23,Namakkal,Tiruchengode,5000.0,5915.962474942207,6039.237446188927,6127.767144143581,6173.500039577484,6064.11677621305
2025-01-23,Namakkal,Tiruchengode,8000.0,5985.517273843288,6104.953764081001,6201.976190507412,6244.565957784653,6134.253296554089
2024-07-23,Namakkal,Tiruchengode,8000.0,5778.230732381344,5999.826502799988,6045.010159909725,6166.913939118385,5997.4953335523605
2025-06-23,Namakkal,Tiruchengode,6000.0,5798.017590343952,6075.6171080470085,6135.465999543667,6243.332789242268,6063.108371794224
2025-03-23,Namakkal,Tiruchengode,8000.0,5577.454616427422,5957.545622587204,5928.59495639801,6136.320317387581,5899.978878200054
2025-05-23,Namakkal,Tiruchengode,6000.0,5608.733596205711,5996.290245652199,5884.448379278183,6142.047816514969,5907.8800094127655
2024-11-23,Namakkal,Tiruchengode,7000.0,5632.605949640274,6060.755785107613,6054.935477077961,6200.680197477341,5987.244352325797
2024-10-23,Namakkal,Tiruchengode,3000.0,5602.269813120365,6055.347643792629,6065.926430821419,6188.491294980049,5978.008795678616
2024-09-23,Namakkal,Tiruchengode,6000.0,5535.306524336338,5975.270695090294,5983.709641993046,6116.729072034359,5902.753983363509
2025-04-24,Namakkal,Tiruchengode,6000.0,5613.894723057747,6058.499814867973,6120.923558473587,6221.40989869833,6003.681998774409
2024-08-24,Namakkal,Tiruchengode,8000.0,5618.594185113907,5999.972141385078,6070.717273950577,6159.816199839115,5962.274950072169
2024-12-24,Namakkal,Tiruchengode,8000.0,5647.872776091099,6067.065838575363,6064.61663544178,6191.772446632385,5992.831924185157
2025-02-24,Namakkal,Tiruchengode,3000.0,5856.9593343138695,6210.391816198826,6075.099281966686,6248.320196866989,6097.692657336593
2025-01-24,Namakkal,Tiruchengode,7000.0,5988.009787797928,6189.530278742313,6030.432499051094,6200.716369152069,6102.172233685851
2024-07-24,Namakkal,Tiruchengode,6000.0,6065.956415235996,6248.725224435329,6110.00352025032,6269.01039481163,6173.423888683319
2025-06-24,Namakkal,Tiruchengode,5000.0,5910.560996830463,6165.876383185387,5942.667165696621,6182.789496779442,6050.473510622978
2025-03-24,Namakkal,Tiruchengode,6000.0,5909.290228784084,6178.575496673584,6023.54988604784,6198.718360066414,6077.533492892981
2025-05-24,Namakkal,Tiruchengode,5500.0,5716.9616267085075,6093.7586307525635,5947.270963191986,6147.0899575948715,5976.270294561982
2024-10-24,Namakkal,Tiruchengode,5000.0,5905.21758377552,6167.956254482269,6127.423037290573,6231.158165037632,6107.938760146499
2024-09-24,Namakkal,Tiruchengode,3000.0,5981.194758713245,6179.482644200325,6236.18888348341,6255.766326487064,6163.158153221011
2025-04-25,Namakkal,Tiruchengode,7000.0,5945.041169822216,6082.0618534088135,6174.4048073887825,6187.027769982815,6097.133900150657
2024-08-25,Namakkal,Tiruchengode,4000.0,5883.656885921955,6058.262795209885,6192.629144191742,6212.435991764069,6086.746204271913
2025-02-25,Namakkal,Tiruchengode,7000.0,6134.915333390236,6120.527573823929,6238.572406470776,6207.937377691269,6175.488172844052
2025-01-25,Namakkal,Tiruchengode,8000.0,6187.639832794666,6194.123605489731,6255.699218511581,6226.933694183826,6216.099087744951
2024-07-25,Namakkal,Tiruchengode,7000.0,6005.266532301903,6129.504336416721,6042.253973484039,6151.027910709381,6082.013188228011
2025-06-25,Namakkal,Tiruchengode,5000.0,5706.680780053139,6042.228748500347,5951.904745101929,6108.874583244324,5952.422214224935
2025-03-25,Namakkal,Tiruchengode,8000.0,5708.299462497234,6125.091868042946,6089.398040175438,6183.391564786434,6026.545233875513
2025-05-25,Namakkal,Tiruchengode,6000.0,5775.303682386875,6133.480840921402,6037.845788598061,6175.318618118763,6030.487232506275
2024-10-25,Namakkal,Tiruchengode,4000.0,5816.827813088894,6223.982371091843,6085.2211636304855,6222.99145758152,6087.2557013481855
2024-09-25,Namakkal,Tiruchengode,5000.0,5701.56296402216,6102.864373922348,5980.2143159508705,6138.111767172813,5980.688355267048
2025-04-26,Namakkal,Tiruchengode,4000.0,5708.335158228874,6121.551803350449,6074.064581692219,6137.69484102726,6010.4115960747
2024-08-26,Namakkal,Tiruchengode,5500.0,5627.381522357464,6057.438461780548,6054.489042460918,6101.553150713444,5960.2155443280935
2025-02-26,Namakkal,Tiruchengode,6000.0,5690.004210174084,6110.030173063278,6137.884266376495,6157.189945876598,6023.777148872614
2025-01-26,Namakkal,Tiruchengode,3000.0,5492.800523042679,6001.293359398842,5947.725012898445,6094.33023840189,5884.037283435464
2024-07-26,Namakkal,Tiruchengode,8000.0,5645.757685005665,6041.927000582218,5990.735989809036,6120.506632328033,5949.731826931238
2025-06-26,Namakkal,Tiruchengode,3000.0,5662.318124771118,6062.573411762714,6055.7669496536255,6163.378633856773,5986.009280011058
2025-03-26,Namakkal,Tiruchengode,3000.0,5986.283066272736,6132.102509737015,6195.517166852951,6193.986533880234,6126.972319185734
2025-05-26,Namakkal,Tiruchengode,6000.0,6011.998271346092,6058.423663973808,6248.814225792885,6130.451463162899,6112.421906068921
2024-11-26,Namakkal,Tiruchengode,6000.0,6074.199273586273,6121.255766749382,6401.255465447903,6203.596776723862,6200.076820626855
2024-10-26,Namakkal,Tiruchengode,6000.0,6111.869217157364,6121.97253704071,6376.434557437897,6210.587904751301,6205.216054096818
2024-09-26,Namakkal,Tiruchengode,6000.0,5946.953509151936,5952.8233152627945,6118.783718347549,6051.599591970444,6017.540033683181
2025-04-27,Namakkal,Tiruchengode,7000.0,5726.912644803524,5902.99112200737,6031.614741683006,6063.249250948429,5931.191939860582
2024-08-27,Namakkal,Tiruchengode,5500.0,5594.5071813464165,5931.963681578636,5981.525539159775,6099.157729148865,5901.788532808423
2024-12-27,Namakkal,Tiruchengode,3000.0,5746.7237758636475,6035.439420342445,6114.451208412647,6144.593636095524,6010.302010178566
2025-02-27,Namakkal,Tiruchengode,6000.0,5740.749262273312,5990.672213435173,6100.640767812729,6106.218820810318,5984.570266082883
2025-01-27,Namakkal,Tiruchengode,10000.0,5684.373327493668,5947.197667956352,6009.103109538555,6074.841796755791,5928.878975436091
2024-07-27,Namakkal,Tiruchengode,6000.0,5818.969556987286,6134.046261310577,6166.553650200367,6228.847461342812,6087.10423246026
2025-03-27,Namakkal,Tiruchengode,8000.0,5667.425945997238,5989.323390722275,6033.3933410048485,6128.741399645805,5954.721019342542
2025-05-27,Namakkal,Tiruchengode,5000.0,5655.868619978428,6040.803298950195,6003.48174571991,6132.3852199316025,5958.134721145034
2024-09-27,Namakkal,Tiruchengode,8000.0,5548.728119432926,6013.4375232458115,6054.905968606472,6128.869904279709,5936.48537889123
2025-04-28,Namakkal,Tiruchengode,5000.0,5535.052846670151,6053.332976698875,6012.616521418095,6147.3388758301735,5937.085305154324
2024-08-28,Namakkal,Tiruchengode,4000.0,5761.323330104351,6174.277730584145,6080.524081289768,6200.7373106479645,6054.215613156557
2025-02-28,Namakkal,Tiruchengode,3000.0,5860.789248347282,6168.209456205368,6086.511445343494,6199.474157691002,6078.746076896787
2025-01-28,Namakkal,Tiruchengode,6000.0,5802.440529465675,6085.845600962639,6037.497874200344,6118.814178705215,6011.149545833468
2024-07-28,Namakkal,Tiruchengode,5800.0,5905.793950855732,6167.051010727882,6141.4985781908035,6195.7475233078,6102.5227657705545
2025-06-28,Namakkal,Tiruchengode,3000.0,5835.044058859348,6109.172523617744,6156.654509902,6156.875823438168,6064.436728954315
2025-03-28,Namakkal,Tiruchengode,7000.0,5658.291170299053,5985.607227087021,6082.351226806641,6072.737176418304,5949.746700152755
2025-05-28,Namakkal,Tiruchengode,7000.0,5674.0501219034195,6030.283052921295,6113.732534348965,6126.739583015442,5986.20132304728
2024-10-28,Namakkal,Tiruchengode,10000.0,5700.032331049442,6011.914505362511,5981.457479298115,6111.135788857937,5951.135026142001
2024-09-28,Namakkal,Tiruchengode,6000.0,5766.94992929697,6078.806402683258,6011.837402582169,6161.277821063995,6004.717888906598
2025-04-29,Namakkal,Tiruchengode,7000.0,5506.495785415173,6000.6008622050285,5912.436688542366,6110.232924818993,5882.44156524539
2024-08-29,Namakkal,Tiruchengode,5000.0,5702.459640800953,6120.690346360207,6037.289887070656,6188.455123305321,6012.223749384284
2024-12-29,Namakkal,Tiruchengode,6000.0,5636.685733795166,6057.992459535599,6051.980822384357,6147.41455078125,5973.518391624093
2024-07-29,Namakkal,Tiruchengode,4000.0,5493.282653391361,5980.520347356796,5866.9707971811295,6084.8047134280205,5856.394627839327
2025-06-29,Namakkal,Tiruchengode,3000.0,5455.498007535934,5949.543591439724,5946.897823810577,6120.411919653416,5868.087835609913
2025-03-29,Namakkal,Tiruchengode,8000.0,5657.435900568962,6030.945565700531,6163.731307685375,6190.248952805996,6010.590431690216
2025-05-29,Namakkal,Tiruchengode,5500.0,5696.833041608334,6072.438284158707,6157.806768119335,6192.31216609478,6029.847564995289
2024-10-29,Namakkal,Tiruchengode,6500.0,5825.367183983326,6145.70972263813,6198.411376774311,6210.103394687176,6094.897919520736
2024-09-29,Namakkal,Tiruchengode,7000.0,5680.843733549118,6024.101504087448,6049.060435593128,6105.97513794899,5964.995202794671
2025-04-30,Namakkal,Tiruchengode,4000.0,5678.881420195103,6047.374169230461,6028.558711111546,6117.327332496643,5968.035408258438
2024-08-30,Namakkal,Tiruchengode,4000.0,5922.153542637825,6063.925566077232,6047.383212149143,6122.646472454071,6039.027198329568
2024-12-30,Namakkal,Tiruchengode,7000.0,6061.878534853458,6109.98733818531,6189.595958888531,6165.666968226433,6131.782200038433
2025-01-30,Namakkal,Tiruchengode,6000.0,6079.164311885834,6144.992952346802,6245.943337082863,6204.671456217766,6168.693014383316
2024-07-30,Namakkal,Tiruchengode,6000.0,5644.636363089085,5953.430618643761,6019.750908315182,6070.655401349068,5922.118322849274
2025-06-30,Namakkal,Tiruchengode,8000.0,5666.923350095749,6016.41978263855,6094.771913588047,6135.151877105236,5978.316730856895
2025-03-30,Namakkal,Tiruchengode,3000.0,5477.1167704463005,5938.2099586725235,5988.80651652813,6093.1998735666275,5874.333279803395
2025-05-30,Namakkal,Tiruchengode,6000.0,5479.563593864441,5916.143809258938,5978.311019539833,6069.891988635063,5860.977602824569
2024-10-30,Namakkal,Tiruchengode,6000.0,5461.629582345486,5881.04633808136,6015.050494372845,6077.2191324830055,5858.736386820674
2024-09-30,Namakkal,Tiruchengode,10000.0,5637.563372850418,6014.409399032593,6163.6446860432625,6169.426918625832,5996.261094138026
2024-08-31,Namakkal,Tiruchengode,8000.0,5783.252883851528,6124.414125084877,6185.82696557045,6218.989728093147,6078.120925650001
2025-01-31,Namakkal,Tiruchengode,7000.0,5661.289135813713,6067.76357114315,6140.0926423072815,6191.952829062939,6015.274544581771
2024-07-31,Namakkal,Tiruchengode,5000.0,5431.873144507408,5890.448117852211,5975.07413059473,6051.586265563965,5837.245414629579
2025-03-31,Namakkal,Tiruchengode,8000.0,5470.964254140854,5929.820985794067,6018.665282130241,6094.461122751236,5878.4779112041
2025-05-31,Namakkal,Tiruchengode,8000.0,5312.547549009323,5849.67978477478,5945.360051691532,6064.579511880875,5793.0417243391275
2025-04-23,Namakkal,Tiruchengode,6000.0,5310.151651501656,5930.285506248474,5943.260190784931,6113.855803608894,5824.388288035989
2025-04-10,Namakkal,Tiruchengode,7000.0,5371.169935166836,5961.167549490929,5889.497659504414,6090.900116562843,5828.183815181255
2025-01-29,Namakkal,Tiruchengode,5000.0,5492.462127506733,6099.731716513634,5999.1949263215065,6187.3257103562355,5944.678620174527
2025-01-14,Thiruvannamalai,Tiruvannamalai(Farmers Market),8000.0,5605.1545041799545,6125.801023244858,6063.2773315906525,6208.471385836601,6000.6760612130165
2024-11-01,Thiruvannamalai,Tiruvannamalai(Farmers Market),3000.0,5497.104476392269,6076.795067191124,5935.384760499001,6164.438559114933,5918.430715799332
2025-02-02,Thiruvannamalai,Tiruvannamalai(Farmers Market),5800.0,5547.792891263962,6065.903585553169,5941.887094974518,6167.164761126041,5930.687083229423
2025-01-02,Thiruvannamalai,Tiruvannamalai(Farmers Market),5000.0,5690.275497734547,6108.568075895309,6064.919811189175,6170.402126014233,6008.541377708316
2024-11-02,Thiruvannamalai,Tiruvannamalai(Farmers Market),3500.0,5744.74908798933,6098.499975800514,6104.1784527897835,6145.594544410706,6023.255515247583
2024-10-02,Thiruvannamalai,Tiruvannamalai(Farmers Market),10000.0,5781.607072651386,6041.185957193375,6043.783178627491,6099.3124106526375,5991.472154781222
2024-09-03,Thiruvannamalai,Tiruvannamalai(Farmers Market),7000.0,5677.844340205193,6110.84308385849,6069.499811530113,6179.600678086281,6009.446978420019
2024-08-07,Thiruvannamalai,Tiruvannamalai(Farmers Market),6000.0,5596.210105717182,6045.197205543518,6013.6497938632965,6146.56546831131,5950.405643358827
2025-01-07,Thiruvannamalai,Tiruvannamalai(Farmers Market),7000.0,5569.660096466541,5985.90231180191,5995.497324466705,6110.082050859928,5915.285445898771
2024-08-08,Thiruvannamalai,Tiruvannamalai(Farmers Market),7000.0,5559.64910954237,6008.827538490295,5944.4857442379,6108.219685554504,5905.295519456267
2025-01-08,Thiruvannamalai,Tiruvannamalai(Farmers Market),3000.0,5602.422114908695,6097.417681217194,6056.594138741493,6178.7792003154755,5983.803283795714
2024-08-09,Thiruvannamalai,Tiruvannamalai(Farmers Market),8000.0,5420.769868195057,5944.554280042648,5985.6391152739525,6085.0698137283325,5859.008269309998
2024-08-10,Thiruvannamalai,Tiruvannamalai(Farmers Market),3000.0,5346.402808725834,5929.808135330677,5931.804716587067,6076.293423175812,5821.077270954847
2024-12-10,Thiruvannamalai,Tiruvannamalai(Farmers Market),6000.0,5452.125950753689,5967.806955575943,6006.297425031662,6110.024461746216,5884.063698276877
2024-08-12,Thiruvannamalai,Tiruvannamalai(Farmers Market),6000.0,5497.069732546806,6000.5166202783585,5993.264199495316,6135.3017991781235,5906.538087874651
2025-06-12,Thiruvannamalai,Tiruvannamalai(Farmers Market),6000.0,5588.814426064491,6088.553717136383,6124.621636271477,6224.006644189358,6006.499105915427
2024-08-13,Thiruvannamalai,Tiruvannamalai(Farmers Market),6000.0,5537.097974121571,6017.606784701347,5931.328773498535,6133.077241182327,5904.777693375945
2025-01-13,Thiruvannamalai,Tiruvannamalai(Farmers Market),4000.0,5742.304168343544,6125.663951635361,6076.259631216526,6211.540742814541,6038.942123502493
2024-08-14,Thiruvannamalai,Tiruvannamalai(Farmers Market),6000.0,5892.630316913128,6109.027836918831,6137.257449328899,6196.944520175457,6083.965030834079
2025-03-14,Thiruvannamalai,Tiruvannamalai(Farmers Market),3000.0,6129.376307725906,6171.3592475652695,6221.381818056107,6225.66197425127,6186.944836899638
2024-11-14,Thiruvannamalai,Tiruvannamalai(Farmers Market),5000.0,5828.550767302513,5989.943068623543,6123.298038542271,6095.408249497414,6009.300030991435
2025-02-19,Thiruvannamalai,Tiruvannamalai(Farmers Market),5000.0,5804.123464226723,5923.113995790482,6141.182551980019,6077.323364019394,5986.435844004154
2025-01-19,Thiruvannamalai,Tiruvannamalai(Farmers Market),6000.0,5963.382588624954,5964.264987111092,6262.61276781559,6111.2814274430275,6075.385442748666
2025-01-20,Thiruvannamalai,Tiruvannamalai(Farmers Market),6000.0,5978.173947930336,5999.398154020309,6320.243288576603,6174.761288762093,6118.144169822335
2024-11-20,Thiruvannamalai,Tiruvannamalai(Farmers Market),8000.0,5721.641575098038,5891.555161476135,6148.92804980278,6111.445627808571,5968.392603546381
2024-08-22,Thiruvannamalai,Tiruvannamalai(Farmers Market),3000.0,5768.117417693138,5973.724831938744,6103.485003709793,6158.788162767887,6001.0288540273905
2024-11-22,Thiruvannamalai,Tiruvannamalai(Farmers Market),3000.0,5713.076503276825,5908.609154224396,6094.256467223167,6117.402531504631,5958.336164057255
2024-12-25,Thiruvannamalai,Tiruvannamalai(Farmers Market),6000.0,5928.51404607296,5958.3690041303635,6208.858327567577,6145.621197223663,6060.340643748641
2024-09-25,Thiruvannamalai,Tiruvannamalai(Farmers Market),5000.0,6018.160782456398,6020.330131053925,6342.482681274414,6223.083790540695,6151.014346331358
2024-09-26,Thiruvannamalai,Tiruvannamalai(Farmers Market),7000.0,5946.386184990406,5973.127999305725,6315.239222943783,6181.716721057892,6104.117532074451
2024-11-27,Thiruvannamalai,Tiruvannamalai(Farmers Market),3000.0,5863.536867797375,5959.606932103634,6264.445148706436,6191.502586901188,6069.772883877158
2024-08-28,Thiruvannamalai,Tiruvannamalai(Farmers Market),8000.0,5678.663438260555,5820.820499658585,6134.0248438715935,6071.723417639732,5926.308049857616
2025-01-28,Thiruvannamalai,Tiruvannamalai(Farmers Market),5000.0,5674.717870056629,5867.942672967911,6105.848061144352,6101.910583972931,5937.604797035456
2024-12-29,Thiruvannamalai,Tiruvannamalai(Farmers Market),7000.0,5723.456346094608,5936.015861034393,6212.790093421936,6165.172939300537,6009.358809962869
2025-01-30,Thiruvannamalai,Tiruvannamalai(Farmers Market),3500.0,5704.614235162735,5903.41566324234,6123.840137720108,6103.727734684944,5958.899442702532
2025-01-31,Thiruvannamalai,Tiruvannamalai(Farmers Market),7000.0,5754.20322149992,5907.543041706085,6088.5156416893005,6077.298139035702,5956.890010982752
2025-03-02,Thiruvannamalai,Tiruvannamalai(Farmers Market),5800.0,5861.801579296589,5996.019909977913,6166.479403078556,6155.784961879253,6045.021463558078
2025-02-03,Thiruvannamalai,Tiruvannamalai(Farmers Market),3000.0,5869.4951993227005,6000.808849334717,6195.68279504776,6163.361499905586,6057.337085902691
2025-01-03,Thiruvannamalai,Tiruvannamalai(Farmers Market),10000.0,5756.049404740334,5906.515480577946,6124.900062978268,6100.417074561119,5971.9705057144165
2025-03-03,Thiruvannamalai,Tiruvannamalai(Farmers Market),3000.0,5663.400419354439,6004.653517603874,6218.586128354073,6234.183259308338,6030.205831155181
2025-02-04,Thiruvannamalai,Tiruvannamalai(Farmers Market),8000.0,5670.569550096989,5952.927070856094,6158.73866468668,6159.803349375725,5985.509658753872
2025-03-04,Thiruvannamalai,Tiruvannamalai(Farmers Market),5000.0,5691.639550626278,5990.1953184604645,6095.464886724949,6159.618683457375,5984.2296098172665
2025-02-05,Thiruvannamalai,Tiruvannamalai(Farmers Market),6000.0,5603.164586126804,6013.910610675812,5995.997064709663,6153.312437534332,5941.596174761653
2025-03-05,Thiruvannamalai,Tiruvannamalai(Farmers Market),6000.0,5509.338593482971,6007.29309797287,5912.833149135113,6128.761389255524,5889.556557461619
2025-03-06,Thiruvannamalai,Tiruvannamalai(Farmers Market),8000.0,5420.687530040741,6004.541670978069,5960.0766879320145,6123.711157143116,5877.254261523485
2025-03-07,Thiruvannamalai,Tiruvannamalai(Farmers Market),4000.0,5564.352379143238,6123.674509525299,6027.264621853828,6185.084494352341,5975.094001218677
2025-02-09,Thiruvannamalai,Tiruvannamalai(Farmers Market),7000.0,5659.897478222847,6160.866606235504,6124.585940539837,6222.154749631882,6041.876193657517
2025-03-09,Thiruvannamalai,Tiruvannamalai(Farmers Market),6000.0,5660.378180742264,6123.962931036949,6068.924396336079,6173.102151155472,6006.591914817691
2025-02-10,Thiruvannamalai,Tiruvannamalai(Farmers Market),6000.0,5427.320748865604,6026.19470179081,5933.859838843346,6091.168072521687,5869.635840505362
2025-03-10,Thiruvannamalai,Tiruvannamalai(Farmers Market),6000.0,5628.778415322304,6145.649277865887,6078.995828032494,6174.452877640724,6006.969099715352
2025-02-11,Thiruvannamalai,Tiruvannamalai(Farmers Market),8000.0,5662.493747770786,6152.355791926384,6133.773545920849,6200.497435331345,6037.280130237341
2025-02-12,Thiruvannamalai,Tiruvannamalai(Farmers Market),7000.0,5481.293646991253,6038.99661898613,5981.357055306435,6109.947358965874,5902.898670062423
2025-02-15,Thiruvannamalai,Tiruvannamalai(Farmers Market),7000.0,5510.475145578384,6014.109078943729,5927.71017819643,6077.866891026497,5882.54032343626
2025-01-15,Thiruvannamalai,Tiruvannamalai(Farmers Market),5000.0,5444.352372288704,6035.825886130333,6013.4537053108215,6125.143269896507,5904.693808406591
2025-02-16,Thiruvannamalai,Tiruvannamalai(Farmers Market),3000.0,5706.362374126911,6093.691998720169,6088.261964023113,6145.996240377426,6008.578144311905
2025-02-17,Thiruvannamalai,Tiruvannamalai(Farmers Market),6000.0,5554.726906120777,5940.634412765503,6028.728146851063,6087.205370366573,5902.823709025979
2025-03-17,Thiruvannamalai,Tiruvannamalai(Farmers Market),6000.0,5683.640851080418,6025.282794833183,6131.029734015465,6181.028507351875,6005.245471820235
2025-02-18,Thiruvannamalai,Tiruvannamalai(Farmers Market),6000.0,5522.940095067024,5905.411768555641,5991.7830646038055,6106.5962436795235,5881.682792976499
2025-02-20,Thiruvannamalai,Tiruvannamalai(Farmers Market),8000.0,5729.114833474159,6047.594530880451,6144.871586859226,6231.381858289242,6038.24070237577
2025-02-21,Thiruvannamalai,Tiruvannamalai(Farmers Market),8000.0,5624.556324183941,6007.301664948463,6105.02229988575,6203.984194397926,5985.21612085402
2025-02-22,Thiruvannamalai,Tiruvannamalai(Farmers Market),4000.0,5562.725129723549,5988.531897366047,5969.277143776417,6154.83973890543,5918.843477442861
2025-02-23,Thiruvannamalai,Tiruvannamalai(Farmers Market),5000.0,5540.517625212669,5948.562672734261,5948.483190238476,6106.858964264393,5886.10561311245
2025-02-24,Thiruvannamalai,Tiruvannamalai(Farmers Market),7000.0,5675.561241209507,6004.467899799347,6096.265898942947,6154.290976524353,5982.646504119039
2025-01-26,Thiruvannamalai,Tiruvannamalai(Farmers Market),3000.0,5726.227762699127,5992.951980829239,6094.697666466236,6159.386423230171,5993.315958306193
2024-12-27,Thiruvannamalai,Tiruvannamalai(Farmers Market),3000.0,5878.687564134598,6025.997661352158,6155.9686759114265,6174.047374129295,6058.675318881869
2025-02-27,Thiruvannamalai,Tiruvannamalai(Farmers Market),10000.0,5816.407555341721,5959.534112811089,6168.025266230106,6124.317984580994,6017.071229740977
2025-02-28,Thiruvannamalai,Tiruvannamalai(Farmers Market),4000.0,5869.043529331684,6099.7431391477585,6272.851731479168,6261.133536696434,6125.692984163761
2025-03-28,Thiruvannamalai,Tiruvannamalai(Farmers Market),6000.0,5781.782219707966,6026.1328291893005,6203.310734927654,6196.3548266887665,6051.895152628422
2024-09-28,Thiruvannamalai,Tiruvannamalai(Farmers Market),6000.0,5730.822041332722,5974.764291644096,6173.0597922205925,6142.166802287102,6005.203231871128
2025-03-30,Thiruvannamalai,Tiruvannamalai(Farmers Market),6000.0,5644.620656967163,5917.373170256615,6029.41302895546,6082.399773001671,5918.451657295227
2024-10-03,Thiruvannamalai,Tiruvannamalai(Farmers Market),7000.0,5731.720145940781,6007.347831428051,6114.516888558865,6161.163594722748,6003.687115162611
2024-11-05,Thiruvannamalai,Tiruvannamalai(Farmers Market),6000.0,5660.0778606534,5935.626539587975,6001.738842129707,6122.593642771244,5930.009221285582
2025-02-06,Thiruvannamalai,Tiruvannamalai(Farmers Market),6000.0,5591.037080287933,5869.811225533485,5936.627923846245,6070.974283218384,5867.112628221512
2024-10-07,Thiruvannamalai,Tiruvannamalai(Farmers Market),4000.0,5462.160258889198,5869.789332151413,5937.518413364887,6089.7621366381645,5839.807535260916
2025-07-08,Thiruvannamalai,Tiruvannamalai(Farmers Market),8000.0,5626.450101733208,5983.366487026215,6175.781234800816,6201.7348873615265,5996.833177730441
2025-03-08,Thiruvannamalai,Tiruvannamalai(Farmers Market),3000.0,5701.423988640308,6071.013786494732,6170.4297307133675,6234.503093063831,6044.34264972806
2025-01-09,Thiruvannamalai,Tiruvannamalai(Farmers Market),5000.0,5767.683357596397,6123.66118311882,6146.550238132477,6229.90786254406,6066.9506603479385
2024-11-13,Thiruvannamalai,Tiruvannamalai(Farmers Market),8000.0,5714.37440007925,6084.393974542618,6107.709950506687,6202.963772416115,6027.3605243861675
2024-11-15,Thiruvannamalai,Tiruvannamalai(Farmers Market),4000.0,5754.694394767284,6132.85925924778,6073.710480034351,6208.634158372879,6042.474573105574
2024-10-16,Thiruvannamalai,Tiruvannamalai(Farmers Market),3000.0,5977.045962810516,6166.691197752953,6128.134096264839,6214.155574142933,6121.50670774281
2025-01-18,Thiruvannamalai,Tiruvannamalai(Farmers Market),5000.0,5759.89121735096,6055.748863816261,6126.38357758522,6134.155252277851,6019.044727757573
2024-10-21,Thiruvannamalai,Tiruvannamalai(Farmers Market),7000.0,5904.804465174675,6096.468650698662,6224.018542766571,6162.9731303453445,6097.066197246313
2025-01-22,Thiruvannamalai,Tiruvannamalai(Farmers Market),4000.0,5816.766892373562,6013.8915729522705,6131.579448282719,6109.080190658569,6017.82952606678
2025-01-23,Thiruvannamalai,Tiruvannamalai(Farmers Market),10000.0,5884.376511871815,6003.981485962868,6152.205393910408,6131.950683891773,6043.128518909216
2025-01-24,Thiruvannamalai,Tiruvannamalai(Farmers Market),7000.0,5948.02485704422,6115.71769297123,6244.360350370407,6234.3617379665375,6135.6161595880985
2025-02-25,Thiruvannamalai,Tiruvannamalai(Farmers Market),6000.0,5714.347271323204,6015.684926509857,6136.135175526142,6154.046341776848,6005.053428784013
2024-12-26,Thiruvannamalai,Tiruvannamalai(Farmers Market),8000.0,5635.795720219612,5977.819846272469,6103.776280879974,6132.016364037991,5962.352052852511
2025-01-27,Thiruvannamalai,Tiruvannamalai(Farmers Market),5000.0,5459.899053275585,5923.54234457016,6043.748910725117,6110.831661224365,5884.505492448807
2025-07-10,Thiruvannamalai,Tiruvannamalai(Farmers Market),9000.0,5525.882375240326,5934.964026808739,6057.170981764793,6092.979987859726,5902.749342918396
2025-04-01,Thiruvannamalai,Tiruvannamalai(Farmers Market),6000.0,5252.434985041618,5807.149510383606,5959.561241567135,6077.521832287312,5774.166892319918
2024-08-01,Thiruvannamalai,Tiruvannamalai(Farmers Market),6000.0,5454.10587400198,5959.120994210243,6058.7444496154785,6177.932021617889,5912.475834861398
2025-02-01,Thiruvannamalai,Tiruvannamalai(Farmers Market),6000.0,5596.346225440502,6021.20015501976,6106.843258142471,6218.014996647835,5985.601158812642
2025-07-01,Thiruvannamalai,Tiruvannamalai(Farmers Market),6000.0,5324.509902596474,5854.076547026634,5897.903766334057,6097.587592899799,5793.519452214241
2025-06-01,Thiruvannamalai,Tiruvannamalai(Farmers Market),3000.0,5551.999276280403,6037.827702760696,6066.773609519005,6224.2527067661285,5970.213323831558
2024-10-01,Thiruvannamalai,Tiruvannamalai(Farmers Market),6000.0,5738.332899212837,6041.114565730095,6088.542294502258,6194.938896000385,6015.732163861394
2024-09-01,Thiruvannamalai,Tiruvannamalai(Farmers Market),5500.0,5781.630393862724,5999.684671759605,6056.403285562992,6150.030333995819,5996.937171295285
2025-04-02,Thiruvannamalai,Tiruvannamalai(Farmers Market),3000.0,5861.526960134506,6045.727406144142,6167.154766321182,6177.916791439056,6063.081481009722
2024-12-02,Thiruvannamalai,Tiruvannamalai(Farmers Market),7000.0,6006.794309616089,6003.492216467857,6121.0511112213135,6116.111297905445,6061.862233802676
2025-07-02,Thiruvannamalai,Tiruvannamalai(Farmers Market),6000.0,5877.986975908279,5972.791031599045,6126.427840292454,6142.123967409134,6029.832453802228
2025-06-02,Thiruvannamalai,Tiruvannamalai(Farmers Market),5000.0,5820.494002699852,5961.536881327629,6073.929889798164,6129.892705976963,5996.463369950652
2024-09-02,Thiruvannamalai,Tiruvannamalai(Farmers Market),6400.0,5835.988805890083,5967.581358551979,6032.208242714405,6133.774973750114,5992.3883452266455
2024-08-03,Thiruvannamalai,Tiruvannamalai(Farmers Market),3000.0,5857.274408638477,6029.816628694534,6184.903635978699,6192.754793167114,6066.187366619706
2024-12-03,Thiruvannamalai,Tiruvannamalai(Farmers Market),3000.0,5873.12854886055,5962.970421910286,6125.811018049717,6123.931518793106,6021.460376903415
2025-07-03,Thiruvannamalai,Tiruvannamalai(Farmers Market),8000.0,5825.747938454151,5914.613176286221,6154.705047011375,6124.970026612282,6005.009047091007
2025-06-03,Thiruvannamalai,Tiruvannamalai(Farmers Market),6000.0,5791.307744681835,5947.699311971664,6180.417396426201,6176.151518523693,6023.893992900848
2024-11-03,Thiruvannamalai,Tiruvannamalai(Farmers Market),8000.0,5678.025674521923,5883.188081979752,6112.034369409084,6123.848704695702,5949.274207651615
2024-08-04,Thiruvannamalai,Tiruvannamalai(Farmers Market),7000.0,5683.466179966927,6007.961322069168,6157.148538827896,6216.550519764423,6016.2816401571035
2025-07-04,Thiruvannamalai,Tiruvannamalai(Farmers Market),5000.0,5812.105505764484,6162.153080403805,6254.913436472416,6309.483167231083,6134.663797467947
2025-06-04,Thiruvannamalai,Tiruvannamalai(Farmers Market),9000.0,5929.997084736824,6177.209540009499,6207.015475928783,6266.077633500099,6145.074933543801
2024-11-04,Thiruvannamalai,Tiruvannamalai(Farmers Market),7000.0,5648.630477488041,6069.130479693413,5992.780641317368,6170.790495574474,5970.333023518324
2024-08-05,Thiruvannamalai,Tiruvannamalai(Farmers Market),8000.0,5537.078936398029,6037.262282371521,5946.781217753887,6160.452535748482,5920.39374306798
2024-12-05,Thiruvannamalai,Tiruvannamalai(Farmers Market),3500.0,5563.9211747050285,6101.816347241402,5974.363547563553,6189.102405905724,5957.300868853927
2025-01-05,Thiruvannamalai,Tiruvannamalai(Farmers Market),10000.0,5617.466675937176,6125.137558579445,5978.510439693928,6180.240345597267,5975.338754951954
2025-07-05,Thiruvannamalai,Tiruvannamalai(Farmers Market),6000.0,5682.872202992439,6292.182160019875,6138.027525246143,6326.004579663277,6109.7716169804335
2025-06-05,Thiruvannamalai,Tiruvannamalai(Farmers Market),6000.0,5666.723929941654,6259.109826683998,6100.5598574876785,6274.284796118736,6075.169602558017
2025-05-05,Thiruvannamalai,Tiruvannamalai(Farmers Market),6000.0,5624.807146191597,6240.768883824348,6083.980379998684,6255.895783007145,6051.363048255444
2024-10-05,Thiruvannamalai,Tiruvannamalai(Farmers Market),6000.0,5405.287915468216,6067.519888281822,5835.310111045837,6100.474663674831,5852.148144617677
2024-09-05,Thiruvannamalai,Tiruvannamalai(Farmers Market),3000.0,5454.3724021315575,6037.127114534378,5814.23963457346,6079.978174567223,5846.429331451654
2024-08-06,Thiruvannamalai,Tiruvannamalai(Farmers Market),7000.0,5700.920440852642,6110.262433290482,6015.290369689465,6150.055083036423,5994.132081717253
2024-12-06,Thiruvannamalai,Tiruvannamalai(Farmers Market),3000.0,5922.773220539093,6196.786983013153,6162.609033882618,6235.717223882675,6129.471615329385
2025-01-06,Thiruvannamalai,Tiruvannamalai(Farmers Market),7000.0,5810.927546620369,6082.366456985474,6109.665600657463,6181.301698684692,6046.0653257369995
2025-06-06,Thiruvannamalai,Tiruvannamalai(Farmers Market),8000.0,5977.371507883072,6187.747871875763,6224.923310577869,6276.209985911846,6166.563169062138
2025-05-06,Thiruvannamalai,Tiruvannamalai(Farmers Market),8000.0,5974.804270863533,6172.3577761650085,6148.838572502136,6235.747684240341,6132.937075942755
2024-11-06,Thiruvannamalai,Tiruvannamalai(Farmers Market),5000.0,5712.579618692398,6077.681749165058,5998.820835053921,6164.778858423233,5988.4652653336525
2024-10-06,Thiruvannamalai,Tiruvannamalai(Farmers Market),3000.0,5691.894656121731,6034.4366082549095,5899.119324982166,6125.102338790894,5937.638232037425
2024-09-06,Thiruvannamalai,Tiruvannamalai(Farmers Market),6800.0,5650.123510956764,5988.11592310667,5998.321570754051,6125.484045147896,5940.511262491345
2024-12-07,Thiruvannamalai,Tiruvannamalai(Farmers Market),3000.0,5952.974189221859,6093.689143061638,6191.108030080795,6211.629744172096,6112.350276634097
2025-02-07,Thiruvannamalai,Tiruvannamalai(Farmers Market),7000.0,5905.750164091587,6051.730000376701,6233.595469594002,6202.662024497986,6098.434414640069
2025-07-07,Thiruvannamalai,Tiruvannamalai(Farmers Market),8000.0,5839.061970412731,5997.914639413357,6146.916714310646,6161.996019184589,6036.472335830331
2025-06-07,Thiruvannamalai,Tiruvannamalai(Farmers Market),6000.0,5704.599004983902,6007.0608377456665,6075.486223697662,6171.477281451225,5989.655836969614
2025-05-07,Thiruvannamalai,Tiruvannamalai(Farmers Market),6000.0,5565.9529757499695,5982.882928848267,6002.076285779476,6149.912776052952,5925.206241607666
2024-11-07,Thiruvannamalai,Tiruvannamalai(Farmers Market),6000.0,5689.111340939999,6066.158691048622,6120.7260420918465,6217.13830947876,6023.283595889807
2024-12-08,Thiruvannamalai,Tiruvannamalai(Farmers Market),5000.0,5748.263451755047,6009.2368495464325,6055.507084727287,6158.958074450493,5992.991365119815
2025-02-08,Thiruvannamalai,Tiruvannamalai(Farmers Market),4000.0,5728.149620890617,6018.650051951408,6113.906729519367,6159.209848344326,6004.97906267643
2025-06-08,Thiruvannamalai,Tiruvannamalai(Farmers Market),5000.0,5946.161539852619,6054.55995798111,6158.4840351343155,6188.308532834053,6086.878516450524
2025-05-08,Thiruvannamalai,Tiruvannamalai(Farmers Market),6600.0,5999.648500084877,6064.70754057169,6218.735098540783,6195.05407422781,6119.53630335629
2024-10-08,Thiruvannamalai,Tiruvannamalai(Farmers Market),4000.0,5869.911649525166,6057.541265487671,6233.236608505249,6224.662969708443,6096.338123306632
2024-09-08,Thiruvannamalai,Tiruvannamalai(Farmers Market),5000.0,5589.166623950005,5925.119619965553,6037.938597500324,6079.980078339577,5908.051229938865
2024-12-09,Thiruvannamalai,Tiruvannamalai(Farmers Market),6000.0,5544.505076408386,5919.927080869675,6003.35514485836,6064.941228628159,5883.182132691145
2025-07-09,Thiruvannamalai,Tiruvannamalai(Farmers Market),8000.0,5798.088505864143,6084.101269543171,6179.975721240044,6168.141396343708,6057.5767232477665
2024-11-09,Thiruvannamalai,Tiruvannamalai(Farmers Market),6800.0,5628.867892622948,6007.215043306351,6070.186597406864,6106.986992955208,5953.314131572843
2024-10-09,Thiruvannamalai,Tiruvannamalai(Farmers Market),8000.0,5791.0930943489075,6074.889867007732,6098.771739304066,6123.409885168076,6022.041146457195
2024-09-09,Thiruvannamalai,Tiruvannamalai(Farmers Market),3000.0,5709.759655892849,6058.546457290649,6032.630880177021,6129.1516625881195,5982.52216398716
2025-01-10,Thiruvannamalai,Tiruvannamalai(Farmers Market),10000.0,5695.888770520687,6060.926172733307,5980.055350959301,6113.5864198207855,5962.61417850852
2024-11-10,Thiruvannamalai,Tiruvannamalai(Farmers Market),7000.0,5772.259550392628,6221.869183778763,6117.5077149271965,6253.6774122715,6091.328465342522
2024-10-10,Thiruvannamalai,Tiruvannamalai(Farmers Market),3000.0,5566.648328602314,6087.566611170769,5987.876523733139,6145.273758769035,5946.841305568814
2024-09-10,Thiruvannamalai,Tiruvannamalai(Farmers Market),8000.0,5481.904757916927,6049.5720744133,5944.114508628845,6092.248939275742,5891.960070058703
2024-08-11,Thiruvannamalai,Tiruvannamalai(Farmers Market),7000.0,5429.954141974449,6093.913788199425,5992.235686480999,6144.937267005444,5915.260220915079
2025-01-11,Thiruvannamalai,Tiruvannamalai(Farmers Market),5000.0,5526.655306816101,6156.047206521034,6044.951142966747,6196.062597632408,5980.929063484073
2025-05-11,Thiruvannamalai,Tiruvannamalai(Farmers Market),3000.0,5550.143574178219,6112.961982488632,6072.82284617424,6157.908619940281,5973.459255695343
2024-11-11,Thiruvannamalai,Tiruvannamalai(Farmers Market),4000.0,5516.987950801849,6044.620362520218,6051.192660629749,6117.528656423092,5932.582407593727
2024-10-11,Thiruvannamalai,Tiruvannamalai(Farmers Market),7000.0,5589.927656948566,6053.428165316582,6092.836728990078,6114.923819899559,5962.779092788696
2024-09-11,Thiruvannamalai,Tiruvannamalai(Farmers Market),6000.0,5575.631754398346,5978.659409880638,6025.735416710377,6029.209801256657,5902.309095561504
2025-01-12,Thiruvannamalai,Tiruvannamalai(Farmers Market),7000.0,5672.904526889324,6009.786087870598,6035.805896520615,6047.654975652695,5941.537871733308
2025-05-12,Thiruvannamalai,Tiruvannamalai(Farmers Market),7000.0,5751.705948114395,6068.465111255646,6115.776233971119,6098.056872785091,6008.501041531563
2024-11-12,Thiruvannamalai,Tiruvannamalai(Farmers Market),6600.0,5828.795877993107,6114.425983428955,6130.809848308563,6137.988021969795,6053.004932925105
2024-10-12,Thiruvannamalai,Tiruvannamalai(Farmers Market),3000.0,5514.423093497753,5892.8278332948685,5940.713895261288,6020.650440752506,5842.153815701604
2024-09-12,Thiruvannamalai,Tiruvannamalai(Farmers Market),6000.0,5673.358100652695,5933.67041349411,5957.625105082989,6029.301182329655,5898.488700389862
2025-02-13,Thiruvannamalai,Tiruvannamalai(Farmers Market),5000.0,5441.13547295332,5858.79028737545,5915.4441729187965,6020.543353557587,5808.978321701288
2025-03-13,Thiruvannamalai,Tiruvannamalai(Farmers Market),5000.0,5545.34987539053,5936.515125334263,6074.329681992531,6106.258324086666,5915.613251700997
2025-05-13,Thiruvannamalai,Tiruvannamalai(Farmers Market),8000.0,5650.354343354702,5950.842440128326,6006.591081917286,6111.826382279396,5929.903561919928
2024-10-13,Thiruvannamalai,Tiruvannamalai(Farmers Market),6000.0,5587.848261594772,5956.996384263039,5999.381020069122,6139.141708016396,5920.841843485832
2024-09-13,Thiruvannamalai,Tiruvannamalai(Farmers Market),6000.0,5466.600331962109,5939.393153190613,5968.4789872169495,6121.1943700909615,5873.916710615158
2024-12-14,Thiruvannamalai,Tiruvannamalai(Farmers Market),6000.0,5542.625101208687,6012.986805140972,6082.908556163311,6167.343239784241,5951.465925574303
2025-02-14,Thiruvannamalai,Tiruvannamalai(Farmers Market),6000.0,5667.539696395397,6096.030783057213,6104.980892837048,6192.971347272396,6015.380679890513
2025-06-14,Thiruvannamalai,Tiruvannamalai(Farmers Market),7000.0,5742.238964140415,6105.264078974724,6078.935859203339,6178.028638064861,6026.116885095835
2024-10-14,Thiruvannamalai,Tiruvannamalai(Farmers Market),3000.0,5629.053034484386,6033.147278428078,6018.627682626247,6137.703408002853,5954.632850885391
2024-09-14,Thiruvannamalai,Tiruvannamalai(Farmers Market),8000.0,5690.592475831509,6017.809536457062,6021.533791124821,6115.300766825676,5961.309142559767
2024-08-15,Thiruvannamalai,Tiruvannamalai(Farmers Market),3000.0,5652.287148237228,6038.683448433876,6042.80797123909,6139.396813511848,5968.293845355511
2024-12-15,Thiruvannamalai,Tiruvannamalai(Farmers Market),7000.0,5672.403834760189,6069.831067919731,6061.228872537613,6128.875139653683,5983.084728717804
2025-06-15,Thiruvannamalai,Tiruvannamalai(Farmers Market),5000.0,5747.245409488678,6173.165927529335,6159.641528725624,6224.7362649440765,6076.197282671928
2025-05-15,Thiruvannamalai,Tiruvannamalai(Farmers Market),6000.0,5853.309326767921,6187.429941892624,6154.510386288166,6205.031269192696,6100.070231035352
2024-10-15,Thiruvannamalai,Tiruvannamalai(Farmers Market),5000.0,5670.395830869675,6037.302261590958,5978.235344588757,6099.342395067215,5946.318958029151
2024-09-15,Thiruvannamalai,Tiruvannamalai(Farmers Market),7000.0,5655.499764084816,6036.377028226852,5937.843006551266,6106.533419191837,5934.063304513693
2024-08-16,Thiruvannamalai,Tiruvannamalai(Farmers Market),7000.0,5724.667145311832,6071.552078127861,6035.979615747929,6128.604803979397,5990.200910791755
2024-12-16,Thiruvannamalai,Tiruvannamalai(Farmers Market),6000.0,5813.013129234314,6165.607475340366,6179.148056209087,6206.499553620815,6091.067053601146
2025-01-16,Thiruvannamalai,Tiruvannamalai(Farmers Market),4000.0,5811.007029116154,6139.214051365852,6160.225510895252,6185.210143327713,6073.914183676243
2025-06-16,Thiruvannamalai,Tiruvannamalai(Farmers Market),7000.0,5752.78348326683,6079.1300439834595,6082.30268061161,6134.854888617992,6012.267774119973
2025-05-16,Thiruvannamalai,Tiruvannamalai(Farmers Market),8000.0,5711.161784231663,6094.778100848198,6121.018747091293,6150.884175896645,6019.46070201695
2024-11-16,Thiruvannamalai,Tiruvannamalai(Farmers Market),3000.0,5505.458229482174,5993.585937023163,5987.01411485672,6056.707413196564,5885.691423639655
2024-09-16,Thiruvannamalai,Tiruvannamalai(Farmers Market),4000.0,5399.136351048946,5934.061638712883,5974.321664571762,6015.104275941849,5830.65598256886
2024-08-17,Thiruvannamalai,Tiruvannamalai(Farmers Market),3000.0,5542.399504184723,5962.293630838394,6007.443495988846,6017.284095287323,5882.3551815748215
2024-12-17,Thiruvannamalai,Tiruvannamalai(Farmers Market),6000.0,5508.840757012367,5900.519073605537,6080.371779501438,6043.229656815529,5883.240316733718
2025-01-17,Thiruvannamalai,Tiruvannamalai(Farmers Market),6000.0,5830.818160176277,6082.607284188271,6253.070584833622,6189.140957295895,6088.909246623516
2024-07-17,Thiruvannamalai,Tiruvannamalai(Farmers Market),10000.0,5670.681396722794,5918.189888596535,6098.455713093281,6076.487607955933,5940.953651592135
2025-06-17,Thiruvannamalai,Tiruvannamalai(Farmers Market),6000.0,5837.372848391533,6111.933945417404,6184.467672109604,6216.254483163357,6087.507237270474
2024-10-17,Thiruvannamalai,Tiruvannamalai(Farmers Market),7400.0,5852.620161175728,6056.038237214088,6147.373143732548,6161.607173681259,6054.409678950906
2024-09-17,Thiruvannamalai,Tiruvannamalai(Farmers Market),6000.0,5838.622198998928,6023.919693827629,6116.46301984787,6132.555607557297,6027.890130057931
2024-08-18,Thiruvannamalai,Tiruvannamalai(Farmers Market),6000.0,5573.641360402107,5851.638766527176,5913.4713888168335,6027.26747751236,5841.504748314619
2024-12-18,Thiruvannamalai,Tiruvannamalai(Farmers Market),7000.0,5503.305062949657,5859.953492283821,5927.13000357151,6061.520625650883,5837.977296113968
2025-06-18,Thiruvannamalai,Tiruvannamalai(Farmers Market),6000.0,5499.65172380209,5940.091837644577,6056.334273815155,6127.05132573843,5905.782290250063
2025-03-18,Thiruvannamalai,Tiruvannamalai(Farmers Market),8000.0,5443.540413379669,5934.212036728859,5985.374490916729,6101.823010444641,5866.237487867475
2024-11-18,Thiruvannamalai,Tiruvannamalai(Farmers Market),5000.0,5317.430725097656,5949.459349513054,5936.164831221104,6120.079711377621,5830.783654302359
2024-10-18,Thiruvannamalai,Tiruvannamalai(Farmers Market),6000.0,5312.3043420910835,5955.100226998329,6014.796816706657,6132.954447865486,5853.788958415389
2024-09-18,Thiruvannamalai,Tiruvannamalai(Farmers Market),5000.0,5380.329459905624,5957.310506701469,5966.24586224556,6116.9113582372665,5855.19929677248
2024-08-19,Thiruvannamalai,Tiruvannamalai(Farmers Market),3000.0,5529.318684339523,6032.194440364838,6083.3245304226875,6162.759907841682,5951.899390742183
2024-12-19,Thiruvannamalai,Tiruvannamalai(Farmers Market),6000.0,5639.292474091053,6010.954052209854,6070.507858991623,6124.777745604515,5961.383032724261
2025-06-19,Thiruvannamalai,Tiruvannamalai(Farmers Market),9000.0,5578.3527210354805,5952.814748287201,5972.049988210201,6089.280482232571,5898.124484941363
2024-11-19,Thiruvannamalai,Tiruvannamalai(Farmers Market),7000.0,5840.770606100559,6139.2245221138,6130.05262285471,6241.360957026482,6087.852177023888
2024-10-19,Thiruvannamalai,Tiruvannamalai(Farmers Market),8000.0,5792.22345918417,6105.256939828396,6134.854412674904,6226.792339086533,6064.7817876935005
2024-09-19,Thiruvannamalai,Tiruvannamalai(Farmers Market),6000.0,5631.640261113644,5980.044404268265,5964.345421493053,6109.48188662529,5921.377993375063
2025-04-20,Thiruvannamalai,Tiruvannamalai(Farmers Market),7000.0,5594.306809306145,5999.451459646225,6012.157236337662,6119.659929573536,5931.393858715892
2024-08-20,Thiruvannamalai,Tiruvannamalai(Farmers Market),4000.0,5495.097424387932,5913.96827340126,5969.631721377373,6064.167345166206,5860.716191083193
2024-12-20,Thiruvannamalai,Tiruvannamalai(Farmers Market),8000.0,5532.692168951035,5918.390736579895,5956.115413606167,6053.223033845425,5865.10533824563
2024-07-20,Thiruvannamalai,Tiruvannamalai(Farmers Market),6000.0,5536.655822992325,6015.4255375266075,5999.742736816406,6148.998489379883,5925.205646678805
2025-06-20,Thiruvannamalai,Tiruvannamalai(Farmers Market),6000.0,5493.2560005784035,6036.147147715092,5905.807753205299,6146.30274772644,5895.378412306309
2025-05-20,Thiruvannamalai,Tiruvannamalai(Farmers Market),4500.0,5623.37360560894,6183.510550558567,6053.766084909439,6258.278354108334,6029.73214879632
2024-10-20,Thiruvannamalai,Tiruvannamalai(Farmers Market),7000.0,5664.035803377628,6163.905502855778,6063.040311932564,6221.40989869833,6028.097879216075
2024-09-20,Thiruvannamalai,Tiruvannamalai(Farmers Market),7000.0,5544.856798350811,6067.199102640152,5933.953123688698,6138.613411188126,5921.155608966947
2024-08-21,Thiruvannamalai,Tiruvannamalai(Farmers Market),6000.0,5649.219695031643,6158.510687947273,6013.474646806717,6197.7007937431335,6004.726455882192
2024-12-21,Thiruvannamalai,Tiruvannamalai(Farmers Market),6000.0,5694.168236255646,6128.570060133934,5945.3200724720955,6155.833032131195,5980.972850248218
2025-01-21,Thiruvannamalai,Tiruvannamalai(Farmers Market),4000.0,5744.526822566986,6099.710775017738,5938.403191566467,6147.763893008232,5982.601170539856
2024-07-21,Thiruvannamalai,Tiruvannamalai(Farmers Market),6000.0,5761.488006412983,6128.1774070858955,6055.436645150185,6176.297633051872,6030.349922925234
2025-07-21,Thiruvannamalai,Tiruvannamalai(Farmers Market),3000.0,5824.982146024704,6201.011929810047,6177.623610496521,6222.956237792969,6106.64348103106
2025-06-21,Thiruvannamalai,Tiruvannamalai(Farmers Market),8000.0,5718.483216762543,6109.235824048519,6116.674814522266,6149.074164330959,6023.367004916072
2025-03-21,Thiruvannamalai,Tiruvannamalai(Farmers Market),7600.0,5682.116405367851,6116.166983246803,6079.79112893343,6133.005373775959,6002.769972831011
2025-05-21,Thiruvannamalai,Tiruvannamalai(Farmers Market),3000.0,5659.644752442837,6107.25542485714,6100.237168073654,6123.232834339142,5997.592544928193
2024-11-21,Thiruvannamalai,Tiruvannamalai(Farmers Market),3000.0,5714.651398956776,6018.078920245171,5990.610340833664,6034.26479279995,5939.40136320889
2024-09-21,Thiruvannamalai,Tiruvannamalai(Farmers Market),7000.0,5631.533649861813,5941.7614459991455,6043.586138188839,6040.345441699028,5914.306668937206
2025-04-22,Thiruvannamalai,Tiruvannamalai(Farmers Market),7000.0,5709.434110820293,5947.543202638626,6120.461417734623,6097.075954079628,5968.628671318293
2024-12-22,Thiruvannamalai,Tiruvannamalai(Farmers Market),7000.0,5816.694549024105,6032.954997420311,6225.52918612957,6179.068573713303,6063.561826571822
2024-07-22,Thiruvannamalai,Tiruvannamalai(Farmers Market),6000.0,5713.528173267841,5952.839497327805,6065.533301830292,6105.91992855072,5959.4552252441645
2025-06-22,Thiruvannamalai,Tiruvannamalai(Farmers Market),8000.0,5801.10360532999,6027.62062728405,6147.403604090214,6176.679815351963,6038.201913014054
2025-05-22,Thiruvannamalai,Tiruvannamalai(Farmers Market),7000.0,5654.2984837293625,5988.641364276409,6054.602316915989,6144.597443640232,5960.534902140498
2024-10-22,Thiruvannamalai,Tiruvannamalai(Farmers Market),6000.0,5612.325538694859,5991.274757385254,5994.755805134773,6141.366266012192,5934.930591806769
2024-09-22,Thiruvannamalai,Tiruvannamalai(Farmers Market),6000.0,5471.436389684677,5936.738342642784,5873.566416501999,6077.500890791416,5839.810509905219
2025-04-23,Thiruvannamalai,Tiruvannamalai(Farmers Market),3000.0,5640.341452658176,6080.41318655014,6046.905841231346,6164.035435318947,5982.923978939652
2024-08-23,Thiruvannamalai,Tiruvannamalai(Farmers Market),7000.0,5675.287573933601,6072.162713110447,6067.583664655685,6163.300579190254,5994.583632722497
2024-07-23,Thiruvannamalai,Tiruvannamalai(Farmers Market),7600.0,5779.218790233135,6062.76616871357,6018.695266544819,6135.859604477882,5999.1349574923515
2025-05-23,Thiruvannamalai,Tiruvannamalai(Farmers Market),7000.0,5694.689393937588,6079.964848160744,6104.108013212681,6153.63417506218,6008.099107593298
2024-11-23,Thiruvannamalai,Tiruvannamalai(Farmers Market),7000.0,5468.652598559856,5968.62129420042,6014.562176764011,6082.735788822174,5883.642964586616
2024-10-23,Thiruvannamalai,Tiruvannamalai(Farmers Market),3500.0,5542.360952794552,6038.754839897156,6029.851848483086,6123.59645485878,5933.641024008393
2024-09-23,Thiruvannamalai,Tiruvannamalai(Farmers Market),7000.0,5577.921040654182,5982.703022360802,5953.332098424435,6068.53840649128,5895.623641982675
2024-08-24,Thiruvannamalai,Tiruvannamalai(Farmers Market),6000.0,5713.474391698837,6092.199917137623,6080.867236256599,6179.956683516502,6016.6245571523905
2024-12-24,Thiruvannamalai,Tiruvannamalai(Farmers Market),5000.0,5527.739981114864,5940.668680667877,5943.551943898201,6059.311773777008,5867.818094864488
2024-07-24,Thiruvannamalai,Tiruvannamalai(Farmers Market),7000.0,5669.374932944775,6035.5469834804535,6085.775637328625,6139.050802886486,5982.437089160085
2025-03-24,Thiruvannamalai,Tiruvannamalai(Farmers Market),7000.0,5640.084443390369,6011.2167727947235,6003.580265939236,6128.47725123167,5945.839683339
2025-05-24,Thiruvannamalai,Tiruvannamalai(Farmers Market),6000.0,5580.932332575321,6035.348991155624,6075.951696038246,6195.568092763424,5971.950278133154
2024-11-24,Thiruvannamalai,Tiruvannamalai(Farmers Market),3000.0,5426.882881224155,5949.728733301163,5965.125968158245,6113.998586535454,5863.934042304754
2024-10-24,Thiruvannamalai,Tiruvannamalai(Farmers Market),4500.0,5451.685703396797,5938.734923899174,5976.346802413464,6102.346547842026,5867.278494387865
2024-09-24,Thiruvannamalai,Tiruvannamalai(Farmers Market),3000.0,5530.743182003498,5971.900066137314,6098.898340165615,6134.672126471996,5934.053428694606
2024-08-25,Thiruvannamalai,Tiruvannamalai(Farmers Market),8000.0,5696.3628098368645,5980.841608941555,6111.103900671005,6123.332306444645,5977.910156473517
2025-01-25,Thiruvannamalai,Tiruvannamalai(Farmers Market),8000.0,5739.267651438713,6004.977158904076,6121.412827968597,6167.7972894907,6008.3637319505215
2024-07-25,Thiruvannamalai,Tiruvannamalai(Farmers Market),8000.0,5667.395009696484,5991.012988686562,6084.284983575344,6161.158359348774,5975.962835326791
2025-06-25,Thiruvannamalai,Tiruvannamalai(Farmers Market),3000.0,5778.616722226143,6098.801723718643,6189.8196521401405,6246.934250593185,6078.543087169528
2025-03-25,Thiruvannamalai,Tiruvannamalai(Farmers Market),6000.0,5618.053989708424,5954.26066339016,6038.733422458172,6113.666378259659,5931.1786134541035
2025-05-25,Thiruvannamalai,Tiruvannamalai(Farmers Market),6000.0,5774.924831688404,6060.517813563347,6130.0954577326775,6183.687601387501,6037.306426092982
2024-11-25,Thiruvannamalai,Tiruvannamalai(Farmers Market),6000.0,5747.266350984573,6059.3560364842415,6160.359726846218,6186.443787813187,6038.356475532055
2024-10-25,Thiruvannamalai,Tiruvannamalai(Farmers Market),8000.0,5586.605098247528,5919.414966106415,5988.517143130302,6076.95831567049,5892.873880788684
2024-08-26,Thiruvannamalai,Tiruvannamalai(Farmers Market),3000.0,5656.786714196205,6015.284182429314,6038.080904483795,6148.064689040184,5964.5541225373745
2025-02-26,Thiruvannamalai,Tiruvannamalai(Farmers Market),7600.0,5668.197449743748,5964.023208022118,6047.0172119140625,6109.592305421829,5947.207543775439
2024-07-26,Thiruvannamalai,Tiruvannamalai(Farmers Market),8000.0,5724.908924400806,6034.710275530815,6171.633390784264,6184.309659004211,6028.890562430024
2025-06-26,Thiruvannamalai,Tiruvannamalai(Farmers Market),6000.0,5562.110211253166,5962.453547716141,6067.163406908512,6145.927228629589,5934.413598626852
2024-11-26,Thiruvannamalai,Tiruvannamalai(Farmers Market),6000.0,5739.711706340313,6079.8177817463875,6127.0318120718,6216.122646927834,6040.670986771584
2024-10-26,Thiruvannamalai,Tiruvannamalai(Farmers Market),4000.0,5580.036131739616,5915.6402614712715,5952.891851067543,6080.873899459839,5882.360535934567
2024-08-27,Thiruvannamalai,Tiruvannamalai(Farmers Market),6000.0,5858.3500400185585,6025.053390264511,6060.829556286335,6154.261468052864,6024.623613655567
2024-07-27,Thiruvannamalai,Tiruvannamalai(Farmers Market),8000.0,5768.468187749386,5995.4778108000755,6051.708106994629,6132.749316394329,5987.100855484605
2024-09-27,Thiruvannamalai,Tiruvannamalai(Farmers Market),3000.0,5819.7163116931915,6128.168364167213,6174.67466711998,6246.638213992119,6092.299389243126
2024-12-28,Thiruvannamalai,Tiruvannamalai(Farmers Market),8000.0,5651.702214181423,6032.874087095261,6104.424991309643,6165.086317658424,5988.521902561188
2024-07-28,Thiruvannamalai,Tiruvannamalai(Farmers Market),6000.0,5642.061035037041,6008.542924523354,6006.542535722256,6129.06075745821,5946.551813185215
2025-06-28,Thiruvannamalai,Tiruvannamalai(Farmers Market),3000.0,5696.09199821949,6070.736311674118,6079.52840834856,6170.390227437019,6004.186736419797
2024-11-28,Thiruvannamalai,Tiruvannamalai(Farmers Market),5500.0,5651.511361002922,5980.322830975056,5999.567113816738,6081.33366048336,5928.183741569519
2024-08-29,Thiruvannamalai,Tiruvannamalai(Farmers Market),3000.0,5822.304014265537,6052.899868488312,6147.558761537075,6153.947345614433,6044.177497476339
2025-01-29,Thiruvannamalai,Tiruvannamalai(Farmers Market),3000.0,5778.351145982742,5987.832736968994,6172.355872392654,6125.144697725773,6015.921113267541
2024-07-29,Thiruvannamalai,Tiruvannamalai(Farmers Market),7000.0,5950.296057462692,5970.3380209207535,6187.027294039726,6114.316992461681,6055.494591221213
2025-06-29,Thiruvannamalai,Tiruvannamalai(Farmers Market),8000.0,6106.125535964966,6063.645711541176,6353.009114563465,6225.145100057125,6186.981365531683
2025-05-29,Thiruvannamalai,Tiruvannamalai(Farmers Market),6000.0,5976.057429015636,6041.851325631142,6253.761178255081,6205.456762313843,6119.2816738039255
2024-10-29,Thiruvannamalai,Tiruvannamalai(Farmers Market),6000.0,5761.204344332218,6007.397805452347,6055.95351934433,6150.12076318264,5993.669108077884
2024-09-29,Thiruvannamalai,Tiruvannamalai(Farmers Market),8000.0,5713.244511187077,6008.131709694862,6006.44068390131,6142.429522871971,5967.561606913805
2024-08-30,Thiruvannamalai,Tiruvannamalai(Farmers Market),7000.0,5860.376129746437,6153.716989159584,6112.2180834412575,6230.0706350803375,6089.095459356904
2024-12-30,Thiruvannamalai,Tiruvannamalai(Farmers Market),7000.0,5775.072374045849,6106.630987524986,6050.48255354166,6181.910429894924,6028.524086251855
2024-07-30,Thiruvannamalai,Tiruvannamalai(Farmers Market),7500.0,5694.851690530777,6166.5988647937775,6113.487423658371,6247.299774885178,6055.559438467026
2025-06-30,Thiruvannamalai,Tiruvannamalai(Farmers Market),6000.0,5658.215019404888,6093.004260957241,5988.0345368385315,6159.5496717095375,5974.70087222755
2025-05-30,Thiruvannamalai,Tiruvannamalai(Farmers Market),5000.0,5544.844423830509,6097.432435452938,6036.067665219307,6162.054560184479,5960.099771171808
2024-10-30,Thiruvannamalai,Tiruvannamalai(Farmers Market),3000.0,5459.653466641903,6060.23795902729,6090.7820826768875,6137.77575135231,5937.112314924598
2024-08-31,Thiruvannamalai,Tiruvannamalai(Farmers Market),7000.0,5522.114809751511,6044.37001645565,6079.021528959274,6117.77567088604,5940.820506513119
2024-07-31,Thiruvannamalai,Tiruvannamalai(Farmers Market),7000.0,5412.04725921154,5987.844159603119,5988.701809048653,6090.474623441696,5869.766962826252
2025-05-31,Thiruvannamalai,Tiruvannamalai(Farmers Market),7000.0,5514.665824472904,6011.102546453476,5988.22301030159,6100.682174861431,5903.66838902235
2024-10-31,Thiruvannamalai,Tiruvannamalai(Farmers Market),4500.0,5735.812780559063,6093.4873431921005,6070.4259967803955,6138.493949472904,6009.555017501116
2025-07-12,Thiruvannamalai,Tiruvannamalai(Farmers Market),6000.0,5827.550810873508,6087.77031481266,6091.694465577602,6109.279610812664,6029.073800519109
2025-06-11,Thiruvannamalai,Tiruvannamalai(Farmers Market),6000.0,5750.740259587765,6079.367063641548,6130.508100390434,6168.635901212692,6032.31283120811
2025-07-11,Thiruvannamalai,Tiruvannamalai(Farmers Market),6000.0,5772.090590596199,6049.047585129738,6128.957477807999,6163.355788588524,6028.362860530615
2025-07-16,Thiruvannamalai,Tiruvannamalai(Farmers Market),3000.0,5874.697733223438,6074.562894105911,6150.921775400639,6201.5683072805405,6075.437677502632
2025-07-17,Thiruvannamalai,Tiruvannamalai(Farmers Market),6000.0,5775.007645785809,5972.4388337135315,6102.2665894031525,6140.725646615028,5997.60967887938
2025-07-18,Thiruvannamalai,Tiruvannamalai(Farmers Market),7500.0,5811.092698872089,5974.936583042145,6167.57692784071,6157.725381851196,6027.832897901535
2025-07-19,Thiruvannamalai,Tiruvannamalai(Farmers Market),6000.0,5742.45456635952,5959.203332364559,6184.9536100029945,6145.888677239418,6008.125046491623
2025-06-09,Thiruvannamalai,Tiruvannamalai(Farmers Market),4000.0,5506.6085839271545,5791.250155568123,6006.574899852276,6028.133693933487,5833.14183332026
2025-07-13,Thiruvannamalai,Tiruvannamalai(Farmers Market),4500.0,5640.461390316486,5879.958332180977,6109.899764657021,6116.56011223793,5936.7198998481035
2025-05-19,Thiruvannamalai,Tiruvannamalai(Farmers Market),7000.0,5702.247846126556,5909.835183620453,6190.938594341278,6130.471928715706,5983.373388200998
2024-08-02,Thiruvannamalai,Tiruvannamalai(Farmers Market),8000.0,5874.223693907261,6018.831862211227,6236.147000491619,6208.300998210907,6084.375888705254
2025-05-02,Thiruvannamalai,Tiruvannamalai(Farmers Market),7000.0,5671.2392020225525,5924.627494812012,6073.608628213406,6136.5635243058205,5951.509712338448
2024-10-04,Thiruvannamalai,Tiruvannamalai(Farmers Market),7000.0,5540.218257009983,5895.4731249809265,5951.46354585886,6108.310114741325,5873.866260647774
2025-04-08,Thiruvannamalai,Tiruvannamalai(Farmers Market),8000.0,5534.980503320694,5956.666555702686,6043.9197742938995,6153.318148851395,5922.221245542169
2025-04-09,Thiruvannamalai,Tiruvannamalai(Farmers Market),5000.0,5526.343564093113,5990.139157176018,6011.815509200096,6164.418569505215,5923.17919999361
2025-05-09,Thiruvannamalai,Tiruvannamalai(Farmers Market),3000.0,5696.9601184129715,6100.580323040485,6102.010056078434,6221.308998763561,6030.214874073863
2025-04-15,Thiruvannamalai,Tiruvannamalai(Farmers Market),6000.0,5718.146249055862,6042.855565547943,6031.304902732372,6158.8538429141045,5987.790140062571
2025-07-15,Thiruvannamalai,Tiruvannamalai(Farmers Market),8000.0,5667.495909631252,6017.423070669174,6012.888760864735,6169.467373788357,5966.8187787383795
2025-03-15,Thiruvannamalai,Tiruvannamalai(Farmers Market),6000.0,5735.446304380894,6067.927295565605,6009.349172115326,6181.920424699783,5998.660799190402
2025-04-16,Thiruvannamalai,Tiruvannamalai(Farmers Market),3000.0,5661.067822277546,6056.196250319481,5972.2722536325455,6152.649448812008,5960.546443760395
2024-09-30,Thiruvannamalai,Tiruvannamalai(Farmers Market),8000.0,5610.867249071598,6027.3488637804985,5982.041937410831,6128.642403483391,5937.22511343658
2025-03-01,Thiruvannamalai,Tiruvannamalai(Farmers Market),7000.0,5671.4057821035385,6117.438703179359,6081.252274215221,6205.862265825272,6018.989756330848
2025-05-01,Thiruvannamalai,Tiruvannamalai(Farmers Market),6000.0,5881.1320078372955,6205.007947981358,6148.475903868675,6254.971501529217,6122.396840304136
2025-01-04,Thiruvannamalai,Tiruvannamalai(Farmers Market),7000.0,5709.33797031641,6042.87269949913,5903.5736763477325,6103.118051588535,5939.725599437952
2025-04-05,Thiruvannamalai,Tiruvannamalai(Farmers Market),3000.0,5670.609529316425,6062.464420795441,5927.659252285957,6118.7999004125595,5944.883275702596
2025-04-06,Thiruvannamalai,Tiruvannamalai(Farmers Market),6000.0,5793.42902302742,6078.726444244385,6028.293134868145,6133.656939864159,6008.526385501027
2025-04-07,Thiruvannamalai,Tiruvannamalai(Farmers Market),8000.0,5745.60483366251,6030.969362854958,5994.802447557449,6119.9935656785965,5972.842552438378
2024-09-07,Thiruvannamalai,Tiruvannamalai(Farmers Market),7000.0,5947.588417232037,6214.540612101555,6185.726065635681,6276.45509660244,6156.077547892928
2024-11-08,Thiruvannamalai,Tiruvannamalai(Farmers Market),5000.0,5816.940135657787,6141.828882694244,6190.376029610634,6263.343340456486,6103.122097104788
2025-04-10,Thiruvannamalai,Tiruvannamalai(Farmers Market),7000.0,5756.142689585686,6082.8033727407455,6141.084507703781,6192.375466525555,6043.101509138942
2025-04-11,Thiruvannamalai,Tiruvannamalai(Farmers Market),7500.0,5636.954641640186,5999.185883402824,5990.31668394804,6121.080619692802,5936.884457170963
2025-03-11,Thiruvannamalai,Tiruvannamalai(Farmers Market),6000.0,5712.166976034641,6049.273182153702,6079.604559242725,6161.122187674046,6000.5417262762785
2025-04-12,Thiruvannamalai,Tiruvannamalai(Farmers Market),8000.0,5482.942313849926,5909.976062774658,5937.095299959183,6067.062031030655,5849.2689269036055
2025-03-12,Thiruvannamalai,Tiruvannamalai(Farmers Market),6000.0,5480.060954391956,6003.269475102425,5966.745602488518,6162.928867638111,5903.2512249052525
2025-04-13,Thiruvannamalai,Tiruvannamalai(Farmers Market),7000.0,5858.988279700279,6173.744674324989,6115.524936020374,6254.287571310997,6100.63636533916
2025-04-14,Thiruvannamalai,Tiruvannamalai(Farmers Market),6000.0,5773.903933763504,6109.9069038033485,6037.9562073946,6204.07367169857,6031.460179165006
2025-05-14,Thiruvannamalai,Tiruvannamalai(Farmers Market),3000.0,5616.386761069298,6035.275219976902,5906.5197640657425,6138.874703943729,5924.264112263918
2024-07-16,Thiruvannamalai,Tiruvannamalai(Farmers Market),6000.0,5699.321272075176,6070.494532585144,5973.391195833683,6169.4402450323105,5978.161811381578
2025-04-17,Thiruvannamalai,Tiruvannamalai(Farmers Market),6000.0,5801.364422142506,6178.496490120888,6146.936703920364,6280.44159591198,6101.809803023934
2024-11-17,Thiruvannamalai,Tiruvannamalai(Farmers Market),6000.0,5790.512919723988,6131.047819852829,6044.341935813427,6218.636578321457,6046.134813427925
2025-04-18,Thiruvannamalai,Tiruvannamalai(Farmers Market),8000.0,5684.213410615921,6062.028456926346,5930.010887086391,6165.444226861,5960.424245372415
2024-07-18,Thiruvannamalai,Tiruvannamalai(Farmers Market),6000.0,5629.288150370121,6096.280177235603,5987.8079879283905,6204.710483551025,5979.521699771285
2025-04-19,Thiruvannamalai,Tiruvannamalai(Farmers Market),8000.0,5808.214671015739,6175.91592669487,6135.32226473093,6255.834862291813,6093.821931183338
2024-07-19,Thiruvannamalai,Tiruvannamalai(Farmers Market),3000.0,5772.676000595093,6120.376223921776,6041.253541111946,6196.334837079048,6032.660150676966
2025-03-20,Thiruvannamalai,Tiruvannamalai(Farmers Market),4500.0,5866.195485889912,6116.5020471811295,6043.497136831284,6185.9726041555405,6053.041818514466
2025-04-21,Thiruvannamalai,Tiruvannamalai(Farmers Market),7000.0,5872.718285918236,6110.2543422579765,6117.904651463032,6164.548501968384,6066.356445401907
2025-03-22,Thiruvannamalai,Tiruvannamalai(Farmers Market),3000.0,5902.3871502280235,6122.755939364433,6153.521852493286,6191.354092657566,6092.504758685827
2025-03-23,Thiruvannamalai,Tiruvannamalai(Farmers Market),6000.0,5698.379856646061,5975.615277886391,6065.49808204174,6120.127781629562,5964.905249550939
2025-04-24,Thiruvannamalai,Tiruvannamalai(Farmers Market),6000.0,5868.761295080185,6088.8245287537575,6225.373076796532,6235.869525671005,6104.70710657537
2025-04-25,Thiruvannamalai,Tiruvannamalai(Farmers Market),8000.0,5735.313992202282,5961.457874774933,6148.4949415922165,6154.1320115327835,5999.849705025554
2025-04-26,Thiruvannamalai,Tiruvannamalai(Farmers Market),7000.0,5721.712966561317,5995.849522352219,6129.570968449116,6170.374521315098,6004.376994669437
2025-03-26,Thiruvannamalai,Tiruvannamalai(Farmers Market),4000.0,5909.569131433964,6067.601274549961,6163.047853410244,6205.293037891388,6086.377824321389
2025-05-26,Thiruvannamalai,Tiruvannamalai(Farmers Market),3000.0,5868.818884193897,6002.8297036886215,6102.732061743736,6143.027783334255,6029.352108240128
2025-04-27,Thiruvannamalai,Tiruvannamalai(Farmers Market),10000.0,5790.270664691925,5926.769238710403,6067.77975320816,6074.566225707531,5964.846470579505
2024-10-27,Thiruvannamalai,Tiruvannamalai(Farmers Market),6000.0,5884.094277620316,6065.351967513561,6199.063894748688,6208.54944050312,6089.264895096421
2025-04-28,Thiruvannamalai,Tiruvannamalai(Farmers Market),3000.0,5634.18227314949,5938.747774362564,5993.321788609028,6065.342924594879,5907.89869017899
2024-10-28,Thiruvannamalai,Tiruvannamalai(Farmers Market),10000.0,5585.531370639801,5930.902328491211,5927.357504367828,6026.534525156021,5867.581432163715
2025-03-29,Thiruvannamalai,Tiruvannamalai(Farmers Market),8000.0,5617.09591627121,6094.672441482544,6101.018190681934,6176.242423653603,5997.257243022323
2025-04-30,Thiruvannamalai,Tiruvannamalai(Farmers Market),8000.0,5550.317293405533,6033.54183524847,5964.164087176323,6103.67062151432,5912.923459336162
2024-12-31,Thiruvannamalai,Tiruvannamalai(Farmers Market),8000.0,5499.646488428116,6035.420382618904,5938.928632736206,6094.146048426628,5892.0353880524635
2025-03-31,Thiruvannamalai,Tiruvannamalai(Farmers Market),7000.0,5400.246250331402,6019.456299543381,5906.871486008167,6085.538617670536,5853.0281633883715
2025-05-27,Thiruvannamalai,Tiruvannamalai(Farmers Market),6000.0,5472.9080057144165,6021.701799035072,5895.819611549377,6078.827344179153,5867.314190119505
2025-05-28,Thiruvannamalai,Tiruvannamalai(Farmers Market),3000.0,5361.504482924938,5970.486515164375,5846.193501651287,6035.482255220413,5803.416688740253
2025-01-01,Thiruvannamalai,Tiruvannamalai(Farmers Market),3000.0,5464.032143056393,6024.79114562273,5903.252414762974,6062.11127102375,5863.546743616462
2024-09-04,Thiruvannamalai,Tiruvannamalai(Farmers Market),6000.0,5539.154048264027,6060.077090263367,6017.153686881065,6107.146433889866,5930.882814824581
2024-12-11,Thiruvannamalai,Tiruvannamalai(Farmers Market),8000.0,5642.645969092846,6134.618344902992,6127.680998444557,6184.723253548145,6022.417141497135
2024-12-12,Thiruvannamalai,Tiruvannamalai(Farmers Market),3000.0,5664.240934848785,6153.048765063286,6027.967113852501,6192.8947204351425,6009.537883549929
2024-12-13,Thiruvannamalai,Tiruvannamalai(Farmers Market),7000.0,5982.132366597652,6233.055750131607,6012.026827931404,6214.346427321434,6110.390342995524
2025-03-19,Thiruvannamalai,Tiruvannamalai(Farmers Market),7500.0,5951.988987028599,6234.857670664787,6106.440610289574,6232.222373783588,6131.377410441637
2025-03-27,Thiruvannamalai,Tiruvannamalai(Farmers Market),6000.0,5888.731391131878,6179.01431620121,6105.842825770378,6171.445869207382,6086.258600577712
2025-04-29,Thiruvannamalai,Tiruvannamalai(Farmers Market),7000.0,5812.430574893951,6020.553824305534,5918.357896506786,6023.765488266945,5943.776945993304
2025-06-24,Thiruvannamalai,Tiruvannamalai(Farmers Market),5000.0,5620.9558147192,6009.833682179451,5908.799531459808,6043.393381237984,5895.745602399111
2025-05-17,Thiruvannamalai,Tiruvannamalai(Farmers Market),7000.0,5699.153264164925,6060.8766746521,6057.068654000759,6096.549561023712,5978.412038460374
2025-05-18,Thiruvannamalai,Tiruvannamalai(Farmers Market),4000.0,5649.62900608778,6037.234201729298,6086.862691342831,6111.248587369919,5971.243621632457
2024-12-23,Thiruvannamalai,Tiruvannamalai(Farmers Market),6000.0,5570.212666392326,5988.119730651379,6044.485194683075,6100.078203082085,5925.723948702216
2025-04-03,Thiruvannamalai,Tiruvannamalai(Farmers Market),7000.0,5557.104241847992,6034.683622717857,6115.597279369831,6142.561835050583,5962.486744746566
2025-05-03,Thiruvannamalai,Tiruvannamalai(Farmers Market),4500.0,5364.257813692093,5913.238652646542,6012.5841572880745,6055.008296370506,5836.272229999304
2025-04-04,Thiruvannamalai,Tiruvannamalai(Farmers Market),8000.0,5432.765537798405,5965.964103937149,6039.15225237608,6062.875159680843,5875.189263448119
2025-05-04,Thiruvannamalai,Tiruvannamalai(Farmers Market),5000.0,5434.975817501545,5951.938537061214,5941.081323325634,6045.271452665329,5843.316782638431
2025-06-23,Thiruvannamalai,Tiruvannamalai(Farmers Market),6000.0,5639.80887234211,6075.515732169151,6030.437258481979,6137.444494962692,5970.801589488983
2025-06-13,Thiruvannamalai,Tiruvannamalai(Farmers Market),8000.0,5638.777027726173,6015.7163387537,6088.052549064159,6158.8619339466095,5975.351962372661
2025-03-18,Thiruvarur,Tiruvarur(Farmers Market),4000.0,5689.3888157606125,6044.843103885651,6034.656493961811,6156.335152089596,5981.3058914244175
2025-03-19,Thiruvarur,Tiruvarur(Farmers Market),6000.0,5612.064245939255,5977.44004368782,5939.920974075794,6087.674174308777,5904.274859502912
2025-03-20,Thiruvarur,Tiruvarur(Farmers Market),7000.0,5573.498577475548,5958.115802407265,5961.376488506794,6092.138044536114,5896.28222823143
2025-03-21,Thiruvarur,Tiruvarur(Farmers Market),8000.0,5708.081956505775,6059.22039270401,6113.987163901329,6172.080777287483,6013.342572599649
2025-03-22,Thiruvarur,Tiruvarur(Farmers Market),7000.0,5681.824176311493,6087.614205479622,6165.489917397499,6201.612094044685,6034.135098308325
2025-03-23,Thiruvarur,Tiruvarur(Farmers Market),8000.0,5560.087929069996,6003.98719727993,6078.258592188358,6118.14833432436,5940.120513215661
2025-03-24,Thiruvarur,Tiruvarur(Farmers Market),8000.0,5315.841075181961,5892.2843062877655,5947.6812261343,6043.784606456757,5799.897803515196
2025-03-25,Thiruvarur,Tiruvarur(Farmers Market),7000.0,5290.980663895607,5905.379404425621,5900.178774297237,6040.072250366211,5784.152773246169
2025-03-27,Thiruvarur,Tiruvarur(Farmers Market),6000.0,5272.731578052044,5900.8836460113525,5909.641474783421,6036.2547108531,5779.877852424979
2025-03-28,Thiruvarur,Tiruvarur(Farmers Market),5000.0,5230.320765376091,5863.961409032345,5854.344502985477,6021.868855059147,5742.623883113265
2025-03-29,Thiruvarur,Tiruvarur(Farmers Market),7000.0,5466.1453303694725,6030.396327376366,6004.579746425152,6140.72183907032,5910.4608108103275
2025-03-30,Thiruvarur,Tiruvarur(Farmers Market),3500.0,5583.746108114719,6073.284510970116,6063.024129867554,6199.327091276646,5979.845460057259
2025-03-31,Thiruvarur,Tiruvarur(Farmers Market),5000.0,5527.986995577812,5970.374192595482,5925.533214509487,6089.525592923164,5878.354998901486
2025-04-01,Thiruvarur,Tiruvarur(Farmers Market),6000.0,5627.2101828455925,6042.220657467842,6035.232385098934,6137.1080031991005,5960.442807152867
2025-07-01,Thiruvarur,Tiruvarur(Farmers Market),8000.0,5648.977915942669,6042.434831857681,6097.465751469135,6157.0333606004715,5986.477964967489
2025-06-01,Thiruvarur,Tiruvarur(Farmers Market),6000.0,5680.038437843323,6046.758298873901,6039.373089969158,6153.822648525238,5979.998118802905
2025-05-01,Thiruvarur,Tiruvarur(Farmers Market),6000.0,5601.927610039711,5928.450269699097,5890.063555836678,6051.5815061330795,5868.005735427141
2025-04-02,Thiruvarur,Tiruvarur(Farmers Market),8000.0,5653.031047284603,5981.98720395565,5929.737219810486,6083.200785219669,5911.989064067602
2025-06-02,Thiruvarur,Tiruvarur(Farmers Market),4500.0,5636.2697595357895,6030.061739385128,5995.600604116917,6133.587452173233,5948.879888802767
2025-05-02,Thiruvarur,Tiruvarur(Farmers Market),4000.0,5717.943497300148,6063.281139135361,6054.990686476231,6147.250826358795,5995.866537317634
2025-04-03,Thiruvarur,Tiruvarur(Farmers Market),3000.0,5783.721211850643,6079.32422876358,6075.395318567753,6175.933536589146,6028.5935739427805
2025-06-03,Thiruvarur,Tiruvarur(Farmers Market),7000.0,5710.461671948433,6007.485378980637,6065.472857058048,6117.267363667488,5975.1718179136515
2025-05-03,Thiruvarur,Tiruvarur(Farmers Market),7200.0,5606.82173281908,5989.925934672356,6062.615294754505,6130.782719552517,5947.5364204496145
2025-04-04,Thiruvarur,Tiruvarur(Farmers Market),7500.0,5520.22864729166,5955.22302031517,6004.358432888985,6099.004951417446,5894.703762978315
2025-06-04,Thiruvarur,Tiruvarur(Farmers Market),8000.0,5675.405131876469,6066.520407795906,6120.120166540146,6168.408400416374,6007.613526657224
2025-05-04,Thiruvarur,Tiruvarur(Farmers Market),3000.0,5583.632833659649,6072.187462151051,6039.6267676353455,6174.670383632183,5967.529361769557
2025-04-05,Thiruvarur,Tiruvarur(Farmers Market),6000.0,5796.861048638821,6134.2899441719055,6008.934625685215,6174.209670722485,6028.573822304606
2025-06-05,Thiruvarur,Tiruvarur(Farmers Market),3000.0,5967.815998494625,6208.607505559921,6091.550730764866,6223.651114702225,6122.906337380409
2025-05-05,Thiruvarur,Tiruvarur(Farmers Market),8000.0,5896.8029099702835,6106.798519492149,6005.957125723362,6134.189520180225,6035.937018841505
2025-04-06,Thiruvarur,Tiruvarur(Farmers Market),6000.0,5764.176132977009,6080.950526297092,6041.1007633805275,6143.668878674507,6007.474075332284
2025-06-06,Thiruvarur,Tiruvarur(Farmers Market),7000.0,5903.440412282944,6165.104403495789,6166.476547420025,6200.973378419876,6108.998685404658
2025-05-06,Thiruvarur,Tiruvarur(Farmers Market),7000.0,5870.004458427429,6133.849220871925,6150.715216100216,6176.889230310917,6082.864531427622
2025-04-07,Thiruvarur,Tiruvarur(Farmers Market),7000.0,5545.684463381767,5963.4320867061615,6015.545475184917,6064.351535141468,5897.253390103579
2025-06-07,Thiruvarur,Tiruvarur(Farmers Market),3000.0,5422.292886078358,5932.0821914076805,5937.165263593197,6048.13948571682,5834.919956699014
2025-05-07,Thiruvarur,Tiruvarur(Farmers Market),5000.0,5567.408409714699,5991.907761693001,5994.207042753696,6072.988474369049,5906.627922132611
2025-04-08,Thiruvarur,Tiruvarur(Farmers Market),6000.0,5766.8766340613365,6062.691921591759,6119.376267492771,6106.737598776817,6013.920605480671
2025-06-08,Thiruvarur,Tiruvarur(Farmers Market),8000.0,5650.749376118183,5998.053614795208,6045.043475925922,6066.802642047405,5940.16227722168
2025-05-08,Thiruvarur,Tiruvarur(Farmers Market),8000.0,5602.304081022739,6048.636370301247,5983.1461253762245,6129.460073709488,5940.886662602425
2025-04-09,Thiruvarur,Tiruvarur(Farmers Market),7000.0,5631.990079283714,6107.458176612854,5947.727392613888,6155.712142586708,5960.721947774291
2025-06-09,Thiruvarur,Tiruvarur(Farmers Market),3000.0,5625.551045238972,6124.10856962204,6050.87806224823,6224.524946212769,6006.2656558305025
2025-05-09,Thiruvarur,Tiruvarur(Farmers Market),6000.0,5611.74155652523,6041.846566200256,5949.251362383366,6105.794755518436,5927.158560156822
2025-04-10,Thiruvarur,Tiruvarur(Farmers Market),7200.0,5608.314290344715,6088.087768852711,6050.991812646389,6145.235683321953,5973.157388791442
2025-04-11,Thiruvarur,Tiruvarur(Farmers Market),8000.0,5539.624755978584,6017.260298132896,5928.833879828453,6082.898561358452,5892.154373824596
2025-06-11,Thiruvarur,Tiruvarur(Farmers Market),7000.0,5517.697106003761,6038.772449791431,5924.032090008259,6114.315564632416,5898.704302608967
2025-05-11,Thiruvarur,Tiruvarur(Farmers Market),6000.0,5546.729158461094,6028.09371471405,5938.57738673687,6113.381764292717,5906.695506051183
2025-04-12,Thiruvarur,Tiruvarur(Farmers Market),3000.0,5662.426639795303,6134.260435700417,6086.922660171986,6180.2555757761,6015.966327860951
2025-06-12,Thiruvarur,Tiruvarur(Farmers Market),3000.0,5505.009891092777,5993.380329608917,5974.417805075645,6070.208014845848,5885.754010155797
2025-05-12,Thiruvarur,Tiruvarur(Farmers Market),8000.0,5454.299582839012,5964.457268118858,5979.629381895065,6060.450705587864,5864.7092346102
2025-04-13,Thiruvarur,Tiruvarur(Farmers Market),5000.0,5782.259590625763,6174.358640909195,6172.059835791588,6214.998945295811,6085.919253155589
2025-06-13,Thiruvarur,Tiruvarur(Farmers Market),7500.0,5839.5279186964035,6127.997024655342,6134.371330440044,6149.1450798511505,6062.760338410735
2025-05-13,Thiruvarur,Tiruvarur(Farmers Market),7000.0,5887.051312029362,6126.968987584114,6127.317377924919,6154.462316036224,6073.949998393655
2025-06-14,Thiruvarur,Tiruvarur(Farmers Market),6000.0,5790.134544968605,6063.036980330944,6119.703716337681,6165.457553267479,6034.583198726177
2025-05-14,Thiruvarur,Tiruvarur(Farmers Market),7000.0,5536.9904109835625,5872.553609609604,5935.780745148659,6034.747399091721,5845.018041208386
2025-04-15,Thiruvarur,Tiruvarur(Farmers Market),5000.0,5528.670925796032,5942.603865265846,6033.17250341177,6101.82348638773,5901.567695215344
2025-06-15,Thiruvarur,Tiruvarur(Farmers Market),6000.0,5723.1189024448395,6014.547422528267,6109.5808827877045,6141.102117598057,5997.087331339717
2025-05-15,Thiruvarur,Tiruvarur(Farmers Market),8000.0,5572.718030810356,5871.040110588074,5971.750620007515,6043.6932253837585,5864.800496697426
2025-04-16,Thiruvarur,Tiruvarur(Farmers Market),6000.0,5669.903705716133,5992.2057020664215,6087.6084941625595,6156.487929821014,5976.551457941532
2025-06-16,Thiruvarur,Tiruvarur(Farmers Market),8000.0,5557.604933977127,5897.401646375656,6012.406630516052,6099.7512301802635,5891.791110262275
2025-05-16,Thiruvarur,Tiruvarur(Farmers Market),3000.0,5492.698671221733,5937.810166478157,6027.763410210609,6121.487075090408,5894.939830750227
2025-04-17,Thiruvarur,Tiruvarur(Farmers Market),7000.0,5430.237328112125,5905.535989701748,6006.997537314892,6085.230682492256,5857.000384405255
2025-06-17,Thiruvarur,Tiruvarur(Farmers Market),7000.0,5484.146449863911,5919.82808470726,6012.814513742924,6102.566433548927,5879.8388704657555
2025-05-17,Thiruvarur,Tiruvarur(Farmers Market),3000.0,5690.957048237324,6029.0189480781555,6108.455753326416,6169.310312569141,5999.435515552759
2025-06-18,Thiruvarur,Tiruvarur(Farmers Market),8000.0,5630.281919538975,5973.560155630112,6084.076520502567,6119.757973849773,5951.919142380357
2025-05-18,Thiruvarur,Tiruvarur(Farmers Market),8000.0,5619.567964673042,5930.029448866844,6042.2473102808,6080.906263589859,5918.187746852636
2025-04-19,Thiruvarur,Tiruvarur(Farmers Market),5000.0,5679.5663022994995,6019.143604934216,6163.18206936121,6147.458337545395,6002.33757853508
2025-06-19,Thiruvarur,Tiruvarur(Farmers Market),8000.0,5638.747043311596,5973.3378902077675,6159.071348905563,6091.254218220711,5965.602625161409
2025-05-19,Thiruvarur,Tiruvarur(Farmers Market),6000.0,5462.857515513897,5853.826200962067,6008.626214563847,6022.345750033855,5836.913920268416
2025-06-20,Thiruvarur,Tiruvarur(Farmers Market),3000.0,5284.56257134676,5760.113482773304,5876.841380894184,5968.0796709656715,5722.39927649498
2025-05-20,Thiruvarur,Tiruvarur(Farmers Market),3000.0,5383.621082305908,5807.797744870186,5919.8033356666565,6005.302703976631,5779.131216704845
2025-04-21,Thiruvarur,Tiruvarur(Farmers Market),7000.0,5561.344894766808,5859.011600911617,6015.253246128559,6062.901336550713,5874.627769589424
2025-06-21,Thiruvarur,Tiruvarur(Farmers Market),3000.0,5570.015150010586,5905.250423848629,6075.561898648739,6134.311837553978,5921.284827515483
2025-05-21,Thiruvarur,Tiruvarur(Farmers Market),8000.0,5703.5338443517685,5938.24993789196,6134.096711277962,6139.373968243599,5978.813615441322
2025-04-22,Thiruvarur,Tiruvarur(Farmers Market),7000.0,5663.080109655857,5973.421656191349,6166.767824590206,6183.476758599281,5996.686587259173
2025-06-22,Thiruvarur,Tiruvarur(Farmers Market),6000.0,5815.479466319084,6056.5075170993805,6170.1513040065765,6216.2506756186485,6064.597240760922
2025-05-22,Thiruvarur,Tiruvarur(Farmers Market),7500.0,5626.950317919254,5863.18514585495,5974.052756726742,6049.204170405865,5878.348097726703
2025-04-23,Thiruvarur,Tiruvarur(Farmers Market),6000.0,5619.857338070869,5938.736351728439,6079.030095934868,6114.903830289841,5938.131904006004
2025-06-23,Thiruvarur,Tiruvarur(Farmers Market),6000.0,5607.474250793457,5877.913680672646,5950.534980893135,6047.633082270622,5870.888998657465
2025-05-23,Thiruvarur,Tiruvarur(Farmers Market),5000.0,5800.999373793602,6004.677314758301,6128.499620556831,6171.2159886956215,6026.348074451089
2025-04-24,Thiruvarur,Tiruvarur(Farmers Market),7000.0,5693.066428005695,5942.105076909065,6125.31413346529,6128.812791109085,5972.324607372284
2025-06-24,Thiruvarur,Tiruvarur(Farmers Market),8000.0,5580.407367348671,5902.130616903305,6026.871016919613,6104.055659472942,5903.366165161133
2025-05-24,Thiruvarur,Tiruvarur(Farmers Market),5000.0,5416.605366170406,5951.83620929718,5969.207656085491,6166.807327866554,5876.114139854908
2025-04-25,Thiruvarur,Tiruvarur(Farmers Market),6000.0,5580.400228202343,6084.119831323624,6076.958791613579,6242.9986771941185,5996.119382083416
2025-06-25,Thiruvarur,Tiruvarur(Farmers Market),8000.0,5736.4633947610855,6149.344975948334,6126.36739552021,6260.3101551532745,6068.121480345726
2025-05-25,Thiruvarur,Tiruvarur(Farmers Market),7000.0,5660.284419953823,6087.671794593334,5988.136864602566,6185.9078758955,5980.500238761306
2025-04-26,Thiruvarur,Tiruvarur(Farmers Market),6000.0,5577.868686914444,6087.510925829411,6001.8697264790535,6176.1805510520935,5960.85747256875
2025-06-26,Thiruvarur,Tiruvarur(Farmers Market),3000.0,5582.694273889065,6037.684443891048,5939.55925732851,6109.333868324757,5917.317960858345
2025-05-26,Thiruvarur,Tiruvarur(Farmers Market),3000.0,5627.810347080231,6050.8561688661575,5998.252559006214,6128.341607451439,5951.31517060101
2025-04-27,Thiruvarur,Tiruvarur(Farmers Market),6000.0,5616.229699850082,6016.362669467926,6049.071858227253,6088.428068161011,5942.523073926568
2025-05-27,Thiruvarur,Tiruvarur(Farmers Market),3000.0,5754.70867305994,6095.966054797173,6177.249519228935,6163.810314238071,6047.93364033103
2025-04-28,Thiruvarur,Tiruvarur(Farmers Market),3000.0,5703.659969270229,6006.110855340958,6147.1275570988655,6107.285885214806,5991.0460667312145
2025-06-28,Thiruvarur,Tiruvarur(Farmers Market),7000.0,5861.353716850281,5988.396729528904,6230.2138939499855,6119.920270442963,6049.971152693033
2025-05-28,Thiruvarur,Tiruvarur(Farmers Market),6000.0,6074.388698935509,6076.875977516174,6345.563460886478,6215.696201920509,6178.131084814668
2025-04-29,Thiruvarur,Tiruvarur(Farmers Market),8000.0,6007.748099565506,5967.657509446144,6202.723897099495,6115.782897174358,6073.478100821376
2025-06-29,Thiruvarur,Tiruvarur(Farmers Market),7000.0,5899.9988678097725,5994.038082957268,6095.7537841796875,6147.995677292347,6034.446603059769
2025-05-29,Thiruvarur,Tiruvarur(Farmers Market),6000.0,5762.62979388237,5979.966349601746,6059.201830923557,6163.877422213554,5991.418849155307
2025-04-30,Thiruvarur,Tiruvarur(Farmers Market),5500.0,6011.741262078285,6115.0818330049515,6207.250591814518,6254.006288945675,6147.019993960857
2025-06-30,Thiruvarur,Tiruvarur(Farmers Market),7500.0,6002.968203127384,6066.976361274719,6144.781157672405,6183.567187786102,6099.573227465153
2025-05-30,Thiruvarur,Tiruvarur(Farmers Market),3000.0,5819.101393222809,6036.663545966148,6114.803406298161,6177.539368569851,6037.026928514242
2025-05-31,Thiruvarur,Tiruvarur(Farmers Market),5500.0,5687.077160179615,5964.708566069603,6082.495913505554,6135.082865357399,5967.341126278043
2024-08-01,Thiruvarur,Tiruvarur(Farmers Market),8000.0,5563.711283802986,5961.579716205597,6154.38283354044,6147.44358330965,5956.779354214668
2025-02-01,Thiruvarur,Tiruvarur(Farmers Market),8000.0,5490.21044075489,5934.784120321274,6103.303193449974,6115.663435459137,5910.990297496319
2025-03-01,Thiruvarur,Tiruvarur(Farmers Market),6000.0,5512.447453737259,5976.9574373960495,6093.022346794605,6124.223747849464,5926.6627464443445
2024-10-01,Thiruvarur,Tiruvarur(Farmers Market),8000.0,5273.464054465294,5855.294009447098,5928.025252521038,6035.628369748592,5773.1029215455055
2024-09-01,Thiruvarur,Tiruvarur(Farmers Market),7000.0,5328.994238376617,5927.1138215065,5922.052642703056,6088.790260851383,5816.737740859389
2024-08-02,Thiruvarur,Tiruvarur(Farmers Market),7500.0,5552.825989425182,6030.588608384132,6016.686310768127,6146.90243601799,5936.750836148858
2025-02-02,Thiruvarur,Tiruvarur(Farmers Market),4000.0,5544.08910214901,5988.506672382355,5992.401314675808,6117.521517276764,5910.629651620984
2025-03-02,Thiruvarur,Tiruvarur(Farmers Market),7000.0,5671.669454574585,6017.210800051689,6041.080297827721,6127.138423323631,5964.2747439444065
2024-10-02,Thiruvarur,Tiruvarur(Farmers Market),6000.0,5573.251087069511,6004.665892124176,6118.81275087595,6164.746970236301,5965.369175076485
2024-09-02,Thiruvarur,Tiruvarur(Farmers Market),4000.0,5357.352355420589,5821.3559356331825,5966.497636139393,6022.780286073685,5791.996553316712
2024-08-03,Thiruvarur,Tiruvarur(Farmers Market),6000.0,5382.30462372303,5852.1013832092285,5985.165551900864,6033.64225924015,5813.303454518318
2025-02-03,Thiruvarur,Tiruvarur(Farmers Market),8000.0,5559.483481347561,5956.457616686821,6135.421260893345,6138.57628762722,5947.484661638737
2025-03-03,Thiruvarur,Tiruvarur(Farmers Market),6000.0,5443.557071387768,5890.6822818517685,6045.521798729897,6113.020047545433,5873.1952998787165
2024-10-03,Thiruvarur,Tiruvarur(Farmers Market),3000.0,5424.453191757202,5849.450380206108,5901.405755579472,6051.858029067516,5806.7918391525745
2024-09-03,Thiruvarur,Tiruvarur(Farmers Market),7000.0,5560.2935364842415,5882.493681013584,5980.7816401124,6072.259805500507,5873.957165777683
2024-08-04,Thiruvarur,Tiruvarur(Farmers Market),6000.0,5637.152158021927,5915.2695018053055,6031.860804259777,6123.992439508438,5927.068725898862
2025-02-04,Thiruvarur,Tiruvarur(Farmers Market),5500.0,5711.554437279701,5974.905170798302,6164.697472155094,6189.759683310986,6010.229190886021
2025-03-04,Thiruvarur,Tiruvarur(Farmers Market),6000.0,5748.574242591858,5970.318983197212,6182.458240389824,6182.598167657852,6020.987408459187
2024-10-04,Thiruvarur,Tiruvarur(Farmers Market),7000.0,5606.315329372883,5846.839356422424,6081.600188612938,6110.582742989063,5911.334404349327
2024-09-04,Thiruvarur,Tiruvarur(Farmers Market),3000.0,5611.7353692650795,5904.073416590691,6145.772547125816,6168.000041246414,5957.395343557
2024-08-05,Thiruvarur,Tiruvarur(Farmers Market),7000.0,5468.39225769043,5774.084792137146,6063.6409521102905,6046.819695532322,5838.234424367547
2025-02-05,Thiruvarur,Tiruvarur(Farmers Market),7500.0,5652.156263887882,5921.066488623619,6209.929199516773,6163.360548019409,5986.628125011921
2025-03-05,Thiruvarur,Tiruvarur(Farmers Market),7000.0,5559.818545281887,5882.283790111542,6189.930546879768,6129.91317152977,5940.486513450742
2024-10-05,Thiruvarur,Tiruvarur(Farmers Market),3000.0,5409.227296411991,5782.607029080391,6037.083327770233,6064.427210092545,5823.33621583879
2024-09-05,Thiruvarur,Tiruvarur(Farmers Market),7000.0,5536.815263926983,5813.071194291115,6067.260023355484,6074.345864057541,5872.873086407781
2024-08-06,Thiruvarur,Tiruvarur(Farmers Market),7000.0,5626.136931180954,5865.454442501068,6175.637499988079,6120.745555758476,5946.993607357144
2025-02-06,Thiruvarur,Tiruvarur(Farmers Market),6000.0,5485.821293592453,5831.634878516197,6158.681551516056,6100.485134422779,5894.155714511871
2025-03-06,Thiruvarur,Tiruvarur(Farmers Market),8000.0,5327.384122908115,5752.247571349144,6039.1584396362305,6040.504882633686,5789.823754131794
2024-10-06,Thiruvarur,Tiruvarur(Farmers Market),5000.0,5313.658876121044,5786.166131496429,5962.18463987112,6059.530231654644,5780.3849697858095
2024-09-06,Thiruvarur,Tiruvarur(Farmers Market),8000.0,5410.029260516167,5853.909015059471,6053.634724617004,6111.7568945884705,5857.332473695278
2024-08-07,Thiruvarur,Tiruvarur(Farmers Market),5500.0,5464.3238961696625,5891.39143705368,6081.137095987797,6140.706608891487,5894.389759525657
2025-02-07,Thiruvarur,Tiruvarur(Farmers Market),4000.0,5475.908826887608,5890.011202096939,6071.378834843636,6126.834771633148,5891.033408865333
2025-03-07,Thiruvarur,Tiruvarur(Farmers Market),3000.0,5607.016869485378,5915.1790726184845,6095.921316146851,6148.326933681965,5941.61104798317
2024-10-07,Thiruvarur,Tiruvarur(Farmers Market),7000.0,5567.423639893532,5846.045483350754,6091.131900846958,6089.853517711163,5898.613635450602
2024-09-07,Thiruvarur,Tiruvarur(Farmers Market),6000.0,5744.810960590839,5963.905174136162,6189.256611466408,6192.570127248764,6022.635718360543
2024-08-08,Thiruvarur,Tiruvarur(Farmers Market),8000.0,5538.398250639439,5838.992006778717,6012.991088628769,6086.170670092106,5869.138004034758
2025-02-08,Thiruvarur,Tiruvarur(Farmers Market),6500.0,5458.612579107285,5929.338379502296,5995.093724727631,6169.948552250862,5888.248308897018
2025-03-08,Thiruvarur,Tiruvarur(Farmers Market),9000.0,5488.7902265787125,5938.30514729023,5987.473875880241,6148.844283819199,5890.853383392096
2024-10-08,Thiruvarur,Tiruvarur(Farmers Market),6000.0,5735.061266422272,6063.594309687614,6077.310989499092,6212.637791633606,6022.151089310646
2024-09-08,Thiruvarur,Tiruvarur(Farmers Market),7000.0,5871.035827100277,6147.438347935677,6170.472565591335,6233.889126479626,6105.708966776729
2024-08-09,Thiruvarur,Tiruvarur(Farmers Market),4000.0,5641.414228379726,6039.594403505325,6019.276868999004,6140.2439922094345,5960.132373273373
2025-02-09,Thiruvarur,Tiruvarur(Farmers Market),6000.0,5649.409596323967,6047.791095376015,6021.490004360676,6146.64637863636,5966.334268674254
2025-03-09,Thiruvarur,Tiruvarur(Farmers Market),3000.0,5423.676928579807,5938.80107998848,5934.959743320942,6076.065922379494,5843.375918567181
2024-10-09,Thiruvarur,Tiruvarur(Farmers Market),8000.0,5531.261959969997,5979.117267131805,6044.747439324856,6109.9421235919,5916.26719750464
2024-09-09,Thiruvarur,Tiruvarur(Farmers Market),6000.0,5428.026572465897,5976.185457706451,6057.102921903133,6145.58026611805,5901.723804548383
2024-08-10,Thiruvarur,Tiruvarur(Farmers Market),3000.0,5550.550505518913,6056.346648335457,6181.035170555115,6221.193344593048,6002.281417250633
2025-02-10,Thiruvarur,Tiruvarur(Farmers Market),6000.0,5671.511917412281,6012.694576084614,6164.166319668293,6162.871278524399,6002.811022922397
2025-03-10,Thiruvarur,Tiruvarur(Farmers Market),7000.0,5845.893181562424,6037.20421731472,6203.46113294363,6160.04798412323,6061.651628986001
2024-10-10,Thiruvarur,Tiruvarur(Farmers Market),6000.0,5893.018210530281,6061.341195106506,6247.924212217331,6176.184358596802,6094.61699411273
2024-09-10,Thiruvarur,Tiruvarur(Farmers Market),8000.0,5775.638270378113,5883.121925890446,6094.09369468689,6041.703783273697,5948.639418557286
2024-08-11,Thiruvarur,Tiruvarur(Farmers Market),5000.0,5577.245677411556,5837.163433432579,6092.020010650158,6057.032958269119,5890.865519940853
2025-02-11,Thiruvarur,Tiruvarur(Farmers Market),3000.0,5642.7977949380875,5848.876392841339,6117.641930878162,6056.364734172821,5916.4202132076025
2025-03-11,Thiruvarur,Tiruvarur(Farmers Market),6000.0,5554.3394884467125,5754.737705588341,6064.985491335392,5999.469545483589,5843.383057713509
2024-10-11,Thiruvarur,Tiruvarur(Farmers Market),9000.0,5478.652162849903,5699.17420566082,6011.90165489912,5991.316640377045,5795.261165946722
2024-09-11,Thiruvarur,Tiruvarur(Farmers Market),3000.0,5478.394201695919,5768.600499927998,6096.210213601589,6102.466961443424,5861.4179691672325
2024-08-12,Thiruvarur,Tiruvarur(Farmers Market),6000.0,5600.1899418234825,5812.011744976044,6133.428963124752,6086.987864375114,5908.154628574848
2025-02-12,Thiruvarur,Tiruvarur(Farmers Market),8000.0,5627.1797224879265,5861.316593289375,6191.285080909729,6145.03578722477,5956.20429597795
2025-03-12,Thiruvarur,Tiruvarur(Farmers Market),7000.0,5614.868502616882,5931.555322408676,6072.209831476212,6154.898279905319,5943.382984101772
2024-10-12,Thiruvarur,Tiruvarur(Farmers Market),7000.0,5657.685294747353,6053.914579153061,6131.683679819107,6238.74279409647,6020.506586953998
2024-09-12,Thiruvarur,Tiruvarur(Farmers Market),4000.0,5584.127814471722,6037.095702290535,6084.957491159439,6188.024870753288,5973.551469668746
2024-08-13,Thiruvarur,Tiruvarur(Farmers Market),7500.0,5653.302334845066,6020.93457877636,6037.619715631008,6132.653175890446,5961.12745128572
2025-02-13,Thiruvarur,Tiruvarur(Farmers Market),6000.0,5649.172576665878,6046.203349232674,6095.195978879929,6133.406593799591,5980.994624644518
2025-03-13,Thiruvarur,Tiruvarur(Farmers Market),4000.0,5663.748809695244,6073.045587539673,6169.6068251132965,6156.195700764656,6015.649230778217
2024-10-13,Thiruvarur,Tiruvarur(Farmers Market),6000.0,5675.889641940594,6000.437613725662,6137.747194766998,6094.729554653168,5977.2010012716055
2024-09-13,Thiruvarur,Tiruvarur(Farmers Market),6000.0,5398.161143660545,5837.310975790024,5978.709383904934,5983.845285773277,5799.506697282195
2024-08-14,Thiruvarur,Tiruvarur(Farmers Market),8000.0,5292.094846665859,5824.28346157074,5907.400258779526,5992.560755610466,5754.084830656648
2025-02-14,Thiruvarur,Tiruvarur(Farmers Market),7000.0,5437.672986984253,5935.155355930328,5969.69740152359,6085.512440800667,5857.00954630971
2025-03-14,Thiruvarur,Tiruvarur(Farmers Market),6000.0,5679.3012019991875,6063.2925617694855,6132.973961532116,6190.26370704174,6016.457858085632
2024-10-14,Thiruvarur,Tiruvarur(Farmers Market),8000.0,5656.735312342644,6046.335661411285,6138.284058570862,6157.965733110905,5999.830191358924
2024-09-14,Thiruvarur,Tiruvarur(Farmers Market),7000.0,5649.98215585947,6016.341727972031,6046.311864256859,6106.9831854105,5954.904733374715
2024-08-15,Thiruvarur,Tiruvarur(Farmers Market),6000.0,5585.66796630621,5981.132410168648,5946.330023705959,6069.407478570938,5895.634469687939
2025-02-15,Thiruvarur,Tiruvarur(Farmers Market),6000.0,5454.968758821487,5927.033863067627,5939.174695312977,6079.637399315834,5850.203679129481
2025-03-15,Thiruvarur,Tiruvarur(Farmers Market),7000.0,5525.0375762581825,6000.782196521759,6041.252589225769,6135.716821551323,5925.697295889258
2024-10-15,Thiruvarur,Tiruvarur(Farmers Market),8000.0,5462.419171929359,5965.499583482742,5989.660834372044,6131.259138584137,5887.209682092071
2024-09-15,Thiruvarur,Tiruvarur(Farmers Market),7000.0,5479.120966792107,5996.7395359277725,5941.21887087822,6137.559673190117,5888.659761697054
2024-08-16,Thiruvarur,Tiruvarur(Farmers Market),8000.0,5581.516314744949,6095.969862341881,6060.95758497715,6180.654892027378,5979.77466352284
2025-02-16,Thiruvarur,Tiruvarur(Farmers Market),7000.0,5444.1120210289955,6023.821173608303,5904.008212387562,6090.8501425385475,5865.697887390852
2024-07-16,Thiruvarur,Tiruvarur(Farmers Market),6000.0,5502.582105398178,6086.41244918108,5927.213769555092,6094.688623547554,5902.724236920476
2024-10-16,Thiruvarur,Tiruvarur(Farmers Market),5000.0,5388.723668158054,5966.512390375137,5858.140625059605,5999.279168248177,5803.163962960243
2024-09-16,Thiruvarur,Tiruvarur(Farmers Market),8000.0,5560.500571727753,6078.009673953056,6013.426576554775,6078.828772008419,5932.691398561001
2024-08-17,Thiruvarur,Tiruvarur(Farmers Market),7500.0,5552.258665263653,6117.377782464027,5975.762820243835,6135.5131179094315,5945.228096470237
2025-02-17,Thiruvarur,Tiruvarur(Farmers Market),8000.0,5728.380929231644,6247.191259860992,6040.086528658867,6202.053769230843,6054.428121745586
2024-07-17,Thiruvarur,Tiruvarur(Farmers Market),4000.0,5775.597339272499,6240.3614765405655,6020.515272915363,6182.564851641655,6054.759735092521
2025-03-17,Thiruvarur,Tiruvarur(Farmers Market),4000.0,5692.756113111973,6139.167408943176,5935.982069075108,6089.123896956444,5964.257372021675
2024-10-17,Thiruvarur,Tiruvarur(Farmers Market),5000.0,5753.96667778492,6153.855964541435,6006.26886844635,6115.419752597809,6007.3778158426285
2024-09-17,Thiruvarur,Tiruvarur(Farmers Market),3000.0,5820.631550252438,6169.747704267502,6124.976689815521,6130.16256570816,6061.379627510905
2024-08-18,Thiruvarur,Tiruvarur(Farmers Market),7000.0,5681.9384026527405,6038.926179409027,6061.564412415028,6030.751856863499,5953.2952128350735
2025-02-18,Thiruvarur,Tiruvarur(Farmers Market),7000.0,5623.199410438538,6012.646029889584,6018.935617804527,6039.266954660416,5923.512003198266
2024-07-18,Thiruvarur,Tiruvarur(Farmers Market),4500.0,5701.216477453709,6073.601965010166,6103.494522571564,6114.902878403664,5998.3039608597755
2024-10-18,Thiruvarur,Tiruvarur(Farmers Market),6000.0,5671.912185549736,6025.317062735558,6087.121604382992,6048.95620405674,5958.326764181256
2024-09-18,Thiruvarur,Tiruvarur(Farmers Market),7000.0,5665.32846480608,6020.073121786118,6124.994299709797,6066.597986519337,5969.248468205333
2024-08-19,Thiruvarur,Tiruvarur(Farmers Market),6000.0,5519.2186960577965,5923.208232522011,6018.805685341358,6008.0350932478905,5867.316926792264
2025-02-19,Thiruvarur,Tiruvarur(Farmers Market),6000.0,5650.60135781765,5994.081869721413,6075.468137860298,6064.515259563923,5946.166656240821
2024-07-19,Thiruvarur,Tiruvarur(Farmers Market),6000.0,5660.92075586319,5949.667812585831,6006.988970339298,6029.943705499172,5911.880311071873
2024-10-19,Thiruvarur,Tiruvarur(Farmers Market),8000.0,5698.477900922298,5979.176284074783,6122.4713253974915,6119.470028281212,5979.898884668946
2024-09-19,Thiruvarur,Tiruvarur(Farmers Market),6000.0,5540.470982789993,5867.822735309601,6006.22032225132,6053.761801421642,5867.068960443139
2024-08-20,Thiruvarur,Tiruvarur(Farmers Market),7000.0,5270.53557664156,5758.033135533333,5867.050279676914,5992.017704546452,5721.909174099565
2025-02-20,Thiruvarur,Tiruvarur(Farmers Market),3000.0,5420.336759984493,5920.524389445782,6015.543571412563,6107.108834385872,5865.8783888071775
2024-07-20,Thiruvarur,Tiruvarur(Farmers Market),8000.0,5531.942082643509,5938.472679257393,6043.506655693054,6080.98384231329,5898.726314976811
2024-10-20,Thiruvarur,Tiruvarur(Farmers Market),6000.0,5518.345340490341,5911.025993227959,6033.640831410885,6044.014011025429,5876.756544038653
2024-09-20,Thiruvarur,Tiruvarur(Farmers Market),3000.0,5473.469618558884,5871.378030180931,5931.210739612579,5970.160018205643,5811.554601639509
2024-08-21,Thiruvarur,Tiruvarur(Farmers Market),6000.0,5569.929956197739,5907.86573112011,6022.738879024982,5988.489062488079,5872.255907207727
2025-02-21,Thiruvarur,Tiruvarur(Farmers Market),7000.0,5479.697333872318,5872.9024758934975,5968.789302110672,5983.7962636351585,5826.296343877912
2024-07-21,Thiruvarur,Tiruvarur(Farmers Market),4000.0,5693.025020956993,6024.962009191513,6101.9648414850235,6124.83771443367,5986.1973965168
2024-10-21,Thiruvarur,Tiruvarur(Farmers Market),4000.0,5690.081788897514,5945.311029553413,6036.12810999155,6035.423238277435,5926.736041679978
2024-09-21,Thiruvarur,Tiruvarur(Farmers Market),6000.0,5756.190759837627,5944.203034043312,6111.209084093571,6063.1188425421715,5968.68043012917
2024-08-22,Thiruvarur,Tiruvarur(Farmers Market),3000.0,5633.811037540436,5834.707091152668,6014.952450096607,5980.390414893627,5865.9652484208345
2025-02-22,Thiruvarur,Tiruvarur(Farmers Market),6000.0,5791.731334030628,5874.492125809193,6135.110470056534,6024.879671037197,5956.553400233388
2024-07-22,Thiruvarur,Tiruvarur(Farmers Market),7000.0,5810.5053851008415,5857.922167181969,6132.678400874138,6002.9881927371025,5951.023536473513
2024-10-22,Thiruvarur,Tiruvarur(Farmers Market),4500.0,5659.7085288167,5824.531903862953,6082.43880033493,6010.013588666916,5894.173205420375
2024-09-22,Thiruvarur,Tiruvarur(Farmers Market),8000.0,5676.212331354618,5850.209985375404,6113.1556913256645,6024.077230989933,5915.913809761405
2024-08-23,Thiruvarur,Tiruvarur(Farmers Market),6000.0,5584.138285219669,5863.045218586922,6116.247417628765,6061.835699975491,5906.316655352712
2025-02-23,Thiruvarur,Tiruvarur(Farmers Market),3000.0,5706.848312020302,5941.49111032486,6108.979290723801,6083.296449780464,5960.153790712357
2024-07-23,Thiruvarur,Tiruvarur(Farmers Market),7000.0,5590.950934588909,5822.27402985096,6027.654419243336,6000.844069123268,5860.430863201618
2024-10-23,Thiruvarur,Tiruvarur(Farmers Market),8000.0,5578.649233579636,5869.509477615356,6099.157253205776,6066.236745715141,5903.388177528977
2024-09-23,Thiruvarur,Tiruvarur(Farmers Market),6000.0,5562.9968932271,5945.31864464283,6023.618897795677,6106.897039711475,5909.707868844271
2024-08-24,Thiruvarur,Tiruvarur(Farmers Market),3000.0,5510.770230293274,5914.53559756279,5945.469994544983,6067.480860948563,5859.564170837402
2025-02-24,Thiruvarur,Tiruvarur(Farmers Market),3000.0,5547.573957443237,5941.409248113632,6039.759555757046,6081.584958434105,5902.581929937005
2025-01-24,Thiruvarur,Tiruvarur(Farmers Market),7200.0,5671.274421811104,5979.04111623764,6137.8933092951775,6103.324134945869,5972.883245572448
2024-07-24,Thiruvarur,Tiruvarur(Farmers Market),6000.0,5779.7437554597855,6073.452994823456,6205.003188550472,6161.887028217316,6055.021741762757
2024-10-24,Thiruvarur,Tiruvarur(Farmers Market),8000.0,5807.140943408012,6096.492447853088,6235.904269516468,6192.825708687305,6083.090842366219
2024-09-24,Thiruvarur,Tiruvarur(Farmers Market),7000.0,5736.476721167564,6008.110768198967,6049.286984503269,6088.869267404079,5970.68593531847
2024-08-25,Thiruvarur,Tiruvarur(Farmers Market),7000.0,5567.976685762405,5946.941610574722,5954.958395957947,6041.273054778576,5877.787436768413
2025-02-25,Thiruvarur,Tiruvarur(Farmers Market),8000.0,5638.705636262894,6031.510034203529,6058.538366258144,6113.081920146942,5960.458989217877
2025-01-25,Thiruvarur,Tiruvarur(Farmers Market),5000.0,5624.730519354343,5955.727519989014,6012.159616053104,6058.6011907458305,5912.804711535573
2024-07-25,Thiruvarur,Tiruvarur(Farmers Market),6000.0,5548.229331076145,5956.412878036499,6065.459054708481,6053.487658202648,5905.897230505943
2024-09-25,Thiruvarur,Tiruvarur(Farmers Market),8000.0,5564.594634175301,6001.9073259830475,6146.756321489811,6102.778228223324,5954.009127467871
2024-08-26,Thiruvarur,Tiruvarur(Farmers Market),7000.0,5512.734923362732,5936.403278708458,6009.735161960125,6039.737662374973,5874.652756601572
2025-02-26,Thiruvarur,Tiruvarur(Farmers Market),10000.0,5521.398515403271,5993.1118977069855,6046.716415882111,6091.170452237129,5913.099320307374
2025-01-26,Thiruvarur,Tiruvarur(Farmers Market),8000.0,5343.412934243679,5886.998482346535,6056.29715025425,6068.877277970314,5838.896461203694
2024-07-26,Thiruvarur,Tiruvarur(Farmers Market),6000.0,5290.061141848564,5799.038488268852,5988.17113250494,6008.811832368374,5771.520648747683
2024-09-26,Thiruvarur,Tiruvarur(Farmers Market),3000.0,5210.066531300545,5757.779933810234,5873.64066362381,5948.467008173466,5697.488534227014
2024-08-27,Thiruvarur,Tiruvarur(Farmers Market),5000.0,5476.334320008755,5893.23238492012,5985.872327387333,6027.315071821213,5845.688526034355
2025-02-27,Thiruvarur,Tiruvarur(Farmers Market),8000.0,5499.053939282894,5890.458588600159,6024.145290851593,6024.79447722435,5859.613073989749
2025-01-27,Thiruvarur,Tiruvarur(Farmers Market),7000.0,5507.5076404213905,6011.687004566193,5987.683766782284,6112.339448928833,5904.804465174675
2024-07-27,Thiruvarur,Tiruvarur(Farmers Market),5000.0,5558.228895366192,6074.790394902229,5935.749332904816,6145.350861549377,5928.529871180654
2024-09-27,Thiruvarur,Tiruvarur(Farmers Market),8000.0,5709.429351389408,6144.9805778265,6049.726279973984,6185.107815563679,6022.311006188393
2024-08-28,Thiruvarur,Tiruvarur(Farmers Market),7200.0,5605.596179366112,6082.504480481148,5942.277844250202,6123.551716208458,5938.48255507648
2025-02-28,Thiruvarur,Tiruvarur(Farmers Market),6000.0,5593.060790300369,6100.023945569992,5999.17112916708,6122.056303024292,5953.578042015433
2025-01-28,Thiruvarur,Tiruvarur(Farmers Market),6000.0,5728.620804548264,6131.438093185425,6085.659983158112,6142.082560360432,6021.950360313058
2024-07-28,Thiruvarur,Tiruvarur(Farmers Market),6000.0,5702.414426207542,6069.708750545979,6063.534816801548,6073.336864709854,5977.248714566231
2024-09-28,Thiruvarur,Tiruvarur(Farmers Market),3000.0,5504.255045354366,5907.432622909546,5937.299479544163,5977.183510363102,5831.542664542794
2024-08-29,Thiruvarur,Tiruvarur(Farmers Market),7000.0,5585.123963356018,5927.242326140404,5982.479329109192,5997.91035592556,5873.188993632793
2025-01-29,Thiruvarur,Tiruvarur(Farmers Market),7000.0,5618.8302528858185,6024.897280931473,6138.586282432079,6129.782763123512,5978.024144843221
2024-07-29,Thiruvarur,Tiruvarur(Farmers Market),8000.0,5557.212280929089,6006.6677087545395,6131.658930778503,6123.5145926475525,5954.763378277421
2024-09-29,Thiruvarur,Tiruvarur(Farmers Market),6000.0,5369.754004478455,5924.5989382267,5989.348615705967,6069.461736083031,5838.290823623538
2024-08-30,Thiruvarur,Tiruvarur(Farmers Market),6000.0,5427.44211435318,5943.449616134167,5933.608540892601,6041.614305973053,5836.52864433825
2025-01-30,Thiruvarur,Tiruvarur(Farmers Market),3000.0,5434.493687152863,5910.714726448059,5878.981221020222,6008.19405823946,5808.095923215151
2024-07-30,Thiruvarur,Tiruvarur(Farmers Market),5000.0,5490.601190030575,5907.494495511055,6014.043874740601,6054.914059638977,5866.763404980302
2024-09-30,Thiruvarur,Tiruvarur(Farmers Market),7000.0,5629.95923012495,5986.89417719841,6148.044699430466,6128.618606328964,5973.379178270698
2024-08-31,Thiruvarur,Tiruvarur(Farmers Market),6000.0,5620.364693403244,5975.503907203674,6058.433182835579,6108.679446578026,5940.745307505131
2025-01-31,Thiruvarur,Tiruvarur(Farmers Market),6000.0,5685.5051201581955,6045.741684436798,6113.01766782999,6164.26769554615,6002.133041992784
2024-07-31,Thiruvarur,Tiruvarur(Farmers Market),7000.0,5563.790290355682,5897.391175627708,5993.153780698776,6061.290745139122,5878.906497955322
2025-01-01,Thiruvarur,Tiruvarur(Farmers Market),6000.0,5581.487282216549,5930.135108232498,5998.267789185047,6088.801207542419,5899.672846794128
2025-01-02,Thiruvarur,Tiruvarur(Farmers Market),8000.0,5453.378632962704,5879.081645011902,5938.60641926527,6059.320340752602,5832.596759498119
2025-01-03,Thiruvarur,Tiruvarur(Farmers Market),6000.0,5655.702039897442,6060.568263530731,6162.342029809952,6206.655662953854,6021.316999047995
2025-01-04,Thiruvarur,Tiruvarur(Farmers Market),8000.0,5602.294562160969,5933.179240226746,5973.089923858643,6065.050219595432,5893.403486460447
2025-01-05,Thiruvarur,Tiruvarur(Farmers Market),7200.0,5570.960372984409,5949.315614700317,5978.290078043938,6083.9056569337845,5895.617930665612
2025-01-06,Thiruvarur,Tiruvarur(Farmers Market),8000.0,5589.602111876011,6000.796474814415,6073.28641474247,6107.558600604534,5942.810900509357
2025-01-07,Thiruvarur,Tiruvarur(Farmers Market),14000.0,5390.931568145752,5927.2994393110275,5977.617570459843,6069.580245912075,5841.357205957174
2025-01-08,Thiruvarur,Tiruvarur(Farmers Market),7000.0,5364.2145028710365,6025.628329515457,6045.750251412392,6145.595496296883,5895.297145023942
2025-01-09,Thiruvarur,Tiruvarur(Farmers Market),6000.0,5452.2949105501175,6002.219068706036,6032.791748940945,6118.148810267448,5901.363634616137
2025-01-10,Thiruvarur,Tiruvarur(Farmers Market),6000.0,5507.909336388111,5992.072438001633,6044.2296132445335,6070.148521959782,5903.589977398515
2025-01-11,Thiruvarur,Tiruvarur(Farmers Market),3000.0,5470.775780677795,5968.189613819122,6058.399390876293,6045.636025071144,5885.750202611089
2025-01-12,Thiruvarur,Tiruvarur(Farmers Market),8000.0,5493.995140194893,5919.135111570358,6045.874472558498,6023.210538625717,5870.553815737367
2025-01-13,Thiruvarur,Tiruvarur(Farmers Market),8000.0,5520.505646169186,5968.298604786396,6073.529621660709,6092.3831552267075,5913.67925696075
2025-01-16,Thiruvarur,Tiruvarur(Farmers Market),7000.0,5478.2352367043495,5995.87189167738,5980.626482665539,6126.452589333057,5895.296550095081
2025-01-17,Thiruvarur,Tiruvarur(Farmers Market),3000.0,5724.281155467033,6144.021552503109,6043.719402253628,6221.741155087948,6033.4408163279295
2025-01-18,Thiruvarur,Tiruvarur(Farmers Market),7000.0,5782.714592218399,6045.030625462532,5959.951514899731,6118.010310828686,5976.426760852337
2025-01-19,Thiruvarur,Tiruvarur(Farmers Market),8000.0,5713.287346065044,6054.97783601284,5940.348846912384,6113.802497982979,5955.604131743312
2025-01-20,Thiruvarur,Tiruvarur(Farmers Market),3000.0,5785.627363920212,6074.533385634422,5972.553060054779,6131.784579753876,5991.124597340822
2025-01-21,Thiruvarur,Tiruvarur(Farmers Market),5000.0,5978.722710311413,6100.735004544258,6051.627196669579,6122.579364478588,6063.416069000959
2025-01-22,Thiruvarur,Tiruvarur(Farmers Market),6000.0,6032.854097485542,6128.169791996479,6132.8159484267235,6120.088278353214,6103.48202906549
2025-01-23,Thiruvarur,Tiruvarur(Farmers Market),3500.0,5910.100283920765,6055.803121328354,6047.404153645039,6062.621957957745,6018.9823792129755
2024-12-31,Thiruvarur,Tiruvarur(Farmers Market),5000.0,5626.208322644234,5962.093734741211,6020.672810077667,6019.22308743,5907.049488723278
2024-11-02,Thiruvarur,Tiruvarur(Farmers Market),6000.0,5769.760373234749,6045.662201941013,6183.95032197237,6106.294971704483,6026.416967213154
2024-11-03,Thiruvarur,Tiruvarur(Farmers Market),8000.0,5876.069877147675,6072.821894288063,6261.150670647621,6152.94691324234,6090.747338831425
2024-11-04,Thiruvarur,Tiruvarur(Farmers Market),7000.0,5655.092356801033,5927.257556319237,6079.907259047031,6058.674961924553,5930.2330335229635
2024-11-05,Thiruvarur,Tiruvarur(Farmers Market),7000.0,5811.71142488718,5974.830923676491,6089.272867143154,6077.32146024704,5988.284168988466
2024-11-06,Thiruvarur,Tiruvarur(Farmers Market),8000.0,5673.488509058952,5886.064682006836,6004.731096327305,6025.622142255306,5897.4766074121
2024-11-07,Thiruvarur,Tiruvarur(Farmers Market),3500.0,5472.000382244587,5828.460338115692,5963.588671982288,6054.2563062906265,5829.5764246582985
2024-12-10,Thiruvarur,Tiruvarur(Farmers Market),7000.0,5528.318727910519,5856.150231063366,6050.382605493069,6083.511100113392,5879.590666145086
2024-12-11,Thiruvarur,Tiruvarur(Farmers Market),8000.0,5671.809857785702,5953.921791911125,6140.3120520710945,6135.774410665035,5975.454528108239
2024-10-25,Thiruvarur,Tiruvarur(Farmers Market),3000.0,5451.984119713306,5918.8971400260925,6014.962920844555,6110.958738029003,5874.200729653239
2024-10-26,Thiruvarur,Tiruvarur(Farmers Market),7000.0,5428.168403506279,5925.597942769527,5968.718386590481,6081.364120841026,5850.962213426828
2024-10-27,Thiruvarur,Tiruvarur(Farmers Market),8000.0,5592.314035594463,6066.760283112526,6062.860881388187,6155.31615793705,5969.312839508057
2024-10-28,Thiruvarur,Tiruvarur(Farmers Market),3000.0,5685.984394848347,6148.355014324188,6161.523883640766,6218.1320786476135,6053.498842865229
2024-10-29,Thiruvarur,Tiruvarur(Farmers Market),5000.0,5632.09526270628,6034.127721190453,6079.963420331478,6111.8635058403015,5964.512477517128
2024-10-30,Thiruvarur,Tiruvarur(Farmers Market),6000.0,5686.241880059242,6038.680592775345,6106.240238249302,6084.13410961628,5978.824205175042
2024-12-02,Thiruvarur,Tiruvarur(Farmers Market),8000.0,5691.4063385128975,6037.939073443413,6108.02978426218,6068.281397223473,5976.414148360491
2024-12-03,Thiruvarur,Tiruvarur(Farmers Market),6000.0,5617.965464293957,5999.953579604626,5999.607568979263,6053.169728219509,5917.674085274339
2024-12-04,Thiruvarur,Tiruvarur(Farmers Market),6000.0,5491.489299833775,5907.48973608017,5896.050919890404,6003.362759947777,5824.598178938031
2024-12-05,Thiruvarur,Tiruvarur(Farmers Market),6000.0,5654.165695607662,6027.032361626625,6076.385756134987,6110.389986038208,5966.9934498518705
2024-12-06,Thiruvarur,Tiruvarur(Farmers Market),8000.0,5601.6934460401535,5966.036447286606,6044.260549545288,6083.46302986145,5923.863368183374
2024-12-07,Thiruvarur,Tiruvarur(Farmers Market),3000.0,5562.597576975822,5995.9156784415245,6075.598546266556,6129.765629172325,5940.969357714057
2024-12-08,Thiruvarur,Tiruvarur(Farmers Market),8000.0,5737.365306913853,5987.917454838753,6056.023482978344,6078.997255861759,5965.075875148177
2024-11-08,Thiruvarur,Tiruvarur(Farmers Market),8000.0,5724.862757921219,5973.015676736832,6063.567180931568,6092.458354234695,5963.4759924560785
2024-12-09,Thiruvarur,Tiruvarur(Farmers Market),6000.0,5513.720125555992,5881.46754771471,6058.9486292004585,6084.122211039066,5884.564628377557
2024-11-09,Thiruvarur,Tiruvarur(Farmers Market),8000.0,5440.63620865345,5843.400667607784,5931.973676383495,6018.512504398823,5808.630764260888
2024-11-10,Thiruvarur,Tiruvarur(Farmers Market),6000.0,5398.899807333946,5891.781710386276,5959.4051322340965,6069.783473610878,5829.967530891299
2024-11-11,Thiruvarur,Tiruvarur(Farmers Market),6000.0,5448.804819881916,5959.93866443634,6097.946929931641,6127.417325973511,5908.526935055852
2024-12-12,Thiruvarur,Tiruvarur(Farmers Market),4000.0,5437.979494333267,5863.781978487968,5967.5647005438805,6015.7648849487305,5821.272764578462
2024-11-12,Thiruvarur,Tiruvarur(Farmers Market),7000.0,5505.122213661671,5889.426743984222,5986.341131329536,6029.1998064517975,5852.522473856807
2024-12-13,Thiruvarur,Tiruvarur(Farmers Market),6000.0,5654.210910201073,6020.262547135353,6123.638813793659,6156.82965695858,5988.735482022166
2024-11-13,Thiruvarur,Tiruvarur(Farmers Market),6000.0,5662.9282838106155,6035.509859919548,6185.001204311848,6171.865651011467,6013.82624976337
2024-12-14,Thiruvarur,Tiruvarur(Farmers Market),3000.0,5490.005309283733,5892.935396432877,6041.177390217781,6056.855907440186,5870.243500843644
2024-11-14,Thiruvarur,Tiruvarur(Farmers Market),7000.0,5523.949094414711,5886.559662818909,6066.90163820982,6059.869103133678,5884.3198746442795
2024-12-15,Thiruvarur,Tiruvarur(Farmers Market),6000.0,5477.7283573150635,5854.278346896172,6032.16112434864,6039.258387684822,5850.856554061174
2024-11-15,Thiruvarur,Tiruvarur(Farmers Market),6000.0,5300.121626853943,5800.574356615543,5931.6129115223885,6013.446090221405,5761.43874630332
2024-12-16,Thiruvarur,Tiruvarur(Farmers Market),6000.0,5543.969640433788,5958.096764683723,6056.406617164612,6111.719771027565,5917.548198327422
2024-11-16,Thiruvarur,Tiruvarur(Farmers Market),8000.0,5487.3029044270515,5888.127419352531,5971.240409016609,6065.220607221127,5852.97283500433
2024-12-17,Thiruvarur,Tiruvarur(Farmers Market),6000.0,5584.96452242136,5985.982746183872,6066.122519373894,6150.713312327862,5946.945775076747
2024-11-17,Thiruvarur,Tiruvarur(Farmers Market),3000.0,5707.045828402042,6018.073684871197,6134.882017374039,6170.995151102543,6007.749170437455
2024-12-18,Thiruvarur,Tiruvarur(Farmers Market),7000.0,5603.5819882154465,5891.892129182816,6043.987358212471,6067.259071469307,5901.68013677001
2024-11-18,Thiruvarur,Tiruvarur(Farmers Market),5000.0,5606.594707965851,5952.511096596718,6107.779914140701,6125.5402064323425,5948.106481283903
2024-12-19,Thiruvarur,Tiruvarur(Farmers Market),3500.0,5633.267034590244,5966.0164576768875,6145.5283883214,6132.799290418625,5969.402792751789
2024-11-19,Thiruvarur,Tiruvarur(Farmers Market),7000.0,5656.8747636675835,5901.734632253647,6084.300213754177,6068.29186797142,5927.800369411707
2024-12-20,Thiruvarur,Tiruvarur(Farmers Market),7000.0,5720.887681245804,5989.271988868713,6193.162200450897,6168.513107895851,6017.958744615316
2024-11-20,Thiruvarur,Tiruvarur(Farmers Market),6000.0,5738.85691255331,6013.962012529373,6214.450182914734,6183.419169485569,6037.672069370747
2024-12-21,Thiruvarur,Tiruvarur(Farmers Market),8000.0,5698.960507214069,5995.081350207329,6221.279966235161,6156.869160234928,6018.047745972872
2024-11-21,Thiruvarur,Tiruvarur(Farmers Market),6000.0,5645.9947046637535,5973.5420697927475,6042.715162336826,6097.762739956379,5940.003669187427
2024-12-22,Thiruvarur,Tiruvarur(Farmers Market),7000.0,5692.42009729147,6052.093620896339,6082.726745903492,6152.467638552189,5994.9270256608725
2024-11-22,Thiruvarur,Tiruvarur(Farmers Market),8000.0,5646.730036735535,5987.288258075714,5990.3847438097,6109.386222064495,5933.447315171361
2024-12-23,Thiruvarur,Tiruvarur(Farmers Market),4000.0,5569.824772775173,5958.662185072899,5981.418927907944,6096.517196893692,5901.605770662427
2024-11-23,Thiruvarur,Tiruvarur(Farmers Market),3000.0,5665.520269870758,5982.20756560564,6062.509635388851,6098.952597677708,5952.297517135739
2024-12-24,Thiruvarur,Tiruvarur(Farmers Market),6000.0,5538.955579996109,5896.816236376762,6065.567569732666,6017.77431666851,5879.778425693512
2024-11-24,Thiruvarur,Tiruvarur(Farmers Market),8000.0,5405.099917948246,5823.71613740921,6003.521248996258,5976.5490782260895,5802.221595644951
2024-12-25,Thiruvarur,Tiruvarur(Farmers Market),7000.0,5504.673875272274,5920.296412706375,6006.338356137276,6056.80260181427,5872.027811482549
2024-11-25,Thiruvarur,Tiruvarur(Farmers Market),3000.0,5583.328706026077,5994.962364435196,6102.621167004108,6120.116834938526,5950.257268100977
2024-12-26,Thiruvarur,Tiruvarur(Farmers Market),8000.0,5631.329946219921,5942.107932567596,6078.000631034374,6066.548488438129,5929.496749565005
2024-11-26,Thiruvarur,Tiruvarur(Farmers Market),4000.0,5730.142870545387,5935.484708547592,6062.747130990028,6083.886143267155,5953.065213337541
2024-12-27,Thiruvarur,Tiruvarur(Farmers Market),6000.0,5801.028882265091,5942.4644139409065,6105.454456210136,6083.026114106178,5982.993466630578
2024-11-27,Thiruvarur,Tiruvarur(Farmers Market),7000.0,5838.663130104542,5966.096416115761,6195.85794210434,6110.334776639938,6027.738066241145
2024-12-28,Thiruvarur,Tiruvarur(Farmers Market),7000.0,5801.778968572617,5948.582662343979,6159.988015294075,6086.675645709038,5999.256322979927
2024-11-28,Thiruvarur,Tiruvarur(Farmers Market),8000.0,5614.200754463673,5898.2754778862,6154.548937678337,6117.8622925281525,5946.2218656390905
2024-12-29,Thiruvarur,Tiruvarur(Farmers Market),5000.0,5425.617824494839,5853.667235970497,6001.039681732655,6074.7627902030945,5838.771883100271
2024-12-30,Thiruvarur,Tiruvarur(Farmers Market),7000.0,5515.20506799221,5944.445765018463,6057.269501984119,6128.36730837822,5911.321910843253
2025-05-04,The Nilgiris,Udhagamandalam(Farmers Market),6000.0,5563.605624437332,5989.430477917194,6112.984351813793,6178.601197600365,5961.155412942171
2024-10-31,The Nilgiris,Udhagamandalam(Farmers Market),6000.0,5567.376045584679,5983.551628887653,6072.893285751343,6127.248842120171,5937.767450585961
2024-11-01,The Nilgiris,Udhagamandalam(Farmers Market),6000.0,5420.677059292793,5902.561821341515,5881.117253601551,6043.960705399513,5812.079209908843
2024-10-01,The Nilgiris,Udhagamandalam(Farmers Market),3000.0,5579.178006350994,6022.133955359459,6028.471613526344,6148.022806048393,5944.451595321298
2024-09-17,The Nilgiris,Udhagamandalam(Farmers Market),6000.0,5580.991349518299,5951.925210654736,6030.00938564539,6094.464454352856,5914.34760004282
2024-11-18,The Nilgiris,Udhagamandalam(Farmers Market),4000.0,5466.23052418232,5897.3616671562195,5983.895735740662,6076.32626324892,5855.95354758203
2024-07-20,The Nilgiris,Udhagamandalam(Farmers Market),3000.0,5808.109011650085,6029.619588255882,6180.879061222076,6173.782749772072,6048.097602725029
2024-11-25,The Nilgiris,Udhagamandalam(Farmers Market),7000.0,5919.990381300449,6023.526564836502,6300.300797224045,6166.440851688385,6102.564648762345
2024-11-26,The Nilgiris,Udhagamandalam(Farmers Market),7000.0,5978.390026092529,6010.587576031685,6183.066019713879,6113.335121870041,6071.344685927033
2025-05-12,The Nilgiris,Udhagamandalam(Farmers Market),8000.0,6083.433521389961,6084.337813258171,6189.159519076347,6145.422253012657,6125.588276684284
2024-11-02,The Nilgiris,Udhagamandalam(Farmers Market),8000.0,6044.905452430248,6063.660941720009,6133.187184035778,6125.662999749184,6091.854144483805
2024-10-02,The Nilgiris,Udhagamandalam(Farmers Market),8000.0,6113.932906389236,6114.58970785141,6173.482905626297,6165.597004592419,6141.9006311148405
2024-11-03,The Nilgiris,Udhagamandalam(Farmers Market),3500.0,5679.647688567638,5900.643770694733,5995.581566393375,6057.239041626453,5908.27801682055
2024-10-03,The Nilgiris,Udhagamandalam(Farmers Market),6000.0,5583.776092529297,5817.5626692175865,5935.569902360439,5987.397249042988,5831.076478287578
2024-11-04,The Nilgiris,Udhagamandalam(Farmers Market),8000.0,5693.203499615192,5936.727871894836,6154.56083625555,6115.66248357296,5975.038672834635
2024-10-04,The Nilgiris,Udhagamandalam(Farmers Market),6000.0,5489.577436447144,5836.375271677971,6066.251975893974,6064.175436198711,5864.09503005445
2024-11-05,The Nilgiris,Udhagamandalam(Farmers Market),6000.0,5359.3627390265465,5800.926078557968,5991.436102092266,6040.992248356342,5798.179292008281
2024-10-05,The Nilgiris,Udhagamandalam(Farmers Market),8000.0,5236.559427380562,5723.915631175041,5930.401636362076,5998.707084655762,5722.39594489336
2024-11-06,The Nilgiris,Udhagamandalam(Farmers Market),3000.0,5388.647993206978,5830.88193655014,6018.627682626247,6084.674780964851,5830.708098337054
2024-10-06,The Nilgiris,Udhagamandalam(Farmers Market),8000.0,5499.549396038055,5845.144999027252,6077.326695621014,6074.4753205776215,5874.124102815986
2024-12-07,The Nilgiris,Udhagamandalam(Farmers Market),8000.0,5519.457143545151,5885.212743878365,6027.238920927048,6099.043978750706,5882.738196775317
2024-11-07,The Nilgiris,Udhagamandalam(Farmers Market),3000.0,5642.991979718208,5927.031959295273,6013.774015009403,6114.2051458358765,5924.50077496469
2024-10-07,The Nilgiris,Udhagamandalam(Farmers Market),4000.0,5728.178653419018,5946.654140949249,6010.875045657158,6071.48449420929,5939.298083558679
2024-11-08,The Nilgiris,Udhagamandalam(Farmers Market),8000.0,5688.272729218006,5917.522140443325,5990.347620248795,6007.493470013142,5900.908989980817
2024-12-09,The Nilgiris,Udhagamandalam(Farmers Market),8000.0,5598.209542632103,6017.140836417675,5981.432730257511,6086.366282701492,5920.787348002195
2024-11-10,The Nilgiris,Udhagamandalam(Farmers Market),6500.0,5619.849247038364,6094.290259182453,5999.261558353901,6122.952027916908,5959.088273122907
2024-11-11,The Nilgiris,Udhagamandalam(Farmers Market),3000.0,5466.197684109211,6039.191279709339,5889.886980950832,6062.272139787674,5864.387021139264
2024-11-12,The Nilgiris,Udhagamandalam(Farmers Market),8000.0,5638.939800262451,6093.8947504758835,5960.444115996361,6067.152460217476,5940.107781738043
2024-11-13,The Nilgiris,Udhagamandalam(Farmers Market),5000.0,5644.494056105614,6098.765552043915,5976.354893445969,6072.976099848747,5948.147650361061
2024-11-14,The Nilgiris,Udhagamandalam(Farmers Market),7000.0,5618.049230277538,6106.033203005791,6035.526993870735,6078.499895334244,5959.527330622077
2024-10-14,The Nilgiris,Udhagamandalam(Farmers Market),6000.0,5653.66405159235,6148.201760649681,6080.216146111488,6134.354672431946,6004.109157696366
2024-11-15,The Nilgiris,Udhagamandalam(Farmers Market),8000.0,5640.581803917885,6090.0567454099655,6082.15037882328,6090.041991174221,5975.707729831338
2024-10-15,The Nilgiris,Udhagamandalam(Farmers Market),4000.0,5387.189227640629,5950.083310902119,5961.714408099651,6005.088529586792,5826.018869057298
2024-11-16,The Nilgiris,Udhagamandalam(Farmers Market),6000.0,5502.203730642796,5972.006677389145,5993.469330966473,6007.829009890556,5868.877187222242
2024-10-16,The Nilgiris,Udhagamandalam(Farmers Market),8000.0,5471.172241270542,5967.895005047321,6096.907946169376,6027.706297039986,5890.920372381806
2024-07-17,The Nilgiris,Udhagamandalam(Farmers Market),8000.0,5360.485012829304,5871.2485736608505,6044.354310333729,5995.309802889824,5817.849424928427
2024-11-17,The Nilgiris,Udhagamandalam(Farmers Market),7000.0,5448.82290571928,5948.48842561245,6050.302171111107,6014.372275471687,5865.496444478631
2024-10-17,The Nilgiris,Udhagamandalam(Farmers Market),6000.0,5534.386050403118,5974.337846636772,6043.009295165539,6018.216943740845,5892.487533986568
2024-07-18,The Nilgiris,Udhagamandalam(Farmers Market),7000.0,5510.933954715729,5938.544070720673,6110.796917378902,6061.319301724434,5905.398561134934
2024-10-18,The Nilgiris,Udhagamandalam(Farmers Market),5000.0,5342.567659318447,5758.891736865044,5985.500139892101,5938.886749744415,5756.461571455002
2024-07-19,The Nilgiris,Udhagamandalam(Farmers Market),7000.0,5387.61329293251,5828.637388944626,6053.300612568855,6007.0527467131615,5819.151010289788
2024-11-19,The Nilgiris,Udhagamandalam(Farmers Market),7000.0,5403.399373292923,5854.2621648311615,5991.6469448804855,6015.555469989777,5816.215988248587
2024-10-19,The Nilgiris,Udhagamandalam(Farmers Market),3000.0,5467.5593572855,5935.664615035057,6049.885720908642,6084.724754989147,5884.458612054586
2024-11-20,The Nilgiris,Udhagamandalam(Farmers Market),6000.0,5494.746178388596,5875.493034124374,5992.535530626774,6030.79040825367,5848.391287848353
2024-10-20,The Nilgiris,Udhagamandalam(Farmers Market),6000.0,5414.132365882397,5838.672173023224,5929.892853200436,6013.069143295288,5798.941633850336
2024-11-21,The Nilgiris,Udhagamandalam(Farmers Market),5000.0,5467.009643018246,5911.773223876953,5965.0950318574905,6057.764482796192,5850.41059538722
2024-10-21,The Nilgiris,Udhagamandalam(Farmers Market),7000.0,5591.159397661686,5989.527570307255,6103.364590108395,6133.827327489853,5954.469721391797
2024-09-21,The Nilgiris,Udhagamandalam(Farmers Market),7000.0,5743.807672560215,6051.546286344528,6118.21972578764,6159.248399734497,6018.20552110672
2024-07-22,The Nilgiris,Udhagamandalam(Farmers Market),7000.0,5733.7053045630455,6027.214171886444,6127.6776668429375,6152.500478625298,6010.274405479431
2024-11-22,The Nilgiris,Udhagamandalam(Farmers Market),5000.0,5543.229548931122,5883.676399588585,6021.274402141571,6026.602109074593,5868.695614933968
2024-10-22,The Nilgiris,Udhagamandalam(Farmers Market),3000.0,5558.345501422882,5912.653718590736,6113.385095894337,6052.182622253895,5909.1417345404625
2024-09-22,The Nilgiris,Udhagamandalam(Farmers Market),6000.0,5500.674525499344,5807.8072637319565,6094.145096540451,5972.776753306389,5843.850909769535
2024-07-23,The Nilgiris,Udhagamandalam(Farmers Market),3000.0,5419.838447570801,5734.697645902634,6024.109595119953,5941.27693593502,5779.980656132102
2024-11-23,The Nilgiris,Udhagamandalam(Farmers Market),6000.0,5573.89646589756,5775.126155614853,6119.085466265678,5997.3887223005295,5866.374202519655
2024-10-23,The Nilgiris,Udhagamandalam(Farmers Market),6600.0,5584.116867780685,5741.505535840988,6083.967053592205,5998.51004421711,5852.024875357747
2024-09-23,The Nilgiris,Udhagamandalam(Farmers Market),7000.0,5501.1228638887405,5729.883005619049,6035.841116309166,6022.6717710494995,5822.379689216614
2024-07-24,The Nilgiris,Udhagamandalam(Farmers Market),8000.0,5597.514189779758,5852.735815346241,6180.281276702881,6147.58969783783,5944.5302449166775
2024-11-24,The Nilgiris,Udhagamandalam(Farmers Market),3000.0,5613.904717862606,5832.290728092194,6095.950348675251,6090.494137108326,5908.159982934594
2024-10-24,The Nilgiris,Udhagamandalam(Farmers Market),6000.0,5638.414359092712,5821.753348112106,6104.290299415588,6063.810387849808,5907.067098617554
2024-09-24,The Nilgiris,Udhagamandalam(Farmers Market),6000.0,5575.948256552219,5771.270064711571,6089.057264924049,6009.45149987936,5861.4317715168
2024-07-25,The Nilgiris,Udhagamandalam(Farmers Market),8000.0,5664.334695637226,5846.471928358078,6166.426573395729,6053.916958868504,5932.787539064884
2024-10-25,The Nilgiris,Udhagamandalam(Farmers Market),6000.0,5579.641574919224,5825.332916080952,6142.278172969818,6041.913198232651,5897.291465550661
2024-09-25,The Nilgiris,Udhagamandalam(Farmers Market),6000.0,5559.61341381073,5848.879724442959,6173.925056755543,6065.703689455986,5912.030471116304
2024-07-26,The Nilgiris,Udhagamandalam(Farmers Market),8000.0,5394.769097268581,5754.344576597214,6122.753083705902,6011.241521835327,5820.777069851756
2024-10-26,The Nilgiris,Udhagamandalam(Farmers Market),8000.0,5254.037009477615,5776.229391694069,6002.263807356358,6044.565153121948,5769.2738404124975
2024-09-26,The Nilgiris,Udhagamandalam(Farmers Market),3500.0,5339.94473695755,5868.145424723625,5978.5899221897125,6090.417510271072,5819.27439853549
2024-07-27,The Nilgiris,Udhagamandalam(Farmers Market),3000.0,5365.267764925957,5846.611855626106,5975.598619878292,6043.9340525865555,5807.853073254228
2024-11-27,The Nilgiris,Udhagamandalam(Farmers Market),8000.0,5535.569720864296,5938.532648086548,6085.577169060707,6080.512182712555,5910.0479301810265
2024-09-27,The Nilgiris,Udhagamandalam(Farmers Market),3000.0,5531.778834164143,5913.67033302784,6078.413273692131,6076.620872020721,5900.120828226209
2024-07-28,The Nilgiris,Udhagamandalam(Farmers Market),6000.0,5492.823368310928,5852.541154623032,6034.706467986107,6007.404944598675,5846.868983879685
2024-10-28,The Nilgiris,Udhagamandalam(Farmers Market),6000.0,5536.592998504639,5945.859315991402,6131.719375550747,6080.12809664011,5923.574946671724
2024-09-28,The Nilgiris,Udhagamandalam(Farmers Market),7000.0,5606.272494494915,5988.147811293602,6207.03927308321,6130.923122763634,5983.09567540884
2024-10-29,The Nilgiris,Udhagamandalam(Farmers Market),6000.0,5667.9518631100655,5963.0084973573685,6143.633658885956,6075.592834949493,5962.546713575721
2024-09-29,The Nilgiris,Udhagamandalam(Farmers Market),7000.0,5622.526426911354,5930.769064426422,6111.645999848843,6051.109846532345,5929.012834429741
2024-10-30,The Nilgiris,Udhagamandalam(Farmers Market),7000.0,5630.000637173653,5927.951481342316,6107.052197158337,6045.863049924374,5927.71684139967
2024-09-30,The Nilgiris,Udhagamandalam(Farmers Market),8000.0,5481.163238584995,5824.268231391907,6019.749004542828,6000.092079043388,5831.3181383907795
2025-04-01,The Nilgiris,Udhagamandalam(Farmers Market),7000.0,5547.886176109314,5885.829566121101,6062.305455803871,6054.816491305828,5887.709422335029
2024-08-01,The Nilgiris,Udhagamandalam(Farmers Market),5000.0,5635.100843310356,5923.887879252434,6120.698437392712,6104.66581851244,5946.088244616985
2025-07-01,The Nilgiris,Udhagamandalam(Farmers Market),3000.0,5366.719391345978,5735.877984762192,5994.161352217197,6015.316546559334,5778.018818721175
2025-06-01,The Nilgiris,Udhagamandalam(Farmers Market),6000.0,5261.711115837097,5684.230544567108,5992.451288700104,5973.563011288643,5727.988990098238
2025-05-01,The Nilgiris,Udhagamandalam(Farmers Market),8000.0,5244.602865576744,5683.563272356987,5985.430176258087,5963.952768445015,5719.387270659208
2024-09-01,The Nilgiris,Udhagamandalam(Farmers Market),6000.0,5417.0084899663925,5818.0838268995285,6052.095048725605,6052.662372887135,5834.962434619665
2025-04-02,The Nilgiris,Udhagamandalam(Farmers Market),4000.0,5409.10783469677,5815.617489814758,6053.54857891798,6044.42855745554,5830.675615221262
2024-08-02,The Nilgiris,Udhagamandalam(Farmers Market),6000.0,5503.533991575241,5839.2261707782745,6032.440978884697,6027.984247803688,5850.796347260475
2024-12-02,The Nilgiris,Udhagamandalam(Farmers Market),6000.0,5665.195200741291,5959.740672111511,6176.707895994186,6138.753814399242,5985.099395811558
2025-07-02,The Nilgiris,Udhagamandalam(Farmers Market),5000.0,5713.443931341171,5950.060941576958,6183.771367371082,6115.372158288956,5990.662099644542
2025-06-02,The Nilgiris,Udhagamandalam(Farmers Market),6000.0,5473.212133347988,5777.157480716705,5981.17381721735,5974.668151140213,5801.552895605564
2025-05-02,The Nilgiris,Udhagamandalam(Farmers Market),8000.0,5543.225741386414,5876.006100773811,6080.493620932102,6068.223332166672,5891.98719881475
2024-09-02,The Nilgiris,Udhagamandalam(Farmers Market),6000.0,5463.778465390205,5839.546004533768,6023.220533430576,6052.75137424469,5844.82409439981
2025-04-03,The Nilgiris,Udhagamandalam(Farmers Market),6000.0,5518.086903393269,5886.0537353158,6078.288576602936,6093.647260069847,5894.019118845463
2024-08-03,The Nilgiris,Udhagamandalam(Farmers Market),8000.0,5378.405221998692,5756.521540284157,5969.915859401226,6006.771464347839,5777.903521507978
2024-12-03,The Nilgiris,Udhagamandalam(Farmers Market),7000.0,5337.759206295013,5793.497558832169,5973.468298614025,6052.840851545334,5789.391478821635
2025-07-03,The Nilgiris,Udhagamandalam(Farmers Market),3000.0,5479.205684661865,5903.010635674,6089.229080379009,6128.574343621731,5900.004936084151
2025-06-03,The Nilgiris,Udhagamandalam(Farmers Market),6000.0,5572.62617379427,5893.564593195915,6082.510667741299,6077.741242051125,5906.610669195652
2025-05-03,The Nilgiris,Udhagamandalam(Farmers Market),8000.0,5552.965440750122,5902.267212569714,6112.86869764328,6061.307403147221,5907.352188527584
2024-09-03,The Nilgiris,Udhagamandalam(Farmers Market),7000.0,5421.411439478397,5854.905163943768,6048.077613115311,6039.238874018192,5840.908272638917
2025-04-04,The Nilgiris,Udhagamandalam(Farmers Market),8000.0,5426.043793559074,5885.2574825286865,6078.879221975803,6064.442440271378,5863.6557345837355
2024-08-04,The Nilgiris,Udhagamandalam(Farmers Market),3000.0,5438.102287650108,5844.316858053207,6030.036514401436,6034.2171984910965,5836.668214648962
2024-12-04,The Nilgiris,Udhagamandalam(Farmers Market),7000.0,5439.133656322956,5805.421836972237,6025.183798670769,5970.44606000185,5810.046337991953
2025-07-04,The Nilgiris,Udhagamandalam(Farmers Market),3000.0,5597.574634552002,5941.028493642807,6180.399310588837,6092.947147786617,5952.987396642566
2025-06-04,The Nilgiris,Udhagamandalam(Farmers Market),8000.0,5615.449153184891,5846.2054002285,6135.15711247921,6007.322606444359,5901.03356808424
2024-09-04,The Nilgiris,Udhagamandalam(Farmers Market),7000.0,5532.873503267765,5886.001381576061,6040.607686340809,6064.939324855804,5881.10547401011
2025-04-05,The Nilgiris,Udhagamandalam(Farmers Market),7000.0,5646.00565135479,5997.4191826581955,6094.978948831558,6142.3590832948685,5970.190716534853
2024-08-05,The Nilgiris,Udhagamandalam(Farmers Market),8000.0,5685.753562450409,6010.583768486977,6116.227903962135,6153.622276484966,5991.546877846122
2025-07-05,The Nilgiris,Udhagamandalam(Farmers Market),8000.0,5587.528903782368,5935.529923141003,6004.554997384548,6100.519878268242,5907.03342564404
2025-06-05,The Nilgiris,Udhagamandalam(Farmers Market),6000.0,5502.201826870441,5924.273393154144,6031.086444854736,6102.749195694923,5890.077715143561
2025-03-05,The Nilgiris,Udhagamandalam(Farmers Market),5000.0,5461.852799654007,5933.129742145538,6068.846817612648,6098.941650986671,5890.692752599716
2025-05-05,The Nilgiris,Udhagamandalam(Farmers Market),8000.0,5637.842751443386,5990.451375842094,6125.091392099857,6110.944935679436,5966.082613766193
2024-09-05,The Nilgiris,Udhagamandalam(Farmers Market),3000.0,5507.21921890974,5888.557671904564,6041.963172256947,6062.79853284359,5875.13464897871
2025-04-06,The Nilgiris,Udhagamandalam(Farmers Market),6000.0,5458.809143602848,5834.3215772509575,6021.489528417587,6003.405594825745,5829.506461024284
2024-08-06,The Nilgiris,Udhagamandalam(Farmers Market),12000.0,5471.818096041679,5898.805678486824,6095.106501579285,6069.261364042759,5883.747910037637
2024-12-06,The Nilgiris,Udhagamandalam(Farmers Market),7000.0,5347.318999171257,5888.311133384705,6010.564730763435,6086.599494814873,5833.198589533567
2025-06-06,The Nilgiris,Udhagamandalam(Farmers Market),6000.0,5469.497873485088,5912.568048834801,5944.46956217289,6073.392074108124,5849.981889650226
2025-03-06,The Nilgiris,Udhagamandalam(Farmers Market),6000.0,5652.107717692852,6024.675491452217,6047.985756099224,6145.579314231873,5967.587069869041
2025-05-06,The Nilgiris,Udhagamandalam(Farmers Market),6000.0,5972.296526730061,6126.968035697937,6146.522633433342,6197.334317564964,6110.780378356576
2024-09-06,The Nilgiris,Udhagamandalam(Farmers Market),3000.0,5833.230715692043,6019.328270852566,6146.491221189499,6155.042014718056,6038.523055613041
2025-04-07,The Nilgiris,Udhagamandalam(Farmers Market),8000.0,5720.681121945381,5913.134421110153,6088.338590860367,6050.027076005936,5943.045302480459
2024-08-07,The Nilgiris,Udhagamandalam(Farmers Market),4000.0,5619.936820566654,5872.640231251717,6070.556405186653,6049.945213794708,5903.269667699933
2025-07-07,The Nilgiris,Udhagamandalam(Farmers Market),8000.0,5664.580282270908,5887.657187581062,6133.33900988102,6065.598981976509,5937.793865427375
2025-06-07,The Nilgiris,Udhagamandalam(Farmers Market),6000.0,5553.696489334106,5918.8971400260925,6062.977963387966,6088.030655682087,5905.900562107563
2025-03-07,The Nilgiris,Udhagamandalam(Farmers Market),7000.0,5555.637861192226,5958.802112340927,6032.815070152283,6093.474016785622,5910.1822651177645
2025-05-07,The Nilgiris,Udhagamandalam(Farmers Market),7000.0,5754.579692482948,6078.396615684032,6123.162870705128,6167.7701607346535,6030.9773349016905
2024-09-07,The Nilgiris,Udhagamandalam(Farmers Market),6000.0,5689.696750938892,6030.7570922374725,6102.000537216663,6121.110128164291,5985.89112713933
2025-04-08,The Nilgiris,Udhagamandalam(Farmers Market),8000.0,5604.520547986031,5903.954430818558,5939.7896137833595,5995.59965223074,5860.966061204672
2024-08-08,The Nilgiris,Udhagamandalam(Farmers Market),7000.0,5540.01502931118,5919.0699073672295,5932.944124341011,6026.013843417168,5854.510726109147
2024-12-08,The Nilgiris,Udhagamandalam(Farmers Market),6000.0,5505.698580741882,5966.419105529785,6076.296278834343,6111.1686289310455,5914.895648509264
2025-07-08,The Nilgiris,Udhagamandalam(Farmers Market),3000.0,5333.785081505775,5783.712168931961,5951.464973688126,5973.509229719639,5760.617863461375
2025-06-08,The Nilgiris,Udhagamandalam(Farmers Market),8000.0,5434.0163162350655,5841.251784563065,6051.037503182888,6026.386030912399,5838.172908723354
2025-03-08,The Nilgiris,Udhagamandalam(Farmers Market),4000.0,5429.700464308262,5841.348876953125,6075.349628031254,6039.7781175374985,5846.544271707535
2025-05-08,The Nilgiris,Udhagamandalam(Farmers Market),3000.0,5379.001102745533,5813.464323282242,6043.48523825407,5990.963966548443,5806.728657707572
2024-10-08,The Nilgiris,Udhagamandalam(Farmers Market),8000.0,5568.255588412285,5888.556720018387,6127.180782258511,6040.529155731201,5906.130561605096
2024-09-08,The Nilgiris,Udhagamandalam(Farmers Market),6000.0,5670.321107804775,5990.547516345978,6255.491707324982,6136.742478907108,6013.275702595711
2025-04-09,The Nilgiris,Udhagamandalam(Farmers Market),6000.0,5786.410766243935,6003.493168354034,6251.5666046738625,6113.884360194206,6038.838724866509
2024-08-09,The Nilgiris,Udhagamandalam(Farmers Market),3000.0,5497.408128082752,5841.021428108215,6146.17329120636,6029.284524321556,5878.471842929721
2025-07-09,The Nilgiris,Udhagamandalam(Farmers Market),7000.0,5512.459352314472,5791.360098421574,6108.7732073664665,6003.499831557274,5854.023122414947
2025-06-09,The Nilgiris,Udhagamandalam(Farmers Market),8000.0,5535.544971823692,5828.939136862755,6177.9025131464,6058.628319501877,5900.253735333681
2025-03-09,The Nilgiris,Udhagamandalam(Farmers Market),7000.0,5377.143972814083,5813.412445485592,6049.3069741129875,6047.228054702282,5821.772861778736
2025-05-09,The Nilgiris,Udhagamandalam(Farmers Market),3000.0,5347.78161585331,5786.630651950836,5948.714974522591,6011.321956217289,5773.612299636006
2024-10-09,The Nilgiris,Udhagamandalam(Farmers Market),6000.0,5492.847165465355,5829.475048780441,6053.891257941723,6043.704172074795,5854.9794110655785
2024-09-09,The Nilgiris,Udhagamandalam(Farmers Market),6000.0,5571.751866340637,5920.624813437462,6162.296815216541,6130.75892239809,5946.358104348183
2025-04-10,The Nilgiris,Udhagamandalam(Farmers Market),3000.0,5612.356950938702,5938.281350135803,6190.480261147022,6150.050323605537,5972.792221456766
2024-08-10,The Nilgiris,Udhagamandalam(Farmers Market),6000.0,5611.199457347393,5865.771896541119,6096.892240047455,6044.464729130268,5904.582080766559
2025-07-10,The Nilgiris,Udhagamandalam(Farmers Market),8000.0,5491.566878557205,5811.007505059242,6079.726876616478,6038.258907198906,5855.140041857958
2025-03-10,The Nilgiris,Udhagamandalam(Farmers Market),8000.0,5536.301245391369,5826.02065384388,6094.29121106863,6069.785377383232,5881.599621921778
2024-10-10,The Nilgiris,Udhagamandalam(Farmers Market),8000.0,5675.742099583149,5850.930563211441,6091.444595456123,6068.802554905415,5921.729953289032
2024-09-10,The Nilgiris,Udhagamandalam(Farmers Market),7000.0,5590.3674283623695,5867.970277667046,6122.549856007099,6074.808956682682,5913.924129679799
2025-04-11,The Nilgiris,Udhagamandalam(Farmers Market),8000.0,5547.638685703278,5882.9596292972565,6128.253082036972,6067.9168248176575,5906.692055463791
2024-08-11,The Nilgiris,Udhagamandalam(Farmers Market),6000.0,5319.853275418282,5786.593528389931,6005.733908414841,6022.1272921562195,5783.577001094818
2025-07-11,The Nilgiris,Udhagamandalam(Farmers Market),6000.0,5284.2632031440735,5757.481041550636,5877.742817103863,5977.540943622589,5724.25700135529
2025-06-11,The Nilgiris,Udhagamandalam(Farmers Market),7000.0,5426.383616924286,5905.827742815018,6027.424538731575,6092.010015845299,5862.911478579044
2025-03-11,The Nilgiris,Udhagamandalam(Farmers Market),4000.0,5443.96162301302,5922.483847141266,6123.389419615269,6170.301226079464,5915.0340289622545
2025-05-11,The Nilgiris,Udhagamandalam(Farmers Market),7000.0,5464.0516567230225,5872.877726852894,6092.207532227039,6116.007542312145,5886.286114528775
2024-10-11,The Nilgiris,Udhagamandalam(Farmers Market),6000.0,5427.634395360947,5846.806040406227,6003.740182816982,6050.238394737244,5832.10475333035
2024-09-11,The Nilgiris,Udhagamandalam(Farmers Market),7000.0,5346.9791758060455,5788.858065605164,5927.447457611561,6002.456088364124,5766.435196846724
2025-04-12,The Nilgiris,Udhagamandalam(Farmers Market),7000.0,5451.449635624886,5847.953063249588,5975.4234728217125,6051.893248856068,5831.679855138063
2024-08-12,The Nilgiris,Udhagamandalam(Farmers Market),8000.0,5647.307831645012,5954.317776560783,6075.495266616344,6111.01823091507,5947.034776434302
2025-07-12,The Nilgiris,Udhagamandalam(Farmers Market),6000.0,5600.318446457386,5904.398961663246,6028.660562932491,6083.136056959629,5904.128507003188
2025-06-12,The Nilgiris,Udhagamandalam(Farmers Market),7000.0,5467.250470221043,5812.692343592644,5933.720387518406,6005.613018870354,5804.8190550506115
2025-03-12,The Nilgiris,Udhagamandalam(Farmers Market),6000.0,5463.048368692398,5853.281722068787,5960.364633500576,6044.558489918709,5830.313303545117
2024-10-12,The Nilgiris,Udhagamandalam(Farmers Market),4000.0,5588.158576488495,5968.678883314133,6081.407431662083,6133.935842514038,5943.045183494687
2024-09-12,The Nilgiris,Udhagamandalam(Farmers Market),8000.0,5655.364596247673,5958.179578781128,6087.028795480728,6126.2046229839325,5956.694398373365
2025-04-13,The Nilgiris,Udhagamandalam(Farmers Market),7000.0,5562.470976114273,5902.944479584694,6046.837305426598,6102.379387915134,5903.658037260175
2024-08-13,The Nilgiris,Udhagamandalam(Farmers Market),6000.0,5574.097789824009,5939.490245580673,6095.01416862011,6110.897341370583,5929.874886348844
2025-07-13,The Nilgiris,Udhagamandalam(Farmers Market),6000.0,5509.994919002056,5922.698021531105,6079.553157389164,6088.599883615971,5900.211495384574
2025-06-13,The Nilgiris,Udhagamandalam(Farmers Market),3000.0,5508.412408232689,5949.405092000961,6084.6990540623665,6114.611601233482,5914.282038882375
2025-03-13,The Nilgiris,Udhagamandalam(Farmers Market),4000.0,5702.977942824364,5961.350311636925,6084.481072127819,6106.328763663769,5963.784522563219
2025-05-13,The Nilgiris,Udhagamandalam(Farmers Market),3000.0,5726.699422299862,5943.528146743774,6147.7919736504555,6113.52026373148,5982.884951606393
2024-10-13,The Nilgiris,Udhagamandalam(Farmers Market),3500.0,5709.783928990364,5868.854579925537,6139.58100348711,6031.827964186668,5937.51186914742
2024-09-13,The Nilgiris,Udhagamandalam(Farmers Market),8000.0,5839.967214167118,5888.036038279533,6243.3189868927,6073.0784276127815,6011.100166738033
2025-04-14,The Nilgiris,Udhagamandalam(Farmers Market),8000.0,5837.111079692841,5853.021857142448,6220.759284496307,6063.098852932453,5993.497768566012
2024-08-14,The Nilgiris,Udhagamandalam(Farmers Market),7000.0,5693.642319142818,5902.6808071136475,6094.796186685562,6082.130389213562,5943.3124255388975
2025-06-14,The Nilgiris,Udhagamandalam(Farmers Market),8000.0,5914.389958977699,6049.356948137283,6187.593666315079,6181.651516854763,6083.248022571206
2025-03-14,The Nilgiris,Udhagamandalam(Farmers Market),6000.0,5941.60438477993,6066.456631422043,6226.349712014198,6184.114998281002,6104.631431624293
2025-05-14,The Nilgiris,Udhagamandalam(Farmers Market),6000.0,5800.051295161247,5999.306772947311,6196.837432980537,6124.353204369545,6030.13717636466
2024-09-14,The Nilgiris,Udhagamandalam(Farmers Market),7000.0,5756.49774312973,5928.482633829117,6153.044481575489,6048.7401258945465,5971.691246107221
2025-04-15,The Nilgiris,Udhagamandalam(Farmers Market),8000.0,5559.347837567329,5841.411701440811,6115.478293597698,6002.83351123333,5879.767835959792
2024-08-15,The Nilgiris,Udhagamandalam(Farmers Market),3000.0,5384.75477874279,5782.436641454697,6099.873547554016,5996.557249724865,5815.905554369092
2024-12-15,The Nilgiris,Udhagamandalam(Farmers Market),7000.0,5347.876328527927,5724.873228669167,6113.261826634407,5971.428882479668,5789.360066577792
2025-07-15,The Nilgiris,Udhagamandalam(Farmers Market),6000.0,5337.117159068584,5746.635250449181,6178.98195207119,6046.784951686859,5827.3798283189535
2025-06-15,The Nilgiris,Udhagamandalam(Farmers Market),7000.0,5284.130890965462,5701.0175332427025,6084.444424510002,5984.798123836517,5763.597743138671
2025-03-15,The Nilgiris,Udhagamandalam(Farmers Market),8000.0,5252.492098212242,5657.144147455692,5982.775841653347,5952.247424125671,5711.164877861738
2025-05-15,The Nilgiris,Udhagamandalam(Farmers Market),5000.0,5347.038192749023,5753.0861830711365,5978.0535343289375,6027.435485422611,5776.403348892927
2025-04-16,The Nilgiris,Udhagamandalam(Farmers Market),6000.0,5663.522260785103,5895.2008855342865,6123.793495297432,6112.592174708843,5948.777204081416
2024-08-16,The Nilgiris,Udhagamandalam(Farmers Market),3000.0,5553.4861224889755,5795.598371624947,5975.581485927105,6029.793307483196,5838.614821881056
2024-12-16,The Nilgiris,Udhagamandalam(Farmers Market),8000.0,5548.449692726135,5779.035552144051,6034.105351865292,6070.363172292709,5857.988442257047
2024-07-16,The Nilgiris,Udhagamandalam(Farmers Market),8000.0,5673.559900522232,5921.310171484947,6135.384137332439,6155.224776864052,5971.369746550918
2025-07-16,The Nilgiris,Udhagamandalam(Farmers Market),5000.0,5662.014949023724,5976.888901591301,6154.4794499874115,6164.294348359108,5989.419412240386
2025-06-16,The Nilgiris,Udhagamandalam(Farmers Market),8000.0,5597.603191137314,5935.898779034615,6114.629687070847,6086.017892360687,5933.537387400866
2025-05-16,The Nilgiris,Udhagamandalam(Farmers Market),3000.0,5460.838088989258,5841.770562529564,6027.9828199744225,6002.686920762062,5833.319598063827
2024-09-16,The Nilgiris,Udhagamandalam(Farmers Market),8000.0,5398.465271294117,5802.676597237587,6046.702137589455,5945.45809596777,5798.325525522232
2025-04-17,The Nilgiris,Udhagamandalam(Farmers Market),7000.0,5331.728531420231,5777.306926846504,6070.065707862377,5966.3110664486885,5786.35305814445
2024-08-17,The Nilgiris,Udhagamandalam(Farmers Market),3000.0,5449.594885408878,5869.135386347771,6107.172610759735,6006.3202702999115,5858.055788204074
2024-12-17,The Nilgiris,Udhagamandalam(Farmers Market),6000.0,5475.476670563221,5848.462322354317,6114.005725681782,5982.061451077461,5855.001542419195
2025-07-17,The Nilgiris,Udhagamandalam(Farmers Market),6000.0,5464.870754778385,5858.235337734222,6121.906856894493,5996.762381196022,5860.443832650781
2025-06-17,The Nilgiris,Udhagamandalam(Farmers Market),6000.0,5399.6817818284035,5805.992016792297,6050.572030842304,5979.992050528526,5809.059469997883
2025-03-17,The Nilgiris,Udhagamandalam(Farmers Market),7000.0,5304.3813174963,5724.395381808281,5959.996253550053,5950.874804258347,5734.911939278245
2025-05-17,The Nilgiris,Udhagamandalam(Farmers Market),6000.0,5429.239751398563,5848.180564045906,6061.028024554253,6049.271754324436,5846.93002358079
2025-04-18,The Nilgiris,Udhagamandalam(Farmers Market),7000.0,5585.773149728775,5904.288542866707,6148.853802680969,6113.693507015705,5938.152250573039
2024-08-18,The Nilgiris,Udhagamandalam(Farmers Market),6000.0,5677.251791059971,5897.051352262497,6133.422775864601,6100.141979455948,5951.966974660754
2024-12-18,The Nilgiris,Udhagamandalam(Farmers Market),4000.0,5581.774275898933,5831.574909687042,6133.581264913082,6047.669729888439,5898.650045096874
2025-07-18,The Nilgiris,Udhagamandalam(Farmers Market),7000.0,5450.635772943497,5753.637325167656,6111.269052922726,5991.719764173031,5826.815478801727
2025-06-18,The Nilgiris,Udhagamandalam(Farmers Market),3000.0,5346.852099001408,5713.608607649803,6046.816839873791,5943.668549954891,5762.736524119973
2025-03-18,The Nilgiris,Udhagamandalam(Farmers Market),8000.0,5398.221588432789,5752.79014647007,6084.527238607407,5967.854549884796,5800.848380848765
2025-05-18,The Nilgiris,Udhagamandalam(Farmers Market),6000.0,5500.871089994907,5843.972275257111,6124.605454206467,6007.5139355659485,5869.240688756108
2024-09-18,The Nilgiris,Udhagamandalam(Farmers Market),4000.0,5463.121663928032,5869.8883283138275,6124.144741296768,6027.320783138275,5871.118879169226
2025-04-19,The Nilgiris,Udhagamandalam(Farmers Market),8000.0,5349.813416898251,5774.89056378603,6032.233467698097,5958.423261642456,5778.840177506208
2024-08-19,The Nilgiris,Udhagamandalam(Farmers Market),8000.0,5402.341827750206,5832.720028758049,6003.799675703049,5986.502951979637,5806.341121047735
2024-12-19,The Nilgiris,Udhagamandalam(Farmers Market),8000.0,5346.3218984007835,5819.643016457558,5962.929014861584,5998.674244582653,5781.8920435756445
2025-07-19,The Nilgiris,Udhagamandalam(Farmers Market),7000.0,5319.5648539066315,5894.884859323502,5919.74051117897,6065.239169001579,5799.857348352671
2025-06-19,The Nilgiris,Udhagamandalam(Farmers Market),6000.0,5362.983714044094,5906.891475617886,5891.629408597946,6044.543259739876,5801.51196449995
2025-03-19,The Nilgiris,Udhagamandalam(Farmers Market),6000.0,5347.0991134643555,5913.188678622246,5862.36509591341,6037.890527248383,5790.1358538120985
2025-05-19,The Nilgiris,Udhagamandalam(Farmers Market),3000.0,5480.518335700035,6061.011842489243,6001.001606285572,6134.873450398445,5919.351308718324
2024-09-19,The Nilgiris,Udhagamandalam(Farmers Market),8000.0,5486.503795981407,6009.716124236584,5977.025021314621,6077.39903897047,5887.660995125771
2025-04-20,The Nilgiris,Udhagamandalam(Farmers Market),8000.0,5434.467986226082,6008.401093482971,5945.242017805576,6086.013132929802,5868.531057611108
2024-08-20,The Nilgiris,Udhagamandalam(Farmers Market),6000.0,5531.712678074837,6078.07345032692,6013.707858920097,6114.080448746681,5934.393609017134
2025-06-20,The Nilgiris,Udhagamandalam(Farmers Market),4000.0,5531.631291806698,6062.19884455204,6052.328260838985,6111.8801638484,5939.509640261531
2025-03-20,The Nilgiris,Udhagamandalam(Farmers Market),5000.0,5606.164455413818,6009.960283041,5981.917240321636,6030.341117978096,5907.095774188638
2025-05-20,The Nilgiris,Udhagamandalam(Farmers Market),6000.0,5632.158563137054,6048.482164740562,6063.305888175964,6076.165870428085,5955.028121620417
2024-09-20,The Nilgiris,Udhagamandalam(Farmers Market),6000.0,5624.188896119595,6052.141215205193,6079.075786471367,6091.307999789715,5961.678474396467
2025-04-21,The Nilgiris,Udhagamandalam(Farmers Market),6000.0,5870.862107872963,6131.377648413181,6154.176274240017,6153.450461030006,6077.466622889042
2024-08-21,The Nilgiris,Udhagamandalam(Farmers Market),6000.0,5748.763191998005,5937.255216836929,6007.151742875576,6000.135865807533,5923.326504379511
2024-07-21,The Nilgiris,Udhagamandalam(Farmers Market),7000.0,5648.320162594318,5898.266910910606,5936.195767521858,5979.136304855347,5865.479786470532
2025-07-21,The Nilgiris,Udhagamandalam(Farmers Market),6000.0,5646.249334216118,5965.8346474170685,6109.97781932354,6108.9773869514465,5957.759796977043
2025-06-21,The Nilgiris,Udhagamandalam(Farmers Market),3000.0,5528.7242314219475,5835.18922150135,6018.411604464054,6007.8846952319145,5847.552438154817
2025-03-21,The Nilgiris,Udhagamandalam(Farmers Market),7000.0,5586.07632547617,5850.298510789871,6075.494314730167,6012.299067378044,5881.042054593563
2025-05-21,The Nilgiris,Udhagamandalam(Farmers Market),6000.0,5635.560604333878,5932.330157756805,6184.315370321274,6108.142582774162,5965.08717879653
2025-04-22,The Nilgiris,Udhagamandalam(Farmers Market),8000.0,5640.831674039364,5872.160004675388,6085.934602320194,6021.85172110796,5905.194500535727
2024-08-22,The Nilgiris,Udhagamandalam(Farmers Market),3000.0,5657.266464829445,5952.044672369957,6173.327748179436,6101.846807599068,5971.121423244476
2025-06-22,The Nilgiris,Udhagamandalam(Farmers Market),8000.0,5551.381978094578,5839.095762372017,6117.148377895355,6013.5707873106,5880.299226418138
2025-03-22,The Nilgiris,Udhagamandalam(Farmers Market),8000.0,5419.830832481384,5756.796635389328,6076.453340053558,5970.292806327343,5805.843403562903
2025-05-22,The Nilgiris,Udhagamandalam(Farmers Market),3000.0,5407.920832633972,5751.463217139244,6052.331116497517,5954.1307309269905,5791.461474299431
2025-04-23,The Nilgiris,Udhagamandalam(Farmers Market),7000.0,5388.865499198437,5715.12972176075,6055.030189752579,5899.240214526653,5764.566406309605
2024-08-23,The Nilgiris,Udhagamandalam(Farmers Market),6000.0,5429.641447365284,5776.741506457329,6130.312963724136,5981.093382835388,5829.447325095534
2025-02-23,The Nilgiris,Udhagamandalam(Farmers Market),3000.0,5488.2538387179375,5812.609529495239,6157.314642965794,6017.997058033943,5869.043767303228
2025-06-23,The Nilgiris,Udhagamandalam(Farmers Market),8000.0,5435.924848020077,5705.690818428993,6067.654104232788,5935.537062287331,5786.201708242297
2025-03-23,The Nilgiris,Udhagamandalam(Farmers Market),4000.0,5399.914517998695,5796.107630729675,5995.622497498989,6035.949631333351,5806.898569390178
2025-05-23,The Nilgiris,Udhagamandalam(Farmers Market),7000.0,5582.918443083763,5922.631389498711,6061.558225154877,6116.194587945938,5920.825661420822
2025-04-24,The Nilgiris,Udhagamandalam(Farmers Market),7000.0,5582.038900256157,5912.501416802406,6014.535048007965,6084.599581956863,5898.418736755848
2024-08-24,The Nilgiris,Udhagamandalam(Farmers Market),7000.0,5608.483250141144,5951.595382094383,5977.593297362328,6071.262228786945,5902.2335395962
2025-02-24,The Nilgiris,Udhagamandalam(Farmers Market),4000.0,5573.107352256775,5995.450682044029,6047.255183458328,6087.302462756634,5925.7789201289415
2025-06-24,The Nilgiris,Udhagamandalam(Farmers Market),3000.0,5602.571561038494,5965.850829482079,6052.662372887135,6058.98718059063,5920.017985999584
2025-03-24,The Nilgiris,Udhagamandalam(Farmers Market),3000.0,5432.41381585598,5842.102770805359,6054.828389883041,5961.459778547287,5822.701188772917
2025-05-24,The Nilgiris,Udhagamandalam(Farmers Market),3000.0,5508.635149598122,5837.621290683746,6081.978087425232,5936.009197831154,5841.060931384563
2025-04-25,The Nilgiris,Udhagamandalam(Farmers Market),7000.0,5625.861360132694,5854.7162145376205,6224.882855415344,5987.820362448692,5923.320198133588
2024-08-25,The Nilgiris,Udhagamandalam(Farmers Market),6000.0,5566.547428667545,5788.283602297306,6215.337816774845,5971.278008520603,5885.361714065075
2025-06-25,The Nilgiris,Udhagamandalam(Farmers Market),8000.0,5711.0746866464615,5884.399357140064,6224.299825131893,6020.235894322395,5960.002440810204
2025-03-25,The Nilgiris,Udhagamandalam(Farmers Market),6000.0,5596.369070708752,5790.524818301201,6128.001308143139,5980.757367014885,5873.913141041994
2025-05-25,The Nilgiris,Udhagamandalam(Farmers Market),8000.0,5438.632964193821,5699.94237780571,5961.776756644249,5896.740085482597,5749.273046031594
2025-04-26,The Nilgiris,Udhagamandalam(Farmers Market),6000.0,5750.051093995571,5900.325840711594,6139.216431081295,6049.357424080372,5959.737697467208
2024-08-26,The Nilgiris,Udhagamandalam(Farmers Market),6000.0,5466.023488938808,5639.28057551384,5998.189734518528,5916.727791428566,5755.0553975999355
2025-02-26,The Nilgiris,Udhagamandalam(Farmers Market),3000.0,5460.447815656662,5644.765343666077,5947.572711110115,5909.812338352203,5740.649552196264
2025-06-26,The Nilgiris,Udhagamandalam(Farmers Market),3000.0,5532.529396414757,5672.19299197197,6058.437942266464,5960.435549020767,5805.8989699184895
2025-03-26,The Nilgiris,Udhagamandalam(Farmers Market),6000.0,5623.352664113045,5704.721798300743,6176.501812636852,6015.141399502754,5879.929418638349
2025-05-26,The Nilgiris,Udhagamandalam(Farmers Market),8000.0,5520.350488722324,5714.466257095337,6186.5932339429855,6048.455511927605,5867.466372922063
2025-04-27,The Nilgiris,Udhagamandalam(Farmers Market),8000.0,5436.849129498005,5727.198686599731,6106.96034014225,6055.261498093605,5831.567413583398
2024-08-27,The Nilgiris,Udhagamandalam(Farmers Market),5000.0,5443.948772549629,5791.831758022308,6097.367707192898,6064.3510591983795,5849.374824240804
2025-02-27,The Nilgiris,Udhagamandalam(Farmers Market),3500.0,5477.869712412357,5838.975824713707,6088.598931729794,6055.815971791744,5865.3151101619005
2025-03-27,The Nilgiris,Udhagamandalam(Farmers Market),6000.0,5521.1538806557655,5809.715795516968,6022.189164757729,5992.8172889351845,5836.469032466412
2025-05-27,The Nilgiris,Udhagamandalam(Farmers Market),7000.0,5531.309078335762,5812.173565626144,6041.941278874874,6009.981224536896,5848.851286843419
2024-10-27,The Nilgiris,Udhagamandalam(Farmers Market),8000.0,5589.057157039642,5881.486109495163,6121.885915398598,6079.608842730522,5918.009506165981
2025-04-28,The Nilgiris,Udhagamandalam(Farmers Market),8000.0,5478.650259077549,5826.6374760866165,6031.945998072624,6054.583755135536,5847.9543720930815
2024-08-28,The Nilgiris,Udhagamandalam(Farmers Market),7000.0,5419.250657856464,5881.870671510696,5942.402541339397,6101.838240623474,5836.340527832508
2025-06-28,The Nilgiris,Udhagamandalam(Farmers Market),7000.0,5544.657378196716,6018.4387332201,6061.534903943539,6192.70434319973,5954.333839640021
2025-03-28,The Nilgiris,Udhagamandalam(Farmers Market),7000.0,5461.2488278746605,5944.749416708946,5968.312883079052,6105.8028465509415,5870.0284935534
2025-05-28,The Nilgiris,Udhagamandalam(Farmers Market),6000.0,5446.057676374912,5989.899281859398,6012.611286044121,6120.525194108486,5892.273359596729
2024-11-28,The Nilgiris,Udhagamandalam(Farmers Market),7000.0,5576.481312811375,6066.883552372456,6107.184509336948,6146.275143027306,5974.206129387021
2025-04-29,The Nilgiris,Udhagamandalam(Farmers Market),3500.0,5665.574051439762,6077.504222393036,6110.53848028183,6123.775885403156,5994.348159879446
2024-08-29,The Nilgiris,Udhagamandalam(Farmers Market),8000.0,5461.966550052166,5904.822551012039,6008.7908908724785,5976.636651754379,5838.054160922766
2024-07-29,The Nilgiris,Udhagamandalam(Farmers Market),3000.0,5410.6084832549095,5887.175533175468,6027.330302000046,5992.10908561945,5829.305851012468
2025-06-29,The Nilgiris,Udhagamandalam(Farmers Market),7000.0,5479.581679701805,5886.67912453413,6092.369828820229,5994.2608243227005,5863.222864344716
2025-03-29,The Nilgiris,Udhagamandalam(Farmers Market),7000.0,5605.43150305748,5971.417459845543,6221.641207039356,6074.750415682793,5968.310146406293
2025-05-29,The Nilgiris,Udhagamandalam(Farmers Market),7000.0,5611.105220615864,5931.577215790749,6165.013974308968,6023.135815560818,5932.708056569099
2025-04-30,The Nilgiris,Udhagamandalam(Farmers Market),8000.0,5577.837750613689,5903.0139672756195,6125.105670392513,6003.228068053722,5902.296364083886
2024-08-30,The Nilgiris,Udhagamandalam(Farmers Market),3000.0,5521.815917491913,5870.3414261341095,6093.825262784958,5996.552014350891,5870.633655190468
2024-07-30,The Nilgiris,Udhagamandalam(Farmers Market),6000.0,5490.54122120142,5778.161720633507,6040.840422511101,5923.720347285271,5808.3159279078245
2025-06-30,The Nilgiris,Udhagamandalam(Farmers Market),7000.0,5495.194516777992,5772.032525539398,6141.108304858208,6018.902777731419,5856.809531226754
2025-03-30,The Nilgiris,Udhagamandalam(Farmers Market),7000.0,5406.533458530903,5721.15801692009,6060.5730229616165,5995.8709397912025,5796.033859550953
2025-05-30,The Nilgiris,Udhagamandalam(Farmers Market),3000.0,5367.970169782639,5705.019738674164,6012.988708913326,6014.569315910339,5775.136983320117
2024-08-31,The Nilgiris,Udhagamandalam(Farmers Market),6000.0,5372.952342033386,5691.063183546066,6015.525009632111,5993.1575882434845,5768.174530863762
2025-01-31,The Nilgiris,Udhagamandalam(Farmers Market),6000.0,5553.139635920525,5847.2810316085815,6196.528069972992,6119.180178940296,5929.032229110599
2024-07-31,The Nilgiris,Udhagamandalam(Farmers Market),7000.0,5522.796836197376,5850.154775977135,6186.300528943539,6110.824046134949,5917.51904681325
2025-03-31,The Nilgiris,Udhagamandalam(Farmers Market),5000.0,5407.547217309475,5733.9999133348465,6011.056379973888,5999.519043564796,5788.030638545752
2025-05-31,The Nilgiris,Udhagamandalam(Farmers Market),6000.0,5517.6399928331375,5820.405477285385,6124.704450368881,6071.816226541996,5883.64153675735
2024-09-15,The Nilgiris,Udhagamandalam(Farmers Market),8000.0,5594.683280289173,5798.537796139717,6076.994963288307,6027.453095316887,5874.417283758521
2024-12-05,The Nilgiris,Udhagamandalam(Farmers Market),7000.0,5496.30679577589,5793.6622351408005,6009.348696172237,6034.055377840996,5833.343276232481
2025-02-01,The Nilgiris,Udhagamandalam(Farmers Market),3000.0,5568.834811151028,5873.68920981884,6094.836165904999,6103.342220783234,5910.175601914525
2025-01-01,The Nilgiris,Udhagamandalam(Farmers Market),6000.0,5507.571416795254,5781.503793001175,6074.620959162712,6015.433628559113,5844.782449379563
2025-03-01,The Nilgiris,Udhagamandalam(Farmers Market),8000.0,5286.112717986107,5680.957483947277,5974.771906733513,5965.401539206505,5726.81091196835
2025-02-02,The Nilgiris,Udhagamandalam(Farmers Market),6000.0,5416.592515707016,5773.008208870888,6026.009559929371,6037.993330955505,5813.400903865695
2025-01-02,The Nilgiris,Udhagamandalam(Farmers Market),8000.0,5503.478782176971,5859.701242446899,6086.115936636925,6066.039705276489,5878.833916634321
2025-03-02,The Nilgiris,Udhagamandalam(Farmers Market),6000.0,5391.927717030048,5896.825755238533,5989.37669634819,6113.241837024689,5847.843001410365
2025-02-03,The Nilgiris,Udhagamandalam(Farmers Market),6500.0,5383.807651996613,5903.307148218155,5903.654110729694,6085.437241792679,5819.051538184285
2025-01-03,The Nilgiris,Udhagamandalam(Farmers Market),8000.0,5668.055618703365,6080.48457801342,6065.714160203934,6194.983634650707,6002.309497892857
2025-03-03,The Nilgiris,Udhagamandalam(Farmers Market),6000.0,5666.625885665417,6063.605732321739,6079.015817642212,6153.766487240791,5990.75348071754
2025-02-04,The Nilgiris,Udhagamandalam(Farmers Market),4000.0,5606.490952372551,6031.114049553871,6102.778704166412,6118.936972022057,5964.830169528723
2025-01-04,The Nilgiris,Udhagamandalam(Farmers Market),5000.0,5546.709168851376,5952.635793685913,6086.148300766945,6061.035163700581,5911.6321067512035
2025-03-04,The Nilgiris,Udhagamandalam(Farmers Market),6000.0,5512.169027030468,5958.44801068306,6114.118048250675,6044.275779724121,5907.252716422081
2025-02-05,The Nilgiris,Udhagamandalam(Farmers Market),4000.0,5579.290804862976,6002.003942430019,6200.580249428749,6094.057523012161,5968.983129933476
2025-01-05,The Nilgiris,Udhagamandalam(Farmers Market),6000.0,5418.880374133587,5838.486555218697,6091.1071518063545,5971.760138869286,5830.058555006981
2025-02-06,The Nilgiris,Udhagamandalam(Farmers Market),6000.0,5283.28561604023,5768.147878050804,5965.012693703175,5941.3073962926865,5739.438396021724
2025-01-06,The Nilgiris,Udhagamandalam(Farmers Market),6000.0,5576.374225616455,5944.934082627296,6086.2330186367035,6072.29454934597,5919.958969056606
2025-02-07,The Nilgiris,Udhagamandalam(Farmers Market),3000.0,5816.8820706009865,6021.8855130672455,6209.4423097372055,6147.09043353796,6048.825081735849
2025-01-07,The Nilgiris,Udhagamandalam(Farmers Market),8000.0,5898.182668983936,5941.992754340172,6179.959063231945,6072.402588427067,6023.13426874578
2025-02-08,The Nilgiris,Udhagamandalam(Farmers Market),6000.0,5815.682218074799,5873.734900355339,6069.152849018574,6021.774142384529,5945.08602745831
2025-01-08,The Nilgiris,Udhagamandalam(Farmers Market),3000.0,5726.44717246294,5866.152175068855,6161.646201014519,6067.8639951348305,5955.527385920286
2025-02-09,The Nilgiris,Udhagamandalam(Farmers Market),7000.0,5787.213682234287,5802.950740456581,6149.221230745316,6007.701933085918,5936.771896630526
2025-01-09,The Nilgiris,Udhagamandalam(Farmers Market),6000.0,5833.600047528744,5850.814909040928,6209.8497170209885,6056.231470108032,5987.624035924673
2024-12-10,The Nilgiris,Udhagamandalam(Farmers Market),6000.0,5538.069849908352,5645.720085501671,6046.755919158459,5908.518725037575,5784.766144901514
2025-02-10,The Nilgiris,Udhagamandalam(Farmers Market),7000.0,5424.650708138943,5616.433403491974,5992.743993699551,5899.390136599541,5733.304560482502
2025-01-10,The Nilgiris,Udhagamandalam(Farmers Market),8000.0,5618.3923852443695,5783.922535777092,6126.414037942886,6024.5460349321365,5888.318748474121
2024-12-11,The Nilgiris,Udhagamandalam(Farmers Market),3000.0,5527.971765398979,5837.6546066999435,6033.683190345764,6081.564492881298,5870.218513831496
2025-01-11,The Nilgiris,Udhagamandalam(Farmers Market),7000.0,5640.014003813267,5906.424575448036,6047.625467181206,6099.565612375736,5923.407414704561
2024-12-12,The Nilgiris,Udhagamandalam(Farmers Market),6000.0,5682.0288318395615,5923.760326504707,6032.476198673248,6108.676590919495,5936.735486984253
2025-02-12,The Nilgiris,Udhagamandalam(Farmers Market),8000.0,5598.301875591278,5900.542870759964,6016.276047825813,6078.5336872935295,5898.413620367646
2024-12-13,The Nilgiris,Udhagamandalam(Farmers Market),8000.0,5495.656181573868,5878.976937532425,6025.75064688921,6080.203295648098,5870.1467654109
2025-02-13,The Nilgiris,Udhagamandalam(Farmers Market),7000.0,5399.3495735526085,5854.121285676956,6022.210106253624,6056.798794269562,5833.119939938188
2025-01-13,The Nilgiris,Udhagamandalam(Farmers Market),6000.0,5475.737963318825,5926.943433880806,6072.480167150497,6063.612395524979,5884.693489968777
2024-12-14,The Nilgiris,Udhagamandalam(Farmers Market),6500.0,5347.601709365845,5897.415924668312,6070.94953417778,6043.181110620499,5839.787069708109
2025-02-14,The Nilgiris,Udhagamandalam(Farmers Market),3000.0,5386.967914104462,5936.870654821396,6105.224099755287,6093.385015428066,5880.611921027303
2025-01-14,The Nilgiris,Udhagamandalam(Farmers Market),7000.0,5403.360821902752,5857.721319198608,6036.402253210545,5984.381197690964,5820.466398000717
2025-02-15,The Nilgiris,Udhagamandalam(Farmers Market),7000.0,5329.487791359425,5845.020301938057,6002.760691940784,5998.8627180457115,5794.032875820994
2025-02-16,The Nilgiris,Udhagamandalam(Farmers Market),7000.0,5529.59520727396,5967.202507853508,6118.906511664391,6119.52904522419,5933.808318004012
2025-02-17,The Nilgiris,Udhagamandalam(Farmers Market),8000.0,5638.932661116123,5979.0877586603165,6177.610284090042,6121.190562546253,5979.205316603184
2025-01-17,The Nilgiris,Udhagamandalam(Farmers Market),6000.0,5554.688830673695,5907.142297625542,6128.34446310997,6066.458059251308,5914.158412665129
2025-02-18,The Nilgiris,Udhagamandalam(Farmers Market),7000.0,5467.576015293598,5811.353991627693,6138.677187561989,6054.772228598595,5868.094855770469
2025-01-18,The Nilgiris,Udhagamandalam(Farmers Market),3000.0,5537.66196668148,5838.158630430698,6150.628594458103,6066.497086584568,5898.2365695387125
2025-02-19,The Nilgiris,Udhagamandalam(Farmers Market),7000.0,5431.222530305386,5716.538513302803,6082.42594987154,5954.586208462715,5796.193300485611
2025-01-19,The Nilgiris,Udhagamandalam(Farmers Market),6000.0,5385.03368139267,5702.236423492432,6054.689890444279,5984.299335479736,5781.564832702279
2024-12-20,The Nilgiris,Udhagamandalam(Farmers Market),6000.0,5458.524529635906,5803.558995723724,6122.198134064674,6062.872779965401,5861.788609847426
2025-02-20,The Nilgiris,Udhagamandalam(Farmers Market),8000.0,5596.545645594597,5879.614701271057,6213.405963778496,6128.731404840946,5954.574428871274
2025-01-20,The Nilgiris,Udhagamandalam(Farmers Market),3000.0,5447.966208159924,5773.0643701553345,6059.747737646103,6042.442922890186,5830.805309712887
2024-12-21,The Nilgiris,Udhagamandalam(Farmers Market),6000.0,5438.70768725872,5730.21331012249,6032.655153274536,6000.062570571899,5800.4096803069115
2025-02-21,The Nilgiris,Udhagamandalam(Farmers Market),4000.0,5476.296720504761,5800.267849266529,6092.092829942703,6052.740427553654,5855.349456816912
2025-01-21,The Nilgiris,Udhagamandalam(Farmers Market),6000.0,5705.101600885391,5868.30914914608,6140.446743965149,6094.028966426849,5951.971615105867
2024-12-22,The Nilgiris,Udhagamandalam(Farmers Market),7000.0,5667.487818598747,5807.246602773666,6096.174517869949,6048.682060837746,5904.897750020027
2025-02-22,The Nilgiris,Udhagamandalam(Farmers Market),7000.0,5679.967522323132,5862.582601904869,6137.307899296284,6090.468436181545,5942.581614926457
2025-01-22,The Nilgiris,Udhagamandalam(Farmers Market),3000.0,5558.206050097942,5806.917250156403,6042.850330173969,6042.779414653778,5862.688261270523
2024-12-23,The Nilgiris,Udhagamandalam(Farmers Market),7000.0,5606.987836956978,5814.887393116951,6089.388521313667,6055.963514149189,5891.806816384196
2025-01-23,The Nilgiris,Udhagamandalam(Farmers Market),7000.0,5554.608872234821,5747.53954231739,6035.665969252586,5996.698604822159,5833.628247156739
2024-12-24,The Nilgiris,Udhagamandalam(Farmers Market),8000.0,5565.456567108631,5856.497193574905,6140.966473817825,6085.857975482941,5912.194552496076
2025-01-24,The Nilgiris,Udhagamandalam(Farmers Market),3000.0,5607.53802716732,5844.835160076618,6090.544111132622,6069.644022285938,5903.140330165625
2024-12-25,The Nilgiris,Udhagamandalam(Farmers Market),3500.0,5646.7048117518425,5840.433638393879,6101.966745257378,6051.76284044981,5910.217008963227
2025-02-25,The Nilgiris,Udhagamandalam(Farmers Market),8000.0,5624.289320111275,5820.980416536331,6153.5580241680145,6042.315846085548,5910.285901725292
2025-01-25,The Nilgiris,Udhagamandalam(Farmers Market),6000.0,5529.664219021797,5886.2398290634155,6060.1422944664955,6069.8439183831215,5886.472565233707
2024-12-26,The Nilgiris,Udhagamandalam(Farmers Market),6000.0,5387.614244818687,5863.079486489296,5965.108834207058,6033.162508606911,5812.241268530488
2025-01-26,The Nilgiris,Udhagamandalam(Farmers Market),6000.0,5732.516398727894,6056.05727493763,6162.518604695797,6158.57018083334,6027.415614798665
2024-12-27,The Nilgiris,Udhagamandalam(Farmers Market),8000.0,5523.300383985043,5888.97364616394,5970.650715529919,6025.653078556061,5852.144456058741
2025-01-27,The Nilgiris,Udhagamandalam(Farmers Market),5000.0,5598.0667597055435,5928.395060300827,5981.548860371113,6061.304071545601,5892.328687980771
2024-12-28,The Nilgiris,Udhagamandalam(Farmers Market),4000.0,5678.853339552879,5977.162092924118,6063.151206672192,6078.712641894817,5949.469820261002
2025-01-28,The Nilgiris,Udhagamandalam(Farmers Market),6000.0,5707.710244953632,5961.114243865013,6109.725569486618,6083.461602032185,5965.502915084362
2024-12-29,The Nilgiris,Udhagamandalam(Farmers Market),3000.0,5706.779776215553,5974.4715866446495,6219.611309766769,6118.937923908234,6004.9501491338015
2025-01-29,The Nilgiris,Udhagamandalam(Farmers Market),6000.0,5750.296204686165,5909.322116971016,6174.248698055744,6034.747875034809,5967.1537236869335
2024-12-30,The Nilgiris,Udhagamandalam(Farmers Market),7000.0,5593.081731796265,5753.777728378773,6033.515658378601,5919.1541492938995,5824.8823169618845
2025-01-30,The Nilgiris,Udhagamandalam(Farmers Market),7000.0,5707.622671425343,5869.083032608032,6204.642423689365,6054.163973331451,5958.878025263548
2024-12-31,The Nilgiris,Udhagamandalam(Farmers Market),8000.0,5605.962655544281,5802.510969042778,6179.73394215107,6020.180208981037,5902.096943929791
2025-02-11,The Nilgiris,Udhagamandalam(Farmers Market),8000.0,5594.777517020702,5752.9652935266495,6078.704074919224,5983.590180277824,5852.5092664361
2025-01-12,The Nilgiris,Udhagamandalam(Farmers Market),8000.0,5617.279154360294,5752.146671414375,5987.1145388484,5964.45679217577,5830.24928919971
2025-02-28,The Nilgiris,Udhagamandalam(Farmers Market),7000.0,5422.21768707037,5728.645553588867,6056.359974741936,6015.518346428871,5805.685390457511
2025-05-09,Coimbatore,Vadavalli(Farmers Market),6000.0,5389.42520827055,5680.788524150848,6011.242949664593,5987.037436068058,5767.123529538512
2024-10-01,Coimbatore,Vadavalli(Farmers Market),6000.0,5340.049444437027,5679.7281229496,5999.13876503706,5976.154045462608,5748.767594471574
2025-06-02,Coimbatore,Vadavalli(Farmers Market),3000.0,5398.436238765717,5786.845778226852,6087.527583837509,6065.419551432133,5834.557288065553
2024-10-02,Coimbatore,Vadavalli(Farmers Market),3500.0,5348.386063575745,5731.991909444332,6027.951407730579,6017.061829864979,5781.347802653909
2025-06-03,Coimbatore,Vadavalli(Farmers Market),6000.0,5452.777992784977,5795.554584860802,6107.348709702492,6088.836427330971,5861.12942866981
2024-10-03,Coimbatore,Vadavalli(Farmers Market),3000.0,5602.132741510868,5882.989613711834,6202.611098587513,6135.901487469673,5955.908735319972
2024-10-04,Coimbatore,Vadavalli(Farmers Market),5000.0,5567.397463023663,5801.990287303925,6152.876949608326,6047.172369360924,5892.359267324209
2025-05-21,Coimbatore,Vadavalli(Farmers Market),8000.0,5713.947003185749,5878.060271143913,6168.588306903839,6086.929323375225,5961.881226152182
2025-05-22,Coimbatore,Vadavalli(Farmers Market),8000.0,5666.542595624924,5921.657609939575,6045.228617787361,6119.620426297188,5938.262312412262
2025-05-24,Coimbatore,Vadavalli(Farmers Market),7000.0,5774.604997932911,6003.6150097846985,6057.1271950006485,6153.328619599342,5997.1689555794
2025-05-25,Coimbatore,Vadavalli(Farmers Market),7000.0,5739.770247340202,5921.981727182865,5984.8152577877045,6073.92798602581,5930.123804584146
2025-05-26,Coimbatore,Vadavalli(Farmers Market),7000.0,5734.05702650547,5952.586295604706,5996.839959919453,6092.9661855101585,5944.112366884947
2024-09-26,Coimbatore,Vadavalli(Farmers Market),6000.0,5826.05634957552,6049.884293079376,6130.667541325092,6180.349336564541,6046.739380136132
2025-05-27,Coimbatore,Vadavalli(Farmers Market),7000.0,5513.417425751686,5887.785692214966,5940.716750919819,6046.294730305672,5847.053649798036
2024-09-27,Coimbatore,Vadavalli(Farmers Market),7000.0,5422.210071980953,5882.430856525898,5966.944546699524,6068.004398345947,5834.897468388081
2024-09-29,Coimbatore,Vadavalli(Farmers Market),3000.0,5497.808396220207,5971.617355942726,6116.700039505959,6139.512467682362,5931.409564837813
2024-09-30,Coimbatore,Vadavalli(Farmers Market),7000.0,5339.651556015015,5835.919318199158,6050.449237525463,6009.8117887973785,5808.9579751342535
2025-01-31,Coimbatore,Vadavalli(Farmers Market),6000.0,5404.2613062262535,5910.274955034256,6113.195670545101,6065.823627114296,5873.388889729977
2025-02-07,Coimbatore,Vadavalli(Farmers Market),3000.0,5488.665529489517,5945.403838455677,6097.089756429195,6073.283559083939,5901.110670864582
2025-05-11,Coimbatore,Vadavalli(Farmers Market),4000.0,5647.212167084217,5963.0246794223785,6047.263274490833,6046.504145264626,5926.001066565514
2024-08-12,Coimbatore,Vadavalli(Farmers Market),9000.0,5862.373662889004,6013.448945879936,6070.101403594017,6047.554075717926,5998.369522020221
2025-05-12,Coimbatore,Vadavalli(Farmers Market),7000.0,5813.115456998348,5954.225443601608,6022.1648916602135,5987.349654734135,5944.213861748576
2025-05-28,Coimbatore,Vadavalli(Farmers Market),8000.0,5633.856728076935,5912.416698932648,6011.162515282631,5996.944191455841,5888.595033437014
2025-05-29,Coimbatore,Vadavalli(Farmers Market),6000.0,5540.668023228645,5916.545981168747,5999.117347598076,6003.249485492706,5864.895209372044
2025-05-23,Coimbatore,Vadavalli(Farmers Market),7000.0,5576.496067047119,5981.9443690776825,6045.286682844162,6044.271496236324,5911.999653801322
2025-02-01,Coimbatore,Vadavalli(Farmers Market),7000.0,5577.549805045128,5992.740662097931,6060.30601888895,6075.970733761787,5926.641804948449
2025-03-01,Coimbatore,Vadavalli(Farmers Market),6000.0,5479.019114971161,5909.774738848209,5987.153090238571,6026.32748991251,5850.568608492613
2024-09-01,Coimbatore,Vadavalli(Farmers Market),7000.0,5403.483615219593,5859.9744337797165,5982.640673816204,5988.478115797043,5808.644209653139
2025-02-02,Coimbatore,Vadavalli(Farmers Market),6000.0,5468.929597437382,5941.359750032425,6084.836601614952,6064.111659824848,5889.809402227402
2025-03-02,Coimbatore,Vadavalli(Farmers Market),8000.0,5404.299857616425,5896.575409173965,6119.740363955498,6035.761157870293,5864.094197154045
2024-09-02,Coimbatore,Vadavalli(Farmers Market),7000.0,5340.517772436142,5810.295494198799,6044.589426219463,5966.9083750247955,5790.5777669698
2025-02-03,Coimbatore,Vadavalli(Farmers Market),6000.0,5291.425194740295,5806.62978053093,6088.116325438023,5975.225956439972,5790.349314287305
2025-03-03,Coimbatore,Vadavalli(Farmers Market),3000.0,5282.250439822674,5792.124938964844,6106.549601256847,6000.167278051376,5795.273064523935
2024-09-03,Coimbatore,Vadavalli(Farmers Market),8000.0,5349.184220135212,5793.605121970177,6069.726836383343,5957.081102132797,5792.399320155382
2025-02-04,Coimbatore,Vadavalli(Farmers Market),7000.0,5373.745739161968,5830.466914176941,6005.6558537483215,5980.419923365116,5797.572107613087
2025-03-04,Coimbatore,Vadavalli(Farmers Market),5000.0,5444.232434630394,5896.180376410484,6067.012532949448,6056.063938140869,5865.872320532799
2024-09-04,Coimbatore,Vadavalli(Farmers Market),8000.0,5478.36802482605,5899.227364063263,6074.67664450407,6039.703870415688,5872.993975952268
2025-02-05,Coimbatore,Vadavalli(Farmers Market),7000.0,5378.671274185181,5896.524007320404,5964.520568549633,6067.450400590897,5826.791562661529
2025-03-05,Coimbatore,Vadavalli(Farmers Market),3000.0,5534.007675647736,6001.3628470897675,5996.052750051022,6135.806774795055,5916.807511895895
2024-10-05,Coimbatore,Vadavalli(Farmers Market),3000.0,5556.971453726292,5943.588115572929,5950.529269576073,6050.345481932163,5875.358580201864
2024-09-05,Coimbatore,Vadavalli(Farmers Market),7000.0,5616.137842833996,5946.2200808525085,6007.311659753323,6016.223694086075,5896.473319381475
2025-02-06,Coimbatore,Vadavalli(Farmers Market),4000.0,5802.82461553812,6063.7913501262665,6174.133043885231,6123.903914093971,6041.163230910897
2025-03-06,Coimbatore,Vadavalli(Farmers Market),4000.0,5699.303662180901,5927.041954100132,6082.948059439659,6004.140450954437,5928.358531668782
2024-10-06,Coimbatore,Vadavalli(Farmers Market),6000.0,5792.979256808758,5949.025289416313,6126.139418780804,6016.814815402031,5971.239695101976
2024-09-06,Coimbatore,Vadavalli(Farmers Market),10000.0,5877.053175568581,5984.924724698067,6247.75287270546,6053.224937617779,6040.738927647471
2025-03-07,Coimbatore,Vadavalli(Farmers Market),6000.0,5620.652163028717,5840.795831084251,6079.222376942635,5955.4371947050095,5874.026891440153
2024-10-07,Coimbatore,Vadavalli(Farmers Market),6000.0,5411.755030155182,5735.2392691373825,5947.925860881805,5893.03153693676,5746.987924277782
2024-09-07,Coimbatore,Vadavalli(Farmers Market),8000.0,5509.997298717499,5755.967542529106,5940.727697610855,5900.073114931583,5776.691413447261
2025-02-08,Coimbatore,Vadavalli(Farmers Market),6000.0,5498.241028487682,5879.499998986721,5969.774504303932,6036.608812510967,5846.031086072326
2025-03-08,Coimbatore,Vadavalli(Farmers Market),7000.0,5518.834609985352,5903.488958477974,5947.268107533455,6032.005015015602,5850.399172753096
2025-05-08,Coimbatore,Vadavalli(Farmers Market),6000.0,5604.195478856564,5972.614932656288,5986.860861182213,6077.686984539032,5910.339564308524
2024-10-08,Coimbatore,Vadavalli(Farmers Market),7000.0,5539.37345802784,5977.520002126694,6116.582005620003,6136.459292769432,5942.483689635992
2024-09-08,Coimbatore,Vadavalli(Farmers Market),8000.0,5370.991932451725,5852.279385924339,6021.822688579559,6053.525733649731,5824.654935151339
2025-02-09,Coimbatore,Vadavalli(Farmers Market),7000.0,5312.102542221546,5836.395261287689,5987.515758872032,6012.639366686344,5787.163232266903
2025-06-09,Coimbatore,Vadavalli(Farmers Market),6000.0,5386.162142455578,5919.761452674866,6075.144972503185,6043.719878196716,5856.197111457586
2025-03-09,Coimbatore,Vadavalli(Farmers Market),7000.0,5240.713934600353,5802.872209846973,6025.5964413285255,5948.255213499069,5754.35944981873
2024-09-09,Coimbatore,Vadavalli(Farmers Market),7000.0,5273.6696618795395,5851.834855079651,6068.571246564388,5980.036789178848,5793.528138175607
2025-02-10,Coimbatore,Vadavalli(Farmers Market),8800.0,5359.999074935913,5897.335014343262,6099.202943742275,5999.118299484253,5838.913833126426
2025-03-10,Coimbatore,Vadavalli(Farmers Market),3000.0,5270.013943016529,5839.389895200729,5977.934548556805,5956.061156094074,5760.849885717034
2024-10-10,Coimbatore,Vadavalli(Farmers Market),7000.0,5326.395113170147,5819.15945827961,5993.124272227287,5959.427025616169,5774.526467323303
2024-09-10,Coimbatore,Vadavalli(Farmers Market),8000.0,5522.261400222778,5950.177071690559,6144.960588216782,6082.839544415474,5925.059651136398
2025-02-11,Coimbatore,Vadavalli(Farmers Market),6000.0,5529.068338274956,5904.291398525238,6124.486468434334,6053.172107934952,5902.75457829237
2025-03-11,Coimbatore,Vadavalli(Farmers Market),4000.0,5504.906135499477,5852.61635363102,6161.334458291531,6072.1784192323685,5897.758841663599
2024-10-11,Coimbatore,Vadavalli(Farmers Market),5000.0,5480.211352407932,5787.750070095062,6117.434419691563,6011.965431272984,5849.340318366885
2024-09-11,Coimbatore,Vadavalli(Farmers Market),6000.0,5447.969063818455,5794.379957318306,6129.53717648983,6002.045349478722,5843.482886776328
2025-02-12,Coimbatore,Vadavalli(Farmers Market),4000.0,5485.757993161678,5824.227300286293,6162.467678785324,6020.515272915363,5873.242061287165
2025-03-12,Coimbatore,Vadavalli(Farmers Market),6000.0,5426.707258224487,5740.397540330887,6078.865419626236,5938.8896054029465,5796.214955896139
2024-10-12,Coimbatore,Vadavalli(Farmers Market),8000.0,5452.278728485107,5806.489853262901,6096.71233355999,5997.21357524395,5838.173622637987
2024-09-12,Coimbatore,Vadavalli(Farmers Market),6000.0,5410.514722466469,5806.031044125557,6008.778992295265,6011.802658736706,5809.281854405999
2025-02-13,Coimbatore,Vadavalli(Farmers Market),7000.0,5533.648814558983,5888.790884017944,6055.574668645859,6072.180798947811,5887.548791542649
2025-03-13,Coimbatore,Vadavalli(Farmers Market),7000.0,5596.7969435453415,5904.318051338196,6068.786848783493,6088.234359323978,5914.534050747752
2025-05-13,Coimbatore,Vadavalli(Farmers Market),3000.0,5629.456634223461,5927.509806156158,6106.49677157402,6101.954370737076,5941.354395672679
2024-10-13,Coimbatore,Vadavalli(Farmers Market),7000.0,5465.369067192078,5756.9708305597305,6045.6802877783775,5961.965706050396,5807.496472895145
2024-09-13,Coimbatore,Vadavalli(Farmers Market),3000.0,5456.986281573772,5779.631908833981,6012.2843131423,5962.5939509272575,5802.8741136193275
2025-02-14,Coimbatore,Vadavalli(Farmers Market),3000.0,5587.471314668655,5843.861856460571,6083.664829730988,6004.3941286206245,5879.84803237021
2025-05-14,Coimbatore,Vadavalli(Farmers Market),7000.0,5562.348182797432,5775.707758069038,6133.204793930054,5962.109916806221,5858.342662900686
2024-10-14,Coimbatore,Vadavalli(Farmers Market),6000.0,5658.759974241257,5889.9874049425125,6264.556995332241,6081.960001587868,5973.8160940259695
2024-09-14,Coimbatore,Vadavalli(Farmers Market),7000.0,5524.0775990486145,5761.815931200981,6068.37610989809,5955.941694378853,5827.552833631635
2025-02-15,Coimbatore,Vadavalli(Farmers Market),7000.0,5572.84653544426,5817.091961503029,6094.894706904888,6025.212355256081,5877.511389777064
2025-05-15,Coimbatore,Vadavalli(Farmers Market),7000.0,5647.793769538403,5869.437610208988,6151.903645992279,6059.050005078316,5932.046257704496
2024-09-15,Coimbatore,Vadavalli(Farmers Market),6000.0,5684.704107940197,5852.955225110054,6136.083773672581,6020.059795379639,5923.450725525618
2025-02-16,Coimbatore,Vadavalli(Farmers Market),3000.0,5558.910445868969,5807.510275244713,6092.296533584595,5991.726903319359,5862.611039504409
2025-05-16,Coimbatore,Vadavalli(Farmers Market),6000.0,5559.779042005539,5773.888703584671,6083.886619210243,5988.844116032124,5851.599620208144
2024-10-16,Coimbatore,Vadavalli(Farmers Market),8000.0,5618.950190544128,5827.648379206657,6203.978483080864,6054.866465330124,5926.360879540443
2024-09-16,Coimbatore,Vadavalli(Farmers Market),6000.0,5478.119106590748,5709.330831170082,6125.999491512775,5986.526749134064,5824.994044601917
2025-02-17,Coimbatore,Vadavalli(Farmers Market),7000.0,5251.463585197926,5587.257140278816,5995.879030823708,5889.968367218971,5681.142030879855
2025-05-17,Coimbatore,Vadavalli(Farmers Market),3000.0,5415.632538497448,5762.141476273537,6108.643274903297,6011.909269988537,5824.581639915705
2024-10-17,Coimbatore,Vadavalli(Farmers Market),6000.0,5317.070912122726,5638.52525383234,6052.285901904106,5922.3267859220505,5732.552213445306
2024-09-17,Coimbatore,Vadavalli(Farmers Market),7000.0,5453.825543522835,5767.436819076538,6154.575114548206,6002.757360339165,5844.648709371686
2025-02-18,Coimbatore,Vadavalli(Farmers Market),8000.0,5444.984424710274,5741.90675586462,6061.51824593544,5969.309983849525,5804.429852589965
2025-05-18,Coimbatore,Vadavalli(Farmers Market),6000.0,5360.075225830078,5756.58531665802,5981.388467550278,5987.658541798592,5771.426887959242
2024-10-18,Coimbatore,Vadavalli(Farmers Market),5000.0,5379.984401166439,5749.809790849686,5974.23171132803,5984.253644943237,5772.069887071848
2024-09-18,Coimbatore,Vadavalli(Farmers Market),6000.0,5474.023616313934,5832.58676469326,6060.036159157753,6043.5713839530945,5852.5544810295105
2025-02-19,Coimbatore,Vadavalli(Farmers Market),7000.0,5528.390595316887,5898.342109918594,6100.1024761796,6092.306528389454,5904.785427451134
2025-05-19,Coimbatore,Vadavalli(Farmers Market),8000.0,5499.852095842361,5884.291318058968,6083.515383601189,6089.626492857933,5889.321322590113
2024-10-19,Coimbatore,Vadavalli(Farmers Market),6000.0,5399.886437356472,5781.026898026466,6012.884001433849,6036.992422640324,5807.697439864278
2024-09-19,Coimbatore,Vadavalli(Farmers Market),6000.0,5366.9868713617325,5716.778388619423,5938.415566086769,5943.942217230797,5741.53076082468
2025-02-20,Coimbatore,Vadavalli(Farmers Market),8000.0,5536.488291025162,5862.091428637505,6118.666160404682,6044.634164869785,5890.470011234283
2025-05-20,Coimbatore,Vadavalli(Farmers Market),8000.0,5516.047011315823,5847.7484077215195,6134.84917730093,6049.1932237148285,5886.959455013275
2024-09-20,Coimbatore,Vadavalli(Farmers Market),7000.0,5395.846156477928,5849.240965247154,6001.399494707584,6060.524000823498,5826.752654314041
2025-02-21,Coimbatore,Vadavalli(Farmers Market),3000.0,5377.783640325069,5884.496925473213,5950.5863827466965,6074.534337520599,5821.850321516395
2024-10-21,Coimbatore,Vadavalli(Farmers Market),3500.0,5520.852132737637,5925.738345980644,5999.073084890842,6054.258686006069,5874.980562403798
2024-09-21,Coimbatore,Vadavalli(Farmers Market),3500.0,5561.0341039299965,5923.91167640686,6013.583161830902,6025.438904166222,5880.991961583495
2025-02-22,Coimbatore,Vadavalli(Farmers Market),8000.0,5553.097276985645,5902.585618495941,6042.724205255508,6026.493594050407,5881.225173696876
2024-10-22,Coimbatore,Vadavalli(Farmers Market),8000.0,5512.321804761887,6006.238408088684,6018.152215480804,6128.919402360916,5916.407957673073
2024-09-22,Coimbatore,Vadavalli(Farmers Market),7000.0,5595.94500541687,6087.672270536423,5993.056688308716,6160.159354805946,5959.208329766989
2025-02-23,Coimbatore,Vadavalli(Farmers Market),7000.0,5837.262905538082,6200.085268616676,6140.289206802845,6226.9874757528305,6101.1562141776085
2024-07-23,Coimbatore,Vadavalli(Farmers Market),6000.0,5845.957909822464,6149.530593752861,6120.881675481796,6175.179642736912,6072.887455448508
2024-10-23,Coimbatore,Vadavalli(Farmers Market),3000.0,5701.976082623005,6070.746782422066,6068.910593986511,6085.413920581341,5981.761844903231
2024-09-23,Coimbatore,Vadavalli(Farmers Market),7000.0,5569.99420851469,5952.43589758873,6022.4909126758575,5971.861038804054,5879.195514395833
2025-02-24,Coimbatore,Vadavalli(Farmers Market),6000.0,5661.410501301289,5991.717384457588,6125.650625228882,6035.624086260796,5953.600649312139
2025-01-24,Coimbatore,Vadavalli(Farmers Market),7000.0,5534.560721516609,5840.09619474411,6006.40165656805,5916.795851290226,5824.463606029749
2024-09-24,Coimbatore,Vadavalli(Farmers Market),5000.0,5447.829612493515,5775.706330239773,5976.03696346283,5898.898011445999,5774.617729410529
2025-02-25,Coimbatore,Vadavalli(Farmers Market),6000.0,5433.032541871071,5823.6752063035965,6102.685895264149,6014.692585170269,5843.521557152271
2024-09-25,Coimbatore,Vadavalli(Farmers Market),7000.0,5350.527331531048,5759.981646537781,5992.81871676445,5982.817724645138,5771.536354869604
2025-02-26,Coimbatore,Vadavalli(Farmers Market),7000.0,5541.232491731644,5918.823844790459,6083.9208871126175,6085.125499069691,5907.275680676103
2025-01-26,Coimbatore,Vadavalli(Farmers Market),6000.0,5596.7969435453415,5899.246401786804,6022.85310536623,6057.117200195789,5894.003412723541
2025-02-27,Coimbatore,Vadavalli(Farmers Market),7000.0,5685.346155166626,5894.753023087978,5999.047383964062,6029.976069629192,5902.280657961965
2025-01-27,Coimbatore,Vadavalli(Farmers Market),3000.0,5578.757272660732,5881.616517901421,6074.90033775568,6076.771270036697,5903.011349588633
2025-02-28,Coimbatore,Vadavalli(Farmers Market),8000.0,5518.5990181565285,5793.176773190498,6052.316362261772,6003.764455914497,5841.964152380824
2025-01-28,Coimbatore,Vadavalli(Farmers Market),8000.0,5525.303628444672,5840.023851394653,6112.21713155508,6061.8428391218185,5884.846862629056
2024-09-28,Coimbatore,Vadavalli(Farmers Market),8000.0,5442.057374715805,5786.331759691238,6065.94546854496,6036.5950101614,5832.732403278351
2025-01-29,Coimbatore,Vadavalli(Farmers Market),6000.0,5403.691126406193,5805.921577215195,6088.926856517792,6059.247997403145,5839.446889385581
2025-01-30,Coimbatore,Vadavalli(Farmers Market),3000.0,5505.594349205494,5851.413169503212,6139.639068543911,6053.737528324127,5887.596028894186
2024-08-31,Coimbatore,Vadavalli(Farmers Market),7000.0,5454.576105773449,5799.186030626297,6124.148072898388,5998.019822835922,5843.982508033514
2025-03-14,Coimbatore,Vadavalli(Farmers Market),3000.0,5351.779061853886,5757.40203499794,6055.379531979561,5962.180356383324,5781.685246303678
2025-03-15,Coimbatore,Vadavalli(Farmers Market),8000.0,5362.082277834415,5746.273533701897,6031.503846943378,5940.48306286335,5770.08568033576
2024-08-22,Coimbatore,Vadavalli(Farmers Market),6000.0,5413.468901216984,5826.171051859856,6073.171712458134,6019.933194518089,5833.186215013266
2025-03-22,Coimbatore,Vadavalli(Farmers Market),6000.0,5614.775693714619,5929.721513688564,6178.103837072849,6104.726263284683,5956.831826940179
2025-03-24,Coimbatore,Vadavalli(Farmers Market),8000.0,5546.891455054283,5872.806811332703,6124.5459613204,6053.179723024368,5899.355987682939
2025-04-01,Coimbatore,Vadavalli(Farmers Market),8000.0,5464.242033958435,5804.836426973343,6041.336831152439,6024.403252005577,5833.7046360224485
2025-04-02,Coimbatore,Vadavalli(Farmers Market),4000.0,5369.729255437851,5763.848208189011,5982.9114854335785,6010.212532877922,5781.6753704845905
2025-04-03,Coimbatore,Vadavalli(Farmers Market),7000.0,5434.34852451086,5783.32998663187,6065.661806464195,6034.863053262234,5829.55084271729
2025-04-04,Coimbatore,Vadavalli(Farmers Market),7000.0,5582.053178548813,5864.476855397224,6159.53920096159,6077.987304627895,5921.014134883881
2025-04-05,Coimbatore,Vadavalli(Farmers Market),7000.0,5465.619413256645,5818.6425840854645,6153.07018250227,6036.125730276108,5868.364477530122
2025-04-06,Coimbatore,Vadavalli(Farmers Market),8000.0,5438.953273892403,5820.12847840786,6153.349561095238,6053.61663877964,5866.511988043785
2025-07-07,Coimbatore,Vadavalli(Farmers Market),6000.0,5240.82530528307,5694.417630434036,6020.394859313965,5962.571105659008,5729.55222517252
2025-07-08,Coimbatore,Vadavalli(Farmers Market),7000.0,5213.784598708153,5680.4420375823975,5986.970328092575,5948.680706620216,5707.469417750835
2025-04-09,Coimbatore,Vadavalli(Farmers Market),8000.0,5341.13745033741,5732.014754712582,6009.510992765427,5984.250313341618,5766.728377789259
2024-08-16,Coimbatore,Vadavalli(Farmers Market),6000.0,5375.002228915691,5767.999383807182,6088.806918859482,6034.116774499416,5816.481326520443
2025-04-17,Coimbatore,Vadavalli(Farmers Market),3000.0,5439.095104932785,5821.547740697861,6092.707748413086,6039.664843082428,5848.25385928154
2024-10-20,Coimbatore,Vadavalli(Farmers Market),5000.0,5503.59586417675,5813.586164712906,6086.228735148907,6046.289970874786,5862.425183728337
2025-06-23,Coimbatore,Vadavalli(Farmers Market),6000.0,5636.047494113445,5904.566493630409,6199.027723073959,6105.598191022873,5961.309975460172
2024-12-10,Coimbatore,Vadavalli(Farmers Market),7000.0,5637.01508641243,5900.364868044853,6245.125190913677,6110.417590737343,5973.230684027076
2025-01-25,Coimbatore,Vadavalli(Farmers Market),5000.0,5513.645402491093,5824.397687911987,6172.373006343842,6041.7133021354675,5888.032349720597
2025-05-30,Coimbatore,Vadavalli(Farmers Market),3500.0,5415.815776586533,5781.312463879585,6125.074734091759,6015.919090509415,5834.530516266823
2025-05-31,Coimbatore,Vadavalli(Farmers Market),7000.0,5442.347224056721,5733.0561181902885,6044.641779959202,5955.460039973259,5793.8762905448675
2024-10-31,Coimbatore,Vadavalli(Farmers Market),6000.0,5470.581595897675,5745.1522117853165,6048.478357195854,5997.282111048698,5815.373568981886
2024-08-01,Coimbatore,Vadavalli(Farmers Market),8000.0,5397.139769792557,5701.328324079514,5979.814999699593,5972.5973227620125,5762.720104083419
2025-05-01,Coimbatore,Vadavalli(Farmers Market),6000.0,5542.696492671967,5840.367482304573,6117.816601991653,6095.485828220844,5899.091601297259
2025-07-02,Coimbatore,Vadavalli(Farmers Market),8000.0,5422.12678194046,5725.734685659409,6019.156455397606,6001.401874423027,5792.104949355125
2024-08-03,Coimbatore,Vadavalli(Farmers Market),3500.0,5403.699217438698,5852.520213127136,5978.976863920689,6090.562196969986,5831.439622864127
2025-07-03,Coimbatore,Vadavalli(Farmers Market),6000.0,5695.538000464439,5989.251047372818,6097.831751704216,6158.722006678581,5985.335701555014
2025-06-04,Coimbatore,Vadavalli(Farmers Market),3000.0,5720.0671553611755,6049.085184633732,6150.683327913284,6179.054771363735,6024.722609817982
2024-08-05,Coimbatore,Vadavalli(Farmers Market),8000.0,5549.748541414738,5940.772912204266,6045.237660706043,6068.974846303463,5901.183490157127
2025-06-05,Coimbatore,Vadavalli(Farmers Market),6000.0,5577.96387553215,5951.449743509293,6038.926179409027,6075.1030895113945,5910.860721990466
2025-06-06,Coimbatore,Vadavalli(Farmers Market),8000.0,5707.34805226326,5996.945143342018,6140.199729502201,6087.762223780155,5983.063787221909
2025-05-06,Coimbatore,Vadavalli(Farmers Market),7000.0,5630.747867822647,5932.123598456383,6095.6857243180275,6030.0469851493835,5922.15104393661
2025-04-07,Coimbatore,Vadavalli(Farmers Market),3000.0,5629.579427540302,5956.0416424274445,6157.384606599808,6062.730948925018,5951.434156373143
2025-04-08,Coimbatore,Vadavalli(Farmers Market),6000.0,5537.925639152527,5830.783892273903,6105.315004885197,5967.3919332027435,5860.3541173785925
2025-07-09,Coimbatore,Vadavalli(Farmers Market),7000.0,5480.449799895287,5723.272156119347,6015.182330608368,5911.2425473332405,5782.53670848906
2025-04-10,Coimbatore,Vadavalli(Farmers Market),7000.0,5697.359910607338,5882.855873703957,6203.656745553017,6084.640037119389,5967.128141745925
2025-07-10,Coimbatore,Vadavalli(Farmers Market),6000.0,5669.307824969292,5769.910295307636,6142.996847033501,6025.006747841835,5901.805428788066
2024-08-11,Coimbatore,Vadavalli(Farmers Market),6000.0,5507.323926389217,5703.002691864967,6077.255780100822,5978.859305977821,5816.610426083207
2025-04-12,Coimbatore,Vadavalli(Farmers Market),8000.0,5409.931692183018,5634.007126092911,5992.868690788746,5939.435988068581,5744.060874283314
2025-06-12,Coimbatore,Vadavalli(Farmers Market),6000.0,5283.428874909878,5648.152154684067,6053.8103476166725,6031.466723382473,5754.2145251482725
2024-08-13,Coimbatore,Vadavalli(Farmers Market),7000.0,5274.590135812759,5656.088505685329,5955.051680803299,6004.9600249528885,5722.672586813569
2025-04-14,Coimbatore,Vadavalli(Farmers Market),3000.0,5410.489973425865,5797.404099702835,6097.546661794186,6136.8733632564545,5860.578524544835
2024-08-14,Coimbatore,Vadavalli(Farmers Market),3000.0,5489.6821439266205,5775.841974020004,6076.179672777653,6062.947027087212,5851.162704452872
2025-04-15,Coimbatore,Vadavalli(Farmers Market),4000.0,5524.921922087669,5784.342317581177,6130.37340849638,6074.900813698769,5878.634615465999
2025-07-15,Coimbatore,Vadavalli(Farmers Market),8000.0,5612.525434792042,5814.221072793007,6198.845436871052,6083.445895910263,5927.259460091591
2024-10-15,Coimbatore,Vadavalli(Farmers Market),6000.0,5490.157611072063,5853.332172036171,6083.584395349026,6092.998549640179,5880.01818202436
2025-04-16,Coimbatore,Vadavalli(Farmers Market),7000.0,5652.79545545578,5961.607320904732,6175.408095419407,6151.348696351051,5985.2898920327425
2025-07-16,Coimbatore,Vadavalli(Farmers Market),8000.0,5724.077451825142,5911.796069145203,6068.090068101883,6067.5398778915405,5942.875866740942
2025-06-16,Coimbatore,Vadavalli(Farmers Market),6000.0,5792.614684402943,5946.400463283062,6090.24664670229,6087.107802033424,5979.09239910543
2024-08-17,Coimbatore,Vadavalli(Farmers Market),3500.0,5738.180121481419,5952.940397262573,6103.231326043606,6067.013960778713,5965.341451391578
2025-07-17,Coimbatore,Vadavalli(Farmers Market),3000.0,5628.689889907837,5844.986034035683,6008.616219758987,5965.228771865368,5861.880228891969
2025-06-17,Coimbatore,Vadavalli(Farmers Market),5000.0,5636.969871819019,5810.545840263367,6047.974809408188,5951.809080541134,5861.824900507927
2025-04-18,Coimbatore,Vadavalli(Farmers Market),6000.0,5768.868931829929,5887.279288768768,6167.7325612306595,6048.9899960160255,5968.217694461346
2024-07-18,Coimbatore,Vadavalli(Farmers Market),7000.0,5676.951946914196,5890.123048722744,6175.855957865715,6082.755302488804,5956.421563997865
2025-06-18,Coimbatore,Vadavalli(Farmers Market),9000.0,5666.406951844692,5898.786640763283,6165.402343869209,6110.814527273178,5960.352615937591
2025-03-18,Coimbatore,Vadavalli(Farmers Market),4000.0,5555.677840411663,5867.338225245476,6141.0292983055115,6102.771089076996,5916.7041132599115
2024-07-19,Coimbatore,Vadavalli(Farmers Market),7000.0,5636.270235478878,5857.158754467964,6118.108355104923,6065.193002521992,5919.182586893439
2025-06-19,Coimbatore,Vadavalli(Farmers Market),8000.0,5735.992687046528,5901.000252068043,6149.849475622177,6068.646921515465,5963.872334063053
2025-04-20,Coimbatore,Vadavalli(Farmers Market),7000.0,5744.234117567539,5849.635046124458,6088.765987753868,6028.551096022129,5927.796561866999
2025-03-20,Coimbatore,Vadavalli(Farmers Market),8000.0,5599.762544929981,5837.673168480396,6152.626603543758,6081.052854061127,5917.778792753816
2025-03-21,Coimbatore,Vadavalli(Farmers Market),6000.0,5425.329402983189,5748.2739225029945,6030.421552360058,5995.483998060226,5799.877218976617
2025-03-23,Coimbatore,Vadavalli(Farmers Market),7000.0,5515.677679479122,5827.201944589615,6146.762508749962,6057.70689368248,5886.837256625295
2024-07-24,Coimbatore,Vadavalli(Farmers Market),7000.0,5315.863920450211,5711.592988669872,6041.351585388184,5977.117830216885,5761.481581181288
2025-06-25,Coimbatore,Vadavalli(Farmers Market),8000.0,5198.227446973324,5629.558961987495,5953.823271691799,5937.685469388962,5679.823787510395
2025-03-25,Coimbatore,Vadavalli(Farmers Market),6000.0,5316.366992294788,5759.41146671772,5995.670567750931,5994.983305931091,5766.608083173633
2024-07-26,Coimbatore,Vadavalli(Farmers Market),3000.0,5579.390276968479,5930.959441661835,6098.718909621239,6084.926078915596,5923.498676791787
2025-06-26,Coimbatore,Vadavalli(Farmers Market),7000.0,5585.933066606522,5871.260948181152,6043.618978261948,6007.0903462171555,5876.975834816694
2025-03-26,Coimbatore,Vadavalli(Farmers Market),7000.0,5547.148940265179,5898.77141058445,6080.48457801342,6038.064722418785,5891.117412820458
2024-07-27,Coimbatore,Vadavalli(Farmers Market),6000.0,5456.586013436317,5843.839963078499,6012.408058345318,5997.769476771355,5827.650877907872
2025-03-27,Coimbatore,Vadavalli(Farmers Market),6000.0,5281.033929288387,5768.391560912132,5918.961868286133,5943.071241378784,5727.864649966359
2024-10-29,Coimbatore,Vadavalli(Farmers Market),8000.0,5448.501168191433,5914.711696505547,6023.707899153233,6028.772409558296,5853.923293352127
2025-04-30,Coimbatore,Vadavalli(Farmers Market),8000.0,5431.645167768002,5919.954209625721,5987.275883555412,6039.596307277679,5844.617892056704
2025-03-30,Coimbatore,Vadavalli(Farmers Market),3000.0,5545.464577674866,5998.332517445087,6027.281279861927,6101.083394885063,5918.040442466736
2025-03-28,Coimbatore,Vadavalli(Farmers Market),7000.0,5617.618501782417,5980.744992494583,6018.75,6061.09037309885,5919.550966843963
2025-07-01,Coimbatore,Vadavalli(Farmers Market),6000.0,5633.853396475315,5995.066120028496,6102.377960085869,6077.3623913526535,5952.164966985583
2025-06-01,Coimbatore,Vadavalli(Farmers Market),8000.0,5454.787424504757,5822.470594346523,5980.268573462963,5918.463079929352,5793.997418060899
2024-11-01,Coimbatore,Vadavalli(Farmers Market),7000.0,5442.847916185856,5865.302140712738,6060.438331067562,5975.632411837578,5836.0551999509335
2024-08-02,Coimbatore,Vadavalli(Farmers Market),6000.0,5521.54129832983,5897.110369205475,6108.853641748428,6025.613575279713,5888.2797211408615
2025-05-02,Coimbatore,Vadavalli(Farmers Market),8000.0,5475.280582010746,5841.921912431717,6141.148284077644,6002.575550079346,5865.231582149863
2024-11-02,Coimbatore,Vadavalli(Farmers Market),3000.0,5280.607008337975,5735.340169072151,6025.602152645588,5933.260150551796,5743.702370151877
2025-05-03,Coimbatore,Vadavalli(Farmers Market),8000.0,5304.1742822527885,5730.561700463295,6005.398368537426,5887.80710965395,5731.985365226865
2024-11-03,Coimbatore,Vadavalli(Farmers Market),6000.0,5316.309403181076,5743.198941349983,6033.7978926301,5935.776461660862,5757.270674705505
2024-08-04,Coimbatore,Vadavalli(Farmers Market),6000.0,5319.6490958333015,5742.508823871613,6030.570998489857,5935.67651361227,5757.10135795176
2025-07-04,Coimbatore,Vadavalli(Farmers Market),7000.0,5451.5928944945335,5815.972543358803,6117.765200138092,6002.696915566921,5847.006888389587
2025-05-04,Coimbatore,Vadavalli(Farmers Market),5000.0,5522.12147295475,5851.801539063454,6184.63425219059,6054.269632697105,5903.206724226475
2024-11-04,Coimbatore,Vadavalli(Farmers Market),7000.0,5435.766358971596,5762.011067867279,6141.450507938862,6001.460891366005,5835.172206535935
2025-07-05,Coimbatore,Vadavalli(Farmers Market),4000.0,5358.9705619215965,5729.764971733093,6121.748843789101,5997.852766811848,5802.0842860639095
2025-05-05,Coimbatore,Vadavalli(Farmers Market),4000.0,5349.782956540585,5705.738888680935,6037.340812981129,5936.604602634907,5757.366815209389
2024-11-05,Coimbatore,Vadavalli(Farmers Market),8000.0,5444.708853662014,5771.505180597305,6077.867366969585,5992.2937515378,5821.593788191676
2024-08-06,Coimbatore,Vadavalli(Farmers Market),6000.0,5450.653858780861,5848.760262727737,6011.59705132246,6051.331160068512,5840.585583224893
2024-11-06,Coimbatore,Vadavalli(Farmers Market),6000.0,5562.067852318287,5990.092514753342,6076.802206337452,6136.418361663818,5941.345233768225
2024-08-07,Coimbatore,Vadavalli(Farmers Market),3000.0,5482.309309542179,5900.856517255306,5954.550988674164,6037.675400972366,5843.848054111004
2025-06-07,Coimbatore,Vadavalli(Farmers Market),6000.0,5545.383667349815,5915.428466796875,5964.9884206056595,6017.195569872856,5860.7490311563015
2025-05-07,Coimbatore,Vadavalli(Farmers Market),7000.0,5628.871224224567,6007.564385533333,6107.860348522663,6103.027622401714,5961.830895170569
2024-08-08,Coimbatore,Vadavalli(Farmers Market),4000.0,5826.179142892361,6108.635659813881,6192.723380923271,6157.566416859627,6071.276150122285
2025-06-08,Coimbatore,Vadavalli(Farmers Market),7000.0,5752.234244942665,5988.7141835689545,6110.001140534878,6044.262929260731,5973.803124576807
2024-08-09,Coimbatore,Vadavalli(Farmers Market),8000.0,5644.380781650543,5886.41021668911,6032.341030836105,5956.833135783672,5879.991291239858
2024-08-10,Coimbatore,Vadavalli(Farmers Market),5000.0,5573.005500435829,5870.656500458717,5991.302838027477,5928.975234925747,5840.985018461943
2025-04-11,Coimbatore,Vadavalli(Farmers Market),4000.0,5593.462962210178,5924.084919691086,6063.9122396707535,5958.70406806469,5885.041047409177
2025-07-11,Coimbatore,Vadavalli(Farmers Market),8000.0,5669.679536521435,5924.621783494949,6090.154789686203,5969.5446237921715,5913.50018337369
2025-06-11,Coimbatore,Vadavalli(Farmers Market),8000.0,5561.024585068226,5847.246763706207,6059.6059066057205,5932.833705544472,5850.177740231156
2025-07-12,Coimbatore,Vadavalli(Farmers Market),6000.0,5513.611610531807,5854.193629026413,6005.411219000816,5916.274693608284,5822.37278804183
2025-04-13,Coimbatore,Vadavalli(Farmers Market),4000.0,5753.468841314316,5968.9930057525635,6092.029529511929,5967.513774633408,5945.501287803054
2025-07-13,Coimbatore,Vadavalli(Farmers Market),3000.0,5511.848717331886,5792.174437046051,6026.525958180428,5894.145243763924,5806.173589080572
2025-06-13,Coimbatore,Vadavalli(Farmers Market),7000.0,5513.473587036133,5803.15539598465,6074.988863170147,5925.812593102455,5829.357609823346
2025-06-14,Coimbatore,Vadavalli(Farmers Market),8000.0,5511.160979568958,5835.39673268795,6132.208169102669,5962.39215105772,5860.289508104324
2025-06-15,Coimbatore,Vadavalli(Farmers Market),7000.0,5459.808624088764,5900.948374271393,6005.265104472637,6001.851164698601,5841.968316882849
2024-07-16,Coimbatore,Vadavalli(Farmers Market),3000.0,5589.969539940357,6021.485720872879,6066.75885528326,6096.550036966801,5943.691038265824
2024-07-17,Coimbatore,Vadavalli(Farmers Market),6000.0,5548.646733164787,5927.546453773975,6017.9489877820015,5992.75398850441,5871.7240408062935
2025-03-17,Coimbatore,Vadavalli(Farmers Market),7000.0,5560.085549354553,5908.165575265884,5999.076416492462,5954.135490357876,5855.365757867694
2024-08-18,Coimbatore,Vadavalli(Farmers Market),8000.0,5658.951303362846,5987.689954042435,6122.567465901375,6025.030544996262,5948.559817075729
2025-07-18,Coimbatore,Vadavalli(Farmers Market),3000.0,5531.249109506607,5893.6588299274445,6064.942656457424,5980.535577535629,5867.596543356776
2025-04-19,Coimbatore,Vadavalli(Farmers Market),8000.0,5473.014141023159,5810.691478848457,6017.583939433098,5913.001157045364,5803.57267908752
2024-08-19,Coimbatore,Vadavalli(Farmers Market),7000.0,5556.213276386261,5833.78614127636,6036.190458536148,5947.98916131258,5843.544759377837
2025-07-19,Coimbatore,Vadavalli(Farmers Market),7000.0,5579.935707747936,5881.859248876572,6110.7003009319305,5990.1353496313095,5890.657651796937
2025-03-19,Coimbatore,Vadavalli(Farmers Market),6000.0,5520.781217217445,5873.911951184273,6140.013159811497,6035.272840261459,5892.494792118669
2024-08-20,Coimbatore,Vadavalli(Farmers Market),6000.0,5275.131759047508,5718.624095916748,5953.3668422698975,5900.684225857258,5711.951730772853
2024-07-20,Coimbatore,Vadavalli(Farmers Market),6000.0,5313.154852390289,5823.268750905991,6018.387331366539,5966.450517773628,5780.315363109112
2025-06-20,Coimbatore,Vadavalli(Farmers Market),6000.0,5373.9760956168175,5811.567214131355,5943.089803159237,5931.329249441624,5764.990590587258
2025-04-21,Coimbatore,Vadavalli(Farmers Market),7000.0,5615.200710892677,5971.1842477321625,6113.543584942818,6058.571682274342,5939.6250564605
2024-08-21,Coimbatore,Vadavalli(Farmers Market),8000.0,5417.667671144009,5747.620452642441,6003.203794956207,5954.084088504314,5780.644001811743
2024-07-21,Coimbatore,Vadavalli(Farmers Market),6000.0,5428.4663438797,5820.65677523613,6059.595435857773,6012.958724498749,5830.419319868088
2025-07-21,Coimbatore,Vadavalli(Farmers Market),7000.0,5567.579273283482,5887.625775337219,6118.19354891777,6037.258474826813,5902.664268091321
2025-06-21,Coimbatore,Vadavalli(Farmers Market),8000.0,5592.227889895439,5890.332463681698,6141.171605288982,6055.1625019311905,5919.7236151993275
2025-04-22,Coimbatore,Vadavalli(Farmers Market),3500.0,5397.375837564468,5846.58139526844,5998.402481079102,6021.302006840706,5815.915430188179
2024-07-22,Coimbatore,Vadavalli(Farmers Market),3000.0,5370.205674469471,5841.475001871586,5952.645312547684,5996.566292643547,5790.223070383072
2025-06-22,Coimbatore,Vadavalli(Farmers Market),7000.0,5591.330261230469,5952.091314792633,6045.122958421707,6049.316492974758,5909.465256854892
2025-04-23,Coimbatore,Vadavalli(Farmers Market),6000.0,5672.398123443127,6030.1069539785385,6144.022504389286,6101.906776428223,5987.1085895597935
2024-08-23,Coimbatore,Vadavalli(Farmers Market),8000.0,5426.0832968354225,5875.7824075222015,5946.263391673565,5955.154008567333,5800.820776149631
2025-04-24,Coimbatore,Vadavalli(Farmers Market),5000.0,5440.294957458973,5949.864853024483,6022.329092025757,6004.4317281246185,5854.230157658458
2024-08-24,Coimbatore,Vadavalli(Farmers Market),7000.0,5539.046961069107,5971.881028413773,6055.498517751694,6009.982652366161,5894.102289900184
2025-06-24,Coimbatore,Vadavalli(Farmers Market),8000.0,5420.442419350147,5829.861514568329,5945.870738625526,5921.874639987946,5779.512328132987
2024-10-24,Coimbatore,Vadavalli(Farmers Market),7000.0,5452.440549135208,5862.57593870163,5939.262268841267,5962.950908243656,5804.30741623044
2025-04-25,Coimbatore,Vadavalli(Farmers Market),7000.0,5461.700973808765,5887.283096313477,5936.448493301868,5975.183121562004,5815.153921246529
2024-08-25,Coimbatore,Vadavalli(Farmers Market),8000.0,5583.618079423904,5962.8580993413925,6032.733683884144,6035.850635170937,5903.765124455094
2024-07-25,Coimbatore,Vadavalli(Farmers Market),6000.0,5503.289832770824,5888.968886733055,5997.659057974815,6003.506494760513,5848.356068059802
2024-10-25,Coimbatore,Vadavalli(Farmers Market),7000.0,5467.192405164242,5862.612586319447,5975.660492479801,5958.32140982151,5815.94672344625
2025-04-26,Coimbatore,Vadavalli(Farmers Market),3000.0,5486.978787183762,5934.232978224754,6063.953170776367,6004.613538384438,5872.44461864233
2024-08-26,Coimbatore,Vadavalli(Farmers Market),7000.0,5322.652772665024,5777.373558878899,6034.092025458813,5944.996907114983,5769.778816029429
2024-10-26,Coimbatore,Vadavalli(Farmers Market),6000.0,5364.556230008602,5790.256386399269,6027.996146380901,5973.74862909317,5789.139347970486
2025-04-27,Coimbatore,Vadavalli(Farmers Market),7000.0,5600.020030140877,5936.871606707573,6159.568709433079,6056.539881229401,5938.250056877732
2024-08-27,Coimbatore,Vadavalli(Farmers Market),6000.0,5491.199926435947,5832.616749107838,6061.835224032402,5970.6559509038925,5839.07696262002
2024-10-27,Coimbatore,Vadavalli(Farmers Market),6000.0,5516.433953046799,5884.343671798706,6092.09378182888,6002.656460404396,5873.881966769695
2025-04-28,Coimbatore,Vadavalli(Farmers Market),3500.0,5457.066715955734,5883.794433474541,6082.118966579437,5997.09030598402,5855.017605498433
2024-08-28,Coimbatore,Vadavalli(Farmers Market),6000.0,5507.376756072044,5854.512510895729,6053.407223820686,5967.755077779293,5845.762892141938
2024-07-28,Coimbatore,Vadavalli(Farmers Market),7000.0,5634.873342514038,5917.87386238575,6148.821438550949,6036.837741136551,5934.601596146822
2025-06-28,Coimbatore,Vadavalli(Farmers Market),8000.0,5686.787786781788,5939.140427410603,6207.557575106621,6080.832968354225,5978.579689413309
2024-10-28,Coimbatore,Vadavalli(Farmers Market),8000.0,5539.074089825153,5809.0171110630035,6104.170361757278,5993.365099430084,5861.40666551888
2025-04-29,Coimbatore,Vadavalli(Farmers Market),8000.0,5436.699683368206,5738.966855406761,6037.864826321602,5960.806308686733,5793.584418445826
2024-08-29,Coimbatore,Vadavalli(Farmers Market),7000.0,5346.835440993309,5785.783949196339,5968.9249458909035,6002.358044087887,5775.9755950421095
2024-07-29,Coimbatore,Vadavalli(Farmers Market),8000.0,5490.953863859177,5921.107419729233,6067.963467240334,6082.6663011312485,5890.672762989998
2025-06-29,Coimbatore,Vadavalli(Farmers Market),3000.0,5491.686816215515,5917.898611426353,6084.696674346924,6081.546882987022,5893.957246243954
2025-03-29,Coimbatore,Vadavalli(Farmers Market),6000.0,5512.483625411987,5871.107694506645,6011.811701655388,5985.781422257423,5845.296110957861
2024-08-30,Coimbatore,Vadavalli(Farmers Market),3000.0,5380.628828108311,5819.756290912628,5910.573371350765,5952.417811751366,5765.844075530767
2024-07-30,Coimbatore,Vadavalli(Farmers Market),3500.0,5501.676861643791,5886.319787502289,6005.544007122517,5993.013853430748,5846.638627424836
2025-06-30,Coimbatore,Vadavalli(Farmers Market),7000.0,5556.851040124893,5880.812174081802,6050.6367591023445,5992.216172814369,5870.129036530852
2024-10-30,Coimbatore,Vadavalli(Farmers Market),8000.0,5506.194037497044,5834.730412364006,6028.973733484745,5981.29708647728,5837.798817455769
2024-07-31,Coimbatore,Vadavalli(Farmers Market),7000.0,5563.861681818962,5863.993297219276,6081.452170312405,6036.641652584076,5886.48720048368
2025-03-31,Coimbatore,Vadavalli(Farmers Market),7000.0,5755.649136602879,5946.599883437157,6125.719636976719,6057.730690836906,5971.424836963415
2024-11-09,Coimbatore,Vadavalli(Farmers Market),6000.0,5673.32383275032,5887.704305946827,6016.69202208519,5994.280813932419,5893.000243678689
2024-12-13,Coimbatore,Vadavalli(Farmers Market),7000.0,5777.399259805679,5955.690396428108,6092.9428642988205,6034.107731580734,5965.035063028336
2025-01-13,Coimbatore,Vadavalli(Farmers Market),7000.0,5747.401994764805,5954.218780398369,6154.130107760429,6045.904456973076,5975.41383497417
2024-12-15,Coimbatore,Vadavalli(Farmers Market),6000.0,5715.783667564392,5923.529018163681,6137.736248075962,6030.868462920189,5951.979349181056
2024-12-16,Coimbatore,Vadavalli(Farmers Market),7000.0,5401.529392898083,5789.6119594573975,6088.804063200951,5976.5866777300835,5814.133023321629
2024-12-17,Coimbatore,Vadavalli(Farmers Market),6000.0,5259.806867539883,5707.73356616497,6009.801793992519,5945.541386008263,5730.720903426409
2025-01-20,Coimbatore,Vadavalli(Farmers Market),7000.0,5328.225590288639,5768.532440066338,6139.250223040581,6020.1930594444275,5814.050328209996
2024-12-29,Coimbatore,Vadavalli(Farmers Market),3000.0,5442.575200796127,5838.156726658344,6206.430541872978,6050.9242287278175,5884.521674513817
2024-12-05,Coimbatore,Vadavalli(Farmers Market),7000.0,5332.360107898712,5680.965574979782,6080.794416964054,5905.887235701084,5750.001833885908
2024-12-06,Coimbatore,Vadavalli(Farmers Market),6000.0,5465.18678098917,5813.968822956085,6142.168706059456,6006.358821690083,5856.920782923698
2024-12-08,Coimbatore,Vadavalli(Farmers Market),3000.0,5433.833554089069,5752.909132242203,6060.3536131978035,5931.392549872398,5794.6222123503685
2024-12-09,Coimbatore,Vadavalli(Farmers Market),8000.0,5519.712724983692,5774.929115176201,6084.287363290787,5944.325351417065,5830.813638716936
2024-11-07,Coimbatore,Vadavalli(Farmers Market),8000.0,5567.235642373562,5832.8180730342865,6136.983306109905,5998.760866224766,5883.94947193563
2024-11-08,Coimbatore,Vadavalli(Farmers Market),6000.0,5431.902177035809,5785.634979009628,6029.452056288719,5951.150851249695,5799.535015895963
2024-11-10,Coimbatore,Vadavalli(Farmers Market),5000.0,5457.323249280453,5839.332782030106,6069.028627872467,5993.948605656624,5839.908316209912
2025-01-09,Coimbatore,Vadavalli(Farmers Market),3000.0,5529.4647988677025,5884.115219116211,6078.0877286195755,6002.605534493923,5873.568320274353
2024-10-09,Coimbatore,Vadavalli(Farmers Market),5000.0,5547.858095467091,5832.2735941410065,6059.412673711777,5957.894964814186,5849.359832033515
2024-12-25,Coimbatore,Vadavalli(Farmers Market),6000.0,5611.128541827202,5889.692320227623,6121.524198651314,6015.347482860088,5909.423135891557
2025-01-01,Coimbatore,Vadavalli(Farmers Market),7000.0,5673.440914750099,5895.97762465477,6180.74817687273,6052.217366099358,5950.596020594239
2025-01-02,Coimbatore,Vadavalli(Farmers Market),7000.0,5650.389087200165,5851.082864999771,6153.9278319478035,6028.743852972984,5921.035909280181
2025-01-03,Coimbatore,Vadavalli(Farmers Market),8000.0,5670.77325373888,5861.79158449173,6160.411604642868,6049.131351113319,5935.526948496699
2025-01-04,Coimbatore,Vadavalli(Farmers Market),6000.0,5535.223710238934,5799.455414414406,6116.066559255123,6008.090778589249,5864.709115624428
2025-01-05,Coimbatore,Vadavalli(Farmers Market),4000.0,5477.408047616482,5730.879630446434,6026.751079261303,5916.462691128254,5787.875362113118
2025-01-06,Coimbatore,Vadavalli(Farmers Market),5000.0,5392.150458395481,5692.777530550957,6013.422769010067,5884.550231099129,5745.725247263908
2025-01-07,Coimbatore,Vadavalli(Farmers Market),8000.0,5578.749657571316,5814.0335512161255,6197.077308297157,6009.118815660477,5899.744833186269
2025-01-08,Coimbatore,Vadavalli(Farmers Market),6000.0,5643.990984261036,5877.4291706085205,6065.7641342282295,6035.393729805946,5905.644504725933
2025-01-10,Coimbatore,Vadavalli(Farmers Market),6000.0,5711.461152434349,6005.524017512798,6094.995130896568,6120.39430975914,5983.093652650714
2024-12-11,Coimbatore,Vadavalli(Farmers Market),3000.0,5670.262566804886,6015.33082485199,6067.367110550404,6110.567988753319,5965.8821227401495
2025-01-11,Coimbatore,Vadavalli(Farmers Market),8000.0,5717.519907951355,5996.498708724976,6050.603443086147,6093.256510794163,5964.46964263916
2024-11-11,Coimbatore,Vadavalli(Farmers Market),8000.0,5601.017606854439,5957.005903124809,5988.129725456238,6045.009208023548,5897.7906108647585
2024-12-12,Coimbatore,Vadavalli(Farmers Market),7000.0,5599.745410978794,5991.020603775978,5954.582400918007,6041.525780558586,5896.718549057841
2025-01-12,Coimbatore,Vadavalli(Farmers Market),4000.0,5601.542572081089,5955.662791728973,5974.523940384388,6017.274576425552,5887.250970155001
2024-11-12,Coimbatore,Vadavalli(Farmers Market),7000.0,5745.374477207661,5993.1271278858185,6067.888268232346,6019.7014102339745,5956.52282088995
2024-11-13,Coimbatore,Vadavalli(Farmers Market),7000.0,5763.859154880047,6024.693577289581,6151.568106114864,6041.216893494129,5995.334432944655
2024-12-14,Coimbatore,Vadavalli(Farmers Market),7000.0,5559.290724396706,5902.850242853165,6030.732343196869,5937.788273096085,5857.665395885706
2025-01-14,Coimbatore,Vadavalli(Farmers Market),6000.0,5453.199202418327,5909.6638441085815,6073.1993171572685,5945.659895837307,5845.430564880371
2024-11-14,Coimbatore,Vadavalli(Farmers Market),6000.0,5301.982564330101,5751.320434212685,5953.172657489777,5835.590917468071,5710.516643375158
2025-01-15,Coimbatore,Vadavalli(Farmers Market),8000.0,5587.162903547287,5906.067618131638,6134.07148629427,5976.724225282669,5901.006558313966
2024-11-15,Coimbatore,Vadavalli(Farmers Market),3000.0,5691.149805188179,5908.945170044899,6133.487028181553,5977.01883405447,5927.650209367275
2024-11-16,Coimbatore,Vadavalli(Farmers Market),6000.0,5457.706859409809,5737.425751686096,6059.247997403145,5898.304034471512,5788.1711607426405
2025-01-17,Coimbatore,Vadavalli(Farmers Market),8000.0,5303.414201140404,5667.936156988144,5955.738942623138,5889.5604839921,5704.1624461859465
2024-12-18,Coimbatore,Vadavalli(Farmers Market),4000.0,5326.05386197567,5701.830919981003,6010.942153632641,5980.535101592541,5754.840509295464
2025-01-18,Coimbatore,Vadavalli(Farmers Market),6500.0,5567.506453990936,5806.2356996536255,6100.752138495445,6027.838133275509,5875.583106353879
2024-11-18,Coimbatore,Vadavalli(Farmers Market),3500.0,5546.623023152351,5822.914649248123,6155.4170578718185,6041.336355209351,5891.572771370411
2024-12-19,Coimbatore,Vadavalli(Farmers Market),6000.0,5398.417676985264,5721.583985984325,6059.109973907471,5953.116972148418,5783.05715225637
2025-01-19,Coimbatore,Vadavalli(Farmers Market),6000.0,5370.15094101429,5725.75372338295,6042.606647312641,5963.528227210045,5775.509884729981
2024-11-19,Coimbatore,Vadavalli(Farmers Market),3000.0,5391.169539690018,5687.441256642342,5981.535533964634,5924.856899380684,5746.250807419419
2024-12-20,Coimbatore,Vadavalli(Farmers Market),7000.0,5547.9547119140625,5739.992988705635,6097.169714868069,5969.372808337212,5838.6225559562445
2024-11-20,Coimbatore,Vadavalli(Farmers Market),6000.0,5704.561405479908,5840.081916451454,6228.840798139572,6081.858149766922,5963.835567459464
2024-12-21,Coimbatore,Vadavalli(Farmers Market),8000.0,5625.05892008543,5834.005075097084,6201.4098182320595,6070.796280503273,5932.817523479462
2025-01-21,Coimbatore,Vadavalli(Farmers Market),8000.0,5578.185665011406,5810.032297670841,6136.939995288849,6043.769852221012,5892.231952548027
2024-11-21,Coimbatore,Vadavalli(Farmers Market),5000.0,5487.38762229681,5771.271016597748,6055.192010402679,5995.967556238174,5827.454551383853
2024-12-22,Coimbatore,Vadavalli(Farmers Market),4000.0,5435.330395102501,5778.098896145821,6073.836129009724,6009.915544390678,5824.295241162181
2025-01-22,Coimbatore,Vadavalli(Farmers Market),8000.0,5572.207343876362,5822.1483808755875,6102.961466312408,6028.366430103779,5881.420905292034
2024-11-22,Coimbatore,Vadavalli(Farmers Market),8000.0,5457.396068572998,5781.065925359726,6027.285087406635,5998.295393884182,5816.010618805885
2024-12-23,Coimbatore,Vadavalli(Farmers Market),5000.0,5364.085998237133,5755.343105196953,6024.033444225788,5992.886300683022,5784.087212085724
2025-01-23,Coimbatore,Vadavalli(Farmers Market),6000.0,5572.177359461784,5871.646462082863,6167.53790050745,6041.193572282791,5913.138823583722
2024-11-23,Coimbatore,Vadavalli(Farmers Market),8000.0,5331.762323379517,5706.164857745171,5987.569064497948,5907.426435649395,5733.2306703180075
2024-12-24,Coimbatore,Vadavalli(Farmers Market),8000.0,5331.388232111931,5849.475129246712,5926.537930369377,6013.184321522713,5780.146403312683
2024-11-24,Coimbatore,Vadavalli(Farmers Market),3000.0,5423.614104092121,5953.471549749374,5946.396655738354,6068.128143548965,5847.902613282204
2024-12-26,Coimbatore,Vadavalli(Farmers Market),6000.0,5637.762793004513,5983.6073142290115,5985.563440322876,6048.044773042202,5913.744580149651
2024-12-27,Coimbatore,Vadavalli(Farmers Market),8000.0,5858.763634562492,6097.704674899578,6049.073761999607,6107.944590449333,6028.371665477753
2024-12-28,Coimbatore,Vadavalli(Farmers Market),3000.0,5986.256413459778,6181.845701634884,6112.234265506268,6181.813337504864,6115.537429526448
2024-11-29,Coimbatore,Vadavalli(Farmers Market),7000.0,5961.565437912941,6084.065573811531,6033.654157817364,6082.279359400272,6040.391132235527
2024-12-30,Coimbatore,Vadavalli(Farmers Market),6000.0,5787.29697227478,5979.884487390518,5987.298252880573,5997.787562608719,5938.066818788648
2024-12-31,Coimbatore,Vadavalli(Farmers Market),8000.0,5775.027635395527,5984.062315821648,6120.62752187252,6013.004890978336,5973.180591017008
2024-11-17,Coimbatore,Vadavalli(Farmers Market),7000.0,5652.4018505215645,5874.17847931385,6075.893630981445,5951.602045297623,5888.519001528621
2024-12-02,Coimbatore,Vadavalli(Farmers Market),6000.0,5756.136502325535,5911.807491779327,6098.70225161314,5961.566389799118,5932.05315887928
2024-12-03,Coimbatore,Vadavalli(Farmers Market),4000.0,5758.276818394661,5928.874810934067,6183.332547843456,5999.435277581215,5967.47986368835
2024-12-04,Coimbatore,Vadavalli(Farmers Market),3000.0,5662.914481461048,5826.163912713528,6127.694800794125,5927.468399107456,5886.060398519039
2024-12-07,Coimbatore,Vadavalli(Farmers Market),4000.0,5735.760902762413,5836.167760491371,6083.289786577225,5879.451928734779,5883.667594641447
2024-11-28,Coimbatore,Vadavalli(Farmers Market),8000.0,5801.701389849186,5850.0234156847,6102.537876963615,5878.523363769054,5908.196511566639
2024-11-25,Coimbatore,Vadavalli(Farmers Market),7000.0,5522.095772027969,5869.870242476463,6017.7291020751,5946.039698421955,5838.933703750372
2024-11-26,Coimbatore,Vadavalli(Farmers Market),4000.0,5516.17741972208,5905.047196149826,6004.543098807335,5972.039041519165,5849.451689049602
2024-11-27,Coimbatore,Vadavalli(Farmers Market),3000.0,5747.8351029753685,5986.755201816559,6054.566621184349,5989.556602835655,5944.678382202983
2024-06-22,Vellore,Vellore,6000.0,5731.806767582893,5910.142642855644,6060.395496189594,5907.031402885914,5902.344077378511
2024-07-02,Vellore,Vellore,7000.0,5606.832679510117,5909.140306711197,6099.920665919781,5920.027980804443,5883.980408236384
2024-07-03,Vellore,Vellore,8000.0,5758.41960132122,5997.423942089081,6126.924724876881,5998.837017118931,5970.401321351528
2024-06-21,Vellore,Vellore,6000.0,5783.151507973671,5990.175804793835,6156.631664633751,6013.498919904232,5985.864474326372
2024-06-24,Vellore,Vellore,8000.0,5594.441977143288,5811.549128293991,6026.346051692963,5875.5406284332275,5826.969446390867
2024-06-25,Vellore,Vellore,7000.0,5436.999051570892,5752.985283136368,5973.838106393814,5866.707124710083,5757.632391452789
2024-06-28,Vellore,Vellore,5000.0,5417.971322834492,5785.155228376389,6036.067665219307,5925.378533005714,5791.143187358975
2024-06-20,Vellore,Vellore,3000.0,5385.517239570618,5794.246217310429,6065.84504455328,5955.122120380402,5800.182655453682
2024-07-01,Vellore,Vellore,7000.0,5359.703990221024,5750.084885954857,6030.770418643951,5906.65683567524,5761.804032623768
2024-07-04,Vellore,Vellore,8000.0,5516.45632237196,5891.951622068882,6108.287745416164,6011.598955094814,5882.073661237955
2024-07-05,Vellore,Vellore,6000.0,5502.550693154335,5862.208510637283,6001.900662779808,5967.703199982643,5833.590766638517
2024-06-19,Vellore,Vellore,3000.0,5483.717625141144,5853.860468864441,6107.1711829304695,6028.127982616425,5868.21931488812
2024-06-23,Vellore,Vellore,8000.0,5385.732365846634,5726.591383218765,6030.149788856506,5903.485150933266,5761.489672213793
2024-06-26,Vellore,Vellore,8000.0,5459.489742219448,5818.223754167557,6089.305231273174,5957.014470100403,5831.0082994401455
2024-06-27,Vellore,Vellore,7000.0,5589.53119635582,5889.347737431526,6088.9830178022385,5991.187183856964,5889.762283861637
2024-08-13,Vellore,Vellore,4000.0,5517.278276085854,5796.209482550621,5998.947911858559,5928.767247796059,5810.300729572773
2024-07-24,Vellore,Vellore,6500.0,5472.949888706207,5765.262711048126,5983.850045204163,5880.570870935917,5775.658378973603
2024-07-27,Vellore,Vellore,8000.0,5500.06960183382,5851.598787307739,6090.4336923360825,5950.833397209644,5848.233869671822
2024-07-19,Vellore,Vellore,6000.0,5503.989945054054,5817.07863509655,6047.209016978741,5944.606633782387,5828.221057727933
2024-07-29,Vellore,Vellore,7000.0,5501.151420474052,5816.5803226828575,6106.004646420479,5967.213454544544,5847.737461030483
2025-01-07,Vellore,Vellore,6000.0,5325.635983943939,5659.881296157837,5999.431470036507,5859.953016340733,5711.225441619754
2024-08-01,Vellore,Vellore,6000.0,5370.668291151524,5767.870879173279,6070.876238942146,5950.74725151062,5790.040665194392
2025-06-01,Vellore,Vellore,6500.0,5322.020244300365,5730.2818459272385,5941.621994674206,5903.6783838272095,5724.400617182255
2024-10-01,Vellore,Vellore,6000.0,5406.9513365626335,5845.039815604687,6040.067966878414,5998.225430250168,5822.571137323976
2024-08-02,Vellore,Vellore,3000.0,5419.28444981575,5856.781807541847,6061.868540048599,6020.631403028965,5839.64155010879
2025-06-02,Vellore,Vellore,4000.0,5474.407226443291,5835.51667034626,6036.691150665283,5989.331957697868,5833.986751288176
2025-05-02,Vellore,Vellore,7000.0,5670.147388577461,5897.4530482292175,6078.766423463821,6028.347392380238,5918.678563162684
2024-11-02,Vellore,Vellore,6000.0,5615.450581014156,5824.661360383034,6063.719482719898,5982.736338376999,5871.641940623522
2024-10-02,Vellore,Vellore,8000.0,5606.775090396404,5843.775710761547,6151.934106349945,5992.788256406784,5898.81829097867
2025-02-03,Vellore,Vellore,6000.0,5477.40852355957,5851.457908153534,6027.891438901424,5995.848570466042,5838.151610270143
2025-06-03,Vellore,Vellore,4000.0,5556.028134524822,5905.952439904213,5982.113328874111,5994.394564330578,5859.622116908431
2025-03-03,Vellore,Vellore,8000.0,5575.191982984543,5889.9650356173515,5977.902660369873,5966.694200634956,5852.438469901681
2024-11-03,Vellore,Vellore,7000.0,5645.143242478371,5976.4281886816025,6073.383031189442,6050.231731534004,5936.296548470855
2024-10-03,Vellore,Vellore,8000.0,5642.240941524506,5991.611249148846,6078.124852180481,6035.13338893652,5936.777607947588
2024-09-03,Vellore,Vellore,7000.0,5495.181190371513,5906.363654732704,5975.689525008202,5970.098621547222,5836.83324791491
2025-04-04,Vellore,Vellore,6000.0,5545.561194121838,5989.728894233704,6092.470728754997,6046.271885037422,5918.50817553699
2025-02-04,Vellore,Vellore,3000.0,5377.863598763943,5785.410333871841,5952.986087799072,5890.384817421436,5751.661209464073
2025-07-04,Vellore,Vellore,8000.0,5356.0530307888985,5767.948933839798,5998.251607120037,5875.460669994354,5749.428560435772
2025-06-04,Vellore,Vellore,7000.0,5372.39358484745,5817.511743307114,6093.995650410652,5970.168585181236,5813.517390936613
2025-03-04,Vellore,Vellore,7000.0,5502.5197568535805,5912.354826331139,6128.569108247757,6037.167569696903,5895.152815282345
2024-11-04,Vellore,Vellore,8000.0,5554.52510625124,5925.645537078381,6113.819631934166,6025.456990003586,5904.861816316843
2025-04-05,Vellore,Vellore,7000.0,5374.390642046928,5815.086337327957,5987.793709635735,5931.766641139984,5777.259332537651
2024-08-05,Vellore,Vellore,3000.0,5416.66581094265,5904.653115272522,6041.051741242409,5968.7217181921005,5832.77309641242
2025-07-05,Vellore,Vellore,7000.0,5403.748239576817,5818.79298210144,6042.140699028969,5956.200607419014,5805.22063203156
2025-06-05,Vellore,Vellore,7000.0,5384.829025864601,5784.229043126106,6009.308241009712,5929.940923452377,5777.076808363199
2025-03-05,Vellore,Vellore,4000.0,5426.801019012928,5789.427293539047,6001.7040982842445,5914.933485984802,5783.2164742052555
2024-09-05,Vellore,Vellore,5000.0,5475.7788944244385,5818.999541401863,6059.95286911726,5926.104346215725,5820.208912789822
2025-04-06,Vellore,Vellore,6000.0,5356.759806275368,5735.600985884666,5949.965277016163,5839.207133054733,5720.383300557733
2025-02-06,Vellore,Vellore,7000.0,5447.445050477982,5851.025751829147,6068.676429986954,5951.362169981003,5829.627350568771
2025-06-06,Vellore,Vellore,7000.0,5543.124365508556,5911.853182315826,6120.111599564552,6017.60583281517,5898.173745051026
2025-03-06,Vellore,Vellore,3000.0,5539.1450053453445,5866.718547344208,6081.665868759155,5978.504252433777,5866.508418470621
2025-05-06,Vellore,Vellore,3000.0,5551.709902882576,5782.950659990311,6008.5700532794,5870.500391125679,5803.432751819491
2024-11-06,Vellore,Vellore,7000.0,5554.884443283081,5730.120025277138,6064.916479587555,5856.581911444664,5801.625714898109
2024-08-07,Vellore,Vellore,7000.0,5612.52591073513,5784.969610571861,6155.313778221607,5939.864336848259,5873.168409094214
2025-06-07,Vellore,Vellore,3000.0,5681.204022467136,5827.285710573196,6187.310956120491,6010.179216861725,5926.494976505637
2025-03-07,Vellore,Vellore,8000.0,5615.731863379478,5720.7011115550995,6136.316985785961,5938.362260460854,5852.778055295348
2025-05-07,Vellore,Vellore,6000.0,5469.910992085934,5616.596176028252,6100.602692365646,5900.297284126282,5771.851786151528
2024-11-07,Vellore,Vellore,6000.0,5426.852420866489,5566.755415797234,6004.916714131832,5805.9634602069855,5701.122002750635
2024-10-07,Vellore,Vellore,6000.0,5478.067228794098,5680.27260184288,6091.309903562069,5896.134685873985,5786.446105018258
2024-09-07,Vellore,Vellore,6000.0,5552.708431482315,5782.587039470673,6134.6968755126,5985.5415469408035,5863.883473351598
2024-08-08,Vellore,Vellore,4000.0,5670.949352681637,5843.802363574505,6146.4926490187645,6018.5615265369415,5919.951472952962
2025-01-08,Vellore,Vellore,6000.0,5675.520786046982,5790.587642788887,6091.770616471767,5973.921872377396,5882.950229421258
2025-07-08,Vellore,Vellore,7000.0,5467.673107683659,5678.447360098362,5961.672525107861,5889.734203219414,5749.381799027324
2025-06-08,Vellore,Vellore,6000.0,5431.553310751915,5704.221106171608,5996.186490058899,5925.826395452023,5764.446825608611
2025-03-08,Vellore,Vellore,14000.0,5448.217506110668,5792.056879103184,6099.942559301853,5994.96759980917,5833.796136081219
2024-10-08,Vellore,Vellore,8000.0,5474.451013207436,5898.711441755295,6091.16378903389,6050.088472664356,5878.603679165244
2024-09-08,Vellore,Vellore,7000.0,5482.093231379986,5873.456949591637,5959.0943413972855,5978.544707596302,5823.2973074913025
2025-04-09,Vellore,Vellore,3500.0,5615.046981275082,5959.787314534187,6075.361526608467,6051.824713051319,5925.505133867264
2024-08-09,Vellore,Vellore,8000.0,5470.336485207081,5813.870778679848,5985.936103761196,5931.271184384823,5800.353638008237
2025-01-09,Vellore,Vellore,8000.0,5459.788158535957,5933.837945461273,5934.821243882179,6020.868898630142,5837.329061627388
2025-07-09,Vellore,Vellore,7000.0,5465.717933475971,6014.429388642311,5920.416350364685,6069.451265335083,5867.503734454513
2025-03-09,Vellore,Vellore,7000.0,5697.645476460457,6142.516144514084,6085.473413467407,6155.444662570953,6020.269924253225
2024-11-09,Vellore,Vellore,8000.0,5586.435662508011,5992.045785188675,5978.477599620819,6036.745408177376,5898.42611387372
2025-04-10,Vellore,Vellore,7000.0,5515.375931560993,5978.65227073431,6025.2551901340485,6019.837054014206,5884.780111610889
2025-01-10,Vellore,Vellore,3000.0,5578.101899027824,6008.083163499832,6081.543075442314,6031.7994076013565,5924.881886392832
2025-07-10,Vellore,Vellore,6000.0,5614.3878000974655,5923.591842651367,6045.794514119625,5920.389697551727,5876.040963605046
2024-11-10,Vellore,Vellore,6000.0,5632.098118364811,5963.436846137047,6100.528921186924,5970.795878171921,5916.714940965176
2025-04-11,Vellore,Vellore,6000.0,5680.363982915878,5988.7294137477875,6084.306401014328,5987.765153050423,5935.291237682104
2025-02-11,Vellore,Vellore,3000.0,5709.137598276138,5944.925039708614,6009.017915725708,5967.763168811798,5907.710930630565
2024-07-11,Vellore,Vellore,3500.0,5670.867966413498,5924.88735973835,6052.155969440937,5991.894435286522,5909.951432719827
2025-07-11,Vellore,Vellore,3000.0,5651.661759018898,5845.201160311699,6052.287329733372,5939.790565669537,5872.235203683376
2025-06-11,Vellore,Vellore,7000.0,5699.542585611343,5835.388165712357,6094.717180132866,5925.500850379467,5888.787195459008
2025-05-11,Vellore,Vellore,6000.0,6033.513754606247,5987.013162970543,6246.813361048698,6046.63883715868,6078.494778946042
2024-09-11,Vellore,Vellore,7000.0,5685.824953913689,5776.122780442238,6066.721731722355,5940.66439718008,5867.33346581459
2025-04-12,Vellore,Vellore,8000.0,5675.222369730473,5754.591115117073,6053.154498040676,5957.012566328049,5859.995137304068
2025-02-12,Vellore,Vellore,9000.0,5633.9119374752045,5771.589898467064,6046.928210556507,5966.309638619423,5854.68492127955
2025-06-12,Vellore,Vellore,7000.0,5733.927094042301,5857.547124028206,6107.660928368568,6018.529162406921,5929.416077211499
2025-03-12,Vellore,Vellore,6000.0,5608.036815524101,5753.7810599803925,6027.021414935589,5956.861216425896,5836.425126716495
2025-05-12,Vellore,Vellore,3000.0,5589.986197948456,5815.353817343712,6140.985987484455,6010.298202633858,5889.15605135262
2024-11-12,Vellore,Vellore,8000.0,5528.615716397762,5723.884218931198,6069.541694521904,5886.1037093400955,5802.03633479774
2025-04-13,Vellore,Vellore,8000.0,5317.488314211369,5685.937276482582,6015.017654299736,5908.351193070412,5731.698609516025
2025-01-13,Vellore,Vellore,6000.0,5204.057273864746,5758.32250893116,5944.643281400204,5993.14616560936,5725.042307451367
2025-06-13,Vellore,Vellore,6000.0,5491.532610654831,5941.846163868904,6119.916938841343,6123.195234835148,5919.1227370500565
2024-11-13,Vellore,Vellore,8000.0,5630.290962457657,6005.1722955703735,6104.12133961916,6109.819806218147,5962.351100966334
2024-09-13,Vellore,Vellore,6000.0,5643.428419530392,6015.694445371628,6047.995274960995,6093.910932540894,5950.257268100977
2025-04-14,Vellore,Vellore,7000.0,5732.515446841717,6022.2186732292175,6068.332799077034,6057.141473293304,5970.052098110318
2024-08-14,Vellore,Vellore,8000.0,5633.908129930496,5970.007716417313,6065.007860660553,6003.669267296791,5918.148243576288
2025-03-14,Vellore,Vellore,7000.0,5528.631898462772,5868.118771910667,6007.3026168346405,5945.495695471764,5837.387245669961
2025-05-14,Vellore,Vellore,3000.0,5612.477840483189,5928.841970860958,6089.646482467651,5990.139633119106,5905.276481732726
2024-11-14,Vellore,Vellore,7000.0,5541.1848974227905,5830.477860867977,6093.996126353741,5909.822809100151,5843.870423436165
2024-10-14,Vellore,Vellore,6000.0,5431.469068825245,5815.939227342606,6137.640107572079,5921.838468313217,5826.721718013287
2024-09-14,Vellore,Vellore,3000.0,5300.389582812786,5679.348320364952,6002.740226387978,5825.726045072079,5702.051043659449
2025-04-15,Vellore,Vellore,3000.0,5394.972324967384,5711.949470043182,6012.053480744362,5853.53349596262,5743.127192929387
2025-03-15,Vellore,Vellore,6000.0,5714.843679964542,5828.589794635773,6135.713965892792,5951.08755081892,5907.558747828007
2025-05-15,Vellore,Vellore,10000.0,5810.198877751827,5911.223033666611,6202.729608416557,6025.318490564823,5987.367502599955
2025-04-16,Vellore,Vellore,7000.0,5660.359618961811,5887.963694930077,6169.497834146023,6076.9245237112045,5948.686417937279
2024-07-16,Vellore,Vellore,8000.0,5643.021964132786,5881.345230340958,6111.193377971649,6027.067581415176,5915.657038465142
2025-05-16,Vellore,Vellore,3000.0,5478.974376320839,5780.231121182442,5971.960510909557,5956.923089027405,5797.022274360061
2024-11-16,Vellore,Vellore,6000.0,5470.206552743912,5732.384086549282,5982.981925010681,5910.452481806278,5774.006261527538
2025-04-17,Vellore,Vellore,3000.0,5430.101208388805,5654.064319729805,5961.164217889309,5861.411781907082,5726.68538197875
2024-12-17,Vellore,Vellore,6000.0,5520.341921746731,5682.124972343445,6063.3829909563065,5896.028550565243,5790.469608902931
2025-02-17,Vellore,Vellore,7000.0,5706.081091761589,5809.1370487213135,6256.2822487950325,6047.248520255089,5954.687227383256
2024-07-17,Vellore,Vellore,6000.0,5528.803237974644,5691.010829806328,6144.064387381077,5981.901534199715,5836.444997340441
2025-06-17,Vellore,Vellore,7000.0,5548.704798221588,5671.163527071476,6058.901034891605,5933.3510556817055,5803.030103966594
2025-05-17,Vellore,Vellore,6000.0,5521.707878410816,5725.313951969147,6150.851335823536,5992.437962293625,5847.577782124281
2024-11-17,Vellore,Vellore,8000.0,5355.876455903053,5638.63234102726,6033.0163940787315,5913.307664394379,5735.208213850856
2024-10-17,Vellore,Vellore,7000.0,5333.9516615867615,5760.812643170357,5947.665520012379,5971.512172520161,5753.485499322414
2024-09-17,Vellore,Vellore,8000.0,5526.0351529717445,5891.231996119022,5942.824226915836,6009.439601302147,5842.3827443271875
2025-04-18,Vellore,Vellore,8000.0,5671.154484152794,5985.343554615974,6042.364392280579,6069.002926945686,5941.966339498758
2024-12-18,Vellore,Vellore,7000.0,5554.2266899347305,5905.540273189545,5993.742998242378,6022.909742593765,5869.104925990105
2025-02-18,Vellore,Vellore,4000.0,5550.698523819447,5947.701215744019,6060.55255740881,6054.915011525154,5903.466827124357
2025-01-18,Vellore,Vellore,6000.0,5327.601628899574,5795.149081349373,5963.59152764082,5921.170244216919,5751.878120526671
2024-07-18,Vellore,Vellore,7000.0,5297.846618890762,5812.168806195259,5978.988286554813,5916.832022964954,5751.458933651447
2025-06-18,Vellore,Vellore,4000.0,5371.769147515297,5876.066069602966,6063.934133052826,5983.271298408508,5823.760162144899
2025-03-18,Vellore,Vellore,7000.0,5531.346677839756,5901.752718091011,6076.291995346546,5993.492176234722,5875.720891878009
2025-05-18,Vellore,Vellore,6500.0,5646.2131625413895,5976.658545136452,6180.805765986443,6046.348035931587,5962.506377398968
2024-11-18,Vellore,Vellore,6000.0,5393.5316452383995,5797.059992849827,5981.08624368906,5898.482513129711,5767.540098726749
2024-10-18,Vellore,Vellore,6000.0,5527.713804244995,5911.024089455605,6038.54923248291,5977.996897101402,5863.821005821228
2024-09-18,Vellore,Vellore,3000.0,5606.57567024231,5956.123504638672,6052.517210245132,6002.339482307434,5904.388966858387
2025-04-19,Vellore,Vellore,7000.0,5737.62231618166,5909.681929945946,5993.4755182266235,5962.664866447449,5900.861157700419
2025-01-19,Vellore,Vellore,6000.0,5743.707724511623,5946.563711762428,6130.917411446571,6084.837077558041,5976.506481319666
2025-03-19,Vellore,Vellore,8000.0,5635.794768333435,5841.907158195972,6035.838260650635,6014.308499097824,5881.962171569467
2024-11-19,Vellore,Vellore,3000.0,5501.7953714728355,5896.7124807834625,5959.903444647789,6051.404455304146,5852.453938052058
2024-10-19,Vellore,Vellore,8000.0,5674.256681203842,5940.116586685181,6020.37058621645,6033.086357712746,5916.957552954555
2025-04-20,Vellore,Vellore,7000.0,5767.5105902552605,6031.649009585381,6131.407632827759,6116.000403165817,6011.641908958554
2025-06-20,Vellore,Vellore,8000.0,5915.974849462509,6108.721329569817,6205.958406329155,6148.272200226784,6094.731696397066
2025-03-20,Vellore,Vellore,7000.0,5739.662684202194,5949.145227074623,6051.73380792141,6015.501212477684,5939.010732918978
2025-05-20,Vellore,Vellore,6000.0,5514.731504619122,5843.256456851959,5963.444461226463,5926.461303532124,5811.973431557417
2025-04-21,Vellore,Vellore,7000.0,5613.446860611439,5928.016209602356,6055.798361897469,5964.8523008823395,5890.528433248401
2024-08-21,Vellore,Vellore,7000.0,5586.622232198715,5937.0610320568085,6088.151545226574,5976.5652602911,5897.100017443299
2025-03-21,Vellore,Vellore,7000.0,5620.297109484673,5949.073835611343,6122.518919706345,6019.470577836037,5927.840110659599
2024-11-21,Vellore,Vellore,6000.0,5377.037361562252,5745.172201395035,5966.6289964318275,5871.636943221092,5740.118875652552
2025-04-22,Vellore,Vellore,6000.0,5374.746171534061,5809.358838200569,6035.356606245041,5941.033729016781,5790.123836249113
2024-07-22,Vellore,Vellore,8000.0,5576.731658875942,5923.344352245331,6096.02507174015,6026.512631773949,5905.653428658843
2025-03-22,Vellore,Vellore,6000.0,5519.222027659416,5884.451234936714,5990.06062656641,6008.834677636623,5850.642141699791
2025-05-22,Vellore,Vellore,7000.0,5706.267185509205,5963.496814966202,6086.737042367458,6062.6890659332275,5954.797527194023
2024-11-22,Vellore,Vellore,8000.0,5523.542639017105,5789.972724318504,6024.737839996815,6000.42523920536,5834.669610634446
2024-10-22,Vellore,Vellore,7000.0,5522.017241418362,5803.975921869278,5977.404347956181,5980.11389195919,5820.877850800753
2025-04-23,Vellore,Vellore,6000.0,5569.5349234342575,5877.524359226227,6064.784643352032,6030.0460332632065,5885.472489818931
2024-07-23,Vellore,Vellore,6000.0,5667.957574427128,5908.342626094818,6122.633621990681,6043.974983692169,5935.727201551199
2025-03-23,Vellore,Vellore,3000.0,5548.395435214043,5807.264688611031,6039.927563667297,5964.543889760971,5840.032894313335
2025-05-23,Vellore,Vellore,4000.0,5640.926386713982,5832.713841497898,6067.036330103874,5981.3327822089195,5880.502335131168
2024-10-23,Vellore,Vellore,6500.0,5667.745779752731,5849.105321466923,6133.130546808243,6005.344111025333,5913.831439763308
2025-04-24,Vellore,Vellore,8000.0,5495.568608045578,5766.409733891487,6004.002903401852,5919.494924545288,5796.369042471051
2024-12-24,Vellore,Vellore,3000.0,5567.613065242767,5865.759997963905,6087.179669439793,5999.804133474827,5880.089216530323
2025-06-24,Vellore,Vellore,7000.0,5686.909628212452,5820.339797139168,6083.302161097527,5939.431704580784,5882.4958227574825
2025-03-24,Vellore,Vellore,3000.0,5813.158291876316,5899.14740562439,6204.121741950512,6040.893728137016,5989.3302918970585
2025-05-24,Vellore,Vellore,7000.0,5663.464195728302,5741.240911483765,6088.108234405518,5916.110969185829,5852.231077700853
2024-10-24,Vellore,Vellore,8000.0,5659.161670207977,5776.475930213928,6145.226164460182,5984.444974064827,5891.327184736729
2024-09-24,Vellore,Vellore,8000.0,5622.659690976143,5756.807106137276,6101.606456339359,5978.615147173405,5864.922100156546
2025-04-25,Vellore,Vellore,4000.0,5646.467792093754,5718.8116174936295,6062.860405445099,5974.651017189026,5850.697708055377
2024-07-25,Vellore,Vellore,4000.0,5615.202138721943,5689.088019728661,6088.169631063938,5964.060807526112,5839.130149260163
2025-06-25,Vellore,Vellore,3000.0,5564.733133614063,5682.781773805618,6142.619900107384,5970.007716417313,5840.0356309860945
2025-03-25,Vellore,Vellore,6000.0,5537.18887925148,5681.987900733948,6177.263321578503,5948.960561156273,5836.350165680051
2025-05-25,Vellore,Vellore,6500.0,5494.896100461483,5743.3103120327,6203.317398130894,5978.873584270477,5855.099348723888
2025-04-26,Vellore,Vellore,8000.0,5395.997506380081,5657.136056423187,6022.543266415596,5868.282020390034,5735.9897124022245
2024-08-26,Vellore,Vellore,8000.0,5577.100038826466,5779.084098339081,6087.520444691181,5960.638300776482,5851.085720658302
2024-12-26,Vellore,Vellore,6000.0,5524.384106397629,5736.48148059845,6017.4178352952,5943.165002167225,5805.362106114626
2025-02-26,Vellore,Vellore,6000.0,5531.847369968891,5754.811952710152,6102.271348834038,5982.449820637703,5842.845123037696
2025-01-26,Vellore,Vellore,8000.0,5712.090825140476,5824.728944301605,6187.8773283958435,6022.411430180073,5936.777132004499
2025-03-26,Vellore,Vellore,6000.0,5453.86266708374,5700.714357495308,6051.86992764473,5935.260539352894,5785.426872894168
2025-05-26,Vellore,Vellore,6000.0,5449.645811319351,5703.965524733067,5959.2009526491165,5930.303592085838,5760.778970196843
2024-11-26,Vellore,Vellore,6000.0,5460.043739974499,5785.746349692345,6055.886887311935,5999.321051239967,5825.249507054687
2025-04-27,Vellore,Vellore,4000.0,5482.265522778034,5821.221719682217,6150.473437011242,6044.887366592884,5874.712011516094
2024-08-27,Vellore,Vellore,8000.0,5453.502378165722,5771.144891679287,6123.118132054806,6015.391269624233,5840.789167881012
2025-03-27,Vellore,Vellore,3000.0,5404.391238689423,5837.973964512348,5984.32075291872,6033.75267803669,5815.109658539295
2025-05-27,Vellore,Vellore,7000.0,5651.730770766735,5925.89207559824,6020.268734395504,6038.256051540375,5909.036908075213
2024-09-27,Vellore,Vellore,6000.0,5846.866009235382,5951.857150793076,6041.413933932781,6043.724637627602,5970.96543289721
2024-07-28,Vellore,Vellore,7000.0,5781.3762402534485,5919.694820642471,6026.6763561964035,6001.884004771709,5932.407855466008
2025-06-28,Vellore,Vellore,3000.0,5894.008648097515,5996.591041684151,6128.691901564598,6068.217620849609,6021.877303048968
2025-03-28,Vellore,Vellore,7000.0,5734.728582203388,5859.1824644804,6049.163239300251,5933.707537055016,5894.195455759764
2025-05-28,Vellore,Vellore,7000.0,5666.539264023304,5866.505324840546,6105.2145808935165,5981.405601501465,5904.916192814708
2025-04-29,Vellore,Vellore,6000.0,5747.965987324715,5904.055330753326,6161.105529665947,6032.002635300159,5961.282370761037
2025-03-29,Vellore,Vellore,7000.0,5681.142625808716,5865.180299282074,6103.9742732048035,5972.7567636966705,5905.763490498066
2025-05-29,Vellore,Vellore,6500.0,5639.15397465229,5884.042875766754,6174.680378437042,6035.284738838673,5933.29049192369
2024-07-30,Vellore,Vellore,7000.0,5417.273590266705,5708.66070330143,5977.036443948746,5901.440975368023,5751.102928221226
2025-06-30,Vellore,Vellore,6000.0,5362.740031182766,5691.212629675865,5971.9785967469215,5932.91842341423,5739.712420254946
2025-03-30,Vellore,Vellore,5000.0,5449.57156419754,5804.765511453152,6051.98986530304,5978.697485327721,5821.256106570363
2025-05-30,Vellore,Vellore,7000.0,5491.986184418201,5823.166899085045,5937.968655526638,5949.941003918648,5800.765685737133
2024-10-30,Vellore,Vellore,6000.0,5446.481265723705,5869.369550347328,6053.2730078697205,6042.344878613949,5852.867175638676
2024-12-31,Vellore,Vellore,7000.0,5491.144717037678,5927.070034742355,6066.832626461983,6029.154591858387,5878.550492525101
2024-07-31,Vellore,Vellore,4000.0,5544.717347025871,5981.785404086113,6128.88894200325,6056.792131066322,5928.045956045389
2024-12-11,Vellore,Vellore,7000.0,5513.849106132984,5904.170508980751,6066.388571560383,5977.029780745506,5865.359491854906
2024-10-11,Vellore,Vellore,6000.0,5467.629320919514,5895.356994867325,6100.4380160570145,5950.961901843548,5853.59655842185
2025-05-01,Vellore,Vellore,7000.0,5566.885824203491,5913.869277238846,6130.903609097004,5945.853604674339,5889.37807880342
2025-05-03,Vellore,Vellore,8000.0,5410.862636864185,5742.50977575779,6003.481269776821,5829.177584350109,5746.507816687226
2025-05-04,Vellore,Vellore,6000.0,5382.76152908802,5769.280622601509,5981.505073606968,5872.182849943638,5751.432518810034
2025-05-05,Vellore,Vellore,4000.0,5436.867215335369,5821.830450892448,6041.231647729874,5934.984968304634,5808.728570565581
2025-05-08,Vellore,Vellore,6000.0,5434.4327664375305,5793.098718523979,6000.756495594978,5917.876718044281,5786.541174650192
2025-05-09,Vellore,Vellore,7000.0,5449.767652750015,5792.250587940216,6004.445530474186,5944.71895635128,5797.795681878924
2025-07-13,Vellore,Vellore,7000.0,5529.2463409900665,5851.667323112488,6070.088077187538,6009.4338899850845,5865.108907818794
2025-05-13,Vellore,Vellore,8000.0,5512.436982989311,5847.275320291519,6066.055411398411,6030.79992711544,5864.14191044867
2025-04-28,Vellore,Vellore,3000.0,5516.9370248913765,5854.876131415367,6065.989731252193,6009.504329562187,5861.826804280281
2025-04-30,Vellore,Vellore,7000.0,5496.34915471077,5825.4761749506,6038.79243940115,5956.8279004096985,5829.361417368054
2025-05-31,Vellore,Vellore,3000.0,5341.923708319664,5731.228972673416,5956.388128995895,5884.0700045228,5728.402703627944
2025-07-01,Vellore,Vellore,8000.0,5321.558103561401,5734.783315658569,5981.355627477169,5873.863880932331,5727.890231907368
2024-11-01,Vellore,Vellore,8000.0,5455.4156693816185,5821.331662535667,6045.082027316093,5941.522998511791,5815.838089436293
2025-07-02,Vellore,Vellore,6000.0,5414.56547409296,5902.286726236343,5984.858568608761,6007.6043647527695,5827.3287834227085
2025-07-03,Vellore,Vellore,8000.0,5705.6641656160355,6095.204069912434,6125.665379464626,6118.198784291744,6011.18309982121
2025-07-07,Vellore,Vellore,3000.0,5681.551460921764,5984.389764666557,6018.132225871086,6023.981566429138,5927.0137544721365
2025-06-09,Vellore,Vellore,7000.0,5561.991701424122,5883.466032743454,5966.179230213165,5908.217929005623,5829.963723346591
2024-12-10,Vellore,Vellore,7000.0,5424.3684738874435,5849.049636125565,5965.770395100117,5908.436862826347,5786.906341984868
2024-10-10,Vellore,Vellore,3000.0,5467.6193261146545,5874.311743378639,5967.825993299484,5932.114555537701,5810.46790458262
2025-01-12,Vellore,Vellore,7000.0,5539.481021165848,5860.380889177322,6015.724905729294,5906.266086399555,5830.463225618005
2025-07-12,Vellore,Vellore,7000.0,5608.8106989860535,5924.373341202736,6121.067293286324,5986.419185996056,5910.167629867792
2024-12-13,Vellore,Vellore,7000.0,5601.5349569916725,5935.739814043045,6181.812385618687,6022.417617440224,5935.376193523407
2025-03-13,Vellore,Vellore,3000.0,5328.652511239052,5734.430165886879,6043.497612774372,5899.719965159893,5751.575063765049
2024-10-13,Vellore,Vellore,8000.0,5345.6788992881775,5710.047125518322,6013.997708261013,5821.002309918404,5722.681510746479
2025-06-14,Vellore,Vellore,6000.0,5296.5349197387695,5698.279432654381,6015.3270173072815,5862.445530295372,5718.146724998951
2025-07-15,Vellore,Vellore,8000.0,5484.949841797352,5828.421310782433,6075.922187566757,5950.166600942612,5834.864985272288
2025-06-15,Vellore,Vellore,6000.0,5520.66318333149,5796.883417963982,6027.978536486626,5946.787405014038,5823.078135699034
2024-11-15,Vellore,Vellore,6000.0,5492.71580517292,5760.812643170357,6091.838676333427,5973.508277833462,5829.7188506275415
2025-07-16,Vellore,Vellore,8000.0,5392.0433712005615,5691.605758666992,5994.554957151413,5910.959361195564,5747.290862053633
2025-06-16,Vellore,Vellore,7000.0,5360.962859690189,5718.362327218056,6054.345307648182,5940.5068600177765,5768.544338643551
2024-10-16,Vellore,Vellore,8000.0,5435.218548476696,5783.038709461689,6085.6133407354355,5951.738165020943,5813.902190923691
2025-07-17,Vellore,Vellore,6000.0,5349.916220605373,5690.274069905281,6015.675407648087,5918.973290920258,5743.70974726975
2025-03-17,Vellore,Vellore,3000.0,5401.842087507248,5747.741342186928,6103.152795433998,5959.875364005566,5803.152897283435
2025-07-18,Vellore,Vellore,3500.0,5482.789536118507,5754.024742841721,6081.35650575161,5926.643113791943,5811.203474625945
2024-12-19,Vellore,Vellore,7000.0,5404.654911160469,5703.463404774666,6034.323809742928,5860.811141729355,5750.813316851854
2025-07-19,Vellore,Vellore,8000.0,5440.782323181629,5789.032260775566,6108.986429870129,5939.44265127182,5819.560916274786
2025-06-19,Vellore,Vellore,6000.0,5473.67189437151,5821.209821105003,6104.600138366222,5981.767318248749,5845.312293022871
2025-05-19,Vellore,Vellore,8000.0,5496.714679002762,5784.7083178162575,6016.086146533489,5914.8763728141785,5803.096379041672
2024-11-20,Vellore,Vellore,6000.0,5418.608134686947,5849.850172400475,5931.827561855316,5982.953368425369,5795.809809342027
2024-10-20,Vellore,Vellore,3000.0,5556.997630596161,5982.325599491596,5996.826633512974,6063.894153833389,5900.01100435853
2024-09-20,Vellore,Vellore,6000.0,5644.689192771912,5957.699828147888,5946.773126721382,6020.219712257385,5892.345464974642
2025-07-21,Vellore,Vellore,7000.0,5792.006429135799,6083.520143032074,6046.5265145897865,6102.7663296461105,6006.204854100943
2025-06-21,Vellore,Vellore,7000.0,5704.730841219425,5973.706746101379,5932.609060406685,6000.156807303429,5902.8008637577295
2025-05-21,Vellore,Vellore,4000.0,5797.769148051739,6059.358416199684,6066.68127655983,6077.32146024704,6000.282575264573
2025-02-22,Vellore,Vellore,6500.0,5759.190153181553,5992.911049723625,6061.132256090641,6027.611108422279,5960.211141854525
2025-01-22,Vellore,Vellore,3000.0,5518.5471403598785,5854.770472049713,5945.080673098564,5906.561647057533,5806.239983141422
2025-06-22,Vellore,Vellore,7000.0,5510.03918170929,5843.545830249786,6031.1797297000885,5890.766999721527,5818.882935345173
2024-12-23,Vellore,Vellore,7000.0,5783.691227436066,6000.186315774918,6200.972426533699,6010.916928648949,5998.941724598408
2025-01-23,Vellore,Vellore,7000.0,5896.612532734871,5999.875048995018,6184.115474224091,6015.625433623791,6024.057122394443
2024-11-23,Vellore,Vellore,6500.0,5683.441430926323,5854.288817644119,6016.850987076759,5895.061434209347,5862.410667464137
2024-11-24,Vellore,Vellore,6000.0,5473.152640461922,5766.453520655632,5914.727402627468,5843.3740147948265,5749.426894634962
2025-02-25,Vellore,Vellore,8000.0,5656.71056330204,5893.984375,6045.031577348709,5957.312886416912,5888.259850516915
2024-11-25,Vellore,Vellore,3000.0,5480.228962302208,5784.029622972012,6028.6634185910225,5971.087631285191,5816.002408787608
2024-09-25,Vellore,Vellore,3000.0,5495.38965344429,5772.171500921249,6042.203523516655,5962.823831439018,5818.147127330303
2025-06-26,Vellore,Vellore,7000.0,5544.4631934165955,5754.941885173321,6015.211839079857,5895.643512606621,5802.5651075690985
2024-09-26,Vellore,Vellore,6000.0,5610.205688178539,5848.410920500755,6152.596143186092,5998.026486039162,5902.309809476137
2025-02-27,Vellore,Vellore,6000.0,5564.7298020124435,5826.9625452160835,6115.084688663483,5966.645654439926,5868.355672582984
2024-10-27,Vellore,Vellore,7000.0,5557.479760944843,5849.9396497011185,6136.986161768436,5995.622973442078,5885.007136464119
2024-11-28,Vellore,Vellore,6000.0,5635.300739407539,5878.1840163469315,6133.957259953022,6016.173720061779,5915.903933942318
2025-06-29,Vellore,Vellore,3000.0,5452.390575110912,5728.5589319467545,5988.500961065292,5905.887711644173,5768.834544941783
2025-02-01,Vellore,Vellore,8000.0,5566.642617285252,5722.050886154175,6019.946520924568,5853.755761384964,5790.59894643724
2025-01-01,Vellore,Vellore,7000.0,5705.33862054348,5845.435324311256,6194.705207943916,5981.749232411385,5931.807096302509
2025-03-01,Vellore,Vellore,7000.0,5550.505290925503,5737.479057312012,6067.484668493271,5897.061823010445,5813.1327099353075
2024-09-01,Vellore,Vellore,7000.0,5453.459543287754,5691.921784877777,6003.588356971741,5895.733941793442,5761.175906732678
2024-12-02,Vellore,Vellore,3000.0,5507.547619640827,5753.4193432331085,6078.357588350773,5948.912014961243,5822.059141546488
2025-02-02,Vellore,Vellore,4000.0,5427.351685166359,5668.937065303326,6043.255833685398,5883.3527582883835,5755.724335610867
2025-01-02,Vellore,Vellore,6000.0,5446.987669169903,5696.1900424957275,6105.665298998356,5946.870219111443,5798.928307443857
2025-03-02,Vellore,Vellore,7000.0,5469.30273681879,5713.383962512016,6080.810599029064,5924.589419364929,5797.0216794312
2024-09-02,Vellore,Vellore,7000.0,5521.451821029186,5728.185792565346,6055.448543727398,5930.168424248695,5808.813645392656
2024-12-03,Vellore,Vellore,8000.0,5546.1037692427635,5783.138657510281,6111.4551466703415,5962.704369723797,5850.850485786796
2025-01-03,Vellore,Vellore,8000.0,5495.162628591061,5779.206891655922,6101.317082941532,5981.243780851364,5839.23259600997
2024-12-04,Vellore,Vellore,8000.0,5452.120715379715,5764.6630227565765,6089.1672077775,5960.6963658332825,5816.6618279367685
2025-01-04,Vellore,Vellore,6000.0,5286.955137252808,5775.4221922159195,5954.324439764023,5972.1209037303925,5747.205668240786
2024-12-05,Vellore,Vellore,6000.0,5490.726363062859,5906.568310260773,6047.493155002594,6051.875638961792,5874.165866822004
2025-02-05,Vellore,Vellore,6000.0,5637.832280695438,5974.231235384941,6067.8263956308365,6065.119707286358,5936.2524047493935
2025-01-05,Vellore,Vellore,8000.0,5646.234104037285,6006.443063616753,6119.942163825035,6089.116281867027,5965.433903336525
2024-11-05,Vellore,Vellore,3500.0,5419.674247205257,5856.942676305771,5983.82482022047,5983.634442985058,5811.019046679139
2024-08-06,Vellore,Vellore,7000.0,5331.469142436981,5790.060297846794,5920.908475518227,5905.68115234375,5737.029767036438
2024-12-06,Vellore,Vellore,8000.0,5238.801119327545,5721.915718317032,5918.334575295448,5882.095792591572,5690.286801382899
2025-01-06,Vellore,Vellore,7000.0,5368.9901158213615,5821.013732552528,5980.339488983154,5958.129128813744,5782.118116542697
2024-12-07,Vellore,Vellore,6000.0,5575.282412171364,5919.106554985046,6072.85854190588,6017.1627297997475,5896.102559715509
2025-02-07,Vellore,Vellore,6000.0,5596.002594530582,5928.396012187004,6066.933526396751,6012.9387348890305,5901.067717000842
2024-12-08,Vellore,Vellore,7000.0,5775.866247117519,6001.2724179029465,6131.873581111431,6071.312202811241,5995.0811122357845
2025-02-08,Vellore,Vellore,4000.0,5646.042298972607,5883.17570745945,5999.214915931225,5973.83953422308,5875.56811414659
2024-07-08,Vellore,Vellore,6000.0,5594.24017727375,5848.073000907898,5951.912360191345,5935.689364075661,5832.4787256121635
2024-11-08,Vellore,Vellore,8000.0,5777.05229729414,5978.7555503845215,6141.793662905693,6057.020583748817,5988.655523583293
2024-12-09,Vellore,Vellore,7000.0,5582.016530930996,5862.155205011368,6137.162260711193,6032.7593848109245,5903.52334536612
2025-02-09,Vellore,Vellore,4000.0,5614.206465780735,5888.016048669815,6141.40243768692,6042.748954296112,5921.593476608396
2024-10-09,Vellore,Vellore,6000.0,5521.708830296993,5802.255387604237,6083.672444820404,5970.5269703269005,5844.540908262134
2024-09-09,Vellore,Vellore,7000.0,5408.197355568409,5740.506055355072,6010.00264197588,5902.3485988378525,5765.263662934303
2025-02-10,Vellore,Vellore,7000.0,5442.862194478512,5798.86429309845,6122.6755049824715,5963.100354373455,5831.875586733222
2024-07-10,Vellore,Vellore,7000.0,5500.18002063036,5815.93446791172,6133.391839563847,5943.913660645485,5848.354997187853
2025-03-10,Vellore,Vellore,6000.0,5347.688806951046,5662.814057469368,5981.416548192501,5833.629556000233,5706.387242153287
2024-09-10,Vellore,Vellore,6000.0,5460.466853380203,5780.127365589142,6063.019370436668,5940.966145098209,5811.144933626056
2025-01-11,Vellore,Vellore,6500.0,5578.755844831467,5826.330968737602,6123.5997864604,5990.010652542114,5879.674313142896
2025-03-11,Vellore,Vellore,7000.0,5399.897859990597,5680.3363782167435,5968.206747770309,5898.979397714138,5736.855095922947
2024-11-11,Vellore,Vellore,6000.0,5418.578626215458,5702.508186995983,5973.086592257023,5932.474844455719,5756.662062481046
2024-08-12,Vellore,Vellore,8000.0,5383.809079825878,5682.388644814491,6008.291626572609,5928.2208651304245,5750.677554085851
2024-12-12,Vellore,Vellore,4000.0,5384.104640483856,5809.97423261404,5956.58754914999,6018.462530374527,5792.282238155603
2024-07-12,Vellore,Vellore,3000.0,5628.589941859245,5950.016202926636,6018.552007675171,6086.368186473846,5920.881584733725
2024-09-12,Vellore,Vellore,7000.0,5645.587773323059,5915.106729269028,6006.253638267517,6017.560142278671,5896.127070784569
2025-02-13,Vellore,Vellore,6000.0,5583.497189879417,5902.085878252983,6001.791671812534,6015.83627641201,5875.802754089236
2024-12-14,Vellore,Vellore,8000.0,5712.892789244652,6008.422034978867,6065.558050870895,6056.532266139984,5960.8512853085995
2025-02-14,Vellore,Vellore,3000.0,5694.291981458664,5953.116972148418,6004.976682960987,6012.133439183235,5916.129768937826
2025-01-14,Vellore,Vellore,3000.0,5725.286347270012,5905.1818880438805,6001.777393519878,5932.849887609482,5891.273879110813
2024-08-15,Vellore,Vellore,6000.0,5760.034952163696,5887.7552318573,6087.878829836845,5936.15293264389,5917.955486625433
2024-12-15,Vellore,Vellore,7000.0,5821.544409096241,5927.247085571289,6169.001425504684,5979.061105847359,5974.213506504893
2025-02-15,Vellore,Vellore,7000.0,5743.088046610355,5916.857247948647,6166.38088285923,5988.939780592918,5953.816489502788
2025-01-15,Vellore,Vellore,6000.0,5673.010186254978,5813.650892972946,6056.468013823032,5924.407133162022,5866.884056553245
2024-07-15,Vellore,Vellore,3000.0,5790.642376244068,5866.0950618982315,6160.784268081188,5983.369342684746,5950.222762227058
2024-08-16,Vellore,Vellore,8000.0,5796.6958963871,5783.017292022705,6126.193200349808,5911.632344722748,5904.38468337059
2024-12-16,Vellore,Vellore,7000.0,5733.339780271053,5720.599259734154,6051.118889451027,5873.579742908478,5844.659418091178
2025-02-16,Vellore,Vellore,3000.0,5475.845526456833,5672.795059978962,6099.038267433643,5913.744104206562,5790.355739519
2025-01-16,Vellore,Vellore,3000.0,5443.636553883553,5624.941362142563,6022.481869757175,5841.69726729393,5733.189263269305
2024-09-16,Vellore,Vellore,8000.0,5592.0965296030045,5651.650336384773,6061.566316187382,5845.443415343761,5787.68914937973
2025-01-17,Vellore,Vellore,6000.0,5587.552224993706,5789.352094531059,6032.381961941719,5984.526836276054,5848.453279435635
2024-08-19,Vellore,Vellore,4000.0,5710.084249079227,5944.303933978081,6108.189701139927,6090.387049913406,5963.24123352766
2025-02-19,Vellore,Vellore,6000.0,5803.309601545334,5962.365022301674,6129.518138766289,6101.080539226532,5999.068325459957
2024-09-19,Vellore,Vellore,7000.0,5845.125485360622,5951.266029477119,6052.363480627537,6037.5411850214,5971.57404512167
2024-08-20,Vellore,Vellore,4000.0,6056.551303863525,6062.051302194595,6139.4201347231865,6103.152795433998,6090.293884053826
2024-12-20,Vellore,Vellore,6000.0,5939.517850279808,5969.550811052322,6086.86602294445,6025.342763662338,6005.31936198473
2025-02-20,Vellore,Vellore,6000.0,5813.259191811085,5921.513875126839,6129.911743700504,5988.136388659477,5963.205299824476
2025-01-20,Vellore,Vellore,7000.0,5704.231576919556,5901.355781555176,6124.845805466175,5964.502958655357,5923.734030649066
2024-12-21,Vellore,Vellore,3000.0,5421.9730523228645,5731.185185909271,5969.202420711517,5843.849957883358,5741.552654206753
2025-02-21,Vellore,Vellore,8000.0,5683.479030430317,5780.377235710621,6040.278809666634,5864.7019764781,5842.209263071418
2025-01-21,Vellore,Vellore,7000.0,5699.4845205545425,5814.785541296005,6142.810753285885,5951.059946119785,5902.0351903140545
2024-10-21,Vellore,Vellore,6000.0,5675.941043794155,5833.941298723221,6183.053645193577,6000.581348538399,5923.379334062338
2024-08-22,Vellore,Vellore,6500.0,5744.266481697559,5870.062999427319,6203.367848098278,6015.050018429756,5958.186836913228
2024-12-22,Vellore,Vellore,4000.0,5585.815032720566,5709.424591958523,5989.794574379921,5865.052270591259,5787.521617412567
2024-08-23,Vellore,Vellore,8000.0,5448.665844500065,5680.724747776985,6045.683143436909,5926.034382581711,5775.277029573917
2025-02-23,Vellore,Vellore,8000.0,5341.199322938919,5669.568165838718,6032.711314558983,5933.580460250378,5744.2648158967495
2024-09-23,Vellore,Vellore,4000.0,5388.427155613899,5717.550368309021,6029.744761288166,5960.751575231552,5774.11846511066
2025-02-24,Vellore,Vellore,7000.0,5473.547197282314,5754.804337620735,6059.789620637894,5965.615713596344,5813.439217284322
2025-01-24,Vellore,Vellore,7000.0,5382.517370283604,5717.1800845861435,6025.722090303898,5934.944989085197,5765.091133564711
2024-12-25,Vellore,Vellore,7000.0,5441.844152212143,5805.673134922981,6046.857770979404,5935.646053254604,5807.505277842283
2025-01-25,Vellore,Vellore,8000.0,5486.2068074941635,5872.715430259705,6059.650169312954,5967.19536870718,5846.4419439435005
2024-10-25,Vellore,Vellore,7000.0,5306.508307158947,5853.98706972599,5896.361710727215,5962.527794837952,5754.846220612526
2024-12-27,Vellore,Vellore,8000.0,5298.013198971748,5905.151903629303,5864.461149275303,5977.6899138092995,5761.329041421413
2025-01-27,Vellore,Vellore,4000.0,5486.461437046528,6026.801529228687,5980.409928560257,6034.440891742706,5882.028446644545
2024-11-27,Vellore,Vellore,6000.0,5555.605021119118,6022.502335309982,5972.151840031147,6022.787901163101,5893.261774405837
2024-12-28,Vellore,Vellore,4000.0,5620.815411508083,6075.055019259453,6083.078467845917,6050.883773565292,5957.458168044686
2025-02-28,Vellore,Vellore,4000.0,5459.75151091814,5942.549607753754,5972.978553175926,5911.963601112366,5821.8108182400465
2025-01-28,Vellore,Vellore,3000.0,5467.835404276848,5951.122294664383,5998.607612550259,5922.309651970863,5834.968740865588
2024-10-28,Vellore,Vellore,6000.0,5612.418347597122,5975.611470341682,6042.727536857128,5913.9773163199425,5886.183667778969
2024-08-29,Vellore,Vellore,3000.0,5658.316871225834,6001.723611950874,6180.377417206764,5959.560289680958,5949.994547516108
2024-12-29,Vellore,Vellore,7000.0,5560.149325728416,5845.751350522041,6114.648724794388,5825.943551063538,5836.623238027096
2025-01-29,Vellore,Vellore,7000.0,5703.41343075037,5883.579783141613,6154.361416101456,5877.7461487054825,5904.77519467473
2024-10-29,Vellore,Vellore,8000.0,5704.653738439083,5823.109785914421,6137.465436458588,5855.366352796555,5880.148828402162
2024-12-30,Vellore,Vellore,6000.0,5636.638139486313,5719.567891061306,6040.538198649883,5817.420838177204,5803.541266843677
2025-01-30,Vellore,Vellore,6000.0,5556.7958307266235,5636.325920820236,5930.284554362297,5750.945391058922,5718.58792424202
2024-09-30,Vellore,Vellore,7000.0,5431.443367898464,5590.961881279945,5960.243743956089,5813.877441883087,5699.131608754396
2025-01-31,Vellore,Vellore,7000.0,5375.681875646114,5529.160671234131,5954.359659552574,5802.66279488802,5665.46625033021
2024-10-31,Vellore,Vellore,6000.0,5356.18867456913,5536.830018162727,6004.025748670101,5855.754722356796,5688.199790939689
2024-10-15,Vellore,Vellore,8000.0,5451.372056901455,5697.875832915306,6084.444900453091,5945.800774991512,5794.873391315341
2025-04-02,Vellore,Vellore,8000.0,5387.084520161152,5737.375301718712,6055.366205573082,5981.644524931908,5790.367638096213
2025-04-03,Vellore,Vellore,6000.0,5297.659097313881,5737.176357507706,5987.374403774738,5954.139773845673,5744.087408110499
2025-04-07,Vellore,Vellore,8000.0,5356.732201576233,5805.934903621674,6036.811564266682,5970.294234156609,5792.443225905299
2025-04-08,Vellore,Vellore,3000.0,5307.919002473354,5773.7297385931015,5962.621079683304,5918.085181117058,5740.588750466704
2025-06-23,Vellore,Vellore,3000.0,5281.796866059303,5732.6548981666565,5960.275156199932,5857.306296825409,5708.008304312825
2024-10-26,Vellore,Vellore,6000.0,5371.416949629784,5766.8542647361755,5973.507801890373,5854.115574359894,5741.473647654057
2025-04-01,Vellore,Vellore,7000.0,5498.082063496113,5909.493456482887,6078.909682333469,5972.041897177696,5864.631774872541
2025-03-31,Vellore,Vellore,6000.0,5491.146620810032,5870.428047776222,6014.625953137875,5964.052716493607,5835.063334554434
2024-10-04,Vellore,Vellore,6000.0,5479.749687612057,5832.738114595413,5990.778824687004,5928.777718544006,5808.01108635962
