Price_Date,District_Name,Market_Name,Actual_Price,GRU_General_Pred,GRU_Optimized_Pred,LSTM_General_Pred,LSTM_Optimized_Pred,ENSEMBLE_(Average)_Pred
2019-05-10,Villupuram,Ulundurpettai,8474.0,7324.609289765357,9182.37054347992,7241.578120291232,9278.645488321781,8256.800860464573
2020-03-06,Villupuram,Ulundurpettai,4699.0,7164.717876613139,9227.58343219757,7138.953865468501,9300.63258945942,8207.971940934658
2019-08-21,Villupuram,Ulundurpettai,8290.0,7274.107810109853,9185.532278120518,7250.872019678353,9244.566606879234,8238.76967869699
2019-12-23,Villupuram,Ulundurpettai,6875.0,7172.814351320266,9218.56169372797,7254.3321727216235,9251.15681886673,8224.216259159148
2019-09-06,Villupuram,Ulundurpettai,7761.0,7249.365756958722,9197.609887719154,7426.619202792644,9247.13733971119,8280.183046795428
2019-01-10,Villupuram,Ulundurpettai,8086.000000000001,7245.7397232949725,9192.054970860481,7497.947036027907,9288.095682263374,8305.959353111684
2019-05-07,Villupuram,Ulundurpettai,9399.0,7230.874652415513,9252.97400355339,7551.884495168923,9342.582881450653,8344.57900814712
2019-08-27,Villupuram,Ulundurpettai,9199.0,7299.477125406264,9290.713095068932,7673.950125426053,9379.244165718555,8410.846127904952
2020-01-23,Villupuram,Ulundurpettai,6000.0,7540.38621738553,9336.50114774704,7941.459300220012,9445.751458108425,8566.024530865252
2019-07-02,Villupuram,Ulundurpettai,8920.0,7551.498551815747,9323.14567387104,7938.549304008483,9445.809808075428,8564.750834442675
2019-01-08,Villupuram,Ulundurpettai,8711.0,7559.6271190047255,9372.889020740986,7882.049447745084,9480.201278626919,8573.691716529429
2019-07-09,Villupuram,Ulundurpettai,8920.0,7365.270881056785,9422.950791716576,7568.209982365369,9492.232208251953,8462.165965847671
2019-12-20,Villupuram,Ulundurpettai,4874.0,7272.10473909974,9458.651802241802,7358.977420330047,9469.00642067194,8389.685095585883
2019-10-01,Villupuram,Ulundurpettai,8586.0,7402.534837126731,9401.357136070728,7331.669635772704,9388.952766656876,8381.12859390676
2019-01-02,Villupuram,Ulundurpettai,8386.0,7352.984878718852,9390.562392175198,7222.218018025159,9379.34336066246,8336.277162395418
2019-10-11,Villupuram,Ulundurpettai,8920.0,7365.150430053472,9355.535740554333,7153.278782367705,9383.117769956589,8314.270680733025
2019-12-09,Villupuram,Ulundurpettai,7960.999999999999,7303.948816806077,9376.464206576347,7055.714720040559,9401.296285390854,8284.35600720346
2019-12-02,Villupuram,Ulundurpettai,7086.999999999999,7460.690165311097,9415.593694448471,7036.144974678754,9400.02759039402,8328.114106208086
2019-12-30,Villupuram,Ulundurpettai,5661.0,7536.103746592998,9371.511127948761,7103.515013009309,9354.658823907375,8341.447177864611
2019-12-31,Villupuram,Ulundurpettai,7962.999999999999,7427.624489367007,9305.207226872444,7017.143724709748,9289.977051913738,8259.988123215735
2019-01-30,Villupuram,Ulundurpettai,6511.0,7366.445799320935,9304.285297393799,6950.535153448581,9259.697586894035,8220.240959264338
2019-11-15,Villupuram,Ulundurpettai,8920.0,7432.025744020938,9256.846774220467,7084.479586631059,9229.954941570759,8250.826761610806
2020-02-12,Villupuram,Ulundurpettai,6261.0,7354.615343511104,9278.889724612236,7070.407241731881,9265.321690142155,8242.308499999344
2019-09-30,Villupuram,Ulundurpettai,7111.000000000001,7516.948285996913,9269.963846802711,7179.510010033845,9261.704825758934,8307.031742148101
2019-12-10,Villupuram,Ulundurpettai,7962.999999999999,7587.984786182641,9244.718316793442,7341.937562823295,9268.316710591316,8360.739344097674
2020-02-28,Villupuram,Ulundurpettai,8920.0,7514.112477600574,9278.39708417654,7336.8423603475085,9303.149973750114,8358.125473968685
2020-02-10,Villupuram,Ulundurpettai,8123.999999999999,7533.8089257478705,9327.868686914444,7359.460891485213,9333.725356459618,8388.715965151787
2019-12-16,Villupuram,Ulundurpettai,8524.0,7877.461889982223,9367.111540436745,7663.80723401904,9389.48125064373,8574.465478770435
2020-01-27,Villupuram,Ulundurpettai,8920.0,7898.076099753379,9419.056348204613,7713.128377199172,9440.759201645851,8617.755006700754
2020-01-21,Villupuram,Ulundurpettai,9439.0,7946.040606200694,9464.191714823246,7732.144631445407,9464.24089550972,8651.654461994767
2021-12-20,Thiruvannamalai,Vandavasi,6499.0,8214.032001793385,9523.607819080353,7955.812975317239,9513.299880623817,8801.688169203699
2021-01-21,Namakkal,Velur,8950.0,8174.754971861838,9494.696244001389,7832.3702858388415,9505.975292623043,8751.949198581278
2020-04-30,Namakkal,Velur,3086.0,7984.449055194854,9503.728818893433,7570.794469118117,9509.863901138306,8642.209061086178
2020-02-28,Namakkal,Velur,8438.0,7950.053416788577,9361.386575102806,7460.5622121691695,9379.389207065105,8537.847852781415
2020-05-14,Namakkal,Velur,6761.0,7782.341857701539,9365.421058535576,7254.991110563277,9351.408730745316,8438.540689386427
2020-04-23,Namakkal,Velur,8950.0,7768.267428874969,9326.518301963806,7249.457032978534,9313.387892246246,8414.40766401589
2020-03-19,Namakkal,Velur,8374.0,7693.363993018865,9353.181736171246,7200.781907290219,9334.790660142899,8395.529574155807
2020-03-12,Namakkal,Velur,7711.0,7785.25727212429,9399.919226169586,7243.2323418557635,9357.49629944563,8446.476284898818
2020-12-11,Villupuram,Vikkiravandi,4961.0,7837.005357146262,9379.223326444626,7370.914990007876,9354.407919049263,8485.387898162007
2020-09-16,Villupuram,Vikkiravandi,8524.0,7800.777946561574,9307.580403387547,7303.251534700393,9298.943774700165,8427.63841483742
2020-12-07,Villupuram,Vikkiravandi,8950.0,7661.778322309255,9310.125295519829,7238.580599129199,9283.732771873474,8373.55424720794
2019-12-18,Villupuram,Vikkiravandi,7361.0,7701.740547567605,9346.259762942791,7292.960267663001,9299.719829261303,8410.170101858675
2020-12-28,Villupuram,Vikkiravandi,7386.000000000001,7829.988356828689,9297.845961749554,7492.552581578492,9300.875992178917,8480.315723083913
2020-10-14,Villupuram,Vikkiravandi,8950.0,7880.040541738271,9287.634717524052,7520.786463469266,9333.267726004124,8505.432362183928
2021-01-29,Villupuram,Vikkiravandi,9669.0,7863.702134191989,9342.00938463211,7538.080560117959,9396.77166223526,8535.14093529433
2021-06-29,Villupuram,Vikkiravandi,9299.0,8016.662821620702,9387.990825772285,7711.851763278245,9458.22918176651,8643.683648109436
2020-09-08,Villupuram,Vikkiravandi,8950.0,8183.720861077308,9422.272264957428,7971.0556538403025,9522.352461218834,8774.850310273468
2020-08-12,Villupuram,Vikkiravandi,9500.0,8160.819749385118,9479.700302481651,7972.1634696424,9556.55304402113,8792.309141382575
2020-12-22,Villupuram,Vikkiravandi,8700.0,8136.0689437389365,9534.67597424984,7736.501290053128,9594.024559259415,8750.31769182533
2020-09-17,Villupuram,Vikkiravandi,5179.0,8119.170793294906,9562.783986926079,7624.683581143617,9595.634184777737,8725.568136535585
2020-09-14,Villupuram,Vikkiravandi,9400.0,8066.23361930251,9515.267108082771,7549.60342824459,9495.19305229187,8656.574301980436
2020-11-16,Villupuram,Vikkiravandi,6012.0,8045.384759306907,9515.450493693352,7410.7805210351935,9482.952062785625,8613.64195920527
2020-11-17,Villupuram,Vikkiravandi,9800.0,7782.208903133868,9460.281433463097,7124.605608582496,9401.00453555584,8442.025120183825
2020-08-14,Villupuram,Vikkiravandi,8249.0,7790.023630857467,9478.785041570663,7087.998089641332,9409.943750500679,8441.687628142536
2020-11-20,Villupuram,Vikkiravandi,8613.0,7841.20613798499,9505.03502458334,7170.683743953704,9412.646187543869,8482.392773516476
2020-11-11,Villupuram,Vikkiravandi,6250.0,7806.196991354226,9474.85225379467,7217.202004790305,9394.827774763107,8473.269756175578
2020-11-30,Villupuram,Vikkiravandi,8500.0,7830.318867713212,9379.898518919945,7306.8458926677695,9364.104016423225,8470.291823931038
2020-08-13,Villupuram,Vikkiravandi,5011.0,7745.009548813104,9318.258447349072,7257.717304378747,9369.855656027794,8422.71023914218
2020-12-16,Villupuram,Vikkiravandi,8499.0,7723.581357002257,9229.734045267105,7202.544493079185,9327.448567152023,8370.827115625143
2020-12-15,Villupuram,Vikkiravandi,6875.0,7493.75209018588,9254.935396015644,7039.176255464553,9329.623353779316,8279.371773861349
2020-08-05,Villupuram,Vikkiravandi,5024.0,7584.282480776309,9241.650775671005,7224.887945801019,9315.341782569885,8341.540746204555
2020-07-24,Villupuram,Vikkiravandi,5809.0,7600.937645286321,9196.248666346073,7261.442532986402,9282.514091134071,8335.285733938217
2019-10-30,Villupuram,Vikkiravandi,4825.0,7497.923696041106,9155.456204414368,7267.406316399573,9257.608658075333,8294.598718732595
2020-09-15,Villupuram,Vikkiravandi,9188.0,7474.922972619533,9099.905368685722,7271.973451673984,9222.176890969276,8267.24467098713
2020-12-30,Villupuram,Vikkiravandi,2363.0,7250.9470410645,9194.34062242508,7229.546773880719,9271.676835119724,8236.627818122506
2020-09-10,Villupuram,Vikkiravandi,9989.0,7303.467012792825,9126.347906589508,7399.5581552386275,9185.726500153542,8253.774893693626
2021-08-23,Villupuram,Vikkiravandi,11159.0,7185.428780615329,9158.885515332222,7555.03205910325,9239.437644779682,8284.695999957621
2020-12-09,Villupuram,Vikkiravandi,9439.0,7165.557282567023,9273.659900426865,7650.5438697338095,9353.501827418804,8360.815720036626
2020-06-29,Villupuram,Vikkiravandi,6219.0,7239.936402291059,9372.119634747505,7565.895572602748,9456.982159614563,8408.73344231397
2021-08-26,Villupuram,Vikkiravandi,8025.0,7227.988412976264,9373.010722100735,7429.060732126235,9466.059747338295,8374.029903635383
2020-12-10,Villupuram,Vikkiravandi,6250.0,6962.433545291423,9421.747115254402,7140.175463706254,9462.84383058548,8246.79998870939
2020-09-09,Villupuram,Vikkiravandi,5586.0,6929.614606350659,9377.334454655647,7080.608483105897,9397.303480505943,8196.215256154537
2021-08-25,Villupuram,Vikkiravandi,8010.0,6936.406959295272,9295.915411412716,7019.857831746339,9329.396622478962,8145.394206233323
2020-12-31,Villupuram,Vikkiravandi,7384.0,6792.504270672797,9320.334872603416,6844.231099635362,9315.946121513844,8068.254091106355
2021-04-28,Villupuram,Vikkiravandi,6500.0,6828.651241660117,9376.530892252922,6841.630775034427,9309.248378872871,8089.015321955085
2020-12-24,Villupuram,Vikkiravandi,9724.0,6823.894052207469,9318.982820510864,6927.190582007169,9257.476953864098,8081.8861021474
2021-06-28,Villupuram,Vikkiravandi,7711.0,6778.348151892423,9359.598565399647,6945.275737494229,9294.284113049507,8094.376641958952
2020-07-20,Villupuram,Vikkiravandi,8443.0,6997.457696199416,9343.589835166931,7166.166206151246,9314.373173117638,8205.396727658808
2020-11-23,Villupuram,Vikkiravandi,6191.0,7087.485443502664,9324.12261903286,7252.0494386553755,9359.696093201637,8255.838398598135
2021-05-06,Villupuram,Vikkiravandi,7921.0,7248.903958648442,9280.340138077736,7372.690912932157,9380.33197581768,8320.566746369004
2020-07-14,Villupuram,Vikkiravandi,7010.000000000001,7335.1264545321455,9272.382869720459,7410.072819292544,9416.957416534424,8358.634890019894
2020-09-28,Villupuram,Vikkiravandi,3764.0,7215.473178625106,9311.886630952358,7311.340507268905,9431.289835572243,8317.497538104653
2020-10-15,Villupuram,Vikkiravandi,6749.0,7174.120557010173,9268.730995357037,7304.278077334165,9333.45527946949,8270.146227292717
2020-09-30,Villupuram,Vikkiravandi,4874.0,7099.885228276252,9264.137185811996,7281.8825264275065,9288.382430672646,8233.5718427971
2020-11-12,Villupuram,Vikkiravandi,7270.000000000001,7110.5574372410765,9190.524534583092,7338.665796816348,9233.43843460083,8218.296550810337
2021-04-29,Villupuram,Vikkiravandi,9769.0,7169.241249412297,9168.815012574196,7511.799318194388,9260.799567699432,8277.663786970079
2020-12-23,Villupuram,Vikkiravandi,9337.0,7187.856556028127,9223.146333992481,7658.586579114198,9361.226529479027,8357.703999653459
2020-10-13,Villupuram,Vikkiravandi,10199.0,7158.30938309431,9308.937456905842,7750.290637612342,9442.448016405106,8414.9963735044
2020-12-21,Villupuram,Vikkiravandi,8975.0,7609.28794234991,9435.801121592522,8089.904116988181,9558.92955482006,8673.480683937669
2020-10-12,Villupuram,Vikkiravandi,6900.0,7582.158958762883,9530.638156533241,8039.7544042766085,9610.295864343643,8690.711845979095
2020-06-05,Villupuram,Vikkiravandi,9049.0,7451.576317250728,9576.462886333466,7651.703783720731,9595.561664104462,8568.826162852347
2020-09-07,Villupuram,Vikkiravandi,9545.0,7349.645176678895,9614.860498905182,7386.812855303287,9566.756786108017,8479.518829248846
2020-05-26,Villupuram,Vikkiravandi,7116.0,7398.833365291356,9653.903295397758,7330.762710571288,9548.890026211739,8483.097349368036
2021-06-30,Villupuram,Vikkiravandi,7685.999999999999,7436.454089730977,9587.918651998043,7319.970467388629,9488.329429030418,8458.168159537017
2020-06-10,Villupuram,Vikkiravandi,3333.0,7348.335636705159,9494.980491697788,7199.747862517833,9441.332698464394,8371.099172346294
2021-04-30,Villupuram,Vikkiravandi,8975.0,7359.595929980277,9336.8387439847,7031.765809655189,9326.121522188187,8263.580501452088
2021-05-07,Villupuram,Vikkiravandi,8879.0,7090.45545682311,9329.778397977352,6759.121420979499,9305.035511255264,8121.097696758807
2021-05-10,Villupuram,Vikkiravandi,8365.0,7205.255265831946,9367.789233624935,6777.556676268577,9319.504635930061,8167.52645291388
2020-09-25,Villupuram,Vikkiravandi,8975.0,7145.893760472535,9410.483904480934,6735.5005207657805,9305.857412219048,8149.433899484575
2020-07-31,Villupuram,Vikkiravandi,8975.0,7279.236355423926,9449.124919772148,6777.186153978108,9307.491211295128,8203.259660117328
2020-06-22,Villupuram,Vikkiravandi,9469.0,7566.1585642397395,9494.921308159828,6992.715511023997,9342.642064988613,8349.109362103045
2021-06-16,Villupuram,Vikkiravandi,9699.0,7987.262357175349,9528.41252207756,7519.5757016539565,9420.035794079304,8613.821593746543
2019-12-10,Villupuram,Vikkiravandi,8975.0,8047.10650011897,9547.482124865055,7672.931501716374,9487.244119644165,8688.691061586142
2020-05-18,Villupuram,Vikkiravandi,7621.0,8213.767759799957,9583.833320736885,7764.831449389457,9540.499300956726,8775.732957720757
2021-06-21,Villupuram,Vikkiravandi,7638.999999999999,8416.932758837938,9628.620254695415,7872.402947843074,9569.876842200756,8871.958200894296
2020-07-16,Villupuram,Vikkiravandi,5874.0,8527.506363093853,9602.560325860977,7976.690593510865,9561.63532614708,8917.098152153194
2021-04-22,Villupuram,Vikkiravandi,10050.0,8573.897504359484,9542.621572613716,7974.784216731786,9550.507987439632,8910.452820286155
2021-05-13,Villupuram,Vikkiravandi,7949.999999999999,8642.762552201748,9571.736539006233,8080.082150399684,9622.946137189865,8979.381844699383
2021-06-25,Villupuram,Vikkiravandi,8975.0,8508.38299497962,9582.631311416626,7986.4337876439085,9637.440268993378,8928.722090758383
2020-08-10,Villupuram,Vikkiravandi,6836.0,8655.190261602402,9619.921941757202,8046.961041986941,9649.437022209167,8992.877566888928
2020-11-18,Villupuram,Vikkiravandi,8594.0,8593.770669549704,9614.415372014046,7811.308031678199,9619.521827697754,8909.753975234926
2020-07-17,Villupuram,Vikkiravandi,7688.0,8437.706597447395,9591.482167840004,7625.007006675004,9578.836896419525,8808.258167095482
2021-04-21,Villupuram,Vikkiravandi,7621.0,8254.315985441208,9527.350552678108,7473.30167710781,9506.794692873955,8690.44072702527
2020-07-21,Villupuram,Vikkiravandi,9594.0,8149.1685113310805,9523.35107922554,7268.748365640639,9476.239315867424,8604.376818016171
2020-06-16,Villupuram,Vikkiravandi,8123.999999999999,8125.343386232852,9527.86820024252,7288.948707431554,9456.356981396675,8599.6293188259
2020-06-17,Villupuram,Vikkiravandi,6299.0,8143.865332901477,9513.039806485176,7387.760625481605,9439.84810858965,8621.128468364477
2020-12-14,Villupuram,Vikkiravandi,8785.0,8102.57314518094,9436.457141935825,7364.498994350432,9407.752292454243,8577.82039348036
2020-06-15,Villupuram,Vikkiravandi,8975.0,7950.651920735835,9417.111627161503,7177.837449908256,9432.829441130161,8494.60760973394
2020-06-23,Villupuram,Vikkiravandi,5961.0,7796.581333577632,9440.874234437943,6981.06135547161,9459.335330426693,8419.46306347847
2019-10-10,Villupuram,Vikkiravandi,10091.0,8006.6245433688155,9459.233634769917,7020.687651634215,9442.709757685661,8482.313896864653
2020-11-19,Villupuram,Vikkiravandi,9342.0,8148.286176472901,9506.841372847557,7304.111363142728,9486.193820238113,8611.358183175325
2021-04-23,Villupuram,Vikkiravandi,7818.0,8338.645858466625,9530.072161853313,7642.161480188369,9540.385935306549,8762.816358953714
2021-04-26,Villupuram,Vikkiravandi,6899.0,8142.313223779201,9512.01451420784,7452.119805514812,9551.157339215279,8664.401220679283
2021-05-05,Villupuram,Vikkiravandi,5108.0,8133.757451474666,9494.943814575672,7358.007560521363,9559.138781130314,8636.461901925504
2019-11-25,Villupuram,Vikkiravandi,8500.0,8024.266239106654,9428.571560680866,7206.734437495469,9513.12149643898,8543.173433430493
2020-06-09,Villupuram,Vikkiravandi,8425.0,7874.376843869685,9424.403705894947,7144.521702677011,9497.447028160095,8485.187320150435
2021-05-11,Villupuram,Vikkiravandi,8500.0,7770.249243825673,9435.969502925873,6961.307807713746,9487.629229426384,8413.78894597292
2020-06-04,Villupuram,Vikkiravandi,7636.0,7889.840001910924,9480.458852052689,7116.43202856183,9524.781486988068,8502.878092378378
2020-06-26,Villupuram,Vikkiravandi,7769.0,7919.576395452022,9505.986129045486,7160.394144058227,9559.724781513214,8536.420362517238
2019-11-04,Villupuram,Vikkiravandi,5746.0,7906.699808090924,9515.208758115768,7179.272025525569,9589.389071166515,8547.642415724695
2021-04-27,Villupuram,Vikkiravandi,6399.0,7855.740281194448,9501.454003751278,7150.309602618217,9584.788593053818,8523.07312015444
2019-06-14,Villupuram,Vikkiravandi,7986.0,7818.988554477691,9530.846549272537,7045.8102299273005,9578.300910294056,8493.486560992897
2020-06-12,Villupuram,Vikkiravandi,8886.0,7861.155991703271,9573.45702946186,7095.488141477107,9599.622821807861,8532.430996112525
2020-05-20,Villupuram,Vikkiravandi,6875.0,7751.756055355071,9654.1633695364,7053.116062581538,9635.539727210999,8523.643803671002
2019-06-03,Villupuram,Vikkiravandi,6399.0,7789.8910930752745,9647.874910235405,7222.140912711619,9618.561553955078,8569.617117494345
2019-10-15,Villupuram,Vikkiravandi,7241.0,7815.958107262849,9614.222817122936,7372.299551367759,9612.526500225067,8603.751743994653
2020-06-08,Villupuram,Vikkiravandi,7473.0,7826.873718947171,9605.989636778831,7394.046584069728,9627.789184451103,8613.674781061709
2019-04-08,Villupuram,Vikkiravandi,3923.0,7846.313010454177,9600.294679999352,7428.1287997961035,9648.177496492863,8630.728496685624
2020-05-11,Villupuram,Vikkiravandi,7030.0,7795.303469300269,9536.773238778114,7393.046715706586,9592.247385978699,8579.342702440917
2020-05-14,Villupuram,Vikkiravandi,6586.0,7583.877782076596,9577.553197145462,7287.6591731607905,9577.023046016693,8506.528299599886
2020-01-22,Villupuram,Vikkiravandi,7374.0,7677.251899987458,9576.009423732758,7476.002863794564,9553.984811902046,8570.812249854207
2019-05-30,Villupuram,Vikkiravandi,9399.0,7745.40424466133,9629.081219434738,7524.319970756768,9582.670489251614,8620.368981026113
2020-05-12,Villupuram,Vikkiravandi,8065.0,7806.889272034167,9654.597660005093,7693.228954523801,9631.378540992737,8696.52360688895
2020-07-27,Villupuram,Vikkiravandi,5086.0,7704.389636069535,9705.387971997261,7692.845095098018,9649.48370218277,8688.026601336896
2020-05-15,Villupuram,Vikkiravandi,9609.0,7734.887079894542,9636.76757723093,7817.849479764699,9587.402671575546,8694.22670211643
2019-01-11,Villupuram,Vikkiravandi,8375.0,7592.5027407705775,9640.81706494093,7757.80361264944,9603.365555405617,8648.622243441641
2020-05-13,Villupuram,Vikkiravandi,9550.0,7559.330367743968,9629.7497433424,7614.5123483240595,9623.271229863167,8606.715922318399
2019-05-27,Villupuram,Vikkiravandi,8489.0,7341.947565674781,9680.45086324215,7336.78567752242,9654.028331041336,8503.303109370172
2019-12-24,Villupuram,Vikkiravandi,9574.0,7361.916174739598,9710.762003958225,7242.870572060346,9648.916873931885,8491.116406172514
2020-06-30,Villupuram,Vikkiravandi,6391.0,7374.879870265721,9781.484664678574,7097.801717668771,9646.776263713837,8475.235629081726
2019-01-24,Villupuram,Vikkiravandi,5148.0,7457.625124901532,9738.013939261436,7135.899244695901,9581.636027693748,8478.293584138155
2020-05-19,Villupuram,Vikkiravandi,8409.0,7399.461044222116,9646.28695756197,6963.601794987916,9493.357529044151,8375.676831454039
2019-06-10,Villupuram,Vikkiravandi,6855.0,7324.528850167989,9615.00303953886,6824.922261983155,9471.80971980095,8309.065967872739
2019-05-28,Villupuram,Vikkiravandi,7499.0,7223.582573682069,9592.301568090916,6650.419183522462,9431.843326687813,8224.536662995815
2019-06-06,Villupuram,Vikkiravandi,9550.0,7346.60389304161,9553.9214605093,6684.155467301606,9424.99804198742,8252.419715709984
2019-05-29,Villupuram,Vikkiravandi,8161.000000000001,7348.090150058269,9587.41934299469,6701.54417425394,9468.528784513474,8276.395612955093
2019-11-06,Villupuram,Vikkiravandi,5000.0,7495.222926139831,9647.748207449913,6783.968504071235,9510.418225824833,8359.339465871453
2019-06-13,Villupuram,Vikkiravandi,3024.0,7580.351776927709,9604.071590006351,6929.9992993474,9470.421824157238,8396.211122609675
2020-05-08,Villupuram,Vikkiravandi,7500.0,7501.54264435172,9493.750974535942,6835.493608862161,9370.589198470116,8300.344106554985
2019-05-23,Villupuram,Vikkiravandi,9640.0,7420.730440765618,9420.64680159092,6835.851627588271,9351.945550441742,8257.293605096638
2019-05-09,Villupuram,Vikkiravandi,8258.0,7336.000870466231,9477.835604250431,6803.968788832425,9419.039676785469,8259.21123508364
2019-06-11,Villupuram,Vikkiravandi,6449.0,7521.798001825809,9526.21356189251,7021.000240743159,9481.051521003246,8387.515831366181
2019-06-07,Villupuram,Vikkiravandi,6840.0,7593.474267721175,9495.294747948647,7156.384667754172,9500.314512252808,8436.3670489192
2020-02-21,Villupuram,Vikkiravandi,8611.0,7620.499471724032,9466.69159412384,7249.650838226079,9526.17771834135,8465.754905603826
2019-12-30,Villupuram,Vikkiravandi,9550.0,7535.792824625968,9528.682599067688,7198.459995388984,9577.901629805565,8460.209262222052
2019-11-29,Villupuram,Vikkiravandi,9550.0,7620.441538542508,9612.871598601341,7229.674310237168,9613.301721215248,8519.072292149067
2019-10-16,Villupuram,Vikkiravandi,8125.0,7914.051903933286,9705.26126921177,7460.3104737401,9661.021991372108,8685.161409564316
2020-04-24,Villupuram,Vikkiravandi,9550.0,8212.817488908768,9749.88815754652,7785.103478282689,9701.546877026558,8862.339000441134
2019-06-21,Villupuram,Vikkiravandi,6738.0,8314.309754371643,9816.089529395103,7887.901115864514,9755.88820129633,8943.547150231898
2019-05-24,Villupuram,Vikkiravandi,8536.0,8217.170396447182,9779.220685958862,7711.378294974565,9738.91586303711,8861.67131010443
2019-06-18,Villupuram,Vikkiravandi,6676.0,8094.423321932553,9725.620406270027,7527.472952902316,9721.39253437519,8767.227303870022
2020-01-28,Villupuram,Vikkiravandi,8469.0,7977.479151636361,9712.694221436977,7240.602842271327,9686.53926551342,8654.328870214522
2019-11-28,Villupuram,Vikkiravandi,7842.999999999999,7905.477376282214,9704.68110382557,7046.281197518109,9651.234201192856,8576.918469704688
2019-05-31,Villupuram,Vikkiravandi,7588.0,7866.25911310315,9655.094468295574,7016.783205270766,9592.245718836784,8532.59562637657
2019-06-20,Villupuram,Vikkiravandi,9924.0,7943.181874603032,9633.693367540836,7067.176320701837,9581.652699112892,8556.42606548965
2019-05-20,Villupuram,Vikkiravandi,9550.0,7785.103061497211,9671.389946937561,6862.245401591062,9601.447508633137,8480.046479664743
2019-04-05,Villupuram,Vikkiravandi,5690.0,7863.418303281068,9722.352808117867,6876.0039070248595,9603.272195458412,8516.261803470552
2019-06-04,Villupuram,Vikkiravandi,5488.0,8035.114331543445,9726.927445530891,6954.104087501763,9564.036010503769,8570.045468769968
2019-05-22,Villupuram,Vikkiravandi,9389.0,8073.559040874242,9664.214568138123,7079.7061425447455,9523.282726407051,8585.19061949104
2019-05-14,Villupuram,Vikkiravandi,4880.0,7968.24151828885,9712.067376077175,6955.229408293962,9561.751192510128,8549.32237379253
2019-05-17,Villupuram,Vikkiravandi,7064.000000000001,7941.822737157344,9632.150427699089,6937.060062140225,9489.204678535461,8500.05947638303
2019-11-22,Villupuram,Vikkiravandi,5773.0,7851.616605669259,9540.715195834637,6952.7782928943625,9449.909310042858,8448.75485111028
2019-06-19,Villupuram,Vikkiravandi,6751.0,7871.329308450221,9498.441478312016,6988.255072832107,9432.646889090538,8447.66818717122
2019-11-01,Villupuram,Vikkiravandi,6586.0,7834.49880927801,9454.222206175327,7081.504155099391,9424.297842383385,8448.630753234029
2019-03-01,Villupuram,Vikkiravandi,3000.0,7780.087465047835,9429.339279532433,7132.413667738437,9445.793970227242,8446.908595636487
2019-03-13,Villupuram,Vikkiravandi,8100.0,7618.438050746917,9362.904507815838,7017.408800274133,9386.953029930592,8346.42609719187
2019-05-15,Villupuram,Vikkiravandi,9961.0,7509.859181791543,9370.657551288605,7015.930045396089,9404.380497932434,8325.206819102168
2019-11-05,Villupuram,Vikkiravandi,9550.0,7395.150232017039,9474.432967603207,6976.319170296191,9482.191846072674,8332.023553997278
2019-03-12,Villupuram,Vikkiravandi,7174.0,7484.7299349308005,9580.148937106133,7051.293876469134,9535.919662117958,8413.023102656007
2020-03-12,Villupuram,Vikkiravandi,6163.0,7749.256176054477,9658.56795847416,7235.574742257594,9569.059109091759,8553.114496469498
2020-03-23,Villupuram,Vikkiravandi,7623.999999999999,7863.939285129308,9638.020434379578,7424.308127313851,9564.201057553291,8622.617226094007
2020-02-26,Villupuram,Vikkiravandi,6699.0,7847.109487503766,9613.690998852253,7455.68998992443,9577.694904208183,8623.546345122159
2020-01-27,Villupuram,Vikkiravandi,9550.0,7878.178344219922,9578.265066742897,7499.05318468809,9591.322122216225,8636.704679466784
2019-05-16,Villupuram,Vikkiravandi,10191.0,7837.893110215663,9633.8342410326,7465.158105641603,9643.75040113926,8645.158964507282
2019-01-29,Villupuram,Vikkiravandi,8549.0,7966.047142744063,9689.968576431274,7615.082510858773,9691.690734028816,8740.697241015732
2020-01-23,Villupuram,Vikkiravandi,9550.0,8127.084715962409,9704.114275574684,7864.603224396705,9712.60169506073,8852.100977748632
2020-04-30,Villupuram,Vikkiravandi,9749.0,8123.603306859731,9760.37531375885,7905.397770255803,9728.48789036274,8879.466070309281
2019-03-04,Villupuram,Vikkiravandi,9669.0,8287.025309801102,9802.319770753384,8027.355869859456,9743.930625915527,8965.157894082367
2020-02-14,Villupuram,Vikkiravandi,9575.0,8546.121669709682,9843.466500341892,8314.138455539942,9780.592743754387,9121.079842336476
2020-04-22,Villupuram,Vikkiravandi,6290.0,8214.84723418951,9858.789201676846,7838.805453628301,9768.27256500721,8920.178613625467
2019-03-22,Villupuram,Vikkiravandi,9961.0,8225.497770309448,9773.773299753666,7706.262670010327,9691.97664886713,8849.377597235143
2019-03-05,Villupuram,Vikkiravandi,8612.0,8023.611052334308,9779.744168519974,7380.454792827367,9673.223803043365,8714.258454181254
2019-03-28,Villupuram,Vikkiravandi,6249.0,8085.849627852439,9770.439849495888,7334.510028809308,9642.993518710136,8708.448256216943
2019-03-27,Villupuram,Vikkiravandi,5831.0,8095.525719523429,9714.78315025568,7264.616771191358,9599.71784889698,8668.660872466862
2019-03-21,Villupuram,Vikkiravandi,6611.0,7984.49156731367,9598.687555193901,7120.516943037509,9522.375801205635,8556.51796668768
2019-03-26,Villupuram,Vikkiravandi,8559.0,7882.285348325967,9574.252256155014,6895.343586802482,9487.580882310867,8459.865518398583
2020-02-20,Villupuram,Vikkiravandi,6736.0,7844.540005028247,9585.155364274979,6780.21660119295,9487.630896568298,8424.385716766119
2020-04-28,Villupuram,Vikkiravandi,7509.0,7722.113855332135,9569.8993486166,6685.147833526134,9446.364132761955,8355.881292559206
2019-03-20,Villupuram,Vikkiravandi,7786.999999999999,7648.818377852439,9554.246553182602,6619.676253050565,9420.174166858196,8310.728837735951
2019-10-22,Villupuram,Vikkiravandi,9619.0,7553.690843433141,9502.161705493927,6657.934242486953,9388.734371066093,8275.630290620029
2019-12-26,Villupuram,Vikkiravandi,9500.0,7557.405652403831,9547.928085327148,6683.969997763633,9428.537384271622,8304.460279941559
2019-03-19,Villupuram,Vikkiravandi,7500.0,7483.166155815124,9599.11434352398,6673.747500330209,9450.514482557774,8301.635620556772
2019-03-25,Villupuram,Vikkiravandi,2207.0,7642.523666769265,9600.7181340456,6895.187709033488,9457.79989272356,8399.05735064298
2019-03-07,Villupuram,Vikkiravandi,9575.0,7626.258613467216,9452.585906386375,6931.3075889647,9354.304556250572,8341.114166267216
2019-03-14,Villupuram,Vikkiravandi,5466.0,7368.953180760144,9459.589569568634,6781.959598064422,9363.769754469395,8243.56802571565
2019-10-14,Villupuram,Vikkiravandi,9575.0,7465.621987879275,9407.610585391521,6917.657864540814,9310.094453394413,8275.246222801507
2019-03-18,Villupuram,Vikkiravandi,6269.0,7585.555343627929,9466.991679668427,7065.4616652429095,9346.649040579796,8366.164432279766
2019-12-16,Villupuram,Vikkiravandi,6350.0,7778.194425404071,9459.169449806213,7307.842009961604,9371.769534945488,8479.243855029345
2019-04-23,Villupuram,Vikkiravandi,9500.0,7718.191070407628,9426.900250911713,7295.340946316718,9393.479890525341,8458.47803954035
2019-01-30,Villupuram,Vikkiravandi,6875.0,7560.011395215987,9490.138278007507,7149.027153700589,9461.896893978119,8415.268430225551
2020-01-21,Villupuram,Vikkiravandi,9549.0,7732.398453801869,9484.359964132309,7361.43312036991,9479.758652448654,8514.487547688186
2019-04-24,Villupuram,Vikkiravandi,9575.0,7684.537726938724,9549.318481683731,7337.268731892108,9544.162011742592,8528.82173806429
2019-02-28,Villupuram,Vikkiravandi,6516.0,7793.757195174693,9622.931132912636,7409.668120592832,9586.89836114645,8603.313702456653
2019-04-01,Villupuram,Vikkiravandi,7848.0,8007.335996180772,9617.722981572151,7603.064918369054,9590.5360648036,8704.664990231395
2019-04-22,Villupuram,Vikkiravandi,8097.0,8006.9329646229735,9610.06913304329,7619.765512496232,9613.971912264824,8712.68488060683
2019-04-02,Villupuram,Vikkiravandi,9299.0,7915.651109814643,9709.68336313963,8033.583061695098,9686.585945487022,8836.375870034099
2020-01-20,Villupuram,Vikkiravandi,9149.0,7987.301118224858,9849.342342019081,8656.109690368176,9775.297067463398,9067.012554518878
2019-04-09,Villupuram,Vikkiravandi,9000.0,8218.45576286316,9972.988422811031,9187.533681988716,9908.164110183716,9321.785494461656
2019-04-04,Villupuram,Vikkiravandi,7937.0,8237.710835188627,10119.786936938763,9136.840064227581,10053.927329182625,9387.066291384399
2019-04-15,Villupuram,Vikkiravandi,9290.0,8450.115134716034,10222.331168949602,9307.742949724197,10168.817580640314,9537.251708507538
2020-03-04,Villupuram,Vikkiravandi,7631.0,8527.238370031118,10233.512689769266,9345.622914731503,10243.579726219175,9587.488425187767
2019-03-06,Villupuram,Vikkiravandi,8061.999999999999,8546.268378198147,10219.341983497141,9285.409916639328,10280.085132718084,9582.776352763176
2019-03-15,Villupuram,Vikkiravandi,6105.0,8693.733749091625,10251.659529507158,9354.728010296822,10338.916903734205,9659.759548157454
2019-11-18,Villupuram,Vikkiravandi,9359.0,8832.347429990768,10283.126833140848,9398.446306288242,10368.525344133375,9720.61147838831
2019-02-26,Villupuram,Vikkiravandi,8759.0,8865.591073334217,10276.358236968515,9427.934712469578,10371.953821480272,9735.459461063147
2019-01-23,Villupuram,Vikkiravandi,8749.0,9025.825084149837,10256.880184412,9622.094227671623,10365.128542482851,9817.482009679079
2019-12-27,Villupuram,Vikkiravandi,9550.0,8914.107403755188,10239.826156198977,9445.69977670908,10346.557415127752,9736.54768794775
2019-03-29,Villupuram,Vikkiravandi,9486.0,8899.680791199207,10292.877946197985,9401.632214486599,10358.894265294073,9738.271304294467
2019-04-16,Villupuram,Vikkiravandi,8123.999999999999,9098.5858258605,10372.760718166826,9611.486203670502,10387.334039211271,9867.541696727276
2020-04-29,Villupuram,Vikkiravandi,7365.0,9277.676045298576,10386.344590485094,9836.023545265198,10364.390832185743,9966.108753308654
2019-04-03,Villupuram,Vikkiravandi,9550.0,9280.553532242775,10361.987647116182,9783.944532573223,10345.130341649054,9942.90401339531
2019-02-25,Villupuram,Vikkiravandi,6375.0,9212.208215892315,10387.17732787132,9674.549180865288,10369.702346324919,9910.909267738461
2019-02-27,Villupuram,Vikkiravandi,4523.0,9343.29141676426,10382.444311976431,9827.03348249197,10357.765610218046,9977.633705362678
2019-11-07,Villupuram,Vikkiravandi,10049.0,9441.85451388359,10303.969441354273,10031.932725906372,10269.585472941397,10011.835538521409
2019-01-28,Villupuram,Vikkiravandi,7504.000000000001,9330.906219482422,10289.131044745443,9834.321393370628,10259.78434562683,9928.535750806332
2019-01-21,Villupuram,Vikkiravandi,8973.0,9343.750714361668,10274.431020915506,9900.311871767044,10288.60839575529,9951.775500699878
2019-02-01,Villupuram,Vikkiravandi,7049.000000000001,9355.408204197884,10232.180643379686,9912.396149933338,10305.648253262041,9951.408312693238
2019-02-04,Villupuram,Vikkiravandi,6000.0,9397.84030020237,10244.584179222582,9904.456386566162,10310.150370001791,9964.257808998227
2019-01-10,Villupuram,Vikkiravandi,10690.0,9417.126631438732,10184.185294806955,9893.464919924736,10279.681684374807,9943.614632636309
2019-04-25,Villupuram,Vikkiravandi,9536.0,9284.689711332321,10168.494155108927,9760.98798841238,10296.891590356825,9877.765861302614
2019-04-26,Villupuram,Vikkiravandi,7069.999999999999,9467.92611271143,10257.381160557268,9959.34369981289,10373.36922496557,10014.50504951179
2019-05-03,Villupuram,Vikkiravandi,5874.0,9508.846944570541,10266.768836677073,9970.103433728218,10366.539778113363,10028.0647482723
2020-01-30,Villupuram,Vikkiravandi,9241.0,9439.648885130882,10229.261477887629,9906.103522777557,10345.177021622656,9980.047726854682
2020-03-11,Villupuram,Vikkiravandi,8087.0,9298.698704838753,10215.179963707922,9816.36877566576,10344.235086441038,9918.62063266337
2020-04-23,Villupuram,Vikkiravandi,7112.0,9391.637698709965,10231.343738138674,9902.10404932499,10353.012588620184,9969.524518698454
2020-03-19,Villupuram,Vikkiravandi,8689.0,9451.784011125565,10248.143527209757,9912.787094712257,10365.226070284842,9994.485175833106
2020-02-13,Villupuram,Vikkiravandi,9065.0,9419.640681445599,10217.434773147104,9911.571748256683,10358.214071393011,9976.7153185606
2019-02-22,Villupuram,Vikkiravandi,10136.0,9347.48261153698,10197.170663177965,9810.988908708096,10325.718141198156,9920.3400811553
2019-11-20,Villupuram,Vikkiravandi,10270.0,9333.336078822613,10230.873604118822,9761.412276029587,10337.54234522581,9915.791076049209
2019-01-31,Villupuram,Vikkiravandi,9575.0,9378.149687051773,10268.124223053454,9824.011787772179,10372.810732424257,9960.774107575417
2020-04-21,Villupuram,Vikkiravandi,9259.0,9534.899371266365,10354.70390409231,9968.47463607788,10419.02974128723,10069.276913180947
2020-02-10,Villupuram,Vikkiravandi,8274.0,9686.292528510094,10380.330376029013,10138.642311990261,10429.736960232256,10158.750544190407
2019-02-05,Villupuram,Vikkiravandi,9273.0,9626.545496582985,10358.96345168352,10019.029881060123,10401.736478209494,10101.568826884031
2019-10-11,Villupuram,Vikkiravandi,9600.0,9592.06066608429,10356.204331815241,9978.718389570713,10397.286876440046,10081.067565977573
2020-02-12,Villupuram,Vikkiravandi,9575.0,9534.830184876919,10392.959809601305,9911.886838078499,10402.900143265722,10060.644243955612
2019-01-22,Villupuram,Vikkiravandi,8813.0,9708.615558743477,10450.003570914267,10101.029089689255,10410.77405452728,10167.60556846857
2020-03-13,Villupuram,Vikkiravandi,9575.0,9817.341552972794,10445.555636286734,10209.939303100107,10396.22323989868,10217.26493306458
2020-03-18,Villupuram,Vikkiravandi,10690.0,9802.909105420113,10479.469470679758,10192.889442741869,10421.832206845282,10224.275056421757
2020-03-05,Villupuram,Vikkiravandi,9575.0,9833.442809581757,10477.380541861055,10247.836773097513,10431.59165561199,10247.56294503808
2019-01-25,Villupuram,Vikkiravandi,9329.0,9932.446032166481,10511.381067633627,10293.694012165068,10456.99389696121,10298.628752231598
2019-10-25,Villupuram,Vikkiravandi,9153.0,9986.866545677185,10479.346102178095,10320.606684088705,10432.00010538101,10304.70485933125
2020-03-17,Villupuram,Vikkiravandi,9575.0,9946.723435521126,10434.84758377075,10298.771292865275,10402.501696348188,10270.711002126336
2020-03-10,Villupuram,Vikkiravandi,9675.0,9985.492820739746,10462.49963313341,10329.765961766241,10429.413534700869,10301.792987585068
2020-03-09,Villupuram,Vikkiravandi,8911.0,9986.373071670532,10491.0661098361,10270.275669693945,10441.763722002504,10297.369643300772
2019-02-08,Villupuram,Vikkiravandi,9675.0,9932.174288034439,10456.860525608061,10319.18461203575,10409.558708071707,10279.44453343749
2020-02-11,Villupuram,Vikkiravandi,6523.0,9955.444254875183,10466.447425186632,10346.649107933043,10408.173313140867,10294.178525283933
2020-03-16,Villupuram,Vikkiravandi,9675.0,9969.651638269424,10377.567088305948,10373.953558206556,10332.069951891897,10263.310559168458
2019-02-06,Villupuram,Vikkiravandi,10430.0,9948.636480867863,10375.351456701754,10331.093006730078,10325.164650082586,10245.061398595572
2019-02-20,Villupuram,Vikkiravandi,8981.0,10040.340122580528,10358.589178323744,10347.94947862625,10319.805622398851,10266.671100482345
2019-02-21,Villupuram,Vikkiravandi,9675.0,10054.422470331192,10331.291396617888,10363.065454363821,10319.85063523054,10267.157489135861
2020-03-24,Villupuram,Vikkiravandi,9675.0,10062.431420087814,10365.574502944944,10337.798251509665,10356.640289425848,10280.61111599207
2020-03-20,Villupuram,Vikkiravandi,8579.0,10182.234738767145,10421.001970171927,10417.965271174906,10388.896984755991,10352.524741217492
2019-12-23,Villupuram,Vikkiravandi,10840.0,10326.118255257605,10401.919863820074,10516.612558960913,10379.023336768149,10405.918503701685
2019-02-15,Villupuram,Vikkiravandi,8041.000000000001,10155.766360163689,10350.204288065432,10301.154472231863,10345.041983127592,10288.041775897145
2020-03-06,Villupuram,Vikkiravandi,7601.0,10154.90444779396,10278.907296955584,10299.104721248148,10307.32123017311,10260.059424042702
2019-01-07,Villupuram,Vikkiravandi,9675.0,9954.784066677094,10178.158576786516,10127.47496187687,10257.939653098581,10129.589314609766
2019-02-14,Villupuram,Vikkiravandi,10290.0,9936.105408668518,10189.782723784445,10127.515806853771,10258.077192306517,10127.870282903314
2019-02-13,Villupuram,Vikkiravandi,10349.0,10102.804595828056,10229.5540612936,10302.799941301344,10260.298658907412,10223.864314332604
2019-02-11,Villupuram,Vikkiravandi,9675.0,10132.366356253624,10244.645863473414,10312.081753909586,10246.78980797529,10233.97094540298
2019-01-03,Villupuram,Vikkiravandi,9675.0,10143.39616715908,10280.269351899622,10311.531597077845,10265.172548294066,10250.092416107655
2019-02-07,Villupuram,Vikkiravandi,11030.0,10213.828745186327,10325.490576326845,10378.269788622854,10278.596374988554,10299.046371281145
2019-02-18,Villupuram,Vikkiravandi,9675.0,10260.146115422247,10316.904795467852,10374.263646602629,10274.756947159765,10306.517876163123
2019-02-19,Villupuram,Vikkiravandi,9675.0,10324.282732009886,10346.51073515415,10399.231597483156,10294.3358618021,10341.090231612323
2020-04-20,Villupuram,Vikkiravandi,9572.0,10398.728120625017,10388.80862623453,10444.068545699118,10316.62388205528,10387.057293653486
2019-01-04,Villupuram,Vikkiravandi,9799.0,10378.54653418064,10357.673917412756,10416.819111108778,10294.812664389608,10361.963056772945
2019-12-31,Villupuram,Vikkiravandi,10260.0,10367.501718997954,10286.809549629686,10451.619865000246,10262.05165863037,10341.995698064564
2020-10-27,Villupuram,Villupuram,9700.0,10106.018845438957,10235.724987089632,10150.961657166481,10213.536161780356,10176.560412868857
2020-11-19,Villupuram,Villupuram,10750.0,10163.280168771744,10240.80810278654,10239.52607065439,10190.92971742153,10208.636014908552
2021-09-14,Villupuram,Villupuram,7861.0,10195.33430635929,10224.967753887175,10299.849100112913,10180.270012021063,10225.10529309511
2021-03-19,Villupuram,Villupuram,9700.0,10142.337532043457,10149.53541725874,10285.624211728571,10163.063440322876,10185.140150338411
2020-12-28,Villupuram,Villupuram,9700.0,10132.913178801537,10164.463839530945,10259.46425437927,10183.025797605513,10184.966767579317
2021-12-23,Villupuram,Villupuram,6536.0,10232.519073188303,10216.935464143751,10330.45282423496,10221.32838308811,10250.308936163781
2021-09-24,Villupuram,Villupuram,9599.0,10186.165859401224,10162.325730025768,10316.702237725256,10194.714129567144,10214.97698917985
2021-04-15,Villupuram,Villupuram,9920.0,10119.079235196114,10116.707725822926,10290.463091135023,10195.63605904579,10180.471527799964
2021-03-25,Villupuram,Villupuram,9700.0,9980.37969648838,10071.850771903992,10139.23748165369,10169.433589577673,10090.225384905934
2021-09-16,Villupuram,Villupuram,10450.0,9897.756143212318,10091.858142018318,10035.498742461205,10169.524448812006,10048.659369125962
2021-03-08,Villupuram,Villupuram,10189.0,9991.786281466484,10106.20139747858,10106.904097795486,10150.638231635094,10088.882502093911
2021-02-23,Villupuram,Villupuram,8164.999999999999,10130.225746035576,10113.78189176321,10275.347115397451,10125.019261837006,10161.093503758311
2019-04-23,Villupuram,Villupuram,9700.0,10030.774062275887,10052.183498740196,10172.446115016935,10060.63590824604,10079.009896069765
2020-07-21,Villupuram,Villupuram,9700.0,10011.710294485092,10070.051092207432,10125.090948939323,10071.680723428726,10069.633264765143
2021-01-29,Villupuram,Villupuram,9700.0,10082.220394611359,10121.831686496735,10191.324830055235,10106.548162996769,10125.481268540025
2020-10-13,Villupuram,Villupuram,6571.0,10152.302039265633,10179.082173407076,10259.003289639948,10147.927458882332,10184.578740298748
2020-06-24,Villupuram,Villupuram,10399.0,10155.673000216484,10114.492094218731,10238.878386020659,10117.655496001244,10156.67474411428
2020-06-23,Villupuram,Villupuram,9699.0,10016.56501173973,10087.82615929842,10142.586769759655,10128.139317929745,10093.779314681888
2020-05-06,Villupuram,Villupuram,10471.0,10080.019767284393,10067.487027943134,10226.000548303125,10142.076624333858,10128.895991966128
2020-05-12,Villupuram,Villupuram,10631.0,9958.608490228653,10058.831227123737,10025.457546710968,10141.874066591263,10046.192832663655
2020-08-14,Villupuram,Villupuram,8336.0,9844.493459761143,10053.407180905342,9932.406854331493,10103.54063898325,9983.462033495307
2021-07-23,Villupuram,Villupuram,9700.0,9945.088802874088,10014.211007356644,10027.281399965286,10051.642511188984,10009.55593034625
2020-12-22,Villupuram,Villupuram,9100.0,9933.350456655025,10039.343171715736,10013.879246115685,10064.597871005535,10012.792686372995
2021-07-22,Villupuram,Villupuram,9700.0,9957.997482717037,10022.110759317875,10063.034925460815,10050.27628839016,10023.354863971472
2021-04-26,Villupuram,Villupuram,10359.0,9964.005028605461,10060.332488417625,10067.772942781448,10076.384564340115,10042.123756036162
2021-02-12,Villupuram,Villupuram,9972.0,10042.979208230972,10065.46645194292,10146.281156241894,10085.916448235512,10085.160816162825
2019-06-10,Villupuram,Villupuram,10259.0,10125.87033778429,10048.658327162266,10224.579309821127,10092.151558995247,10122.814883440733
2020-08-28,Villupuram,Villupuram,10139.0,9942.774809896946,10042.865842580795,9984.062412977219,10090.092638731003,10014.94892604649
2021-08-23,Villupuram,Villupuram,10039.0,9816.571333408356,10031.378401219845,9873.91601383686,10049.596094489098,9942.86546073854
2021-09-13,Villupuram,Villupuram,9672.0,10129.747276306152,10012.185429930687,10231.83637857437,10029.270300269127,10100.759846270084
2021-04-27,Villupuram,Villupuram,10172.0,10057.67006278038,9967.926979959011,10076.288703680038,10004.499905705452,10026.59641303122
2020-12-16,Villupuram,Villupuram,10442.0,9883.345368504524,9925.589077472687,9859.48940128088,9980.227986574173,9912.162958458066
2020-08-18,Villupuram,Villupuram,10699.0,10042.639111280441,9939.074588418007,10045.036461353302,10011.40020608902,10009.537591785192
2020-09-29,Villupuram,Villupuram,9611.0,9951.658175587654,9967.95698851347,9878.664867579937,10032.177795767784,9957.614456862211
2021-03-22,Villupuram,Villupuram,10389.0,9776.711637377739,9936.212939321995,9690.181970596313,10034.650167226791,9859.43917863071
2021-08-13,Villupuram,Villupuram,9750.0,9751.913734972477,9957.169746756554,9735.149789452553,10064.034377038479,9877.066912055016
2021-09-30,Villupuram,Villupuram,15000.0,9697.829984128475,9975.078185200691,9717.786506414413,10034.56764370203,9856.315579861403
2021-10-27,Villupuram,Villupuram,9999.0,9829.46084111929,10051.999279558659,9898.526362776756,10104.725143313408,9971.177906692028
2019-06-12,Villupuram,Villupuram,9699.0,10008.004238009453,10123.34545135498,10034.67434078455,10119.099240899086,10071.280817762017
2021-07-20,Villupuram,Villupuram,10020.0,10194.213986992834,10180.999386608599,10217.845723628996,10106.694037914276,10174.938283786176
2021-10-18,Villupuram,Villupuram,6509.0,10196.678856313227,10175.8012381196,10181.240288615225,10057.991821169853,10152.928051054476
2021-01-21,Villupuram,Villupuram,9920.0,10142.00243651867,10062.32305586338,10105.322813689709,9978.76090168953,10072.102301940322
2021-09-29,Villupuram,Villupuram,9650.0,10097.713977992535,10014.581112861633,10054.700883030891,9980.47138929367,10036.866840794683
2021-08-31,Villupuram,Villupuram,10150.0,9956.82464838028,9978.979297280312,9948.621476590633,9975.584996342659,9965.00260464847
2019-06-17,Villupuram,Villupuram,9700.0,10012.295461297035,9958.283397555351,10035.850509405136,9996.569311618805,10000.749669969082
2021-09-15,Villupuram,Villupuram,10690.0,9921.87635242939,9983.99406015873,9926.097555756569,10025.47755241394,9964.361380189657
2021-08-12,Villupuram,Villupuram,10351.0,10035.823835134506,10032.620421946049,10033.856607675552,10064.426988959312,10041.681963428855
2020-09-25,Villupuram,Villupuram,9700.0,10198.132604062555,10081.239281594753,10256.909359395502,10116.521005928516,10163.200562745333
2020-05-28,Villupuram,Villupuram,9700.0,10105.311977267265,10117.91973799467,10103.23888629675,10138.423082828522,10116.223421096802
2020-07-17,Villupuram,Villupuram,9890.0,10194.048939943312,10164.970650672913,10186.185865104197,10165.999277234077,10177.801183238626
2019-10-24,Villupuram,Villupuram,9443.0,10082.11953252554,10174.731766581534,10075.147545039654,10177.927677631376,10127.481630444527
2020-09-15,Villupuram,Villupuram,7880.000000000001,10011.076780557632,10156.584093272686,10040.255931913853,10153.22646945715,10090.28581880033
2021-10-25,Villupuram,Villupuram,9261.0,9920.019989907742,10125.156801044941,10010.72251290083,10115.173955261707,10042.768314778805
2021-08-19,Villupuram,Villupuram,9700.0,9837.907415628433,10062.089655995369,9952.552597224712,10074.768270254135,9981.829484775662
2021-09-09,Villupuram,Villupuram,9699.0,9791.689240336418,10067.077744603157,9939.379675388336,10076.931386888027,9968.769511803985
2021-05-31,Villupuram,Villupuram,7975.999999999999,9819.298777580261,10086.742517054081,9993.533446192741,10062.438922226429,9990.503415763378
2020-06-18,Villupuram,Villupuram,8328.0,9979.254375696182,10097.27718681097,10159.880866408348,10035.801328718662,10068.05343940854
2021-10-11,Villupuram,Villupuram,10209.0,10037.399284243584,10114.242856502533,10159.26735818386,10033.917458355427,10086.206739321351
2019-07-10,Villupuram,Villupuram,9141.0,10149.356199502945,10166.193499267101,10231.515453755854,10042.141469419003,10147.301655486226
2021-03-05,Villupuram,Villupuram,9300.0,10102.609540224075,10142.686798274517,10129.61473852396,10020.264399647713,10098.793869167566
2021-09-20,Villupuram,Villupuram,9569.0,10012.4480047822,10064.60537314415,10001.067260503769,9994.375352859497,10018.123997822404
2020-06-26,Villupuram,Villupuram,8010.0,9984.21912431717,10048.788364231586,10006.32375895977,10016.951788663864,10014.070759043097
2021-08-18,Villupuram,Villupuram,8749.0,10025.350016057491,10037.19589293003,10019.780928492546,10008.62691551447,10022.738438248634
2020-09-16,Villupuram,Villupuram,8623.0,9937.149039506912,9998.931651711464,9951.9999396801,10009.107052385807,9974.29692082107
2021-09-23,Villupuram,Villupuram,10589.0,9861.749212145805,9993.555952608585,9874.492844939232,10029.945492744446,9939.935875609517
2021-10-28,Villupuram,Villupuram,8213.0,9786.252690553665,10001.092267632484,9818.850316405296,10047.108718752861,9913.325998336077
2020-09-22,Villupuram,Villupuram,8100.0,9812.010033130646,9963.909167945385,9893.743332624435,10033.461495041847,9925.781007185578
2020-09-30,Villupuram,Villupuram,10375.0,9674.229923188686,9996.007484793663,9806.030828654766,10048.599977195263,9881.217053458095
2020-11-23,Villupuram,Villupuram,8091.999999999999,9715.202436447144,10023.566174209118,9861.13820463419,10063.513395190239,9915.855052620173
2021-10-20,Villupuram,Villupuram,8771.0,9691.372309923172,10003.154522180557,9804.097777605057,10037.255910038948,9883.970129936934
2021-02-19,Villupuram,Villupuram,9799.0,9592.947585582733,9986.443925201893,9723.219721913338,10036.2756305933,9834.721715822816
2021-02-18,Villupuram,Villupuram,9699.0,9538.617931306362,10038.737165629864,9688.93661558628,10050.427998304367,9829.179927706718
2019-01-03,Villupuram,Villupuram,7056.0,9776.34153187275,10108.96635234356,9911.60509109497,10060.357495546341,9964.317617714405
2020-08-19,Villupuram,Villupuram,7779.000000000001,9791.694241762161,10072.016652524471,9921.646286845207,10008.175120055676,9948.383075296879
2021-09-22,Villupuram,Villupuram,8499.0,9801.12192928791,10010.420760214329,9887.408193349838,9957.368136644363,9914.07975487411
2021-09-28,Villupuram,Villupuram,8613.0,9663.64690631628,9958.029991984367,9749.397184252739,9938.145990371704,9827.305018231273
2020-07-20,Villupuram,Villupuram,6404.0,9495.478133559227,9899.37160372734,9604.791795313358,9952.131643891335,9737.943294122815
2020-06-25,Villupuram,Villupuram,10165.0,9395.039501786232,9885.232573151588,9512.851419448853,9945.657298266888,9684.69519816339
2019-08-07,Villupuram,Villupuram,9265.0,9449.34331536293,9935.80865740776,9606.2297052145,9973.291842639446,9741.16838015616
2020-08-20,Villupuram,Villupuram,8336.0,9478.464116752148,9980.307175815105,9654.355090856552,10007.099813520908,9780.056549236178
2019-07-22,Villupuram,Villupuram,9700.0,9429.919444918633,9965.507123470306,9610.472581386566,10032.692942619324,9759.648023098707
2019-07-24,Villupuram,Villupuram,7209.0,9327.575269937515,10003.53546410799,9503.183663487434,10075.179220736027,9727.368404567242
2020-05-26,Villupuram,Villupuram,8791.0,9404.856466948986,10006.223730444908,9571.297247111797,10072.852724194527,9763.807542175055
2020-05-21,Villupuram,Villupuram,8700.0,9327.36687719822,9976.181833148003,9491.819590628147,10069.206684827805,9716.143746450543
2019-07-12,Villupuram,Villupuram,9700.0,9325.077891349792,10038.637970685959,9481.670030653477,10111.142806112766,9739.132174700499
2020-06-08,Villupuram,Villupuram,9736.0,9406.005961298943,10114.759670495987,9555.344366133213,10147.383970618248,9805.873492136598
2020-05-15,Villupuram,Villupuram,8761.0,9537.851046025753,10149.813829958439,9706.946749687195,10174.254963994024,9892.216647416353
2020-06-16,Villupuram,Villupuram,8000.000000000001,9512.72805094719,10123.084543645382,9707.14347243309,10177.617589235304,9880.143414065242
2020-05-22,Villupuram,Villupuram,8631.0,9481.60084426403,10152.597123384476,9670.254623293877,10187.66211926937,9873.028677552938
2020-05-19,Villupuram,Villupuram,10160.0,9560.727567374706,10175.732885301111,9710.69531828165,10188.984162807463,9909.034983441234
2021-04-22,Villupuram,Villupuram,9708.0,9615.979151129723,10175.22440701723,9774.32845801115,10193.941409289835,9939.868356361985
2020-12-07,Villupuram,Villupuram,10037.0,9586.30069077015,10198.959506452082,9765.453428030014,10198.010902702807,9937.181131988764
2021-10-26,Villupuram,Villupuram,8170.0,9660.743578672409,10222.25197970867,9827.42692798376,10197.251519560812,9976.918501481414
2020-06-30,Villupuram,Villupuram,10229.0,9653.172253668308,10177.634260654448,9816.84557825327,10184.531226754187,9958.045829832554
2020-01-22,Villupuram,Villupuram,10060.0,9670.392162501812,10159.698314368725,9848.176176249981,10196.482967138289,9968.687405064702
2019-06-11,Villupuram,Villupuram,9700.0,9432.866951823235,10121.524098813534,9610.51592707634,10158.16037595272,9830.766838416457
2019-04-08,Villupuram,Villupuram,9886.0,9561.09934002161,10144.123041033745,9728.898007273674,10146.169457733631,9895.072461515665
2019-04-01,Villupuram,Villupuram,9419.0,9656.725766658783,10166.967886686325,9818.282654583454,10135.6647965312,9944.41027611494
2020-06-05,Villupuram,Villupuram,9002.0,9866.890677809715,10181.725426912306,10054.062367677689,10136.740936636925,10059.854852259159
2020-02-28,Villupuram,Villupuram,8750.0,9835.13495862484,10206.364950835703,9955.484266281128,10136.460856795311,10033.361258134246
2020-06-17,Villupuram,Villupuram,9749.0,9612.093043327332,10135.816506445408,9681.291936337948,10114.095314443111,9885.82420013845
2020-08-25,Villupuram,Villupuram,9149.0,9408.053211569786,10084.975346624851,9532.431167662144,10104.629282653332,9782.522252127528
2020-09-24,Villupuram,Villupuram,8800.0,9368.486932516098,10082.006166875362,9539.227271676064,10102.902957201004,9773.155832067132
2020-06-12,Villupuram,Villupuram,9725.0,9430.236201882362,10124.292387962341,9676.88401311636,10102.30028539896,9833.428222090006
2020-05-08,Villupuram,Villupuram,8761.0,9537.130840718746,10164.128744006157,9794.01823759079,10092.28659749031,9896.8911049515
2020-09-17,Villupuram,Villupuram,8249.0,9677.30996787548,10150.489022433758,9939.776455163956,10066.252509355545,9958.456988707185
2020-05-14,Villupuram,Villupuram,10020.0,9614.561246931553,10067.717093527317,9880.980527698994,9998.5182005167,9890.444267168641
2020-12-21,Villupuram,Villupuram,10290.0,9518.35465490818,10052.067632377148,9805.23643553257,9975.023169517517,9837.670473083854
2020-09-14,Villupuram,Villupuram,9180.0,9633.186556398869,10063.15495967865,9917.638477683067,9970.33099859953,9896.077748090029
2020-11-27,Villupuram,Villupuram,7528.0,9606.284720897675,10051.082351505756,9870.522546470165,9955.74434041977,9870.908489823341
2020-11-30,Villupuram,Villupuram,10120.0,9590.566906929016,10016.09487771988,9820.889230966568,9933.868104219437,9840.354779958725
2020-06-22,Villupuram,Villupuram,7071.999999999999,9526.125203371048,10002.46099114418,9738.857513070107,9947.692044973373,9803.783938139677
2021-02-22,Villupuram,Villupuram,10259.0,9570.443670451641,9980.93318760395,9759.668445587158,9947.149390280247,9814.54867348075
2019-06-06,Villupuram,Villupuram,9886.0,9525.368320941925,10017.46526837349,9681.314442753792,9954.533995389938,9794.670506864786
2019-08-01,Villupuram,Villupuram,9700.0,9654.493463635445,10048.488278687,9816.753885447979,9980.10461807251,9874.960061460733
2020-08-17,Villupuram,Villupuram,9562.0,9606.20886594057,10080.125630795956,9755.128818154335,10013.842568993568,9863.826470971107
2020-06-03,Villupuram,Villupuram,8324.0,9636.462490260601,10067.32531517744,9820.030652880669,10028.581770658493,9888.1000572443
2021-10-29,Villupuram,Villupuram,9708.0,9598.360795378685,10013.432452082634,9780.858652889729,10026.87461733818,9854.881629422307
2019-10-09,Villupuram,Villupuram,10259.0,9505.781904160976,10023.501155674458,9722.918802797794,10056.76730543375,9827.242292016745
2020-08-12,Villupuram,Villupuram,8588.0,9578.297576010227,10060.491700470448,9793.978226184845,10057.044050991535,9872.452888414264
2021-10-22,Villupuram,Villupuram,8136.0,9600.281342864037,10026.018539965153,9803.78018707037,10016.808414459229,9861.722121089697
2020-08-26,Villupuram,Villupuram,8800.0,9445.925674438477,9934.547464549541,9647.956600189209,9971.358791589737,9749.947132691741
2021-02-25,Villupuram,Villupuram,9384.0,9386.457055211067,9953.693755865097,9588.003676235676,9985.271924436092,9728.356602936983
2020-06-11,Villupuram,Villupuram,7713.999999999999,9455.024935007095,9976.305201649666,9663.669412732124,10009.402970075607,9776.100629866123
2020-08-27,Villupuram,Villupuram,10009.0,9529.153566658497,9978.190739154816,9718.241636157036,10020.757873654366,9811.585953906178
2021-10-21,Villupuram,Villupuram,9124.0,9596.033465266228,10032.613753378391,9759.39836859703,10035.225331187248,9855.817729607224
2020-08-10,Villupuram,Villupuram,9384.0,9513.99757951498,10041.66550040245,9650.12888610363,10013.860907554626,9804.913218393922
2020-08-31,Villupuram,Villupuram,10161.0,9484.952633082867,10037.030012309551,9621.914176344872,10021.508087515831,9791.35122731328
2020-07-24,Villupuram,Villupuram,9023.0,9507.026425600052,10045.613292455673,9636.810089349747,10059.8248437047,9812.318662777543
2019-01-23,Villupuram,Villupuram,9700.0,9473.441851735115,10055.655321776867,9606.963247656822,10091.381339430809,9806.860440149903
2020-07-30,Villupuram,Villupuram,9938.0,9473.87864291668,10089.194882810116,9613.501778244972,10113.406784832478,9822.495522201061
2020-07-31,Villupuram,Villupuram,10109.0,9560.068212747574,10095.13741016388,9730.239222943783,10124.913398325443,9877.58956104517
2021-04-12,Villupuram,Villupuram,8011.0,9590.424366295338,10101.464213728905,9762.138316333294,10134.727029204369,9897.188481390476
2020-09-18,Villupuram,Villupuram,9136.0,9482.365228831768,10027.510631978512,9674.537510871887,10078.65021020174,9815.765895470977
2019-08-08,Villupuram,Villupuram,10089.0,9373.229951262474,10035.998885035515,9556.30714058876,10074.303971230984,9759.959987029433
2019-11-05,Villupuram,Villupuram,8800.0,9379.378370642662,10046.234302818775,9568.883225619793,10062.511442899704,9764.251835495234
2020-09-28,Villupuram,Villupuram,8500.0,9528.410854935646,10097.21216827631,9723.483963906765,10060.865140259266,9852.493031844497
2021-09-27,Villupuram,Villupuram,10376.0,9499.750184714794,10042.762479782104,9694.626570940018,10008.334332108498,9811.368391886353
2020-03-10,Villupuram,Villupuram,9248.0,9544.0353089571,10061.542833447456,9759.003255963326,10021.184661984444,9846.441515088081
2020-11-18,Villupuram,Villupuram,8800.0,9627.018964886665,10079.96475160122,9851.446275115013,10020.98127067089,9894.852815568447
2020-05-20,Villupuram,Villupuram,9613.0,9692.187542319298,10128.699477612972,9884.429010748863,10044.376273155212,9937.423075959086
2019-06-25,Villupuram,Villupuram,9641.0,9709.430791139603,10121.14065617323,9891.040895581245,10064.396980404854,9946.502330824733
2019-09-16,Villupuram,Villupuram,9700.0,9712.328283786774,10129.86064195633,9910.682328045368,10099.10354077816,9962.993698641658
2021-04-19,Villupuram,Villupuram,8136.0,9681.909612417221,10154.389300942421,9865.777027010918,10102.258606851101,9951.083636805415
2021-03-30,Villupuram,Villupuram,6875.0,9695.08170068264,10097.465573847294,9906.71536386013,10078.239259719849,9944.375474527478
2019-08-20,Villupuram,Villupuram,8846.0,9541.82134449482,10028.53509068489,9757.659539580345,10046.711938977242,9843.681978434324
2019-09-23,Villupuram,Villupuram,9911.0,9480.06207227707,10001.020580530167,9686.587612628937,10045.225681960583,9803.223986849189
2021-12-27,Villupuram,Villupuram,10099.0,9497.195289731026,9994.191967248917,9692.934421896935,10072.52929866314,9814.212744385004
2019-08-13,Villupuram,Villupuram,10216.0,9519.940106868744,10022.259134948254,9736.765249967575,10121.616625189781,9850.145279243588
2019-08-14,Villupuram,Villupuram,7837.000000000001,9496.867696344852,10037.886089682579,9726.60818785429,10139.25248593092,9850.15361495316
2019-06-24,Villupuram,Villupuram,9849.0,9596.043468117714,10038.059472441673,9833.529500961304,10128.61445337534,9899.061723724008
2020-07-27,Villupuram,Villupuram,8211.0,9639.122415184975,10083.189837634563,9877.35282689333,10151.65185391903,9937.829233407974
2019-10-30,Villupuram,Villupuram,6936.0,9653.768256902695,10058.829559981823,9895.492164492607,10116.090049743652,9931.045007780194
2020-07-22,Villupuram,Villupuram,8600.0,9606.28888875246,10021.222172677517,9843.957473635674,10082.23456531763,9888.42577509582
2019-06-18,Villupuram,Villupuram,9700.0,9567.01352596283,10063.299167454243,9821.024269461632,10075.606842637062,9881.735951378942
2019-11-18,Villupuram,Villupuram,10119.0,9637.52529323101,10123.52300196886,9864.746733307838,10094.55391049385,9930.08723475039
2019-11-25,Villupuram,Villupuram,9498.0,9772.81302601099,10137.955449521542,10014.174330234528,10108.546232581139,10008.37225958705
2020-07-23,Villupuram,Villupuram,9708.0,9716.46446287632,10162.436594963074,9920.277563333511,10119.381821453571,9979.640110656619
2019-08-27,Villupuram,Villupuram,7408.999999999999,9703.057307600975,10152.417072057724,9887.736620306969,10135.115473270416,9969.581618309021
2019-05-20,Villupuram,Villupuram,10219.0,9654.149198830128,10104.06745582819,9816.84807896614,10116.216752529144,9922.8203715384
2019-07-01,Villupuram,Villupuram,9366.0,9654.00665819645,10071.994979679585,9839.325319826603,10115.555730760098,9920.220672115684
2019-07-31,Villupuram,Villupuram,9827.0,9642.330829799175,10046.846977472305,9818.48521232605,10097.779830098152,9901.36071242392
2021-12-20,Villupuram,Villupuram,10269.0,9485.792872607708,10026.32446050644,9624.769990444183,10057.22326874733,9798.527648076415
2020-05-11,Villupuram,Villupuram,10700.0,9505.367619395256,10013.981775343418,9525.046562552452,10032.268655002117,9769.16615307331
2019-07-04,Villupuram,Villupuram,9350.0,9391.329277455807,9981.816772818565,9404.764774143696,9986.846539974213,9691.18934109807
2020-02-26,Villupuram,Villupuram,8999.0,9392.362905442715,9990.515919327736,9403.092630803585,9958.56181025505,9686.133316457272
2020-05-18,Villupuram,Villupuram,8018.0,9422.122222185135,10003.057827949524,9422.790746092796,9916.028018593788,9690.99970370531
2019-08-05,Villupuram,Villupuram,6707.0,9505.399295091629,9974.944813847542,9561.03432148695,9874.652890563011,9729.007830247283
2019-08-29,Villupuram,Villupuram,8986.0,9434.082298278809,9925.42236328125,9469.400699734688,9830.223558545113,9664.782229959965
2019-06-13,Villupuram,Villupuram,9250.0,9451.08381152153,9918.998865485191,9432.356806397438,9832.48003512621,9658.729879632592
2020-09-23,Villupuram,Villupuram,8664.0,9418.173596560955,9938.168496787548,9363.502178192139,9850.552687048912,9642.599239647388
2020-06-10,Villupuram,Villupuram,8800.0,9479.815335273743,9931.16149932146,9428.85164052248,9866.462222337723,9676.572674363852
2019-05-28,Villupuram,Villupuram,9748.0,9484.70006108284,9971.274600923061,9414.718444943428,9900.786173641682,9692.869820147753
2019-08-16,Villupuram,Villupuram,9802.0,9486.752312779427,9984.214956462383,9400.020921826363,9937.446624338627,9702.1087038517
2019-08-22,Villupuram,Villupuram,6837.0,9448.63311290741,10028.462570011616,9397.19178199768,9962.429579496384,9709.179261103272
2020-03-19,Villupuram,Villupuram,9124.0,9571.771548986435,10006.117033362389,9583.578248023987,9926.434318423271,9771.97528719902
2019-05-22,Villupuram,Villupuram,9889.0,9592.154026031494,9999.286752939224,9578.853567838669,9917.222525775433,9771.879218146205
2020-07-29,Villupuram,Villupuram,9191.0,9663.264297246933,10024.920727014542,9597.136279642582,9912.04354941845,9799.341213330626
2019-05-24,Villupuram,Villupuram,9116.0,9601.413332223892,9971.360458731651,9527.846527397633,9886.311213970184,9746.73288308084
2019-07-30,Villupuram,Villupuram,7256.0,9498.703219592571,9934.578306674957,9430.287883281708,9900.972059965134,9691.135367378592
2019-03-01,Villupuram,Villupuram,9725.0,9441.876186728477,9891.849459409714,9367.344940304756,9899.307418763638,9650.094501301646
2020-03-23,Villupuram,Villupuram,9125.0,9388.161707818508,9912.670394778252,9300.649260878563,9921.836341023445,9630.829426124692
2019-04-30,Villupuram,Villupuram,9124.0,9509.195377230644,9979.42692488432,9440.944254398346,9963.226473331451,9723.19825746119
2019-05-09,Villupuram,Villupuram,7373.000000000001,9608.098571300507,9993.026635050774,9589.798354506493,9990.84934771061,9795.443227142096
2019-07-02,Villupuram,Villupuram,8753.0,9549.68275219202,9969.449914097786,9517.469402551651,9985.415298640728,9755.504341870546
2019-05-10,Villupuram,Villupuram,8600.0,9420.443410277367,9923.680199980736,9408.486668467522,9979.339399933815,9682.98741966486
2020-06-29,Villupuram,Villupuram,7713.999999999999,9394.097566604614,9919.355633854866,9403.540258407593,9987.411701083183,9676.101289987564
2019-06-03,Villupuram,Villupuram,9749.0,9372.943202853203,9865.805368423462,9363.419654667377,9941.753685474396,9635.98047785461
2019-06-20,Villupuram,Villupuram,9200.0,9279.741634130478,9861.467465162277,9277.771072387695,9956.727954149246,9593.927031457424
2019-06-27,Villupuram,Villupuram,9725.0,9243.026167750359,9892.903093099594,9279.528239965439,9970.083428025246,9596.38523221016
2019-07-15,Villupuram,Villupuram,7247.999999999999,9360.203737914562,9953.330318927765,9447.252719402313,9985.816246271133,9686.650755628943
2019-12-09,Villupuram,Villupuram,8813.0,9492.525625228882,9959.620445370674,9605.55201202631,9973.656946718693,9757.83875733614
2019-05-30,Villupuram,Villupuram,8800.0,9465.37455201149,9978.205743432045,9573.005234003067,9980.060438811779,9749.161492064595
2019-08-06,Villupuram,Villupuram,7053.000000000001,9510.925870537758,10028.255844414234,9581.8277490139,9981.376647353172,9775.596527829766
2019-06-21,Villupuram,Villupuram,8754.0,9486.128801703453,9976.063466072083,9548.076460957527,9955.905219614506,9741.543487086892
2019-09-27,Villupuram,Villupuram,9538.0,9360.576344132423,9931.112318634987,9411.98599934578,9960.85579752922,9666.132614910603
2019-06-26,Villupuram,Villupuram,9200.0,9262.975187897682,9904.658944308758,9314.949170649052,9986.249703168869,9617.20825150609
2019-06-07,Villupuram,Villupuram,8837.0,9232.85826921463,9929.675242304802,9309.680168628693,10005.160927474499,9619.343651905656
2019-06-04,Villupuram,Villupuram,9100.0,9364.439111948013,9945.713147521019,9465.381220579147,10011.310180425644,9696.710915118456
2020-01-24,Villupuram,Villupuram,9386.0,9395.674682855606,9985.804576277733,9492.692339420319,10018.452216386795,9723.155953735113
2019-05-29,Villupuram,Villupuram,7751.000000000001,9449.996834993362,9969.522434771061,9548.759989142418,10012.58721113205,9745.216617509723
2019-07-09,Villupuram,Villupuram,10089.0,9437.828366160393,9922.04223304987,9513.366566300392,9998.444846272469,9717.92050294578
2019-08-28,Villupuram,Villupuram,8100.0,9388.085852861404,9904.309678077698,9469.106449186802,10006.620510220528,9692.030622586608
2019-09-25,Villupuram,Villupuram,7088.999999999999,9319.48129594326,9941.28188431263,9365.080961585045,10004.252335131168,9657.524119243026
2019-10-04,Villupuram,Villupuram,8250.0,9328.23962599039,9898.402994275093,9303.931863307953,9954.690706729889,9621.316297575831
2019-09-30,Villupuram,Villupuram,10099.0,9373.593388199806,9927.79637336731,9394.894460439682,9950.144410729408,9661.607158184052
2019-06-28,Villupuram,Villupuram,9725.0,9359.70692962408,9935.170975625515,9400.442708730698,9929.259290397167,9656.144976094365
2019-05-14,Villupuram,Villupuram,9002.0,9415.208584666252,9985.386123657227,9454.338906109333,9947.851257026196,9700.696217864752
2019-07-26,Villupuram,Villupuram,9599.0,9524.964872598648,10014.731155633926,9584.48017179966,9978.660873174667,9775.709268301725
2019-12-19,Villupuram,Villupuram,9601.0,9614.307841360569,10034.625160098076,9714.074614942074,10021.62978887558,9846.159351319075
2019-02-20,Villupuram,Villupuram,9200.0,9441.01094007492,10027.263061404228,9543.958620429039,10008.310992121696,9755.135903507471
2021-12-30,Villupuram,Villupuram,9274.0,9459.872983694077,10039.007242619991,9501.523190140724,9998.981665968895,9749.846270605922
2019-05-31,Villupuram,Villupuram,7149.0,9363.740579485893,10047.432977855206,9308.120557367802,9997.684629559517,9679.244686067104
2021-12-28,Villupuram,Villupuram,6899.0,9313.574612140656,10008.007572293282,9267.273079752922,9934.249879717827,9630.776285976171
2019-09-26,Villupuram,Villupuram,9200.0,9282.112309932709,9923.515152931213,9247.973411381245,9851.647999286652,9576.312218382955
2019-09-06,Villupuram,Villupuram,8100.0,9169.335160851479,9897.144302129745,9156.903283596039,9798.881290555,9505.566009283066
2019-10-25,Villupuram,Villupuram,7740.000000000001,9223.778180778027,9916.625688970089,9219.459449648857,9785.890920758247,9536.438560038805
2019-08-26,Villupuram,Villupuram,6749.0,9284.81141269207,9856.506050825119,9312.511809170246,9768.716024756432,9555.636324360967
2019-04-15,Villupuram,Villupuram,9265.0,9158.887182474136,9772.198684215546,9134.737798273563,9735.2364808321,9450.265036448836
2019-07-17,Villupuram,Villupuram,8739.0,9074.304737448692,9755.315538048744,9006.184485256672,9757.69955098629,9398.3760779351
2019-05-21,Villupuram,Villupuram,9274.0,8994.732053875923,9728.246154785156,8894.18922573328,9787.755618989468,9351.230763345957
2019-03-22,Villupuram,Villupuram,9100.0,9020.029265284538,9757.820418775082,8949.18823748827,9832.109096050262,9389.786754399538
2019-07-05,Villupuram,Villupuram,7500.0,9042.934128046036,9801.919656693935,8972.106437385082,9833.66370588541,9412.655982002616
2019-08-30,Villupuram,Villupuram,8650.0,9115.269748568535,9857.898114323616,9003.60374957323,9833.794576525688,9452.641547247767
2019-07-11,Villupuram,Villupuram,6899.0,9197.225611507893,9852.718304395676,9117.093601822853,9839.197783470154,9501.558825299144
2019-07-08,Villupuram,Villupuram,9750.0,9153.088862895966,9797.137460112572,9054.409065842628,9814.190654754639,9454.706510901451
2019-07-25,Villupuram,Villupuram,7374.0,9050.55796802044,9812.384306490421,8937.447390556335,9815.414336919785,9403.951000496745
2019-01-22,Villupuram,Villupuram,8961.0,9074.094677567482,9787.809801101685,8981.7625233531,9809.597678780556,9413.316170200706
2020-01-27,Villupuram,Villupuram,9999.0,9023.656966090202,9751.281054615974,8930.268677473068,9823.604171574116,9382.20271743834
2019-11-21,Villupuram,Villupuram,10299.0,8888.5059389472,9749.397184252739,8823.368203639984,9840.186398625374,9325.364431366324
2019-06-14,Villupuram,Villupuram,8800.0,9033.911556005478,9769.532924294472,8968.96054059267,9860.515527129173,9408.230137005448
2019-12-16,Villupuram,Villupuram,8649.0,9051.154804825783,9829.385819733143,8965.97719013691,9877.312815487385,9430.957657545805
2020-01-21,Villupuram,Villupuram,9750.0,9133.80336523056,9832.020737528801,9043.157525062561,9887.248147726059,9474.057443886995
2019-09-09,Villupuram,Villupuram,8249.0,9071.911555230618,9874.817937612534,8972.879157662392,9920.287566184998,9459.974054172635
2019-04-02,Villupuram,Villupuram,9100.0,9217.810646295547,9907.015449404716,9144.24050718546,9935.89451521635,9551.240279525518
2019-12-23,Villupuram,Villupuram,8900.0,9242.424329519272,9934.52995955944,9176.088752746582,9917.198352217674,9567.560348510742
2019-07-19,Villupuram,Villupuram,8733.0,9302.978258132935,9948.504776656628,9234.600432515144,9896.18986338377,9595.56833267212
2019-09-24,Villupuram,Villupuram,8314.0,9364.737530350685,9998.700752556324,9260.387783646584,9909.421135187149,9633.311800435185
2020-01-18,Villupuram,Villupuram,7524.0,9428.887484073639,10013.28240931034,9339.248597621918,9922.792446911335,9676.052734479308
2019-07-18,Villupuram,Villupuram,9750.0,9429.921112060547,9950.341133475304,9359.771114587784,9896.38825327158,9659.105403348804
2019-02-01,Villupuram,Villupuram,8763.0,9276.478203833103,9950.782092511654,9195.26088476181,9924.020296931267,9586.635369509459
2019-01-28,Villupuram,Villupuram,9750.0,9307.181122899055,9932.225969433784,9251.82867705822,9948.5072773695,9609.93576169014
2019-08-19,Villupuram,Villupuram,8360.0,9283.596899807453,9965.845553278923,9253.560837507248,9994.913839697838,9624.479282572865
2019-07-29,Villupuram,Villupuram,8249.0,9409.697013497353,9986.066317558289,9414.274985194206,9998.193941414356,9702.058064416051
2019-04-09,Villupuram,Villupuram,8539.0,9312.466796338558,9951.971598267555,9276.747447252274,9964.430149793625,9626.403997913003
2019-11-12,Villupuram,Villupuram,9750.0,9236.9044226408,9935.255999863148,9197.180598676205,9932.96451330185,9575.5763836205
2021-12-21,Villupuram,Villupuram,8100.0,9232.295608818531,9950.239437818527,9187.131067216396,9900.198506116867,9567.46615499258
2019-05-13,Villupuram,Villupuram,8114.000000000001,9336.594507694244,9966.677457094193,9334.441393911839,9870.535050034523,9627.0621021837
2019-08-02,Villupuram,Villupuram,8360.0,9403.059287965298,9950.05521863699,9447.937914729118,9835.438378453255,9659.122699946165
2021-12-22,Villupuram,Villupuram,9055.0,9379.010765850544,9925.196465551853,9387.061394155025,9794.726772904396,9621.498849615455
2020-01-31,Villupuram,Villupuram,9475.0,9407.893999516964,9886.341222524643,9425.624053776264,9774.779419898987,9623.659673929214
2019-11-15,Villupuram,Villupuram,6838.0,9362.987031340599,9847.986122071743,9387.272287607193,9783.942031860352,9595.546868219972
2019-04-03,Villupuram,Villupuram,9490.0,9314.940001368523,9776.329028308392,9317.404037117958,9756.279979646206,9541.23826161027
2019-10-23,Villupuram,Villupuram,8376.0,9270.067209601402,9753.161590695381,9253.669201731682,9768.41177135706,9511.327443346381
2020-03-12,Villupuram,Villupuram,9750.0,9273.779101073742,9754.55031991005,9259.704255461693,9786.13265633583,9518.541583195329
2019-02-26,Villupuram,Villupuram,8600.0,9334.768153727055,9800.515923202038,9323.292382359505,9799.442283809185,9564.504685774446
2020-03-05,Villupuram,Villupuram,8586.0,9394.120906591415,9854.783893227577,9360.024520158768,9815.923648774624,9606.213242188096
2019-07-23,Villupuram,Villupuram,7124.000000000001,9523.65283191204,9884.76160556078,9534.679308533669,9827.479442954063,9692.643297240138
2019-03-28,Villupuram,Villupuram,8300.0,9545.508228838444,9850.934462547302,9524.716468453407,9787.196292877197,9677.088863179088
2019-01-24,Villupuram,Villupuram,9750.0,9441.778658926487,9857.662213742733,9387.077232003212,9786.981231570244,9618.374834060669
2019-04-04,Villupuram,Villupuram,8400.0,9467.388459444046,9895.15706896782,9395.776378512383,9822.041226029396,9645.090783238411
2019-03-15,Villupuram,Villupuram,9750.0,9500.438714325428,9906.376934051514,9431.430709064007,9827.696171402931,9666.48563221097
2019-12-12,Villupuram,Villupuram,8349.0,9586.145646572113,9945.701477527618,9533.52731347084,9858.654163181782,9731.007150188088
2019-03-12,Villupuram,Villupuram,8625.0,9632.225449085236,9953.313647508621,9610.272524356842,9875.94992697239,9767.940386980772
2019-09-04,Villupuram,Villupuram,8550.0,9634.261029362679,9970.366842150688,9613.333396911621,9875.161368846893,9773.28065931797
2019-08-21,Villupuram,Villupuram,7075.0,9661.194540560246,9976.152658164501,9624.76498901844,9872.3772418499,9783.622357398272
2019-03-14,Villupuram,Villupuram,9750.0,9663.89280974865,9928.993381261826,9606.273050904274,9845.609611272812,9761.19221329689
2019-08-09,Villupuram,Villupuram,8188.0,9570.121078491211,9943.053222596645,9514.028421640396,9876.023281216621,9725.806500986218
2019-03-29,Villupuram,Villupuram,8400.0,9637.560303211212,9945.204669237137,9643.940455317497,9895.827260017395,9780.63317194581
2019-03-13,Villupuram,Villupuram,8063.0,9710.009289383888,9940.50332903862,9708.64723443985,9877.427014708519,9809.14671689272
2019-01-31,Villupuram,Villupuram,8500.0,9514.171795845032,9896.230708360672,9445.916505157948,9840.18139719963,9674.12510164082
2020-03-09,Villupuram,Villupuram,9775.0,9436.641361117363,9868.802889585495,9339.861272275448,9781.86143875122,9606.791740432382
2019-04-12,Villupuram,Villupuram,9087.0,9394.882790446281,9869.233845770359,9260.762890577316,9764.51315999031,9572.348171696067
2019-03-27,Villupuram,Villupuram,6374.0,9419.53981935978,9833.311105370522,9324.731959402561,9750.797583460808,9582.095116898417
2021-01-27,Villupuram,Villupuram,8123.999999999999,9333.301902413368,9744.124014377594,9254.266038537025,9696.397075653076,9507.022257745266
2019-03-25,Villupuram,Villupuram,9303.0,9270.764074921608,9695.856921672821,9213.083465397358,9662.141477167606,9460.461484789848
2019-04-10,Villupuram,Villupuram,8100.0,9228.902141451836,9651.662656664848,9113.367539644241,9636.938459277153,9407.71769925952
2021-12-31,Villupuram,Villupuram,9775.0,9189.770986437798,9653.294788599014,9031.029067635536,9637.753691673279,9377.962133586407
2019-03-05,Villupuram,Villupuram,9775.0,9240.204530060291,9694.13142979145,9063.686710596085,9665.785015821457,9415.95192156732
2019-01-25,Villupuram,Villupuram,8100.0,9363.047048449516,9748.264361321926,9204.601047337055,9706.621657013893,9505.633528530598
2019-03-18,Villupuram,Villupuram,8011.0,9453.9579641819,9778.698036968708,9298.211899399757,9719.30027127266,9562.542042955756
2019-11-22,Villupuram,Villupuram,9775.0,9494.782935380936,9779.692487120628,9348.042771220207,9713.446102440357,9583.991074040532
2019-04-22,Villupuram,Villupuram,8625.0,9554.019821882248,9801.532879769802,9406.272704005241,9716.117697358131,9619.485775753856
2019-03-26,Villupuram,Villupuram,8190.0,9618.541548252106,9829.752590954304,9448.09712678194,9733.332604765892,9657.43096768856
2019-04-11,Villupuram,Villupuram,8841.0,9650.383125245571,9823.701699376106,9527.157164216042,9736.578530073166,9684.455129727721
2019-03-08,Villupuram,Villupuram,9775.0,9571.306416392326,9768.657674789429,9433.458787202835,9715.355813503265,9622.194672971964
2019-02-06,Villupuram,Villupuram,8253.0,9500.084446668625,9776.113133430481,9380.044393837452,9746.993999183178,9600.808993279934
2019-01-30,Villupuram,Villupuram,8100.0,9568.10883820057,9768.808551132679,9500.249493718147,9759.13496017456,9649.075460806489
2019-11-14,Villupuram,Villupuram,8999.0,9606.2063652277,9774.340128004551,9500.289505124092,9746.379657387733,9656.803913936019
2019-04-05,Villupuram,Villupuram,8550.0,9620.227028727531,9758.53728979826,9492.637323737144,9754.040174484253,9656.360454186797
2019-09-19,Villupuram,Villupuram,9775.0,9556.05873644352,9763.72626900673,9433.39793652296,9767.989150881767,9630.293023213744
2021-02-10,Villupuram,Villupuram,8253.0,9408.328289985657,9785.405782461166,9207.62190848589,9782.648329734802,9546.001077666879
2019-10-01,Villupuram,Villupuram,5898.0,9406.571122407913,9773.100607991219,9202.065324485302,9759.0582716465,9535.198831632733
2019-02-05,Villupuram,Villupuram,7533.0,9341.250835061073,9693.15198391676,9179.6355971694,9656.132264137268,9467.542670071125
2020-01-28,Villupuram,Villupuram,7992.0,9137.285191118717,9580.40400981903,8996.583414971828,9574.435641765594,9322.177064418793
2019-09-17,Villupuram,Villupuram,8931.0,9037.44506329298,9533.8707447052,8877.771212160587,9549.076746106148,9249.540941566229
2020-01-20,Villupuram,Villupuram,8804.0,9057.389915585518,9516.525800228119,8875.561415553093,9554.149858951569,9250.906747579575
2020-01-30,Villupuram,Villupuram,8400.0,9005.943583250046,9505.063365995884,8784.7596976161,9569.789317250252,9216.38899102807
2019-04-24,Villupuram,Villupuram,8374.0,8948.19378733635,9539.283954501152,8728.837089240551,9586.227336525917,9200.635541900992
2019-03-19,Villupuram,Villupuram,9899.0,9050.015313327312,9566.799298226833,8810.445353090763,9587.657744288445,9253.729427233338
2019-09-10,Villupuram,Villupuram,9242.0,9140.008467435837,9596.842862665653,8932.062522172928,9603.572281002998,9318.121533319354
2020-01-29,Villupuram,Villupuram,7500.0,9152.802948057652,9600.137968659401,8933.417908549309,9635.989855527878,9330.58717019856
2019-03-20,Villupuram,Villupuram,8400.0,9060.36993175745,9618.399841189384,8797.898443043232,9648.75849545002,9281.356677860022
2021-03-09,Villupuram,Villupuram,6374.0,9090.77776670456,9643.620364069939,8786.041729748249,9645.27750313282,9291.429340913892
2020-03-18,Villupuram,Villupuram,8374.0,9161.19784116745,9604.904327392578,8861.404046416283,9599.638659656048,9306.78621865809
2019-09-12,Villupuram,Villupuram,9511.0,9112.540637254715,9604.006571471691,8859.136733412743,9588.127044737339,9290.952746719122
2020-03-11,Villupuram,Villupuram,9361.0,9096.36602640152,9572.180832326412,8859.441820383072,9582.250369489193,9277.55976215005
2019-05-07,Villupuram,Villupuram,8125.0,9063.563342094421,9537.391748428345,8858.058092594147,9607.693455815315,9266.676659733057
2019-04-29,Villupuram,Villupuram,8803.0,8954.77066218853,9557.013175189495,8725.488634705544,9634.47942495346,9217.937974259257
2019-05-03,Villupuram,Villupuram,5774.0,8984.100689888,9565.993235111237,8731.817105412483,9656.341490447521,9234.56313021481
2019-04-26,Villupuram,Villupuram,8439.0,8951.989869475365,9526.812899410725,8679.843956232071,9627.313215434551,9196.489985138178
2019-10-22,Villupuram,Villupuram,8450.0,8904.528006315231,9538.457052111626,8679.14292305708,9620.855541229248,9185.745880678296
2019-03-21,Villupuram,Villupuram,8336.0,8869.364649057388,9572.690144181252,8644.367176294327,9605.891275405884,9173.078311234713
2019-04-16,Villupuram,Villupuram,9416.0,8988.645318746567,9623.14285993576,8818.512652814388,9615.190593004227,9261.372856125236
2020-03-20,Villupuram,Villupuram,8100.0,8985.80284178257,9597.895662784576,8883.574533164501,9612.665706574917,9269.984686076641
2019-02-15,Villupuram,Villupuram,8220.0,8924.837129116058,9617.74132013321,8784.617990553379,9636.705059409142,9240.975374802947
2019-02-07,Villupuram,Villupuram,7515.0,8730.19580990076,9586.844179034233,8527.71433904767,9634.472756385803,9119.806771092117
2019-05-08,Villupuram,Villupuram,8349.0,8595.71664094925,9528.623415529728,8393.67904663086,9607.338354587555,9031.339364424348
2019-02-27,Villupuram,Villupuram,9003.0,8454.673934280872,9516.80671364069,8295.451878607273,9588.30459535122,8963.809280470014
2019-05-02,Villupuram,Villupuram,6998.999999999999,8450.602773725986,9508.746082484722,8302.89983510971,9564.306087493896,8956.638694703579
2019-04-25,Villupuram,Villupuram,7500.0,8374.993303269148,9473.263467550278,8239.460500627756,9526.635348796844,8903.588155061007
2019-02-04,Villupuram,Villupuram,9278.0,8319.142798781395,9477.299618124962,8147.396339476108,9491.965465545654,8858.95105548203
2019-03-06,Villupuram,Villupuram,6911.0,8368.808623552322,9451.814019680023,8214.81472492218,9484.321619868279,8879.939747005701
2019-03-04,Villupuram,Villupuram,7649.0,8327.104234993458,9371.307736635208,8198.666788339615,9433.748869895935,8832.706907466054
2019-02-11,Villupuram,Villupuram,9341.0,8188.181716054677,9312.897752523422,8107.125276178121,9382.620961666107,8747.706426605582
2019-03-07,Villupuram,Villupuram,7511.0,8210.921114981174,9288.314911425114,8167.430800646543,9395.314580202103,8765.495351813734
2019-09-13,Villupuram,Villupuram,7799.999999999999,8187.1793469786635,9262.850985825062,8176.350843459367,9410.086291134357,8759.116866849363
2019-10-03,Villupuram,Villupuram,6874.0,8130.103909969329,9311.603216826916,8102.378923147916,9439.518848061562,8745.901224501431
2020-03-13,Villupuram,Villupuram,9813.0,8197.171778827906,9323.698331415653,8143.559829145669,9435.572723150253,8775.00066563487
2020-03-06,Villupuram,Villupuram,6086.0,8166.754357814788,9371.172698140144,8183.830892443656,9462.379531562328,8796.03436999023
2019-11-07,Villupuram,Villupuram,6955.0,8134.127556979655,9332.881782650948,8241.645706892014,9403.391049206257,8778.011523932219
2019-11-11,Villupuram,Villupuram,8400.0,7972.389367371797,9300.293326079845,8169.744376838206,9355.113953649998,8699.385255984962
2019-05-06,Villupuram,Villupuram,8991.0,7971.87630444765,9338.401689529419,8147.93149203062,9364.861732423306,8705.767804607749
2019-01-02,Villupuram,Villupuram,7378.0,8058.4876611828795,9373.341649770737,8254.11092698574,9408.962637484074,8773.725718855858
2019-09-05,Villupuram,Villupuram,8300.0,8072.590848207473,9355.034764409065,8289.151749312878,9432.278450727463,8787.26395316422
2019-02-21,Villupuram,Villupuram,8724.0,8041.876675933599,9393.073941469193,8261.083331257105,9469.624096751213,8791.414511352777
2019-01-29,Villupuram,Villupuram,9215.0,8159.446858018636,9397.45268970728,8337.915233522654,9499.225035011768,8848.509954065084
2019-02-08,Villupuram,Villupuram,8086.000000000001,8171.133939623832,9437.226527929306,8368.129680007696,9539.352307319641,8878.960613720119
2020-03-16,Villupuram,Villupuram,6873.0,8152.070171833037,9390.434022247791,8385.579654425383,9513.407411277294,8860.372814945877
2019-02-28,Villupuram,Villupuram,6035.0,8085.044398307799,9363.270445466042,8291.598280072212,9489.697318971157,8807.402610704303
2019-11-29,Villupuram,Villupuram,6374.0,8110.141969472169,9310.226991176605,8293.083703517914,9432.716909050941,8786.542393304408
2019-02-12,Villupuram,Villupuram,8100.0,7977.305768877267,9253.890931606293,8226.712283194065,9374.041849374771,8707.9877082631
2019-12-26,Villupuram,Villupuram,5669.0,7987.093142271041,9300.405858159065,8237.54703849554,9391.558509469032,8729.15113709867
2019-09-03,Villupuram,Villupuram,9340.0,8088.232390433549,9282.289026975632,8386.858769059181,9366.342988014221,8780.930793620646
2020-03-17,Villupuram,Villupuram,9063.0,8054.178099334239,9290.595561563969,8419.428887069225,9398.172061443329,8790.59365235269
2019-02-18,Villupuram,Villupuram,7504.000000000001,8016.977494657039,9343.548156619072,8466.433953344822,9462.970533370972,8822.482534497976
2019-09-18,Villupuram,Villupuram,6749.0,8032.2639356553545,9346.765740513802,8507.149309962988,9477.122067511082,8840.825263410807
2019-12-30,Villupuram,Villupuram,8000.000000000001,7999.183672219514,9320.081467032433,8431.113051176071,9469.193974137306,8804.893041141331
2019-12-05,Villupuram,Villupuram,7500.0,8017.499310076236,9366.949827671051,8434.839113354683,9491.522005796432,8827.7025642246
2019-10-14,Villupuram,Villupuram,7874.0,8145.956762433051,9445.245480537415,8497.30983838439,9523.136017918587,8902.91202481836
2019-10-11,Villupuram,Villupuram,7461.000000000001,8292.418513894081,9518.212114274502,8654.117455780506,9555.832838714123,9005.145230665803
2019-12-17,Villupuram,Villupuram,8000.000000000001,8313.835452497005,9503.543766140938,8689.68592852354,9543.286762237549,9012.587977349758
2019-12-31,Villupuram,Villupuram,6754.0,8305.990716218948,9530.766526460648,8679.401330053806,9564.194388985634,9020.088240429759
2019-10-21,Villupuram,Villupuram,6874.0,8133.23813676834,9492.43143171072,8450.575682669878,9533.375603556633,8902.405213676393
2019-12-06,Villupuram,Villupuram,7053.000000000001,7883.0568182468405,9442.789780497551,8243.470393717289,9475.09482294321,8761.102953851223
2019-02-19,Villupuram,Villupuram,7500.0,7819.0306498110285,9390.831635594368,8170.3662207722655,9433.35375726223,8703.395565859973
2019-01-21,Villupuram,Villupuram,8016.0,7738.828620165586,9412.641186118126,8063.820431381463,9429.257589578629,8661.136956810951
2019-12-13,Villupuram,Villupuram,8461.0,7812.088254094123,9408.092389404774,8107.076512277125,9429.386793076992,8689.160987213254
2020-01-23,Villupuram,Villupuram,7124.000000000001,7800.579139888286,9366.466356515884,8109.544715881347,9428.827466964722,8676.35441981256
2019-10-15,Villupuram,Villupuram,8688.0,7734.185629934072,9336.484476327896,8047.300305366515,9417.290844917297,8633.815314136446
2021-03-17,Cuddalore,Virudhachalam,8000.000000000001,7694.346773177384,9358.692473769188,8023.566873073577,9427.521261274815,8626.031845323741
2019-07-25,Cuddalore,Virudhachalam,9374.0,7723.421728163957,9393.874169588089,8016.89122006297,9413.342219293118,8636.882334277034
2019-06-07,Cuddalore,Virudhachalam,7653.999999999999,7822.33659222722,9384.72739547491,8118.168424218892,9420.467583835125,8686.424998939037
2019-06-26,Cuddalore,Virudhachalam,8386.0,7850.281641781329,9357.137030363083,8176.477546244859,9415.855435729027,8699.937913529575
2019-07-24,Cuddalore,Virudhachalam,6184.0,7819.909650385379,9318.68523567915,8166.287558078765,9412.667860388756,8679.387576133013
2019-07-18,Cuddalore,Virudhachalam,8000.000000000001,7770.410539805888,9285.863379240036,8062.94226437807,9395.487962961197,8628.676036596298
2019-04-12,Cuddalore,Virudhachalam,8503.0,7811.591445803641,9320.228175520897,8016.649067699908,9401.853110790253,8637.580449953675
2019-12-05,Cuddalore,Virudhachalam,8688.0,7920.898438990115,9325.009538531303,8113.797594904899,9415.465324521065,8693.792724236846
2019-12-06,Cuddalore,Virudhachalam,7500.0,7917.9546831548205,9363.597205281258,8163.075809180736,9447.30106651783,8722.982191033661
2020-08-19,Cuddalore,Virudhachalam,6625.0,7946.1781454086295,9406.402741074562,8150.892752856015,9441.456066966057,8736.232426576316
2019-09-26,Cuddalore,Virudhachalam,5024.0,8033.1637755036345,9389.319537878036,8188.122532516717,9414.662595689297,8756.317110396922
2019-11-26,Cuddalore,Virudhachalam,7599.0,8047.474521696567,9332.521679997444,8201.69015020132,9364.894241690636,8736.645148396492
2019-12-23,Cuddalore,Virudhachalam,6600.0,7993.944261968135,9273.097240030766,8204.982338696718,9359.210954904556,8707.808698900044
2020-08-17,Cuddalore,Virudhachalam,9374.0,7895.375329852103,9209.919230043888,8181.185971796512,9340.844052433968,8656.831146031618
2020-08-13,Cuddalore,Virudhachalam,7500.0,7787.345784157514,9244.192333519459,8183.751703202724,9366.093750298023,8645.34589279443
2020-08-12,Cuddalore,Virudhachalam,7500.0,7817.916582226752,9295.266893208027,8201.908545792103,9374.366108477116,8672.364532426
2019-11-25,Cuddalore,Virudhachalam,7610.999999999999,7993.654179275035,9361.057314574718,8301.420663446188,9396.270686089993,8763.100710846484
2020-07-28,Cuddalore,Virudhachalam,7725.000000000001,8141.054114848374,9381.621510088444,8420.84845840931,9426.736037433147,8842.565030194819
2019-11-01,Cuddalore,Virudhachalam,6624.0,8121.404763460158,9429.447643756866,8466.436037272215,9473.186779022217,8872.618805877864
2019-12-09,Cuddalore,Virudhachalam,5900.0,8088.034834116696,9396.82501077652,8444.33848798275,9449.613392353058,8844.702931307256
2019-11-27,Cuddalore,Virudhachalam,8670.0,8033.593064546584,9328.664747178555,8428.269740641117,9402.289901971817,8798.204363584518
2019-11-13,Cuddalore,Virudhachalam,7511.0,7938.103760331868,9282.463243305683,8380.801625698805,9400.066768229008,8750.358849391341
2019-10-31,Cuddalore,Virudhachalam,10424.0,7947.988244742154,9244.886698126793,8410.37005469203,9422.15639859438,8756.35034903884
2019-10-25,Cuddalore,Virudhachalam,8200.0,7961.323296129703,9238.9350014925,8386.436982154846,9428.560724258423,8753.814001008868
2019-10-22,Cuddalore,Virudhachalam,6900.0,7948.21455925703,9304.348648786545,8458.760515898466,9449.478353857994,8790.200519450009
2019-10-18,Cuddalore,Virudhachalam,7610.999999999999,8087.390483766793,9375.909048318863,8519.300690591335,9464.834398031235,8861.858655177057
2019-10-21,Cuddalore,Virudhachalam,6139.0,8194.238859415054,9412.582836151123,8576.398634016514,9481.850915551186,8916.26781128347
2019-11-05,Cuddalore,Virudhachalam,8400.0,8182.71974235773,9382.846025824547,8611.021837294102,9457.699030637741,8908.57165902853
2019-11-04,Cuddalore,Virudhachalam,5900.0,8143.2784989476195,9425.324801802635,8608.974587023258,9474.006179273129,8912.89601676166
2019-10-24,Cuddalore,Virudhachalam,8586.0,7943.785379976033,9370.535849928856,8386.957964003086,9425.233108997345,8781.62807572633
2020-08-14,Cuddalore,Virudhachalam,6874.0,7659.423901140689,9306.332547664642,8209.488206505775,9389.827182590961,8641.267959475517
2020-07-15,Cuddalore,Virudhachalam,7663.000000000001,7480.144461095332,9248.843659460545,8059.152434021234,9353.563511669636,8535.426016561687
2020-07-27,Cuddalore,Virudhachalam,9265.0,7427.021400779485,9228.593720197678,8003.799154609441,9346.68905198574,8501.525831893086
2019-10-29,Cuddalore,Virudhachalam,7500.0,7348.162670731544,9276.459865272045,7991.090531796216,9380.480351448059,8499.048354811966
2019-11-12,Cuddalore,Virudhachalam,7840.0,7395.363626182078,9328.066243231297,7973.981071114539,9372.901524305344,8517.578116208315
2019-11-21,Cuddalore,Virudhachalam,8400.0,7548.657741993665,9309.385918080807,8071.503038108348,9366.86730414629,8574.103500582278
2019-09-13,Cuddalore,Virudhachalam,8117.0,7491.761939525603,9344.46341753006,8003.348192721604,9390.359000861645,8557.483137659729
2020-07-29,Cuddalore,Virudhachalam,8200.0,7689.199055731296,9354.520451128483,8112.90025576949,9407.472212612629,8641.022993810475
2019-10-23,Cuddalore,Virudhachalam,7098.000000000001,7724.646660685538,9395.106187462807,8098.819158375262,9435.267636179924,8663.459910675883
2020-07-10,Cuddalore,Virudhachalam,6500.0,7810.2431447803965,9365.919533967972,8112.229647934436,9411.79344445467,8675.046442784369
2020-07-31,Cuddalore,Virudhachalam,8293.0,7810.962516516446,9327.640288472176,8112.911925762891,9376.3833501935,8656.974520236254
2019-11-07,Cuddalore,Virudhachalam,7088.999999999999,7736.411681175231,9332.424152195454,8076.27398148179,9359.635242521763,8626.18626434356
2019-11-08,Cuddalore,Virudhachalam,9053.0,7707.716417759656,9274.751878380775,8092.489437311887,9318.235940933228,8598.298418596387
2020-07-30,Cuddalore,Virudhachalam,6749.0,7663.988535702228,9229.255575537682,8066.336982101201,9331.529730558395,8572.777705974877
2019-11-06,Cuddalore,Virudhachalam,8736.0,7648.1090089678755,9187.106893658638,8057.8912411630145,9332.029873132706,8556.284254230559
2020-05-27,Cuddalore,Virudhachalam,8895.0,7685.341289341449,9172.41603910923,8084.031192809342,9361.96840763092,8575.939232222736
2019-10-11,Cuddalore,Virudhachalam,6868.0,7676.862205564975,9238.749115169048,8121.307235658168,9419.297250211239,8614.053951650858
2019-10-14,Cuddalore,Virudhachalam,8250.0,7693.69700461626,9212.418275773525,8165.102636963128,9394.275117218494,8616.373258642852
2020-08-18,Cuddalore,Virudhachalam,7567.999999999999,7648.916739225387,9211.808935403824,8164.722111821174,9390.936665534973,8604.09611299634
2019-09-25,Cuddalore,Virudhachalam,8125.0,7618.049189895391,9260.56616783142,8102.962839603423,9391.38429313898,8593.240622617304
2019-10-16,Cuddalore,Virudhachalam,8587.0,7813.629526793956,9285.018971860409,8276.884085536003,9394.996989667416,8692.632393464446
2019-09-24,Cuddalore,Virudhachalam,8999.0,7852.062149345874,9295.188537538052,8329.704559594393,9410.172148942947,8721.781848855317
2019-09-23,Cuddalore,Virudhachalam,8761.0,7878.420079797505,9351.711317002773,8369.328355044127,9457.273909449577,8764.183415323496
2020-05-23,Cuddalore,Virudhachalam,6900.0,7948.870996385812,9367.155719697475,8430.353668034077,9482.487763762474,8807.21703696996
2019-10-15,Cuddalore,Virudhachalam,6398.0,7938.245050609111,9392.262876927853,8331.08453631401,9493.042439222336,8788.658725768328
2019-11-15,Cuddalore,Virudhachalam,7861.999999999999,8017.20505952835,9375.097150206566,8328.437948524952,9469.649937450886,8797.597523927689
2019-12-04,Cuddalore,Virudhachalam,8100.0,8092.701997905969,9365.015943050385,8383.780391514301,9472.399054467678,8828.474346734583
2019-10-30,Cuddalore,Virudhachalam,7836.0,8109.209620356559,9419.716536402702,8361.088922917843,9506.912226378918,8849.231826514006
2019-03-06,Cuddalore,Virudhachalam,8211.0,8209.259391278028,9406.902883648872,8463.078830242157,9519.58000421524,8899.705277346075
2020-01-27,Cuddalore,Virudhachalam,7870.0,8197.896985560656,9391.646867990494,8488.2139120996,9519.18072372675,8899.234622344375
2020-05-29,Cuddalore,Virudhachalam,8461.0,8156.045471727847,9416.22720837593,8522.471594512463,9512.016181349754,8901.690113991499
2020-06-16,Cuddalore,Virudhachalam,5761.0,8193.557415157557,9393.034763634205,8558.49769771099,9495.531482100487,8910.15533965081
2020-05-22,Cuddalore,Virudhachalam,8200.0,8104.877552092074,9326.969263851643,8446.370733976364,9451.312209963799,8832.38243997097
2019-10-10,Cuddalore,Virudhachalam,7000.999999999999,8096.4259761571875,9370.199087262154,8445.057442933321,9467.418467998505,8844.775243587792
2020-06-10,Cuddalore,Virudhachalam,7824.000000000001,7910.114114731549,9372.27801322937,8191.2592600286,9451.799848973751,8731.362809240818
2019-11-18,Cuddalore,Virudhachalam,5761.0,7807.7061715722075,9321.912822425365,8112.943184673785,9422.232253551483,8666.19860805571
2020-06-11,Cuddalore,Virudhachalam,7623.999999999999,7551.40310794115,9242.511020898819,7967.5821636617175,9350.346761345863,8527.960763461888
2019-11-14,Cuddalore,Virudhachalam,8038.0,7439.936332404613,9202.854716181755,7919.393843412398,9319.814724326134,8470.499904081225
2020-07-16,Cuddalore,Virudhachalam,7320.999999999999,7266.618175059556,9233.909402191639,7898.873827159404,9325.239604115486,8431.160252131522
2020-06-02,Cuddalore,Virudhachalam,8661.0,7227.0860724151125,9218.789258599281,7909.655650705098,9295.136856138706,8412.66695946455
2019-11-11,Cuddalore,Virudhachalam,7365.999999999999,7210.541356056928,9207.557723522186,7905.106437206267,9286.041763424873,8402.311820052564
2019-06-17,Cuddalore,Virudhachalam,7500.0,7185.403773486613,9191.442296206951,7893.343917429446,9271.652661561966,8385.460662171245
2019-12-12,Cuddalore,Virudhachalam,8050.0,7200.056283771991,9231.954678297043,7803.680857419967,9284.593017101288,8380.071209147573
2019-10-04,Cuddalore,Virudhachalam,8211.0,7428.345528244971,9298.14021229744,7902.4385933578005,9310.688789486885,8484.903280846775
2019-12-19,Cuddalore,Virudhachalam,4874.0,7604.450730085372,9296.673960983753,8031.148617714643,9324.393529593945,8564.166709594429
2019-11-20,Cuddalore,Virudhachalam,7428.0,7585.831255614757,9239.180071353912,8001.48474484682,9286.065936982632,8528.14050219953
2020-05-28,Cuddalore,Virudhachalam,7895.000000000001,7529.174271225928,9231.447867155075,7914.7446013987055,9278.393749892712,8488.440122418106
2020-05-30,Cuddalore,Virudhachalam,7211.0,7591.835050433873,9222.201898097992,7941.941104233264,9293.318004310131,8512.324014268816
2020-06-18,Cuddalore,Virudhachalam,5444.0,7581.179096102714,9160.482637286186,7974.323251992463,9290.336320996284,8501.580326594412
2020-06-25,Cuddalore,Virudhachalam,6900.0,7435.519239902495,9072.04992800951,7905.85456714034,9247.86504715681,8415.32219555229
2019-12-13,Cuddalore,Virudhachalam,7623.999999999999,7295.139638930558,9088.740519285202,7777.248322367667,9234.94219660759,8349.017669297755
2020-06-12,Cuddalore,Virudhachalam,8095.0,7389.270639270543,9094.111216962337,7882.499576061963,9246.217077374458,8403.024627417326
2020-06-04,Cuddalore,Virudhachalam,7088.999999999999,7301.960750073194,9155.167788863182,7941.968612074851,9281.031168401241,8420.032079853117
2019-11-19,Cuddalore,Virudhachalam,7516.0,7280.319580882787,9163.318445682526,8008.525085151195,9258.235503435135,8427.599653787911
2020-06-09,Cuddalore,Virudhachalam,6998.0,7288.615695834159,9136.987606287003,8095.1789540052405,9247.62247800827,8442.101183533669
2020-06-15,Cuddalore,Virudhachalam,7373.000000000001,7228.870747834443,9079.542063772678,8063.707065731286,9247.811698615551,8404.98289398849
2020-06-24,Cuddalore,Virudhachalam,8611.0,7215.038054585456,9066.088228523731,8008.780157864093,9269.954677522182,8389.965279623866
2019-09-06,Cuddalore,Virudhachalam,8111.0,7186.794169843196,9079.47371095419,8026.296817958354,9299.53727722168,8398.025493994355
2019-08-09,Cuddalore,Virudhachalam,7174.999999999999,7150.147889852523,9135.488845705986,8073.728672564029,9318.331801593304,8419.42430242896
2020-05-26,Cuddalore,Virudhachalam,7000.0,7234.120160937308,9173.39881926775,8093.875665813684,9308.572352826595,8452.491749711335
2020-06-17,Cuddalore,Virudhachalam,7249.0,7361.197219789027,9226.889901161194,8072.570008933543,9308.681550621986,8492.334670126438
2020-06-20,Cuddalore,Virudhachalam,9172.0,7488.348049670457,9215.373284816742,8146.974552571773,9304.390327334404,8538.771553598344
2020-03-04,Cuddalore,Virudhachalam,9509.0,7528.126472532748,9247.824202179909,8152.448613047599,9357.242893874645,8571.410545408726
2020-07-14,Cuddalore,Virudhachalam,8459.0,7833.976577073335,9290.194613933563,8485.694027096033,9440.51079750061,8762.594003900886
2020-06-22,Cuddalore,Virudhachalam,8750.0,7811.277189552783,9313.873864114285,8487.907991558313,9477.659720778465,8772.679691500962
2020-06-29,Cuddalore,Virudhachalam,9269.0,7794.733306765555,9324.3768581748,8319.97303545475,9499.614312648773,8734.67437826097
2019-11-22,Cuddalore,Virudhachalam,9266.0,7930.6620556116095,9359.72776889801,8393.59318882227,9532.664567530155,8804.161895215511
2020-03-09,Cuddalore,Virudhachalam,9750.0,8143.989534974097,9402.011489272118,8570.280223190784,9575.800197422504,8923.020361214876
2020-06-06,Cuddalore,Virudhachalam,9750.0,8076.338583230971,9479.83700811863,8460.269696116447,9613.941903710365,8907.596797794104
2020-05-08,Cuddalore,Virudhachalam,8573.0,8050.514554977416,9549.359326660633,8225.626557022333,9641.384726762772,8866.721291355789
2019-05-08,Cuddalore,Virudhachalam,9190.0,8106.298790574073,9588.426296710968,8135.433345884084,9626.782230734825,8864.235165975988
2020-07-09,Cuddalore,Virudhachalam,9750.0,8287.521701306105,9615.900795459747,8206.87037691474,9612.518164515495,8930.702759549022
2019-09-03,Cuddalore,Virudhachalam,8820.0,8296.003702580929,9642.78512597084,8168.630726039409,9595.26324570179,8925.670700073242
2020-05-09,Cuddalore,Virudhachalam,9750.0,8447.427701950073,9601.745093464851,8280.772277265787,9565.188839137554,8973.783477954566
2019-05-16,Cuddalore,Virudhachalam,9545.0,8609.243830442429,9627.426581084728,8429.391727149487,9591.949801146984,9064.502984955907
2020-03-10,Cuddalore,Virudhachalam,9379.0,8963.938275575638,9666.403525471687,8808.448950648308,9652.948023080826,9272.934693694115
2019-09-19,Cuddalore,Virudhachalam,8965.0,8861.553255617619,9675.319400429726,8657.047457695007,9671.568331122398,9216.372111216187
2020-01-29,Cuddalore,Virudhachalam,9775.0,9060.069012641907,9676.668951809406,8794.491638541222,9692.795215547085,9306.006204634905
2019-09-16,Cuddalore,Virudhachalam,9298.0,8787.113701999187,9671.433292627335,8343.596019595861,9690.370357632637,9123.128342963755
2019-12-16,Cuddalore,Virudhachalam,9299.0,8910.959839820862,9658.873045444489,8328.510469198227,9677.20077008009,9143.886031135917
2019-08-28,Cuddalore,Virudhachalam,7299.0,8814.6732249856,9637.323569059372,8190.410268008708,9623.558811843395,9066.491468474269
2020-06-08,Cuddalore,Virudhachalam,9775.0,8885.44256567955,9546.423489749432,8300.681702792645,9541.334539055824,9068.470574319363
2020-06-30,Cuddalore,Virudhachalam,9569.0,8853.965259194374,9552.324338555336,8283.984026163816,9544.0469789505,9058.580150716007
2019-09-05,Cuddalore,Virudhachalam,7799.999999999999,9091.968106031418,9615.39065003395,8476.14588856697,9582.033641040325,9191.384571418166
2019-06-14,Cuddalore,Virudhachalam,9775.0,9086.972515285015,9562.957369685173,8546.0512329638,9532.012715041637,9181.998458243906
2019-06-19,Cuddalore,Virudhachalam,7365.0,9115.03134727478,9580.16727566719,8603.274212032557,9547.85639822483,9211.58230829984
2020-05-11,Cuddalore,Virudhachalam,7461.000000000001,9161.49375885725,9513.303214907646,8719.124320447445,9526.27858042717,9230.049968659878
2019-10-09,Cuddalore,Virudhachalam,9709.0,9119.250883460045,9435.441018939018,8770.823224782944,9513.387405574322,9209.725633189082
2019-08-02,Cuddalore,Virudhachalam,9775.0,9238.6507537961,9443.880091309547,8950.28021544218,9578.503468036652,9302.82863214612
2020-05-19,Cuddalore,Virudhachalam,9009.0,9060.690856575966,9500.386199355125,8811.609018146992,9620.722169876099,9248.352060988545
2019-05-21,Cuddalore,Virudhachalam,9111.0,9183.7025898695,9524.624775648117,8941.962010860443,9634.868702590466,9321.289519742131
2019-05-20,Cuddalore,Virudhachalam,9339.0,9397.934493720531,9551.524944007397,9235.655733346939,9660.270110368729,9461.346320360899
2019-05-14,Cuddalore,Virudhachalam,9509.0,9417.860173881054,9586.42155855894,9272.861339449883,9684.877125024796,9490.505049228668
2019-08-29,Cuddalore,Virudhachalam,9799.0,9337.781512737274,9616.984437704086,9212.565817832947,9691.189757883549,9464.630381539464
2020-01-09,Cuddalore,Virudhachalam,9775.0,9557.010674476624,9664.823074936867,9440.736695230007,9731.32036447525,9598.472702279687
2019-06-11,Cuddalore,Virudhachalam,9601.0,9159.139754474163,9681.09604716301,8918.445307016373,9725.306983590126,9370.997023060918
2019-05-22,Cuddalore,Virudhachalam,9775.0,9196.895517408848,9683.33668589592,8912.811200916767,9708.154594004154,9375.299499556422
2019-09-18,Cuddalore,Virudhachalam,9099.0,9157.470945417881,9698.182584643364,8947.43607133627,9674.37079668045,9369.365099519491
2019-07-11,Cuddalore,Virudhachalam,9775.0,9316.762187480927,9734.226192831993,9040.533443689346,9662.540757656097,9438.51564541459
2019-07-26,Cuddalore,Virudhachalam,9775.0,9200.601573884487,9750.09238243103,8875.813153982162,9631.958706378937,9364.616454169154
2020-05-14,Cuddalore,Virudhachalam,9589.0,9283.75777900219,9770.08974969387,8956.947115957737,9632.577216029167,9410.842965170741
2019-07-08,Cuddalore,Virudhachalam,9489.0,9391.7869079113,9750.496664345264,9180.70673584938,9637.108507752419,9490.024703964591
2020-05-20,Cuddalore,Virudhachalam,9899.0,9435.448521077633,9715.782601833344,9232.994141280651,9656.028901338577,9510.063541382551
2019-07-05,Cuddalore,Virudhachalam,9775.0,9429.022522568703,9679.849025011063,9226.484785676003,9680.262476205826,9503.904702365398
2019-07-01,Cuddalore,Virudhachalam,8689.0,9197.76493191719,9681.066038608551,8918.346945643425,9688.994965553284,9371.543220430613
2019-07-03,Cuddalore,Virudhachalam,9209.0,9205.491301119328,9648.475914895535,8792.566089630127,9675.793702304363,9330.581751987338
2019-06-24,Cuddalore,Virudhachalam,9189.0,9242.364312410355,9634.186007976532,8885.966048240662,9645.084114670753,9351.900120824575
2019-08-22,Cuddalore,Virudhachalam,9189.0,9446.794255375862,9610.99523037672,9188.6456656456,9642.213296294212,9472.162111923099
2019-05-15,Cuddalore,Virudhachalam,9515.0,9299.879041314125,9581.122547984123,8960.753200948238,9627.1389991045,9367.223447337747
2020-05-21,Cuddalore,Virudhachalam,8359.0,9504.32732284069,9598.329119682312,9186.038255691528,9659.748294949532,9487.110748291016
2019-06-10,Cuddalore,Virudhachalam,7777.0,9156.448987424374,9576.258661448956,8647.280506789684,9642.868483066559,9255.714159682393
2019-05-28,Cuddalore,Virudhachalam,7240.000000000001,9018.863933086395,9539.259780943394,8430.351167321205,9575.340899825096,9140.953945294023
2019-03-19,Cuddalore,Virudhachalam,9769.0,9028.046550750732,9460.238087773323,8395.169888287783,9505.275093019009,9097.182404957712
2019-05-17,Cuddalore,Virudhachalam,7124.000000000001,9063.983461856842,9450.355270504951,8532.153937965631,9510.23567378521,9139.182086028159
2020-05-05,Cuddalore,Virudhachalam,7623.0,9132.071204781532,9403.358539938927,8635.698038339615,9486.477234363556,9164.401254355907
2020-01-31,Cuddalore,Virudhachalam,9769.0,9093.466866612434,9431.2789991498,8478.710786402225,9504.304816424847,9126.940367147326
2019-07-04,Cuddalore,Virudhachalam,8724.0,9202.576303482056,9469.9533572793,8654.094949364662,9556.26296132803,9220.721892863512
2020-03-20,Cuddalore,Virudhachalam,9149.0,9142.170750498772,9505.628527104855,8659.215575754642,9570.452006161213,9219.36671487987
2019-07-10,Cuddalore,Virudhachalam,7849.0,9420.90437501669,9552.322671413422,8994.893766641617,9611.883817017078,9395.001157522202
2019-07-16,Cuddalore,Virudhachalam,8439.0,8983.781432211399,9545.859995782375,8328.18120867014,9586.082295179367,9110.97623296082
2019-10-03,Cuddalore,Virudhachalam,7043.999999999999,9029.868736863136,9588.269585371017,8237.195271551609,9580.394006967545,9108.931900188327
2020-05-07,Cuddalore,Virudhachalam,7666.0,8902.003119885921,9568.880724906921,8125.532606840133,9504.764947593212,9025.295349806547
2019-06-03,Cuddalore,Virudhachalam,8030.000000000001,8859.491001069546,9515.58719933033,8101.549103260039,9451.586454808712,8982.053439617157
2019-05-31,Cuddalore,Virudhachalam,8261.0,8753.203201889992,9473.791951537132,8032.38063558936,9434.323200285435,8923.42474732548
2019-06-28,Cuddalore,Virudhachalam,6931.0,8689.828469157219,9476.798641979694,8027.022024691104,9434.497416615486,8907.036638110876
2019-08-14,Cuddalore,Virudhachalam,7999.0,8574.413067996502,9458.901039958,7896.594844162463,9395.904748439789,8831.453425139189
2019-08-06,Cuddalore,Virudhachalam,6274.0,8544.691261947155,9405.166555345058,7908.911688625812,9377.672884464264,8809.110597595572
2019-07-17,Cuddalore,Virudhachalam,7361.0,8421.547824442387,9352.995016276836,7848.210217952727,9352.12060034275,8743.718414753675
2019-07-19,Cuddalore,Virudhachalam,7885.999999999999,8335.963843911886,9309.183360338211,7794.327357709407,9326.07901006937,8691.388393007219
2019-01-07,Cuddalore,Virudhachalam,6986.0,8221.12819135189,9314.468200206757,7711.46540313959,9342.817948460579,8647.469935789704
2020-05-15,Cuddalore,Virudhachalam,7292.999999999999,8139.562022835015,9281.675518751144,7729.928166270255,9346.211415827274,8624.344280920923
2020-05-13,Cuddalore,Virudhachalam,7086.0,8064.331410378217,9251.331035196781,7787.97429665923,9356.356807947159,8614.998387545347
2019-03-22,Cuddalore,Virudhachalam,8624.0,7993.607499301433,9214.45635676384,7784.031922817229,9357.882242798805,8587.494505420327
2019-12-11,Cuddalore,Virudhachalam,7863.0,7985.353479683398,9277.403467595577,7810.886661559342,9400.83281993866,8618.619107194245
2019-06-06,Cuddalore,Virudhachalam,7099.0,7950.431024432181,9323.037309646606,7835.220264941453,9403.47023844719,8628.039709366858
2019-05-27,Cuddalore,Virudhachalam,9677.0,8030.234190374612,9337.85653412342,7904.4925121963015,9384.613196253777,8664.299108237028
2019-09-04,Cuddalore,Virudhachalam,9299.0,7942.4237418174735,9367.171557545662,8003.354027718305,9399.667487740517,8678.15420370549
2020-05-18,Cuddalore,Virudhachalam,8339.0,8144.863534122705,9410.688962936401,8257.807397395372,9462.287005186081,8818.91172491014
2019-05-30,Cuddalore,Virudhachalam,9434.0,8179.376289248466,9438.848657011986,8375.86605206132,9501.835779249668,8873.98169439286
2019-03-14,Cuddalore,Virudhachalam,7123.0,8264.353013336658,9477.1937546134,8479.176752567291,9554.761700034142,8943.871305137873
2019-05-24,Cuddalore,Virudhachalam,8761.0,7845.994169563054,9436.978123784065,7935.949812978505,9522.294111251831,8685.304054394364
2020-05-06,Cuddalore,Virudhachalam,8219.0,7645.367394089698,9435.912820100784,7665.731532573699,9497.06691980362,8561.01966664195
2019-08-26,Cuddalore,Virudhachalam,7806.0,7654.675047397613,9415.235258936882,7616.274100542068,9451.56644910574,8534.437713995576
2019-05-23,Cuddalore,Virudhachalam,6336.0,7633.448162972926,9414.467540085316,7540.080296844243,9427.150322198868,8503.786580525339
2019-03-15,Cuddalore,Virudhachalam,8236.0,7689.128202199935,9348.244495391846,7568.069942444562,9381.336428821087,8496.694767214358
2019-03-25,Cuddalore,Virudhachalam,7142.999999999999,7604.548674672841,9318.721079230309,7480.819653570651,9372.446394562721,8444.133950509131
2019-08-20,Cuddalore,Virudhachalam,6011.0,7541.833713352679,9255.33300936222,7423.368276059627,9347.311729490757,8391.961682066321
2019-08-27,Cuddalore,Virudhachalam,8329.0,7512.543280273675,9183.111588060856,7383.0238585174075,9307.092764377594,8346.442872807384
2019-06-12,Cuddalore,Virudhachalam,6618.0,7536.864796876906,9247.514113783836,7380.297664701938,9333.654502928257,8374.582769572735
2019-04-03,Cuddalore,Virudhachalam,7949.0,7444.348423480987,9237.859694957733,7348.273952454328,9294.963473379612,8331.361386068165
2019-06-25,Cuddalore,Virudhachalam,9140.0,7473.422544896602,9224.726784527302,7397.180394083261,9294.389142990112,8347.42971662432
2019-06-27,Cuddalore,Virudhachalam,6749.0,7371.407630443572,9292.602800428867,7392.256907224654,9339.267769753933,8348.883776962757
2019-09-09,Cuddalore,Virudhachalam,8236.0,7357.0677092671385,9242.952813506126,7442.172803282737,9297.07157433033,8334.816225096583
2019-06-20,Cuddalore,Virudhachalam,6574.0,7364.266844838857,9241.173973083496,7446.56738936901,9306.702653169632,8339.67771511525
2019-04-04,Cuddalore,Virudhachalam,8638.0,7426.480830013751,9197.114746570587,7553.448691070079,9303.23999941349,8370.071066766977
2019-06-04,Cuddalore,Virudhachalam,8355.0,7328.203647732734,9206.036456525326,7543.109910488128,9324.350183904171,8350.42504966259
2019-08-30,Cuddalore,Virudhachalam,4249.0,7361.070517003535,9217.783972024918,7600.730919688939,9347.160853147507,8381.686565466225
2019-06-13,Cuddalore,Virudhachalam,6748.0,7347.079862058162,9166.471011042595,7549.84016239643,9300.178293287754,8340.892332196236
2019-04-11,Cuddalore,Virudhachalam,8537.0,7334.204108268022,9138.183780610561,7529.745267331599,9276.105597615242,8319.559688456357
2019-03-07,Cuddalore,Virudhachalam,8361.0,7330.653929561376,9173.858950436115,7549.664278924464,9314.084757566452,8342.065479122102
2019-03-18,Cuddalore,Virudhachalam,8343.0,7416.338772177695,9260.571169257164,7573.489820808171,9372.569763064384,8405.742381326854
2019-09-20,Cuddalore,Virudhachalam,4274.0,7613.485805690288,9324.461048841476,7753.252732008695,9426.088352799416,8529.321984834969
2019-08-05,Cuddalore,Virudhachalam,7236.0,7634.733946174382,9282.89336591959,7814.590634107589,9365.205997228622,8524.355985857546
2019-08-01,Cuddalore,Virudhachalam,7874.0,7526.67855978012,9259.782611131668,7787.908027768134,9327.967881858349,8475.584270134568
2019-05-29,Cuddalore,Virudhachalam,6418.0,7519.3560557067385,9291.032352745533,7753.074347823857,9345.208629965782,8477.167846560478
2019-05-13,Cuddalore,Virudhachalam,9131.0,7615.497629195451,9259.739265441895,7850.039072632789,9340.060495734215,8516.334115751088
2019-05-09,Cuddalore,Virudhachalam,5011.0,7405.398570150136,9322.25208580494,7843.7060172855845,9385.540960729122,8489.224408492446
2019-02-21,Cuddalore,Virudhachalam,8938.0,7456.473546624183,9290.3729981184,7982.9307056963435,9322.347946465015,8513.031299225986
2019-07-31,Cuddalore,Virudhachalam,8611.0,7364.566513597964,9324.127620458603,8010.788647085427,9316.877220273018,8504.090000353754
2019-06-18,Cuddalore,Virudhachalam,9173.0,7495.247099697589,9325.828938782215,8107.591659128665,9331.021252274513,8564.922237470746
2019-07-22,Cuddalore,Virudhachalam,7414.000000000001,7631.9556541740885,9365.467738509178,8134.254259765147,9404.466355741024,8634.03600204736
2019-08-08,Cuddalore,Virudhachalam,9849.0,7677.848320007323,9386.593760848045,8188.153791427611,9443.161553144455,8673.93935635686
2019-05-10,Cuddalore,Virudhachalam,6998.0,7977.0273561775675,9463.568203747272,8462.434896677732,9531.353360414505,8858.59595425427
2019-03-20,Cuddalore,Virudhachalam,7844.0,7601.854156553744,9420.977729260921,8072.307850867509,9517.449396848679,8653.147283382714
2019-05-06,Cuddalore,Virudhachalam,6549.0,7471.429059952497,9417.154972851276,7777.379609793424,9501.831611394882,8541.94881349802
2020-03-17,Cuddalore,Virudhachalam,9211.0,7447.03210517764,9381.215561032295,7689.183217883109,9440.660006701946,8489.522722698748
2019-07-15,Cuddalore,Virudhachalam,7125.0,7312.250349968671,9325.919798016548,7618.980288654565,9391.423470973969,8412.143476903439
2019-05-02,Cuddalore,Virudhachalam,9029.0,7333.555173277854,9265.137470960617,7586.6402362287035,9352.70993500948,8384.510703869164
2019-08-13,Cuddalore,Virudhachalam,9659.0,7276.678126156329,9305.407283902168,7539.709774553775,9372.399714589119,8373.548724800348
2019-02-07,Cuddalore,Virudhachalam,9272.0,7555.151259750127,9343.632347285748,7799.6192829310885,9391.703550815582,8522.526610195637
2019-07-02,Cuddalore,Virudhachalam,7500.0,7894.895609766244,9400.182634592056,8129.856756180524,9461.257545053959,8721.548136398196
2019-12-31,Cuddalore,Virudhachalam,8158.0,7754.629374444484,9373.394998311996,7934.29684177041,9456.69874548912,8629.754990004003
2019-07-09,Cuddalore,Virudhachalam,6998.999999999999,7853.359185755252,9339.577024579048,7891.0845233499995,9454.126345515251,8634.536769799888
2019-07-12,Cuddalore,Virudhachalam,6000.0,7709.978312551974,9279.374862909317,7631.479268372058,9430.421254634857,8512.813424617052
2019-08-16,Cuddalore,Virudhachalam,7486.0,7666.581774950027,9204.800270795822,7503.87205839157,9379.04744297266,8438.57538677752
2019-08-21,Cuddalore,Virudhachalam,7374.0,7682.939354628324,9175.039286911488,7492.90851637721,9359.5177090168,8427.601216733456
2019-04-23,Cuddalore,Virudhachalam,9322.0,7755.4079297184935,9158.146971464157,7571.481748372315,9357.092017531395,8460.53216677159
2019-04-01,Cuddalore,Virudhachalam,9119.0,7972.405205219983,9237.239518165588,7820.709461718797,9439.160412549973,8617.378649413586
2019-04-09,Cuddalore,Virudhachalam,7374.0,7944.303027540444,9308.674882054329,7853.565494567155,9488.475303947926,8648.754677027464
2019-07-23,Cuddalore,Virudhachalam,8123.999999999999,7851.481567174195,9311.864124536514,7647.316282987594,9478.195706903934,8572.21442040056
2019-04-10,Cuddalore,Virudhachalam,8511.0,7866.353723406791,9321.588563323021,7645.885875225066,9482.747837901115,8579.143999963999
2019-12-10,Cuddalore,Virudhachalam,9432.0,7941.797730028628,9341.419216394424,7718.967124968766,9504.242298603058,8626.60659249872
2019-03-29,Cuddalore,Virudhachalam,9641.0,8153.768989443778,9412.044349312782,7937.137234807014,9577.31979727745,8770.067592710257
2019-04-08,Cuddalore,Virudhachalam,6998.999999999999,8110.554587095975,9459.511213898659,7919.548470824956,9605.029363036156,8773.660908713937
2019-07-29,Cuddalore,Virudhachalam,8836.0,8224.110708236694,9435.31931757927,7965.650362968444,9568.894062042236,8798.493612706661
2019-04-15,Cuddalore,Virudhachalam,9361.0,8064.411433190106,9429.852759242058,7678.288028687238,9563.647566437721,8684.049946889281
2019-03-21,Cuddalore,Virudhachalam,7149.0,8028.04731696844,9431.5807518363,7589.398105740546,9569.72763299942,8654.688451886177
2019-08-19,Cuddalore,Virudhachalam,8836.0,8122.323358654975,9412.901260256767,7593.893553912639,9545.964192152023,8668.770591244102
2019-04-26,Cuddalore,Virudhachalam,9459.0,8158.672887384891,9412.742048203945,7646.735284030437,9546.916963756084,8691.26679584384
2019-02-22,Cuddalore,Virudhachalam,9539.0,8378.10960829258,9465.266187787056,7850.182446837424,9598.72339874506,8823.07041041553
2019-03-27,Cuddalore,Virudhachalam,10199.0,8309.02408093214,9510.53159147501,7851.680790632962,9620.24536728859,8822.870457582176
2019-03-28,Cuddalore,Virudhachalam,9649.0,8449.186536669731,9587.447684407234,7966.652315258979,9660.071720480919,8915.839564204216
2019-05-07,Cuddalore,Virudhachalam,8536.0,8657.617620229721,9656.889146566391,8211.467937529087,9715.919307470322,9060.47350294888
2019-03-26,Cuddalore,Virudhachalam,5900.0,8439.946819394827,9633.075691461563,7857.793366461991,9691.080560088158,8905.474109351635
2019-04-02,Cuddalore,Virudhachalam,7749.000000000001,8400.3034350276,9551.60413324833,7726.67682275176,9612.408133149147,8822.748131044209
2019-08-07,Cuddalore,Virudhachalam,8336.0,8291.37404948473,9500.653775632381,7509.70330402255,9559.90066498518,8715.40794853121
2019-04-30,Cuddalore,Virudhachalam,7885.999999999999,8374.922032952309,9486.553922891617,7525.882082730531,9552.56607413292,8734.981028176844
2019-01-23,Cuddalore,Virudhachalam,10049.0,8489.762686938047,9504.455692768097,7626.5641172230235,9576.634601950645,8799.354274719954
2019-05-03,Cuddalore,Virudhachalam,9742.0,8571.416380405426,9544.16534602642,7754.35512959957,9634.79618191719,8876.183259487152
2019-03-08,Cuddalore,Virudhachalam,9372.0,8593.086307793856,9616.501800119877,7839.926189780234,9704.924506545067,8938.609701059759
2019-10-01,Cuddalore,Virudhachalam,7861.0,8784.86639469862,9692.455118596554,8061.972821354865,9770.391502380371,9077.421459257603
2019-04-16,Cuddalore,Virudhachalam,8750.0,8565.254623889923,9671.398282647133,7729.251306653022,9737.21371114254,8925.779481083155
2019-04-05,Cuddalore,Virudhachalam,7124.000000000001,8522.113159000874,9649.835469126701,7589.354760050773,9711.638087034225,8868.235368803144
2019-07-30,Cuddalore,Virudhachalam,8300.0,8566.511648893356,9625.82195699215,7587.221651971339,9683.785147070885,8865.835101231933
2020-03-18,Cuddalore,Virudhachalam,8125.0,8581.755577772856,9609.22555923462,7572.703763395547,9663.586889207363,8856.817947402596
2019-03-11,Cuddalore,Virudhachalam,10299.0,8683.983469605446,9612.899940013885,7690.5065117776385,9659.00891751051,8911.59970972687
2019-02-25,Cuddalore,Virudhachalam,7749.000000000001,8866.594692766666,9668.44827502966,7933.526205420493,9718.6667573452,9046.808982640505
2020-01-13,Cuddalore,Virudhachalam,9499.0,8860.092005729675,9672.89370894432,7956.902452558278,9713.970418572426,9050.964646451175
2019-04-24,Cuddalore,Virudhachalam,10822.0,8811.249749064445,9708.23294967413,7941.539323031901,9742.658596634865,9050.920154601336
2019-04-25,Cuddalore,Virudhachalam,10499.0,8943.36574435234,9783.438555002213,8097.284554243087,9798.776260614395,9155.716278553009
2019-06-21,Cuddalore,Virudhachalam,11379.0,8961.869352459908,9868.753708899021,8023.915722519158,9857.134563326836,9177.91833680123
2019-04-22,Cuddalore,Virudhachalam,11257.0,9095.45743405819,9954.433966875076,8260.669046491385,9901.07959061861,9302.910009510815
2019-02-04,Cuddalore,Virudhachalam,8719.0,9342.838787734509,10032.607918381691,8657.390888929367,9967.419335246086,9500.064232572913
2019-01-10,Cuddalore,Virudhachalam,9999.0,9319.702192246914,10052.798674106598,8657.455907464027,9969.819186031818,9499.94398996234
2019-03-13,Cuddalore,Virudhachalam,10699.0,9562.060447335243,10083.6524695158,9130.23651510477,9997.137807011604,9693.271809741855
2019-03-05,Cuddalore,Virudhachalam,9799.0,9368.977072238922,10113.90609383583,8844.977697134018,10019.582538604736,9586.860850453377
2019-02-08,Cuddalore,Virudhachalam,10644.0,9246.499657928944,10109.722401201725,8733.255848884583,9995.18558382988,9521.165872961283
2019-03-12,Cuddalore,Virudhachalam,9899.0,9558.766174912453,10110.906071960926,9402.36575692892,9989.802382588387,9765.460096597672
2019-09-10,Cuddalore,Virudhachalam,8273.0,9394.45100069046,10067.86130130291,9182.11880505085,9963.116441965103,9651.88688725233
2019-04-29,Cuddalore,Virudhachalam,10099.0,9512.828079462051,9989.43144351244,9466.444857120514,9909.197738170624,9719.475529566407
2019-02-13,Cuddalore,Virudhachalam,10642.0,9396.601613759995,9910.404748916626,9164.475442171097,9871.165229678154,9585.661758631468
2020-03-12,Cuddalore,Virudhachalam,9069.0,9426.712697446346,9906.021832823753,9004.480666220188,9893.710823357105,9557.731504961848
2020-01-22,Cuddalore,Virudhachalam,9799.0,9329.399123191833,9892.124537825584,8957.072985172272,9883.569599092007,9515.541561320424
2020-03-23,Cuddalore,Virudhachalam,9469.0,9246.96562409401,9906.697025299072,8927.21947491169,9888.956968188286,9492.459773123264
2019-02-06,Cuddalore,Virudhachalam,10742.0,9342.742927074432,9965.215373635292,9364.76587176323,9887.361513376236,9640.021421462297
2019-02-26,Cuddalore,Virudhachalam,11043.0,9403.346869945526,9998.680746853352,9630.843388438225,9879.597633481026,9728.117159679532
2019-02-28,Cuddalore,Virudhachalam,8689.0,9654.365927278996,10042.034772336483,9989.054669439793,9928.81749778986,9903.568216711283
2019-01-09,Cuddalore,Virudhachalam,11974.0,9662.789995372295,10039.222303926945,9969.146494269371,9935.776981711388,9901.73394382
2020-03-16,Cuddalore,Virudhachalam,10496.0,9388.734371066093,10014.092640280724,9622.487673163414,9951.34558647871,9744.165067747235
2020-03-19,Cuddalore,Virudhachalam,9669.0,9299.244693815708,10014.302700161934,9563.829284906387,9980.466387867928,9714.46076668799
2019-01-22,Cuddalore,Virudhachalam,9679.0,9313.62962782383,10019.220768809319,9699.215379059315,9987.345848977566,9754.852906167507
2020-03-05,Cuddalore,Virudhachalam,9336.0,9377.326952517033,10028.545927107334,9828.43971669674,9957.504842281342,9797.954359650612
2019-01-30,Cuddalore,Virudhachalam,9624.0,9394.097566604614,10059.847350120544,9839.5570525527,9915.069411993027,9802.142845317721
2019-01-04,Cuddalore,Virudhachalam,11374.0,9421.607075333595,10032.281158566475,9808.470690846443,9864.872602522373,9781.807881817222
2019-01-03,Cuddalore,Virudhachalam,7300.000000000001,9467.858593463898,10024.919059872627,9849.844151735306,9898.869794011116,9810.372899770737
2019-01-28,Cuddalore,Virudhachalam,8615.0,9427.263687849045,9936.6255569458,9826.579186320305,9863.379676938057,9763.462027013302
2019-02-27,Cuddalore,Virudhachalam,11959.0,9450.732044577599,9869.007948040962,9853.751098811626,9835.076608657837,9752.141925022006
2019-01-24,Cuddalore,Virudhachalam,9624.0,9486.962372660637,9923.380948007107,9867.360811829567,9894.053421020508,9792.939388379455
2019-03-04,Cuddalore,Virudhachalam,8299.0,9446.380804181099,9958.111681938171,9861.677525043488,9928.44155728817,9798.652892112732
2019-01-02,Cuddalore,Virudhachalam,9230.0,9402.444946169853,9972.914234995842,9859.016766548157,9922.464853525162,9789.210200309753
2019-02-20,Cuddalore,Virudhachalam,10629.0,9396.011445522308,9971.818922758102,9849.942513108253,9887.371516227722,9776.286099404097
2019-02-15,Cuddalore,Virudhachalam,9115.0,9398.652198314667,10035.250338315964,9808.925820589066,9912.24444001913,9788.768199309707
2019-02-16,Cuddalore,Virudhachalam,10709.0,9484.71506536007,10032.882996797562,9820.239045619965,9888.738572597504,9806.643920093775
2019-01-08,Cuddalore,Virudhachalam,10461.0,9574.390628933907,10049.33768749237,9858.433266878128,9927.836384773254,9852.499492019415
2019-02-14,Cuddalore,Virudhachalam,12071.0,9583.546572327614,10055.55696040392,9863.142942786217,9959.07695710659,9865.330858156085
