Actual_Price,GRU_General_Pred,GRU_Optimized_Pred,LSTM_General_Pred,LSTM_Optimized_Pred,Ensemble_Pred
6500.0,5677.764349058271,5960.292495787145,5862.863792479039,5842.000038176776,5835.730168875308
6000.0,5651.147756353022,5952.800217270852,5862.837718427182,5840.10565802455,5826.7228375189015
6500.0,5660.535167157651,5951.6013123095045,5862.844236940146,5839.723572880031,5828.676072321833
5500.0,5657.091888040305,5950.2650171518335,5862.85426542163,5837.904406338931,5827.028894238175
7500.0,5667.414454743267,5952.742553502322,5862.847746908666,5838.664565235377,5830.417330097408
7000.0,5664.06594477594,5952.747567743064,5862.843735516072,5839.067208766938,5829.6811142005035
7000.0,5701.433069631458,5962.853268533946,5862.8241799771795,5840.410022437573,5841.880135145039
6000.0,5680.661075934769,5960.589840263129,5862.833205610515,5838.8129867613325,5835.724277142436
7000.0,5650.328429415823,5961.047139018775,5862.844236940146,5839.29936811328,5828.379793372006
6800.0,5652.866888791324,5958.532998710872,5862.84824833274,5838.1521098315725,5828.100061416627
5500.0,5693.817190080882,5952.819271385671,5862.827689945699,5833.5690937936315,5835.758311301471
3000.0,5690.333295613528,5951.787340641023,5862.851256877185,5835.776863992215,5835.187189280988
6700.0,5683.7217684835205,5960.647002607585,5862.84824833274,5839.474866539241,5836.6729714907715
4000.0,5652.1794363856325,5952.542485296727,5862.8387212753305,5837.591517716647,5826.288040168584
6500.0,5662.184601649643,5947.8010192513475,5862.857775390149,5839.5841769874105,5828.1068933196375
7000.0,5638.237340003253,5943.399017304183,5862.85426542163,5838.480542600156,5820.742791332305
6000.0,5665.572473406793,5942.569160461427,5862.842732667924,5837.666229903699,5827.1626491099605
5500.0,5718.942547589541,5946.42310589552,5862.848749756814,5839.9321652948865,5842.0366421341905
7000.0,5693.176370114089,5949.973689764739,5862.8387212753305,5839.8103192448625,5836.449775099755
6000.0,5671.389243379236,5944.906799495221,5862.843735516072,5837.808634340764,5829.237103182823
6200.0,5648.833433538676,5943.001889437438,5862.825182825328,5837.403483688832,5823.015997372569
6400.0,5658.509915322066,5940.76954945922,5862.834709882737,5837.527836859227,5824.910502880813
6300.0,5661.838117614389,5939.818849414588,5862.847746908666,5837.451118975879,5825.48895822838
5800.0,5667.210375145079,5943.909968435765,5862.833707034589,5837.400475144387,5827.838631439955
7000.0,5685.908729583026,5946.846809238196,5862.851256877185,5838.1290443241605,5833.433960005642
6000.0,5666.840073466302,5948.800357431174,5862.849752604962,5838.397306203843,5829.22187242657
6500.0,5672.383316606284,5947.691708803178,5862.833707034589,5837.983129918576,5830.222965590657
6500.0,5687.193628773094,5946.091664582492,5862.828692793847,5838.479038327933,5833.648256119342
5500.0,5668.3839581906805,5944.015267491342,5862.8417298197755,5836.690458655358,5827.982853539289
6700.0,5654.96259070933,5948.021144419909,5862.82668709755,5837.986138463021,5825.949140172453
6000.0,5645.241983607412,5943.508327752353,5862.835211306811,5836.711017042399,5822.074134927244
6000.0,5664.817579463125,5942.562140524388,5862.837718427182,5836.579643934966,5826.699270587415
6400.0,5676.2485440820465,5944.157671928407,5862.839222699405,5837.211438268424,5830.11421924457
6000.0,5696.054544299842,5948.275366425515,5862.839222699405,5837.442594766618,5836.152932047845
6200.0,5686.807281523944,5955.401103943587,5862.837718427182,5838.285990059377,5835.8330234885225
6400.0,5674.493559822441,5962.091103941203,5862.845741212369,5839.475869387389,5834.726568590851
7000.0,5671.772080659867,5967.047680914403,5862.849251180888,5839.819846302272,5835.3722147643575
6500.0,5669.279000163079,5973.008108884097,5862.849752604962,5840.333805978299,5836.367666907609
7400.0,5666.422637924553,5977.686395496131,5862.852761149407,5839.500439167024,5836.615558434279
6000.0,5656.399922817946,5973.174080252648,5862.844236940146,5834.058483690024,5831.619180925191
6500.0,5636.942663043738,5975.056927651168,5862.855268269778,5836.703997105361,5827.889714017511
6400.0,5637.2156884521255,5981.130677461625,5862.827689945699,5838.824519515038,5829.999643843622
4000.0,5646.106689423324,5976.9548177719125,5862.842732667924,5837.768018990756,5830.918064713479
6000.0,5635.632191225887,5978.2474890351305,5862.839724123479,5839.47235941887,5829.047940950842
6000.0,5621.994709968568,5965.703362971545,5862.831701338292,5837.461147457362,5821.997730433942
6400.0,5674.924283102156,5957.59433284402,5862.839222699405,5836.489387601615,5832.961806561799
6500.0,5722.397359460593,5953.937447071076,5862.840726971627,5837.112657725812,5844.072047807277
6000.0,5725.553824007512,5956.683746725322,5862.84824833274,5839.255744218827,5846.0853908211
7600.0,5711.005505919457,5961.789748072625,5862.836715579034,5840.1001423597345,5843.933027982713
6000.0,5694.782431423665,5959.189864248038,5862.834208458663,5838.509123772384,5838.8289069756875
6000.0,5697.132355347277,5963.059353828431,5862.851758301259,5839.833886176349,5840.719338413329
5000.0,5672.256707027555,5964.379101991654,5862.831701338292,5839.7406212985525,5834.802032914014
6500.0,5690.592281147839,5966.517675668002,5862.862288206817,5841.934351623059,5840.476649161429
7500.0,5663.1633814424285,5968.730961531402,5862.833205610515,5841.502124071122,5834.057418163867
5000.0,5697.718269377948,5965.523853152991,5862.833205610515,5840.568973869086,5841.661075502635
7000.0,5684.932707622648,5969.170209020377,5862.858276814223,5842.061713337899,5839.755726698787
7000.0,5665.460906550289,5968.192933499814,5862.854766845704,5840.56947529316,5834.269520547242
5000.0,5696.47724479437,5973.084325343371,5862.850755453111,5840.500780194999,5843.228276446463
6500.0,5720.444814115764,5982.180158048869,5862.848749756814,5842.732618749143,5852.051585167647
6500.0,5690.5980475246915,5978.627568483354,5862.840225547553,5840.93350917101,5843.249837681652
6000.0,5680.309577658773,5973.556165397168,5862.825684249402,5839.7436298429975,5839.108764287085
5000.0,5649.786139279605,5964.7997967898855,5862.827689945699,5838.304542750121,5828.9295421913275
6400.0,5649.201228097082,5957.572270184756,5862.8532625734815,5837.581990659238,5826.802187878639
7500.0,5681.06196448207,5955.016010254622,5862.847245484591,5838.196736574174,5834.280489198864
4000.0,5686.798757314683,5954.763292521239,5862.845741212369,5837.853261083365,5835.565263032914
6500.0,5715.937011688949,5966.756854951383,5862.849251180888,5840.532369911672,5846.518871933223
7500.0,5701.881092041732,5967.34051257372,5862.846744060517,5840.318763256074,5843.096777983011
4000.0,5660.362426564098,5966.532718390227,5862.833707034589,5839.747641235591,5832.369123306126
6000.0,5666.641509532929,5967.093310505153,5862.852761149407,5840.856289863587,5834.360967762769
6000.0,5650.432224199177,5965.5419044196615,5862.857273966075,5842.136425524951,5830.241957027466
7200.0,5658.116046711803,5960.691629350186,5862.847245484591,5841.267457604409,5830.730594787748
6000.0,5654.380688071252,5952.514405548573,5862.857273966075,5839.792267978192,5827.386158891023
3000.0,5676.398469880224,5957.4454098939905,5862.847245484591,5842.183559387923,5834.718671161682
6000.0,5692.490171268583,5960.484541207553,5862.859781086446,5843.274156749249,5839.777162577958
6500.0,5671.669288724662,5952.1609015762815,5862.853763997556,5840.984153002501,5831.91702682525
7000.0,5671.502815932036,5948.200152814389,5862.851256877185,5840.14527052641,5830.674874037505
4500.0,5682.783353328706,5948.854511231185,5862.847746908666,5840.823697298766,5833.827327191831
5000.0,5700.661628693343,5955.7410694658765,5862.862288206817,5842.906111478806,5840.542774461211
6600.0,5683.823056146503,5958.815300464631,5862.849251180888,5843.312766402961,5837.200093548746
6200.0,5677.961659431458,5955.8192916214475,5862.847245484591,5841.919308900834,5834.636876359583
6300.0,5653.589691594244,5954.745241254569,5862.851758301259,5840.5454069376,5827.933024521918
5000.0,5650.644828006626,5955.287782102824,5862.837718427182,5839.079242944718,5826.962392870338
4000.0,5677.856360375882,5953.937447071076,5862.863792479039,5839.904586970807,5833.640546724201
7000.0,5679.524598270656,5958.94617214799,5862.857775390149,5842.696014791728,5836.006140150131
7500.0,5665.341316908599,5952.523431181909,5862.845741212369,5839.735105633737,5830.111398734153
6800.0,5676.041957363487,5947.718284279109,5862.8387212753305,5839.04815465212,5831.411779392512
6500.0,5673.533583432437,5944.355233013631,5862.83621415496,5833.715008199216,5828.610009700061
7600.0,5656.053940206767,5947.885759919883,5862.851758301259,5836.15594059229,5825.73684975505
4000.0,5657.55871385336,5955.828317254783,5862.8271885216245,5838.328109681607,5828.635582327844
8000.0,5684.659682214261,5968.711907416583,5862.8647953271875,5841.43342897296,5839.417453482748
4000.0,5620.516010373832,5966.882712394,5862.833205610515,5838.959402590991,5822.297832742334
2500.0,5672.535749524833,5971.497819572688,5862.850755453111,5840.758010745049,5836.91058382392
6400.0,5683.432948216797,5971.535426378251,5862.849752604962,5842.1033315360555,5839.980364684016
5800.0,5673.630107566715,5961.7386028170595,5862.846744060517,5840.213464200498,5834.607229661197
6000.0,5672.61171527207,5958.7761893868455,5862.852259725333,5839.903584122659,5833.535937126727
5000.0,5666.401828825475,5953.171772509814,5862.833205610515,5837.985135614873,5830.097985640169
5600.0,5691.20401851833,5947.355754673482,5862.84223124385,5838.268440216781,5834.91761116311
6000.0,5684.080788120628,5943.812692165376,5862.851256877185,5838.917784392835,5832.415630389006
6500.0,5675.0890009105215,5943.28569546342,5862.841228395701,5838.815493881703,5830.0078546628365
6000.0,5687.9715882241735,5947.1476636827,5862.857273966075,5838.738775998355,5834.178825467826
4000.0,5668.73420290649,5951.5085488557825,5862.849752604962,5839.3580347299585,5830.612634774298
7000.0,5687.133207172156,5957.5005665421495,5862.858778238297,5841.736790537835,5837.30733562261
2500.0,5666.400073841215,5959.136713296176,5862.838219851256,5841.664585471154,5832.50989811495
6500.0,5705.085944011808,5967.096319049598,5862.8532625734815,5843.902942538262,5844.7346170432875
7500.0,5637.129944935442,5958.69144871831,5862.841228395701,5840.844255685807,5824.876719433815
6000.0,5651.477191969753,5950.319170951844,5862.83019706607,5837.805625796319,5825.6080464459965
6500.0,5690.313489362598,5948.247286677361,5862.84824833274,5838.4073346853265,5834.9540897645065
2500.0,5689.002014696599,5951.005119085313,5862.847746908666,5837.667734175921,5835.130653716625
6700.0,5702.6136726140985,5961.090762913228,5862.8617867827425,5840.646193176509,5841.803103871644
5000.0,5662.344305217267,5960.526660829783,5862.835211306811,5839.700507372619,5831.35167118162
3500.0,5682.247080281378,5963.127547502519,5862.858778238297,5841.565303504468,5837.449677381665
4800.0,5662.9575468599805,5969.493627548219,5862.8678038716325,5843.952583521605,5834.817890450359
3000.0,5663.0618430674085,5973.959310352803,5862.857273966075,5844.889745116235,5836.19204312563
6000.0,5674.554232135416,5976.968857645989,5862.855769693852,5844.750850647689,5839.782427530737
6000.0,5639.921122044326,5966.166177392007,5862.851758301259,5841.412870585919,5827.587982080878
7000.0,5646.546187624336,5960.864119231702,5862.854766845704,5839.420211315156,5827.4213212542245
3000.0,5643.109677731992,5958.9326336979875,5862.823678553105,5837.969090044499,5825.708770006896
5000.0,5685.604114457966,5963.866145163775,5862.86028251052,5840.301213413478,5838.157938886435
7800.0,5640.492244064809,5954.838506132365,5862.840225547553,5837.663221359254,5823.958549275995
3000.0,5668.299718946219,5945.690525323153,5862.848749756814,5837.07755804062,5828.479138016702
5000.0,5707.550192624331,5956.3207156956205,5862.85426542163,5841.270967572928,5841.9990353286275
6000.0,5701.869308575989,5958.472326397897,5862.853763997556,5841.593383252622,5841.197195556016
6000.0,5701.12745165825,5958.818309009076,5862.825182825328,5840.4972702264795,5840.817053429783
6300.0,5676.220965757967,5957.905215770007,5862.8532625734815,5839.810820668937,5834.197566192598
4000.0,5666.5086321532735,5960.7502959668645,5862.84223124385,5838.623448461295,5832.181151956321
7000.0,5686.513948440553,5965.61862230301,5862.869809567929,5844.653574377299,5839.913988672198
5000.0,5657.9713858664045,5972.543790191413,5862.849251180888,5848.334528505803,5835.424738936127
6500.0,5665.365635976196,5980.665857344867,5862.866801023484,5851.883106678725,5840.195350255818
7000.0,5647.003987804056,5984.421022236348,5862.845239788295,5850.848167389632,5836.279604304583
6400.0,5665.296188741923,5985.344143956901,5862.839222699405,5850.434993952514,5840.9786373376855
7600.0,5667.611514404417,5985.470502823592,5862.849752604962,5849.84933063388,5841.445275116713
6500.0,5654.013144224883,5982.9523511230955,5862.829695641995,5848.581229150296,5837.0941050350675
6000.0,5678.545317053796,5981.451087445022,5862.831199914218,5848.833946883679,5842.915387824179
3000.0,5681.935946643353,5975.501189380885,5862.851758301259,5849.17892664671,5842.366955243052
6000.0,5677.680861949922,5979.22677025199,5862.86028251052,5851.561192423106,5842.8322767838845
5000.0,5651.217705011369,5970.641888678075,5862.856772542001,5849.590094387532,5833.576615154744
6500.0,5661.550300195814,5969.702219963075,5862.844236940146,5849.711439013482,5835.952049028129
6800.0,5664.20534066856,5970.395188033582,5862.83270418644,5849.840806424619,5836.8185098283
3000.0,5653.461076319219,5959.674239903689,5862.827689945699,5842.687490582467,5829.662624187768
5000.0,5624.248861894012,5960.108974575997,5862.855268269778,5845.489448308946,5823.175638262183
6800.0,5604.121198132635,5959.289647638799,5862.855769693852,5847.64206185937,5818.477169331164
6200.0,5613.22329863906,5960.819993913175,5862.858276814223,5848.331519961358,5821.308272331954
6500.0,5648.930709809066,5969.275006651879,5862.845239788295,5848.978357017041,5832.50732831657
6000.0,5670.034144818784,5977.281746268273,5862.848749756814,5848.810379952193,5839.743755199016
7800.0,5659.5629058778295,5984.457124769689,5862.841228395701,5849.83378648758,5839.1737613827
4000.0,5656.908868253232,5980.6362733244905,5862.843234091998,5843.1322537362585,5835.880157351495
6700.0,5653.8637198507795,5984.300680458547,5862.851758301259,5846.952102333308,5836.992065235973
7400.0,5641.133565455676,5986.489897966386,5862.846242636443,5848.235246539117,5834.676238149405
6000.0,5628.111331537367,5988.170671463014,5862.8532625734815,5847.461549192668,5831.6492036916325
4000.0,5660.459201410414,5996.567519009114,5862.85426542163,5849.8112224042425,5842.42305206135
3000.0,5671.605858579279,6004.942805320025,5862.852761149407,5851.784326136113,5847.796437796206
7500.0,5680.487332493068,6006.305174529553,5862.852761149407,5853.369829058648,5850.753774307669
7000.0,5647.108785435558,5990.471706539393,5862.8357127308855,5849.331359565259,5837.436891067774
6400.0,5653.838147222997,5977.709962427617,5862.84824833274,5846.461208164693,5835.214391537012
7000.0,5675.77068693936,5974.091184884311,5862.852259725333,5846.7384956777105,5839.8631568066785
2500.0,5669.253176823259,5973.447857797147,5862.847245484591,5847.314631938935,5838.215728010983
4000.0,5693.573748692871,5987.88786828518,5862.860783934594,5852.629225701095,5849.237906653435
5000.0,5662.691541388632,5990.977643430234,5862.868806719781,5854.155059158803,5842.673262674362
3500.0,5625.570365041495,5990.183387696744,5862.850755453111,5853.18380072713,5832.94707722962
6000.0,5633.564819768072,5989.239206165076,5862.869809567929,5854.158067703248,5834.957975801081
6600.0,5618.190405517817,5987.723401188851,5862.855769693852,5853.075994551183,5830.461392737926
5000.0,5640.046227350832,5984.843722730876,5862.856271117927,5851.435334980489,5834.795389045031
6000.0,5665.841236710549,5988.1064891815195,5862.865798175336,5853.261521458627,5842.518761381508
7000.0,5657.271899282933,5992.037152498961,5862.856271117927,5853.686227649451,5841.462887637318
5000.0,5662.181342393161,5991.475557535888,5862.834709882737,5852.075653523208,5842.141815833748
6500.0,5673.98336082697,5993.731464445592,5862.857775390149,5852.8057269752035,5845.844581909479
6000.0,5648.9821057766685,5993.719430267812,5862.835211306811,5851.199665665627,5839.18410325423
6400.0,5663.975939154626,5986.705008894206,5862.829695641995,5849.672829359771,5840.7958682626495
5500.0,5658.985265344382,5978.471625596286,5862.845239788295,5848.364112526179,5837.1665608137855
6000.0,5656.778999418021,5979.69660460949,5862.857775390149,5847.965981811286,5836.824840307237
7600.0,5648.142220452429,5980.587133765222,5862.839724123479,5847.964978963138,5834.883514326067
6700.0,5652.213031798602,5972.367790341378,5862.837217003108,5846.027476340533,5833.361378870905
6000.0,5668.128482624889,5973.462900519372,5862.833205610515,5847.326666116715,5837.937813717873
7500.0,5657.955340296031,5970.372623950244,5862.83270418644,5846.9094812870035,5834.51753742993
3000.0,5650.6169989705095,5967.144455760718,5862.83270418644,5847.27552086115,5831.9674199447045
7500.0,5665.803880617023,5975.466591119767,5862.853763997556,5850.951460748912,5838.7689241208145
7000.0,5630.833061411978,5968.063064664603,5862.841228395701,5848.425286263228,5827.540660183878
5000.0,5650.264748558403,5966.527202725411,5862.850755453111,5847.417925298215,5831.765158008785
6500.0,5670.949745178224,5975.904835760594,5862.849251180888,5850.232418626548,5839.984062686563
4000.0,5657.019682973624,5975.244961678983,5862.855268269778,5850.0112906098375,5836.282800883056
6500.0,5665.267106145621,5985.148087143899,5862.8678038716325,5852.612678706647,5841.47391896695
6600.0,5636.08974069357,5987.583002448083,5862.830698490144,5851.308474689723,5834.45297908038
5000.0,5637.270092964173,5980.944649130107,5862.856772542001,5849.3519179523,5832.605858147145
6500.0,5647.841115295888,5980.752603709699,5862.865798175336,5851.029181480409,5835.622174665333
7000.0,5659.639874473215,5981.92192465067,5862.851758301259,5851.935756206513,5839.087328407914
6600.0,5685.326325520874,5985.159118473531,5862.829695641995,5851.808895915748,5846.281008888037
6300.0,5680.661577358843,5979.595818370582,5862.846242636443,5849.950618296863,5843.2635641656825
6000.0,5640.208688750864,5976.594795286656,5862.8387212753305,5848.104374855758,5831.936645042152
3000.0,5640.495503321291,5971.846309304238,5862.851256877185,5846.468228101731,5830.415324401111
6000.0,5666.756335645915,5980.5665753781805,5862.851758301259,5850.958982110024,5840.283412858845
5800.0,5639.89153802395,5968.155326694251,5862.849752604962,5848.373138159514,5829.817438870669
7000.0,5642.906851693989,5964.432754367591,5862.849752604962,5849.044544994832,5829.8084759153435
7500.0,5648.755712807179,5964.762691408397,5862.842732667924,5849.311302602292,5831.418109871448
7000.0,5634.8183799535045,5959.950524568559,5862.847746908666,5847.238415479661,5826.213766727597
5000.0,5649.997740238906,5963.921803236009,5862.833707034589,5848.019132763148,5831.193095818163
5800.0,5667.104073241354,5968.81369650364,5862.839724123479,5849.279712885619,5837.009301688523
6500.0,5658.062394335867,5970.039176940919,5862.854766845704,5850.361786037684,5835.329531040044
6400.0,5634.6067789942035,5968.061560392381,5862.847746908666,5848.205161094666,5828.430311847479
4000.0,5661.1050356179485,5970.0873136520395,5862.848749756814,5848.226722329856,5835.566955339164
6000.0,5661.958960816265,5973.9021480083475,5862.860783934594,5850.3968857228765,5837.279694620521
6000.0,5642.089530453087,5973.685031384231,5862.843735516072,5849.849832057954,5832.117032352836
6000.0,5653.4462843090305,5973.90365228057,5862.84824833274,5849.805205315352,5835.000847559423
2500.0,5620.742152631284,5971.240589022637,5862.837718427182,5848.9502772688875,5825.942684337498
6500.0,5636.296578124166,5977.814258635045,5862.863792479039,5851.555175334216,5832.132451143117
4000.0,5623.521796986462,5973.519060015679,5862.843735516072,5849.4547098875055,5827.33482560143
6000.0,5658.203043788672,5976.846008747817,5862.842732667924,5850.770446658135,5837.165557965637
5600.0,5635.023462399841,5968.378961831332,5862.834208458663,5847.963474690915,5828.550026845188
2500.0,5649.980441108347,5963.249894976617,5862.851758301259,5848.043201118709,5831.031323876233
6000.0,5656.665677577258,5971.566013246776,5862.8647953271875,5851.0838367044935,5835.545080713929
7500.0,5651.534605026246,5972.90631979704,5862.84223124385,5850.268019735814,5834.387793950737
4000.0,5645.456091687084,5969.844122976066,5862.840225547553,5848.1820955872545,5831.580633949489
6000.0,5662.359849363566,5975.623035430909,5862.858778238297,5851.216212660075,5838.014468923212
6500.0,5636.9519393891105,5973.175083100797,5862.843234091998,5849.4577184319505,5830.606993753464
6400.0,5658.4612771868715,5970.66896557808,5862.829695641995,5848.798345774413,5835.18957104534
6000.0,5664.822844415904,5963.71170654893,5862.849752604962,5847.630529105664,5834.753708168865
6000.0,5644.891488179565,5966.328638792039,5862.847245484591,5848.877069354058,5830.7361104525635
6000.0,5643.173358589412,5966.453493386508,5862.8417298197755,5848.574710637332,5830.260823108257
7500.0,5664.326183870436,5963.560777902604,5862.844236940146,5848.951280117036,5834.9206197075555
6400.0,5645.96503712237,5960.601874440909,5862.831701338292,5847.65760600567,5829.26405472681
6000.0,5656.357552483679,5959.602536261083,5862.8417298197755,5846.659772098065,5831.365397665651
7000.0,5665.6070716679105,5960.485544055701,5862.845741212369,5847.848648577929,5834.1967513784775
7000.0,5642.659148201347,5963.226829469205,5862.850755453111,5848.0747908353815,5829.202880989761
6000.0,5628.466089069844,5962.258579581977,5862.844236940146,5846.866860240699,5825.108941458167
6500.0,5644.558291882277,5965.709881484509,5862.838219851256,5847.8025175631055,5830.227227695287
6500.0,5643.597563356162,5968.191930651666,5862.852761149407,5847.19980582595,5830.460515245796
5800.0,5641.7117074131975,5972.32717499137,5862.853763997556,5847.372295707465,5831.066235527397
8000.0,5644.951909780503,5980.610700696708,5862.851256877185,5849.926549941302,5834.5851043239245
5500.0,5635.590322315694,5978.478645533324,5862.836715579034,5848.644910007716,5831.387648358942
6000.0,5655.435433611275,5980.644296109677,5862.837718427182,5849.513376504184,5837.1077061630795
6000.0,5650.482115894557,5978.759443014861,5862.839222699405,5849.748042970897,5835.45720614493
6700.0,5628.9106015115985,5970.686013996602,5862.827689945699,5847.709252685309,5827.533389534802
6000.0,5637.034423649312,5962.978123128415,5862.837217003108,5846.33234217763,5827.295526489616
7400.0,5664.3605314195165,5961.59569695592,5862.835211306811,5847.362768650056,5834.038552083076
6000.0,5653.82235236466,5956.799575686456,5862.849752604962,5845.662439614535,5829.783530067653
6000.0,5656.754680350424,5963.778395950795,5862.841228395701,5847.060911357404,5832.608804013581
6000.0,5656.82813897729,5964.582680165769,5862.833205610515,5847.163201868535,5832.851806655527
5000.0,5667.340745404364,5965.9826561808595,5862.835211306811,5848.082312196494,5836.060231272132
6000.0,5652.355937659741,5968.667280673982,5862.853763997556,5848.363109678031,5833.060023002327
5000.0,5642.5668861716995,5973.992404341699,5862.856271117927,5849.591598659755,5832.25179007277
6000.0,5653.968517482282,5982.932795584203,5862.866801023484,5852.077659219504,5837.961443327368
6000.0,5650.479859486223,5992.75067895651,5862.853763997556,5853.917384147645,5840.000421646983
6000.0,5651.537112146617,5991.728776693345,5862.829194217921,5851.846502721311,5839.485396444798
6000.0,5637.521055713297,5985.741271823646,5862.8502540290365,5850.445523858071,5834.1395263560125
5800.0,5625.777954608203,5988.385782390834,5862.856772542001,5853.09254154563,5832.528262771667
6700.0,5607.742482796312,5978.0358880758295,5862.853763997556,5851.097375154496,5824.932377506048
6000.0,5642.968025431038,5969.972988963128,5862.837718427182,5848.498494178058,5831.069306749851
6000.0,5671.450667828322,5962.771536409856,5862.833205610515,5846.731475740672,5835.946721397341
6300.0,5679.993680492044,5959.806114435197,5862.83270418644,5847.364272922278,5837.49919300899
3000.0,5670.610030367971,5957.501067966224,5862.833707034589,5846.394017338754,5834.334705676884
7000.0,5666.723993793131,5960.9212815761575,5862.860783934594,5848.0893321335325,5834.648847859354
6400.0,5635.785376280547,5958.808781951667,5862.84824833274,5846.235065907241,5825.919368118049
6500.0,5661.035337671638,5962.854271382094,5862.848749756814,5847.430460900069,5833.542204927654
7000.0,5646.694358438254,5973.78230765462,5862.854766845704,5847.725799679757,5832.764308154584
6500.0,5634.961536526681,5983.391598612071,5862.8502540290365,5849.232579022647,5832.608992047609
6500.0,5630.5861100554475,5989.536049216987,5862.844738364221,5848.78831729293,5832.938803732396
3000.0,5639.365544170142,5993.980170786382,5862.829695641995,5849.30628836155,5836.370424740017
6000.0,5656.911124661566,5998.265842348338,5862.865296751262,5852.547995001079,5842.647564690561
5800.0,5612.393191084267,5991.061882674695,5862.836715579034,5850.057421624661,5829.087302740664
6500.0,5637.095095962287,5984.181341528893,5862.852259725333,5849.714447557927,5833.46078619361
2500.0,5642.438270896674,5977.741050720216,5862.84223124385,5848.94576445222,5832.99182932824
6000.0,5667.553850635887,5974.47076290846,5862.852259725333,5850.763928145171,5838.910200353713
6000.0,5638.0766335874805,5961.440255492927,5862.845741212369,5848.410243541003,5827.693218458445
6500.0,5659.831669181586,5957.102435827256,5862.846242636443,5848.922698944808,5832.175761647523
7000.0,5641.544231772424,5951.903169602157,5862.838219851256,5847.521720081569,5825.951835326851
5000.0,5631.998621672393,5949.347411096097,5862.848749756814,5846.939566731454,5822.783587314189
6000.0,5638.610399514438,5951.663990318776,5862.841228395701,5847.346723079682,5825.115585327149
7000.0,5658.770655840636,5954.7146543860445,5862.845741212369,5849.213524907828,5831.3861440867195
7000.0,5649.424111098052,5957.205227762462,5862.8357127308855,5848.202152550221,5829.416801035405
5000.0,5643.213221803308,5958.072189986707,5862.834208458663,5847.059407085181,5827.794756833465
6500.0,5646.949583292008,5963.322100043298,5862.83621415496,5847.939907759429,5830.261951312424
5800.0,5642.303387820722,5961.23517304659,5862.854766845704,5845.507499575616,5827.975206822158
7500.0,5664.202332124115,5968.943565338851,5862.857775390149,5848.418767750264,5836.105610150845
8000.0,5647.146392241121,5968.831246346236,5862.846744060517,5847.726301103831,5831.6376709379265
3000.0,5665.450878068806,5970.464885979892,5862.824681401254,5847.807531803847,5836.63699431345
7000.0,5683.937130123378,5980.559555441142,5862.84824833274,5851.2869134545335,5844.657961837948
6600.0,5624.1535913199195,5970.17506286502,5862.843234091998,5847.351737320424,5826.13090639934
6500.0,5625.059163197876,5966.12205207348,5862.8357127308855,5846.451179683209,5825.117026921363
4000.0,5639.87599387765,5965.696343034507,5862.843234091998,5846.123749762774,5828.634830191732
6000.0,5675.574379414321,5972.2469471395025,5862.863792479039,5850.130629539491,5840.203937143088
7500.0,5649.13604296744,5978.435523062945,5862.856271117927,5852.039049565793,5835.616721678526
4000.0,5635.433125868441,5979.494530707599,5862.8502540290365,5851.2984462082395,5832.269089203329
6700.0,5643.878110125662,5987.559435516597,5862.85426542163,5853.147698193789,5836.8598773144195
3000.0,5627.825269103051,5984.774024784566,5862.839222699405,5851.405249536038,5831.710941530765
7000.0,5646.162347495557,5985.966912657023,5862.8532625734815,5852.651789784432,5836.9085781276235
4800.0,5611.629772931338,5976.906179636718,5862.827689945699,5849.416100233794,5825.194935686887
5700.0,5643.977642804385,5970.871039479972,5862.856271117927,5849.024989455939,5831.682485714556
5500.0,5636.8561673909435,5967.033139616252,5862.830698490144,5847.902300953866,5828.655576612801
6000.0,5667.580676823855,5958.846890181304,5862.8532625734815,5847.571862488986,5834.213173016907
6500.0,5653.35427299142,5955.84837421775,5862.852761149407,5847.90280237794,5829.989552684129
7000.0,5658.421915397049,5952.617698907853,5862.839222699405,5847.240421175958,5830.279814545066
6000.0,5667.416711151601,5946.350900828839,5862.839724123479,5841.163161396981,5829.442624375225
6000.0,5632.161083072425,5952.309824526311,5862.829194217921,5842.583194375039,5822.470824047924
6500.0,5628.654123097659,5959.96506586671,5862.831701338292,5844.34720426798,5823.94952364266
7000.0,5616.943614557386,5965.0635458529005,5862.83270418644,5844.406372308732,5822.311559226365
5800.0,5631.764456629754,5967.175042629243,5862.833205610515,5843.881882727147,5826.413646899165
6500.0,5639.53352123499,5971.701397746802,5862.851256877185,5845.234724879266,5829.830225184561
5500.0,5644.237881898881,5975.805553793908,5862.851256877185,5845.797824114562,5832.173129171134
5000.0,5668.024186417461,5979.8159435391435,5862.846242636443,5846.006917953492,5839.173322636635
6000.0,5687.622095644475,5981.257036328317,5862.85426542163,5846.6457322239885,5844.5947824046025
6000.0,5678.40642258525,5985.269431769849,5862.847245484591,5848.262323439122,5843.696355819703
2500.0,5662.623849138618,5986.692974716426,5862.836715579034,5847.46054634452,5839.903521444649
6400.0,5658.575100451709,5986.533521860839,5862.851256877185,5848.5706992447385,5839.132644608618
6000.0,5619.328888878227,5975.248973071576,5862.847746908666,5846.357413381339,5825.945755559952
5000.0,5625.373556092382,5969.567838311196,5862.856271117927,5845.439305901528,5825.809242855758
7500.0,5656.213393062354,5970.952771604062,5862.8502540290365,5847.073446959258,5834.272466413678
6000.0,5654.272631183268,5967.138438671828,5862.837217003108,5845.931704342366,5832.5449978001425
7000.0,5657.759032770992,5966.842598468066,5862.839724123479,5845.5992601811895,5833.260153885932
7400.0,5651.478696241976,5962.329781800509,5862.851256877185,5844.159170240165,5830.204726289959
5800.0,5663.244612142445,5965.933516621591,5862.8532625734815,5843.772070854903,5833.950865548105
7600.0,5696.912982314826,5980.282267928124,5862.853763997556,5847.767919301988,5846.954233385623
2500.0,5678.009294718505,5982.318049669267,5862.830698490144,5846.84780612588,5842.501462250949
5000.0,5694.458511471749,5986.94218248129,5862.858778238297,5848.986881226302,5848.31158835441
6300.0,5657.9423032701025,5980.156911909581,5862.865798175336,5848.57571348548,5837.385181710125
6000.0,5646.68959490955,5979.035226255656,5862.839222699405,5847.243429720403,5833.951868396253
6500.0,5658.687920868398,5980.566073954106,5862.858276814223,5848.213183879853,5837.581363879145
3000.0,5627.278215438128,5980.452752113343,5862.832202762366,5846.675817668439,5829.309746995569
7000.0,5656.495694816113,5982.497058063746,5862.849752604962,5847.772933542729,5837.403859756888
6500.0,5626.918694376946,5967.79229566455,5862.855769693852,5844.298566132785,5825.466331467033
6300.0,5653.836392238737,5966.664091497661,5862.837718427182,5844.746839255095,5832.021260354669
5800.0,5672.053128853441,5968.995713442565,5862.832202762366,5845.217676460744,5837.274680379779
6400.0,5668.302476778627,5967.505481094123,5862.849251180888,5845.560650527478,5836.054464895279
6000.0,5642.108083143831,5964.559113234282,5862.843234091998,5843.87987703085,5828.3475768752405
6000.0,5648.090824484826,5965.353870391847,5862.834709882737,5844.739317893983,5830.254680663348
7000.0,5652.833042666317,5962.27813512087,5862.854766845704,5845.433288812638,5830.849808361382
6500.0,5651.121682301165,5962.525838613511,5862.8241799771795,5844.7092324495325,5830.295233335347
6500.0,5666.368985548616,5956.604020297528,5862.842732667924,5843.582532554866,5832.349567767234
2500.0,5658.670371025802,5957.732224464417,5862.830698490144,5844.21984255314,5830.863284133376
6000.0,5671.187921613456,5964.09980878234,5862.864293903113,5846.78412526846,5836.234037391842
6500.0,5630.515659973026,5960.105464607478,5862.8417298197755,5845.297402888537,5824.690064322204
6000.0,5647.885992750526,5964.198589324952,5862.858778238297,5845.34453675151,5830.071974266321
6000.0,5642.360048741103,5973.0973623693,5862.851256877185,5846.490792185069,5831.199865043164
6600.0,5652.347914874555,5980.8333329856405,5862.847746908666,5847.754380851985,5835.945843905211
7000.0,5642.244219779969,5984.110139310361,5862.858276814223,5847.173731774093,5834.0965919196615
5500.0,5642.402419075371,5986.368051916362,5862.843735516072,5846.239077299834,5834.46332095191
6000.0,5666.2273332476625,5991.134087741376,5862.859279662372,5848.369126766921,5842.147456854583
6500.0,5663.6821046471605,5993.470222502948,5862.835211306811,5848.640397191049,5842.156983911992
6500.0,5657.392241060735,5990.041484683753,5862.853763997556,5846.241584420205,5839.132268540562
6500.0,5643.820446357132,5989.387627691031,5862.849752604962,5844.693688303233,5835.18787873909
4000.0,5657.499044388534,5985.027745366097,5862.845239788295,5844.925847649575,5837.574469298125
7500.0,5674.416340515018,5985.410833358766,5862.859279662372,5847.997571527959,5842.671006266029
6500.0,5667.779742181302,5983.224624395371,5862.835211306811,5847.882745414973,5840.4305808246145
6700.0,5666.34717360139,5979.565732926131,5862.846242636443,5846.39000594616,5838.787288777531
6000.0,5644.672115147115,5979.1665993630895,5862.838219851256,5846.1703822016725,5833.211829140783
6500.0,5652.949874475599,5978.246987611056,5862.842732667924,5847.003247588874,5835.260710585863
6500.0,5646.775087714196,5971.713431924582,5862.839222699405,5844.769904762507,5831.524411775173
3000.0,5676.838970929385,5967.661925405265,5862.839724123479,5844.96846869588,5838.077272288502
6500.0,5689.506948739291,5971.431631594897,5862.861285358668,5847.278529405595,5842.769598774613
6500.0,5662.633376196028,5969.170710444451,5862.845239788295,5845.026633888484,5834.918990079314
6000.0,5674.475007131697,5973.355094343425,5862.844738364221,5846.644227951766,5839.329766947777
6000.0,5645.992866158486,5977.025518566371,5862.8387212753305,5846.145310997964,5833.000604249538
6000.0,5640.459902212025,5976.029188930989,5862.860783934594,5846.362929046155,5831.428201030941
6400.0,5643.2077061384925,5978.7113063037405,5862.850755453111,5847.477093338967,5833.061715308578
7400.0,5668.136756122113,5979.195681959392,5862.851758301259,5847.072945535184,5839.314285479487
6000.0,5650.94994455576,5979.136012494565,5862.852259725333,5845.859499275685,5834.699429012836
7500.0,5647.325149923564,5980.801743268968,5862.8357127308855,5845.734644681216,5834.174312651158
6000.0,5649.717193469406,5975.359286367894,5862.829695641995,5845.28687298298,5833.298262115569
7000.0,5655.111012235285,5972.067938745023,5862.842732667924,5845.151989907027,5833.793418388815
6000.0,5664.198320731522,5973.0732940137395,5862.849251180888,5845.747681707145,5836.4671369083235
6500.0,5662.828680872918,5975.296106934548,5862.839222699405,5845.962792634965,5836.731700785459
7000.0,5669.416390359403,5975.473109632731,5862.849251180888,5845.569676160813,5838.327106833459
6000.0,5659.970563650132,5975.036870688201,5862.8357127308855,5844.9268504977235,5835.6924993917355
5800.0,5659.818882867695,5969.656590372325,5862.828191369773,5843.9440593123445,5834.061930980534
3000.0,5660.184671729804,5966.847111284734,5862.8532625734815,5845.234223455192,5833.779817260803
7000.0,5656.1421908438215,5970.849478244782,5862.85426542163,5847.674654424191,5834.380147233606
7000.0,5639.303869009019,5963.352686911822,5862.829194217921,5845.2542804181585,5827.68500763923
6500.0,5649.69964362681,5950.6069883704195,5862.846242636443,5841.4850756526,5826.159487571568
6700.0,5660.704147070647,5952.611681818963,5862.85426542163,5841.539730876685,5829.427456296981
5000.0,5673.33451807499,5962.251058220864,5862.837718427182,5844.19226422906,5835.653889738024
7500.0,5690.470184385777,5969.394847005607,5862.855769693852,5847.177241742612,5842.474510706962
6000.0,5642.037382349373,5970.131940394641,5862.846744060517,5846.05355039239,5830.26740429923
6700.0,5657.593813538552,5975.781986862422,5862.850755453111,5848.335029929877,5836.1403964459905
7000.0,5641.121280565859,5977.867409586907,5862.840726971627,5847.792489081622,5832.405476551504
6000.0,5640.850010141731,5973.580735176803,5862.846242636443,5845.663943886758,5830.735232960434
6300.0,5639.713031053544,5974.232085049153,5862.851256877185,5846.477253735066,5830.818406678737
3000.0,5654.376425966621,5976.936766505242,5862.834709882737,5846.238074451686,5835.096494201572
3500.0,5677.045557647944,5983.258219808341,5862.865798175336,5849.0315079689035,5843.050270900131
6000.0,5645.915396139027,5986.324428021909,5862.848749756814,5849.23659041524,5836.081291083247
4000.0,5633.579862490297,5972.625522315503,5862.830698490144,5845.022121071816,5828.51455109194
6000.0,5652.271949127317,5967.724603414536,5862.867302447558,5845.412730425597,5832.069146353752
3000.0,5635.387245565654,5965.2520813047895,5862.856772542001,5844.142121821643,5826.909555308522
3000.0,5649.6923729777345,5968.602095544339,5862.858276814223,5846.388000249864,5831.88518639654
2500.0,5646.4012760669,5971.497819572688,5862.856772542001,5848.608807474376,5832.341168913991
5600.0,5640.889371931554,5971.177911013366,5862.865798175336,5848.66697266698,5830.900013446809
6000.0,5624.095676839353,5964.43024724722,5862.855268269778,5847.05689996481,5824.60952308029
6000.0,5629.849016666413,5967.297891527415,5862.850755453111,5846.485777944327,5826.620860397817
4000.0,5632.45065547526,5966.754849255086,5862.828692793847,5845.182576775552,5826.804193574936
3500.0,5653.509463742376,5966.209299862386,5862.8647953271875,5847.140136361123,5832.430923823268
6000.0,5651.241773366929,5970.056225359441,5862.869308143855,5849.596111476422,5833.440854586662
7000.0,5647.165697067977,5972.144656628371,5862.855769693852,5849.363450706006,5832.882393524052
6500.0,5663.337877020241,5971.511358022691,5862.841228395701,5848.1851041316995,5836.468891892583
5000.0,5664.21737484634,5970.506002753974,5862.843735516072,5845.787294209004,5835.838601831348
6000.0,5658.676638826729,5972.259984165431,5862.843735516072,5846.177402138711,5834.989440161736
3000.0,5643.840503320099,5973.138479143382,5862.845239788295,5846.752034127713,5831.644064094872
6500.0,5670.337506383658,5978.130155801774,5862.852259725333,5848.909160494805,5840.057270601393
6000.0,5643.160321563483,5972.294582426549,5862.834208458663,5846.436638385058,5831.181437708438
8000.0,5652.935834601522,5964.241210371257,5862.855769693852,5845.300912857057,5831.333431880922
5000.0,5642.478886246682,5957.379723340274,5862.825684249402,5843.50130185485,5826.546398922802
6000.0,5678.755413740874,5954.964363574983,5862.840726971627,5843.298726528884,5834.964807704092
6000.0,5681.234454363585,5954.304990917445,5862.840726971627,5844.0222814679155,5835.600613430143
6000.0,5690.315495058895,5958.191027492286,5862.845741212369,5845.707066357137,5839.264832530172
7000.0,5654.554932937027,5962.546397000552,5862.845741212369,5846.372957527638,5831.580007169397
8000.0,5637.9954028874645,5963.6635698378095,5862.83621415496,5845.054713636638,5827.387475129218
6000.0,5647.191520407797,5957.743255794049,5862.83270418644,5843.192926049233,5827.74010160938
4000.0,5666.710204631091,5961.208597570659,5862.847746908666,5845.472901314498,5834.059862606228
4500.0,5664.540542662145,5968.405537307263,5862.8532625734815,5847.856169939042,5835.913878120483
7500.0,5656.004800647498,5969.257456809283,5862.867302447558,5848.659952729941,5834.19737815857
6000.0,5640.738192573191,5969.424932450057,5862.841228395701,5847.981525957585,5830.246469844134
4800.0,5660.605115815998,5975.48614665866,5862.857775390149,5848.694049566985,5836.910771857948
6000.0,5670.683990418912,5985.411836206914,5862.857273966075,5850.714788585902,5842.416972294451
7000.0,5648.867279663683,5988.075400888921,5862.849251180888,5850.096532702447,5837.472116108985
6800.0,5640.482466295362,5974.4647458195695,5862.839222699405,5840.83974286914,5829.656544420869
4000.0,5641.877678781749,5963.560777902604,5862.839222699405,5835.083895921708,5825.840393826366
6000.0,5652.279721200467,5971.470742672683,5862.86629959941,5841.781918704511,5832.099670544268
7000.0,5621.514596417547,5982.782869786025,5862.856271117927,5845.985858142377,5828.284898865969
7000.0,5639.687458425761,5991.469039022923,5862.846744060517,5847.716774046422,5835.430003888906
6000.0,5622.908053919674,5993.383476138116,5862.8357127308855,5846.794655174018,5831.480474490673
5800.0,5644.095226749779,5989.591205865146,5862.837718427182,5845.943237096072,5835.616847034545
7000.0,5664.818331599236,5986.8744902312765,5862.84824833274,5846.433128416539,5840.243549644948
6400.0,5682.47923962772,5983.498903363944,5862.849251180888,5845.857493579389,5843.671221937985
5500.0,5695.936709642411,5983.029069006444,5862.849752604962,5845.946245640517,5846.940444223584
6000.0,5687.532591447235,5983.951689302922,5862.855268269778,5846.003909409047,5845.085864607246
7500.0,5674.337115511299,5978.904354572297,5862.834709882737,5845.324479788543,5840.350164938719
4000.0,5662.263325229288,5971.808201074601,5862.845741212369,5844.5121727883825,5835.35736007616
5000.0,5670.91564834118,5978.2504975795755,5862.841228395701,5847.656101733447,5839.915869012476
6500.0,5649.921022355557,5971.288224309684,5862.850755453111,5847.655600309373,5832.928900606931
7000.0,5637.884588167072,5964.550087600947,5862.851256877185,5847.134119272233,5828.105012979359
5000.0,5657.094395160676,5963.75733613968,5862.844738364221,5845.715089142323,5832.352889701725
6000.0,5696.885905414821,5968.2435773313055,5862.865296751262,5847.90280237794,5843.974395468832
7600.0,5685.089904069901,5974.351925402881,5862.832202762366,5848.194631189109,5842.617165856064
5300.0,5676.011119782926,5965.854793041945,5862.837718427182,5845.352058112622,5837.513922341169
3000.0,5684.199124202133,5969.463542103768,5862.829194217921,5846.48126512766,5840.743281412871
5000.0,5682.779341936112,5974.875412136317,5862.851758301259,5848.676499724389,5842.295753024519
7000.0,5640.17459191382,5967.911133170129,5862.8617867827425,5847.051384299994,5829.4997240416715
7000.0,5636.615985259415,5962.188380211593,5862.83621415496,5844.45300474763,5826.523396093399
7000.0,5675.6137412041435,5956.734390556813,5862.846744060517,5843.348868936301,5834.635936189444
6000.0,5691.377009823919,5964.380104839803,5862.833707034589,5844.851135462523,5840.8604892902085
6600.0,5684.239990264178,5965.21848589182,5862.833205610515,5844.553790986539,5839.211368188263
6500.0,5657.144537568093,5969.441980868579,5862.856772542001,5845.912650227548,5833.838985301555
7000.0,5644.220582768322,5976.276892423631,5862.85426542163,5847.270005196334,5832.655436452479
6500.0,5658.776923641563,5985.714696347714,5862.846242636443,5848.782801628114,5839.030166063459
7500.0,5674.237833544613,5992.226189374925,5862.83270418644,5849.010448157788,5844.5767938159415
6200.0,5649.807449802757,5983.837866038085,5862.840726971627,5846.480262279511,5835.741576272995
7000.0,5646.893173083664,5981.32472857833,5862.843735516072,5844.9759900569925,5834.009406808765
5000.0,5661.305855959655,5978.954496979714,5862.846744060517,5844.188754260541,5836.823962815107
6400.0,5691.38728901744,5985.534685105086,5862.852761149407,5847.437982261182,5846.803179383279
6400.0,5671.650736033917,5986.388108879329,5862.8532625734815,5847.091498225928,5841.995901428164
6000.0,5656.541324406863,5988.156631588937,5862.853763997556,5846.725960075856,5838.569420017303
6600.0,5654.548915848137,5993.350883573295,5862.842732667924,5847.530745714904,5839.568319451065
6500.0,5647.765901684762,5989.135912805797,5862.847746908666,5846.266655623914,5836.5040542557845
4000.0,5636.154925823213,5984.487210214139,5862.853763997556,5846.131772547961,5832.406918145717
6800.0,5655.219069123269,5987.380928546191,5862.852761149407,5847.88475111127,5838.334377482534
6400.0,5666.802717372776,5973.908666521312,5862.828692793847,5841.287013143302,5836.206772457809
3000.0,5633.991030231119,5968.14680248499,5862.849752604962,5841.305565834046,5826.573287788779
4000.0,5625.1940462738285,5978.431010246278,5862.86028251052,5846.044524759055,5828.13246594742
6800.0,5630.074657499791,5979.919738322497,5862.868806719781,5847.97851741314,5830.210429988802
6000.0,5635.331587493421,5978.569904714824,5862.856271117927,5846.026473492385,5830.696059204639
6500.0,5671.076605468989,5983.334436267615,5862.852259725333,5847.042358666659,5841.076415032149
7600.0,5672.979760542513,5988.088437914849,5862.86028251052,5846.459202468396,5842.5969208590695
7500.0,5651.199403032661,5985.8134768903265,5862.839222699405,5844.280514866115,5836.033154372127
6500.0,5672.501652687789,5985.278457403184,5862.835211306811,5844.811522960664,5841.356711089612
4000.0,5671.468217670918,5984.9179334938535,5862.842732667924,5843.6918430030355,5840.730181708933
2500.0,5687.73867674172,5991.640526056291,5862.867302447558,5846.851316094399,5847.274455334992
6000.0,5664.8125652223835,5998.769272118808,5862.865798175336,5849.003929644824,5843.862891290338
4000.0,5650.050891190768,5991.59840643406,5862.829194217921,5846.342872083188,5837.705340981484
7000.0,5658.188001066447,5981.350802630187,5862.859781086446,5846.249607205392,5837.162047997118
6500.0,5627.657041326166,5975.090523064137,5862.840225547553,5845.337015390397,5827.731201332063
7500.0,5663.959642872215,5974.2240622639665,5862.829695641995,5844.575853645802,5836.397313605995
5800.0,5656.50547258556,5965.538394451142,5862.844738364221,5842.492938041688,5831.845385860653
6000.0,5669.105006009341,5969.739826768638,5862.847746908666,5844.511671364308,5836.551062762738
3000.0,5674.711428582669,5975.523753464223,5862.840726971627,5845.810359716416,5839.721567183734
6400.0,5685.166371241213,5979.9608550965795,5862.855769693852,5847.206324338914,5843.79733009264
6600.0,5653.191811591388,5970.44783756137,5862.844738364221,5843.103171139956,5832.396889664234
6000.0,5667.060198634864,5967.268307507039,5862.858778238297,5843.1643448770055,5835.087907314301
6000.0,5656.713814288379,5969.503656029702,5862.8357127308855,5843.376447260381,5833.107407577337
6000.0,5678.663903847338,5971.01143822074,5862.838219851256,5844.328651577235,5839.210553374142
5000.0,5660.529902204872,5971.821739524604,5862.8357127308855,5843.963614851237,5834.7877423279
5000.0,5661.130357533694,5970.802845805884,5862.855268269778,5845.364092290402,5835.03814097494
6500.0,5638.955880701543,5971.460212767125,5862.833707034589,5844.673129916192,5829.480732604862
7000.0,5654.743217676879,5966.405356675387,5862.849251180888,5842.698521912099,5831.674086861313
4000.0,5661.7486134171495,5964.162988215686,5862.833707034589,5841.902260482312,5832.661892287434
4000.0,5689.471849054099,5969.745843857528,5862.863792479039,5845.511009544135,5841.8981237337
7000.0,5662.148248404265,5977.692914009095,5862.854766845704,5847.4545292556295,5837.5376146286735
6000.0,5656.9828283041725,5976.006624847651,5862.836715579034,5845.305927097798,5835.283023957164
6000.0,5651.623858511449,5975.830123573543,5862.845239788295,5844.895260781051,5833.798620663584
6400.0,5623.038925603033,5970.753204822541,5862.839724123479,5843.235547095538,5824.966850411148
4500.0,5635.9425727278,5966.099487990142,5862.842732667924,5842.013075202704,5826.724467147143
6300.0,5683.295056596399,5967.189583927394,5862.862789630891,5844.567830860616,5839.478815253825
7000.0,5679.510307684542,5971.24209329486,5862.83621415496,5844.788457453252,5839.594268146903
3000.0,5666.0387977957735,5967.196603864432,5862.847746908666,5842.891570180655,5834.743679687382
6000.0,5671.3496308773765,5978.637596964837,5862.849251180888,5846.649743616582,5839.871555659921
5000.0,5637.466149777175,5978.088036179543,5862.8532625734815,5846.485777944327,5831.223306618632
5000.0,5632.707384601236,5973.187117278577,5862.8502540290365,5844.5623151958,5828.326767776162
6000.0,5672.345459088684,5969.584385305644,5862.865296751262,5845.653915405274,5837.612264137716
7000.0,5672.757629677654,5971.5339221060285,5862.844236940146,5845.52003517747,5838.163955975325
3000.0,5689.2181284725675,5975.547320395709,5862.834709882737,5845.077277719975,5843.169359117747
6900.0,5692.24948771298,5983.443746715785,5862.865296751262,5848.365616798402,5846.731036994607
5800.0,5619.837583601476,5983.436225354672,5862.837718427182,5845.866519212724,5827.9945116490135
3000.0,5647.219850867988,5983.323906362058,5862.849752604962,5845.306929945947,5834.675109945239
6800.0,5664.0646912157545,5991.642531752587,5862.852761149407,5847.954950481654,5841.628733649851
5000.0,5636.439734697343,5975.145178288222,5862.842732667924,5838.084417581559,5828.128015808762
6000.0,5635.418083146215,5974.057088047267,5862.859781086446,5841.22433513403,5828.38982185349
8000.0,5616.7307600379,5973.778296262027,5862.83621415496,5842.0857816934595,5823.857763037086
7000.0,5643.16232725978,5969.340191781522,5862.824681401254,5842.026613652707,5829.338453523816
6500.0,5636.368281766773,5968.016432225705,5862.844738364221,5841.255423426629,5827.121218945832
7000.0,5658.616217225791,5971.836280822755,5862.849752604962,5843.521860241891,5834.20602772385
5800.0,5665.657214075328,5976.440356671811,5862.849251180888,5845.20764797926,5837.538617476822
7500.0,5698.9379834383735,5985.544212162496,5862.85426542163,5847.80301898718,5848.78487000242
2500.0,5677.688383311034,5983.539518713952,5862.842732667924,5846.288718283177,5842.589838244022
6000.0,5689.343985915185,5985.762833058835,5862.851758301259,5848.20917248726,5846.541937440635
6500.0,5639.456301927567,5975.976037979127,5862.8617867827425,5847.155680507422,5831.362451799215
5000.0,5654.147024452687,5972.0729529857645,5862.83019706607,5845.976331084968,5833.756626397372
5500.0,5678.284325823189,5966.322120279075,5862.865798175336,5846.105698496104,5838.394485693426
6400.0,5659.826404228807,5966.733789443971,5862.855268269778,5845.664445310832,5833.769976813347
3000.0,5681.442545354367,5967.6348485052595,5862.8502540290365,5845.751191675664,5839.419709891082
7500.0,5685.494553297759,5981.796067208053,5862.863291054965,5848.85801523924,5844.752981700004
7500.0,5635.296237096191,5974.308802932502,5862.833205610515,5845.133437216283,5829.392920713873
7000.0,5637.653180956841,5966.924330592156,5862.847245484591,5842.828892171384,5827.563412301243
6500.0,5650.43197348714,5967.659919708968,5862.833707034589,5843.259615451098,5831.046303920449
6000.0,5678.246719017626,5972.152679413558,5862.843735516072,5842.858977615834,5839.0255278907725
6700.0,5671.536411345006,5974.051572382451,5862.832202762366,5842.978316545487,5837.849625758828
7000.0,5671.304753422738,5976.910191029311,5862.833205610515,5843.705381453038,5838.6883828789005
4000.0,5678.382855653764,5978.844183683396,5862.851256877185,5843.341848999263,5840.855036303402
6400.0,5673.703816905619,5988.884197920562,5862.84223124385,5845.9327071905145,5842.840738315136
5000.0,5663.973933458329,5983.862937241794,5862.849752604962,5844.891750812531,5838.894593529404
6000.0,5662.625854834915,5984.764497727157,5862.859279662372,5845.92618867755,5839.043955225498
6000.0,5658.550279960037,5980.7320453226575,5862.829695641995,5844.732297956944,5836.711079720409
6500.0,5665.132724493743,5974.27019327879,5862.857273966075,5844.62599605322,5836.721546947957
6500.0,5650.173990800978,5975.880767405034,5862.826185673476,5844.557802379132,5833.359686564655
6200.0,5658.5831232368955,5966.965447366239,5862.854766845704,5843.580025434495,5832.995840720833
6500.0,5666.398569568993,5968.092648684979,5862.837718427182,5844.217836856843,5835.386693384499
6500.0,5692.062205821277,5968.006905168296,5862.845741212369,5845.286371558906,5842.050305940212
7500.0,5675.084989517928,5963.588857650758,5862.839724123479,5843.334829062224,5836.212100088597
6700.0,5676.048977300526,5956.293638795615,5862.839222699405,5842.673952132464,5834.463947732002
3500.0,5669.29529644549,5958.039095997811,5862.835211306811,5843.328811973334,5833.374603930862
6000.0,5682.749256491662,5966.449983417989,5862.845741212369,5846.012935042382,5839.5144790411005
6500.0,5645.221174508334,5962.683285772801,5862.835211306811,5844.277004897595,5828.7541691213855
5000.0,5643.209210410715,5957.746264338494,5862.831701338292,5842.687490582467,5826.618666667492
6400.0,5657.12247490883,5953.431008756162,5862.864293903113,5843.365917354823,5829.195923730732
7000.0,5661.542277410627,5954.750255495311,5862.851256877185,5843.929016590119,5830.768201593311
6500.0,5673.026392981411,5961.186033487321,5862.84824833274,5844.609950482846,5835.417656321079
4000.0,5652.2315844893465,5965.251078456641,5862.843234091998,5844.933870434762,5831.314941868187
6000.0,5650.150925293566,5972.765419632197,5862.8678038716325,5846.4311227202425,5833.0538178794095
6000.0,5617.102064564825,5971.462218463422,5862.85426542163,5845.6804908812055,5824.2747598327705
6500.0,5644.3496994674215,5970.332008600236,5862.849251180888,5845.931202918292,5830.865540541709
7000.0,5641.606909781695,5970.444327592851,5862.857273966075,5844.045848399402,5829.738589935006
7000.0,5656.7887771874675,5971.478264033795,5862.850755453111,5843.900936841966,5833.754683379085
6400.0,5658.105516806246,5968.044511973859,5862.839724123479,5838.154616951943,5831.786092463882
6800.0,5649.570276215673,5971.523392200471,5862.852259725333,5840.092119574548,5831.009511929006
6000.0,5642.467102780939,5974.283230304719,5862.828692793847,5838.022240996362,5829.400316718967
7000.0,5621.94807752967,5980.193014442922,5862.840726971627,5840.405008196832,5826.3467067852625
6000.0,5607.1633379906425,5979.667020589114,5862.85426542163,5840.253578126431,5822.4845505319545
7000.0,5636.471575126053,5986.036109179259,5862.842732667924,5843.129245191813,5832.119915541262
6600.0,5671.602850034834,5989.554100483657,5862.82668709755,5844.072423875333,5842.0140153728435
6400.0,5693.660244345666,5983.581136912108,5862.846242636443,5842.84644201398,5845.733516477049
5000.0,5682.684823498131,5980.120809376241,5862.8532625734815,5842.618294060231,5842.069297377021
3000.0,5695.52378691733,5983.058151602746,5862.8502540290365,5845.120400190354,5846.638148184867
4000.0,5712.927965819837,5985.711186379195,5862.854766845704,5847.519212961198,5852.253283001483
6000.0,5681.262534111739,5979.27841693163,5862.853763997556,5845.758211612702,5842.288231663407
3000.0,5649.283963069321,5966.57032519579,5862.840225547553,5843.340846151114,5830.508839990945
6400.0,5652.694649621845,5965.8086620271215,5862.8617867827425,5844.651067256928,5831.504041422159
6000.0,5648.7008068710575,5960.859606415034,5862.851758301259,5843.893916904927,5829.0765221230695
4000.0,5657.818702235819,5961.9241297245035,5862.829695641995,5843.354384601117,5831.481728050859
6800.0,5664.450035616756,5961.1850306391725,5862.85426542163,5844.6570843458185,5833.286604005844
7000.0,5624.126765131951,5959.018878638745,5862.847245484591,5844.582372158767,5822.643815353514
6000.0,5644.485334679485,5960.755310207606,5862.851256877185,5844.8019959032545,5828.223474416883
4000.0,5650.788736715914,5965.726428478957,5862.854766845704,5845.592741668225,5831.2406684272
5000.0,5675.87047033012,5973.20917993784,5862.868806719781,5848.399713635446,5840.087042655797
5000.0,5669.797723367811,5977.804230153562,5862.844236940146,5848.315975815059,5839.690541569144
6000.0,5683.204298838974,5972.57588133216,5862.850755453111,5846.949093788863,5841.395007353277
6000.0,5652.264929190279,5966.670610010625,5862.851256877185,5844.682155549527,5831.617237906904
7000.0,5651.545887067915,5966.51617139578,5862.8502540290365,5844.872696697713,5831.446252297611
6500.0,5647.0310647040615,5965.639682114125,5862.848749756814,5843.621142208577,5829.785159695894
6000.0,5661.558322981001,5969.572351127864,5862.846744060517,5843.5033075511465,5834.370181430132
6500.0,5673.589492216707,5976.3836957514295,5862.8502540290365,5846.147818118335,5839.742815028877
6500.0,5656.945472210647,5982.884658873082,5862.85426542163,5845.261801779271,5836.986549571157
6500.0,5647.632272168995,5988.430409133435,5862.831199914218,5844.815032929183,5835.927228536458
7000.0,5654.862305894495,5985.585328936578,5862.850755453111,5844.414395093919,5836.9281963445255
8000.0,5654.38946299255,5983.287803828717,5862.843234091998,5843.29220801592,5835.953177232296
5500.0,5677.710947394372,5981.151235848666,5862.8502540290365,5843.290703743697,5841.250785253943
2000.0,5709.713837504388,5990.271638333798,5862.843234091998,5846.8718744814405,5852.425146102906
4800.0,5709.008835256101,5997.486629337073,5862.866801023484,5849.39754754305,5854.689953289927
6000.0,5669.679637998343,5993.795646727086,5862.857775390149,5849.082151800395,5843.853802978993
2500.0,5641.266944259406,5985.451950132848,5862.842732667924,5845.745174586774,5833.826700411738
6000.0,5665.241282805801,5985.379745066167,5862.855268269778,5847.712762653829,5840.297264698894
7000.0,5622.038835287095,5971.840793639422,5862.843735516072,5844.0222814679155,5825.186411477626
6000.0,5642.107832431794,5963.38126808405,5862.836715579034,5842.524527758361,5827.71258596331
6500.0,5644.199773669244,5959.513784199954,5862.8357127308855,5842.229690402747,5827.194740250708
5000.0,5647.250437736512,5958.512941747905,5862.834709882737,5841.845098137856,5827.610796876253
6000.0,5667.297873646022,5958.429705351592,5862.855268269778,5843.274156749249,5832.96425100416
7000.0,5662.080806866289,5963.92681747675,5862.84824833274,5845.065744966269,5833.480404410512
5600.0,5661.129103973509,5966.477561742068,5862.824681401254,5843.942555040122,5833.593475539238
5000.0,5668.307240307332,5965.146782249213,5862.852761149407,5843.991694599391,5835.074619576336
6000.0,5650.898047164083,5967.3525467515,5862.855268269778,5844.35322135687,5831.364770885558
5800.0,5670.818622782827,5974.022489786149,5862.852259725333,5846.092661470176,5838.446508441121
5000.0,5665.144006535412,5978.0765034258375,5862.853763997556,5846.890928596259,5838.241300638766
6000.0,5648.511769995094,5979.943305253983,5862.846242636443,5846.329333633185,5834.4076628796765
6500.0,5634.759964048863,5971.313295513392,5862.834709882737,5844.137107580901,5828.2612692564735
5000.0,5643.6569821089515,5964.611261337996,5862.845741212369,5842.857473343612,5828.492864500732
6000.0,5642.658396065236,5960.864119231702,5862.840726971627,5842.625815421344,5827.247264422477
8000.0,5651.093602553011,5962.009371817113,5862.853763997556,5843.983671814204,5829.985102545471
6400.0,5650.640565901996,5963.964424282313,5862.83270418644,5843.437119573356,5830.218703486026
6000.0,5691.442947089673,5971.183426678182,5862.845239788295,5845.102348923684,5842.643490619958
6000.0,5667.247981950642,5981.305674463511,5862.855268269778,5845.279351621867,5839.17206907645
6500.0,5653.883776813746,5988.6690869927415,5862.849752604962,5845.196115225554,5837.649682909251
6000.0,5647.857662290336,5986.364040523768,5862.844738364221,5844.064401090146,5835.282710567118
6000.0,5657.223010435701,5981.263554841281,5862.846242636443,5844.038327038289,5836.342783737929
6000.0,5665.7229006290445,5982.825992256404,5862.857775390149,5847.024808824063,5839.607869274915
6000.0,5649.190447479487,5982.157092541457,5862.857273966075,5846.6457322239885,5835.212636552752
6000.0,5657.557460293175,5982.748772948981,5862.851758301259,5846.867863088847,5837.5064636580655
7000.0,5675.117080658675,5982.109457254411,5862.846242636443,5847.076956927777,5841.787434369327
6300.0,5666.015983000399,5978.68122085929,5862.836715579034,5845.168536901475,5838.175614085049
6600.0,5684.236981719733,5975.681200623513,5862.838219851256,5843.909962475301,5841.666591167451
6800.0,5666.635241732002,5971.243597567082,5862.857273966075,5843.357894569636,5836.023501958699
7600.0,5659.940227493645,5972.143653780223,5862.86028251052,5844.9238419532785,5834.9670014344165
3000.0,5671.570257470013,5976.051753014327,5862.83019706607,5845.602770149709,5839.0137444250295
6500.0,5697.721027210356,5982.307018339635,5862.856271117927,5847.988545894624,5847.718215640635
2500.0,5648.09909798205,5975.057429075242,5862.839724123479,5846.299749612809,5833.074000198395
7500.0,5666.322603821755,5977.53245830536,5862.8617867827425,5847.579885274173,5838.574183546008
6500.0,5640.907673910261,5967.549104988576,5862.83621415496,5844.525711238385,5828.954676073045
6300.0,5659.658928588034,5963.352686911822,5862.832202762366,5843.285188078881,5832.282251585276
6500.0,5655.227342620493,5959.238000959159,5862.843735516072,5840.537384152413,5829.461615812034
7000.0,5676.077307760716,5957.837523519994,5862.847245484591,5840.6451903283605,5834.3518167734155
2500.0,5675.3702998161325,5965.475716441871,5862.827689945699,5841.736790537835,5836.352624185384
6000.0,5690.90191051364,5974.390033632518,5862.85426542163,5844.490110129119,5843.159079924227
3000.0,5633.848625794054,5968.279178440572,5862.856271117927,5841.771890223027,5826.688991393895
7000.0,5635.43061874807,5971.97868525982,5862.856271117927,5843.4511594474325,5828.429183643312
7000.0,5614.396630972625,5963.536709547044,5862.8417298197755,5841.711719334126,5820.621697418393
7200.0,5646.241321787239,5952.344924211503,5862.837718427182,5834.927451610566,5824.087854009123
2500.0,5640.665736794473,5955.847872793675,5862.847245484591,5837.506275624038,5824.216782674194
5600.0,5654.347594082356,5972.761909663678,5862.863291054965,5843.473222106696,5833.361504226924
3000.0,5642.570646852256,5978.849699348212,5862.85426542163,5844.776924699546,5832.262884080411
4000.0,5650.150674581529,5988.190227001906,5862.854766845704,5847.214347124101,5837.10250388831
6000.0,5625.388598814608,5987.365384399892,5862.855268269778,5845.8660177886495,5830.368817318232
6000.0,5630.094714462758,5979.609858244658,5862.851256877185,5844.1681958735,5829.181006364525
5500.0,5640.113668888808,5971.1919508874425,5862.836715579034,5841.96443706751,5829.0266931056985
6900.0,5673.296911269427,5970.203644037248,5862.839222699405,5842.265291512013,5837.151267379523
7500.0,5674.760317429901,5967.05570369959,5862.834709882737,5841.185725480319,5836.459114123137
6000.0,5667.6421012729415,5964.789266884328,5862.839222699405,5840.929497778417,5834.050022158773
8000.0,5682.022191584111,5967.943224310876,5862.844738364221,5842.9101228714,5838.930069282652
6200.0,5669.1724475473175,5966.61595478654,5862.834208458663,5841.515161097051,5835.034442972393
5000.0,5692.789772152902,5967.990358173848,5862.841228395701,5841.843593865634,5841.366238147021
6000.0,5704.210206866265,5969.972988963128,5862.855268269778,5844.638030231,5845.419123582543
7000.0,5672.0017328858385,5972.253967076541,5862.84824833274,5845.321972668172,5838.106480240823
6000.0,5647.392842173577,5968.476739525796,5862.836715579034,5843.173871934415,5830.470042303205
6500.0,5656.636344268919,5963.903250545264,5862.827689945699,5841.818522661925,5831.296451855452
7000.0,5646.392250433565,5958.592166751624,5862.83270418644,5840.716893970967,5827.133503835649
6000.0,5638.182434067131,5954.828477650882,5862.8502540290365,5840.353862941266,5824.053757172079
7000.0,5635.26966162026,5956.657171249391,5862.843234091998,5840.599560737611,5823.842406924815
7800.0,5661.719781532885,5953.69876921177,5862.847245484591,5840.338318794967,5829.651028756053
6000.0,5690.363882482053,5956.870777904988,5862.8502540290365,5841.768380254508,5837.963323667646
4800.0,5713.786403834821,5971.494309604169,5862.844236940146,5845.4774141311655,5848.400591127575
5000.0,5694.848117977382,5982.201217859984,5862.857273966075,5847.392854094506,5846.824865974487
6400.0,5644.554029777647,5982.877638936044,5862.846744060517,5845.677983760835,5833.989099133761
6800.0,5646.947577595712,5974.692893773318,5862.851758301259,5843.788617849351,5832.07021187991
6000.0,5652.137567475439,5970.428783446551,5862.855769693852,5842.664425075055,5832.021636422724
4000.0,5674.235827848316,5975.608995556832,5862.858276814223,5844.030805677176,5839.183476474137
6000.0,5694.583366066218,5984.084065258504,5862.86629959941,5847.2659938037405,5847.199931181968
6000.0,5664.539038389922,5985.426377505065,5862.852259725333,5847.255463898183,5840.018284879626
6600.0,5661.262232065202,5983.458288013936,5862.84824833274,5845.5064967274675,5838.268816284836
6200.0,5638.356428220869,5978.31116989255,5862.845239788295,5842.583695799113,5830.524133425207
6000.0,5645.8339147269735,5977.278236299754,5862.837718427182,5842.475889623166,5832.106439769269
6600.0,5643.577506393195,5976.052254438401,5862.853763997556,5843.194430321456,5831.419488787652
6400.0,5661.335189267994,5975.890294462443,5862.850755453111,5843.308755010367,5835.846248548479
7000.0,5674.786140769721,5977.7721390128145,5862.843234091998,5842.429257184268,5839.4576927647
2500.0,5682.00338818133,5977.823785692454,5862.843234091998,5841.341166943313,5841.002893727274
7500.0,5686.14414818585,5986.514969170094,5862.864293903113,5844.617973268033,5845.035346131773
6000.0,5650.410913676024,5982.83752501011,5862.8357127308855,5843.914475291968,5834.999656677247
6500.0,5659.291635453702,5983.472829312087,5862.847245484591,5844.214828312398,5837.456634640695
5000.0,5646.573515236379,5981.3147000968465,5862.8387212753305,5842.527034878732,5833.313492871822
7200.0,5656.667181849481,5978.270053118468,5862.849251180888,5841.615445911885,5834.8504830151805
5000.0,5672.123328223825,5973.205168545247,5862.85426542163,5841.460004448892,5837.4106916598985
5000.0,5699.541948735715,5981.729377806188,5862.850755453111,5845.118895918132,5847.310244478286
6500.0,5690.852770954371,5986.2993568182,5862.865798175336,5846.910985559226,5846.732227876783
5000.0,5663.6793468147525,5985.219790786506,5862.845239788295,5845.855487883092,5839.399966318161
6500.0,5668.885382264853,5985.576804727317,5862.833205610515,5845.091317594052,5840.596677549184
7000.0,5650.116828456522,5977.506384253503,5862.835211306811,5842.919649928809,5833.344518486411
6500.0,5655.461758375169,5971.06910198927,5862.850755453111,5841.296540200711,5832.669539004565
7500.0,5654.181372001768,5975.634568184615,5862.831199914218,5842.496949434281,5833.786022383721
5000.0,5674.479269236327,5971.63019552827,5862.835211306811,5841.896243393422,5837.710229866208
7000.0,5685.2872144430885,5972.879242897035,5862.846242636443,5843.593563884498,5841.151565965266
6000.0,5671.237813308836,5970.4729087650785,5862.840225547553,5842.096311599017,5836.661814805121
6600.0,5668.241052329541,5962.520824372769,5862.835211306811,5840.132233500482,5833.432330377401
3000.0,5679.621373116971,5955.884978175164,5862.83621415496,5840.267618000508,5834.652545861901
6000.0,5685.469732806087,5961.213110387326,5862.849251180888,5843.376948684455,5838.227260764689
6000.0,5647.454015910626,5956.186835467816,5862.847245484591,5842.26128011942,5827.1873442456135
5800.0,5637.657192349435,5954.142529517413,5862.841228395701,5842.00655668974,5824.161876738072
6500.0,5645.783020183445,5951.34358033538,5862.854766845704,5842.417223006488,5825.599647592754
7600.0,5644.311841949821,5953.9203986525545,5862.860783934594,5841.561793535949,5825.66370451823
6500.0,5644.41438317299,5955.278255045415,5862.831701338292,5840.746979415418,5825.817829743029
6000.0,5660.0470308214435,5957.7091589570055,5862.850755453111,5841.484574228526,5830.522879865021
6500.0,5655.891478806735,5961.475856602193,5862.851256877185,5842.6744535565385,5830.723261460663
6500.0,5650.805283710361,5960.775367170573,5862.843735516072,5842.412208765746,5829.209148790688
4000.0,5653.629304096104,5965.542405843736,5862.851256877185,5844.026794284583,5831.512440275402
6000.0,5673.101606592537,5972.140143811704,5862.86028251052,5846.159350872041,5838.5653459467
7000.0,5656.316435709597,5975.205850601197,5862.852259725333,5846.815714985133,5835.297565255315
5000.0,5656.238213554026,5975.005782395602,5862.826185673476,5844.558805227281,5834.657246712596
6000.0,5670.188834145666,5972.98805192113,5862.86028251052,5845.0456880033025,5837.770714145155
6000.0,5634.156249463559,5966.673117130996,5862.834709882737,5842.912629991771,5826.644176617266
5000.0,5670.681232586504,5962.219468504191,5862.854766845704,5842.839422076941,5834.648722503335
6500.0,5687.956545501948,5964.447295665742,5862.854766845704,5843.669780343772,5839.7320970892915
6000.0,5689.42446447909,5971.5976029634485,5862.853763997556,5843.6366863548765,5841.878129448743
7500.0,5663.889944925905,5976.625382155181,5862.84223124385,5843.493279069663,5836.71270934865
6800.0,5651.709100604058,5978.685733675958,5862.845239788295,5843.049017339946,5834.072272852064
2000.0,5665.35410322249,5984.242013841868,5862.834208458663,5843.8076719641695,5839.059499371798
7000.0,5689.024077355863,5989.799296855927,5862.857273966075,5846.1964562535295,5846.969276107849
4000.0,5640.275628864766,5984.6541844308385,5862.847746908666,5845.212160795928,5833.24743025005
2500.0,5667.036631703378,5982.110460102559,5862.854766845704,5845.712582021953,5839.428610168398
7000.0,5662.042197212578,5981.038415431977,5862.852761149407,5846.85984030366,5838.198303524406
6800.0,5649.802184849978,5969.258459657432,5862.840225547553,5844.056378304959,5831.489312089981
6500.0,5664.317910373212,5955.284773558379,5862.829194217921,5837.388942390681,5829.955205135048
4000.0,5635.400533303619,5953.123635798694,5862.848749756814,5836.753638088704,5822.031639236958
7000.0,5645.597994700075,5961.414682865144,5862.851256877185,5839.870991557837,5827.43373150006
6600.0,5642.349268123508,5962.687297165395,5862.847746908666,5839.700507372619,5826.896204892547
5000.0,5664.6009642630825,5967.7712358534345,5862.846744060517,5841.325121372939,5834.136016387493
6000.0,5664.732337370516,5979.0216878056535,5862.865798175336,5844.748844951392,5837.842167075724
6500.0,5656.941210106016,5987.422045320273,5862.844236940146,5845.740160346032,5838.236913178117
6500.0,5672.369276732207,5988.742294907571,5862.858276814223,5844.250930845738,5842.055194824935
6500.0,5672.202553227545,5989.114351570607,5862.8532625734815,5843.4366181492815,5841.901696380229
6400.0,5670.335249975325,5993.570005893708,5862.830698490144,5843.977654725314,5842.678402271123
7000.0,5680.6172013282785,5988.645520061255,5862.843234091998,5841.792448610068,5843.4746010229
6000.0,5678.868986293674,5986.511960625649,5862.848749756814,5841.722750663758,5842.488111834974
4000.0,5665.057009458543,5989.9647668004045,5862.852259725333,5843.275661021472,5840.287424251438
6500.0,5676.979620382191,5993.641208112241,5862.868305295707,5846.1588494479665,5844.911995809526
6500.0,5665.2011688798675,5993.306758254767,5862.840726971627,5845.194610953332,5841.6358162648985
5000.0,5694.849371537567,5990.874350070954,5862.828191369773,5844.833585619927,5848.346374649555
6500.0,5659.412980079652,5983.018037676812,5862.86028251052,5844.655078649522,5837.486594729126
5000.0,5632.443886250258,5977.928583323956,5862.855769693852,5844.264469295741,5829.373177140952
7600.0,5673.051714897157,5985.057830810548,5862.8617867827425,5846.932546794415,5841.975969821216
4000.0,5681.588710471989,5981.159258633853,5862.839724123479,5844.70772817731,5842.573855351658
6500.0,5713.934323936702,5983.814800530673,5862.842732667924,5846.017949283124,5851.652451604606
6000.0,5647.483098506928,5973.614832013846,5862.851758301259,5844.651568681003,5832.150314375759
6000.0,5642.971786111594,5967.9537542164335,5862.835211306811,5842.857473343612,5829.154556244613
7500.0,5676.81189402938,5967.219669371844,5862.851758301259,5843.847284466029,5837.682651542128
6800.0,5663.326594978572,5963.800458610059,5862.847746908666,5842.328470945359,5833.075817860664
6800.0,5682.278920710088,5962.2054286301145,5862.839724123479,5837.1723271906385,5836.12410016358
7000.0,5676.778549328447,5969.1712118685255,5862.843234091998,5839.89054709673,5837.170885596425
3000.0,5658.1308387219915,5978.2650388777265,5862.835211306811,5841.453485935927,5835.171143710614
6500.0,5669.076424837113,5988.591366261245,5862.861285358668,5844.982508569957,5841.377896256746
6000.0,5628.529519215227,5983.7074957788,5862.8502540290365,5843.251592665912,5829.584715422244
6000.0,5632.162838056684,5979.56322580576,5862.840225547553,5842.175035178662,5829.185331147165
6000.0,5653.16749252379,5976.318510621787,5862.855769693852,5842.49795228243,5833.709931280465
6600.0,5671.633938327433,5976.520584523679,5862.851256877185,5842.653895169497,5838.414918724448
5000.0,5697.703978791834,5978.545836359263,5862.847245484591,5843.765050917865,5845.715527888388
4000.0,5670.486680045725,5984.082560986281,5862.8502540290365,5844.925346225501,5840.586210321636
6000.0,5663.187199085952,5987.471184879542,5862.868806719781,5846.982187777759,5840.127344615758
6000.0,5647.539007291199,5986.703003197909,5862.8532625734815,5847.228888422252,5836.08104037121
6000.0,5658.423168957234,5984.064008295537,5862.85426542163,5846.475749462844,5837.954298034311
3000.0,5649.260897561909,5977.935603260995,5862.8417298197755,5844.469551742078,5833.626945596189
6800.0,5672.871202230454,5975.241953134538,5862.866801023484,5846.422097086907,5839.350513368846
6600.0,5638.682353869081,5968.520864844323,5862.837718427182,5843.5960710048685,5828.409252036364
5000.0,5674.367953091861,5959.854752570392,5862.855268269778,5842.102328687907,5834.795075654984
2500.0,5680.54650053382,5964.274805784226,5862.838219851256,5843.678805977107,5837.834583036602
4000.0,5695.361325517298,5970.473911613227,5862.8617867827425,5845.205642282964,5843.475666549058
6000.0,5664.458810538054,5969.5974223315725,5862.868806719781,5845.525049418212,5835.612522251905
7000.0,5637.31772825122,5964.386121928693,5862.831199914218,5843.153814971448,5826.922216266395
6000.0,5654.914453998209,5957.674059271813,5862.8357127308855,5841.225337982179,5829.162390995772
8000.0,5669.444720819593,5959.839208424092,5862.841228395701,5841.484072804452,5833.40230761096
3000.0,5634.020363539458,5957.116475701333,5862.825684249402,5840.032450109721,5823.498743399979
3000.0,5668.0332120507965,5966.401846706868,5862.849251180888,5843.551444262267,5835.208938550205
6200.0,5642.3931427299985,5966.051852703095,5862.862288206817,5843.27666386962,5828.645986877383
6500.0,5634.309434518219,5960.030250996352,5862.834208458663,5841.611434519292,5824.6963321231315
6600.0,5643.586030602456,5954.466950893403,5862.830698490144,5840.36038145423,5825.311015360058
4000.0,5651.228987053038,5950.437507033349,5862.854766845704,5839.763686805964,5826.071236934514
7000.0,5673.289139196278,5964.016070961953,5862.867302447558,5843.409039825202,5835.895388107748
6000.0,5655.13984411955,5970.058732479812,5862.848749756814,5842.680470645429,5832.681949250401
5800.0,5673.306689038874,5977.438692003489,5862.8357127308855,5843.426088243724,5839.251795504243
6500.0,5643.325039371849,5977.032037079335,5862.849752604962,5843.318282067777,5831.631277780981
5800.0,5625.294080376626,5975.013303756715,5862.847746908666,5841.788437217475,5826.23589206487
6000.0,5648.872544616462,5978.959511220456,5862.849752604962,5843.285188078881,5833.49174913019
7000.0,5658.448240160943,5981.546859443189,5862.858276814223,5844.510167092086,5836.84088587761
7000.0,5657.19818994403,5981.3262328505525,5862.855769693852,5843.305746465922,5836.171484738589
6400.0,5679.516324773432,5987.518318742515,5862.83621415496,5843.744993954898,5843.403962906451
5000.0,5676.525079458953,5989.035627990962,5862.8532625734815,5843.430601060391,5842.961142770947
6000.0,5660.569765418769,5992.066736519338,5862.86629959941,5845.510006695987,5840.253202058376
7500.0,5660.772340744735,5995.140466094018,5862.843234091998,5846.037504822017,5841.198386438192
6500.0,5662.9457633942375,5988.0167342722425,5862.842732667924,5844.214828312398,5839.5050146617
6000.0,5668.535137549044,5986.244200170041,5862.845741212369,5845.132434368134,5840.689378324897
7000.0,5645.747419074179,5979.890655726195,5862.836715579034,5843.61311942339,5833.0219774506995
7000.0,5655.897245183588,5969.36877295375,5862.835211306811,5841.553770750762,5832.413750048728
5000.0,5676.185615360738,5963.043809682132,5862.847746908666,5840.199424326421,5835.569149069489
7500.0,5687.0091047137985,5967.337002605201,5862.840225547553,5842.385633289815,5839.892991539092
6000.0,5671.9292771071205,5963.033279776574,5862.830698490144,5841.413873434068,5834.8017822019765
6500.0,5668.814681470395,5961.312893778087,5862.826185673476,5841.0714007914075,5833.506290428341
6000.0,5663.829774037004,5958.562582731248,5862.82668709755,5840.860301256181,5831.519836280496
6500.0,5676.813147589565,5955.774664878846,5862.845239788295,5840.580506622792,5834.003389719875
6600.0,5658.7974820286045,5955.9642031788835,5862.845741212369,5839.175014942885,5829.195610340686
6500.0,5666.594375669957,5958.765659481288,5862.843735516072,5838.342650979758,5831.636605411769
7000.0,5683.114794641734,5964.667922258378,5862.83270418644,5839.239698648454,5837.4637799337515
6500.0,5666.758341342212,5970.742173492909,5862.82668709755,5839.628302305938,5834.988876059652
4000.0,5648.095838725568,5969.381809979678,5862.8357127308855,5838.1696596741685,5829.620755277575
6000.0,5643.966110050679,5972.9890547692785,5862.852761149407,5839.615766704083,5829.855923168362
6400.0,5647.012512013317,5971.8643605709085,5862.843735516072,5840.735948085786,5830.614139046521
3000.0,5656.02962113917,5968.078107386828,5862.825182825328,5839.777726680041,5831.677659507842
6000.0,5673.873548954726,5966.734290868045,5862.849251180888,5841.131070256234,5836.147040314973
7200.0,5625.592427700759,5956.4917013049135,5862.843735516072,5838.451961427928,5820.844956487418
7000.0,5646.053287759424,5949.413599073888,5862.854766845704,5838.034776598216,5824.089107569308
5000.0,5678.304382786156,5950.162225216628,5862.836715579034,5834.2008881270895,5831.376052927227
6000.0,5692.291858047248,5964.295865595342,5862.864293903113,5839.568131417037,5839.755037240685
6600.0,5651.213944330812,5978.284092992545,5862.855769693852,5842.82237365842,5833.794045168907
6000.0,5639.950706064702,5984.337785840035,5862.843735516072,5843.350373208524,5832.620650157333
6000.0,5626.915435120464,5986.612746864558,5862.827689945699,5842.948231101037,5829.8260257579395
6800.0,5629.671261832119,5983.789729326964,5862.8387212753305,5841.890226304532,5829.547484684736
7000.0,5646.293971315027,5978.164252638818,5862.846744060517,5840.544404089452,5831.9623430259535
6200.0,5666.140085458756,5975.650613754989,5862.843735516072,5839.467345178128,5836.025444976986
6400.0,5700.838129967452,5976.420801132918,5862.83270418644,5840.440107882024,5845.132935792209
6000.0,5700.736842304469,5973.256313800813,5862.850755453111,5840.258592367173,5844.275625981391
7000.0,5678.279562294484,5975.581417232753,5862.838219851256,5841.151127219201,5839.462581649424
6000.0,5678.810319676996,5969.612966477872,5862.837217003108,5839.64535072446,5837.726463470609
6000.0,5676.336794719101,5964.010053873063,5862.838219851256,5839.133898168803,5835.579741653056
3000.0,5674.071360751987,5959.8457269370565,5862.86028251052,5840.2074471116075,5834.246204327793
7000.0,5678.050912916661,5968.585047125817,5862.868806719781,5843.389484286309,5838.223562762142
6000.0,5655.439946427942,5968.454676866532,5862.846744060517,5841.470032930375,5832.052850071342
6500.0,5670.336252823473,5970.64489722252,5862.850755453111,5842.257770150901,5836.522418912501
6000.0,5644.983750209213,5973.225225508214,5862.8502540290365,5841.23636931181,5830.5738997645685
6000.0,5638.344644755126,5974.258660525084,5862.828692793847,5840.797121822835,5829.057279974223
6000.0,5633.923087269069,5968.834254890681,5862.834208458663,5839.617270976306,5826.30220539868
6800.0,5649.340874701739,5967.389652132989,5862.839724123479,5839.968769252301,5829.884755052627
6600.0,5663.37147243321,5967.636854201556,5862.837718427182,5840.382945537568,5833.557247649879
7000.0,5672.612968832255,5967.299897223712,5862.83621415496,5840.240541100503,5835.747405327857
6300.0,5666.018239408732,5970.3425385057935,5862.8502540290365,5840.743970870973,5834.988750703634
6000.0,5666.118022799493,5974.314318597318,5862.843234091998,5839.864473044873,5835.78501213342
6000.0,5680.826295167209,5974.147845804692,5862.841228395701,5839.702011644841,5839.379345253111
6000.0,5693.547925353051,5974.57656338811,5862.845239788295,5841.549759358169,5843.129871971906
7500.0,5672.2597155720005,5977.897996455432,5862.854766845704,5843.254601210357,5839.066770020873
3000.0,5645.759202539922,5974.454215914012,5862.836715579034,5841.961428523065,5831.252890639008
3000.0,5670.396925136448,5976.850521564485,5862.85426542163,5843.905449658633,5838.501790445299
5000.0,5648.948510363699,5971.0294894874105,5862.862789630891,5843.258111178876,5831.524725165219
6800.0,5655.457496270538,5959.895869344474,5862.857775390149,5843.067068606616,5830.319552402944
5000.0,5647.765149548651,5954.595315456391,5862.850755453111,5841.649542748929,5826.71519080177
6500.0,5659.72637012601,5954.952830821277,5862.834709882737,5841.185725480319,5829.674909077586
4000.0,5658.344696089626,5948.8996393978605,5862.851758301259,5840.94554334879,5827.760409284384
6000.0,5663.824759796263,5954.366666078568,5862.852761149407,5842.090795934201,5830.78374573961
5800.0,5648.540351167322,5951.367147266866,5862.835211306811,5840.096632391215,5825.709835533054
6500.0,5660.611383616925,5952.610678970815,5862.8502540290365,5841.340164095164,5829.353120177985
7000.0,5650.815061479808,5953.846689313651,5862.852259725333,5841.479559987784,5827.248392626644
7000.0,5665.649943426252,5958.935642242433,5862.839222699405,5841.947890073062,5832.343174610288
6000.0,5676.695312932135,5962.990658730269,5862.835211306811,5841.04281961918,5835.891000647099
6000.0,5686.664626374842,5966.469037532807,5862.852761149407,5841.997029632331,5839.495863672347
6500.0,5676.982628926636,5973.504518717528,5862.852761149407,5843.499797582627,5839.20992659405
7000.0,5674.782380089165,5977.909529209138,5862.834208458663,5842.980322241784,5839.626609999687
6000.0,5668.987422063948,5970.305433124305,5862.846744060517,5840.46367481351,5835.65081851557
7800.0,5654.450887441636,5969.8496386408815,5862.8387212753305,5840.478216111661,5831.904365867377
7000.0,5658.444479480387,5962.518818676473,5862.8417298197755,5834.4937197864065,5829.57468694076
5000.0,5646.284945681692,5966.250416636468,5862.844738364221,5837.314731627704,5828.173708077521
4000.0,5662.020385265351,5978.425996005536,5862.841228395701,5840.767036378385,5836.013661511243
5000.0,5663.968167081476,5979.1896648705015,5862.853763997556,5842.348026484252,5837.089905608446
5000.0,5632.760535553099,5978.867249190808,5862.865798175336,5843.827728927136,5829.580327961595
5000.0,5648.800590261818,5981.4044550061235,5862.850755453111,5844.720765203238,5834.444141481073
5000.0,5678.121864423157,5980.747589468957,5862.862288206817,5845.343533903361,5841.768819000573
7000.0,5674.8671207577,5981.510255485774,5862.851256877185,5844.379796832801,5840.902107488365
6600.0,5685.487533360721,5978.084526211024,5862.839222699405,5842.878533154727,5842.322453856469
7000.0,5664.339722320438,5973.762752115727,5862.847746908666,5841.784927248956,5835.683787148447
7000.0,5644.718246161939,5971.781124174596,5862.849752604962,5839.977794885636,5829.831729456783
6000.0,5663.744281232358,5973.810888826848,5862.835211306811,5840.125714987517,5835.129024088384
6800.0,5686.572364345194,5973.031675815583,5862.850755453111,5839.859960228206,5840.578688960523
6800.0,5681.209633871914,5974.982215464116,5862.844236940146,5840.916460752488,5839.988136757166
5000.0,5664.232166856528,5977.085689455272,5862.847245484591,5841.191241145135,5836.339085735382
6000.0,5664.486639574171,5983.488874882461,5862.865798175336,5843.398509919644,5838.559955637903
4000.0,5660.37345789373,5983.771678060294,5862.840726971627,5843.244572728873,5837.557608913631
4000.0,5687.226221337915,5984.80461165309,5862.867302447558,5845.669960975648,5845.142024103553
6000.0,5652.610410377384,5982.786379754544,5862.844738364221,5845.450838655234,5835.923091787846
7600.0,5652.889954298736,5971.120247244836,5862.843735516072,5842.744652926923,5832.399647496642
6500.0,5641.646020859481,5956.003815680743,5862.839222699405,5838.845579326154,5824.833659641446
6800.0,5670.799819380046,5951.781323552133,5862.834709882737,5838.965921103955,5831.095443479718
6000.0,5685.5103481560955,5952.639761567117,5862.833205610515,5839.443778246642,5835.106773395092
6000.0,5688.034015521408,5959.1181606054315,5862.845741212369,5841.330135613681,5837.832013238222
7000.0,5655.716732516886,5957.9267770051965,5862.828692793847,5840.082592517138,5829.138698708267
7500.0,5668.4245735406885,5955.136853456498,5862.851256877185,5838.976952433587,5831.34740907699
7000.0,5688.107975572349,5957.8490562737,5862.83621415496,5839.801795035602,5837.148760259152
6500.0,5697.0217913389215,5964.723580330611,5862.849752604962,5840.6858056783685,5841.320232488216
2500.0,5674.9962374567995,5972.672154754401,5862.83270418644,5841.416881978513,5837.979494594038
6000.0,5681.230192258955,5971.790149807931,5862.851256877185,5842.869006097318,5839.685151260347
6400.0,5633.99178236723,5961.469839513303,5862.852761149407,5841.566306352616,5824.970172345639
6800.0,5656.396412849427,5955.415143817664,5862.844236940146,5839.4392654299745,5828.523764759303
4000.0,5676.168817654253,5950.5723901093015,5862.829194217921,5835.0157022476205,5831.146526057274
6000.0,5647.035076096655,5959.078548103572,5862.858276814223,5839.302376657725,5827.068569418044
7500.0,5604.11041751504,5958.566092699767,5862.83621415496,5838.848086446525,5816.090202704073
7500.0,5629.10841330886,5954.903691262008,5862.845239788295,5838.721226155759,5821.39464262873
6500.0,5650.358264148236,5960.305532813073,5862.839222699405,5839.892552793027,5828.348893113435
6500.0,5667.94947423041,5966.247408092023,5862.828692793847,5840.8452585339555,5834.467708412559
6000.0,5668.368915468455,5967.254769057036,5862.852259725333,5840.550922602416,5834.75671671331
7000.0,5668.983661383391,5974.527423828841,5862.849251180888,5842.083775997163,5837.111028097571
2500.0,5682.050522044302,5977.08067521453,5862.847746908666,5841.3466826081285,5840.8314066939065
7000.0,5722.927866131068,5986.073715984822,5862.856772542001,5844.587887823583,5854.111560620368
6500.0,5686.529743298889,5982.133024185897,5862.8357127308855,5842.8945787251005,5843.598264735193
6500.0,5685.0031577050695,5978.737881779672,5862.854766845704,5842.447308450938,5842.260778695346
6400.0,5663.889192789794,5983.965729176999,5862.857775390149,5842.634841054679,5838.336884602905
6000.0,5683.676138892771,5988.464505970479,5862.85426542163,5842.972299456597,5844.491802435369
3000.0,5685.418336838485,5995.923189073802,5862.844236940146,5843.83174031973,5847.004375793041
7000.0,5696.035239472986,6003.436025977136,5862.86028251052,5845.621824264527,5851.988343056292
7500.0,5636.5111876279125,5992.2317050397405,5862.847245484591,5841.435936093331,5833.256518561394
7000.0,5644.114280864597,5984.155267477036,5862.847245484591,5840.19090011716,5832.826923485846
6600.0,5689.889535307885,5985.558252036572,5862.845741212369,5841.79746285081,5845.022747851909
7500.0,5687.988135218621,5990.78008234501,5862.855769693852,5842.708550393582,5846.083134412766
2500.0,5679.265362024308,5993.761549890042,5862.831701338292,5842.758692801,5844.6543265134105
6000.0,5693.746739998461,5999.645761400462,5862.863792479039,5845.108366012574,5850.341164972634
5000.0,5654.605576768518,5994.7709165513525,5862.858276814223,5844.7643890976915,5839.249789807946
5500.0,5652.0402912050495,5987.133726477624,5862.842732667924,5842.746157199145,5836.190726887436
8000.0,5666.080917418004,5983.3264134824285,5862.839222699405,5842.458841204644,5838.67634870112
5800.0,5655.959171056748,5975.72883591056,5862.825182825328,5840.315253287555,5833.707110770048
7600.0,5662.099108844996,5976.324026286603,5862.852761149407,5841.89122915268,5835.791781358422
6000.0,5643.844264000655,5974.415104836226,5862.830698490144,5840.331800282002,5830.355466902257
6600.0,5681.342260539533,5973.677510023118,5862.854766845704,5840.798626095057,5839.668290875853
6000.0,5697.155671566726,5973.451367765666,5862.85426542163,5841.562796384097,5843.75602528453
8000.0,5707.279423624278,5974.83730390668,5862.833707034589,5841.841086745263,5846.6978803277025
6000.0,5690.726662799717,5969.683165848256,5862.83270418644,5840.534375607968,5840.944227110595
6000.0,5684.459614008666,5974.653782695533,5862.845741212369,5842.527536302806,5841.121668554843
5000.0,5662.162789702416,5977.891979366542,5862.840225547553,5843.269643932582,5836.541159637273
6000.0,5659.703806042672,5975.675183534623,5862.855268269778,5842.021599411965,5835.06396431476
6500.0,5663.002675026656,5974.547480791808,5862.846744060517,5842.540573328734,5835.734368301929
7500.0,5669.619467109443,5975.551331788302,5862.859781086446,5841.80949702859,5837.460019253195
6000.0,5658.929607272149,5974.827776849271,5862.842732667924,5841.109509021045,5834.427406452597
6000.0,5677.365466207267,5979.807920753957,5862.851256877185,5842.480402439834,5840.6262615695605
7000.0,5677.807220816613,5986.206593364478,5862.855769693852,5842.572664469481,5842.360562086106
3000.0,5655.279992148281,5988.493588566781,5862.840726971627,5842.1554796397695,5837.192446831615
4800.0,5670.325221493841,5994.824067503215,5862.855268269778,5844.533232599498,5843.134447466583
5000.0,5648.77025410533,5989.321439713241,5862.857775390149,5844.476070255042,5836.3563848659405
7000.0,5648.105365782977,5984.425535053016,5862.840225547553,5842.931182682515,5834.575577266515
6800.0,5642.741632461549,5971.958126872779,5862.826185673476,5839.47837650776,5829.251080378891
3000.0,5655.3369037807,5960.728734731675,5862.85426542163,5837.872315198184,5829.198054783047
5000.0,5670.122646167875,5971.43313586712,5862.862789630891,5842.094807326795,5836.62834474817
6000.0,5682.656743749977,5972.163209319116,5862.8617867827425,5843.5614727437505,5840.310803148896
5600.0,5675.515712797643,5971.7946626245985,5862.8532625734815,5843.869848549367,5838.508371636272
6500.0,5671.550451219083,5973.434319347144,5862.855769693852,5843.794133514167,5837.9086684435615
7800.0,5652.52817682922,5975.628551095725,5862.835211306811,5843.245575577022,5833.559378702194
3000.0,5641.1872178316125,5965.747488290072,5862.851758301259,5840.666250139476,5827.613178640605
6000.0,5678.5851802676925,5974.284233152867,5862.86629959941,5845.108366012574,5840.211019758136
6000.0,5668.240550905467,5975.478123873473,5862.853763997556,5844.821050018073,5837.848372198642
4000.0,5674.450688064099,5976.242795586587,5862.857775390149,5844.474064558745,5839.506330899895
2500.0,5668.9330175519,5974.746546149255,5862.861285358668,5844.872195273639,5837.853261083365
7000.0,5668.00964511931,5978.931932896377,5862.856271117927,5846.85984030366,5839.164422359318
6800.0,5634.911644831301,5967.410711944104,5862.857273966075,5842.34301224351,5826.8806607462475
5000.0,5637.590753659607,5966.050348430873,5862.837217003108,5841.189736872912,5826.917013991625
6500.0,5660.87513267994,5966.1100178956995,5862.844738364221,5841.682636737824,5832.878131419421
4000.0,5661.406892910601,5966.096479445697,5862.845741212369,5842.682476341725,5833.257897477598
2500.0,5669.385803490878,5971.749033033849,5862.868806719781,5844.33166012168,5837.083825841547
4000.0,5660.932295024396,5977.9752157628545,5862.865798175336,5845.34453675151,5836.779461428524
6200.0,5678.984063118697,5976.785837858916,5862.869809567929,5846.122245490552,5841.190489009024
6000.0,5661.291816085578,5973.339550197125,5862.844738364221,5843.702874332667,5835.294744744898
6000.0,5682.6289147138605,5969.48059052229,5862.836715579034,5842.441291362048,5839.346878044308
6300.0,5651.579231768847,5969.352225959302,5862.849251180888,5841.876186430455,5831.414223834873
6500.0,5637.1983893215665,5969.46253925562,5862.846242636443,5840.065544098617,5827.3931788280615
6500.0,5660.106449574233,5971.832269430161,5862.851256877185,5840.900415182115,5833.9225977659235
6000.0,5679.49150428176,5979.43586409092,5862.853763997556,5841.254420578481,5840.758888237179
7500.0,5681.397417187692,5989.202602207662,5862.858276814223,5842.727103084327,5844.046349823476
6000.0,5670.164765790106,5992.0577108860025,5862.8417298197755,5842.901598662139,5841.991451289506
6500.0,5688.672077655793,5996.164875477553,5862.850755453111,5844.536241143943,5848.0559874326
3000.0,5653.023333102466,5989.645359665156,5862.847245484591,5842.942214012147,5837.11453806609
6000.0,5683.58412757516,5994.922848045827,5862.852761149407,5845.772251486779,5846.782997064293
6500.0,5659.221436083318,5982.718687504531,5862.857273966075,5842.872014641763,5836.9173530489215
6000.0,5652.4316526949415,5973.119926452638,5862.832202762366,5840.325281769038,5832.177265919746
4000.0,5663.44894245267,5963.905757665635,5862.842732667924,5838.573306053878,5832.192684710027
6000.0,5685.376969352365,5962.533359974624,5862.858778238297,5841.225839406253,5837.998736742885
5800.0,5664.183027297259,5963.073393702508,5862.850755453111,5840.539891272784,5832.6617669314155
6000.0,5670.550862327219,5962.627126276494,5862.853763997556,5840.426569432021,5834.114580508322
6000.0,5665.776803717018,5966.231362521649,5862.8532625734815,5841.473542898894,5834.083742927761
5800.0,5646.225025504828,5965.212970227004,5862.837217003108,5839.706524461509,5828.495434299112
6000.0,5657.670531421901,5965.300719439984,5862.85426542163,5841.128061711789,5831.738394498826
6500.0,5640.1347286999235,5965.3187707066545,5862.8532625734815,5841.039811074735,5827.3366432636985
6000.0,5658.981755375863,5964.401666074992,5862.854766845704,5840.427572280169,5831.666440144182
6400.0,5674.704659357668,5970.881067961455,5862.850755453111,5841.509645432235,5837.486532051117
2500.0,5680.305816978217,5972.668644785882,5862.847245484591,5840.085099637509,5838.97670172155
6000.0,5687.635132670403,5982.314038276673,5862.854766845704,5843.016926199199,5843.955215997995
6800.0,5635.176396742464,5975.333713740111,5862.8532625734815,5839.974786341191,5828.334539849312
7000.0,5658.552285656334,5970.879062265159,5862.851758301259,5838.988986611367,5832.81802320853
6400.0,5679.5243475586185,5975.181782245637,5862.843735516072,5840.809156000615,5839.589755330236
5000.0,5682.670031487943,5977.161905914546,5862.844738364221,5839.2537385225305,5840.48260357231
6000.0,5681.068984419108,5980.859908461572,5862.837718427182,5840.148780494929,5841.228847950698
6800.0,5654.83347401023,5978.204366564752,5862.847746908666,5840.203435719014,5834.022255800665
7000.0,5645.727863535286,5971.280702948571,5862.849251180888,5838.557260483504,5829.603769537062
4800.0,5657.871853187681,5966.0202629864225,5862.848749756814,5837.777044624091,5831.129477638752
7500.0,5723.476424068213,5974.54647794366,5862.856772542001,5841.765371710063,5850.661261565984
6500.0,5692.770467326046,5972.490137815476,5862.833707034589,5840.496267378331,5842.147644888611
7000.0,5682.724185287953,5968.6146311461935,5862.847245484591,5839.207106083632,5838.348292000593
6000.0,5672.087727114559,5968.014927953483,5862.849251180888,5839.427231252194,5835.594784375281
6800.0,5670.564400777222,5972.656109184028,5862.858276814223,5841.264449059964,5836.835808958859
6800.0,5672.578370571137,5973.668484389783,5862.84824833274,5841.184722632171,5837.569956481458
5500.0,5670.936958864332,5973.224222660066,5862.846242636443,5840.873839706183,5836.970315966756
6000.0,5660.173891112209,5975.947958230973,5862.857273966075,5842.17353090644,5835.288163553924
6200.0,5640.779309347273,5974.4471959769735,5862.856772542001,5841.663582623006,5829.936715122313
6500.0,5663.920281082393,5970.634868741036,5862.834709882737,5841.102489084006,5834.623087197543
3000.0,5662.700817734004,5965.4927648603925,5862.83270418644,5839.8333847522745,5832.714917883278
6000.0,5663.181934133173,5965.813676267863,5862.862288206817,5841.11853465438,5833.244108315558
3000.0,5629.746976867319,5959.184348583222,5862.846744060517,5839.495926350356,5822.818498965354
6000.0,5674.399041384459,5959.562422335149,5862.855769693852,5840.965098887683,5834.445583075286
6800.0,5654.95481863618,5956.501228362323,5862.836715579034,5839.338479191066,5828.407810442151
6500.0,5669.609187915922,5946.4531913399705,5862.829194217921,5833.139373362065,5828.00773670897
2000.0,5635.631439089776,5944.918332248927,5862.840726971627,5833.199042826892,5819.1473852843055
6500.0,5667.519252374769,5952.70745381713,5862.858276814223,5837.878833711148,5830.240954179318
6500.0,5633.486096188427,5952.345927059651,5862.855769693852,5839.119356870652,5821.951787453146
6000.0,5652.408085763455,5957.071347534657,5862.843735516072,5839.818843454123,5828.035503067077
6000.0,5662.923450022937,5966.590382158757,5862.839222699405,5841.147617250682,5833.375168032945
7600.0,5668.331057950855,5971.580053120852,5862.846242636443,5841.553269326688,5836.07765575871
5000.0,5636.039347574116,5966.092969477178,5862.830698490144,5839.352017641068,5826.078758295626
3000.0,5670.463614538313,5967.951247096063,5862.840726971627,5839.73911702633,5835.248676408083
6000.0,5702.130550518633,5971.224543452264,5862.865798175336,5842.3234567046175,5844.6360872127125
6800.0,5671.994963660837,5968.1538224220285,5862.845741212369,5841.489087045194,5836.120903585107
4000.0,5678.787003457547,5955.251679569484,5862.84223124385,5833.62776041031,5832.627168670298
7500.0,5676.101376116277,5961.023572087289,5862.867302447558,5837.657204270364,5834.412363730372
6500.0,5639.2507180571565,5964.042646437884,5862.843234091998,5838.694650679828,5826.207812316717
5000.0,5654.307480156423,5972.083984315396,5862.833205610515,5840.060529857875,5832.321299985052
7000.0,5650.206332653762,5970.911153405906,5862.860783934594,5841.252916306258,5831.30779657513
7000.0,5627.527172490955,5971.932554244996,5862.839724123479,5840.7610192894945,5825.765117537231
6000.0,5656.9452214986095,5969.069422781468,5862.839222699405,5839.80279788375,5832.164166215808
6500.0,5684.5481153577575,5967.254769057036,5862.86028251052,5840.427572280169,5838.772684801371
6000.0,5687.024147436024,5972.1687249839315,5862.859781086446,5841.035298258067,5840.771987941117
7000.0,5692.519504576922,5979.144035279752,5862.856772542001,5841.1205403506765,5843.910213187338
7000.0,5676.423541083933,5983.054140210153,5862.849251180888,5841.331639885903,5840.914643090219
4000.0,5661.599941179157,5983.253205567599,5862.849752604962,5840.167834609748,5836.967683490367
4000.0,5683.758623152972,5985.309545695783,5862.85426542163,5842.127399891616,5843.5124585405
7000.0,5681.709804385901,5988.084426522256,5862.852761149407,5842.808333784343,5843.863831460477
5000.0,5662.82767802477,5979.297972470523,5862.83621415496,5840.073566883803,5836.258857883514
7000.0,5657.347614318133,5976.638419181109,5862.849251180888,5840.626637637616,5834.365480579437
7000.0,5636.031826213003,5973.8269343972215,5862.840225547553,5840.335811674596,5828.258699458093
5000.0,5660.595588758589,5973.725646734239,5862.8357127308855,5839.368564635516,5834.131378214807
4000.0,5701.9816275686035,5974.135811626912,5862.8647953271875,5840.756005048753,5844.934559892864
3000.0,5698.119157925249,5984.118162095548,5862.8678038716325,5843.274156749249,5847.09482016042
3500.0,5691.579334437848,5995.658938586713,5862.854766845704,5845.0717620551595,5848.791200481356
7500.0,5659.377629682423,5989.3675707280645,5862.870310992003,5844.064401090146,5838.919978123159
7000.0,5617.214884981514,5977.2591821849355,5862.8502540290365,5840.769042074681,5824.523340817542
7000.0,5671.353140845896,5975.340232253076,5862.855769693852,5840.179367363454,5837.432127539069
4000.0,5722.382316738368,5981.165777146817,5862.847245484591,5841.323617100717,5851.929739117623
7000.0,5720.756699889899,5988.857121020556,5862.844236940146,5843.051023036242,5853.877270221711
2500.0,5666.525179147721,5981.225446611644,5862.840726971627,5840.942033380271,5837.883346527816
7600.0,5677.173170074821,5979.49352785945,5862.863792479039,5841.993519663812,5840.381002519281
5300.0,5636.792235821486,5967.691509425641,5862.839222699405,5838.903744518758,5826.5566781163225
5000.0,5684.350052848459,5969.9163280427465,5862.831199914218,5840.131230652333,5839.307202864439
7000.0,5660.3077713400135,5968.751519918443,5862.848749756814,5839.047151803971,5832.73879820481
6000.0,5653.566876798869,5966.143613308669,5862.847245484591,5837.747460603715,5830.076299048961
6500.0,5659.787293151022,5967.5160109996805,5862.833707034589,5838.101466000081,5832.059619296343
7000.0,5694.773656502367,5969.921843707562,5862.8502540290365,5840.042478591205,5841.897058207543
6000.0,5683.179979771377,5977.78718173504,5862.851758301259,5840.5233442783365,5841.085566021503
7000.0,5685.089653357864,5988.3095659315595,5862.842732667924,5841.630990058185,5844.468235503883
6500.0,5659.00607444346,5987.058512866498,5862.8357127308855,5840.009384602309,5837.227421160788
6000.0,5665.422046184541,5984.451609104873,5862.8502540290365,5839.563117176295,5838.071756623686
5000.0,5665.079072117806,5985.520143806935,5862.857775390149,5840.496768802405,5838.488440029324
6000.0,5680.73152601719,5988.417873531581,5862.845239788295,5841.495104134084,5843.372435867787
6000.0,5681.511741876603,5984.283632040025,5862.829194217921,5840.355868637563,5842.245109193028
6000.0,5671.99295796454,5977.4562418460855,5862.849251180888,5840.1512876153,5838.112434651704
6000.0,5645.669196918608,5970.451848953963,5862.833707034589,5838.618434220553,5829.393296781928
8000.0,5665.605567395688,5967.626825720073,5862.840726971627,5838.677602261306,5833.687680587173
8000.0,5664.572633802892,5960.573794692756,5862.833205610515,5837.313728779555,5831.323340721429
7000.0,5681.435023993255,5959.3588441610345,5862.823678553105,5837.755483388902,5835.343257524074
6800.0,5686.420182138682,5964.230179041625,5862.849251180888,5839.232177287341,5838.182947412134
3000.0,5665.781567245723,5971.02698236704,5862.8387212753305,5839.63582366705,5834.820773638786
7000.0,5691.378263384105,5978.972548246385,5862.857273966075,5841.709212213756,5843.72932445258
6000.0,5675.471336767078,5973.020143061877,5862.844738364221,5839.749646931888,5837.771466281266
6800.0,5670.130668953062,5967.46185719967,5862.83621415496,5838.121021538974,5834.637440461666
4000.0,5670.098327100278,5963.007707148791,5862.848749756814,5838.600884377957,5833.63891709596
7500.0,5687.017628923059,5966.433937847615,5862.859781086446,5841.405349224807,5839.429174270482
3000.0,5660.410563275219,5966.263453662396,5862.83621415496,5841.571320593358,5832.770387921483
6600.0,5684.415990114213,5974.084666371346,5862.853763997556,5843.545427173377,5841.224961914123
6000.0,5630.003204569221,5966.007225960494,5862.856271117927,5840.748985111714,5824.903921689839
5000.0,5654.635411500932,5964.044652134181,5862.846744060517,5841.073907911778,5830.650178901852
6800.0,5660.915748029948,5961.084745824338,5862.843234091998,5839.919629693032,5831.190839409829
5500.0,5688.1826877594,5955.691428482533,5862.846744060517,5839.473863691092,5836.548680998386
7200.0,5677.896223589779,5960.49858108163,5862.840225547553,5839.935675263406,5835.292676370592
6500.0,5668.368915468455,5958.951186388732,5862.857775390149,5839.545065909625,5832.43073578924
5000.0,5671.828741580249,5963.577826321126,5862.83621415496,5840.25458097458,5834.6243407577285
6500.0,5683.706725761295,5966.966450214387,5862.855268269778,5840.81818163395,5838.586656469853
7000.0,5671.7379838228235,5972.1020355820665,5862.849251180888,5840.0595270097265,5836.687199398876
6000.0,5666.843082010747,5974.028506875039,5862.843234091998,5839.31491225958,5835.757433809341
6000.0,5673.051714897157,5981.1407059431085,5862.852761149407,5841.149121522904,5839.548575878144
3000.0,5657.209221273662,5983.774686604739,5862.828692793847,5840.62713906169,5836.1099349334845
6500.0,5685.614142939449,5989.786761254073,5862.849251180888,5842.326966673137,5845.144280511887
6500.0,5640.630135685206,5981.032899767161,5862.833205610515,5839.24772143364,5830.935990624131
6600.0,5654.902670532466,5971.680839359761,5862.834208458663,5837.018389999867,5831.609027087689
6000.0,5659.879304468633,5964.673939347268,5862.836715579034,5836.056658625604,5830.8616545051345
6600.0,5666.762603446842,5958.512440323831,5862.827689945699,5836.0882483422765,5831.047745514662
7000.0,5679.8259541392335,5953.757937252522,5862.843234091998,5835.139052569867,5832.891544513405
6000.0,5677.666571363808,5953.053937852384,5862.842732667924,5835.382243245841,5832.236371282489
6000.0,5676.246789097787,5957.358162105084,5862.834709882737,5837.600543349982,5833.510051108898
6300.0,5663.357933983208,5962.641166150571,5862.854766845704,5839.101305603982,5831.988793145866
6800.0,5657.704878970982,5967.318449914456,5862.84223124385,5839.185544848443,5831.762776244433
7000.0,5660.301002115012,5970.343039929868,5862.837217003108,5839.11434262991,5833.148900419475
6000.0,5664.317158237101,5974.416107684375,5862.849752604962,5840.277145057918,5835.465040896089
6000.0,5659.146473184229,5978.0619621276865,5862.841228395701,5840.491754561664,5835.13535456732
7000.0,5683.277256041766,5982.643975317479,5862.86028251052,5842.284847050906,5842.766590230168
6000.0,5686.71552091837,5987.788586318494,5862.839724123479,5842.432767152787,5844.9441496282825
6500.0,5690.64116999507,5987.805634737016,5862.8387212753305,5841.364733874799,5845.662564970554
6400.0,5659.8818115890035,5981.999645382167,5862.8417298197755,5839.231675863267,5835.988715663553
6500.0,5676.362868770958,5977.852868288756,5862.8502540290365,5839.220644533635,5839.071658905596
6800.0,5673.046449944378,5980.92459216714,5862.85426542163,5839.226160198451,5839.0128669329
7500.0,5670.34853771329,5982.763314247132,5862.836715579034,5839.278809726239,5838.806844316424
7000.0,5672.806017100812,5979.921744018794,5862.840225547553,5839.246217161418,5838.703550957144
6000.0,5663.517888262869,5981.055463850499,5862.823678553105,5839.148439466954,5836.636367533357
7000.0,5667.015321180225,5973.992404341699,5862.837217003108,5838.520155102015,5835.591274406762
6600.0,5660.827998816968,5962.210442870856,5862.835211306811,5832.510086148978,5829.595934785903
6400.0,5656.866748631001,5964.650372415782,5862.855268269778,5835.274938493968,5829.911831952632
6500.0,5666.5113899856815,5972.64557927847,5862.843735516072,5838.307551294566,5835.0770640186975
2500.0,5677.994753420354,5983.00098925829,5862.83270418644,5840.718899667264,5841.136836633087
6000.0,5672.812786325813,5987.509293109179,5862.863792479039,5842.195593565703,5841.345366369934
2500.0,5628.419707342983,5984.624600410462,5862.850755453111,5841.962431371213,5829.464373644442
5800.0,5656.298133730889,5983.346470445395,5862.852761149407,5842.7005276083955,5836.299473233522
6500.0,5646.743999421597,5973.859025537969,5862.851256877185,5841.378272324801,5831.208138540388
5000.0,5665.157294273377,5968.602596968413,5862.839222699405,5838.928815722466,5833.881982415915
4000.0,5682.198442146183,5966.587373614312,5862.865798175336,5839.853943139316,5837.876389268787
7500.0,5683.3188742399225,5971.777614206077,5862.86629959941,5843.002384901048,5840.241293236614
6500.0,5667.9434571415195,5971.1077116429815,5862.84824833274,5841.910283267499,5835.952425096185
6500.0,5692.8619772195825,5975.221896171571,5862.856772542001,5842.043160647155,5843.245951645077
6000.0,5674.205491691829,5983.101775497199,5862.856772542001,5841.619958728553,5840.445999614895
6500.0,5659.701298922301,5990.924993902446,5862.856772542001,5843.202954530717,5839.171504974366
4000.0,5648.566174507142,5992.871522158385,5862.837217003108,5842.160995304585,5836.608977243305
6800.0,5677.557010203601,5993.288706988097,5862.8532625734815,5842.4829095602045,5844.045472331346
6000.0,5645.899099856616,5986.735094338656,5862.835211306811,5840.46367481351,5833.983270078898
3000.0,5667.138170078398,5982.38574191928,5862.852259725333,5840.829714387656,5838.301471527667
5000.0,5667.125383764506,5987.791594862939,5862.8617867827425,5842.166510969401,5839.986319094897
7000.0,5683.080447092653,5987.203424423934,5862.8617867827425,5843.1643448770055,5844.077500794084
6000.0,5693.110432848335,5986.8604503572,5862.83019706607,5841.840083897115,5846.16029104218
6000.0,5696.103433147074,5981.463623046876,5862.851758301259,5840.861805528403,5845.320155005903
6200.0,5663.173159211875,5977.363979816438,5862.848749756814,5840.790603309871,5836.044123023749
8000.0,5656.1474557966,5978.2274320721635,5862.859781086446,5841.863149404527,5834.774454589934
6000.0,5649.119746685029,5969.883735477925,5862.8532625734815,5839.865977317096,5830.430680513383
5000.0,5692.704028636218,5972.4846221506605,5862.84824833274,5841.589873284102,5842.40669310093
6600.0,5681.702032312752,5970.471404492856,5862.834208458663,5840.905429422856,5838.978268671782
7000.0,5637.391939014197,5956.231963634492,5862.847746908666,5841.844596713782,5824.579061567784
6000.0,5630.345175787807,5951.13097652793,5862.846242636443,5843.348868936301,5821.9178159721205
6000.0,5656.40819631517,5957.237318903209,5862.836715579034,5846.611635386945,5830.773466546089
6500.0,5668.780333921314,5960.38325354457,5862.8617867827425,5848.322494328023,5835.086967144162
2500.0,5672.354484722019,5970.403712242843,5862.834208458663,5849.796179682017,5838.8471462763855
7000.0,5690.87007008493,5971.700896322728,5862.858778238297,5851.3245202600965,5844.188566226513
6800.0,5658.852889388801,5968.142791092397,5862.841228395701,5849.395541846753,5834.808112680913
6000.0,5655.158396810294,5965.366907417775,5862.856271117927,5847.629526257516,5832.752775400878
6000.0,5662.765501439572,5976.303969323636,5862.852761149407,5849.821250885726,5837.935870699585
5000.0,5664.266263693572,5983.512441813947,5862.843735516072,5849.996247887612,5840.154672227801
6600.0,5666.342159360648,5986.717043071986,5862.834208458663,5850.1216039061555,5841.503753699363
6500.0,5644.490850344301,5980.019020289184,5862.837718427182,5848.509024083615,5833.9641532860705
3000.0,5637.304941937328,5978.751420229674,5862.833205610515,5847.913833707572,5831.700850371272
6600.0,5656.737631931902,5984.111643582583,5862.851256877185,5850.123108178378,5838.455910142512
2500.0,5631.793288514019,5974.6587969362745,5862.856772542001,5847.396364063025,5829.17630551383
6000.0,5658.984011784197,5982.161605358125,5862.863291054965,5850.84315314889,5838.713015336544
6000.0,5643.918474763633,5980.390575528146,5862.842732667924,5849.577558785678,5834.182335436345
6400.0,5646.343110874296,5973.075299710036,5862.837217003108,5847.346221655608,5832.400462310762
7000.0,5642.701769247652,5972.665636241437,5862.843234091998,5846.518871933223,5831.182377878577
6600.0,5638.247869908811,5977.666338533164,5862.851256877185,5847.76942357421,5831.633722223342
6500.0,5636.157432943583,5987.3147405684,5862.858276814223,5849.244111776353,5833.89364052564
6800.0,5642.536048591138,5996.888430416585,5862.847746908666,5850.055415928365,5838.081910461188
5000.0,5650.003506615759,6003.517758101226,5862.8357127308855,5850.440008193255,5841.699246410281
6500.0,5652.211778238417,6005.10075390339,5862.855769693852,5850.515221804381,5842.67088091001
5000.0,5632.22601749003,6005.802246183158,5862.83621415496,5849.978698045016,5837.710793968291
6500.0,5656.003296375276,6006.916911900044,5862.846744060517,5851.423802226783,5844.297688640655
7000.0,5637.947516888381,6001.922226697207,5862.849251180888,5848.9648185670385,5837.920953333379
6000.0,5645.781265199185,6000.448039919139,5862.852761149407,5847.937902063132,5839.254992082716
5000.0,5661.343462765218,6003.744903206826,5862.837217003108,5849.052567780019,5844.244537688793
6500.0,5661.672146245838,6004.470965266229,5862.866801023484,5851.234263926745,5845.061044115574
7000.0,5646.389743313194,6004.346612095834,5862.8532625734815,5851.968348771335,5841.389491688461
6500.0,5652.548233792187,6006.7288778722295,5862.845239788295,5852.741544693709,5843.715974036605
2500.0,5646.050780639053,6003.194339573384,5862.841228395701,5850.545808672906,5840.658039320261
5300.0,5649.98019039631,6000.9860679507265,5862.866801023484,5851.616349071265,5841.362352110446
5000.0,5620.993115380407,5993.899942934514,5862.834709882737,5850.556840002538,5832.071152050049
6000.0,5637.1547654271135,5983.455279469491,5862.867302447558,5850.102549791337,5833.394974283875
5000.0,5633.5934009403,5981.56140074134,5862.858276814223,5850.154697895051,5832.041944097728
6200.0,5674.399542808534,5986.508952081204,5862.862789630891,5852.909521758557,5844.1702015697965
6000.0,5673.890597373248,5991.220834106208,5862.837217003108,5852.3940578103075,5845.085676573218
4000.0,5665.352348238231,5991.08294248581,5862.848749756814,5851.307471841575,5842.647878080607
6500.0,5631.333482638002,5987.574979662896,5862.845741212369,5850.873740017415,5833.156985882671
7500.0,5620.041663199664,5974.497338384391,5862.8417298197755,5847.621503472329,5826.25055871904
6000.0,5649.1879403591165,5966.038815677167,5862.847245484591,5845.949254184962,5831.005813926459
6500.0,5679.120199754835,5973.9573046565065,5862.847746908666,5849.260157346726,5841.296352166683
6000.0,5668.151798844338,5980.731543898583,5862.856772542001,5850.226401537658,5840.491629205645
6500.0,5660.398278385402,5995.949764549733,5862.859781086446,5853.3883817493925,5843.149051442743
7000.0,5631.392650678755,5995.132443308831,5862.846744060517,5851.481967419387,5835.2134513668725
3000.0,5638.405066356064,5992.555123567582,5862.841228395701,5851.175597310067,5836.244253907354
7500.0,5663.6793468147525,6001.6529619693765,5862.854766845704,5854.110432416202,5845.574377011509
6000.0,5613.747537508608,5986.7150373756895,5862.8387212753305,5849.556498974563,5828.214448783548
6400.0,5630.634998902679,5977.284754812718,5862.851256877185,5848.52155968547,5829.823142569513
6500.0,5645.247499272228,5973.204667121173,5862.846744060517,5848.16354289651,5832.365613337607
6000.0,5661.822072044016,5973.1339663267145,5862.856271117927,5847.1125580370435,5836.231216881425
6000.0,5652.485054358841,5973.2442796230325,5862.83621415496,5846.827247738839,5833.848198968918
6000.0,5654.42732051015,5971.48127257824,5862.828692793847,5847.054894268514,5833.948045037688
5800.0,5644.954166188837,5968.000888079406,5862.846744060517,5847.871714085341,5830.918378103525
6800.0,5630.017495155335,5971.240589022637,5862.855769693852,5849.303279817105,5828.354283422233
7600.0,5628.43550220132,5972.238924354316,5862.84824833274,5848.393195122481,5827.978967502714
7500.0,5627.462488785387,5967.159999907018,5862.840726971627,5846.417082846166,5825.970074627549
7600.0,5654.683548212052,5966.240388154984,5862.84223124385,5847.156683355571,5832.730712741614
5000.0,5655.9799801558265,5967.754187434913,5862.830698490144,5847.726802527905,5833.572917152197
6500.0,5659.966802969576,5969.542767107488,5862.851256877185,5849.631211161614,5835.498009528966
4000.0,5630.794451758266,5971.930548548699,5862.856271117927,5849.137308448554,5828.679644968362
6000.0,5650.257728621365,5977.6793755590925,5862.8617867827425,5851.092360913754,5835.4728129692385
7000.0,5639.229658246041,5981.896853446961,5862.853763997556,5852.231596410275,5834.052968025208
7000.0,5640.898397564889,5984.50175151229,5862.828191369773,5850.472099334002,5834.675109945239
7400.0,5638.017966970802,5978.254508972169,5862.8502540290365,5847.688192874194,5831.70273071155
6800.0,5641.690396890045,5978.364320844413,5862.853763997556,5846.757048368455,5832.416382525117
6000.0,5666.452472656966,5990.329803526402,5862.839724123479,5849.296259880067,5842.229565046729
2500.0,5680.172688886524,5993.430610001088,5862.835211306811,5849.017969518901,5846.364119928331
6800.0,5686.955201625825,5999.665818363429,5862.864293903113,5852.003949880601,5850.372315943242
6000.0,5651.386183500291,5996.79416269064,5862.84824833274,5850.208851695062,5840.309361554683
6000.0,5638.111733272673,5999.970182776452,5862.859781086446,5850.629546493293,5837.892810907216
6000.0,5635.605866461993,6007.299498468638,5862.855268269778,5852.042058110238,5839.450672827662
4000.0,5639.693726226688,6011.290834099055,5862.849752604962,5852.588610351087,5841.605730820448
7500.0,5637.503004446627,6010.438914597035,5862.856772542001,5852.338901162148,5840.784398186953
6000.0,5619.06363554299,5996.533923596145,5862.834208458663,5848.9357359707365,5831.841875892133
6200.0,5638.438411056996,5989.2196506261835,5862.843234091998,5848.415759205819,5834.729263745249
7000.0,5634.691018238665,5983.11631679535,5862.844738364221,5847.370791435243,5832.005716208369
6000.0,5656.66291974485,5981.92192465067,5862.84824833274,5847.592420876027,5837.256378401072
6000.0,5654.17435206473,5987.532358616591,5862.847245484591,5849.315313994885,5838.4673175401995
5000.0,5654.991171881557,5989.418214559556,5862.850755453111,5849.896464496852,5839.289151597769
6400.0,5654.4233091175565,5991.020765900613,5862.86629959941,5850.879757106305,5839.797532930971
6800.0,5649.530413001777,5994.3767972290525,5862.846242636443,5850.103552639485,5839.214251376689
7500.0,5668.422317132355,5995.286881923676,5862.849251180888,5849.752555787564,5844.077751506121
6800.0,5639.943184703589,5998.333534598351,5862.84223124385,5849.6256954967985,5837.686161510647
3000.0,5637.648417428137,5999.802707135678,5862.840225547553,5850.096532702447,5837.596970703454
3000.0,5648.763484880329,6005.097243934871,5862.855268269778,5852.8834477067,5842.39986119792
6800.0,5636.350230500103,6003.280083090068,5862.863291054965,5853.261521458627,5838.938781525941
8000.0,5619.592136517168,5982.3060154914865,5862.832202762366,5843.882384151221,5827.1531847305605
6000.0,5611.271756142379,5971.920018643142,5862.8271885216245,5842.423240095378,5822.110550850631
5000.0,5628.819091618062,5972.329682111741,5862.852259725333,5845.08981332183,5827.2727116942415
7800.0,5636.183256283403,5977.999284118415,5862.8617867827425,5848.892613500358,5831.48423517123
5000.0,5636.732315644623,5975.840152055026,5862.846744060517,5843.295216560365,5829.678607080133
7000.0,5634.862003847958,5979.387225955726,5862.84223124385,5845.3991919755945,5830.622663255782
7000.0,5644.068901985885,5983.948179334403,5862.845741212369,5847.179748862983,5834.51064284891
6000.0,5632.24156163633,5991.0809367895135,5862.83621415496,5847.887759655715,5833.511618059129
5500.0,5648.548373952509,5997.768931090833,5862.856271117927,5850.0403732061395,5839.803487341852
6500.0,5661.161947250367,6003.128653019668,5862.855268269778,5851.797363162042,5844.735807925464
6000.0,5674.548465758563,6005.678394436837,5862.836715579034,5851.735688000918,5848.699815943838
6800.0,5681.270306184889,5993.907965719701,5862.830698490144,5848.771268874408,5846.695059817285
7000.0,5665.980632603169,5981.725867837668,5862.840225547553,5847.380318492652,5839.481761120261
7000.0,5661.733570694924,5972.288063913585,5862.844236940146,5846.467225253583,5835.83327420056
6000.0,5642.579672485591,5970.263814926148,5862.849251180888,5846.07160165906,5830.441085062922
7000.0,5657.492024451495,5977.718988060952,5862.856271117927,5848.826425522567,5836.723427288235
7000.0,5654.607833176852,5983.608213812114,5862.847746908666,5849.580065906049,5837.66096495092
6000.0,5645.345026254655,5988.42740058899,5862.8357127308855,5849.64625388384,5836.5635983645925
7000.0,5655.135080590845,5991.770394891501,5862.845239788295,5850.69172307849,5840.110609587283
7400.0,5636.485364288093,5996.278197318316,5862.829194217921,5850.298105180264,5836.472715251149
6500.0,5638.279961049558,5991.4073638618,5862.852259725333,5847.323156148196,5834.965685196222
7000.0,5647.536500170828,5992.864000797273,5862.830698490144,5847.936899214984,5837.792024668307
6000.0,5668.113690614701,5986.715538799764,5862.851256877185,5846.944079548121,5841.156141459943
2500.0,5663.665306940676,5987.388449907304,5862.829695641995,5847.566848248244,5840.362575184555
6800.0,5681.808083504439,5987.212951481343,5862.852761149407,5850.548817217351,5845.605653338135
7000.0,5635.670800879599,5977.193495631219,5862.851256877185,5848.925206065179,5831.160189863295
6500.0,5642.945962771774,5967.277333140374,5862.840225547553,5842.014078050853,5828.7693998776385
6400.0,5633.904283866287,5976.430328190328,5862.855268269778,5843.73446404934,5829.231086093933
6000.0,5638.142821565271,5988.452973216773,5862.851256877185,5846.901959925891,5834.08725289628
7000.0,5618.856798112393,5999.587094783784,5862.862288206817,5850.358276069165,5832.91611429304
6800.0,5617.233186960221,6006.657174229623,5862.838219851256,5850.894298404456,5834.405719861389
7000.0,5623.685762658716,6004.358646273614,5862.840225547553,5849.587085843087,5835.117930080743
6600.0,5644.318611174823,6001.877599954606,5862.849752604962,5848.913673311473,5839.489909261466
6000.0,5649.268669635058,6000.5889400839815,5862.845741212369,5847.688694298268,5840.098011307419
6600.0,5683.194521069528,6002.340414375068,5862.851758301259,5850.198823213578,5849.646379239858
3000.0,5671.119226515294,6000.540803372861,5862.840225547553,5849.595108628274,5846.0238410159955
6500.0,5683.083204925061,6002.02953144908,5862.862789630891,5851.556178182364,5849.882926046849
7500.0,5652.609658241273,5997.722800076009,5862.8357127308855,5849.587587267161,5840.688939578832
6000.0,5636.119324713946,5990.089621394874,5862.847245484591,5847.212842851878,5834.067258611322
3000.0,5642.289598658682,5992.091306298972,5862.838219851256,5848.363109678031,5836.395558621735
4000.0,5656.703284382821,5998.500508815051,5862.856772542001,5851.66498720646,5842.431388236583
6000.0,5646.313276141883,5994.488614797593,5862.867302447558,5852.366479486228,5839.008918218316
6000.0,5629.393723607064,5987.6978285610685,5862.839222699405,5849.771108478309,5832.4254708364615
6000.0,5650.119084864856,5984.950024634601,5862.854766845704,5850.716794282199,5837.16016765684
4000.0,5644.234622642399,5988.273463398219,5862.857273966075,5849.979700893165,5836.336265224964
4000.0,5646.154073998333,5996.478265523911,5862.870310992003,5852.35594958067,5839.4646500237295
6000.0,5632.795635238291,6002.993268519641,5862.855769693852,5852.720484882594,5837.8412895835945
3500.0,5633.52194800973,5997.372806072236,5862.854766845704,5849.990230798722,5835.934937931598
5000.0,5654.899661988021,6000.993087887765,5862.870310992003,5852.687892317773,5842.8627382963905
5000.0,5637.333021685482,6003.808584064246,5862.8532625734815,5852.499858289958,5839.123681653292
5800.0,5650.948690995575,6003.168265521527,5862.851758301259,5852.481807023288,5842.362630460412
6000.0,5630.799215286971,6002.812755852939,5862.855268269778,5851.774799078704,5837.060509622098
7500.0,5625.635550171138,6003.9459742605695,5862.845239788295,5851.050241291524,5835.8692513778815
7000.0,5626.194888725878,6000.889794528485,5862.835211306811,5848.714106529952,5834.658500272782
6400.0,5645.617800951005,5994.685674458743,5862.840225547553,5847.830095887185,5837.7434492111215
5000.0,5649.176156893373,5991.424913704396,5862.844738364221,5846.578039973975,5837.505962233991
3000.0,5668.439616262914,5991.900263726712,5862.844738364221,5848.200146853925,5842.846191301943
6000.0,5678.3271975815305,5999.102719128133,5862.866801023484,5852.62872427702,5848.231360502542
5500.0,5635.49254462123,5998.519061505795,5862.859279662372,5852.322855591775,5837.298435345293
7000.0,5636.394606530667,5998.454377800227,5862.843735516072,5851.432326436044,5837.281261570753
6000.0,5639.6942276507625,5991.524195671082,5862.848749756814,5849.921034276486,5835.997051838786
6500.0,5642.025097459556,5989.18555378914,5862.857775390149,5849.493820965291,5835.890561901034
5000.0,5639.727572351695,5992.478907108308,5862.833707034589,5849.7590743005285,5836.19981519878
6000.0,5662.163541838528,5990.196926146747,5862.843234091998,5849.862367659808,5841.26651743427
7500.0,5640.929235145451,5983.277775347234,5862.844236940146,5848.128944635392,5833.795048017056
6500.0,5628.737860918046,5975.3602892160425,5862.837718427182,5846.400034427644,5828.333975747229
4000.0,5647.290050238372,5978.827135264874,5862.849251180888,5846.808695048095,5833.943782933057
6800.0,5674.729479849339,5992.72310063243,5862.8678038716325,5850.462572276593,5845.195739157499
5000.0,5650.121591985227,5999.149852991105,5862.849251180888,5849.951119720937,5840.517953969539
7000.0,5654.541895911098,6007.7623128891,5862.840726971627,5851.11943781376,5844.066093396396
6000.0,5630.321358144284,6001.674021780492,5862.850755453111,5848.065765202046,5835.727975144983
2500.0,5631.396912783385,6001.3340562582025,5862.852761149407,5849.268681555987,5836.213102936746
4800.0,5641.603149101139,6008.282791078092,5862.857273966075,5852.80171558261,5841.386232431979
6000.0,5626.059002801777,6001.906181126834,5862.859781086446,5852.230092138053,5835.763764288277
3000.0,5615.2249835431585,5990.405518561603,5862.843735516072,5849.0430407226095,5829.379319585861
7000.0,5648.112135007978,5989.411696046592,5862.855769693852,5850.504691898824,5837.721073161812
6800.0,5625.202570483089,5978.088036179543,5862.849251180888,5846.866860240699,5828.251679521055
7000.0,5633.390073478223,5973.04571568966,5862.840225547553,5845.582713186742,5828.714681975544
7500.0,5640.207685902716,5972.427459806205,5862.8357127308855,5845.383146405221,5830.213501211257
6800.0,5651.970091834665,5974.349919706584,5862.835211306811,5846.0776187479505,5833.808210399003
6000.0,5646.894175931812,5978.519260883332,5862.839724123479,5846.834769099952,5833.771982509644
6400.0,5644.278998672963,5980.250176787377,5862.855769693852,5847.338198870421,5833.6807860061535
7600.0,5646.788124740125,5984.880326688291,5862.844236940146,5847.03884869814,5835.387884266675
7000.0,5654.1738506406555,5986.262752860785,5862.830698490144,5846.527396142484,5837.448674533517
6600.0,5649.48277771473,5986.6483479738245,5862.838219851256,5846.858336031438,5836.456920392812
6400.0,5648.5611602664,5989.719570428134,5862.857775390149,5847.476090490819,5837.153649143876
2500.0,5658.619225770236,5995.377138257028,5862.852259725333,5848.5446251928815,5841.34831223637
5800.0,5672.7380741387615,6007.216262072326,5862.86629959941,5852.04707235098,5848.716927040369
6000.0,5655.801473185421,6004.323546588422,5862.856271117927,5851.244793832303,5843.556521181018
6500.0,5634.346038475634,6003.620550036431,5862.86028251052,5850.724817067386,5837.887922022493
5000.0,5622.787962853909,6005.364502966405,5862.8357127308855,5850.281056761743,5835.317308828236
6000.0,5634.7110752016315,5999.255152046681,5862.851758301259,5848.630870133639,5836.362213920803
3000.0,5629.254829138518,5990.898919850589,5862.829695641995,5846.913994103671,5832.474359683693
4000.0,5654.787342995406,5992.110861837865,5862.856271117927,5849.346903711558,5839.775344915689
6000.0,5641.702681779862,5983.589159697295,5862.86028251052,5848.662961274386,5834.203771315516
6600.0,5643.953323736788,5980.051111429931,5862.850755453111,5849.114242941142,5833.992358390243
6000.0,5634.190095588566,5978.52979078889,5862.861285358668,5848.395702242852,5830.994218494744
7000.0,5651.218958571554,5988.462500274182,5862.857775390149,5849.132294207812,5837.917882110924
7000.0,5646.80918455124,5993.291715532542,5862.852259725333,5847.982528805734,5837.733922153712
7000.0,5655.088448151947,5997.405398637057,5862.841228395701,5848.2608191669,5840.898973587901
6600.0,5647.809024155141,5998.688542842866,5862.842732667924,5847.8516571223745,5839.297989197076
3000.0,5649.309034273029,5995.614813268186,5862.857273966075,5847.7328196167955,5838.878485281021
6000.0,5671.087636798621,6006.212411075831,5862.8678038716325,5852.311322838069,5848.1197936460385
7000.0,5648.972077295185,6002.0174972713,5862.846242636443,5850.164726376534,5841.000135894866
6500.0,5658.804501965643,5996.061582118274,5862.845741212369,5847.841127216817,5841.388238128276
6000.0,5653.305634856225,5994.731304049493,5862.83019706607,5847.741845250131,5839.6522453054795
5000.0,5648.850983381272,5990.484743565322,5862.8387212753305,5846.8357719481,5837.252555042506
6600.0,5637.377147004009,5985.767847299577,5862.845741212369,5846.66278064251,5833.163379039616
5000.0,5641.0596054047355,5981.074517965318,5862.845741212369,5844.947910308839,5832.481943722815
6000.0,5674.9616391956815,5985.719710588456,5862.84824833274,5847.029823064805,5842.639855295421
2500.0,5667.312414944173,5988.56679648161,5862.8532625734815,5848.230733722449,5841.7408019304285
6000.0,5666.309566795827,5999.357442557813,5862.863792479039,5851.05575695634,5844.896639697255
8000.0,5637.579973042012,5995.816385746003,5862.855268269778,5850.032851845027,5836.571119725705
6000.0,5623.981853574515,5989.71906900406,5862.83019706607,5846.9791792333135,5830.8775747194895
6500.0,5636.922104656697,5983.989296108485,5862.837718427182,5846.290723979474,5832.50996079296
7600.0,5634.056215360762,5980.922085046769,5862.856271117927,5845.301915705205,5830.7841218076655
2500.0,5628.722316771747,5979.619385302068,5862.838219851256,5844.711238145829,5828.972790017725
6000.0,5668.406522274018,5991.112526506186,5862.855769693852,5850.110572576524,5843.121347762645
6000.0,5628.765689954163,5982.644978165627,5862.837217003108,5847.327668964864,5830.39388852194
5000.0,5643.7670446932325,5977.9982812702665,5862.848749756814,5847.578882426024,5833.048239536584
6500.0,5631.772228702904,5973.169567435981,5862.843735516072,5846.343373507262,5828.532226290555
5000.0,5644.257688149811,5966.369254142047,5862.843735516072,5845.8745419979105,5829.83630495146
5000.0,5660.845799371601,5972.12409824133,5862.861285358668,5849.664806574584,5836.373997386546
5800.0,5658.547772839666,5983.101775497199,5862.840726971627,5850.8637115359315,5838.838496711106
6000.0,5655.104744434358,5984.775027632714,5862.856772542001,5850.229911506177,5838.241614028812
6000.0,5626.913429424168,5981.5097540617,5862.847746908666,5847.719281166793,5829.7475528903315
4800.0,5641.7786475271,5982.267405837775,5862.858276814223,5848.280876129867,5833.796301577241
6000.0,5668.412790074945,5988.238363713027,5862.859279662372,5850.450036674739,5842.490117531271
2500.0,5652.808974310757,5989.535547792912,5862.855268269778,5850.241945683957,5838.860434014351
6500.0,5655.51415719092,5989.74915444851,5862.855268269778,5851.301454752685,5839.855008665473
7500.0,5620.5821983516225,5980.428182333709,5862.857273966075,5848.1695599854,5828.009303659202
6000.0,5625.663629919291,5975.235434621573,5862.843735516072,5846.403042972089,5827.5364607572565
6500.0,5644.292286410929,5978.205870836974,5862.851758301259,5847.7473609149465,5833.274319116027
5500.0,5650.804030150176,5981.553879380227,5862.836715579034,5847.145150601865,5835.584943927825
6000.0,5652.312063053251,5981.525799632073,5862.84223124385,5846.800170838834,5835.870066192002
7000.0,5646.03298008442,5979.623396694661,5862.844738364221,5847.27552086115,5833.944159001113
6000.0,5633.863417804242,5974.92505311966,5862.838219851256,5845.606781542302,5829.308368079365
7500.0,5644.839841499926,5974.451207369567,5862.853763997556,5846.227544546128,5832.093089353294
6500.0,5641.252653673292,5971.741010248662,5862.844236940146,5845.649402588607,5830.371825862677
6600.0,5664.275790750981,5974.895469099284,5862.833707034589,5846.713424474002,5837.179597839714
7500.0,5657.1598310023555,5970.981854200364,5862.838219851256,5845.944741368295,5834.231161605568
3500.0,5634.201879054309,5967.2116465866575,5862.833205610515,5845.022121071816,5827.317213080824
6500.0,5659.190849214793,5970.6729769706735,5862.869308143855,5848.711599409581,5835.361183434726
7000.0,5637.6622065901765,5972.217363119126,5862.847245484591,5847.5733667612085,5830.075045488776
4000.0,5659.177812188865,5974.509873986245,5862.852761149407,5848.217195272447,5836.189410649241
3000.0,5668.533382564784,5983.793740719558,5862.866801023484,5851.502525806428,5841.6741125285635
5000.0,5658.777926489712,5996.273183077575,5862.8532625734815,5853.642603754998,5842.8867439739415
7000.0,5633.887235447765,5990.942543745042,5862.86028251052,5850.989067554475,5834.6697823144505
5300.0,5625.22062174976,5985.647004097701,5862.845741212369,5849.641741067172,5830.83877703175
6000.0,5632.80691727996,5985.8977161347875,5862.8357127308855,5848.732659220696,5832.568251341582
5000.0,5630.791693925858,5978.36281657219,5862.8532625734815,5847.022803127767,5829.757644049824
5000.0,5636.900543421508,5974.717463552953,5862.857775390149,5846.755544096232,5830.3078316152105
6500.0,5665.741202607752,5976.974373310805,5862.866801023484,5848.831941187383,5838.603579532356
6000.0,5666.496096551419,5983.4422424435625,5862.844738364221,5849.311804026366,5840.523720346392
6500.0,5681.680471077562,5987.054501473905,5862.83019706607,5848.774277418853,5845.084861759097
7000.0,5650.129364058376,5987.005361914636,5862.833205610515,5847.9424148798,5836.977586615832
7500.0,5625.86595453322,5982.915747165681,5862.844236940146,5846.237573027612,5829.465877916665
4000.0,5619.243897497655,5979.315522313119,5862.848749756814,5845.033152401448,5826.610330492259
6500.0,5668.617120385171,5989.072231948377,5862.8532625734815,5848.200648277999,5842.185815796257
6000.0,5685.187681764365,5990.727934241296,5862.844738364221,5848.453366011382,5846.803430095316
5500.0,5675.381581857801,5992.2808445990095,5862.837217003108,5848.258312046529,5844.689488876612
5000.0,5650.383084639908,5987.446615099908,5862.855268269778,5848.490972816945,5837.293985206635
3000.0,5632.609105482698,5987.895389646293,5862.868305295707,5849.629706889392,5833.250626828522
6000.0,5648.119405657054,5997.380327433349,5862.863291054965,5852.633237093688,5840.249065309764
6600.0,5642.5611197948465,5992.475397139789,5862.849752604962,5850.752896815539,5837.159791588784
7600.0,5629.720150679351,5983.84689167142,5862.840726971627,5847.932386398316,5831.085038930179
6800.0,5622.5475300103435,5975.586932897569,5862.8387212753305,5845.309938490392,5826.570780668409
6400.0,5649.127769470216,5978.015329688788,5862.8387212753305,5846.783122420312,5834.191235713662
6500.0,5665.438593178988,5983.712510019542,5862.844236940146,5846.280695497991,5839.569008909167
7000.0,5668.570237234236,5989.354533702136,5862.847746908666,5846.227544546128,5841.750015597791
6800.0,5662.386675551535,5997.539780288936,5862.84824833274,5847.32365757227,5842.52459043637
7500.0,5654.175104200841,6002.489337325097,5862.852259725333,5847.502164542676,5841.754716448487
6500.0,5643.675785511733,6006.123157590629,5862.838219851256,5848.204659670592,5840.2104556560525
5000.0,5648.07327464223,6006.138200312854,5862.849251180888,5847.685184329749,5841.18647761643
2500.0,5651.303197816015,6008.046620339156,5862.843234091998,5848.9011377096185,5842.773547489197
6500.0,5647.900032624603,6003.828139603139,5862.858778238297,5850.083997100593,5841.167736891658
6000.0,5619.1711910069,5991.582862287761,5862.841228395701,5848.252294957639,5830.461894162
6500.0,5642.504960298539,5986.348997801543,5862.849251180888,5848.41826632619,5835.03036890179
7000.0,5634.430779144169,5983.296328037978,5862.835211306811,5847.301594913007,5831.965978350491
6000.0,5641.956903785468,5975.168745219708,5862.84824833274,5846.102689951659,5831.519146822394
6800.0,5644.087454676629,5971.578047424556,5862.829695641995,5845.560149103404,5831.013836711646
7000.0,5665.68454168737,5961.65937781334,5862.829695641995,5840.231014043094,5832.60115729645
6500.0,5641.006454452873,5957.46697112918,5862.847746908666,5840.451139211656,5825.443077925594
6000.0,5641.541473940016,5966.974472999574,5862.85426542163,5844.994041323663,5829.0910634212205
6000.0,5632.055031880737,5975.8762545883665,5862.83621415496,5846.764068305493,5829.382892232389
6800.0,5635.439895093442,5980.963201820851,5862.856271117927,5848.254300653935,5831.878417171539
6500.0,5644.088457524777,5986.71152740717,5862.847746908666,5848.680009692908,5835.58193538338
2500.0,5646.548193320633,5991.5562868118295,5862.8532625734815,5849.529422074557,5837.621791195125
4000.0,5662.643655389548,6002.42365077138,5862.866801023484,5852.509886771441,5845.110998488964
5000.0,5654.567969962955,6002.612186223269,5862.856772542001,5852.304804325105,5843.085433263333
6000.0,5648.123667761684,5999.142833054067,5862.865798175336,5851.761260628701,5840.473389904947
7800.0,5621.822220087052,5993.811190873385,5862.839222699405,5848.936237394811,5831.852217763663
6500.0,5643.958087265492,5984.648668766023,5862.845741212369,5842.027115076781,5833.369903080166
7000.0,5640.884106978775,5988.2699534297,5862.847245484591,5842.933689802886,5833.733748923988
6500.0,5646.4080452919015,5996.203986555339,5862.845741212369,5844.2714892327795,5837.432315573097
4000.0,5658.768399432302,6006.571430712939,5862.855268269778,5847.305104881526,5843.875050824136
5500.0,5663.716702908278,6019.812034815551,5862.844236940146,5851.080828160048,5849.363450706006
6000.0,5648.7993367016325,6017.071250826121,5862.862288206817,5851.454389095307,5845.046816207469
5000.0,5644.5382349193105,6014.1093388199815,5862.854766845704,5851.006115972997,5843.127114139498
4000.0,5671.382724866272,6011.202082037927,5862.8678038716325,5852.10122615099,5849.388459231705
6500.0,5681.954499334098,6017.635352909566,5862.870310992003,5853.540313243867,5854.0001191198835
6000.0,5659.034154191614,6013.20677548647,5862.844236940146,5850.421956926585,5846.376780886204
5000.0,5683.371273055674,6004.94932383299,5862.847245484591,5849.804703891278,5850.243136566133
7800.0,5650.306366756559,5999.649271368981,5862.83621415496,5848.599781841041,5840.347908530385
6000.0,5634.9517587572345,5988.83957117796,5862.850755453111,5845.820889621974,5833.11574375257
7000.0,5661.843633279205,5991.466531902553,5862.857273966075,5847.9589618742475,5841.03160025552
6000.0,5669.105006009341,5994.722779840232,5862.838219851256,5848.345559835435,5843.752891384066
6000.0,5690.344577655197,5994.322142004968,5862.843234091998,5848.194129765035,5848.926020879299
6500.0,5654.4175427407035,5991.272982209922,5862.841228395701,5847.379817068578,5838.977892603726
5000.0,5650.937659665943,5985.907243192197,5862.837217003108,5846.070598810912,5836.43817966804
6800.0,5672.697960212828,5984.42603647709,5862.865296751262,5847.955451905728,5841.986186336727
6800.0,5661.99982687831,5986.874991655351,5862.848749756814,5848.364112526179,5840.0219202041635
6500.0,5653.108324483038,5990.591045469047,5862.85426542163,5848.06024953723,5838.653471227736
7000.0,5637.136714160443,5995.590243488551,5862.842732667924,5848.381662368775,5835.987838171423
6500.0,5643.275398388506,5998.309967666865,5862.828692793847,5848.49398136139,5838.227010052652
7800.0,5630.917802080513,5993.844284862281,5862.856772542001,5846.0475333035,5833.416598197074
6000.0,5637.684519961477,5995.136956125499,5862.85426542163,5844.966964423657,5835.160676483066
6500.0,5671.69009782374,6001.787845045329,5862.840225547553,5847.159190475942,5845.869339723141
6800.0,5698.058485612274,6004.700116068126,5862.831199914218,5848.227725178004,5853.4543816931555
6000.0,5689.354014396668,5998.782309144736,5862.844738364221,5847.181253135205,5849.540578760208
6800.0,5649.4286239147195,6000.306136906148,5862.859781086446,5849.009946733714,5840.401122160257
5000.0,5622.496134042741,5997.796007990838,5862.8417298197755,5847.959463298322,5832.773333787919
6800.0,5654.631149396301,5993.225026130677,5862.851256877185,5848.413753509522,5839.780296478421
5000.0,5648.601775616408,5985.9207816421995,5862.849251180888,5847.217355668546,5836.14729102701
6000.0,5644.22158561647,5986.871481686831,5862.8678038716325,5849.23057332635,5835.797861125321
6500.0,5636.006002873183,5991.191250085832,5862.850755453111,5850.415939837695,5835.115987062455
6000.0,5643.44111904502,5990.702361613513,5862.840225547553,5848.719120770694,5836.425706744195
7000.0,5635.632441937924,5986.313396692277,5862.853763997556,5846.907977014781,5832.9268949106345
6000.0,5626.76776573062,5978.775990009309,5862.839724123479,5840.395481139422,5827.194740250708
4000.0,5632.962358742953,5985.466992855073,5862.850755453111,5845.1078645885,5831.596992909909
7000.0,5635.81521101296,5990.6547263264665,5862.856271117927,5848.409742116929,5834.433987643571
3000.0,5614.904824271799,5991.096982359887,5862.85426542163,5848.029161244632,5829.221308324487
6800.0,5643.606839701534,6000.604985654355,5862.863792479039,5850.815574824811,5839.472798164935
7500.0,5651.699072122575,5998.496497422458,5862.851256877185,5849.2807157337675,5840.581885538996
6800.0,5653.122865781189,5995.595257729293,5862.848749756814,5847.918847948314,5839.871430303902
7000.0,5672.160182893277,5998.34055453539,5862.836715579034,5848.513536900283,5845.462747476996
3000.0,5680.010478198529,5998.9222064614305,5862.8502540290365,5848.242767900229,5847.506426647306
6000.0,5679.490501433612,6010.269934684039,5862.8502540290365,5851.089853793384,5850.925135985018
6500.0,5637.56894171238,5996.6988921165475,5862.839222699405,5847.009264677764,5836.029080301524
6600.0,5655.419137328864,5986.6282910108575,5862.831701338292,5845.867020636798,5837.686537578703
6000.0,5663.0588345229635,5975.372323393823,5862.843735516072,5844.458018988372,5836.4332281053075
6500.0,5668.469450995327,5976.747729629279,5862.849251180888,5845.473904162646,5838.385083992035
3000.0,5661.885752901436,5980.191510170699,5862.832202762366,5845.6283427774915,5837.634452152998
2500.0,5682.516094297172,5987.365384399892,5862.866801023484,5848.942254483701,5845.422633551062
7000.0,5641.08593016863,5994.185253232718,5862.858276814223,5850.409922748805,5837.134845741094
5800.0,5618.171852827073,5983.179496228696,5862.843234091998,5846.663783490659,5827.714591659606
7500.0,5637.35383078456,5975.432494282723,5862.855769693852,5845.733140408994,5830.343808792532
6000.0,5632.771316170693,5972.922866791488,5862.845239788295,5844.994041323663,5828.383366018535
6000.0,5653.287332877518,5975.250978767873,5862.857775390149,5846.346883475781,5834.43574262783
6800.0,5652.06435956061,5980.233128368855,5862.857273966075,5847.840625792743,5835.748846922071
6000.0,5665.736439079047,5984.846731275321,5862.846744060517,5848.202653974296,5840.408142097295
4000.0,5647.086973488332,5990.888389945031,5862.842732667924,5848.052226752044,5837.217580713333
2500.0,5647.022791206838,5992.790792882443,5862.855769693852,5848.500499874354,5837.792463414372
6800.0,5639.603720605374,5993.352889269591,5862.86629959941,5849.347906559707,5836.292704008521
4000.0,5624.110970273615,5981.032398343087,5862.843735516072,5840.629646182061,5827.154187578709
5000.0,5639.113077148796,5990.8227033913145,5862.868305295707,5844.458018988372,5834.315526206047
6000.0,5614.249964430929,6000.672176480294,5862.850755453111,5846.761561185122,5831.133614387364
7000.0,5617.798793315888,6003.630077093841,5862.848749756814,5847.291566431523,5832.8922966495165
6200.0,5616.822771355511,6003.241974860431,5862.8502540290365,5846.545447409154,5832.365111913533
6500.0,5628.6032285541305,6002.5028757751,5862.838219851256,5846.1528323590765,5835.024289134891
5000.0,5648.8517355173835,5992.481915652753,5862.847746908666,5843.693347275258,5836.968686338515
7000.0,5672.900786250831,5990.154305100442,5862.839724123479,5845.025129616261,5842.729986272753
6500.0,5669.33139897883,5982.240830361844,5862.844738364221,5845.148981362582,5839.891487266869
6500.0,5660.040261596442,5976.8068976700315,5862.835211306811,5844.385312497617,5836.016920767725
6000.0,5662.541615590454,5971.679836511613,5862.853763997556,5844.15014460683,5835.306340176613
6000.0,5679.419800639153,5974.441178888083,5862.853763997556,5846.177903562785,5840.723161771894
2500.0,5670.688001811505,5976.207695901395,5862.854766845704,5845.819886773826,5838.892587833107
6500.0,5672.613219544292,5984.098105132581,5862.866801023484,5848.87004941702,5842.112043779344
5000.0,5643.003877252341,5981.489697098733,5862.85426542163,5848.595770448447,5833.985902555288
5000.0,5636.4532731473455,5986.6222739219675,5862.8678038716325,5850.268521159888,5834.052968025208
7500.0,5634.256784990431,5994.3101078271875,5862.868806719781,5851.899152249099,5835.8337129466245
6500.0,5629.262350499631,5997.005262225867,5862.849752604962,5850.380840152503,5834.874551370741
6600.0,5660.547452047468,6003.335741162301,5862.834709882737,5849.969170987607,5844.171768520028
6800.0,5646.979668736459,6000.9193785488615,5862.846242636443,5846.829253435136,5839.393635839225
6500.0,5654.410773515702,5997.238424420358,5862.849251180888,5845.905128866435,5840.100894495846
6000.0,5650.776201114059,5995.126927644015,5862.845239788295,5845.751693099738,5838.625015411527
7200.0,5680.501623079182,5995.363098382951,5862.83019706607,5846.256125718356,5846.2377610616395
6500.0,5673.812375217677,5989.075741916896,5862.855769693852,5845.74116319418,5842.871262505651
6800.0,5665.000849962235,5991.2779964506635,5862.837217003108,5846.539931744338,5841.413998790086
7000.0,5664.205089956523,5992.727613449098,5862.836715579034,5846.468228101731,5841.559411771596
6500.0,5673.223201930524,5990.465188026429,5862.8502540290365,5845.951259881259,5843.122475966812
6500.0,5665.178855508567,5993.052536249162,5862.857273966075,5845.2166736125955,5841.5763348341
7000.0,5663.768851011992,5997.900304198266,5862.84223124385,5845.6283427774915,5842.5349323079
6000.0,5678.223904222251,6000.849680602551,5862.828692793847,5846.333846449853,5847.059031017126
7500.0,5653.506455197931,5993.424091488124,5862.829695641995,5844.634520262481,5838.598690647633
6600.0,5628.571137413383,5981.789548695088,5862.847746908666,5842.973302304746,5829.045433830471
6500.0,5658.901778236032,5981.340272724629,5862.843234091998,5844.040332734586,5836.781404446811
6000.0,5681.262283399702,5985.032258182765,5862.836715579034,5845.523545145989,5843.6637005768725
6400.0,5692.189567536117,5988.991001248361,5862.84824833274,5847.2283869981775,5847.814301028849
3000.0,5653.875001892448,5991.086452454329,5862.850755453111,5847.4169224500665,5838.807283062489
6800.0,5655.218818411232,6000.276552885772,5862.86028251052,5849.436157196761,5841.947952751071
6800.0,5629.911443963648,5994.5332415401945,5862.841228395701,5846.934051066638,5833.554991241545
7500.0,5645.626575872303,5990.909449756146,5862.840726971627,5845.824901014567,5836.300413403661
7000.0,5642.020083218814,5986.325430870057,5862.83621415496,5845.133437216283,5834.078791365028
5000.0,5639.277544245125,5987.020404636861,5862.852259725333,5845.68700939417,5833.709304500372
6000.0,5646.867600455881,5988.064870983363,5862.835211306811,5846.185926347972,5835.988402273507
4000.0,5654.957576468588,5985.673579573632,5862.848749756814,5847.074449807406,5837.63858890161
6000.0,5652.363459020854,5985.031756758691,5862.866801023484,5848.404226452113,5837.1665608137855
5500.0,5629.815922677518,5980.215578526259,5862.8387212753305,5846.456193923951,5829.831604100765
7000.0,5666.370239108802,5976.768789440394,5862.84223124385,5846.3704504072675,5838.087927550078
6000.0,5654.559195041657,5971.996235102416,5862.849752604962,5844.356229901315,5833.440353162588
6000.0,5655.556527525187,5975.068460404874,5862.848749756814,5846.106199920178,5834.894984401763
6500.0,5634.74216349423,5981.141207367183,5862.854766845704,5847.103030979634,5831.460292171688
4000.0,5638.323835656048,5984.253546595574,5862.859781086446,5847.313127666713,5833.187572751195
4000.0,5653.215378522874,5991.882713884116,5862.845741212369,5849.290242791177,5839.308519102634
6500.0,5644.616707786919,5986.237180233003,5862.862288206817,5849.260157346726,5835.744083393366
6800.0,5630.370497703553,5979.415305703879,5862.84223124385,5847.082472592593,5829.927626810969
8000.0,5663.434651866556,5971.179916709662,5862.829695641995,5841.0047113895425,5834.612243901939
5500.0,5621.097160875798,5968.103680014611,5862.834709882737,5840.312746167184,5823.087074235083
8000.0,5639.836381375791,5977.617198973895,5862.86028251052,5844.774417579175,5831.272070109845
6000.0,5625.131869688631,5985.161625593902,5862.828191369773,5845.5441035330305,5829.666447546334
6000.0,5657.933277636767,5990.698851644994,5862.850755453111,5847.090996801854,5839.6434703841815
6000.0,5651.302696391941,5994.27801668644,5862.847746908666,5847.724796831609,5839.038314204664
5000.0,5652.058593183757,5987.481213361026,5862.83621415496,5845.779271423818,5837.03882303089
6500.0,5672.765401750804,5982.001149654389,5862.865296751262,5846.960626542569,5841.148118674756
7000.0,5677.736770734192,5987.233509868384,5862.846242636443,5848.230733722449,5844.011814240367
5000.0,5673.300170525909,5985.727231949569,5862.8502540290365,5846.889925748111,5842.191895563156
6400.0,5680.409110337497,5990.980651974679,5862.856772542001,5848.206665366889,5845.613300055266
6800.0,5666.051082685591,5996.622675657273,5862.845741212369,5847.766916453839,5843.321604002268
6600.0,5662.735165283085,5998.0612613260755,5862.852259725333,5846.9761706888685,5842.6562142558405
3000.0,5648.477422446013,6000.258000195027,5862.8387212753305,5846.994221955539,5839.6420914679775
7500.0,5659.234723821283,6007.234313338996,5862.863291054965,5849.239097535611,5844.642856437714
7200.0,5637.575710937382,5999.357442557813,5862.843234091998,5847.238916903735,5836.753826122732
6000.0,5648.113388568164,5996.370459347964,5862.84824833274,5847.128603607417,5838.615174964071
7600.0,5651.551152020694,5999.424131959678,5862.8502540290365,5848.038186877967,5840.465931221844
6000.0,5645.917401835323,5997.241432964803,5862.852761149407,5846.249105781318,5838.065175432713
7000.0,5659.277094155551,5996.763074398042,5862.837718427182,5845.937721431256,5841.203902103008
7000.0,5672.800752148033,5994.396352767945,5862.846744060517,5845.711579173804,5843.938857037575
4000.0,5673.171555250884,5994.227874279023,5862.836715579034,5845.725117623807,5843.990315683187
6800.0,5672.025299817325,5999.386525154115,5862.8532625734815,5846.864353120328,5845.282360166312
6500.0,5658.558553457261,5993.982176482678,5862.848749756814,5845.47189846635,5840.215344540776
6500.0,5656.966030597688,5994.630517810584,5862.83270418644,5845.525049418212,5839.988575503231
6000.0,5660.249104723335,5988.602899014951,5862.856271117927,5845.285368710757,5839.248410891742
6000.0,5660.3313382715,5992.875032126904,5862.8532625734815,5847.320147603751,5840.844945143909
7500.0,5659.54134464264,5999.607653170825,5862.857775390149,5847.465059161187,5842.3679580912
7000.0,5636.296076700092,5997.537774592639,5862.835211306811,5846.120239794255,5835.697325598449
2500.0,5639.887526631356,5994.51468884945,5862.849752604962,5846.143806725741,5835.8489437028775
6800.0,5652.806467190386,5997.107051312924,5862.859279662372,5848.869547992946,5840.410586539657
7600.0,5632.25184082985,5988.682625442744,5862.853763997556,5847.100022435189,5832.722063176335
3000.0,5644.920570775867,5983.557569980622,5862.841228395701,5845.604775846005,5834.231036249549
3000.0,5686.653093621136,5995.642391592265,5862.851256877185,5849.827267974616,5848.7435025163
6000.0,5659.158507362009,5997.131119668485,5862.852761149407,5849.766094237567,5842.227120604367
5300.0,5628.557097539307,5986.887025833131,5862.854766845704,5846.295738220216,5831.148657109589
2500.0,5633.798734098674,5982.714174687863,5862.835211306811,5845.5701775848875,5831.229574419559
6000.0,5665.486228466035,5984.499745815993,5862.865296751262,5847.411908209325,5840.065794810654
6000.0,5646.965879574419,5978.273563086987,5862.858778238297,5846.466723829509,5833.641236182303
7000.0,5652.971686422826,5978.297130018474,5862.845741212369,5846.051043272019,5835.041400231422
5000.0,5639.392119646073,5977.546498179437,5862.8387212753305,5844.484093040229,5831.065358035267
3500.0,5644.866918399931,5975.618021190167,5862.843735516072,5844.0012216568,5831.832474190743
6800.0,5655.397826805712,5980.291794985534,5862.868806719781,5848.037685453893,5836.64902849123
7500.0,5635.11823154986,5983.321900665761,5862.849251180888,5847.769924998284,5832.264827098698
7600.0,5631.287853047253,5986.903071403504,5862.839724123479,5847.209834307433,5832.060120720417
4000.0,5625.415425002576,5987.385942786933,5862.853763997556,5845.373619347812,5830.257187783719
6000.0,5660.942323505879,5993.024957925082,5862.856271117927,5848.146494477988,5841.242511756719
6800.0,5651.7765421420345,5989.6052457392225,5862.8387212753305,5847.307612001897,5837.882030289621
5000.0,5673.448592051865,5983.942663669587,5862.84824833274,5846.554473042489,5841.69849427417
7000.0,5658.433949574829,5985.387266427279,5862.851758301259,5847.606460750104,5838.569858763368
7000.0,5644.652559608222,5983.369535952807,5862.838219851256,5846.131772547961,5834.248021990062
7000.0,5653.240951150657,5979.205209016801,5862.839724123479,5845.538587868215,5835.206118039788
6500.0,5659.9803414195785,5980.261709541083,5862.852259725333,5846.043020486833,5837.284332793207
6000.0,5654.497269168497,5984.128190577031,5862.851758301259,5845.34453675151,5836.705438699574
6800.0,5662.724635377527,5984.647665917874,5862.829695641995,5845.260297507049,5838.865573611111
4800.0,5662.132453545929,5979.338086396457,5862.841228395701,5844.2775063216695,5837.147318664939
7000.0,5674.105708301068,5983.335439115764,5862.856772542001,5847.221367061139,5841.879821754993
5000.0,5640.957314893604,5984.388931095601,5862.847245484591,5845.458861440421,5833.413088228554
3000.0,5654.498021304608,5988.1240390241155,5862.846242636443,5846.386495977641,5837.963699735702
6000.0,5664.26902152598,5993.662267923356,5862.855268269778,5849.256647378207,5842.51080127433
6000.0,5630.318349599839,5989.557610452176,5862.860783934594,5847.684682905675,5832.605356723071
7000.0,5637.752462923528,5988.571810722352,5862.863291054965,5847.913833707572,5834.275349602104
6500.0,5645.406199991704,5991.757859289647,5862.846744060517,5847.2313955426225,5836.810549721123
6500.0,5669.985506683589,5997.648087888957,5862.855769693852,5846.940569579602,5844.3574834615
7000.0,5659.031647071243,6003.649131208659,5862.836715579034,5846.513356268407,5843.007712531836
6000.0,5640.251560509206,6002.979228645564,5862.8387212753305,5845.157505571843,5837.806754000486
6400.0,5636.707244440914,6000.879766047002,5862.862288206817,5845.983351022006,5836.608162429185
7000.0,5651.989396661521,5999.397055059672,5862.8532625734815,5846.6893561184415,5840.232267603279
7000.0,5676.550652086736,6001.024176180364,5862.828191369773,5846.453185379506,5846.714051254095
6500.0,5678.975288197399,5992.448821663857,5862.836715579034,5844.8456197977075,5844.7766113094995
6000.0,5653.305133432151,5989.188060909511,5862.829194217921,5844.760879129172,5837.520816922189
4000.0,5647.977251932026,5983.189524710179,5862.849752604962,5845.02613246441,5834.760665427894
6500.0,5660.869617015124,5985.750798881055,5862.865296751262,5847.087988257409,5839.1434252262125
6000.0,5661.434721946717,5989.565633237363,5862.8357127308855,5847.233401238919,5840.267367288471
6600.0,5673.8512355834255,5983.15592929721,5862.838219851256,5845.764228701592,5841.402403358371
7000.0,5647.415155544878,5977.5344640016565,5862.856271117927,5844.97448578477,5833.195094112308
5000.0,5637.353580072523,5976.648949086667,5862.834709882737,5844.734805077315,5830.393011029811
4000.0,5660.515862330795,5981.3232243061075,5862.858778238297,5847.20582291484,5837.97592194751
5500.0,5670.269814133645,5989.975798130036,5862.861285358668,5850.483632087708,5843.3976324275145
7000.0,5648.501992225648,5992.34101548791,5862.84824833274,5850.032350420953,5838.430901616813
6400.0,5628.443023562432,5984.185352921487,5862.8502540290365,5846.012935042382,5830.372891388834
7000.0,5640.228495001794,5982.337605208159,5862.845741212369,5844.40737515688,5832.454804144801
5500.0,5646.951087564231,5980.73956668377,5862.836715579034,5843.922498077155,5833.6124669760475
6500.0,5671.719932556153,5985.205750912429,5862.85426542163,5847.0950081944475,5841.718739271165
5000.0,5654.351354762913,5990.493769198657,5862.839222699405,5846.703395992518,5838.596935663373
7000.0,5656.841176003219,5992.185072600842,5862.851256877185,5846.180410683156,5839.5144790411005
5000.0,5651.879083365203,5990.230020135642,5862.8532625734815,5845.267317444087,5837.557420879603
7600.0,5667.834648117424,5998.848998546601,5862.862288206817,5848.725639283658,5844.567893538625
7000.0,5642.8973246365795,6000.226911902429,5862.833707034589,5847.742848098279,5838.425197917969
5800.0,5663.944349437953,5998.844485729934,5862.837718427182,5846.752034127713,5843.0946469306955
2500.0,5671.246838942171,5998.000087589026,5862.854766845704,5847.628021985293,5844.932428840549
2500.0,5652.627458795906,6002.215058356524,5862.86028251052,5849.945102632047,5841.911975573749
6500.0,5632.005892321468,5996.4291259646425,5862.855268269778,5849.505353718997,5835.1989100687215
6200.0,5616.424891352654,5986.150935292245,5862.862789630891,5846.519373357297,5827.989497408272
7000.0,5630.121540650726,5980.843862891198,5862.8417298197755,5845.182576775552,5829.747427534313
6200.0,5639.672415703536,5977.115774899722,5862.849752604962,5843.903945386411,5830.885472148658
7200.0,5659.110119938851,5982.989456504584,5862.858276814223,5846.650245040656,5837.902024574579
5000.0,5645.082029327751,5979.361653327943,5862.839222699405,5839.803299307824,5831.771551165731
5000.0,5654.882362857462,5988.225828111173,5862.84223124385,5843.241564184428,5837.297996599228
6000.0,5657.235796749593,5991.528207063676,5862.8617867827425,5845.588228851558,5839.303504861892
8000.0,5639.11959566176,5999.452211707831,5862.859781086446,5847.964477539063,5837.349016498775
6000.0,5618.609596043826,5996.603621542455,5862.8387212753305,5845.268320292235,5830.830064788462
6200.0,5649.403803423048,5993.160342425109,5862.837217003108,5844.299568980933,5837.4252329580495
3000.0,5660.917753726245,5991.019763052464,5862.856772542001,5845.230212062598,5840.006125345827
7000.0,5685.634199902416,6002.159901708365,5862.8678038716325,5849.575553089381,5850.059364642949
6500.0,5646.07083760202,5997.336202114821,5862.840225547553,5846.446666866542,5838.173483032734
6000.0,5674.483782052995,5995.433799177409,5862.83621415496,5845.010086894036,5844.44097056985
7000.0,5650.464566051961,5988.47303017974,5862.83019706607,5843.307250738145,5836.268761008979
7000.0,5636.311620846392,5981.941981613637,5862.852259725333,5843.162840604783,5831.067175697536
6600.0,5645.510746911169,5980.29731065035,5862.8387212753305,5843.125735223294,5832.943128515036
6000.0,5663.075632229448,5978.028868138791,5862.845239788295,5842.621302604676,5836.642760690303
7500.0,5679.804142192007,5981.498221307994,5862.846744060517,5844.740822166205,5842.222482431681
6800.0,5656.389894336463,5978.375853598119,5862.849752604962,5843.450658023358,5835.266539640726
7000.0,5662.332772463561,5981.932454556228,5862.838219851256,5844.342691451312,5837.861534580589
5000.0,5679.474706575275,5983.327917754651,5862.845741212369,5844.670121371747,5842.579621728511
5000.0,5661.540271714331,5985.889191925527,5862.847245484591,5845.379636436702,5838.914086390288
7000.0,5651.522570848466,5985.945351421834,5862.867302447558,5846.982689201833,5836.829478479923
6800.0,5643.928753957153,5987.013886123897,5862.839222699405,5846.389003098012,5835.042716469617
7000.0,5659.572432935239,5983.622253686191,5862.841228395701,5844.382303953172,5837.604554742576
6000.0,5644.768137857319,5981.260546296836,5862.847245484591,5843.047513067723,5832.980860676617
6500.0,5658.273243159057,5988.783411681653,5862.8502540290365,5845.539089292289,5838.861499540509
4800.0,5656.173529848457,5996.5910859406,5862.840225547553,5845.951761305333,5840.389150660486
7000.0,5681.384380161763,6000.895811617375,5862.857775390149,5847.841127216817,5848.244773596526
7000.0,5644.835328683258,6000.102558732034,5862.8502540290365,5845.478918403388,5838.316764961929
3000.0,5646.175133809448,5998.330526053906,5862.837718427182,5844.211318343879,5837.888674158604
5000.0,5669.510156661273,6007.866609096528,5862.863291054965,5847.694711387158,5846.983692049981
6000.0,5636.053888872267,6002.562545239926,5862.852259725333,5845.747681707145,5836.804093886168
6000.0,5638.255140557886,5995.633867383004,5862.830698490144,5844.113540649415,5835.208311770112
7000.0,5637.7780355513105,5991.825050115586,5862.839724123479,5843.642703443767,5834.0213783085355
2500.0,5636.66713051498,5988.315081596375,5862.846242636443,5842.042659223081,5832.46777849272
7000.0,5658.64730551839,5992.7998185157785,5862.858276814223,5845.2718302607545,5839.8943077772865
5000.0,5637.779539823533,5986.692974716426,5862.835211306811,5843.982167541982,5832.822473347188
6000.0,5668.6825562268505,5986.518980562688,5862.850755453111,5845.329494029284,5840.845446567983
6500.0,5652.002433687449,5986.812815070153,5862.862789630891,5846.332843601705,5837.0027204975495
6600.0,5655.985245108605,5992.6142916083345,5862.83270418644,5846.413071453572,5839.461328089238
2500.0,5665.359368175269,5988.253406435252,5862.846242636443,5843.744492530824,5840.050877444447
4000.0,5667.558363452555,5994.882232695819,5862.865798175336,5846.209994703532,5842.87909725681
7600.0,5639.6245297044525,5994.877719879151,5862.845741212369,5846.973663568498,5836.080413591118
7000.0,5629.2844131588945,5983.158436417581,5862.841228395701,5843.497791886331,5829.695467464627
7000.0,5662.266835197807,5981.1261646449575,5862.857775390149,5844.060389697553,5837.577791232617
6000.0,5677.529431879521,5989.958749711514,5862.855268269778,5845.715590566398,5844.014760106803
6600.0,5691.91478714347,6001.035207509995,5862.831701338292,5846.372957527638,5850.538663379849
5000.0,5678.2429583370695,6001.2292586267,5862.843234091998,5846.0224620997915,5847.08447828889
6500.0,5653.334968164564,5998.520565778018,5862.858276814223,5846.965139359237,5840.4197375290105
6800.0,5631.789527833463,5995.042688399554,5862.857775390149,5846.7154301702985,5834.101355448366
6500.0,5662.810378894211,5991.026782989503,5862.85426542163,5845.630348473788,5840.580443944783
6000.0,5678.198331594468,5991.083945333959,5862.854766845704,5846.48126512766,5844.654577225448
7500.0,5679.496017098428,5993.725447356702,5862.845741212369,5847.001241892577,5845.767111890019
7500.0,5647.061902284623,5986.3906159997,5862.849251180888,5844.8050044476995,5835.276693478228
6000.0,5654.842248931528,5982.890174537898,5862.837217003108,5844.94440034032,5836.378510203213
6500.0,5663.756816834212,5982.329582422973,5862.849752604962,5846.00190371275,5838.734513893724
6400.0,5650.154435262085,5980.958689004184,5862.84223124385,5845.0020641088495,5834.739354904742
6500.0,5656.577677652241,5974.771115928889,5862.8532625734815,5844.042338430882,5834.5610986463735
6800.0,5653.150444105268,5974.607150256635,5862.847245484591,5844.565825164319,5833.792666252703
6000.0,5660.374962165953,5964.850942045451,5862.842732667924,5837.879836559297,5831.487118359656
6000.0,5650.801523029805,5970.856999605895,5862.856772542001,5841.6249729692945,5831.535067036749
5000.0,5633.56331549585,5979.204707592727,5862.857775390149,5844.332662969829,5829.9896153621385
6500.0,5627.592357620598,5984.8597683012495,5862.844236940146,5845.152491331101,5830.112213548274
6800.0,5637.182343751193,5987.050991505385,5862.837718427182,5844.87119242549,5832.985561527313
6700.0,5641.496095061303,5988.031776994468,5862.847746908666,5844.175215810538,5834.137708693744
6000.0,5636.638047918678,5994.00524199009,5862.831199914218,5844.34971138835,5834.456050302834
6000.0,5656.258019804955,5988.2574178278455,5862.83621415496,5842.672949284316,5837.506150268019
5500.0,5668.6970975250015,5981.301161646844,5862.832202762366,5842.677963525058,5838.877106364817
6500.0,5675.722800940276,5977.655307203532,5862.840726971627,5842.957256734372,5839.794022962452
7500.0,5669.5725839585075,5969.797991961242,5862.844236940146,5841.908277571202,5836.030772607774
6000.0,5667.803309112788,5969.74734812975,5862.837217003108,5843.130749464036,5835.879655927421
7000.0,5681.742146238686,5976.54715999961,5862.849251180888,5845.204639434815,5841.5857992135
7000.0,5662.584487348796,5978.570907562972,5862.848749756814,5844.262463599444,5837.0666520670065
6500.0,5649.21777509153,5976.585769653321,5862.849251180888,5843.524868786336,5833.044416178019
5000.0,5659.28235910833,5982.000648230315,5862.8387212753305,5844.384309649468,5837.126509565861
4000.0,5680.673110112549,5989.0341237187395,5862.842732667924,5846.177903562785,5844.681967515499
3000.0,5672.079453617335,5995.547622442246,5862.868806719781,5847.4053896963605,5844.475318118931
6500.0,5632.244820892812,6002.708459645511,5862.858276814223,5848.4343118965635,5836.561467312277
6800.0,5620.180056244136,5995.877559483052,5862.858778238297,5846.13528251648,5831.2629191204915
6800.0,5646.114962920547,5996.16086408496,5862.842732667924,5845.829413831235,5837.7369933761665
6500.0,5669.814771786333,5993.171373754741,5862.86028251052,5845.608285814525,5842.86367846653
6000.0,5668.221246078611,5999.211528152228,5862.83270418644,5846.376968920232,5844.160611834378
3000.0,5666.762102022768,5993.467213958503,5862.837217003108,5844.553790986539,5841.905080992729
6700.0,5666.525680571795,5994.735315442086,5862.8617867827425,5846.459202468396,5842.645496316255
7500.0,5639.8130651563415,5992.561140656472,5862.83270418644,5845.197619497777,5835.101132374258
6400.0,5648.618573322893,5985.477522760631,5862.833205610515,5843.25861260295,5835.046978574247
6500.0,5647.156922146679,5983.589159697295,5862.844236940146,5841.980482637883,5833.892700355501
3000.0,5654.663240537048,5985.361192375422,5862.839724123479,5842.065724730493,5836.2324704416105
6000.0,5686.646324396134,5997.7192901074895,5862.862789630891,5846.611133962871,5848.459884524346
4000.0,5654.561200737954,5999.224063754083,5862.851758301259,5846.292729675771,5840.732438117267
6000.0,5660.912238061429,6003.859227895738,5862.856271117927,5846.920512616635,5843.637062422932
5800.0,5649.363689497114,6001.149030774833,5862.848749756814,5846.45368680358,5839.953789208085
6000.0,5642.604492977262,6000.452552735806,5862.856772542001,5846.273174136878,5838.046748097987
4000.0,5635.133775696159,6003.16375270486,5862.858276814223,5845.745174586774,5836.725244950504
6000.0,5638.5171346366415,6007.613891363145,5862.855769693852,5846.3037610054025,5838.82263917476
7000.0,5643.057780340315,6004.682064801455,5862.855769693852,5846.246097236873,5839.210428018124
7600.0,5634.88331437111,5998.89212101698,5862.8532625734815,5844.425426423551,5835.2635310962805
6000.0,5642.466099932791,5997.518219053746,5862.85426542163,5843.663261830808,5836.625461559744
2500.0,5672.154667228461,6006.983099877835,5862.84824833274,5846.420592814685,5847.10165206343
4000.0,5681.912630423904,6013.75834196806,5862.865798175336,5848.953787237407,5851.872639451177
6800.0,5661.388340219856,6009.712852537633,5862.8678038716325,5849.91551861167,5845.971128810198
7000.0,5639.42772075534,6004.163592308761,5862.839724123479,5847.759896516801,5838.547733426095
8000.0,5655.416630208493,5997.66162633896,5862.827689945699,5845.204639434815,5840.277646481992
4000.0,5643.056526780129,5986.967755109073,5862.827689945699,5842.647376656533,5833.8748371228585
5000.0,5653.096791729332,5986.098285764457,5862.868305295707,5845.692525058986,5836.93897696212
6500.0,5646.5732645243415,5991.460013389588,5862.841228395701,5846.710917353631,5836.896355915816
6500.0,5667.067719995976,5986.112325638534,5862.852761149407,5843.924002349378,5839.989202283324
4000.0,5674.290733784438,5985.384257882834,5862.855769693852,5842.951239645482,5841.370500251652
5000.0,5676.844988018275,5994.322142004968,5862.8617867827425,5846.846803277732,5845.218930020929
7000.0,5642.654384672643,5998.84649142623,5862.869308143855,5848.1299474835405,5838.125032931567
7000.0,5632.861823216082,5992.228195071221,5862.841228395701,5841.07892215252,5832.252542208881
6400.0,5633.761378005148,5995.051212608815,5862.852259725333,5842.617792636157,5833.570660743863
7000.0,5624.78864490986,6000.178273767234,5862.849251180888,5844.538748264314,5833.088729530574
6500.0,5616.266441345216,6002.86339968443,5862.838219851256,5844.636024534703,5831.651021353901
6000.0,5615.811900421978,6003.6907494068155,5862.834709882737,5844.248925149442,5831.646571215243
7000.0,5637.766252085567,6000.368313491345,5862.850755453111,5843.830737471581,5836.204014625401
6000.0,5659.169037267567,5996.708419173957,5862.844738364221,5844.323637336493,5840.761458035559
7000.0,5680.181714519859,5993.713914602996,5862.842732667924,5844.00723874569,5845.186400134117
6800.0,5686.6583585739145,5989.072231948377,5862.83019706607,5843.39199140668,5845.48819474876
7000.0,5682.734965905548,5979.669026285411,5862.847746908666,5841.876687854529,5841.7821067385385
6000.0,5660.075361281634,5977.2446408867845,5862.825182825328,5841.945382952691,5835.522641986609
5000.0,5671.800160408021,5971.998742222787,5862.8532625734815,5842.5526075065145,5837.301193177701
3000.0,5676.818913966418,5973.535607010127,5862.862288206817,5845.369106531144,5839.6464789286265
5800.0,5686.642563715578,5982.179155200721,5862.8532625734815,5848.068773746491,5844.935938809068
6600.0,5653.92564572394,5977.79921591282,5862.857775390149,5846.8357719481,5835.354602243752
6600.0,5621.143291890622,5972.21184745431,5862.859279662372,5844.681654125453,5825.224018283189
6000.0,5636.621751636268,5975.584927201272,5862.862288206817,5845.754200220109,5830.205791816116
7600.0,5656.179546937347,5983.724042773248,5862.854766845704,5847.221367061139,5837.4949309043595
7000.0,5654.980892688037,5987.339310348035,5862.853763997556,5845.993379503489,5837.791836634279
7000.0,5648.77802617848,5986.311892420054,5862.829695641995,5840.9726202487955,5834.723058622331
6500.0,5615.169325470925,5988.489577174188,5862.847245484591,5840.577999502421,5826.771036908031
6800.0,5621.902197226883,5992.400684952737,5862.844236940146,5841.293030232192,5829.6100373379895
7000.0,5656.2843445688495,5997.526743263007,5862.847746908666,5843.024948984385,5839.920945931227
3000.0,5650.9910613298425,6003.32721695304,5862.837217003108,5843.819204717875,5840.2436750009665
5000.0,5683.608446642757,6015.780083835126,5862.853763997556,5848.028659820558,5852.567738573999
2500.0,5639.637566730381,6007.780865579844,5862.851256877185,5846.194951981307,5839.116160292179
5000.0,5653.161224722863,6004.772321134807,5862.857775390149,5847.288557887078,5842.019969783724
6500.0,5634.292887523771,5993.161846697331,5862.864293903113,5845.98986953497,5834.077224414797
5000.0,5644.217072799803,5986.624781042338,5862.859279662372,5843.753518164159,5834.363662917168
6000.0,5681.060961633922,5989.815342426301,5862.868305295707,5846.05355039239,5844.94953993708
6400.0,5672.4018692970285,5992.1620070934305,5862.838219851256,5845.969311147929,5843.342851847411
6800.0,5677.6023890823135,5991.937870532275,5862.844236940146,5844.745836406947,5844.2825832404205
6200.0,5661.369787529112,5991.51065722108,5862.849752604962,5844.2890390753755,5840.004809107632
7000.0,5634.134938940407,5998.2583209872255,5862.837217003108,5845.167032629252,5835.099377389998
7000.0,5637.199141457678,5996.294744312764,5862.8532625734815,5844.742827862502,5835.272494051606
7600.0,5641.328870132566,5995.309446007014,5862.852259725333,5844.183238595725,5835.91845361516
4000.0,5648.96305166185,5994.429948180915,5862.833707034589,5843.42207685113,5837.412195932121
4000.0,5680.4056003689775,5991.378281265498,5862.855769693852,5845.402701944114,5845.01058831811
7000.0,5660.220774263144,5992.078269273044,5862.870310992003,5848.243770748378,5840.853281319142
6500.0,5640.967594087125,5987.743458151818,5862.843234091998,5846.89945280552,5834.613434784115
5000.0,5654.856288805605,5984.736919403077,5862.8357127308855,5845.637869834901,5837.016697693617
6500.0,5639.582911506296,5978.268047422172,5862.857775390149,5844.653574377299,5831.340577173979
3000.0,5642.832640931011,5979.048764705659,5862.861285358668,5844.490611553193,5832.308325637133
6000.0,5664.057169854642,5990.21898880601,5862.856271117927,5847.673150151969,5841.201394982637
7500.0,5655.142852663995,5989.1705110669145,5862.852761149407,5846.628182381392,5838.448576815427
6000.0,5642.548584192992,5983.0711886286745,5862.845239788295,5844.394338130952,5833.214837685228
6000.0,5662.303439155222,5986.608234047891,5862.852761149407,5845.602770149709,5839.341801125557
2500.0,5657.651477307082,5989.3966533243665,5862.854766845704,5844.9093006551275,5838.70304953307
7200.0,5670.396423712374,5994.951429218055,5862.85426542163,5847.465560585261,5843.91691973433
6000.0,5629.413529857994,5987.355355918408,5862.849752604962,5846.107202768327,5831.431460287423
7000.0,5642.084766924382,5984.994651377202,5862.857775390149,5845.675476640464,5833.903167583049
6000.0,5649.933557957412,5985.298012942077,5862.84223124385,5845.726120471955,5835.949980653823
7000.0,5673.369116336108,5987.091606855393,5862.843234091998,5846.495305001737,5842.449815571309
6800.0,5649.766834452749,5984.010857343675,5862.838219851256,5844.443979114295,5835.264972690494
4000.0,5668.816185742618,5981.084546446801,5862.846242636443,5843.78611072898,5839.13327138871
6000.0,5659.114131331445,5980.120809376241,5862.86028251052,5845.232719182969,5836.831985600294
6000.0,5650.981032848359,5980.186495929957,5862.858778238297,5846.960626542569,5835.246733389796
7500.0,5659.387407451869,5980.047601461411,5862.839724123479,5846.319305151702,5837.148509547115
7000.0,5644.8771975934515,5976.410772651435,5862.84824833274,5845.599761605264,5832.433995045722
7000.0,5639.140906184913,5977.224583923818,5862.837718427182,5844.191261380912,5830.848617479206
6800.0,5656.683728843928,5975.460574030877,5862.847245484591,5841.942374408246,5834.233480691911
7000.0,5684.343785047532,5976.817427575589,5862.849251180888,5842.363570630551,5841.59350860864
6500.0,5683.435956761242,5986.716541647912,5862.845239788295,5844.434452056886,5844.358047563584
6800.0,5668.705371022225,5991.635511815549,5862.847245484591,5844.573346525432,5841.940368711949
6500.0,5654.732687771321,5987.9500448703775,5862.849251180888,5843.1758776307115,5837.176965363325
7000.0,5640.7376911491165,5987.446615099908,5862.855268269778,5843.4947833418855,5833.633589465172
8000.0,5656.281085312367,5991.31961464882,5862.831199914218,5843.845780193807,5838.569420017303
6800.0,5648.688772693277,5980.048102885486,5862.836715579034,5841.033793985845,5833.15184628591
6000.0,5649.7618202120075,5977.42916494608,5862.83621415496,5841.296540200711,5832.83093487844
6000.0,5665.986148267985,5978.493186831475,5862.849752604962,5843.004390597344,5837.583369575442
4000.0,5663.381250202657,5977.966190129519,5862.838219851256,5842.8715132176885,5836.76429335028
6500.0,5675.627530366183,5982.289969921113,5862.861285358668,5845.681995153428,5841.615195199848
7800.0,5645.445812493564,5980.221094191075,5862.84223124385,5843.914475291968,5833.105903305114
7000.0,5657.882884517313,5968.474733829499,5862.846242636443,5836.917102336884,5831.530240830035
6700.0,5624.915254488588,5965.650713443757,5862.83621415496,5837.716372311116,5822.779638599605
5500.0,5649.531165137888,5974.629714339972,5862.830698490144,5840.591537952424,5831.895778980107
6500.0,5660.320557653905,5980.91857507825,5862.85426542163,5843.290202319623,5836.845900118352
7500.0,5625.452781096102,5980.932113528253,5862.845741212369,5842.831399291755,5828.0155087821195
6000.0,5639.239686727525,5981.4340390265,5862.847746908666,5842.932686954738,5831.613539904357
7500.0,5677.270697057248,5983.466812223197,5862.837217003108,5843.327307701112,5841.725508496166
5000.0,5680.783924832941,5983.023553341628,5862.842732667924,5843.479239195586,5842.53236250952
4000.0,5680.603412166239,5989.732106029988,5862.843234091998,5845.029141008855,5844.55197332427
6600.0,5673.249025270344,5988.870158046485,5862.857775390149,5845.835430920125,5842.703097406776
6200.0,5644.643032550813,5985.039779543878,5862.859781086446,5845.060229301454,5834.400705620647
6400.0,5669.394578412176,5988.686636835338,5862.837217003108,5845.017608255149,5841.484010126443
6000.0,5669.798475503922,5986.279299855233,5862.846242636443,5842.525530606509,5840.362387150527
3000.0,5654.313497245313,5987.153783440591,5862.847245484591,5843.117712438107,5836.858059652151
6600.0,5649.540692195297,5990.746988356114,5862.863291054965,5844.946406036616,5837.024344410748
7000.0,5649.824999645353,5988.808482885362,5862.859279662372,5844.427432119847,5836.480048578233
2500.0,5670.495454967023,5993.815703690053,5862.852761149407,5844.788457453252,5842.988094314934
7000.0,5684.58747714758,6010.399302095176,5862.864293903113,5847.738836705686,5851.397477462889
7000.0,5635.382482036949,6006.42250776291,5862.839724123479,5844.526212662459,5837.292731646449
7000.0,5646.6311790049085,6000.772461295129,5862.851256877185,5842.344015091659,5838.14972806722
7400.0,5641.570055112244,5997.970002144576,5862.834208458663,5841.949394345284,5836.080915015192
6800.0,5671.229289099575,5991.366748511792,5862.835211306811,5836.2186186015615,5840.412466879935
7500.0,5671.240571141244,5995.99990695715,5862.847746908666,5838.9844737947,5842.26817470044
6800.0,5645.9906097501525,6003.596481680871,5862.84223124385,5841.528699547053,5838.489505555482
6500.0,5650.044372677804,6007.554221898318,5862.852259725333,5842.911125719548,5840.840495005251
7000.0,5645.3758638352165,6011.57012730837,5862.845741212369,5842.836413532496,5840.657036472113
6500.0,5661.429456993938,6008.113309741021,5862.849251180888,5842.727103084327,5843.779780250044
6500.0,5678.939687088133,6010.235336422921,5862.841228395701,5843.951580673457,5848.991958145053
6400.0,5691.771379858256,6008.408147096635,5862.8387212753305,5844.235888123513,5851.813534088434
6500.0,5676.274116709829,6006.612547487021,5862.849752604962,5844.398850947619,5847.533816937358
6000.0,5663.7575689703235,6004.849039018155,5862.849752604962,5843.2510912418375,5843.67686295882
6800.0,5671.375955641271,6003.637097030879,5862.840225547553,5843.496789038182,5845.337516814471
6800.0,5669.40109692514,6000.018820911647,5862.838219851256,5842.681473493577,5843.734902795405
6000.0,5680.8345686644325,5994.594415277244,5862.846242636443,5842.499957978726,5845.193796139211
7000.0,5659.072011709214,5992.491442710162,5862.831701338292,5841.9960267841825,5839.097795635463
7000.0,5663.507859781385,5985.754810273648,5862.84223124385,5841.644027084113,5838.437232095749
6000.0,5674.965901300312,5983.458288013936,5862.852259725333,5842.1178728342065,5840.848580468447
3000.0,5662.739678099752,5986.095277220012,5862.852259725333,5843.434612452985,5838.7804568745205
7000.0,5671.546439826489,5994.777435064317,5862.856271117927,5846.316296607257,5843.874110653997
6800.0,5635.423348098994,5985.46298146248,5862.842732667924,5843.924002349378,5831.913266144694
6500.0,5645.380627363921,5975.829120725394,5862.84223124385,5841.550260782243,5831.400560028852
7200.0,5659.069504588843,5973.238763958217,5862.8357127308855,5841.255423426629,5834.099851176144
6000.0,5645.805333554746,5971.465728431941,5862.8387212753305,5840.833224356175,5830.235751904548
5000.0,5648.972328007222,5973.93975481391,5862.8532625734815,5841.1235488951215,5831.722223572434
2500.0,5662.332271039487,5979.874108731748,5862.851256877185,5843.598076701165,5837.163928337396
7000.0,5673.62108193338,5986.779219657184,5862.859279662372,5845.971316844226,5842.30772452429
7000.0,5641.636744514109,5981.689765304328,5862.8387212753305,5843.896925449372,5832.515539135785
6000.0,5662.856509909035,5979.823464900256,5862.846242636443,5842.968288064004,5837.123626377434
3000.0,5637.390685454012,5984.31070894003,5862.856271117927,5843.892914056779,5832.112644892187
6200.0,5652.25364714861,5996.627689898015,5862.8647953271875,5847.166711837054,5839.728211052717
7000.0,5641.49634577334,5993.284695595504,5862.859781086446,5845.395180583001,5835.759000759573
3000.0,5652.712700888515,5992.2577790915975,5862.850755453111,5843.742988258601,5837.891055922956
4000.0,5681.998123228551,6001.277896761895,5862.868305295707,5847.5848995149145,5848.432306200267
6800.0,5650.256224349142,6006.517778337003,5862.871815264226,5848.751713335515,5842.099382821471
3000.0,5631.414462625981,6001.430329680444,5862.851758301259,5846.164866536857,5835.465354286135
6200.0,5651.469169184566,6007.416330277921,5862.855769693852,5847.59041517973,5842.3329210840175
5000.0,5618.025687709452,5997.505182027818,5862.839222699405,5844.244412332774,5830.653626192362
7500.0,5632.224262505771,5984.861773997546,5862.8678038716325,5843.772572278977,5830.931603163482
4000.0,5637.166548892857,5979.865584522487,5862.849752604962,5843.708389997483,5830.897569004447
6500.0,5693.393737450243,5987.441600859166,5862.870310992003,5846.060570329429,5847.44155490771
6500.0,5671.351385861636,5988.336141407491,5862.85426542163,5843.933529406787,5841.618830524386
6000.0,5669.443717971445,5991.981995850802,5862.858778238297,5842.761701345445,5841.761548351497
6500.0,5650.612235441805,5998.566195368768,5862.843234091998,5843.633176386357,5838.913710322232
6000.0,5644.977733120323,5999.541966617108,5862.832202762366,5843.319284915925,5837.667796853931
7000.0,5650.484623014928,5995.936727523805,5862.844236940146,5842.693006247283,5837.98964843154
7000.0,5636.64306215942,5991.365745663644,5862.841228395701,5841.571320593358,5833.105339203031
6000.0,5645.899350568653,5988.800460100175,5862.855769693852,5840.698842704297,5834.563605766744
4000.0,5668.598818406464,5992.470382899047,5862.85426542163,5842.696014791728,5841.654870379717
7600.0,5690.801876410843,5998.360110074283,5862.845741212369,5844.982508569957,5849.247559066863
6800.0,5657.882383093239,5990.4922649264345,5862.8532625734815,5842.693507671357,5838.480354566128
6500.0,5667.629816383124,5990.419558435679,5862.849752604962,5842.657405138017,5840.889133140446
5000.0,5660.604865103961,5992.194599658252,5862.84223124385,5842.595228552819,5839.55923113972
3000.0,5692.442535981537,5995.8941064775,5862.862288206817,5845.395180583001,5849.148527812214
6800.0,5677.973192185164,6002.581097930671,5862.857775390149,5847.728808224202,5847.785218432547
2500.0,5638.579311221839,5993.07760745287,5862.854766845704,5844.537745416165,5834.762357734145
6500.0,5646.98042087257,5995.151998847724,5862.854766845704,5846.232057362796,5837.804810982198
5800.0,5629.3626353144655,5987.908928096295,5862.834709882737,5844.013757258655,5831.030007638038
6000.0,5661.335189267994,5979.825972020627,5862.852761149407,5843.560469895602,5836.893598083408
6000.0,5634.59850549698,5977.5199227035055,5862.848749756814,5843.23454424739,5829.550430551172
8000.0,5645.024365559221,5976.620869338513,5862.856271117927,5843.249586969615,5831.937773246319
6600.0,5647.005742788316,5971.535426378251,5862.831199914218,5841.356711089612,5830.682270042599
6000.0,5672.8193048387775,5967.583703249694,5862.846744060517,5840.078581124545,5835.832083318383
6000.0,5690.53963162005,5969.144636392594,5862.847245484591,5842.076756060124,5841.15206738934
5000.0,5661.802265793086,5972.198309004308,5862.863291054965,5844.081449508668,5835.236328840257
6800.0,5651.991653069855,5979.638439416886,5862.852761149407,5844.983511418105,5834.866591263563
6500.0,5655.030032247306,5979.463943839074,5862.837718427182,5844.301073253156,5835.408191941679
5000.0,5648.107371479274,5978.028366714717,5862.856772542001,5844.183238595725,5833.293937332929
4000.0,5644.212309271098,5986.030092090369,5862.8678038716325,5846.8197263777265,5834.982482902707
4000.0,5670.346281304956,5996.9094902277,5862.869809567929,5850.175256282092,5845.0752093456695
2500.0,5681.781257316471,6004.740731418134,5862.856772542001,5849.717456102372,5849.774054344744
7600.0,5681.463103741408,6005.3198762238035,5862.8678038716325,5848.854003846646,5849.626196920873
6000.0,5620.829149708153,5997.49465212226,5862.855268269778,5844.653072953225,5831.458035763354
7000.0,5631.844433769585,5998.704588413239,5862.837718427182,5843.795136362315,5834.29546924308
6000.0,5650.644326582552,5992.980832606555,5862.828191369773,5838.76585289836,5836.30480086431
7000.0,5642.026601731778,5995.703565329314,5862.8417298197755,5840.594546496869,5835.291610844434
6500.0,5628.272037953139,5993.450666964055,5862.845741212369,5840.027937293054,5831.149095855654
5800.0,5647.09574840963,5996.722960472108,5862.838219851256,5840.398489683867,5836.763854604215
6500.0,5669.768390059472,5999.832792580129,5862.855769693852,5842.799308151008,5843.814065121115
5000.0,5659.463373199106,6000.587937235833,5862.856772542001,5842.306408286096,5841.303622815759
7500.0,5681.398921459914,6004.938793927432,5862.86629959941,5844.794474542142,5848.4996223822245
6600.0,5678.577909618617,6003.833153843881,5862.839724123479,5844.83508989215,5847.521469369532
4000.0,5688.8179920613775,5997.82509058714,5862.840726971627,5843.84377449751,5848.331896029414
7500.0,5662.191621586681,5992.2808445990095,5862.862288206817,5844.911807775498,5840.561640542001
6500.0,5629.427068307997,5981.122654676438,5862.835211306811,5843.544424325229,5829.232339654119
3000.0,5651.647926867009,5976.65647044778,5862.859279662372,5842.931684106589,5833.523840270937
6000.0,5665.9635841846475,5987.081076949836,5862.8532625734815,5845.985858142377,5840.470945462585
6000.0,5639.105054363609,5980.703965574504,5862.859279662372,5843.671786040069,5831.585021410138
7500.0,5646.230541169644,5976.051753014327,5862.837217003108,5842.165006697179,5831.8211294710645
7000.0,5675.181513652206,5973.19714576006,5862.838219851256,5842.220163345338,5838.359260652215
7000.0,5683.965209871531,5974.399560689927,5862.839222699405,5842.100824415685,5840.826204419137
6000.0,5668.123468384148,5977.874429523946,5862.827689945699,5841.935354471208,5837.69023558125
4000.0,5650.965990126134,5972.260485589505,5862.830698490144,5840.414535254241,5831.617927365006
6000.0,5655.994020029903,5969.394345581532,5862.85426542163,5841.733280569316,5832.493977900595
5000.0,5654.640175029636,5966.588877886535,5862.849752604962,5842.377610504628,5831.61410400644
6000.0,5660.839280858637,5964.879021793605,5862.844738364221,5841.490089893342,5832.513282727451
5000.0,5666.27572067082,5963.9012448489675,5862.829695641995,5841.381782293321,5833.597110863776
6000.0,5657.775329053403,5966.705208271743,5862.8617867827425,5843.3904871344575,5832.683202810586
5500.0,5633.604682981969,5972.5803941488275,5862.849251180888,5844.388822466136,5828.355787694455
3000.0,5645.5556243658075,5976.330544799567,5862.843234091998,5843.920993804933,5832.162599265576
6500.0,5661.824829876424,5984.599529206754,5862.852259725333,5845.279351621867,5838.638992607594
6000.0,5623.659688606859,5977.507888525725,5862.83621415496,5842.325963824988,5826.582438778133
5000.0,5641.044061258436,5975.196323543788,5862.857273966075,5840.88787958026,5829.99638458714
5800.0,5666.673349961639,5980.754107981921,5862.863291054965,5843.20696592331,5838.374428730459
6000.0,5668.765792623163,5985.030252486468,5862.857273966075,5844.433449208737,5840.271692071111
4800.0,5668.635673075915,5989.19758796692,5862.851256877185,5844.369266927243,5841.263446211816
6700.0,5664.532770588995,5993.616638332606,5862.859781086446,5845.994883775712,5841.75101844594
7000.0,5617.680707946421,5992.438793182374,5862.837718427182,5844.646053016187,5829.400818143041
6600.0,5624.090161174537,5981.732887774707,5862.859279662372,5842.78877824545,5827.867776714266
7000.0,5650.865705311299,5977.188481390477,5862.845741212369,5842.670442163945,5833.392592519523
6500.0,5692.186308279634,5980.1203079521665,5862.8271885216245,5842.913632839919,5844.511859398336
6000.0,5692.794284969569,5977.44119912386,5862.847746908666,5841.981986910106,5843.76630447805
6000.0,5661.071440204979,5979.661003500224,5862.856271117927,5842.790783941747,5836.594874691219
5000.0,5649.410321936012,5981.089560687543,5862.837217003108,5842.842932045461,5834.045007918031
6500.0,5680.96042610705,5985.516132414342,5862.8617867827425,5845.448832958938,5843.696794565768
2000.0,5665.509795397521,5990.620629489423,5862.85426542163,5846.327829360963,5841.328129917384
5000.0,5679.060781002046,6002.816265821458,5862.868806719781,5849.158368259669,5848.476055450738
6000.0,5642.218145728112,5999.568040668965,5862.837217003108,5846.425607055427,5837.762252613903
5000.0,5642.493427544833,5991.573836654426,5862.852259725333,5844.826064258815,5835.436397045852
7600.0,5632.118712738157,5987.935002148152,5862.858276814223,5843.924503773452,5831.709123868496
5000.0,5645.497960597278,5985.987972468139,5862.833205610515,5842.834909260274,5834.288511984051
6400.0,5681.884550675751,5989.559114724399,5862.866801023484,5845.081289112569,5844.847938884051
6000.0,5670.817870646716,5992.913140356542,5862.845239788295,5844.374281167985,5842.737632989884
2500.0,5684.774508327247,5997.34322205186,5862.8532625734815,5844.901779294015,5847.468193061651
6200.0,5680.779913440348,6007.876136153937,5862.857273966075,5847.794996201993,5849.827079940588
7200.0,5636.64481714368,6002.013987302781,5862.855769693852,5846.053048968316,5836.891905777157
7600.0,5633.52194800973,5993.005903810264,5862.858778238297,5843.702372908593,5833.272250741721
7000.0,5658.073676377536,5990.170350670815,5862.8417298197755,5842.9351940751085,5838.505237735809
7500.0,5701.561183482409,5993.883395940066,5862.852259725333,5844.83508989215,5850.78298225999
5000.0,5682.724937424065,5995.4378105700025,5862.849251180888,5844.579865038396,5846.397966053338
5000.0,5690.3109822422275,6004.2648799717435,5862.839724123479,5846.692866086961,5851.027113106103
5000.0,5664.338970184327,6002.0616225898275,5862.847245484591,5845.491454005242,5843.684823065997
7500.0,5659.170040115715,5998.375654220582,5862.858276814223,5845.523043721915,5841.481753718109
6800.0,5644.8019839823255,5991.565813869239,5862.840726971627,5843.293210864068,5835.625433921815
4000.0,5680.764620006085,5987.32075765729,5862.849752604962,5842.112357169391,5843.261871859432
6500.0,5676.444099470974,5990.748492628337,5862.856271117927,5843.478737771512,5843.381900247187
2500.0,5661.339200660587,5984.569443762303,5862.854766845704,5843.03748458624,5837.950223963709
5000.0,5670.25301642716,5989.8464307189,5862.86629959941,5845.275841653348,5842.0603970997045
6000.0,5656.0060542076835,5987.762512266637,5862.8532625734815,5844.788457453252,5837.852571625263
6800.0,5647.1122954040775,5985.985966771842,5862.851758301259,5844.238896667958,5835.047229286284
6500.0,5627.0929392427215,5980.127327889205,5862.842732667924,5841.677622497083,5827.935155574233
7800.0,5645.6629291176805,5978.675705194474,5862.834709882737,5841.393315047027,5832.14166481048
7600.0,5643.113939836622,5976.418294012547,5862.851256877185,5839.818342030049,5830.550458189101
6000.0,5651.991653069855,5978.25701609254,5862.840726971627,5839.66340199113,5833.188199531288
6000.0,5700.247201696039,5987.533862888814,5862.861285358668,5843.151809275151,5848.448539804668
6000.0,5701.131463050843,5993.851304799319,5862.836715579034,5843.6020880937585,5850.355392880739
6500.0,5711.920604854823,5994.117560982705,5862.829695641995,5842.812345176936,5852.920051664115
6000.0,5668.310499563814,5990.059535950423,5862.849752604962,5842.615285515786,5840.958768408746
7800.0,5653.700255602599,5992.273824661971,5862.849752604962,5843.376447260381,5838.050070032478
5500.0,5641.4509668946275,5986.614752560855,5862.853763997556,5840.602067857982,5832.880387827755
7000.0,5681.137428805233,5993.651236593724,5862.842732667924,5841.968448460103,5844.899961631746
4000.0,5690.816668421031,5992.198109626771,5862.84223124385,5841.693668067456,5846.887669339777
6800.0,5681.241474300624,5997.462059557439,5862.869308143855,5843.230031430722,5846.20071835816
6000.0,5639.078478887678,5994.8115319013605,5862.854766845704,5841.438944637776,5834.54593056813
4000.0,5651.761499419809,5997.099028527738,5862.855268269778,5842.807330936194,5838.63078178838
6000.0,5663.685865327717,6001.684050261975,5862.846242636443,5844.297061860562,5843.128305021674
3000.0,5640.281896665693,5993.498803675176,5862.845741212369,5842.768219858409,5834.848665352912
6200.0,5637.193124368788,5994.135110825301,5862.855268269778,5844.141620397569,5834.581280965359
5000.0,5606.947474926711,5982.075861841441,5862.853763997556,5840.977133065463,5823.213558457793
5000.0,5646.72143533826,5979.040741920472,5862.863792479039,5841.77941158414,5832.601345330478
6000.0,5678.894809633494,5980.76363503933,5862.868305295707,5843.721928447486,5841.562169604004
6000.0,5691.095209494234,5987.724905461074,5862.859279662372,5844.160173088313,5846.459891926498
2500.0,5678.003779053689,5995.937730371953,5862.856772542001,5844.816035777331,5845.4035794362435
6500.0,5655.063126236201,6000.9339198470125,5862.860783934594,5845.833425223828,5841.172813810409
6000.0,5618.374929577113,5995.210665464402,5862.857273966075,5844.853642582894,5830.324127897621
7200.0,5641.602898389102,5992.262291908265,5862.84223124385,5843.423079699279,5835.032625310124
6500.0,5641.338647902013,5986.955219507218,5862.849752604962,5842.478396743537,5833.405504189433
6400.0,5650.792998820544,5986.698991805316,5862.837217003108,5841.458500176669,5835.446926951409
5000.0,5657.20245204866,5983.141889423133,5862.844738364221,5839.512974768878,5835.675513651223
7000.0,5661.254961416126,5982.178152352572,5862.835211306811,5839.712040126325,5836.495091300459
6800.0,5664.217625558377,5979.061801731587,5862.852761149407,5840.271629393102,5836.600954458118
2500.0,5669.607934355737,5979.813436418773,5862.847746908666,5840.401999652387,5838.16777933389
6500.0,5687.273355200888,5990.584526956082,5862.857775390149,5843.963614851237,5846.169818099589
7500.0,5651.248291879893,5981.92794173956,5862.844738364221,5841.052346676589,5834.268329665066
7000.0,5655.122795701028,5971.121250092984,5862.834709882737,5839.325442165137,5832.101049460472
6800.0,5650.706503167749,5968.030472099782,5862.852761149407,5840.3117433190355,5830.4753699339935
6200.0,5657.276161387564,5971.508349478246,5862.8387212753305,5840.8161759376535,5833.109852019698
7000.0,5675.798265263439,5976.126966625453,5862.851256877185,5842.155981063844,5839.23311745748
6400.0,5659.76247265935,5978.068480640651,5862.847245484591,5841.026774048806,5835.42624320835
7000.0,5665.971606969834,5984.07152965665,5862.849251180888,5842.039650678636,5838.733009621502
6500.0,5658.706222847105,5988.340152800084,5862.8271885216245,5841.576836258174,5837.862600106747
5000.0,5661.318892985583,5985.5351865291605,5862.8387212753305,5839.881521463395,5837.393580563367
5000.0,5663.198731839658,5983.381068706513,5862.844738364221,5840.948050469161,5837.593147344888
6200.0,5658.777926489712,5986.394627392293,5862.86629959941,5843.459182232619,5837.8745089285085
5800.0,5660.274175927044,5994.538255780936,5862.856772542001,5845.511510968209,5840.7951788045475
5000.0,5671.658508107067,6000.634068250657,5862.854766845704,5845.853983610869,5845.250331703574
7000.0,5646.485264599324,6001.444369554521,5862.869308143855,5845.826906710864,5839.156462252141
4000.0,5637.249785289169,5996.872886270286,5862.860783934594,5845.021619647742,5835.501268785448
6600.0,5674.677081033588,6003.478145599366,5862.855769693852,5846.145812422038,5846.789202187211
6000.0,5670.0394097715625,5998.254811018706,5862.84824833274,5842.917644232512,5843.51502833888
3000.0,5648.4342999756345,5993.371441960336,5862.837217003108,5841.40334352851,5836.511575616897
7000.0,5653.627298399807,5997.9654893279085,5862.854766845704,5844.333164393903,5839.6951797418305
6000.0,5627.7798902243385,5990.649210661651,5862.847746908666,5841.216813772918,5830.623415391893
6800.0,5669.814270362259,5989.662408083678,5862.84824833274,5841.993519663812,5841.079611610622
6000.0,5663.88869136572,5991.463021934033,5862.8387212753305,5841.6279815137395,5839.954604022206
7500.0,5677.458229660989,5989.732106029988,5862.853763997556,5840.817680209876,5842.715444974602
3000.0,5670.688001811505,5989.11234587431,5862.8387212753305,5841.142101585866,5840.945292636753
2500.0,5694.487844780088,5999.679858237506,5862.864293903113,5844.773414731027,5850.4513529129335
8000.0,5663.5823212564,6001.457406580449,5862.867302447558,5845.043180882932,5843.237552791835
2000.0,5628.477120399476,5992.411716282369,5862.830698490144,5841.836072504521,5831.388901919127
6500.0,5654.668004065753,5991.38329550624,5862.856271117927,5843.926008045674,5838.208394683898
7000.0,5616.591614857317,5984.699312597514,5862.857273966075,5841.61243736744,5826.4401596970865
6500.0,5635.0675877183685,5982.621411234141,5862.84223124385,5840.854785591365,5830.346503946931
6600.0,5658.550029248,5981.646141409875,5862.857775390149,5841.518169641496,5836.14302892238
4000.0,5674.337366223336,5984.886343777181,5862.840225547553,5842.188072204591,5841.063001938165
6200.0,5687.9555426538,5988.735776394607,5862.844236940146,5843.241564184428,5845.694280043245
4000.0,5659.3019146472225,5983.974754810334,5862.857273966075,5843.355387449265,5837.372332718224
7000.0,5653.955981880427,5986.585168540479,5862.862789630891,5844.898269325496,5837.075552344323
6000.0,5636.895027756692,5980.990780144931,5862.856772542001,5842.49444231391,5830.8092556893835
5000.0,5664.712029695512,5980.541002750398,5862.859279662372,5842.614784091712,5837.681774049998
6800.0,5677.665317803622,5985.443425923587,5862.852761149407,5843.224515765906,5842.296505160631
7800.0,5691.597636416555,5983.919096738101,5862.850755453111,5842.858977615834,5845.3066165559
6500.0,5659.342780709268,5981.011338531972,5862.847245484591,5837.437580525876,5835.159736312927
6700.0,5639.823093637825,5988.13657462597,5862.838219851256,5838.6304683983335,5832.357089128346
7500.0,5634.504488483072,5994.6841701865205,5862.832202762366,5839.700507372619,5832.930342201144
6200.0,5620.457093045116,5995.131941884757,5862.828692793847,5840.116187930108,5829.633478913457
6200.0,5606.953742727638,5990.278156846763,5862.835211306811,5839.473362267018,5824.885118287058
6500.0,5622.529478743673,5983.872965723277,5862.835211306811,5838.978958129884,5827.054153475911
6000.0,5663.515130430461,5981.581457704307,5862.858778238297,5838.270445913077,5836.5564530715355
6800.0,5687.004842609168,5984.696304053069,5862.844236940146,5839.2276644706735,5843.443262018264
6000.0,5719.274991750718,5985.905738919974,5862.849251180888,5840.224495530129,5852.0636193454275
6600.0,5692.119117453695,5987.668244540692,5862.8387212753305,5840.250068157912,5845.719037856908
4000.0,5682.5710002332935,5986.575140058995,5862.856271117927,5841.193748265506,5843.29903991893
6500.0,5684.943989664317,5990.795626491309,5862.858276814223,5844.280514866115,5845.719601958991
5000.0,5647.497138381005,5990.104162693025,5862.857775390149,5845.100343227387,5836.389854922892
5800.0,5648.768248409034,5989.291855692864,5862.845239788295,5843.666270375253,5836.142903566361
6000.0,5654.036460444332,5985.59886738658,5862.854766845704,5843.967626243831,5836.614430230112
7000.0,5645.251761376859,5989.09429460764,5862.848749756814,5844.204799830914,5835.349901393057
6500.0,5640.332289785148,5984.1176606714735,5862.8387212753305,5841.693668067456,5832.245584949852
6000.0,5658.932866528631,5984.208919852973,5862.837217003108,5841.161657124759,5836.785165127368
6400.0,5681.929428130389,5986.204587668181,5862.856772542001,5842.682476341725,5843.418316170574
6000.0,5666.190729290248,5987.618603557349,5862.846744060517,5842.304904013873,5839.740245230497
7500.0,5673.950517550112,5991.070406883956,5862.857273966075,5843.255102634431,5842.783325258643
7000.0,5674.284215271474,5992.75318607688,5862.842732667924,5843.314270675183,5843.298601172865
6800.0,5685.109961032868,5998.667984455825,5862.837718427182,5843.092641234399,5847.4270762875685
4000.0,5681.57742843032,5997.14616239071,5862.849752604962,5842.329975217582,5845.975829660893
6500.0,5666.291766241194,6002.534465491773,5862.866801023484,5845.15951126814,5844.213136006148
4000.0,5648.253285884858,6005.3865656256685,5862.837217003108,5844.565825164319,5840.260723419488
6000.0,5683.975990489126,6001.2412928044805,5862.870310992003,5845.719601958991,5848.45179906115
6000.0,5639.954717457295,5993.47774386406,5862.840225547553,5843.83174031973,5835.02610679716
6000.0,5659.204638376833,5988.6254630982885,5862.851758301259,5843.36792305112,5838.512445706875
3000.0,5653.438261523844,5985.565271973611,5862.846744060517,5843.2250171899805,5836.268823686988
5000.0,5663.424372673036,5986.509954929353,5862.868806719781,5845.321972668172,5839.531276747585
7600.0,5637.231984734536,5982.723701745273,5862.847245484591,5843.505814671517,5831.577186658979
6000.0,5647.789970040322,5970.378641039134,5862.835211306811,5840.153293311597,5830.289278924466
6600.0,5648.584727197886,5961.922124028207,5862.838219851256,5838.800451159478,5828.036380559207
5000.0,5653.9101015776405,5957.795403897763,5862.844236940146,5838.102468848229,5828.163052815945
7000.0,5673.336774483324,5967.06172078848,5862.839222699405,5840.710876882077,5835.987148713321
7000.0,5646.878631785513,5965.780080854894,5862.849752604962,5839.537043124438,5828.761377092452
7500.0,5662.037935107947,5975.047902017833,5862.851256877185,5841.21230095625,5835.287348739804
7000.0,5667.879525572062,5983.291815221311,5862.844738364221,5841.916801780463,5838.983220234514
7000.0,5680.429919436575,5987.733429670335,5862.834709882737,5841.8034799397,5843.200384732337
7000.0,5677.9907420277605,5982.135531306268,5862.838219851256,5836.048635840417,5839.753282256425
7200.0,5641.984482109548,5985.772861540318,5862.835211306811,5837.644668668509,5832.059305906297
6800.0,5651.763755828143,5990.2139745652685,5862.857775390149,5840.17535597086,5836.252715438605
3000.0,5651.256063953043,6000.716301798821,5862.837217003108,5842.396664619447,5839.301561843605
4000.0,5687.514289468528,6011.889033019544,5862.856271117927,5845.613300055266,5851.968223415316
5000.0,5657.541164010764,6012.028930336238,5862.870310992003,5846.355407685042,5844.698953256012
7500.0,5646.902700141073,6010.007689893247,5862.864293903113,5846.508342027665,5841.570756491275
6500.0,5651.8056247383365,6003.057952225209,5862.840726971627,5844.435454905034,5840.534939710052
6500.0,5672.350724041463,5996.1799181997785,5862.8502540290365,5842.472379654647,5843.463318981231
6500.0,5662.164293974639,5988.366226851941,5862.846242636443,5841.307571530343,5838.6710837483415
7000.0,5662.733159586788,5986.756154149772,5862.846744060517,5842.719581723214,5838.763909880073
4000.0,5659.03966985643,5985.0598365068445,5862.838219851256,5841.629485785962,5837.141803000123
7000.0,5679.634159430862,5984.475677460433,5862.861285358668,5843.252094089986,5842.555804084987
6000.0,5649.8347774148,5983.994310349227,5862.845741212369,5844.1180534660825,5835.1982206106195
8000.0,5662.946264818312,5982.364180684091,5862.843234091998,5843.058544397355,5837.803055997939
6500.0,5643.207204714418,5973.295926302672,5862.837217003108,5840.104655176402,5829.86125079915
4800.0,5662.685775011779,5972.993567585946,5862.850755453111,5839.8594588041315,5834.597389213742
6000.0,5692.255003377796,5981.504238396884,5862.857775390149,5843.34034472704,5844.989340472967
7000.0,5673.858255520464,5987.742956727744,5862.852761149407,5843.334829062224,5841.94720061496
3000.0,5656.242726370693,5987.2455440461645,5862.847245484591,5841.3612239062795,5836.924184951932
5000.0,5669.446225091816,5996.798174083234,5862.853763997556,5844.259455054999,5843.339404556901
6000.0,5631.450815871359,5993.502815067769,5862.858778238297,5842.651889473201,5832.6160746626565
7000.0,5646.089891716839,5992.437790334226,5862.856772542001,5843.565985560418,5836.237610038371
6500.0,5642.496686801315,5992.727112025023,5862.843234091998,5842.556618899108,5835.155912954361
3000.0,5651.369636505843,5992.3996821045885,5862.858778238297,5840.707868337632,5836.83399129659
3000.0,5664.156702533365,6002.624721825124,5862.852761149407,5843.44965517521,5843.270960170777
6400.0,5654.37141172588,6004.798395186664,5862.863792479039,5844.140116125346,5841.543428879232
7000.0,5635.573524609209,5996.144317090512,5862.859279662372,5841.84910953045,5834.106557723136
4500.0,5653.712540492416,5995.906642079354,5862.832202762366,5841.493098437787,5838.486120942981
7000.0,5686.624011024834,5993.876376003028,5862.865798175336,5842.9382026195535,5846.576096955688
6800.0,5652.428644150496,5990.36440178752,5862.849752604962,5841.407856345178,5836.762663722039
6000.0,5678.271790221334,5991.7272724211225,5862.853763997556,5841.608927398921,5843.615438509733
7000.0,5673.888340964914,5999.189465492965,5862.849752604962,5843.755022436381,5844.920645374806
6400.0,5659.20664407313,5997.392863035203,5862.847746908666,5842.948732525111,5840.598996635527
6700.0,5638.226810097695,5996.2696731090555,5862.847245484591,5841.0538509488115,5834.599394910038
3000.0,5641.01623222232,5995.564169436694,5862.835211306811,5841.352699697019,5835.192078165711
7000.0,5652.960905805231,5994.707737118007,5862.862789630891,5842.600242793561,5838.282918836922
7500.0,5628.696744143964,5987.7845749259,5862.851758301259,5840.497771650554,5829.957712255419
7000.0,5658.211567997933,5984.359848499299,5862.84824833274,5840.485236048699,5836.476225219668
6600.0,5694.621725007893,5985.3411354124555,5862.83019706607,5837.4360762536535,5845.057283435018
6000.0,5653.504700213672,5990.689324587584,5862.858778238297,5839.277305454017,5836.5825271233925
7500.0,5626.691549271346,5997.76140972972,5862.831199914218,5840.888882428409,5832.043260335923
6200.0,5623.989124223591,5995.7276336848745,5862.848749756814,5840.478717535735,5830.761056300254
6800.0,5652.476028725506,5999.4903199374685,5862.840225547553,5841.9178046286115,5839.181094709785
6500.0,5673.3671106398115,5997.911836951972,5862.848749756814,5842.065724730493,5844.0483555197725
2500.0,5678.727333992721,6001.013646274806,5862.835211306811,5842.321451008321,5846.224410645665
6500.0,5702.435667067767,6002.19650566578,5862.865296751262,5843.031968921424,5852.632359601558
2500.0,5665.41352197528,5995.071269571782,5862.843234091998,5840.55142402649,5840.9698624163875
6000.0,5701.743200421334,5996.320818364621,5862.856271117927,5843.044504523278,5850.99119860679
7000.0,5640.6364034861335,5985.9809525311,5862.838219851256,5839.59972113371,5832.26382425055
6800.0,5656.5277859568605,5978.028868138791,5862.848749756814,5838.107984513045,5833.878347091378
5000.0,5662.425535917283,5977.564048022033,5862.843735516072,5837.234002351762,5835.016830451787
6000.0,5703.033615276218,5987.518318742515,5862.857273966075,5841.11251756549,5848.630431387574
7000.0,5654.20443750918,5991.515170037747,5862.839222699405,5840.133737772704,5837.173142004759
6700.0,5664.1574546694765,5989.6052457392225,5862.837217003108,5839.38110023737,5838.995254412294
7000.0,5663.637477904559,5992.705550789834,5862.834208458663,5839.986820518971,5839.791014418007
6000.0,5645.593732595445,5986.524997651578,5862.840225547553,5839.296359568835,5833.563828840853
3000.0,5646.129253506661,5985.439414530993,5862.8532625734815,5838.724736124278,5833.286666683854
7200.0,5674.604374542833,5995.202642679215,5862.855268269778,5842.146955430509,5843.702310230584
6200.0,5659.211407601834,5989.734613150359,5862.840726971627,5840.273635089398,5838.015095703305
5000.0,5676.0284189134845,5986.917612701655,5862.837217003108,5840.016905963422,5841.450038645417
4000.0,5661.145901679994,5983.414162695409,5862.857273966075,5839.6217837929735,5836.759780533613
6000.0,5673.576956614853,5983.86494293809,5862.856271117927,5841.35771393776,5840.4139711521575
6400.0,5659.913902729751,5985.607391595841,5862.858276814223,5841.577839106322,5837.489352561534
6500.0,5655.772139877082,5988.6369958519945,5862.852761149407,5841.550762206317,5837.2031647712
6500.0,5641.441941261292,5991.713232547046,5862.833205610515,5841.221828013659,5834.302551858128
3000.0,5634.129423275591,5987.53336146474,5862.851758301259,5838.727243244649,5830.81044657156
7000.0,5643.419808521868,5993.052536249162,5862.8617867827425,5841.244392096997,5835.144630912692
7000.0,5637.49322667718,5982.301001250745,5862.83270418644,5835.032249242068,5829.414795339108
6200.0,5632.079350948335,5981.1231561005125,5862.844738364221,5836.4853762090215,5828.133155405522
7000.0,5631.640354171396,5984.818150103093,5862.8532625734815,5838.293511420489,5829.401319567115
3000.0,5643.679796904326,5979.821960628034,5862.84223124385,5833.107282221318,5829.862817749382
6000.0,5656.190327554942,5992.48642846942,5862.851256877185,5838.187710940839,5837.4289309605965
7000.0,5637.3578421771535,5992.263796180488,5862.8502540290365,5839.004029333592,5832.8689804300675
4000.0,5638.525157421828,5987.2600853443155,5862.849251180888,5838.305545598269,5831.735009886325
6000.0,5667.074489220978,5989.701519161464,5862.8678038716325,5841.488084197045,5840.28297411278
5800.0,5670.780765265227,5992.639864236117,5862.8502540290365,5842.189075052739,5842.11498964578
6600.0,5696.238065510989,5988.417372107507,5862.857273966075,5842.062214761973,5847.393731586636
7000.0,5670.687500387431,5985.913260281087,5862.860783934594,5841.756847500802,5840.3045980259785
6600.0,5664.016805216671,5987.601053714753,5862.851758301259,5841.155138611794,5838.906188961119
7000.0,5685.243089124561,5988.666579872371,5862.857775390149,5841.849610954524,5844.654263835401
7000.0,5690.215460956098,5996.30025997758,5862.831199914218,5842.527536302806,5847.968614287675
7000.0,5674.377229437233,5996.062083542348,5862.852259725333,5841.270967572928,5843.640635069461
6000.0,5635.935803502799,5996.202482283116,5862.8387212753305,5839.818843454123,5833.698962628842
7500.0,5665.9402679651985,5995.642893016339,5862.857273966075,5840.310239046813,5841.187668498606
6000.0,5686.550050973893,5992.903613299132,5862.844236940146,5840.738956630231,5845.759214460851
6500.0,5714.992830157281,5995.083805173636,5862.838219851256,5841.4885856211195,5853.600860200823
6000.0,5692.231937870384,5994.955942034722,5862.834709882737,5841.131571680308,5847.788540367038
5000.0,5671.0364915430555,5992.4433059990415,5862.850755453111,5840.823697298766,5841.788562573493
6500.0,5656.847694516183,5992.545596510173,5862.841228395701,5840.810660272838,5838.261294923724
6200.0,5657.578269392253,5988.089440762998,5862.8617867827425,5839.203094691039,5836.933147907258
6800.0,5662.558664008976,5989.032619446517,5862.853763997556,5839.9998575449,5838.611226249487
6000.0,5673.751452192665,5988.266944885255,5862.852259725333,5839.938182383777,5841.202209796757
6000.0,5664.778969809414,5989.97028246522,5862.858276814223,5840.852779895068,5839.615077245981
5000.0,5669.70320492983,5988.067378103734,5862.851758301259,5841.532710939647,5840.538763068617
7000.0,5658.142872899772,5990.87384864688,5862.867302447558,5844.094486534596,5838.994627632202
7000.0,5648.477923870088,5991.599409282208,5862.854766845704,5843.533392995597,5836.616373248399
7000.0,5657.468708232046,5996.03350237012,5862.842732667924,5843.198441714049,5839.885846246035
6400.0,5644.780172035099,5993.589060008527,5862.849752604962,5842.200106382371,5835.85477275774
6800.0,5648.5233027488,5992.2402292490015,5862.845239788295,5840.380438417197,5835.997302550823
7000.0,5685.20447947085,5990.333814918996,5862.847245484591,5840.096130967141,5844.620417710395
7000.0,5682.639946043492,5990.344846248628,5862.828692793847,5839.277806878091,5843.772822991014
6500.0,5691.581841558219,5986.551071703435,5862.852761149407,5839.298365265132,5845.071009919048
8000.0,5661.0528875142345,5986.591687053443,5862.851256877185,5839.509464800359,5837.501324061305
6500.0,5661.317639425398,5982.7959068119535,5862.829695641995,5838.829032331706,5836.443068552763
6500.0,5674.279451742769,5984.010857343675,5862.855268269778,5838.855607807637,5840.000296290965
4000.0,5668.38571317494,5988.689645379783,5862.855769693852,5840.436597913505,5840.09193154052
6800.0,5677.210526168347,5995.621833205224,5862.854766845704,5842.0857816934595,5844.443226978184
2500.0,5663.942594453693,5993.1708723306665,5862.8387212753305,5840.695332735778,5840.161880198867
5000.0,5672.138621658088,5995.377138257028,5862.865296751262,5842.38864183426,5843.192424625159
6000.0,5646.2543588131675,5993.291715532542,5862.868305295707,5843.1498035788545,5836.391045805068
6500.0,5651.668986678124,5996.194960922004,5862.843735516072,5842.943216860295,5838.412724994124
2000.0,5668.352368474008,5995.419257879258,5862.83621415496,5841.731776297093,5842.08490420133
3500.0,5658.612456545235,5995.122916251422,5862.861285358668,5842.799308151008,5839.848991576583
3000.0,5627.494579926134,5993.060057610274,5862.870812416078,5844.166190177203,5831.897910032422
4000.0,5645.410211384297,5990.8663272857675,5862.8647953271875,5844.425426423551,5835.891690105201
4000.0,5665.884609892965,5995.01811861992,5862.870812416078,5845.36258801818,5842.284032236786
3000.0,5659.538837522269,5998.7858191132555,5862.871815264226,5845.685003697873,5841.720368899406
6000.0,5642.324698343874,6007.288968563081,5862.867302447558,5846.203977614642,5839.671236742289
6500.0,5622.136863693596,6000.33521950245,5862.854766845704,5842.874521762134,5832.050342950971
5000.0,5638.473009318114,5995.897115021945,5862.859781086446,5840.080085396768,5834.327497705818
7800.0,5682.589302212001,5999.645259976388,5862.863792479039,5842.34301224351,5846.8603417277345
6000.0,5671.024708077312,6000.856199115516,5862.853763997556,5841.329634189607,5844.016076344998
7000.0,5695.756196975709,6008.362016081811,5862.857273966075,5843.509826064111,5852.621328271926
6800.0,5660.979679599405,6008.297332376243,5862.8532625734815,5841.7844258248815,5843.478675093503
5000.0,5668.296710401774,6006.253026425839,5862.8502540290365,5841.405850648881,5844.701460376383
7800.0,5660.885161161424,6010.488054156304,5862.863291054965,5843.315273523332,5844.387944974006
7500.0,5648.869536072017,6005.420662462712,5862.85426542163,5841.365235298873,5839.627424813808
6200.0,5679.84350398183,6005.30383065343,5862.848749756814,5841.4279133081445,5847.3559994250545
6000.0,5709.306681156159,6013.836062699557,5862.859781086446,5844.815032929183,5857.704389467836
6500.0,5684.454850479961,6015.717405825854,5862.846744060517,5844.156663119794,5851.793915871532
6400.0,5662.422778084875,6006.833675503732,5862.847245484591,5841.419389098884,5843.38077204302
6500.0,5661.663622036577,6001.767788082362,5862.851256877185,5841.463514417411,5841.936545353384
6800.0,5678.096793219448,5996.952111274005,5862.854766845704,5841.681633889676,5844.896326307208
3000.0,5679.602319002152,5995.432294905187,5862.842732667924,5841.7031951248655,5844.895135425032
6600.0,5703.993090242148,6002.1834686398515,5862.854766845704,5844.147637486459,5853.294740803541
6000.0,5640.85703007877,5989.054682105781,5862.848749756814,5839.170000702144,5832.982615660877
5500.0,5646.405538171531,5980.468296259643,5862.837718427182,5837.466663122178,5831.794553995133
7500.0,5657.706633955241,5978.1692668795595,5862.8417298197755,5838.651528209449,5834.342289716006
6500.0,5671.478246152402,5976.420299708844,5862.855769693852,5838.7377731502065,5837.373022176326
6000.0,5675.885262340308,5982.856077700854,5862.857273966075,5841.229850798846,5840.707116201521
6000.0,5698.6015278846035,5994.700717180968,5862.846242636443,5844.005734473468,5850.038555543871
5000.0,5683.331409841777,5994.389332830907,5862.832202762366,5842.1118557453165,5845.666200295092
7500.0,5672.240410745145,5991.158156096936,5862.844236940146,5841.167172789575,5841.8524941429505
6600.0,5645.3480347991,5980.686415731908,5862.839222699405,5839.103311300279,5831.994246132673
5000.0,5658.565071970225,5977.06864103675,5862.849251180888,5839.8479260504255,5834.582722559572
6500.0,5655.0378043204555,5975.5458161234865,5862.84824833274,5839.979800581933,5833.352917339654
6000.0,5662.8184016793975,5970.2989146113405,5862.840225547553,5838.331118226052,5833.572165016086
5000.0,5687.312215566636,5967.549104988576,5862.839724123479,5838.797944039107,5839.1247471794495
6000.0,5654.878852888943,5967.651896923781,5862.835211306811,5838.880177587272,5831.061534676702
6500.0,5643.039979785682,5964.032617956401,5862.8617867827425,5839.851436018945,5827.446455135942
6000.0,5654.115434736014,5969.284032285214,5862.837217003108,5839.991333335639,5831.557004339994
6500.0,5672.890757769347,5974.291253089906,5862.859279662372,5840.937520563603,5837.744702771307
7000.0,5656.7133128643045,5977.583102136851,5862.841228395701,5840.663743019105,5834.4503466039905
6800.0,5660.467725619675,5978.8040697574625,5862.8532625734815,5840.848768502475,5835.743456613273
6500.0,5658.906792476774,5982.468476891519,5862.839724123479,5840.545908361674,5836.1902254633615
6000.0,5675.17775297165,5986.1499324440965,5862.837718427182,5840.858796983958,5841.256050206722
7500.0,5663.426378369332,5984.039939939977,5862.849251180888,5841.178705543281,5837.873568758369
6500.0,5636.080464348198,5978.088537603618,5862.835211306811,5838.951881229878,5828.989023622126
7600.0,5664.1980700194845,5977.242133766414,5862.8502540290365,5839.625293761493,5835.978937894107
3000.0,5667.280323803426,5973.9282220602045,5862.841228395701,5838.430901616813,5835.620168969036
6000.0,5705.847607180477,5982.445411384107,5862.856271117927,5842.348026484252,5848.3743290416905
5000.0,5655.841587111355,5977.925574779511,5862.839222699405,5840.04548713565,5834.16296793148
6800.0,5664.733089506627,5973.049225658179,5862.843234091998,5838.944359868766,5834.8924772813925
7000.0,5672.019784152509,5970.082800835372,5862.849251180888,5839.304883778096,5836.064179986716
5500.0,5663.259153440596,5973.599789291621,5862.838219851256,5838.964918255807,5834.66552020982
6000.0,5684.024127200247,5980.8187916874895,5862.855268269778,5841.852619498969,5842.387701664121
7000.0,5649.459461495281,5988.844585418702,5862.858778238297,5843.286692351104,5836.112379375846
7200.0,5640.835970267654,5987.797110527755,5862.836715579034,5841.421896219254,5833.222923148424
6500.0,5658.418906852604,5984.945511817933,5862.859279662372,5841.382283717395,5836.901495512576
7000.0,5662.407484650613,5989.033120870591,5862.838219851256,5841.690659523011,5838.992371223868
6800.0,5690.633147209884,5989.551593363286,5862.853763997556,5841.153634339572,5846.048034727574
6500.0,5686.511441320182,5993.8172079622755,5862.8532625734815,5841.350192576648,5846.133026108147
2000.0,5684.643135219813,6000.834637880326,5862.840225547553,5841.349189728499,5847.416797094048
6400.0,5697.908058390022,6005.14287352562,5862.85426542163,5843.195934593678,5852.275282982738
6000.0,5645.386393740774,5995.498482882977,5862.847245484591,5839.909601211549,5835.910430829973
7200.0,5661.021297797562,5991.8431013822565,5862.838219851256,5839.664404839278,5838.841755967588
6000.0,5634.306425973774,5982.480511069299,5862.8387212753305,5838.624952733518,5829.56265276298
3000.0,5639.03184644878,5977.114772051574,5862.831199914218,5837.9550501704225,5829.2332171462485
7500.0,5659.842700511218,5978.083021938802,5862.862288206817,5840.056518465281,5835.2111322805295
6500.0,5654.822191968561,5974.340392649175,5862.838219851256,5839.415197074414,5832.854000385852
8000.0,5674.948351457716,5975.538796186448,5862.847245484591,5839.9958461523065,5838.3325598202655
6000.0,5652.517145499588,5971.124258637429,5862.843735516072,5833.904546499253,5830.097421538086
6000.0,5642.205610126258,5976.683547347785,5862.848749756814,5837.192384153605,5829.7325728461155
8000.0,5646.76530994475,5982.024215161801,5862.862789630891,5840.201430022717,5832.96343619004
6000.0,5642.062954977156,5984.4104923307905,5862.838219851256,5840.049498528243,5832.340291421861
7500.0,5690.5371244996795,5989.561621844769,5862.847746908666,5842.140436917544,5846.271732542665
4000.0,5653.307389840485,5988.574819266797,5862.8502540290365,5841.085942089559,5836.454601306469
7000.0,5673.164535313846,5995.955280214549,5862.845239788295,5843.0424988269815,5843.751888535918
6700.0,5654.388710856439,5986.6628892719755,5862.846744060517,5840.522842854262,5836.105296760798
6800.0,5670.3871473670015,5984.133204817773,5862.83270418644,5839.6654076874265,5839.25461601466
3000.0,5663.176669180394,5978.599990159274,5862.840726971627,5838.04129511118,5835.664670355619
6000.0,5689.7571593523035,5985.8425594866285,5862.852259725333,5841.5292009711275,5844.995294883848
6800.0,5654.303218051792,5982.560738921166,5862.86028251052,5840.869326889516,5835.148391593249
7000.0,5659.74442139268,5984.856759756804,5862.8417298197755,5839.86046165228,5836.825843155385
5000.0,5680.213554948569,5988.431411981584,5862.837718427182,5839.597715437413,5842.770100198687
7000.0,5687.375645712019,5989.855957776309,5862.851256877185,5840.89991375804,5845.245693530888
7000.0,5648.124169185759,5990.244060009719,5862.847245484591,5839.592701196671,5835.202043969185
5000.0,5662.8820825368175,5993.26263293624,5862.8417298197755,5839.97227922082,5839.739681128413
4500.0,5659.063236787916,5995.874550938607,5862.851758301259,5839.982307702304,5839.4429634325215
4000.0,5677.0197343081245,5999.83178973198,5862.865296751262,5842.425245791675,5845.53551664576
7000.0,5663.178424164654,6004.7808453440675,5862.856772542001,5843.857312947513,5843.668338749559
7000.0,5646.849549189211,5999.233089387418,5862.851256877185,5841.555776447059,5837.622417975218
6800.0,5674.620921537281,5998.489978909493,5862.847245484591,5841.841086745263,5844.449808169157
7000.0,5656.758942455054,6000.254490226508,5862.850755453111,5841.668095439673,5840.383070893587
7500.0,5644.025278091432,6000.6079941988,5862.849752604962,5840.774056315423,5837.064270302654
6000.0,5651.472929865123,5998.304452002049,5862.843234091998,5840.310740470887,5838.232839107514
6000.0,5666.516905650497,5997.389854490758,5862.844236940146,5840.7901018857965,5841.8852747418
6500.0,5663.395540788771,5992.471887171269,5862.831199914218,5840.009886026383,5839.67712847516
3000.0,5653.306386992336,5983.194037526847,5862.839222699405,5839.25724849105,5834.649223927409
7000.0,5666.62421040237,5986.630798131228,5862.867302447558,5842.708550393582,5839.707715343685
7500.0,5631.917390972377,5978.149209916593,5862.8532625734815,5843.739478290082,5829.164835438133
6500.0,5636.309113726021,5974.910010397435,5862.843234091998,5844.972981512547,5829.758834932
6000.0,5643.832981958986,5972.613989561797,5862.855268269778,5845.71107774973,5831.253329385073
7000.0,5670.00782005489,5975.147685408593,5862.864293903113,5848.441331833602,5839.1152828000495
6500.0,5665.811151266099,5981.066495180131,5862.8532625734815,5849.305786937476,5839.759173989297
6000.0,5678.149442747236,5989.043650776149,5862.842732667924,5850.366298854352,5845.100531261415
6400.0,5664.969761669637,5990.886384248734,5862.837217003108,5849.255143105985,5841.987126506866
5000.0,5649.061832204462,5993.034986406566,5862.846242636443,5847.878232598306,5838.205323461444
8000.0,5640.694568678738,5995.207656919957,5862.844236940146,5847.894779592753,5836.660310532899
6500.0,5641.838567703963,5993.151316791774,5862.843234091998,5842.099821567536,5834.983235038818
7000.0,5644.858895614744,6004.840514808894,5862.845741212369,5846.236068755389,5839.695305097849
5000.0,5633.617970719934,6015.042990446092,5862.838219851256,5847.5503012537965,5839.76237056777
6000.0,5644.896753132344,6023.385182768107,5862.857775390149,5849.265171587468,5845.101220719517
3000.0,5629.514065384866,6025.910855829717,5862.832202762366,5849.4286358356485,5841.921439953149
4000.0,5654.6725168824205,6028.535309433938,5862.864293903113,5851.700588315726,5849.4431771337995
7000.0,5663.571039214731,6026.335562020541,5862.868305295707,5853.290102630855,5851.516252290458
6000.0,5644.639271870256,6021.350905299188,5862.854766845704,5851.134480535985,5844.994856137783
7600.0,5655.604413524271,6019.5648327469835,5862.833205610515,5850.174754858018,5847.044301684947
7500.0,5635.1748924702415,6010.02975255251,5862.84223124385,5847.954950481654,5839.000456687064
6800.0,5632.721925899387,6006.672216951848,5862.847746908666,5847.967486083508,5837.552343960852
6000.0,5655.624971911312,6012.214457243682,5862.849251180888,5849.540954828263,5845.057408791036
6500.0,5663.898218423129,6019.693698734046,5862.843735516072,5850.974526256324,5849.352544732393
3000.0,5665.591527521611,6020.233231037856,5862.848749756814,5851.6925655305395,5850.091518461705
7500.0,5653.765440732242,6021.769092977048,5862.858276814223,5853.239458799363,5847.908067330719
6500.0,5615.391957759858,6007.920762896539,5862.848749756814,5849.803199619056,5833.991167508067
7000.0,5635.450926423074,6000.555344671012,5862.852761149407,5849.538447707892,5837.099369987846
6000.0,5648.038676381112,5988.607411831618,5862.84223124385,5842.47639104724,5835.491177625955
6500.0,5655.575832352043,5997.114572674037,5862.859781086446,5847.215349972249,5840.691384021194
7000.0,5619.816273078323,6004.005142301322,5862.859279662372,5848.05423244834,5833.683731872589
6000.0,5608.138607814909,6004.716663062573,5862.833205610515,5843.4280939400205,5829.779142607004
7000.0,5595.073502138258,6008.431212604047,5862.860783934594,5846.58104851842,5828.23663679883
6000.0,5597.590901702643,6011.562104523183,5862.855268269778,5847.537264227868,5829.886384680868
6000.0,5626.473179087044,6016.083946824075,5862.83270418644,5848.683018237353,5838.518212083728
7500.0,5644.260195270182,6014.426740258933,5862.846744060517,5849.435154348613,5842.742208484561
6500.0,5641.4131093770275,6007.445412874223,5862.835211306811,5847.9298792779455,5839.905903209002
6600.0,5657.517847791315,6002.506887167693,5862.846744060517,5846.667794883252,5842.384818475694
6000.0,5680.513907968999,6004.220754653216,5862.859781086446,5847.976511716844,5848.892738856376
6000.0,5686.128353327514,6012.5814996659765,5862.851256877185,5851.071802526713,5853.158228099347
6500.0,5671.828240156175,6017.415227741004,5862.859781086446,5852.62621715665,5851.1823665350685
7000.0,5650.492896512152,6020.025641471148,5862.853763997556,5852.54699215293,5846.4798235334465
6600.0,5631.991601735354,6013.965931534768,5862.840726971627,5850.024327635766,5839.705646969379
6000.0,5641.7031832039365,6012.026924639941,5862.857775390149,5850.050401687623,5841.659571230412
6800.0,5645.5034762620935,6014.357543736697,5862.847746908666,5850.377831608058,5843.271649628879
5800.0,5673.972830921412,6015.806157886983,5862.850755453111,5850.244954228402,5850.718674622477
3000.0,5655.966190993787,6020.467396080495,5862.856772542001,5851.522582769395,5847.703235596419
5000.0,5652.511629834772,6030.543011426927,5862.869809567929,5855.3509555757055,5850.318851601333
6000.0,5616.672845557333,6027.823287248612,5862.870310992003,5854.539651423694,5840.476523805411
7000.0,5613.0277432501325,6020.236239582301,5862.84223124385,5852.113761752845,5837.054993957282
4000.0,5640.96458554268,6016.309086233378,5862.832202762366,5851.098879426719,5842.801188491286
7000.0,5645.347282662989,6011.672417819501,5862.862789630891,5852.317339926959,5843.049957510085
6500.0,5606.83139525354,6003.771478682757,5862.83270418644,5849.468749761582,5830.72608197108
7000.0,5639.068199694158,5995.134950429202,5862.854766845704,5848.386175185443,5836.361023038627
7000.0,5663.508611917497,5994.441982358695,5862.8532625734815,5848.414756357671,5842.304653301836
3000.0,5671.343363076449,5995.484443008901,5862.837718427182,5847.930882126094,5844.3991016596565
6800.0,5687.161788344384,6005.1343493163595,5862.861285358668,5851.635403186084,5851.698206551374
6200.0,5647.081457823516,5999.993749707938,5862.855268269778,5849.426128715278,5839.8391511291275
6400.0,5634.1768078506,6002.338910102845,5862.8387212753305,5849.639735370875,5837.248543649913
6800.0,5628.635319694878,6002.676368504764,5862.853763997556,5849.64625388384,5835.952926520259
7500.0,5625.537020340563,6002.0330414176,5862.852761149407,5848.6489214003095,5834.76793607697
4000.0,5618.9064390957365,6000.603982806207,5862.852259725333,5848.009605705739,5832.593071833254
6500.0,5656.785016506911,6011.654366552831,5862.870310992003,5851.9999384880075,5845.827408134938
6000.0,5635.523632913829,6013.316587358714,5862.8532625734815,5850.8983097970495,5840.6479481607685
5000.0,5637.442332133652,6013.431914895774,5862.840726971627,5850.385854393245,5841.025207098574
6500.0,5631.287100911141,6015.051013231278,5862.84223124385,5850.974526256324,5840.038717910648
6000.0,5619.369002804161,6007.454438507558,5862.841228395701,5848.023645579816,5834.422078821809
7000.0,5622.719267755748,6000.716301798821,5862.859279662372,5847.407395392657,5833.4255611523995
3000.0,5649.148327857257,5999.80170428753,5862.849251180888,5847.913833707572,5839.928279258312
5000.0,5685.692615807057,6013.271960616113,5862.85426542163,5852.011972665788,5853.457703627647
2000.0,5659.964295849205,6010.844065248967,5862.840726971627,5850.772452354432,5846.105385106058
5000.0,5647.77643159032,6001.172597706319,5862.856772542001,5850.523746013642,5840.58238696307
7400.0,5611.9579549878845,5988.860630989076,5862.8532625734815,5849.173912405969,5828.211440239103
2500.0,5612.977099418641,5980.585128068925,5862.858778238297,5846.380478888751,5825.700371153654
5000.0,5650.983790680767,5995.69102972746,5862.865296751262,5851.031187176705,5840.1428260840485
7000.0,5643.858053162695,5999.224565178157,5862.847746908666,5851.094366610051,5839.256182964892
6500.0,5631.974302604795,5996.893946081401,5862.8532625734815,5849.262664467097,5835.246043931694
6000.0,5616.619193181396,5993.895430117846,5862.84824833274,5847.957959026099,5830.3302076645205
8000.0,5637.563927471639,5997.85517603159,5862.849251180888,5849.932065606118,5837.050105072559
4000.0,5633.467042073608,5996.908988803626,5862.84223124385,5848.799850046636,5835.50452804193
7000.0,5656.476640701295,6000.378341972829,5862.846744060517,5850.961489230395,5842.665803991259
6000.0,5618.064798787237,5990.29470384121,5862.839724123479,5848.729650676251,5829.982219357044
2500.0,5640.865052863956,5990.450145304204,5862.856772542001,5849.846322089435,5836.004573199899
6000.0,5641.380516812206,5997.724805772305,5862.868305295707,5852.226582169534,5838.550052512438
7000.0,5634.004067257048,5996.107713133098,5862.86028251052,5851.20116993785,5836.043308209629
6700.0,5649.151587113739,5999.546479433776,5862.840726971627,5850.3823444247255,5840.480284485967
7500.0,5653.044142201544,6003.717324882747,5862.836715579034,5850.269524008037,5842.46692666784
2500.0,5626.740187406541,5997.982036322356,5862.839724123479,5848.4864600002775,5834.012101963163
7000.0,5641.783661767841,6005.037574470044,5862.858276814223,5851.826947182418,5840.376615058632
6000.0,5617.80556254089,5998.522571474315,5862.8417298197755,5848.685525357724,5831.963847298176
5000.0,5641.917040571571,5993.45969259739,5862.842732667924,5847.180751711131,5836.350054387004
5000.0,5637.771767750383,5988.39731514454,5862.837718427182,5846.782620996238,5833.947355579586
5000.0,5635.027473792435,5982.474995404483,5862.84824833274,5847.141139209271,5831.872964184732
8000.0,5636.665626242758,5980.5665753781805,5862.868305295707,5849.328852444888,5832.357339840383
5000.0,5627.281976118685,5982.465969771148,5862.831701338292,5848.758733272553,5830.3345951251695
4000.0,5653.487902507187,5983.9496836066255,5862.854766845704,5850.11608824134,5837.602110300214
6500.0,5643.099398538471,5990.2545899152765,5862.856772542001,5851.532109826804,5836.935717705638
6500.0,5630.363227054478,5988.088939338923,5862.857775390149,5850.971517711879,5833.070364873857
6400.0,5626.550147682429,5988.538215309382,5862.859781086446,5850.775962322951,5832.181026600302
6000.0,5642.378852143885,5997.741352766753,5862.853763997556,5852.255664765836,5838.807408418507
6500.0,5645.129664614798,6004.52160909772,5862.8502540290365,5851.413773745299,5840.978825371713
5000.0,5639.440005645157,6003.834658116103,5862.84824833274,5849.742025882007,5838.966234494002
6600.0,5643.091125041247,6006.5112598240385,5862.859781086446,5851.860542595387,5841.08067713678
5000.0,5632.694848999382,6007.232809066773,5862.839724123479,5850.473603606225,5838.310246448965
7000.0,5640.686044469477,6004.760788381101,5862.869308143855,5850.975027680398,5839.822792168708
3000.0,5623.9186741411695,6003.662669658662,5862.846242636443,5850.683700293303,5835.2778216823945
5000.0,5657.251842319966,6007.855577766896,5862.859279662372,5853.1261369586,5845.2732091769585
7000.0,5634.931701794268,6002.058112621308,5862.856772542001,5852.203015238048,5838.012400548906
6500.0,5624.026480317117,5993.707897514106,5862.852761149407,5849.1849437356,5832.443020679058
6200.0,5647.082711383701,5996.575541794301,5862.851256877185,5849.032009392978,5838.885379862041
6800.0,5664.149933308364,6003.619547188283,5862.852761149407,5850.7910050451765,5845.353311672808
7000.0,5651.728154718877,6008.230642974378,5862.840726971627,5850.300612300635,5843.275034241379
6500.0,5645.6456299871215,6009.6160776913175,5862.849752604962,5850.317660719157,5842.10728025064
2500.0,5636.649329960347,6013.610923290254,5862.852259725333,5850.5448058247575,5840.914329700173
2500.0,5653.609247133137,6021.209503710271,5862.868305295707,5853.270547091962,5847.739400807769
7500.0,5646.421834453941,6019.464046508075,5862.8617867827425,5854.019674658776,5845.691835600884
6800.0,5619.640523940326,6009.345308691264,5862.847245484591,5851.209192723037,5835.7605677098045
6700.0,5633.776922151447,6010.135553032161,5862.84824833274,5851.323015987874,5839.520934876055
7000.0,5626.0752990841875,6008.310870826245,5862.835211306811,5850.032350420953,5836.813432909549
5000.0,5635.253616049887,6003.114613145591,5862.849251180888,5847.954950481654,5837.293107714505
6000.0,5656.436526775361,6007.952854037286,5862.858778238297,5850.4605665802965,5844.42718140781
7000.0,5647.926357388497,6010.502094030381,5862.856772542001,5849.512373656035,5842.699399404229
6800.0,5657.661505788566,6011.152942478658,5862.842732667924,5849.634219706059,5845.322850160302
6800.0,5652.983219176532,6009.925456345082,5862.845741212369,5849.024989455939,5843.6948515474805
7000.0,5643.392731621862,6009.567940980197,5862.837718427182,5848.983872681857,5841.195565927775
6000.0,5634.085297957064,6007.765321433545,5862.846242636443,5847.869708389045,5838.141642604024
6500.0,5646.498301625253,6011.851927638055,5862.849752604962,5849.7069261968145,5842.726727016271
6800.0,5639.720803126694,6013.472028821708,5862.843234091998,5849.545969069005,5841.395508777351
6000.0,5645.813857764007,6008.88098999858,5862.84824833274,5848.624351620675,5841.541861929
7000.0,5636.669386923314,6009.042448550464,5862.847245484591,5848.811884224416,5839.342741295696
3500.0,5627.458978816868,6003.908367455007,5862.84223124385,5847.500158846379,5835.427434090526
6000.0,5643.854543194176,6002.129314839841,5862.871815264226,5850.392874330283,5839.812136907131
6500.0,5629.153040051461,6002.410613745452,5862.852761149407,5851.609830558301,5836.506561376155
6500.0,5628.443274274469,5998.495494574309,5862.861285358668,5849.374983459712,5834.79375941679
7400.0,5636.937648802997,6002.02702432871,5862.858276814223,5848.49398136139,5837.57923282683
6500.0,5635.856829211117,6004.793380945922,5862.855769693852,5848.154517263175,5837.9151242785165
5000.0,5643.024686351419,6013.567299395801,5862.856271117927,5850.396384298802,5842.461160290987
6000.0,5653.876756876708,6021.609640121461,5862.864293903113,5853.796540945769,5848.036807961763
6500.0,5633.640785515309,6025.683710724116,5862.86028251052,5853.22341322899,5843.852047994734
7600.0,5619.298803433777,6025.386366248132,5862.8357127308855,5851.615847647191,5839.784182514996
4000.0,5613.266671821476,6014.303891360761,5862.834709882737,5848.5636793077,5834.742238093168
6000.0,5630.47228679061,6006.058975309134,5862.862789630891,5849.83378648758,5837.306959554554
6800.0,5623.98060001433,5998.150514811278,5862.840225547553,5848.982368409635,5833.488427195699
6000.0,5664.903573691846,5993.67480352521,5862.8502540290365,5848.835952579976,5842.566145956517
6000.0,5662.712099775673,5999.171915650369,5862.847746908666,5850.467085093261,5843.799711856992
6000.0,5640.434580296279,5998.7366795539865,5862.856772542001,5850.423461198808,5838.112873397768
6000.0,5639.682444185019,6000.675686448813,5862.845239788295,5850.902321189643,5838.526422902943
6000.0,5641.1262948066005,5996.27017453313,5862.8617867827425,5850.191301852466,5837.612389493735
6500.0,5637.885591015221,5993.070086091758,5862.840225547553,5848.868545144797,5835.666111949832
6500.0,5656.590463966132,5990.558452904225,5862.843735516072,5848.582733422519,5839.643846452237
6500.0,5661.570357158781,5991.6635915637025,5862.833205610515,5848.717616498471,5841.196192707867
6400.0,5649.969159066678,5989.88855034113,5862.853763997556,5848.83645400405,5837.8869818523535
6500.0,5641.5738157928,5994.346210360528,5862.846744060517,5848.421776294709,5836.797136627139
3000.0,5658.901276811958,5997.328680753709,5862.840726971627,5848.406733572484,5841.869354527445
5500.0,5676.840224489571,6010.368213802577,5862.856271117927,5852.542980760337,5850.651922542603
5000.0,5633.223099261523,6003.967535495759,5862.846242636443,5849.760578572751,5837.449363991619
7000.0,5632.20194913447,5995.882573723794,5862.869308143855,5849.543963372708,5835.124448593707
4000.0,5629.805894196034,5994.8406144976625,5862.855268269778,5848.87606650591,5834.094460867346
6500.0,5653.739366680385,6008.468317985536,5862.871815264226,5853.1246326863775,5844.551033154131
4000.0,5630.1568910479555,6011.118845641614,5862.845741212369,5851.918206363917,5839.009921066464
7200.0,5643.417802825571,6015.24707004428,5862.859279662372,5853.118114173413,5843.660566676409
6000.0,5607.023942098022,6008.487873524428,5862.858778238297,5850.965500622989,5832.334023620934
7500.0,5629.398988559843,6015.651719272138,5862.852761149407,5852.440188825131,5840.08591445163
6500.0,5636.410401389004,6017.110863327981,5862.8417298197755,5851.321010291577,5841.921001207084
6700.0,5656.144196540118,6018.658759444953,5862.83621415496,5850.659631937743,5847.0747005194435
2500.0,5646.296227723361,6012.772542238236,5862.847245484591,5847.7358281612405,5842.412960901857
7000.0,5664.189295098186,6018.090645968915,5862.859781086446,5850.854184478522,5848.998476658017
7000.0,5637.76600137353,6015.335822105409,5862.833205610515,5848.828431218863,5841.190865077079
7000.0,5650.201569125057,6006.000308692456,5862.839724123479,5845.753698796035,5841.198825184257
6000.0,5658.903031796218,6000.4440285265455,5862.8502540290365,5845.121904462577,5841.829804703594
6700.0,5660.723451897503,6004.4504068791875,5862.851256877185,5847.3908483982095,5843.853991013021
6400.0,5652.73551568389,6007.205230742694,5862.836715579034,5847.51470014453,5842.573040537537
3500.0,5649.142812192441,6002.657815814019,5862.852761149407,5847.61799350381,5840.567845664919
5000.0,5642.358544468881,6003.03639099002,5862.8723166883,5850.388361513616,5839.663903415204
6000.0,5615.941267833115,6002.105747908355,5862.869809567929,5851.5215799212465,5833.109601307661
6000.0,5626.5566661953935,6005.049608647824,5862.861285358668,5852.830296754838,5836.824464239181
7000.0,5630.1829650998125,6006.669208407403,5862.856271117927,5851.575232297183,5837.820919230581
6000.0,5629.8091534525165,6008.457286655904,5862.855769693852,5850.815574824811,5837.984446156771
7000.0,5615.322510525585,6011.213113367558,5862.844236940146,5849.771108478309,5834.7877423279
3000.0,5619.559543952347,6005.835340172053,5862.840726971627,5847.661115974189,5833.974181767554
6500.0,5655.552516132594,6009.7579807043085,5862.855769693852,5850.335210561753,5844.625369273127
5000.0,5632.045254111291,6001.172096282245,5862.852761149407,5847.250951081515,5835.8302656561145
2500.0,5654.923228919507,6001.482477784158,5862.859781086446,5849.027998000384,5842.073371447624
6800.0,5649.387757852674,6007.967896759511,5862.868806719781,5851.104395091535,5842.832214105875
7500.0,5630.950645357371,6004.6705320477495,5862.841228395701,5848.923701792956,5836.846526898445
3000.0,5639.899059385062,5998.088839650155,5862.836715579034,5846.856330335141,5836.920236237348
6500.0,5648.522801324726,6004.031717777253,5862.856772542001,5849.867883324624,5841.319793742151
6000.0,5612.553646788002,5997.451529651881,5862.845741212369,5847.322153300048,5830.043267738075
6000.0,5635.363929346205,5994.044353067876,5862.850755453111,5846.675817668439,5834.7337138839075
3000.0,5634.594494104386,5992.667442560197,5862.833205610515,5846.09917998314,5834.048580564559
6200.0,5658.738313987852,5998.031175881625,5862.861285358668,5848.932226002217,5842.140750307591
6000.0,5630.5685602128515,5995.880568027497,5862.8387212753305,5847.427953779698,5834.178950823844
6500.0,5632.816193625332,5992.044673860074,5862.855268269778,5846.45368680358,5833.542455639691
6000.0,5639.42421078682,5994.839611649514,5862.852761149407,5847.533252835275,5836.162459105254
6500.0,5651.700074970723,6003.422988951207,5862.859279662372,5847.9995772242555,5841.495480202139
5000.0,5642.449302226306,6008.841878920794,5862.852259725333,5846.913492679597,5840.264233388008
6700.0,5645.446564629675,6014.592711627484,5862.848749756814,5848.258813470603,5842.786709871144
7000.0,5627.489314973355,6013.152120262385,5862.84824833274,5846.914495527745,5837.601044774056
7000.0,5641.906761378051,6014.106831699611,5862.853763997556,5846.737994253636,5841.401337832213
6000.0,5641.550248861314,6022.444009780885,5862.8532625734815,5848.2863917946825,5843.783478252591
6700.0,5642.611262202264,6029.724687337876,5862.8647953271875,5850.496167689563,5846.424228139223
6800.0,5639.569373056293,6033.462302386762,5862.832202762366,5850.611996650697,5846.6189687140295
7000.0,5647.926608100534,6024.978708475829,5862.854766845704,5848.659451305867,5846.104883681984
7400.0,5637.799095362426,6013.754831999541,5862.843234091998,5841.93084165454,5839.082000777126
6000.0,5632.335578650237,6009.27510932088,5862.839222699405,5843.086122721435,5836.884008347989
6800.0,5659.185333549977,6016.036812961102,5862.8502540290365,5847.131110727788,5846.300877816976
5800.0,5650.500668585301,6017.66944974661,5862.851758301259,5847.724796831609,5844.686668366195
6000.0,5640.4566429555425,6021.971668303014,5862.857273966075,5849.229069054128,5843.62866356969
7500.0,5639.23492319882,6029.68306913972,5862.875325232745,5852.9827296733865,5846.194011811168
3000.0,5626.224723458291,6023.662971705199,5862.849251180888,5851.435334980489,5841.043070331217
6800.0,5665.607322379948,6024.05959814787,5862.86629959941,5852.698923647405,5851.308035943658
6000.0,5659.842951223255,6013.643014431001,5862.852259725333,5850.166732072831,5846.626239363105
3000.0,5654.790351539851,6008.866950124503,5862.835211306811,5848.398710787297,5843.722805939616
6000.0,5666.419629380108,6011.5495689213285,5862.85426542163,5850.752896815539,5847.894090134651
5000.0,5617.91136302054,5996.780624240638,5862.834709882737,5846.546951681376,5831.018412206323
6500.0,5635.849057137967,5987.547902762891,5862.846242636443,5845.94173282385,5833.046233840288
6000.0,5640.440597385169,5982.162106782199,5862.859781086446,5844.111534953118,5832.393505051733
6500.0,5658.038827404381,5987.670250236989,5862.846744060517,5845.629847049714,5838.5464171879
5000.0,5656.7800022661695,5991.577346622945,5862.843735516072,5846.083635836841,5839.321180060507
4000.0,5649.7969198972,5996.050049364568,5862.869308143855,5848.282881826163,5839.249789807946
5000.0,5641.740037873388,6009.05398130417,5862.871313840152,5851.306468993426,5841.242950502784
5000.0,5615.634145587684,6009.752966463567,5862.848749756814,5849.585581570865,5834.455360844732
7000.0,5633.678392320872,6010.066356509925,5862.842732667924,5849.967666715384,5839.138787053526
4500.0,5613.044540956617,6005.0069876015195,5862.840726971627,5847.390346974135,5832.070650625975
4000.0,5623.607039079071,6001.521087437869,5862.855268269778,5848.058745265008,5834.0105350129315
8000.0,5628.042385727168,6005.630257725717,5862.856772542001,5848.78831729293,5836.329433321954
6500.0,5638.724724203349,6000.158216804267,5862.831199914218,5846.380478888751,5837.023654952646
2000.0,5657.295466214419,6000.865726172925,5862.83621415496,5846.7008888721475,5841.924573853613
6500.0,5659.1657780110845,6000.225407630206,5862.855268269778,5848.726140707732,5842.7431486547
6000.0,5612.0101030915985,5992.67747104168,5862.857775390149,5848.1299474835405,5828.918824251742
7000.0,5628.968265280128,5993.3854818344125,5862.845741212369,5848.703576624394,5833.475766237826
7500.0,5625.982034206391,5987.404495477677,5862.841228395701,5846.056558936835,5830.571079254151
7000.0,5638.129784539343,5987.45413646102,5862.849251180888,5846.769583970309,5833.80068903789
7600.0,5634.461366012693,5988.176688551904,5862.837217003108,5846.492296457292,5832.991892006249
5000.0,5645.338006317616,5990.757016837598,5862.856271117927,5846.23255878687,5836.295963265003
7000.0,5666.8536119163045,6003.142692893744,5862.851256877185,5849.4923166930685,5845.584969595076
6000.0,5654.670511186124,6008.281286805869,5862.856271117927,5848.917183279992,5843.681313097478
6500.0,5653.3708199858675,6015.170853585006,5862.852259725333,5850.405409932137,5845.449835807086
6300.0,5640.090603381396,6015.5093148350725,5862.843735516072,5849.635222554208,5842.019719071687
6500.0,5642.596470192076,6008.668386191131,5862.840726971627,5848.2487849891195,5840.588592085988
5000.0,5636.7112558335075,6001.303970813752,5862.847245484591,5846.719942986966,5836.895603779704
7500.0,5645.184821262957,6003.631079941989,5862.8678038716325,5849.440670013429,5840.281093772502
5000.0,5635.100681707264,6007.265401631595,5862.8417298197755,5849.686869233848,5838.72367059812
6200.0,5664.992075040937,6012.183870375157,5862.864293903113,5851.992417126895,5848.008164111526
6000.0,5638.539949432016,6014.147447049619,5862.852259725333,5851.424303650857,5841.740989964456
7000.0,5637.601784989239,6012.721396982671,5862.856772542001,5850.881261378528,5841.015303973109
7000.0,5645.42199485004,6009.11766216159,5862.849251180888,5849.514880776406,5841.725947242231
6500.0,5633.715497702361,6005.586132407189,5862.86028251052,5848.583736270667,5837.686412222684
6000.0,5648.544111847878,6010.352669656278,5862.858276814223,5849.107724428178,5842.715695686639
6500.0,5669.4015983492145,6015.766545385123,5862.850755453111,5850.335711985827,5849.588652793319
7600.0,5656.134418770672,6015.244061499835,5862.848749756814,5848.949274420739,5845.794126112015
7000.0,5641.332380101086,6011.103802919389,5862.85426542163,5847.13612496853,5840.6066433526585
7000.0,5643.525358289481,6014.305395632983,5862.843234091998,5848.0081014335165,5842.170522361995
6000.0,5643.948560208083,6006.397436559201,5862.833707034589,5842.500960826875,5838.920166157187
6500.0,5621.577775850893,6000.29560700059,5862.839222699405,5842.523023486138,5831.808907259257
6400.0,5631.363568082453,5998.141489177943,5862.839222699405,5843.743489682675,5834.021942410619
7000.0,5637.241511791945,6000.065954774619,5862.847245484591,5845.487944036723,5836.41066402197
4000.0,5626.270603761078,6002.015491575004,5862.830698490144,5845.7065649330625,5834.205839689822
6800.0,5648.227462545038,5997.847153246404,5862.856772542001,5847.307110577823,5839.059624727816
7000.0,5634.051953256131,5992.587716132403,5862.840726971627,5846.932546794415,5834.103235788644
6800.0,5669.935614988209,5990.813677757979,5862.847746908666,5846.682837605477,5842.569969315083
4000.0,5654.5652121305475,5990.975637733937,5862.846242636443,5846.394017338754,5838.69527745992
6500.0,5663.699403777719,5997.761911153794,5862.870812416078,5850.081991404296,5843.603529687972
6000.0,5630.995773524047,6004.189164936543,5862.859781086446,5849.183439463378,5836.8070397526035
6600.0,5641.581838577987,6012.479209154845,5862.858778238297,5850.813569128514,5841.933348774911
3000.0,5632.431350648404,6015.5905455350885,5862.840225547553,5849.169399589301,5840.007880330087
6800.0,5643.940788134933,6020.143476128579,5862.869809567929,5851.538126915694,5844.623050186784
3000.0,5604.708867147566,6013.023254275323,5862.8532625734815,5848.719120770694,5832.326126191766
6400.0,5637.50099875033,6016.394328325988,5862.855769693852,5850.549318641425,5841.825103852899
6500.0,5626.117920130492,6005.649311840535,5862.856271117927,5848.386676609517,5835.752544924618
6600.0,5625.574627146126,5996.772100031377,5862.860783934594,5847.354244440795,5833.140438888223
6500.0,5635.107450932265,5995.6524200737485,5862.848749756814,5846.732980012895,5835.085400193931
4000.0,5668.475468084217,5999.270696192981,5862.852259725333,5848.491975665093,5844.772599916906
6500.0,5669.901518151165,6005.9170722961435,5862.868806719781,5851.776303350926,5847.615925129504
6000.0,5638.1548557430515,6007.413321733476,5862.845741212369,5850.340224802495,5839.688535872848
6000.0,5647.3905857652435,6000.9263984859,5862.839222699405,5848.415257781745,5839.892866183073
6000.0,5632.017425075174,5997.590424120427,5862.846744060517,5847.482107579709,5834.984175208957
7000.0,5644.005471840502,6001.265862584115,5862.849752604962,5849.285228550435,5839.3515788950035
5000.0,5620.450323820115,6003.061462193728,5862.839724123479,5847.7097541093835,5833.5153160616765
7000.0,5655.42289800942,6006.986609846354,5862.859279662372,5849.629706889392,5843.724623601885
6500.0,5636.154925823213,6008.236660063268,5862.843735516072,5849.1272799670705,5839.090650342406
6000.0,5649.586572498084,6002.352949976922,5862.847746908666,5847.722791135312,5840.627515129746
7500.0,5648.814128711821,6001.414785534144,5862.855769693852,5848.031166940928,5840.278962720186
4000.0,5644.424411654473,6000.4876524209985,5862.849752604962,5847.826084494592,5838.896975293756
6400.0,5660.999485850335,6008.987793326379,5862.846744060517,5850.778970867396,5845.903248526157
6500.0,5634.471895918251,6007.831509411336,5862.86028251052,5851.488485932351,5839.1630434431145
6500.0,5620.763212442399,6008.072192966939,5862.835211306811,5849.782641232015,5835.363314487041
6500.0,5632.007396593691,5999.23459365964,5862.84824833274,5846.031989157201,5835.030556935818
6000.0,5647.582881897689,5995.445833355189,5862.834208458663,5845.6428840756425,5837.876451946796
4000.0,5663.064851611854,5993.051031976939,5862.846242636443,5846.095168590547,5841.264323703946
6000.0,5665.0647815316925,5994.844124466182,5862.856772542001,5847.907315194608,5842.668248433621
7000.0,5650.550058856607,5993.179396539927,5862.840225547553,5847.14214205742,5838.427955750377
7000.0,5649.577546864749,5991.225346922875,5862.8502540290365,5845.562656223775,5837.303951010109
6000.0,5649.208749458195,5989.921644330026,5862.841228395701,5839.612758159638,5835.39609508589
7000.0,5645.047431066633,6002.200015634299,5862.842732667924,5844.522201269866,5838.653095159681
7600.0,5619.546256214381,6008.810289204122,5862.843234091998,5846.554974466563,5834.438688494266
6600.0,5601.962316781283,6007.893685996533,5862.834709882737,5846.187430620194,5829.719535820187
7000.0,5623.899620026351,6006.1201490461835,5862.857775390149,5846.8167178332815,5834.923565573991
4000.0,5647.174973413349,6009.81464162469,5862.85426542163,5848.640898615123,5842.121194768698
7000.0,5682.855809107424,6012.340816110373,5862.8617867827425,5850.911346822978,5852.242439705879
2000.0,5666.338398680092,6009.906903654338,5862.851758301259,5849.665809422732,5847.190717514605
5500.0,5686.079715192319,6013.313077390195,5862.863291054965,5852.435676008464,5853.672939911486
7000.0,5642.938441410662,6012.245545536281,5862.860783934594,5853.413452953101,5842.864555958659
6500.0,5622.281524538995,6008.046620339156,5862.846242636443,5850.495164841414,5835.917388089002
6000.0,5624.391517043115,6001.782329380513,5862.856271117927,5848.880579322577,5834.477674216033
5000.0,5631.772228702904,6002.120289206506,5862.860783934594,5849.047052115203,5836.450088489802
6800.0,5656.240971386434,6002.072653919459,5862.838219851256,5849.183439463378,5842.583821155132
7500.0,5664.658377319575,5998.107893764974,5862.84824833274,5849.1212628781805,5843.683945573867
5500.0,5645.132673159243,5992.943225800992,5862.839222699405,5847.555315494538,5837.117609288544
7000.0,5651.758240163327,5994.927360862494,5862.844738364221,5847.600443661214,5839.282695762814
7000.0,5654.469189420343,5992.71708354354,5862.8502540290365,5846.123749762774,5839.040069188924
6600.0,5658.197277411819,5993.510336428882,5862.849752604962,5845.865516364575,5840.10572070256
7000.0,5661.966231465341,5999.033021181823,5862.860783934594,5847.458039224149,5842.8295189514765
6500.0,5647.264226898552,6005.359990149737,5862.851758301259,5848.271349072457,5840.936831105501
6000.0,5668.398248776794,6015.68681895733,5862.83621415496,5850.060430169106,5849.2454280145475
6500.0,5645.665185526014,6014.026603847743,5862.838219851256,5848.497491329909,5842.756875138731
6000.0,5629.356116801501,6008.72003287077,5862.840225547553,5847.505674511195,5837.105512432755
2500.0,5621.591565012933,6002.792698889972,5862.839724123479,5846.3268265128145,5833.387703634799
5000.0,5650.4314720630655,6005.643294751645,5862.867302447558,5849.471256881953,5842.1033315360555
7000.0,5653.662899509073,6003.524778038264,5862.868806719781,5850.808053463698,5842.716134432704
7600.0,5651.756485179068,6006.270074844361,5862.851758301259,5850.306127965451,5842.796111572535
6500.0,5635.017445310951,6006.977082788945,5862.844236940146,5848.490471392871,5838.332309108228
2500.0,5647.082209959627,6013.32210302353,5862.857775390149,5850.04288032651,5843.326242174954
5000.0,5653.117099404336,6026.1249639093885,5862.865296751262,5853.433008491994,5848.885092139245
6000.0,5631.823624670506,6022.321160882712,5862.860783934594,5851.505032926799,5842.127650603653
7500.0,5632.421572878958,6019.100012630225,5862.859781086446,5850.619518011809,5841.2502211518595
7500.0,5638.1954710930595,6016.99904575944,5862.846242636443,5849.826766550542,5841.966881509871
6500.0,5650.261489301921,6016.716242581607,5862.851256877185,5849.122767150403,5844.737938977779
8000.0,5667.176779732109,6024.894469231368,5862.851758301259,5850.561352819205,5851.371090020985
6000.0,5657.637437433005,6025.881773233415,5862.838219851256,5848.64541143179,5848.750710487367
5000.0,5679.251572862268,6029.169109463693,5862.84824833274,5849.620681256057,5855.222402978689
6000.0,5659.863509610296,6030.827820301057,5862.868806719781,5851.018150150777,5851.144571695478
5000.0,5642.957746237517,6026.627892255784,5862.834208458663,5849.4055703282365,5845.45635432005
6800.0,5658.101003989578,6018.204970657826,5862.853763997556,5848.986881226302,5847.036654967816
6000.0,5636.034333333374,6008.983781933785,5862.846744060517,5846.683840453626,5838.637174945326
6000.0,5643.196674808861,5999.1192661225805,5862.839724123479,5845.255784690381,5837.602862436325
7000.0,5657.161836698652,5997.769432514907,5862.835211306811,5846.004912257195,5840.942848194391
6400.0,5653.449543565513,5986.7586612701425,5862.840726971627,5838.599380105735,5835.412077978254
6000.0,5638.779630139471,5993.85982900858,5862.857273966075,5842.917142808438,5834.603468980641
6800.0,5625.1506730914125,6003.380869328977,5862.847245484591,5845.349049568177,5834.181959368289
5000.0,5618.151294440032,6006.150234490634,5862.841228395701,5845.017608255149,5833.040091395379
5800.0,5646.319042518736,6006.812114268542,5862.859781086446,5847.302096337081,5840.823258552701
6000.0,5629.837734624744,6007.203726470471,5862.858276814223,5848.001081496478,5836.975204851479
2500.0,5646.084125339986,6009.8276786506185,5862.8532625734815,5848.971838504077,5841.934226267041
6000.0,5653.3999025821695,6012.734434008599,5862.868806719781,5850.205843150617,5844.802246615292
6000.0,5622.3329205065975,5999.815744161607,5862.8417298197755,5846.82373777032,5832.953533064575
7000.0,5640.936505794526,5995.401708036662,5862.857775390149,5847.764910757543,5836.74022499472
6500.0,5619.670860096813,5992.226690798999,5862.84223124385,5845.6659495830545,5830.101432930679
6500.0,5654.067548736931,5992.056708037854,5862.851758301259,5846.10519707203,5838.7703030370185
5000.0,5665.0444738566885,5995.522551238538,5862.858778238297,5847.105036675931,5842.632710002364
6000.0,5670.099079236389,6006.71333372593,5862.859781086446,5849.04554784298,5847.179435472936
6000.0,5665.335049107672,6009.882333874703,5862.839222699405,5848.36661964655,5846.6058063320825
6000.0,5656.491181999446,6012.266605347396,5862.856772542001,5849.119758605958,5845.1835796237
6200.0,5637.404725328089,6015.811673551799,5862.854766845704,5848.4197705984125,5841.122734081001
6500.0,5641.144346073271,6019.471066445113,5862.853763997556,5848.90013486147,5843.092327844352
6500.0,5644.24314685166,6022.364784777165,5862.8357127308855,5848.025149852038,5844.367198552937
7000.0,5650.340965017677,6015.430089831353,5862.8417298197755,5845.712080597878,5843.581216316671
7500.0,5650.678674131633,6010.777375847102,5862.847746908666,5844.351717084647,5842.163878493012
6000.0,5655.835820734502,6008.332432061435,5862.835211306811,5844.692685455085,5842.924037389458
6600.0,5669.713233411313,6010.371222347022,5862.841228395701,5845.842450857163,5847.1920337528
7000.0,5662.775780633093,6011.6192668676385,5862.837718427182,5845.220685005189,5845.613362733276
2500.0,5649.312794953586,6008.454278111459,5862.843735516072,5844.482588768006,5841.273349337281
6700.0,5649.529159441591,6013.068883866073,5862.858276814223,5847.785469144584,5843.310447316618
3000.0,5620.902106910945,6002.440197765828,5862.849752604962,5844.117050617934,5832.577276974917
7600.0,5653.375332802535,6002.16642022133,5862.865296751262,5846.288718283177,5841.173942014576
7500.0,5626.424791663886,5995.286881923676,5862.842732667924,5844.495625793935,5832.262508012355
6000.0,5647.465548664332,5996.211507916451,5862.849251180888,5845.203135162593,5837.932360731066
6300.0,5657.373939082027,6009.695804119111,5862.86028251052,5847.831600159408,5844.4404064677665
7000.0,5643.915716931225,6018.397517502309,5862.845239788295,5848.254300653935,5843.353193718941
7000.0,5639.9637430906305,6012.866308540107,5862.843234091998,5841.087446361781,5839.190183021129
6000.0,5630.105495080353,6015.262614190579,5862.85426542163,5842.384630441667,5837.651751283557
5000.0,5623.004327341915,6020.184592902661,5862.839724123479,5844.524206966163,5837.6382128335545
6500.0,5630.435933545233,6022.784978151322,5862.847746908666,5846.821230649949,5840.722472313792
5000.0,5614.87549096346,6018.346873670817,5862.847746908666,5846.317299455405,5835.596852749587
7500.0,5626.137475669385,6015.0194235146055,5862.845741212369,5846.179909259082,5837.54563741386
7000.0,5648.466391116382,6009.8913595080385,5862.843735516072,5846.247100085021,5841.862146556378
6000.0,5666.258170828224,6012.117180973292,5862.85426542163,5847.538267076016,5847.191971074791
7000.0,5682.639946043492,6016.534225642682,5862.851758301259,5849.156863987447,5852.79569849372
5000.0,5670.43628692627,6016.909792274238,5862.8417298197755,5847.87873402238,5849.516635760666
6500.0,5687.66120672226,6014.394649118186,5862.863792479039,5849.070619046689,5853.497566841544
6700.0,5654.477462917567,6012.464667856694,5862.858778238297,5847.728306800128,5844.382303953172
6500.0,5652.146593108774,6013.360211253167,5862.83270418644,5846.850814670325,5843.797580804677
6500.0,5649.711176380516,6008.324409276248,5862.840225547553,5845.372616499663,5841.562106925995
6500.0,5629.891888424755,6001.460916548968,5862.8357127308855,5844.989528506995,5834.794511552901
3000.0,5632.099407911302,5997.38885164261,5862.846744060517,5843.736971169711,5834.017993696035
5000.0,5654.914203286172,6006.420502066613,5862.8532625734815,5847.521720081569,5842.927422001959
6000.0,5637.794331833721,6003.231444954873,5862.869308143855,5847.453024983407,5837.837027478964
6500.0,5633.124068006874,6000.875253230334,5862.835211306811,5846.30225673318,5835.7841973193
6700.0,5654.645439982415,5997.077467292548,5862.8417298197755,5845.143465697766,5839.927025698126
7500.0,5643.856799602509,5996.171393990518,5862.835211306811,5844.4745659828195,5836.8344927206645
7000.0,5631.987841054798,5990.223000198604,5862.8387212753305,5843.968127667905,5832.254422549159
6500.0,5631.426496803761,5989.153462648393,5862.858276814223,5844.157164543868,5831.898850202561
5000.0,5658.186496794225,5996.434140205384,5862.84824833274,5846.0475333035,5840.879104658962
6000.0,5684.887579455973,6006.757960468532,5862.859781086446,5849.265673011542,5850.942748505623
7000.0,5651.589260250331,6009.156271815301,5862.8532625734815,5849.366459250451,5843.241313472391
4000.0,5631.170269101859,6005.359990149737,5862.852259725333,5847.162700444461,5836.636304855348
7000.0,5636.189273372293,6004.790372401477,5862.847746908666,5848.044705390931,5837.968024518342
7500.0,5617.485653981567,5994.890255481006,5862.841228395701,5845.564160495997,5830.195324588568
6200.0,5641.169166564942,5987.711367011071,5862.840726971627,5844.849631190301,5834.142722934485
4000.0,5644.505642354489,5996.551473438741,5862.873820960523,5848.8820835948,5838.203255087138
6800.0,5638.430137559772,5998.417272418738,5862.8647953271875,5850.057923048736,5837.4425320886085
6400.0,5639.695982635022,5997.387347370387,5862.85426542163,5848.98788407445,5837.231369875372
7000.0,5650.419437885285,6001.793360710145,5862.851256877185,5848.996408283711,5841.015115939082
6500.0,5635.290470719338,6002.029030025006,5862.831701338292,5846.968649327756,5836.779962852598
5000.0,5632.160832360388,5999.04355108738,5862.836715579034,5845.865014940501,5834.976528491826
6800.0,5620.850209519268,5988.701178133489,5862.837217003108,5844.4600246846685,5829.212157335133
7500.0,5628.124368563295,5979.83951047063,5862.842732667924,5843.852800130845,5828.6648529581735
6500.0,5650.628030300141,5974.971184134484,5862.850755453111,5843.004390597344,5832.86359012127
2000.0,5689.534276351334,5982.408306002618,5862.85426542163,5846.018952131272,5845.203949976713
6500.0,5708.25419202447,5996.704909205438,5862.856271117927,5850.248464196921,5854.515959136189
3500.0,5657.8352492302665,5996.783131361009,5862.852761149407,5849.331860989333,5841.700750682504
2000.0,5654.730932787062,5999.885943531991,5862.8723166883,5851.013135910035,5842.125582229347
7000.0,5630.937357619406,6004.188663512469,5862.865296751262,5852.1478585898885,5837.534794118256
6800.0,5617.662405967713,5991.756856441499,5862.842732667924,5848.113400489093,5830.093848891557
6000.0,5645.241231471301,5986.782228201629,5862.855769693852,5846.70239314437,5835.395405627788
6200.0,5642.2073651105175,5993.609618395568,5862.859279662372,5848.128944635392,5836.701301950962
7000.0,5646.470472589136,6000.848677754403,5862.8502540290365,5847.477594763041,5839.411749783904
5000.0,5651.237761974336,6002.347434312106,5862.837217003108,5846.2892197072515,5840.6779082492
7000.0,5660.021959617735,6006.135191768409,5862.867302447558,5848.280374705792,5844.326207134874
6500.0,5643.701107427479,6011.449785530568,5862.848749756814,5848.062255233527,5841.515474487097
6000.0,5666.890466585756,6018.512343615294,5862.833707034589,5848.643405735494,5849.219980742783
6000.0,5651.981373876334,6013.766866177321,5862.857273966075,5847.7097541093835,5844.0788170322785
6000.0,5639.972016587854,6012.222480028869,5862.855769693852,5847.900295257569,5840.737640392036
8000.0,5651.112155243755,6013.742797821761,5862.840726971627,5847.724796831609,5843.855119217188
7000.0,5663.720965012909,6007.4042961001405,5862.831199914218,5845.5034881830225,5844.864987302572
6500.0,5661.580636352302,6006.02838844061,5862.853763997556,5845.7877956330785,5844.062646105886
7000.0,5647.929115220905,6011.081740260125,5862.863291054965,5846.040513366462,5841.978664975614
4000.0,5647.478836402298,6014.754671603442,5862.8417298197755,5845.95978409052,5842.758755479009
6600.0,5663.900224119426,6019.122576713563,5862.856772542001,5847.11456373334,5848.248534277082
6000.0,5646.247589588166,6013.3351400494585,5862.859279662372,5846.243590116502,5842.1713998541245
6500.0,5638.755812495948,6013.475037366153,5862.86028251052,5847.386335581542,5840.619366988541
7000.0,5645.37812024355,6018.15733537078,5862.8502540290365,5848.811884224416,5843.799398466946
6500.0,5646.786871179939,6018.527887761594,5862.851256877185,5848.206665366889,5844.093170296402
4000.0,5632.595065608622,6020.261812210084,5862.854766845704,5847.112056612969,5840.705925319345
6000.0,5650.039609149099,6028.14018726349,5862.870812416078,5849.21853914857,5847.567286994309
7000.0,5624.6780809015045,6026.747732609511,5862.857775390149,5847.744853794576,5840.507110673935
6000.0,5633.737309649588,6024.724486470223,5862.843735516072,5847.553811222316,5842.21483571455
5000.0,5638.1927132606515,6021.5910874307165,5862.840726971627,5847.114062309266,5842.434647493065
6500.0,5639.141909033061,6018.254110217095,5862.8647953271875,5848.042699694634,5842.075878567995
6400.0,5636.003746464849,6017.417734861375,5862.8417298197755,5847.702232748271,5840.991360973568
6200.0,5659.200125560165,6015.21096751094,5862.85426542163,5848.097354918719,5846.3406783528635
4000.0,5656.222167983652,6015.727935731412,5862.840225547553,5847.7037370204935,5845.623516570778
6500.0,5661.445753276349,6012.398479878903,5862.863291054965,5849.389023333789,5846.5241368860015
7000.0,5629.912446811796,5998.652440309525,5862.849752604962,5846.554473042489,5834.492278192193
7000.0,5656.0233533382425,5990.704868733884,5862.840726971627,5845.805345475675,5838.843573629857
4000.0,5671.9207528978595,5988.3732467889795,5862.852761149407,5845.048195123673,5842.04873898998
7000.0,5687.745696678759,5997.451028227807,5862.869809567929,5849.415097385646,5849.370407965035
5000.0,5644.569573923946,6000.202843546868,5862.849752604962,5849.096191674472,5839.179590437562
6500.0,5639.382341876627,6006.14371597767,5862.853763997556,5849.476271122695,5839.464023243637
7400.0,5621.105183660985,6004.739728569985,5862.860783934594,5847.047874331475,5833.93839262426
6000.0,5628.612254187466,6005.484844744206,5862.855769693852,5845.6398755311975,5835.6481860391805
9000.0,5652.849338948728,6014.782751351596,5862.84824833274,5848.210175335408,5844.672628492118
7000.0,5636.449261754752,6010.756817460061,5862.843234091998,5845.8961032331,5838.986354134978
5000.0,5653.071720525623,6010.9523728489885,5862.855769693852,5845.5761946737775,5843.11401443556
7000.0,5662.9284642636785,6016.57484099269,5862.869308143855,5848.79433438182,5847.791736945511
7000.0,5669.419649615885,6011.881010234357,5862.834709882737,5844.166691601277,5847.075515333564
3000.0,5648.769251257182,6011.63380816579,5862.846744060517,5845.382143557073,5842.15798676014
6000.0,5633.585378155113,6017.498464137317,5862.864293903113,5848.540613800288,5840.622187498958
6300.0,5600.051138922573,6009.115155041219,5862.849251180888,5846.8342676758775,5829.712453205139
6000.0,5620.316443592311,5999.688382446767,5862.84223124385,5845.345038175584,5832.048023864628
7000.0,5638.895709812642,5994.7508595883855,5862.858778238297,5845.460365712644,5835.491428337992
6000.0,5654.863058030606,5994.494631886483,5862.851758301259,5845.492958277465,5839.425601623953
7000.0,5690.205933898688,6004.601836949588,5862.840726971627,5847.428956627847,5851.2693636119375
7000.0,5693.570238724352,6007.006666809321,5862.851256877185,5847.289059311152,5852.679305430503
6800.0,5656.406692042948,6010.944350063802,5862.852761149407,5846.41758427024,5844.155346881599
7500.0,5643.147284537555,6016.099992394448,5862.839222699405,5846.704900264741,5842.197849974037
7500.0,5648.020625114442,6016.352710127831,5862.849251180888,5847.0574013888845,5843.5699969530115
7000.0,5639.150182530285,6015.8021464943895,5862.840726971627,5846.8051850795755,5841.149560268969
6500.0,5654.4463746249685,6017.139444500209,5862.831701338292,5846.9937205314645,5845.3528102487335
3000.0,5652.40081511438,6012.134730815888,5862.85426542163,5846.410062909127,5843.449968565256
6600.0,5659.033903479577,6017.533563822509,5862.857273966075,5849.293251335622,5847.179498150946
4000.0,5638.9318123459825,6007.1751452982435,5862.849752604962,5845.772752910853,5838.68236579001
6500.0,5669.809757545591,6008.338449150325,5862.871313840152,5848.256306350232,5847.318956721575
6400.0,5642.702019959689,6009.5203056931505,5862.8387212753305,5847.808534651996,5840.717395395041
3000.0,5644.98400092125,6007.767327129842,5862.858276814223,5848.238255083562,5840.961964987219
6500.0,5635.084886848927,6014.175526797772,5862.8678038716325,5850.3041222691545,5840.608084946872
7000.0,5616.316082328559,6007.042769342662,5862.863792479039,5848.014619946481,5833.559316024185
7500.0,5644.340423122049,6006.328240036965,5862.8502540290365,5847.285047918559,5840.2009912766525
4000.0,5641.6507843881855,6004.996457695962,5862.84824833274,5846.61464393139,5839.027533587069
6500.0,5656.1885725706825,6011.588679999114,5862.858276814223,5848.789821565152,5844.856337737293
6000.0,5633.332409709693,6009.733912348748,5862.85426542163,5848.344055563212,5838.566160760821
3000.0,5627.109987661243,6005.526462942363,5862.834709882737,5846.640216559173,5835.527844261379
6800.0,5644.399591162802,6007.024718075992,5862.869308143855,5849.712943285705,5841.001640167088
7600.0,5621.2836906313905,6001.08384564519,5862.853763997556,5847.373799979688,5833.148775063456
2500.0,5633.807007595898,5996.766082942487,5862.837217003108,5845.406713336707,5834.70425521955
7000.0,5668.518339842559,6000.979048013688,5862.8617867827425,5848.778288811446,5845.284365862609
7000.0,5626.2347519397745,5991.0749197006235,5862.8417298197755,5845.781277120114,5831.483169645072
3000.0,5645.836421847344,5985.555243492127,5862.851758301259,5844.684161245824,5834.731896221639
6000.0,5655.047080665828,5997.64006510377,5862.85426542163,5848.146494477988,5840.921976417304
7400.0,5636.127096787096,5992.1359330415735,5862.849752604962,5845.427773147822,5834.1351388953635
4000.0,5651.958809792996,5988.206773996354,5862.857273966075,5843.8919112086305,5836.728692241014
2500.0,5676.3443160802135,5998.123437911273,5862.857775390149,5847.531748563052,5846.214319486172
2500.0,5675.292829796673,6009.219451248647,5862.868806719781,5851.070799678565,5849.612971860916
6000.0,5659.023122861982,6015.131241083146,5862.868305295707,5851.514559984208,5847.134307306261
6500.0,5620.277332514525,6009.506265819074,5862.8357127308855,5847.585400938989,5835.051178000868
6000.0,5612.509020045401,6005.3218819201,5862.858778238297,5846.5329118073,5831.805648002774
5000.0,5601.356596499682,6003.9544984698305,5862.840726971627,5844.973482936622,5828.28132621944
6000.0,5643.376435339452,6006.350804120303,5862.858778238297,5845.751191675664,5839.584302343429
7500.0,5665.014388412238,6011.550571769477,5862.8417298197755,5846.0224620997915,5846.3572880253205
5000.0,5677.551243826748,6010.252886265517,5862.839724123479,5845.356069505216,5848.99998093024
7200.0,5664.875744655729,6013.076405227185,5862.868305295707,5847.068432718516,5846.972221974284
6700.0,5653.323686122895,6009.301183372737,5862.83270418644,5841.820026934148,5841.819400154055
5000.0,5661.239417269827,6010.388772189618,5862.835211306811,5842.280835658313,5844.186059106142
7400.0,5664.398639649154,6008.061663061381,5862.863291054965,5844.876708090306,5845.0500754639515
2500.0,5628.34424301982,6005.262713879348,5862.855268269778,5844.15014460683,5835.153092443944
7400.0,5656.807329878212,6017.647387087346,5862.868806719781,5847.9444205760965,5846.316986065359
6500.0,5645.924171060325,6014.537554979325,5862.858778238297,5846.293732523919,5842.403559200467
7000.0,5663.55649791658,6021.935565769673,5862.863792479039,5847.0283187925825,5848.846043739469
6500.0,5654.342830553652,6030.2963107824335,5862.84824833274,5848.219200968743,5848.926647659392
2500.0,5647.339189797641,6030.912059545518,5862.839222699405,5847.074951231481,5847.041355818511
7400.0,5655.922316387297,6031.721358001233,5862.860783934594,5848.767257481814,5849.8179289512345
6500.0,5619.289527088405,6009.38090980053,5862.843735516072,5838.987983763219,5832.6255390420565
7000.0,5624.363186582924,6003.285598754884,5862.861285358668,5840.390968322755,5832.725259754808
7000.0,5642.554350569845,6008.336944878102,5862.8502540290365,5843.012413382531,5839.188490714879
6600.0,5647.165195643903,6015.109679847957,5862.842732667924,5844.439967721702,5842.389393970371
6500.0,5642.10131391883,6018.315283954144,5862.84223124385,5844.017768651248,5841.819149442018
2000.0,5632.6238974928865,6016.290533542634,5862.852761149407,5843.913973867894,5838.9202915132055
5200.0,5642.840162292124,6018.298736959697,5862.863291054965,5846.912991255523,5842.728795390577
2500.0,5646.255110949279,6013.324108719827,5862.86028251052,5848.178585618735,5842.65452194959
7600.0,5664.377579838038,6014.371583610774,5862.860783934594,5849.650766700507,5847.815178520978
6000.0,5622.106026113034,5996.674322336913,5862.845239788295,5844.246919453145,5831.468126922847
7500.0,5645.717082917691,5987.27863803506,5862.839222699405,5842.996367812158,5834.707827866078
4000.0,5647.128842398525,5983.332430571319,5862.8357127308855,5842.875524610282,5834.043127577753
6500.0,5672.439225390554,5992.978325486184,5862.869809567929,5845.98986953497,5843.5693074949095
6000.0,5634.567667916418,5998.755733668805,5862.855268269778,5844.732297956944,5835.227741952986
7500.0,5643.9437966793785,6001.016654819251,5862.841228395701,5844.695192575456,5838.124218117447
5000.0,5634.656921401621,5998.656953126193,5862.851758301259,5843.859318643809,5835.0062378682205
7500.0,5652.117510512472,6005.016013234855,5862.837217003108,5845.209152251483,5841.294973250479
6500.0,5642.1030689030895,6002.089702337981,5862.845741212369,5844.728787988425,5837.941825110466
2500.0,5655.259684473277,6003.283593058587,5862.854766845704,5845.907134562732,5841.826294735075
6200.0,5674.103702604772,6016.0989895463,5862.865296751262,5849.51538220048,5850.645842775703
7000.0,5660.062324255706,6014.071732014419,5862.85426542163,5848.23324084282,5846.305390633644
6500.0,5653.119105100633,6009.5203056931505,5862.8532625734815,5846.014940738679,5842.876903526486
7500.0,5638.884177058936,6009.068522602321,5862.842732667924,5844.997049868108,5838.948120549322
7000.0,5645.7905415445575,6004.253347218038,5862.8417298197755,5844.386816769839,5839.3181088380525
7000.0,5652.2218067199,6001.860551536084,5862.83019706607,5843.693848699332,5840.1516010053465
6500.0,5653.082751855255,5995.911656320096,5862.849752604962,5842.608265578748,5838.613106589765
4000.0,5643.018919974566,5993.995714932681,5862.845741212369,5842.177040874959,5835.509354248644
7000.0,5673.44809062779,6000.188302248717,5862.862789630891,5846.451681107284,5845.7377159036705
4000.0,5642.205860838295,6001.045737415553,5862.8417298197755,5845.169539749623,5837.815716955812
7000.0,5671.886405348779,6004.0502704679975,5862.871313840152,5848.064260929824,5846.718062646688
7000.0,5632.459681108595,6005.302326381207,5862.85426542163,5846.745014190675,5836.840321775527
4000.0,5646.580785885454,6005.936126410962,5862.861285358668,5846.872375905515,5840.56264339015
7000.0,5656.097062677146,6017.833415418864,5862.858276814223,5849.555496126414,5846.586062759162
7000.0,5635.541433468462,6013.249396532775,5862.827689945699,5846.579544246198,5839.549516048283
7000.0,5633.19150954485,6007.650996744634,5862.8502540290365,5844.624491780997,5837.079313024879
7000.0,5646.760797128082,6006.334257125855,5862.847746908666,5844.380799680949,5840.080900210888
5000.0,5647.6197365671405,6009.219952672721,5862.855769693852,5845.145972818137,5841.210357937963
7000.0,5667.677953094245,6016.163673251868,5862.847245484591,5846.546450257302,5848.308830522002
6500.0,5666.105988621713,6014.465349912644,5862.833205610515,5845.389163494111,5847.198426909746
5000.0,5650.041614845396,6005.774667859078,5862.837217003108,5843.641700595618,5840.5738000758
7000.0,5635.510345175863,5996.030493825675,5862.848749756814,5843.172367662192,5834.390489105136
6000.0,5649.4865383952865,5989.680459350348,5862.849752604962,5842.732618749143,5836.187342274935
7500.0,5666.942865401507,5991.321118921042,5862.849752604962,5843.18289756775,5841.0741586238155
7000.0,5665.120188891889,5993.930028378964,5862.825182825328,5843.038487434388,5841.228471882642
6300.0,5651.922957971693,5990.296208113433,5862.8532625734815,5842.789781093598,5836.965552438051
7600.0,5632.045003399254,5990.6025782227525,5862.845239788295,5843.337837606669,5832.207664754243
6000.0,5634.810357168318,5987.087094038726,5862.8357127308855,5842.818362265826,5831.887881550939
5000.0,5664.308884739877,5988.835058361293,5862.849752604962,5844.287033379079,5840.070182271303
6600.0,5662.296168506146,5988.30003887415,5862.852259725333,5845.412229001523,5839.715174026788
7000.0,5635.755792260171,5987.503777444364,5862.859781086446,5844.944901764394,5832.7660631388435
2500.0,5633.280512318016,5989.68547359109,5862.840726971627,5844.72577944398,5832.633123081178
4000.0,5688.037024065853,5999.301784485579,5862.868806719781,5849.533934891225,5849.93538754061
6000.0,5643.076082319022,5998.424292355777,5862.86028251052,5849.08516034484,5838.36145438254
8000.0,5638.578559085728,5989.8343965411195,5862.842732667924,5846.132273972035,5834.346990566702
6000.0,5639.406410232187,5979.234291613103,5862.839222699405,5843.576515465976,5831.264110002668
6000.0,5637.6243490725765,5978.087534755469,5862.838219851256,5843.441632390023,5830.497934017331
3000.0,5634.874288737775,5981.725867837668,5862.845741212369,5844.731295108796,5831.044298224152
6000.0,5639.658877253533,5995.241753757001,5862.856271117927,5847.861184179784,5836.404521577061
6000.0,5610.597340762616,5990.311752259732,5862.844738364221,5844.6194775402555,5827.093327231706
7000.0,5634.822391346098,5985.862616449595,5862.848749756814,5842.266294360162,5831.450012978167
6700.0,5660.273925215007,5984.455119073392,5862.839222699405,5841.911286115647,5837.369888275863
6500.0,5675.5588352680215,5987.959571927787,5862.847746908666,5841.784927248956,5842.037770338357
6500.0,5666.23009108007,5998.837967216969,5862.856772542001,5842.9788179695615,5842.7259122021505
6000.0,5642.942703515292,6009.093593806029,5862.844738364221,5844.149141758681,5839.757544361056
3000.0,5654.402249306441,6018.047523498536,5862.857273966075,5846.927532553674,5845.5586448311815
3000.0,5648.222448304296,6030.967216193677,5862.854766845704,5849.112237244845,5847.789167147131
6400.0,5630.433927848936,6029.087878763677,5862.866801023484,5848.226220905782,5842.65370713547
7000.0,5616.055592522026,6019.020787626506,5862.855769693852,5846.5329118073,5836.116265412421
6800.0,5626.53886564076,6013.074900954963,5862.845239788295,5845.417243242265,5836.969062406571
5000.0,5639.485133811832,6009.113149344922,5862.841228395701,5844.554793834687,5838.998576346786
6000.0,5670.276332646609,6008.055645972491,5862.859781086446,5846.513356268407,5846.926278993488
7500.0,5641.9147841632375,6007.095920294524,5862.857273966075,5845.724616199733,5839.398148655892
7000.0,5641.814499348403,6004.178133606912,5862.851256877185,5844.926349073649,5838.442559726537
6400.0,5656.4437974244365,6007.106450200082,5862.857273966075,5845.921675860883,5843.082299362869
8000.0,5663.414093479515,6018.4952951967725,5862.859781086446,5848.879576474429,5848.412186559291
6000.0,5637.452109903098,6013.610923290254,5862.847746908666,5842.042157799006,5838.988234475256
6600.0,5623.708076030017,6015.2570985257635,5862.859279662372,5843.642202019692,5836.366664059461
5000.0,5623.3447942882785,6018.870861828328,5862.847746908666,5844.176218658687,5837.30990542099
5000.0,5660.9526026994,6026.637920737267,5862.868305295707,5847.505173087121,5849.491000454874
7000.0,5649.0314960479745,6033.89954417944,5862.854766845704,5849.408578872682,5848.79859648645
6800.0,5652.175424993039,6031.5428510308275,5862.850755453111,5848.208671063186,5848.694425635041
4000.0,5641.787923872472,6028.832152485848,5862.842732667924,5846.324820816518,5844.94690746069
6000.0,5671.4163202792415,6028.734876215459,5862.871313840152,5848.360101133586,5852.8456528671095
3000.0,5653.753155842424,6024.802708625794,5862.862789630891,5848.078300803901,5847.374238725753
3000.0,5683.571341261269,6031.623580306769,5862.857273966075,5850.353763252498,5857.101489696653
5800.0,5670.290623232723,6026.495014876128,5862.871313840152,5850.906332582236,5852.64082113281
7000.0,5626.768016442657,6015.191913396121,5862.86028251052,5848.094847798348,5838.228765036912
7000.0,5627.553998678924,6007.130518555642,5862.85426542163,5845.440810173751,5835.744898207487
6000.0,5639.768689125777,6002.49685868621,5862.84223124385,5843.828731775285,5837.23412770778
6000.0,5670.1000820845375,6002.096220850945,5862.848749756814,5845.537585020066,5845.145659428091
6200.0,5635.309775546194,5999.3223428726205,5862.834208458663,5844.42291930318,5835.472311545164
4000.0,5637.275859341026,5996.441661566497,5862.8532625734815,5844.717255234719,5835.322009678931
6500.0,5664.175756648184,5999.101716279984,5862.868806719781,5847.200307250024,5843.336646724493
7000.0,5648.84772412479,5999.546479433776,5862.860783934594,5847.289059311152,5839.636011701078
6200.0,5667.265281081201,6004.121974110604,5862.852259725333,5847.299087792636,5845.3846506774435
6000.0,5659.826905652882,6008.81129205227,5862.840225547553,5847.087486833335,5844.64147752151
6500.0,5638.987470418216,6004.842520505191,5862.858276814223,5846.605618298055,5838.323471508921
3000.0,5627.612665295602,6002.242636680604,5862.83621415496,5845.597755908967,5834.572318010033
6500.0,5660.101184621454,6004.916731268168,5862.865798175336,5847.715771198274,5843.899871315808
6500.0,5634.994630515576,5997.136635333301,5862.8502540290365,5845.679989457131,5835.165377333761
6500.0,5642.685974389316,5988.052335381509,5862.848749756814,5843.703877180816,5834.3227341771135
4000.0,5653.600221499802,5988.501611351968,5862.852761149407,5845.4252660274515,5837.594965007157
7000.0,5669.796720519663,5994.374290108682,5862.84824833274,5847.141139209271,5843.540099542589
5000.0,5643.150042369963,5991.060378402472,5862.8417298197755,5844.994041323663,5835.511547978968
7000.0,5644.774405658246,5985.080394893886,5862.846242636443,5843.101666867734,5833.950677514077
6000.0,5638.669066131116,5981.01234138012,5862.856271117927,5843.223011493684,5831.440172530712
6300.0,5666.984734311701,5993.925014138223,5862.858778238297,5846.720945835114,5842.622368130834
6000.0,5673.095589503647,6004.002635180951,5862.8417298197755,5847.412409633399,5846.838091034443
7000.0,5671.210736408831,6012.656211853028,5862.860783934594,5847.236409783364,5848.491035494954
6000.0,5635.55622547865,6016.397838294507,5862.856271117927,5845.708069205285,5840.129601024092
6800.0,5637.216691300274,6022.8000208735475,5862.856772542001,5846.9907119870195,5842.46604917571
6500.0,5645.27056477964,6022.541286051274,5862.844738364221,5845.943237096072,5844.149956572802
7500.0,5663.093182072044,6022.377821803094,5862.859279662372,5845.269824564458,5848.400027025492
5000.0,5643.43334697187,6025.015312433244,5862.841228395701,5845.502485334874,5844.198093283922
6400.0,5659.059977531434,6028.489679843188,5862.864293903113,5847.964978963138,5849.594732560218
7000.0,5651.128451526166,6031.308685988189,5862.85426542163,5848.8344483077535,5848.5314628109345
7500.0,5652.174171432854,6029.4499069452295,5862.852761149407,5847.030324488879,5847.876791004092
5000.0,5653.866477683187,6023.065775632859,5862.845741212369,5845.99588662386,5846.443470288069
3000.0,5661.043109744788,6022.077468782664,5862.869308143855,5848.133958876134,5848.53096138686
6000.0,5661.551303043962,6028.728859126569,5862.86028251052,5851.01012736559,5851.03764301166
6500.0,5650.23315884173,6020.169550180436,5862.865798175336,5849.607644230128,5845.719037856908
6000.0,5645.189083367587,6013.492085784675,5862.8502540290365,5847.520215809346,5842.262909747661
6800.0,5665.3894536197195,6012.778057903052,5862.8532625734815,5848.085320740939,5847.276523709298
5000.0,5648.49146232009,6010.5261623859415,5862.8417298197755,5846.42360135913,5842.070738971234
7500.0,5661.682174727322,6007.9287856817255,5862.851758301259,5846.921014040709,5844.845933187754
6800.0,5626.656198874117,5998.813397437335,5862.851758301259,5845.392172038556,5833.428381662817
6500.0,5649.089661240579,5993.68433058262,5862.856772542001,5844.574850797654,5837.551403790713
4000.0,5665.48321992159,5997.588919848205,5862.8532625734815,5845.685003697873,5842.902601510287
6800.0,5680.4607570171365,6004.2849369347105,5862.857273966075,5846.961127966643,5848.641023971141
7000.0,5665.512803941966,6001.1049054563055,5862.853763997556,5845.508502423764,5843.744993954898
6400.0,5644.846610724927,6001.548164337874,5862.84223124385,5844.786451756955,5838.5058645159015
6500.0,5638.947857916356,6001.488494873048,5862.849251180888,5843.2164929807195,5836.625524237753
7000.0,5638.458718732,6002.024517208339,5862.842732667924,5843.47974061966,5836.701427306981
6000.0,5632.42307715118,5997.266504168511,5862.836715579034,5842.768219858409,5833.823629189284
8000.0,5640.065782889725,5998.163551837207,5862.857775390149,5844.32564303279,5836.353188287468
6500.0,5640.316996350885,5999.824769794942,5862.830698490144,5844.427432119847,5836.849974188955
2000.0,5668.4506475925455,6006.096582114697,5862.83621415496,5845.337516814471,5845.680240169168
4000.0,5667.620289325715,6006.125664710999,5862.855268269778,5846.9500966370115,5845.887829735876
6000.0,5628.511718660594,5997.696224600078,5862.864293903113,5846.69035896659,5833.940649032594
6500.0,5630.355204269291,5993.030975013972,5862.8532625734815,5846.828752011062,5833.267048466952
7000.0,5646.311521157623,5991.499124467374,5862.858778238297,5846.801173686982,5836.867649387569
6600.0,5642.968276143075,5989.5124822855005,5862.8417298197755,5844.9614487588415,5835.070984251798
7000.0,5656.690999493004,5992.191591113807,5862.838219851256,5844.7413235902795,5839.115533512087
7000.0,5640.984642505647,5991.316606104375,5862.851758301259,5843.319786339999,5834.61819831282
7000.0,5648.298664763571,5996.477262675763,5862.8502540290365,5843.44363808632,5837.767454888673
5400.0,5681.148961558939,6005.249175429345,5862.85426542163,5845.795818418265,5848.762055207045
7000.0,5687.572705373169,6018.441642820836,5862.858276814223,5847.525731474162,5854.099589120598
6800.0,5656.939204409719,6021.993730962277,5862.832202762366,5844.755864888431,5846.630250755698
6000.0,5657.412298023702,6011.9466967880735,5862.840726971627,5842.109348624946,5843.577267602087
6400.0,5639.304119721056,6008.18050056696,5862.851256877185,5842.347525060178,5838.170850556345
6000.0,5642.540310695768,6003.420481830836,5862.854766845704,5842.411205917598,5837.806691322477
6500.0,5645.806587114931,6001.803890615703,5862.86028251052,5842.550601810218,5838.255340512843
6000.0,5658.720764145256,6002.914544939996,5862.858778238297,5842.542579025031,5841.759166587145
6000.0,5658.973231166602,6009.263576567174,5862.838219851256,5843.021439015866,5843.524116650225
7000.0,5647.669126838447,6007.863600552083,5862.859781086446,5843.084117025138,5840.369156375528
2000.0,5630.131067708136,6007.664535194636,5862.833707034589,5842.592220008374,5835.805382486434
6000.0,5656.98734112084,6006.839692592622,5862.863291054965,5843.916480988265,5842.651701439173
6000.0,5624.3767250329265,5997.937409579755,5862.856772542001,5842.055696249009,5831.806650850923
7000.0,5665.433829650284,5994.5507913827905,5862.850755453111,5842.849951982499,5841.421332117171
7000.0,5651.540371403099,5996.4396558702,5862.844738364221,5842.807832360269,5838.408149499447
6000.0,5656.524275988341,6001.906181126834,5862.865798175336,5844.453506171704,5841.437440365554
3000.0,5625.7217951118955,6001.941280812026,5862.8502540290365,5842.772732675076,5833.321515657009
6000.0,5670.8509646356115,6008.660864830018,5862.858276814223,5845.078280568124,5846.862096711994
7000.0,5627.719719335438,6000.234934687615,5862.83621415496,5842.035639286042,5833.206626866014
6000.0,5640.32777696848,5991.190247237683,5862.851256877185,5840.670762956143,5833.760011009873
6000.0,5643.995192646981,5991.6605830192575,5862.8617867827425,5841.544243693353,5835.015451535583
7000.0,5666.661315783859,5996.593091636897,5862.847746908666,5842.3264652490625,5842.107154894621
4000.0,5693.647207319737,5998.679015785457,5862.8502540290365,5842.5526075065145,5849.432271160186
5000.0,5669.472299143673,6000.528769195081,5862.859279662372,5843.88940408826,5844.187438022346
6000.0,5640.6943179667005,6000.7744669914255,5862.869809567929,5845.523043721915,5837.465409561993
5000.0,5648.571940883995,6002.390055358411,5862.858778238297,5846.241082996131,5840.0154643692085
4000.0,5658.329653367401,6002.309827506543,5862.856271117927,5845.962792634965,5842.364636156709
6500.0,5650.228144600988,6004.938292503358,5862.857775390149,5845.253778994084,5840.819497872145
6500.0,5631.8238753825435,5993.768569827081,5862.849251180888,5842.404185980559,5832.711470592768
7000.0,5643.423819914461,5992.237220704556,5862.852259725333,5842.998373508454,5835.377918463201
7000.0,5667.5754118710765,5993.845789134503,5862.855769693852,5843.476230651141,5841.938300337643
4000.0,5663.439916819335,5997.73734137416,5862.851758301259,5842.883547395469,5841.728140972556
7200.0,5664.616257697345,6008.605206757785,5862.864293903113,5845.798325538636,5845.47102097422
7500.0,5639.104302227498,6006.881812214852,5862.8502540290365,5843.898931145669,5838.183824904264
7200.0,5649.200475960971,5994.072934240104,5862.8417298197755,5836.28931939602,5835.6011148542175
6000.0,5651.756986603142,5991.987511515618,5862.850755453111,5837.424042075873,5836.004823911936
7500.0,5647.239657118917,6000.878763198853,5862.8502540290365,5840.745475143195,5837.928537372501
6000.0,5629.665244743229,5999.773624539376,5862.84824833274,5839.898068457843,5833.046296518297
7000.0,5650.252212956549,6004.298976808787,5862.859279662372,5842.736630141736,5840.036774892361
7000.0,5654.79987859726,6009.331268817187,5862.854766845704,5843.653233349324,5842.659786902369
7200.0,5670.284104719759,6013.269453495742,5862.857273966075,5843.453666567803,5847.466124687345
6500.0,5680.89499026537,6009.547382593156,5862.832202762366,5838.651528209449,5847.981525957585
3000.0,5653.960996121169,6010.156111419202,5862.855268269778,5839.913111180068,5841.721371747554
6500.0,5649.5502192527065,6020.645401626826,5862.863792479039,5844.0774381160745,5844.284212868662
7500.0,5627.106979116798,6017.227695137263,5862.861285358668,5842.094807326795,5837.322691734881
6000.0,5641.134317591787,6017.079775035382,5862.851758301259,5842.38864183426,5840.863623190672
7000.0,5655.752333626152,6020.335020124913,5862.857273966075,5843.827227503062,5845.692963805051
6500.0,5677.372486144305,6020.575202256442,5862.852259725333,5843.833746016026,5851.158423535527
7000.0,5674.393776431681,6020.415247976781,5862.85426542163,5843.846281617881,5850.377392861993
6000.0,5662.174322456122,6018.036492168904,5862.84223124385,5842.197097837926,5846.312535926701
8000.0,5664.44201283157,6011.334457993508,5862.8387212753305,5841.359218209983,5844.993602577598
5000.0,5643.975637108088,6002.7400493621835,5862.840225547553,5840.675275772811,5837.557796947659
6000.0,5664.519232138992,6003.922407329083,5862.847746908666,5842.5160035491,5843.45134748146
7500.0,5658.084958419205,6003.265040367843,5862.83270418644,5842.123388499022,5841.5765228681275
6600.0,5662.385421991349,5998.083323985339,5862.839724123479,5841.50663688779,5841.203776746989
7000.0,5658.167191967369,5998.430810868741,5862.8417298197755,5840.663241595031,5840.025743562729
7000.0,5659.534826129676,5997.772942483426,5862.843234091998,5840.348848700524,5840.124962851406
7000.0,5661.777445301414,5994.365765899421,5862.847746908666,5839.544564485551,5839.633880648763
7500.0,5676.792589202524,5994.332170486451,5862.86028251052,5840.987662971021,5843.743176292629
7000.0,5677.045306935907,6000.357783585788,5862.851758301259,5842.472379654647,5845.6818071194
6500.0,5691.873168945313,6009.895370900632,5862.850755453111,5843.88338699937,5852.125670574606
6000.0,5671.479750424624,6018.225027620793,5862.84824833274,5844.184241443873,5849.184316955508
5000.0,5637.524816393853,6018.167865276338,5862.839222699405,5842.9642766714105,5840.3740452602515
6000.0,5638.952621445061,6016.054864227773,5862.858778238297,5843.340846151114,5840.301777515561
2500.0,5655.90225942433,6019.359248876573,5862.859279662372,5843.586543947459,5845.426832977683
6000.0,5675.572123005987,6030.622236430646,5862.859781086446,5846.588068455459,5853.910552244634
7500.0,5640.586010366679,6024.625204503537,5862.86629959941,5845.211659371854,5843.32229346037
6500.0,5640.783320739866,6021.493309736253,5862.843735516072,5843.542920053006,5842.165821511299
7000.0,5654.664995521308,6018.13928410411,5862.84223124385,5842.00655668974,5844.413266889752
6400.0,5664.788998290897,6012.153283506633,5862.854766845704,5842.090795934201,5845.471961144359
6500.0,5659.938472509385,6012.880348414184,5862.852761149407,5843.197438865901,5844.717255234719
6500.0,5660.001150518657,6014.169509708882,5862.8357127308855,5842.941712588073,5844.987021386624
6200.0,5665.184120461346,6009.445593506099,5862.847746908666,5842.3525393009195,5844.957500044257
4000.0,5650.2604864537725,6005.382554233075,5862.843234091998,5841.625474393369,5840.027937293054
6000.0,5652.284484729172,6003.640606999398,5862.847746908666,5842.4402885139,5840.303281787784
7000.0,5637.590001523496,5994.308102130891,5862.86028251052,5841.51867106557,5834.069264307619
6500.0,5649.528156593443,5988.10899630189,5862.840726971627,5840.417042374612,5835.223730560393
5000.0,5675.929387658835,5988.475537300111,5862.858778238297,5842.244733124972,5842.377109080554
4000.0,5673.001321777702,5995.148488879205,5862.846744060517,5843.118715286256,5843.52881750092
7500.0,5687.683770805598,6002.976220101119,5862.8678038716325,5846.468228101731,5849.99900572002
7000.0,5642.007798328997,6004.495033621789,5862.846744060517,5845.401699095965,5838.687818776817
6000.0,5651.975607499481,6007.763817161323,5862.856772542001,5844.36525553465,5841.740363184364
6800.0,5668.163582310081,6014.057692140342,5862.852259725333,5845.307932794095,5847.595366742463
2000.0,5651.548644900323,6011.978787928821,5862.84824833274,5843.48575770855,5842.465359717608
3000.0,5670.835671201349,6014.301885664464,5862.856772542001,5845.430781692267,5848.35627777502
7000.0,5663.397045060993,6012.589522451163,5862.855769693852,5846.185424923898,5846.256940532477
6700.0,5625.355504825712,5993.931031227113,5862.859781086446,5841.68815240264,5830.958617385478
7600.0,5645.24474143982,5990.766543895007,5862.849752604962,5840.468187630177,5834.832306392492
7000.0,5674.54094439745,5991.505141556264,5862.8357127308855,5840.60908779502,5842.372721619905
6500.0,5683.527466654778,5993.406541645528,5862.851256877185,5840.954067558051,5845.1848331838855
7500.0,5669.976230338217,6000.600472837687,5862.858778238297,5841.348688304425,5843.696042429657
7500.0,5654.076072946192,6006.627590209247,5862.837217003108,5841.646534204484,5841.296853590758
3000.0,5656.629073619843,6008.269252628089,5862.841228395701,5842.020095139743,5842.439912445844
6000.0,5676.8342074006805,6017.958771437407,5862.868806719781,5846.18091210723,5850.960674416275
8000.0,5637.852246314288,6019.013266265393,5862.853763997556,5845.758211612702,5841.369372047485
6500.0,5631.111101061107,6008.205070346595,5862.834208458663,5842.122887074948,5836.068316735328
7000.0,5648.940989002586,6001.118443906308,5862.848749756814,5840.002364665271,5838.227636832745
7000.0,5651.555915549398,5999.879425019027,5862.83621415496,5840.584016591311,5838.713892828674
6500.0,5649.103199690581,5995.938231796027,5862.840225547553,5839.829874783755,5836.927882954479
7000.0,5647.929115220905,5993.980170786382,5862.83621415496,5839.984814822675,5836.18257874623
2500.0,5644.600662216545,5987.993167340756,5862.851256877185,5839.225658774377,5833.667686302216
7000.0,5679.0838465094575,5999.515391141177,5862.866801023484,5843.736469745637,5846.300627104939
3000.0,5665.360872447492,6002.7224995195875,5862.839724123479,5843.1237295269975,5843.511706404389
7800.0,5684.273334965111,6008.963223546744,5862.865296751262,5844.779933243991,5850.220447126777
6000.0,5635.648487508298,6006.315704435111,5862.85426542163,5842.612778395415,5836.8578089401135
6600.0,5656.482657790185,6014.463845640422,5862.856772542001,5844.081950932742,5844.471306726337
6600.0,5648.934219777585,6022.181764990092,5862.862789630891,5844.996548444034,5844.74383071065
6500.0,5655.641268193723,6029.32254523039,5862.840225547553,5844.596412032844,5848.100112751127
6500.0,5644.400844722987,6028.461600095035,5862.852761149407,5842.241223156453,5844.4891072809705
6000.0,5628.920629993082,6026.503037661315,5862.84824833274,5840.783081948758,5839.763749483974
6800.0,5654.8377361148605,6027.688905596734,5862.857775390149,5843.313267827035,5847.174421232195
6000.0,5645.58721408248,6026.170593500138,5862.845239788295,5842.176038026811,5844.194771349431
7600.0,5669.463022798301,6021.741013228894,5862.833707034589,5841.75785034895,5848.9488983526835
6000.0,5647.078699991108,6012.406001240016,5862.84223124385,5840.173851698638,5840.625196043403
6300.0,5657.270645722748,6007.69261494279,5862.8387212753305,5840.504791587592,5842.076693382115
6500.0,5658.389573544265,6006.168787181378,5862.839724123479,5841.49109274149,5842.222294397653
7000.0,5665.559687092901,6006.439556181432,5862.845239788295,5840.725418180228,5843.892475310714
7400.0,5653.753907978536,6006.871783733369,5862.84824833274,5840.120199322701,5840.898534841836
6000.0,5661.905559152366,6011.425215750934,5862.856772542001,5840.555435419084,5844.185745716096
6500.0,5683.282019570471,6024.776634573937,5862.851758301259,5844.053871184588,5853.741070907564
4000.0,5676.949284225703,6027.729019522668,5862.845239788295,5843.833746016026,5852.839322388173
5000.0,5681.638852879406,6027.117783576251,5862.863291054965,5845.144969969989,5854.191224370153
2500.0,5650.952702388168,6023.3390517532835,5862.860783934594,5846.745515614749,5845.974513422699
6500.0,5653.268780186773,6025.380349159242,5862.869809567929,5847.890266776086,5847.3523014225075
6000.0,5640.4478680342445,6019.116559624673,5862.846744060517,5845.027135312558,5841.859576757998
6200.0,5635.36518290639,6012.271118164063,5862.849752604962,5844.000218808652,5838.621568121017
5000.0,5610.738742351533,6006.204889714719,5862.840225547553,5842.174533754588,5830.489597842098
5000.0,5641.375753283502,5998.803870379926,5862.869308143855,5842.654396593572,5836.4258321002135
6500.0,5673.779531940819,5999.338388442994,5862.865296751262,5844.9614487588415,5845.236166473479
7500.0,5693.975640088321,6000.125624239446,5862.840225547553,5844.286531955005,5850.307005457581
3000.0,5675.962481647731,5992.873026430608,5862.851758301259,5842.130909860135,5843.454544059933
7000.0,5667.113349586726,6000.642592459918,5862.859279662372,5845.226200670005,5843.960355594755
7000.0,5640.284403786064,5996.652761101724,5862.848749756814,5844.333665817977,5836.029895115645
7000.0,5645.052946731449,5992.124901711942,5862.84223124385,5841.768380254508,5835.447114985437
6500.0,5664.131129905582,5989.366066455842,5862.856271117927,5841.856129467488,5839.55239923671
7000.0,5674.878402799369,5991.698691248895,5862.856271117927,5843.280675262214,5843.178510107101
7500.0,5685.013687610627,6000.034365057946,5862.832202762366,5843.737974017859,5847.9045573622
6000.0,5668.583023548127,5993.054541945458,5862.8417298197755,5842.157485336066,5841.659195162357
4000.0,5648.043941333891,5991.913300752641,5862.8417298197755,5841.429919004441,5836.057222727687
6600.0,5658.07843990624,5993.6462223529825,5862.857775390149,5842.450818419457,5839.258314017207
6400.0,5648.145981132985,5990.058031678201,5862.859781086446,5841.8791949749,5835.735747218133
4000.0,5664.538286253811,5994.5593155920515,5862.85426542163,5843.522863090039,5841.368682589383
6000.0,5671.662018075586,6004.822964966298,5862.8723166883,5846.635202318431,5846.498125512154
6000.0,5645.148217305542,6009.846732765437,5862.843234091998,5845.585721731187,5840.855976473541
7500.0,5656.724344193936,6003.585450351239,5862.84223124385,5843.359900265933,5841.6279815137395
7000.0,5622.482344880701,5996.3478952646265,5862.8387212753305,5841.211298108102,5830.72006488219
5000.0,5624.365442991258,5994.407384097577,5862.8357127308855,5840.309737622739,5830.479569360615
7000.0,5650.436486303807,5991.114532202483,5862.868305295707,5841.899251937867,5836.579643934966
6500.0,5648.804100230337,5989.288847148419,5862.8387212753305,5841.50663688779,5835.609576385469
6500.0,5686.943167448045,5993.404034525157,5862.850755453111,5842.9091200232515,5846.526769362391
7500.0,5668.313508108259,5997.760908305646,5862.8532625734815,5843.584036827088,5843.127928953619
7000.0,5648.093582317234,5999.0380354225645,5862.847746908666,5842.865496128798,5838.211215194316
5000.0,5659.620068222285,6002.5284484028825,5862.835211306811,5842.879034578801,5841.965690627695
7000.0,5658.840604498983,5997.77946099639,5862.837718427182,5841.860642284156,5840.329606551678
5000.0,5635.857079923154,5988.440939038993,5862.839724123479,5840.31224474311,5831.862496957184
4000.0,5667.434511706234,5987.77855783701,5862.863792479039,5842.319946736098,5840.099202189595
7500.0,5670.255022123457,5998.735676705838,5862.871313840152,5845.162519812585,5844.256133120508
6800.0,5645.301903784276,6000.826113671065,5862.8532625734815,5842.717074602843,5837.9245886579165
3000.0,5653.261509537698,6005.002474784852,5862.8417298197755,5842.439285665751,5840.886249952019
4000.0,5654.302716627718,6016.736800968648,5862.86629959941,5845.441311597825,5844.8367821984
7000.0,5628.638829663397,6017.96629279852,5862.8723166883,5846.1964562535295,5838.918473850937
6000.0,5620.618802309037,6013.682125508786,5862.857775390149,5844.149643182755,5835.327086597682
7000.0,5641.509382799269,6013.012222945691,5862.842732667924,5842.722590267659,5840.021732170136
7000.0,5657.254850864411,6010.336624085904,5862.840726971627,5841.915297508241,5843.086874857546
3000.0,5657.5772665441045,6004.014669358731,5862.846744060517,5836.202573031188,5840.160313248635
7200.0,5638.533681631089,6015.605588257314,5862.852761149407,5841.170682758094,5839.540678448976
7000.0,5626.78757198155,6009.012363106013,5862.831701338292,5835.151588171721,5833.445806149394
7000.0,5626.27561800182,6002.314340323211,5862.84223124385,5829.488504678012,5830.230173561723
7000.0,5627.836801856757,6007.060319185258,5862.846242636443,5832.662017643453,5832.601345330478
6000.0,5650.3299336880455,6016.678635776044,5862.849752604962,5836.309376358987,5841.54192460701
6500.0,5675.104545056821,6026.934262365104,5862.85426542163,5840.870831161738,5851.440976001323
6500.0,5646.618643403054,6029.304493963719,5862.856271117927,5842.043160647155,5845.205642282964
7200.0,5664.341728016735,6029.154568165542,5862.856772542001,5842.86449328065,5849.804390501232
7000.0,5682.059046253563,6025.6380811333665,5862.852761149407,5842.620801180602,5853.292672429235
7500.0,5682.835752144457,6021.9651497900495,5862.850755453111,5841.419389098884,5852.267761621625
6000.0,5683.063649386168,6018.72695311904,5862.850755453111,5841.878192126752,5851.629887521268
6000.0,5674.662790447474,6018.649733811618,5862.86028251052,5843.536902964116,5849.927427433432
7500.0,5668.390978127719,6017.934703081847,5862.8532625734815,5844.143626093865,5848.330642469228
7500.0,5655.243137478829,6008.189526200295,5862.8532625734815,5842.111354321242,5842.099320143462
7000.0,5679.025430604816,6005.580115318299,5862.858276814223,5842.45833978057,5847.480540629477
7500.0,5695.00656798482,6013.962922990323,5862.836715579034,5843.78009364009,5853.896575048567
6000.0,5683.413643389941,6008.365024626256,5862.8417298197755,5842.177040874959,5849.199359677733
7500.0,5673.3663585037,6004.769814014436,5862.849752604962,5842.406191676856,5845.848029199989
7000.0,5654.524847492577,6000.680199265481,5862.842732667924,5841.482067108155,5839.882461633534
5000.0,5678.682205826045,6000.802546739579,5862.8357127308855,5840.707868337632,5845.757083408535
7500.0,5678.951721265913,5992.997379601003,5862.837718427182,5839.500940591098,5843.571939971299
6500.0,5641.47653952241,5981.0243755579,5862.849752604962,5838.089933246375,5830.860150232912
7000.0,5666.7144667357215,5983.799757808448,5862.84824833274,5840.0770768523225,5838.359887432308
6500.0,5670.964286476375,5987.572472542525,5862.844236940146,5840.630147606135,5840.502785891295
7200.0,5672.768410295249,5991.991522908212,5862.859781086446,5839.940188080073,5841.889975592495
6500.0,5664.156201109291,5997.917854040862,5862.855769693852,5840.318763256074,5841.31214702502
6400.0,5658.53975005448,6006.626587361098,5862.845741212369,5841.0152412951,5842.256829980762
3000.0,5674.592841789127,6012.17935755849,5862.859781086446,5843.3042421937,5848.234055656941
6000.0,5661.189776286484,6021.475759893657,5862.8647953271875,5845.186086744071,5847.67910456285
6600.0,5628.1160950660715,6017.028629779817,5862.863291054965,5843.457176536323,5837.866298109294
3000.0,5632.524866238237,6015.673280507327,5862.844236940146,5841.657565534116,5838.174987304957
7000.0,5654.414283484221,6023.650937527419,5862.866801023484,5843.632674962283,5846.141174249352
6000.0,5621.74149081111,6014.388130605222,5862.853763997556,5840.717896819116,5834.925320558251
4000.0,5653.624289855362,6011.1930564045915,5862.841228395701,5840.212461352349,5841.967759002001
7000.0,5673.435304313899,6016.09297245741,5862.855769693852,5841.942374408246,5848.581605218352
6000.0,5664.510206505657,6014.39515054226,5862.847746908666,5842.275319993497,5846.00710598752
6700.0,5642.5495870411405,6014.711047708989,5862.86028251052,5841.820528358222,5840.485361404718
6000.0,5643.146281689406,6015.551434457303,5862.849251180888,5840.573486685754,5840.530113503338
5000.0,5672.1902683377275,6017.927683144809,5862.856271117927,5840.698341280223,5848.418140970171
5000.0,5692.119117453695,6024.031518399716,5862.8647953271875,5843.587045371533,5855.650619138033
3000.0,5669.371512904764,6025.82110092044,5862.847746908666,5843.1382708251485,5850.2946578897545
6500.0,5684.457859024406,6030.224607139827,5862.865296751262,5844.794975966216,5855.585684720428
7500.0,5644.819533824922,6025.890297442676,5862.8532625734815,5843.720424175263,5844.3208795040855
5500.0,5634.974573552609,6022.786983847619,5862.84223124385,5841.96092709899,5840.641178935767
6500.0,5627.1190132945785,6019.64255347848,5862.847245484591,5840.994181483985,5837.650748435409
7000.0,5637.975596636535,6015.284175425769,5862.8532625734815,5841.371753811837,5839.3711971119055
6500.0,5664.729579538108,6010.323085635901,5862.858276814223,5840.946044772864,5844.714246690274
5000.0,5698.904638737441,6015.053018927575,5862.856772542001,5843.0455073714265,5854.964984394611
7000.0,5710.954360663892,6021.128774434329,5862.869809567929,5845.71107774973,5860.16600560397
4000.0,5677.427392080427,6021.669811010362,5862.84223124385,5844.175215810538,5851.528662536294
7200.0,5693.5373954474935,6022.6320438087,5862.871313840152,5846.3183023035535,5856.339763849975
7000.0,5661.056898906828,6020.241755247117,5862.849752604962,5845.172548294068,5847.330238763244
6500.0,5654.048745334149,6014.906101673842,5862.840225547553,5842.52202063799,5843.579273298384
7000.0,5656.307159364224,6011.032600700856,5862.8502540290365,5840.689315646888,5842.719832435251
8000.0,5661.694459617139,6007.626928389073,5862.856271117927,5840.166330337525,5843.085997365416
7000.0,5651.577978208662,6006.413983553649,5862.839724123479,5839.804302155972,5840.1589970104405
6300.0,5674.448180943728,6009.492225944997,5862.839222699405,5840.572483837605,5846.838028356434
6000.0,5679.18262705207,6012.7409525215635,5862.840726971627,5841.018751263619,5848.94576445222
6500.0,5671.809436753393,6012.865807116033,5862.863792479039,5842.382123321296,5847.48028991744
7600.0,5654.676528275014,6016.07141122222,5862.841228395701,5842.230191826821,5843.954839929939
4500.0,5675.143405422569,6009.764499217273,5862.842732667924,5840.416540950538,5847.041794564576
5000.0,5702.051576226951,6013.504119962455,5862.865296751262,5843.791626393796,5855.553154833616
7500.0,5678.751402348281,6018.70288476348,5862.8532625734815,5844.994542747737,5851.325523108245
5000.0,5664.518981426955,6015.132243931294,5862.84223124385,5843.162840604783,5846.414074301721
7000.0,5661.695963889361,6012.930490821601,5862.861285358668,5843.894919753076,5845.3456649556765
6000.0,5633.762631565333,6009.198391437531,5862.841228395701,5841.956915706397,5836.939791776241
6500.0,5660.268660262228,6002.111263573171,5862.848749756814,5840.078581124545,5841.326813679189
7500.0,5654.2956966906795,5997.614492475987,5862.834709882737,5839.868985861541,5838.653471227736
7000.0,5648.60854484141,5991.861152648927,5862.841228395701,5838.992496579886,5835.575855616481
6400.0,5638.234080746771,5990.620629489423,5862.854766845704,5839.494923502208,5832.801100146026
6000.0,5660.5369221419105,5994.415406882764,5862.84223124385,5840.216472744943,5839.502758253367
2000.0,5674.57278482616,5997.4670737981805,5862.856271117927,5841.147115826608,5844.010811392219
6400.0,5680.276232957841,6002.601656317712,5862.856772542001,5843.430099636317,5847.291190363468
4000.0,5647.410392016173,5995.662949979306,5862.8502540290365,5840.664745867253,5836.647085472942
6800.0,5662.313467636705,5995.2492751181135,5862.847746908666,5841.135583072902,5840.3865181840965
7000.0,5622.58313111961,5986.275789886714,5862.847746908666,5839.17200639844,5827.719668578357
8000.0,5643.481985107065,5986.850421875716,5862.85426542163,5839.691983163358,5833.219663891942
3000.0,5646.436626464129,5991.021267324687,5862.83270418644,5839.295356720687,5834.896488673986
7000.0,5682.2485845536,6002.369998395444,5862.858778238297,5842.6192969083795,5847.52416452393
6000.0,5638.6477556079635,5996.999746561051,5862.844738364221,5840.8683240413675,5834.840141143651
2500.0,5653.951218351723,5989.396151900292,5862.835211306811,5839.343994855882,5836.381644103677
7000.0,5666.495595127345,5990.979649126531,5862.8678038716325,5841.484072804452,5840.45678023249
6400.0,5653.775970637799,5986.788245290519,5862.853763997556,5840.513817220927,5835.9829492867
6500.0,5659.251020103694,5990.947056561709,5862.854766845704,5841.586864739657,5838.659927062691
3000.0,5646.828489378096,5996.8292623758325,5862.839724123479,5841.251412034036,5836.937221977861
7000.0,5666.7926888912925,6005.232628434897,5862.857273966075,5843.512333184482,5844.598731119187
6800.0,5615.239274129272,5995.358084142209,5862.851758301259,5840.183378756047,5828.408123832197
6800.0,5625.256473571063,5985.876154899598,5862.843234091998,5838.292007148267,5828.0669674277315
7000.0,5649.525398761035,5983.660863339902,5862.8532625734815,5839.0045307576665,5833.761013858021
6500.0,5665.5112996697435,5985.360189527274,5862.856772542001,5839.928655326367,5838.414229266346
5000.0,5658.3569809794435,5988.91277909279,5862.846242636443,5840.137247741223,5837.563312612475
6000.0,5658.756365254522,5991.3562186062345,5862.865296751262,5842.0105680823335,5838.747112173588
3000.0,5634.576192125679,5990.129735320807,5862.860783934594,5842.0887902379045,5832.413875404746
7000.0,5672.121322527529,5997.671654820443,5862.858778238297,5844.608446210624,5844.315050449223
4000.0,5638.448940962554,5990.908446907998,5862.851758301259,5841.131070256234,5833.335054107011
7200.0,5651.361112296582,5993.385983258487,5862.871815264226,5843.312264978887,5837.732793949545
6000.0,5637.188110128046,5995.096842199565,5862.852259725333,5842.410203069449,5834.386853780598
7000.0,5660.349138826133,5997.046880424024,5862.842732667924,5840.974625945092,5840.303344465793
7500.0,5670.034144818784,5996.954116970302,5862.830698490144,5840.071561187507,5842.472630366684
6000.0,5654.940277338029,5986.839390546084,5862.8387212753305,5833.168455958367,5834.446711279453
4000.0,5628.159969672562,5992.237220704556,5862.854766845704,5836.4527836442,5829.926185216756
6500.0,5635.538926348091,6002.187981456519,5862.8617867827425,5840.530364215375,5835.279764700682
6500.0,5637.3172268271455,6008.1288538873205,5862.853763997556,5842.282841354609,5837.645671516658
6500.0,5658.744581788779,6013.319094479085,5862.85426542163,5843.001382052899,5844.479830935598
6000.0,5643.493016436697,6015.29269963503,5862.8532625734815,5841.359218209983,5840.749549213798
6800.0,5641.548995301128,6014.919640123845,5862.834208458663,5840.589532256127,5839.973094034941
6000.0,5656.97530694306,6010.84205955267,5862.852761149407,5841.324118524791,5842.998561542482
3000.0,5667.139925062657,6012.242536991836,5862.837718427182,5841.019754111768,5845.809983648361
7000.0,5696.654247492553,6012.821681797505,5862.869308143855,5843.507820367814,5853.963264450432
7000.0,5648.089570924641,6005.497881770135,5862.844236940146,5840.955571830274,5839.346815366299
6600.0,5675.200317054988,5998.959311842919,5862.844236940146,5839.025089144708,5844.00723874569
3000.0,5686.6149853914985,5995.5014914274225,5862.838219851256,5838.872656226159,5845.956838224084
6500.0,5682.306749746204,6002.055104076863,5862.855769693852,5841.741303354503,5847.239731717856
4000.0,5625.168222934009,5997.7278143167505,5862.859279662372,5839.408177137376,5831.290873512627
5800.0,5651.155528426171,6004.084868729115,5862.864293903113,5842.053690552712,5840.039595402778
7000.0,5647.931873053313,6006.281106173993,5862.857775390149,5842.667935043574,5839.934672415257
3500.0,5637.177830934525,6004.004640877248,5862.861285358668,5840.804141759873,5836.211974732579
5000.0,5675.003006681801,6011.989317834378,5862.872818112374,5844.481585919858,5848.586682137103
5000.0,5658.044844493271,6013.8134986162195,5862.856772542001,5845.289380103351,5845.00112393871
6000.0,5653.831377997995,6013.255915045739,5862.870310992003,5845.720604807139,5843.919552210719
7500.0,5634.467383101583,6013.724746555091,5862.852259725333,5845.132434368134,5839.0442059375355
6500.0,5632.9167291522035,6006.560399383307,5862.849251180888,5841.678625345231,5836.0012512654075
6500.0,5659.642381593586,6005.069665610791,5862.859781086446,5842.098317295314,5842.417536396534
7500.0,5671.7989068478355,6011.551073193551,5862.859781086446,5842.594727128745,5847.201122064144
3000.0,5682.43536502123,6016.788949072362,5862.851256877185,5843.273655325175,5851.337306573988
6800.0,5700.366039201618,6028.993109613658,5862.854766845704,5845.510006695987,5859.430980589242
7200.0,5644.9702117592105,6021.050050854684,5862.84824833274,5841.567810624839,5842.609080392868
6500.0,5653.229418396951,6011.080737411977,5862.849752604962,5840.101145207883,5841.815263405443
6000.0,5653.391629084946,6011.557591706515,5862.847245484591,5839.374581724406,5841.792762000115
2000.0,5668.67052204907,6011.810810863973,5862.833707034589,5839.27529975772,5845.647584926338
6000.0,5676.708851382137,6010.484042763711,5862.862789630891,5841.927331686021,5847.99575386569
2500.0,5635.527142882348,5998.205170035363,5862.849251180888,5840.409019589425,5834.247645922006
4000.0,5673.492968082429,6002.418636530639,5862.867302447558,5843.394498527051,5845.543351396919
7000.0,5678.880017623306,6006.31319731474,5862.871815264226,5844.409380853177,5848.118602763862
7500.0,5637.182093039156,6006.44055902958,5862.861285358668,5842.824379354716,5837.32707919553
6500.0,5627.849838882686,6008.649833500386,5862.852761149407,5841.334648430348,5835.171770490707
7500.0,5657.20846913755,6015.937029570342,5862.851758301259,5842.656402289868,5844.663414824755
7000.0,5655.192493647338,6016.391319781543,5862.847746908666,5842.08828881383,5844.129962287844
7200.0,5660.360420867802,6020.082803815604,5862.83621415496,5841.909280419351,5846.297179814429
6000.0,5665.33780694008,6015.003879368306,5862.85426542163,5840.543902665378,5845.934963598848
5000.0,5660.419588908554,6016.4951145648965,5862.840726971627,5840.930500626565,5845.171482767911
6500.0,5676.107643917204,6016.142112016679,5862.859279662372,5841.15463718772,5849.065918195994
6000.0,5673.879566043616,6014.634329825641,5862.849251180888,5841.005714237691,5848.092215321959
6000.0,5673.69253486395,6012.756998091937,5862.840225547553,5840.158808976413,5847.362141869963
7600.0,5670.273073390127,6009.083063900472,5862.840225547553,5840.38194268942,5845.644576381893
6000.0,5656.29637874663,6003.479649871589,5862.835211306811,5839.431744068862,5840.510745998473
6000.0,5658.871442079545,6001.098386943341,5862.845741212369,5839.782239496709,5840.649452432991
7400.0,5648.579712957145,5997.59794548154,5862.838219851256,5839.139915257693,5837.0389483869085
6000.0,5654.755251854659,5995.134449005128,5862.854766845704,5839.1318924725065,5837.969090044499
7000.0,5675.59945061803,6003.676709532739,5862.8502540290365,5842.207126319409,5846.0833851248035
7200.0,5660.37947498262,6004.498042166234,5862.8417298197755,5840.958078950644,5842.1693314798185
7000.0,5683.341939747334,6002.771137654782,5862.850755453111,5840.547914057971,5847.3779367283
2500.0,5657.044252753259,6004.577267169953,5862.86028251052,5840.872335433961,5841.338534466923
6000.0,5678.4866504371175,6017.959272861482,5862.859781086446,5844.932366162539,5851.059517636896
6000.0,5645.375362411142,6012.684793025256,5862.844236940146,5842.283342778684,5840.796933788807
7000.0,5650.75288489461,6004.9402981996545,5862.859781086446,5840.472199022771,5839.75629080087
7000.0,5623.037672042848,6004.8039108514795,5862.834709882737,5839.738114178182,5832.603601738811
4000.0,5644.697186350823,6000.767447054387,5862.841228395701,5838.357693701983,5836.665888875724
6000.0,5676.260076835752,5997.762914001943,5862.857775390149,5840.040472894908,5844.230309780688
7000.0,5654.806397110225,5997.186276316644,5862.859781086446,5841.507138311864,5839.0898982062945
7000.0,5668.119707703591,5996.223542094232,5862.8417298197755,5841.108004748822,5842.073246091605
6500.0,5664.204839244486,5998.012623190881,5862.831701338292,5840.693828463555,5841.4357480593035
6000.0,5634.204135462643,5993.252604454757,5862.837217003108,5839.41469565034,5832.427163142712
7000.0,5626.461395621301,5991.563306748868,5862.851256877185,5839.918626844884,5830.198646523059
7500.0,5627.740779146553,5987.262091040612,5862.835211306811,5838.541716337205,5829.094949457795
6700.0,5651.619094982744,5980.994791537524,5862.837217003108,5837.347825616599,5833.199732284994
6500.0,5647.484853491188,5975.228414684535,5862.852761149407,5839.760176837445,5831.331551540644
7000.0,5654.127970337869,5981.802084296943,5862.852761149407,5844.52270269394,5835.82637961954
3000.0,5636.784714460374,5986.145419627429,5862.840225547553,5845.9848552942285,5832.938803732396
6500.0,5662.6444075256595,6000.141168385745,5862.870310992003,5851.911687850953,5844.39189368859
4000.0,5626.913680136205,6003.765461593867,5862.862789630891,5851.493500173093,5836.258857883514
7200.0,5643.930007517339,6008.484864979983,5862.861285358668,5853.036883473397,5842.078260332347
6000.0,5618.418804183603,6009.433057904244,5862.859781086446,5851.829454302789,5835.6352743692705
5000.0,5628.400653228165,6012.314240634442,5862.83621415496,5850.917865335942,5838.617243338377
7000.0,5630.1483668386945,6011.8915401399145,5862.855769693852,5851.325523108245,5839.055299945177
5000.0,5625.924370437861,6009.3262545764455,5862.851758301259,5849.928054213525,5837.007609382273
7000.0,5635.232556238771,6012.329784780742,5862.871313840152,5851.574229449035,5840.501971077175
7200.0,5639.512962847949,6014.393144845963,5862.856271117927,5851.164064556361,5841.98161084205
2500.0,5655.2870120853195,6016.988515853883,5862.850755453111,5850.500179082156,5846.406615618617
7200.0,5654.2086996138105,6025.104064494372,5862.875325232745,5853.173270821572,5848.840340040625
5500.0,5607.032215595246,6018.746007233859,5862.843234091998,5850.865717232228,5834.871793538333
6000.0,5630.706201121212,6013.306057453156,5862.848749756814,5850.041376054288,5839.225596096368
6500.0,5625.000245869161,6010.873147845269,5862.843735516072,5849.546470493079,5837.065899930895
7200.0,5635.031485185028,6008.903052657844,5862.853763997556,5849.653273820878,5839.110393915326
6400.0,5632.773071154953,6009.914926439525,5862.843234091998,5849.216533452273,5838.686941284687
7000.0,5647.4660500884065,6011.588679999114,5862.849752604962,5848.000580072404,5842.476265691222
6500.0,5649.443415924908,6013.2599264383325,5862.844236940146,5847.780956327916,5843.332133907826
7500.0,5663.472007960082,6019.016274809838,5862.853763997556,5849.660293757916,5848.750585131348
3000.0,5642.305142804981,6021.929548680783,5862.851256877185,5849.35793504119,5844.110970851035
4000.0,5662.844225019217,6039.780747145415,5862.8647953271875,5853.933931142093,5854.855924658478
7000.0,5649.565763399006,6044.378805905581,5862.873319536448,5855.323377251626,5853.035316523165
6000.0,5619.1007409244785,6043.689347803594,5862.849251180888,5853.049920499326,5844.6723151020715
7000.0,5631.701026484371,6044.3211421370515,5862.853763997556,5852.867402136327,5847.935833688826
6500.0,5610.271665826441,6038.824030011893,5862.843735516072,5850.383347272874,5840.58069465682
6500.0,5623.262560740114,6032.804434001447,5862.8387212753305,5849.042037874461,5841.986938472838
7200.0,5617.790770530702,6024.514891207219,5862.846242636443,5847.587406635285,5838.184827752412
6000.0,5635.027724504472,6018.787625432015,5862.854766845704,5846.980683505536,5840.912700071932
6000.0,5648.248271644116,6026.4032542705545,5862.861285358668,5850.229911506177,5846.935680694879
6000.0,5645.166268572212,6033.657857775689,5862.863792479039,5852.141340076924,5848.457314725966
6500.0,5644.493858888746,6039.196588099004,5862.854766845704,5853.431504219771,5849.994179513306
4000.0,5627.748300507666,6038.660064339639,5862.862288206817,5851.5882693231115,5845.214730594308
2000.0,5645.586963370443,6042.783274501563,5862.873319536448,5853.737874329091,5851.245357934386
6000.0,5641.17192439735,6046.174405515195,5862.866801023484,5856.092060357333,5851.576297823341
5000.0,5622.453763708473,6033.460798114539,5862.844236940146,5852.595128864051,5842.838481906802
3000.0,5633.829070255161,6021.93757146597,5862.848749756814,5850.646594911815,5842.31549659744
3000.0,5634.724613651634,6023.991905897857,5862.855769693852,5853.0609518289575,5843.658310268075
7200.0,5612.751207873226,6022.316146641971,5862.860783934594,5852.844838052989,5837.693244125695
3000.0,5595.519017428161,6009.551393985749,5862.852259725333,5848.413753509522,5829.084106162191
8000.0,5633.234632015229,6014.432757347823,5862.868305295707,5850.188794732095,5840.181122347713
6600.0,5632.809925824405,6007.506586611272,5862.842732667924,5847.671144455672,5837.707597389818
7000.0,5673.555144667626,6011.407164484263,5862.840225547553,5848.039691150189,5848.960556462408
7000.0,5643.123968318106,6012.8482572734365,5862.8417298197755,5847.320649027825,5841.533651109786
3000.0,5630.477802455426,6014.12237584591,5862.843735516072,5848.009104281665,5838.863254524768
6500.0,5636.622002348305,6024.261170625688,5862.856772542001,5851.945784687997,5843.921432550997
6000.0,5617.440024390818,6017.330988496543,5862.851758301259,5848.423781991006,5836.511638294906
4000.0,5638.446433842183,6012.982137501241,5862.84223124385,5847.755885124207,5840.50667192787
6000.0,5639.22715112567,6013.094456493855,5862.849251180888,5849.634219706059,5841.201269626618
7200.0,5621.219006925822,6003.329222649337,5862.83621415496,5847.7704264223585,5833.788717538119
6500.0,5627.617178112269,5995.22119536996,5862.8387212753305,5846.490290760995,5833.041846379639
6500.0,5641.239867359401,5996.288727223874,5862.8502540290365,5847.570859640838,5836.987427063287
5000.0,5630.705699697138,6000.680199265481,5862.836715579034,5847.936899214984,5835.539878439159
7000.0,5648.268328607083,6001.912198215724,5862.861285358668,5849.729490280152,5840.692825615407
6500.0,5624.210001528264,6001.137999445201,5862.85426542163,5848.702573776246,5834.226210042835
6200.0,5641.417872905732,6004.949825257064,5862.846242636443,5848.959302902223,5839.543310925365
8000.0,5636.468566581608,6011.332953721286,5862.862288206817,5850.870230048896,5840.3835096396515
7000.0,5599.488290399314,6006.786541640759,5862.837718427182,5847.878232598306,5829.24769576639
7000.0,5625.350239872933,6008.494392037393,5862.859781086446,5848.85199815035,5836.38910278678
7500.0,5635.119485110045,6016.18673875928,5862.856271117927,5850.930902361871,5841.273349337281
7200.0,5650.6987310946,6021.184432506562,5862.839724123479,5850.732338428498,5846.363806538285
4000.0,5645.817367732526,6022.7448642253885,5862.851256877185,5849.729991704226,5845.285870134831
6500.0,5637.48294748366,6028.549349308015,5862.870310992003,5852.530946582557,5845.358388591559
4000.0,5619.274484366179,6028.446055948735,5862.851758301259,5851.262343674899,5840.458660572768
5000.0,5647.341947630049,6024.318834394217,5862.865798175336,5852.159892767669,5846.671618241818
7000.0,5630.313836783172,6022.273525595666,5862.866801023484,5854.05377149582,5842.376983724535
2500.0,5625.719287991525,6022.914846986533,5862.837217003108,5852.733521908523,5841.051218472422
2500.0,5640.5697140842685,6024.972691386939,5862.861285358668,5853.896825760604,5845.57512914762
6000.0,5610.18567159772,6017.159000039102,5862.871313840152,5852.9245644807825,5835.785137489439
7000.0,5603.419204428793,6008.189526200295,5862.857273966075,5850.250469893218,5831.179118622095
6500.0,5622.908555343748,6004.725187271834,5862.862288206817,5849.022482335568,5834.879628289492
6000.0,5645.546598732472,6012.174844741822,5862.855268269778,5850.218378752471,5842.698772624136
7000.0,5654.916459694506,6023.057251423598,5862.861285358668,5850.847665965558,5847.920665610583
7500.0,5633.139612153173,6029.592311382295,5862.843735516072,5850.135643780232,5843.927825707943
5400.0,5622.096248343588,6028.338751196862,5862.853763997556,5848.841468244792,5840.532557945699
6000.0,5639.305122569204,6036.525502055884,5862.837718427182,5850.8837684988985,5847.388027887792
7000.0,5638.527664542199,6033.09325426817,5862.849752604962,5850.3708116710195,5846.210370771588
7500.0,5637.318480387331,6026.780325174333,5862.851256877185,5849.622686952353,5844.1431873478
7500.0,5634.881308674813,6022.729320079089,5862.848749756814,5848.781297355891,5842.310168966652
6500.0,5650.83210989833,6022.032842040063,5862.847245484591,5848.107383400203,5845.954895205797
7000.0,5681.814100593329,6024.901990592481,5862.8502540290365,5850.061433017255,5854.906944558025
6000.0,5667.53554865718,6027.675367146731,5862.837718427182,5850.329193472863,5852.094456925989
6500.0,5649.381991475821,6016.718749701978,5862.840726971627,5848.331519961358,5844.318247027696
6500.0,5627.941098064185,6009.730903804303,5862.855769693852,5848.85199815035,5837.3449424281725
5000.0,5632.537151128055,6009.097605198623,5862.856772542001,5850.135142356158,5838.656667806209
7500.0,5635.429114475847,6015.27113839984,5862.8617867827425,5851.777306199075,5841.334836464376
7500.0,5643.91697049141,6011.31540387869,5862.833205610515,5845.853482186795,5840.979765541852
6000.0,5614.673417061568,6012.575984001161,5862.8417298197755,5846.325823664666,5834.104238636793
7000.0,5604.013141244651,6017.1966068446645,5862.848749756814,5848.954790085555,5833.253321982921
6800.0,5592.517743632198,6012.731425464154,5862.85426542163,5847.8777311742315,5828.9952914230535
7500.0,5635.785376280547,6011.96675375104,5862.8417298197755,5848.447348922492,5839.760302193464
7600.0,5647.117560356856,6011.592189967633,5862.851758301259,5848.021138459445,5842.395661771298
7000.0,5656.0900427401075,6011.522492021323,5862.8357127308855,5848.1590300798425,5844.65181939304
7000.0,5661.6616163402805,6013.545738160611,5862.83621415496,5849.0490578115,5846.773156616838
6000.0,5654.165075719357,6012.791596353055,5862.852761149407,5848.636385798455,5844.611454755069
7000.0,5645.372353866697,6017.099831998349,5862.862789630891,5850.389865785838,5843.931210320444
7200.0,5641.055844724179,6019.113551080228,5862.851758301259,5850.799529254437,5843.455170840026
6000.0,5650.208087638021,6020.8489798009405,5862.851758301259,5850.001262128354,5845.977521967144
6000.0,5639.77445550263,6020.302928984166,5862.8532625734815,5849.860863387586,5843.197877611966
2500.0,5631.225175037981,6021.833776682616,5862.863291054965,5850.560851395131,5841.620773542673
6000.0,5637.780542671681,6033.867954462768,5862.867302447558,5854.007139056922,5847.130734659732
3000.0,5614.948197454215,6029.4644482433805,5862.862288206817,5852.382023632527,5839.914239384235
6000.0,5634.71207804978,6036.03711500764,5862.856772542001,5854.186147451402,5846.9480282627055
7500.0,5615.762760862709,6030.032060295344,5862.849251180888,5852.081670612098,5840.18143573776
6000.0,5619.242643937469,6014.439275860787,5862.842732667924,5842.046670615674,5834.642830770464
7000.0,5627.040039002896,6013.650535792113,5862.859781086446,5844.3933352828035,5836.985922791065
3500.0,5634.929696097971,6022.415428608657,5862.83270418644,5847.34521880746,5841.880761925132
4000.0,5657.764297723771,6029.235297441483,5862.8723166883,5851.679027080537,5850.387734733523
6500.0,5631.008309125901,6040.1292368769655,5862.872818112374,5853.994102030993,5847.001116536559
6000.0,5611.540018022061,6042.481417208911,5862.8617867827425,5851.717135310174,5842.150089330972
4000.0,5625.0115279108295,6047.199817746879,5862.840225547553,5851.025671511889,5846.519310679288
7000.0,5636.985785514117,6045.850485563279,5862.86028251052,5851.307973265649,5849.251131713391
6000.0,5607.165845111013,6034.787064790727,5862.843234091998,5848.64541143179,5838.360388856382
5800.0,5633.719509094954,6029.862578958274,5862.852761149407,5849.545467644931,5843.995079211892
5000.0,5635.425855219365,6027.750580757857,5862.856772542001,5850.5794040858755,5844.153153151275
6500.0,5635.4328751564035,6027.424655109645,5862.871313840152,5851.872576773168,5844.400355219842
4000.0,5631.9311801344165,6028.926921635867,5862.858276814223,5852.327368408442,5844.010936748237
7500.0,5649.465729296208,6035.727736353875,5862.86629959941,5855.08469939232,5850.786116160453
7000.0,5615.753484517337,6027.8062388300905,5862.8417298197755,5851.835471391679,5839.55923113972
5000.0,5629.240789264441,6020.003578811885,5862.839724123479,5850.193307548762,5840.569349937142
6800.0,5620.683235302568,6010.0247383117685,5862.840225547553,5848.600283265115,5835.537120606751
7500.0,5614.123856276275,5996.822242438794,5862.845239788295,5846.5384274721155,5830.08244149387
6400.0,5634.462118148805,5991.6490502655515,5862.8417298197755,5846.773595362903,5833.931623399259
7000.0,5653.777224197985,5995.314460247756,5862.84223124385,5847.916842252017,5839.962689485402
7000.0,5653.463082015515,5999.259664863349,5862.848749756814,5847.448512166739,5840.755002200604
7000.0,5649.88466911018,6006.165277212859,5862.856271117927,5847.930882126094,5841.709274891765
2000.0,5655.103240162135,6019.83359605074,5862.84824833274,5850.692224502564,5847.119327262045
8000.0,5658.06038863957,6029.88012880087,5862.858778238297,5853.363811969758,5851.040776912124
3000.0,5610.771585628391,6019.39134001732,5862.835211306811,5849.667815119029,5835.666488017888
5000.0,5640.332540497185,6016.922829300166,5862.861285358668,5851.656462997199,5842.9432795383045
6800.0,5606.2008544802675,6004.862577468158,5862.849752604962,5849.145832657815,5830.764754302801
7600.0,5613.632711395622,5994.116558134557,5862.84824833274,5847.340204566718,5829.484430607409
2500.0,5620.631087198854,5991.483580321074,5862.844738364221,5846.749527007342,5830.427233222873
6000.0,5657.792878895999,6006.2911346554765,5862.868806719781,5851.739197969438,5844.6730045601735
6400.0,5638.3461490273485,6012.708861380816,5862.857775390149,5852.430661767722,5841.585861891509
7000.0,5635.383735597135,6018.798656761647,5862.855268269778,5852.804724127055,5842.460596188904
7500.0,5620.24248354137,6024.506366997958,5862.85426542163,5851.029181480409,5839.658074360342
7000.0,5624.165374785663,6026.373670250178,5862.847245484591,5850.20383745432,5840.897531993688
8000.0,5638.173408433796,6030.1804818212995,5862.855268269778,5850.517728924752,5845.431721862406
6000.0,5641.328870132566,6026.2844167649755,5862.848749756814,5844.2338824272165,5843.673979770393
6500.0,5638.519391044975,6033.1313624978075,5862.840726971627,5846.869868785144,5845.340337324888
6600.0,5633.186746016146,6034.989138692618,5862.854766845704,5847.324660420419,5844.588827993722
7500.0,5626.976107433439,6038.481055945159,5862.842732667924,5847.801013290883,5844.025227334351
5000.0,5625.59493482113,6038.230343908072,5862.839724123479,5847.2459368407735,5843.477734923364
6500.0,5640.045224502684,6039.5726561546335,5862.869809567929,5849.724977463485,5848.053166922183
7000.0,5637.631619721652,6042.430271953345,5862.86028251052,5851.774799078704,5848.674243316055
7000.0,5649.774355813862,6040.474718064071,5862.859781086446,5851.753237843514,5851.215523201973
6200.0,5664.548314735294,6044.174726307393,5862.842732667924,5852.506878226996,5856.018162984402
7200.0,5668.304231762887,6042.111867666245,5862.843735516072,5851.964337378741,5856.3060430809865
6000.0,5632.672284916044,6037.0680429041395,5862.858778238297,5849.604134261609,5845.5508100800225
7000.0,5632.248330861331,6038.872166723014,5862.849251180888,5849.87339898944,5845.960786938668
7800.0,5650.809545814992,6042.523035407067,5862.836715579034,5850.929899513722,5851.774799078704
7500.0,5648.436807096005,6036.713536083699,5862.84824833274,5849.8026981949815,5849.4503224268565
6500.0,5646.015931665898,6033.232148736716,5862.840726971627,5849.4923166930685,5847.8952810168275
5000.0,5646.322803199292,6030.788207799197,5862.862288206817,5849.824259430171,5847.449389658869
6000.0,5652.808222174645,6029.577268660069,5862.84824833274,5850.524247437716,5848.939496651293
6500.0,5669.052356481553,6025.43901577592,5862.835211306811,5850.267016887666,5851.8984001129875
7000.0,5651.8605306744585,6022.153685241939,5862.852761149407,5850.385854393245,5846.813207864762
7200.0,5630.286509171129,6021.033002436162,5862.850755453111,5850.503187626601,5841.168363671751
7200.0,5620.029378309847,6019.906803965569,5862.857273966075,5849.2867328226575,5838.020047266037
7500.0,5641.039548441769,6021.124763041736,5862.8532625734815,5849.033012241126,5843.512646574528
4000.0,5644.837334379555,6021.6868594288835,5862.8532625734815,5848.439326137305,5844.454195629806
6000.0,5655.504630133511,6029.7136560082445,5862.857775390149,5851.04372277856,5849.779946077616
4000.0,5655.774396285416,6027.844848483802,5862.855769693852,5849.822755157948,5849.074442405255
7000.0,5643.380446732045,6031.030897051097,5862.868806719781,5851.476953178645,5847.189275920392
7500.0,5609.63410511613,6026.15153938532,5862.864293903113,5848.796841502191,5836.861694976688
6500.0,5636.397615075112,6024.75657761097,5862.85426542163,5847.5472927093515,5842.888937704266
7000.0,5633.158415555955,6028.023856878282,5862.866801023484,5846.5268947184095,5842.6439920440325
7500.0,5621.497046574951,6027.777657657863,5862.851758301259,5845.694530755282,5839.455248322339
8000.0,5634.82565060258,6026.704108715058,5862.845239788295,5845.566166192294,5842.485291324557
4000.0,5627.612163871528,6023.726151138545,5862.839222699405,5844.532731175424,5839.677567221225
3000.0,5643.401255831123,6021.627189964057,5862.863291054965,5846.653253585101,5843.636247608812
7000.0,5642.365564405919,6026.4669351279745,5862.864293903113,5849.78564977646,5845.370610803367
3000.0,5625.3043595701465,6016.412379592658,5862.852259725333,5847.21184000373,5837.945209722967
3000.0,5646.877879649402,6017.454840242864,5862.865798175336,5848.809878528119,5844.00209914893
4000.0,5635.855324938894,6015.242557227612,5862.863291054965,5849.426630139352,5840.846950840206
7000.0,5629.224492982031,6007.606370002032,5862.8647953271875,5847.075954079629,5836.69290309772
7000.0,5635.741000249983,6001.685554534198,5862.860783934594,5844.800491631032,5836.271957587452
6500.0,5637.79182471335,6004.294965416194,5862.849251180888,5844.0889708697805,5837.256253045053
5000.0,5647.267486155034,6008.0621644854555,5862.859781086446,5844.073426723481,5840.565714612604
5000.0,5652.719971537591,6019.091488420964,5862.873319536448,5847.708249837161,5845.598257333041
7000.0,5636.160190775991,6028.675708174706,5862.860783934594,5850.013797730208,5844.427620153875
6000.0,5619.130826368929,6030.4733134806165,5862.863291054965,5848.819405585528,5840.32170912251
7000.0,5610.179403796793,6032.727214694024,5862.84824833274,5847.52071723342,5838.318896014244
7000.0,5629.278897494079,6031.2760934233675,5862.854766845704,5847.184763103724,5842.648630216719
6500.0,5624.789146333934,6032.215762138368,5862.859279662372,5846.744512766601,5841.652175225318
5000.0,5631.465858593584,6033.544535934926,5862.862288206817,5847.2720108926305,5843.786173406989
7500.0,5657.087625935675,6036.040624976159,5862.874322384597,5849.732498824597,5851.433768030257
6600.0,5662.958800420166,6027.924574911595,5862.840726971627,5843.842771649362,5849.3917184881875
7500.0,5654.432334750892,6024.942605942489,5862.854766845704,5842.715570330621,5846.236319467426
7000.0,5632.063556089998,6023.745205253364,5862.853763997556,5844.0513640642175,5840.678472351284
7200.0,5620.485924929381,6027.493851631881,5862.859279662372,5844.810520112515,5838.912394084037
8000.0,5641.506875678898,6031.154748797418,5862.856772542001,5845.854986459018,5845.3433458693335
3000.0,5640.80362841487,6033.589162677527,5862.8532625734815,5846.457196772099,5845.925812609495
6500.0,5668.413542211057,6044.731307029725,5862.874322384597,5851.345078647138,5856.841062568129
7000.0,5630.241631716491,6041.150136291982,5862.85426542163,5848.997912555934,5845.810986496509
6400.0,5643.394737318159,6032.076867669822,5862.846242636443,5846.60260975361,5846.230114344508
7500.0,5640.327024832369,6025.893807411195,5862.848749756814,5845.7441717386255,5843.703438434751
6000.0,5633.069663494826,6020.113390684129,5862.84824833274,5845.025631040336,5840.264233388008
7000.0,5643.850030377508,6017.766224592925,5862.847746908666,5845.345539599658,5842.452385369689
5000.0,5649.804190546275,6014.947218447925,5862.856772542001,5845.349550992251,5843.239433132113
7000.0,5647.155668586493,6015.332312136889,5862.853763997556,5845.5992601811895,5842.735251225532
7200.0,5643.451648950578,6014.127390086652,5862.865296751262,5846.058063209058,5841.625599749387
7000.0,5655.853872001172,6017.346532642842,5862.857273966075,5846.855327486993,5845.7282515242705
7000.0,5653.410933911801,6024.240110814572,5862.843234091998,5846.946586668492,5846.860216371716
6000.0,5644.76888999343,6021.414084732533,5862.858778238297,5846.176399290563,5843.804538063706
3000.0,5628.932413458825,6023.612829297782,5862.855268269778,5846.500319242478,5840.475207567216
7400.0,5645.588718354703,6028.753930330277,5862.869809567929,5849.069616198541,5846.5705186128625
7500.0,5628.215878456832,6020.43079212308,5862.862789630891,5846.093664318324,5839.400781132282
7300.0,5644.701448455454,6012.62161359191,5862.84824833274,5839.163482189179,5839.833698142321
4000.0,5641.799205914141,6019.7388269007215,5862.843234091998,5841.785930097104,5841.541799250991
6000.0,5650.075962394477,6032.723203301431,5862.874823808671,5847.272512316705,5848.236625455321
6500.0,5613.286728784443,6039.251744747163,5862.862789630891,5848.597776144744,5840.99975982681
4000.0,5617.998360097409,6041.635013371707,5862.859279662372,5847.248945385219,5842.435399629177
6000.0,5641.640505194665,6048.187623172999,5862.863792479039,5848.901639133693,5850.398389995099
5000.0,5633.620227128268,6044.721779972316,5862.86629959941,5848.235246539117,5847.360888309778
7000.0,5647.580374777318,6045.793323218823,5862.874322384597,5850.126116722823,5851.59353427589
7500.0,5650.673659890891,6051.389215886594,5862.854766845704,5851.112417876721,5854.0075151249775
7000.0,5649.547712132336,6050.577911734582,5862.84824833274,5848.595269024373,5852.892285306008
6400.0,5639.31063823402,6047.4023930728445,5862.857273966075,5847.497651726008,5849.266989249737
5000.0,5630.822030082346,6043.2049721479425,5862.849752604962,5846.5123534202585,5845.847277063877
6000.0,5634.1951098293075,6033.52096900344,5862.853763997556,5845.671966671945,5844.060452375562
8000.0,5644.415135309101,6023.528088629247,5862.855268269778,5844.837597012521,5843.909022305162
4000.0,5661.097764968873,6015.9646078944215,5862.84824833274,5844.647055864335,5846.139419265092
7000.0,5671.1234886199245,6018.932035565377,5862.866801023484,5847.481104731561,5850.100857485087
3500.0,5647.6601012051115,6022.909832745791,5862.84824833274,5847.829594463111,5845.311944186688
6800.0,5669.712230563165,6027.763116359712,5862.875826656819,5850.581409782172,5852.733145840467
7500.0,5625.787230953575,6025.743380188943,5862.854766845704,5848.6895367503175,5840.768728684635
6500.0,5631.582690402866,6024.571050703526,5862.845239788295,5847.392854094506,5841.597958747298
7000.0,5637.120167165996,6022.617502510549,5862.861285358668,5847.8511556983,5842.612527683378
6000.0,5628.1800266355285,6022.935405373574,5862.856271117927,5846.896945685149,5840.217162203045
6000.0,5643.3756832033405,6026.371163129807,5862.861285358668,5847.571862488986,5845.0449985452005
6000.0,5646.689344197513,6027.586615085603,5862.8417298197755,5847.263988107444,5846.095419302584
8000.0,5648.024636507035,6022.706254571677,5862.8417298197755,5846.076114475728,5844.912183843554
6500.0,5643.076834455133,6010.31205430627,5862.852761149407,5839.076735824347,5838.829596433789
6000.0,5637.234491854907,6010.928805917502,5862.863291054965,5841.780915856362,5838.201876170934
5500.0,5637.076041847468,6024.281729012729,5862.8647953271875,5845.458360016347,5842.420231550933
7000.0,5632.520854845644,6035.265423357488,5862.853763997556,5847.053389996291,5844.423358049245
6500.0,5619.861401244999,6033.725048601628,5862.84824833274,5845.865516364575,5840.575053635986
6000.0,5633.001720532776,6033.810290694238,5862.85426542163,5845.578200370074,5843.811119254679
6500.0,5647.382061555983,6036.603222787381,5862.853763997556,5847.309116274119,5848.53704115376
2500.0,5639.925634860993,6033.872968703509,5862.859781086446,5846.979680657388,5845.909516327084
5000.0,5653.970773890615,6040.270137041808,5862.873319536448,5849.569034576417,5851.670816261322
6000.0,5650.995824858547,6035.893707722426,5862.874322384597,5849.711940437556,5849.868948850782
7400.0,5644.7932090610275,6041.637520492078,5862.880339473487,5852.92306020856,5850.558532308788
6500.0,5617.6310669630775,6039.729100465775,5862.86629959941,5850.298105180264,5842.631143052132
7200.0,5637.807619571687,6045.971328765155,5862.860783934594,5850.176760554315,5849.2041232064375
4000.0,5641.681120544673,6045.669972896577,5862.863291054965,5848.947770148517,5849.790538661183
8000.0,5661.017787829042,6053.212393820287,5862.854766845704,5850.977033376695,5857.015495467932
5000.0,5637.606548517943,6044.082965701819,5862.847746908666,5848.7938329577455,5848.3327735215435
6500.0,5644.575340300799,6033.149413764478,5862.85426542163,5846.498814970256,5846.769458614291
5000.0,5649.094424769283,6027.540484070779,5862.863291054965,5845.661436766387,5846.2899091653535
6400.0,5654.698841646315,6028.208882361651,5862.845741212369,5845.874040573836,5847.906876448543
3000.0,5654.799377173186,6025.828622281552,5862.859279662372,5846.7500284314165,5847.559326887132
6000.0,5653.74237522483,6032.691112160684,5862.871313840152,5848.619337379933,5849.4810346514
6000.0,5637.892861664296,6031.2269538640985,5862.849251180888,5847.270005196334,5844.809767976404
7500.0,5650.153683125974,6026.1279724538335,5862.858778238297,5847.12058082223,5846.565253660084
7000.0,5630.089449509979,6020.577709376813,5862.8532625734815,5844.775420427323,5839.573960471899
6000.0,5639.280803501607,6023.778299242259,5862.843735516072,5845.634359866382,5842.88429953158
2500.0,5636.399871483446,6018.3879904448995,5862.840726971627,5844.636525958777,5840.5662787146875
7000.0,5639.625281840564,6015.718910098077,5862.861285358668,5846.868364512921,5841.2684604525575
6000.0,5615.933746472002,6005.690428614617,5862.855769693852,5844.488605856896,5832.242137659342
6000.0,5640.25030694902,6007.841537892819,5862.865798175336,5846.069595962764,5839.256809744985
8000.0,5644.898758828641,6015.379445999862,5862.849752604962,5846.590074151755,5842.429507896305
6000.0,5642.8697463125,6014.098808914424,5862.84824833274,5845.977333933116,5841.448534373195
6000.0,5639.414683729411,6018.632183969022,5862.852259725333,5847.1762388944635,5842.018841579557
5000.0,5626.439834386111,6016.804493218661,5862.865296751262,5846.553971618415,5838.165898993612
7600.0,5646.439635008574,6019.497641921044,5862.873820960523,5848.627861589194,5844.359739869834
8000.0,5639.954216033221,6017.904116213323,5862.851758301259,5847.510187327863,5842.055069468916
7200.0,5652.510376274587,6019.772923737765,5862.857273966075,5847.361264377833,5845.625459589065
3000.0,5657.192423567177,6028.015332669021,5862.858778238297,5848.161537200213,5849.057017918677
6000.0,5661.731564998628,6045.6835113465795,5862.862288206817,5852.1107532084,5855.597029440106
6800.0,5626.859777048231,6043.478248268367,5862.859279662372,5849.366459250451,5845.640941057355
6600.0,5625.068690255285,6035.302528738976,5862.848749756814,5846.514860540629,5842.433707322926
7500.0,5631.198850274087,6031.017358601094,5862.849752604962,5845.06825208664,5842.533553391696
7000.0,5634.764978289605,6023.025160282851,5862.855268269778,5842.759695649148,5840.851275622846
7000.0,5643.552936613561,6023.855518549682,5862.846744060517,5843.882885575295,5843.534521199764
5000.0,5649.277444556356,6024.965170025826,5862.8417298197755,5844.945904612542,5845.507562253625
7000.0,5652.021989226342,6026.456405222417,5862.857273966075,5846.443658322097,5846.944831684233
3000.0,5632.308752462269,6022.802026569844,5862.858276814223,5845.034155249597,5840.750802773983
6000.0,5663.35342116654,6034.858768433333,5862.859781086446,5849.098698794843,5852.5426673702905
6000.0,5649.68760944903,6034.187361598016,5862.859279662372,5848.772271722556,5848.876630607993
6000.0,5625.663128495217,6023.0346873402605,5862.856271117927,5845.919670164586,5839.368439279498
8000.0,5636.026561260224,6021.314802765847,5862.844738364221,5846.414074301721,5841.650044173003
6500.0,5634.5573887228975,6013.054342567922,5862.856772542001,5844.630508869887,5838.774753175677
2500.0,5641.805975139142,6015.042489022017,5862.85426542163,5844.485597312451,5841.04708172381
6500.0,5657.382463291288,6026.171596348287,5862.873319536448,5848.3791552484045,5848.701633606107
7000.0,5637.401716783644,6031.889836490155,5862.865296751262,5849.818242341281,5845.493773091585
7000.0,5626.260575279594,6033.8127978146085,5862.840225547553,5847.748363763095,5842.665490601213
6700.0,5631.1020754277715,6026.877601444722,5862.848749756814,5844.9644573032865,5841.4482209831485
7300.0,5640.9232180565605,6024.460235983134,5862.852259725333,5845.452342927457,5843.422014173121
5000.0,5631.637094914914,6025.876257568599,5862.84824833274,5845.351556688548,5841.4282893762
6500.0,5649.346390366555,6029.9658723175535,5862.868806719781,5848.1735713779935,5847.588660195471
4000.0,5632.344102859498,6032.0242181420335,5862.858276814223,5848.476431518794,5843.925757333637
5300.0,5644.933106377722,6040.3959944844255,5862.8763280808935,5850.081489980222,5849.571729730816
7000.0,5617.232936248184,6044.03131902218,5862.847245484591,5848.972841352225,5843.271085526795
5000.0,5614.311639592052,6034.40297394991,5862.857775390149,5846.715931594373,5839.572080131621
7000.0,5634.1226540505895,6031.370361149312,5862.866801023484,5847.815554589034,5844.043842703105
6500.0,5637.444087117911,6027.737042307855,5862.845239788295,5846.9240225851545,5843.737597949804
5000.0,5662.734413146974,6018.438634276391,5862.845741212369,5845.606280118228,5847.40626718849
7000.0,5645.029630512,6008.974254876376,5862.865798175336,5845.161015540362,5840.507674776019
4000.0,5637.462639808656,6007.5637489557275,5862.853763997556,5845.9066331386575,5838.446696475149
7500.0,5641.82252213359,6013.601396232844,5862.874322384597,5848.946265876294,5841.811126656831
7000.0,5615.353348106147,6014.102820307017,5862.859781086446,5847.662620246411,5834.994642436505
7000.0,5637.073033303023,6015.999707579614,5862.859781086446,5847.125595062972,5840.764529258014
3000.0,5626.80562324822,6020.000068843366,5862.863291054965,5846.754541248084,5839.105881098659
7000.0,5643.143273144961,6038.32260593772,5862.863291054965,5850.979039072991,5848.8270523026595
6000.0,5607.99219198525,6034.089583903552,5862.843735516072,5847.782962024213,5838.177118357272
6500.0,5615.120185911656,6018.020948022605,5862.847746908666,5844.027295708657,5835.004044137896
7000.0,5628.277804329992,6009.4681575894365,5862.858276814223,5844.628001749516,5836.308060120792
7000.0,5645.387898012997,6008.918095380069,5862.862288206817,5845.734143257142,5840.725606214256
8000.0,5655.48231676221,6014.905098825694,5862.8617867827425,5847.354745864869,5845.150987058879
8000.0,5653.880266845227,6017.986851185561,5862.843234091998,5846.918005496264,5845.407089404763
2000.0,5647.580124065281,6015.626648068429,5862.839222699405,5845.132935792209,5842.794732656331
6600.0,5660.633195564152,6019.010759145022,5862.8678038716325,5848.580727726222,5847.773121576757
6000.0,5629.385199397803,6017.310430109502,5862.846744060517,5847.1210822463045,5839.165863953532
7000.0,5636.693705990911,6016.30206629634,5862.860783934594,5847.048375755549,5840.726232994349
7300.0,5614.357269182802,6013.686638325454,5862.849251180888,5845.2282063663015,5834.030341263861
6700.0,5629.967854171992,6013.481054455043,5862.84824833274,5844.880218058825,5837.79434375465
6500.0,5647.837856039406,6013.977965712548,5862.858778238297,5845.845960825683,5842.6301402039835
6500.0,5645.765971764923,6017.967295646668,5862.842732667924,5846.034997701646,5843.15274944529
6700.0,5652.027755603195,6017.020105570556,5862.856271117927,5845.997892320157,5844.475506152959
8500.0,5641.238613799215,6016.101496666671,5862.855769693852,5844.206304103137,5841.100546065719
6500.0,5638.883926346899,6014.444791525603,5862.845741212369,5843.310760706664,5839.871304947884
7000.0,5658.866929262877,6020.6403873860845,5862.849752604962,5845.413231849671,5846.942575275899
6500.0,5641.137075424195,6023.048727214337,5862.847746908666,5845.142462849618,5843.044003099204
2500.0,5642.637586966158,6029.422830045224,5862.8678038716325,5845.7291290164,5845.164337474854
6400.0,5639.687458425761,6043.432618677617,5862.870310992003,5849.292749911548,5848.820784501732
7000.0,5632.100160047413,6043.0425107479105,5862.86028251052,5848.297423124314,5846.575094107539
5000.0,5630.917300656439,6042.746670544148,5862.859279662372,5847.1356235444555,5845.914718601854
6000.0,5640.119936689735,6045.462383329869,5862.870310992003,5848.528579622508,5849.245302658529
2500.0,5626.7625007778415,6043.60360428691,5862.86028251052,5848.519052565099,5845.436360035093
8000.0,5638.188952580095,6042.731627821923,5862.874823808671,5849.551986157895,5848.336847592146
6000.0,5610.232805460692,6029.434864223004,5862.844738364221,5846.004410833121,5837.12920472026
7000.0,5629.946292936803,6024.818754196168,5862.858276814223,5846.289721131326,5840.97826126963
7000.0,5612.331014499069,6018.950086832047,5862.846744060517,5844.345699995757,5834.618386346848
4000.0,5631.2209129333505,6016.74783229828,5862.846242636443,5844.136606156827,5838.737898506225
6800.0,5649.098937585951,6019.3416990339765,5862.859279662372,5846.045026183129,5844.336235616357
8000.0,5628.55935394764,6012.14576214552,5862.85426542163,5842.529541999103,5836.522230878473
3000.0,5637.629363313318,6006.327237188817,5862.857775390149,5841.281497478486,5837.023968342693
6000.0,5677.090184390546,6020.446837693454,5862.861285358668,5846.771088242532,5851.7923489213
6500.0,5648.797331005336,6016.772402077914,5862.84824833274,5844.663602858783,5843.270396068693
4000.0,5652.17968709767,6015.094135701657,5862.845239788295,5844.183740019799,5843.575700651855
7000.0,5649.1385500878105,6012.826696038247,5862.863792479039,5845.243249088527,5842.518071923406
7000.0,5616.429654881359,6011.391620337964,5862.8617867827425,5845.679488033057,5834.090637508781
6500.0,5635.12424863875,6015.245064347983,5862.8617867827425,5846.030986309052,5839.815521519632
4000.0,5637.122674286366,6020.954278856517,5862.866801023484,5845.400194823743,5841.585987247528
7200.0,5653.807058930398,6034.755976498128,5862.876829504968,5848.743189126254,5850.045763514937
6500.0,5629.17811125517,6037.020407617093,5862.857273966075,5847.554814070464,5844.1526517272005
6000.0,5626.617338508368,6041.879206895829,5862.870310992003,5846.99672907591,5844.590896368028
6500.0,5618.911704048515,6041.948403418065,5862.865296751262,5846.502324938775,5842.556932289154
4000.0,5628.921131417156,6043.200960755349,5862.859781086446,5847.171224653722,5845.538274478168
7000.0,5652.237100154162,6047.866711765529,5862.869308143855,5850.159712135793,5853.283208049835
7000.0,5629.537130892278,6043.217507749797,5862.841228395701,5847.371292859317,5845.741789974273
6800.0,5639.935161918403,6035.303030163051,5862.868806719781,5846.307270973922,5846.103567443789
4000.0,5640.816916152836,6029.513587802649,5862.848749756814,5845.282861590386,5844.615528825671
4000.0,5670.75042910874,6032.247853279115,5862.863291054965,5846.3965244591245,5853.064524475486
5000.0,5675.091006606818,6027.45173200965,5862.869308143855,5846.908478438855,5853.080131299795
7000.0,5646.397515386344,6024.2060139775285,5862.86629959941,5847.151167690755,5845.155249163509
7000.0,5637.690537050367,6024.846833944322,5862.86629959941,5847.033333033324,5843.109250906856
3000.0,5632.932022586466,6029.547183215619,5862.848749756814,5846.719942986966,5843.011974636466
6500.0,5651.880086213351,6040.424575656653,5862.865296751262,5849.48529675603,5851.163813844324
6000.0,5611.822319775821,6038.276474922896,5862.858778238297,5847.474586218596,5840.108039788903
6500.0,5619.005721062423,6032.296992838384,5862.84223124385,5845.167032629252,5839.827994443477
7200.0,5633.669868111611,6026.702103018762,5862.863792479039,5843.819204717875,5841.763742081822
6500.0,5653.031606599689,6023.956806212665,5862.862789630891,5843.298726528884,5845.787482243032
6000.0,5674.639223515988,6033.275271207095,5862.858276814223,5846.290723979474,5854.265873879195
2000.0,5680.840585753323,6042.813861370088,5862.858778238297,5848.60329180956,5858.779129292817
8000.0,5660.796910524369,6043.969643861056,5862.869809567929,5849.716954678298,5854.338329657913
7300.0,5610.900953039528,6028.756938874722,5862.8417298197755,5845.191100984813,5836.92268067971
6500.0,5641.354442760349,6019.542268663646,5862.84824833274,5844.239398092032,5841.996089462192
7500.0,5639.301612600685,6017.262794822455,5862.84223124385,5844.131090492011,5840.88443228975
7000.0,5630.477301031352,6009.973593056203,5862.847245484591,5843.293712288142,5836.647962965072
8000.0,5640.282398089767,6008.971747756005,5862.862288206817,5843.19493174553,5838.82784144953
3000.0,5656.546087935568,6013.051334023477,5862.856772542001,5843.764048069716,5844.05456064269
6800.0,5701.412761956454,6032.9488441348085,5862.862288206817,5849.238596111537,5861.615622602404
7000.0,5661.543029546739,6030.6006751954565,5862.855769693852,5847.137629240752,5850.5342759192
5000.0,5642.618532851339,6025.981055200101,5862.856271117927,5843.826726078988,5843.820646312089
6400.0,5662.869546934963,6025.45706704259,5862.865798175336,5845.978838205338,5849.292812589557
6500.0,5649.427119642497,6024.984224140645,5862.857273966075,5844.846121221782,5845.52868474275
3000.0,5654.5421466231355,6027.705452591182,5862.860783934594,5845.860502123834,5847.742221318186
5000.0,5643.25609356165,6039.196588099004,5862.870310992003,5848.672488331796,5848.498870246113
7500.0,5596.8578197062025,6031.644640117885,5862.855268269778,5846.070097386838,5834.356956370176
7000.0,5601.783809810878,6023.976361751557,5862.845741212369,5844.00723874569,5833.153287880124
5300.0,5620.759201049806,6021.281708776952,5862.84223124385,5843.593062460423,5837.119050882758
6000.0,5625.273020565511,6021.227554976941,5862.843735516072,5844.138611853124,5838.370730727912
5500.0,5618.521846830846,6019.1707134246835,5862.865296751262,5845.222690701486,5836.445136927069
6800.0,5613.375731557609,6013.478547334672,5862.852259725333,5844.325141608716,5833.507920056582
7000.0,5652.078399434687,6009.717866778375,5862.845741212369,5842.730613052846,5841.843155119569
7300.0,5648.793821036817,6008.720534294845,5862.848749756814,5841.022762656213,5840.346466936172
6000.0,5651.746707409621,6011.243700236083,5862.847245484591,5841.913291811944,5841.93773623556
4000.0,5660.231805592776,6015.473713725806,5862.868305295707,5844.626497477294,5845.800080522896
7500.0,5655.883205309511,6028.706295043231,5862.85426542163,5847.520215809346,5848.7409953959295
7000.0,5638.82701471448,6024.381512403489,5862.85426542163,5845.979339629413,5843.010533042253
7200.0,5627.09394209087,6022.879245877267,5862.851758301259,5843.9325265586385,5839.189368207009
7000.0,5647.2920559346685,6020.5736979842195,5862.855769693852,5843.947569280864,5843.667273223401
7400.0,5638.964655622841,6022.838129103185,5862.859781086446,5843.775580823422,5842.109536658973
7000.0,5642.908606678248,6025.2264119684705,5862.863792479039,5843.876367062331,5843.718794547022
2400.0,5645.902860537172,6030.950669199229,5862.84824833274,5844.658588618041,5846.090091671796
5000.0,5674.888681992889,6044.307102262975,5862.880339473487,5849.73400309682,5857.952531706543
7500.0,5625.139892473818,6045.677995681764,5862.847245484591,5848.485958576203,5845.537773054094
3000.0,5625.781213864685,6035.15511006117,5862.853763997556,5845.11388167739,5842.2259924002
8000.0,5661.688693240286,6039.121374487878,5862.873820960523,5848.571200668813,5853.063772339375
7500.0,5625.155687332154,6032.610884308816,5862.8502540290365,5846.5930826962,5841.802477091552
7000.0,5649.465729296208,6021.143817156554,5862.840726971627,5840.110672265292,5843.3902364224205
6000.0,5631.807579100133,6016.379787027837,5862.854766845704,5839.582672715188,5837.656201422215
5000.0,5631.310166418553,6021.109218895436,5862.853763997556,5843.0279575288305,5839.575276710094
6500.0,5621.015930175782,6023.839472979308,5862.874322384597,5845.67497521639,5838.351175189019
7600.0,5619.161413237453,6024.6146745979795,5862.862288206817,5846.889424324037,5838.3819500915715
7500.0,5636.217353120447,6023.24729114771,5862.851758301259,5845.574690401555,5841.972773242743
7000.0,5661.403132230044,6016.07141122222,5862.848749756814,5839.421214163304,5844.936126843096
6800.0,5652.789920195938,6021.4897997677335,5862.845239788295,5841.636004298926,5844.690241012723
6500.0,5652.745544165374,6027.332393079997,5862.845741212369,5842.7932910621175,5846.429242379964
8000.0,5637.932724878193,6031.719352304936,5862.861285358668,5844.177722930909,5844.172771368177
7500.0,5634.4952121377,6036.591690033675,5862.846744060517,5845.15349417925,5844.7717851027855
6000.0,5651.33202970028,6038.102480769158,5862.848749756814,5845.011089742185,5849.323587492109
6500.0,5652.148849517108,6033.245687186719,5862.84824833274,5843.663261830808,5847.976511716844
4000.0,5665.045978128911,6029.463946819306,5862.855769693852,5844.996047019959,5850.590435415507
6000.0,5661.413912847639,6031.7313864827165,5862.864293903113,5846.548455953599,5850.639512296767
7400.0,5644.320115447045,6024.348418414594,5862.856271117927,5844.56833228469,5844.023284316064
6500.0,5655.129314213992,6021.248113363982,5862.8617867827425,5843.75251531601,5845.747932419182
6800.0,5664.967254549266,6026.063790172339,5862.8617867827425,5846.005915105344,5849.974686652423
7500.0,5654.791103675962,6030.5339857935915,5862.85426542163,5846.292729675771,5848.618021141739
7500.0,5654.438101127745,6034.113150835038,5862.84824833274,5846.300251036883,5849.4249378331015
8000.0,5630.883203819395,6031.940981745721,5862.856772542001,5845.957276970149,5842.909558769316
5000.0,5614.2973490059385,6027.583606541158,5862.840225547553,5844.596913456918,5837.329523637892
6500.0,5636.759141832591,6026.83046758175,5862.8617867827425,5846.300251036883,5843.187911808492
6500.0,5638.697898015381,6020.376136898995,5862.865798175336,5846.12926542759,5842.017274629326
6500.0,5653.11333872378,6021.17340117693,5862.860783934594,5845.7877956330785,5845.733829867096
7500.0,5668.775821104647,6024.208521097899,5862.849251180888,5846.0400119423875,5850.468401331455
7500.0,5656.211638078094,6021.733491867782,5862.848749756814,5845.406211912633,5846.550022903831
5000.0,5641.771126165987,6021.68886512518,5862.857273966075,5843.954087793828,5842.5678382627675
7000.0,5664.135392010213,6027.437190711499,5862.873319536448,5846.984694898129,5850.3576492890725
5000.0,5657.017927989365,6033.27827975154,5862.855769693852,5847.508181631566,5850.165039766581
7000.0,5663.438412547112,6033.858928829432,5862.85426542163,5846.4195899665365,5851.642799191178
6000.0,5653.34650091827,6035.377742350102,5862.840225547553,5846.169379353524,5849.433462042362
7000.0,5637.0271530002365,6031.442566215993,5862.8647953271875,5845.2833630144605,5844.154469389469
5000.0,5616.990999132396,6033.7877266109,5862.843735516072,5845.528057962657,5839.787629805506
4000.0,5641.6044026613245,6032.990963757039,5862.8532625734815,5845.566166192294,5845.753698796035
6000.0,5665.64066708088,6031.243500858546,5862.873319536448,5847.186267375947,5851.735938712955
7000.0,5656.371592357756,6032.1952037513265,5862.846242636443,5846.525891870261,5849.484732653947
7000.0,5661.548795923592,6022.573377192021,5862.837217003108,5843.3438546955595,5847.57581120357
3000.0,5648.464385420085,6014.646865427495,5862.858276814223,5843.011410534383,5842.2452345490465
6000.0,5643.29996816814,6024.773124605418,5862.871815264226,5846.672809123994,5844.404429290445
6200.0,5630.617198348046,6021.463224291802,5862.870812416078,5846.600102633239,5840.387834422291
7000.0,5643.0424869060525,6022.457548230887,5862.847746908666,5846.495305001737,5843.7107717618355
6000.0,5643.642190098763,6018.668787926436,5862.843234091998,5844.891750812531,5842.511490732432
7000.0,5630.048583447934,6013.809487223626,5862.853763997556,5843.866840004922,5837.644668668509
7500.0,5621.611872687937,6009.089080989362,5862.855769693852,5842.5160035491,5834.018181730063
6500.0,5638.652769848705,6005.001471936704,5862.846744060517,5836.670401692391,5835.792846884579
4000.0,5648.708578944207,6012.78858780861,5862.845239788295,5840.0856010615835,5841.107001900674
6700.0,5652.792928740383,6029.411297291518,5862.874823808671,5844.867181032897,5847.486557718367
7000.0,5607.957092300058,6036.448784172536,5862.858276814223,5845.290884375573,5838.138759415598
3000.0,5611.55907213688,6038.212292641402,5862.856772542001,5844.233381003142,5839.215379580856
6000.0,5640.710363537074,6046.338371187449,5862.870812416078,5847.127600759269,5849.261786974967
6500.0,5641.182454302908,6046.05606943369,5862.86629959941,5847.9474291205415,5849.513063114137
6500.0,5646.841526404024,6044.952435046435,5862.860783934594,5847.640557587148,5850.57382574305
6000.0,5640.441098809243,6043.586054444314,5862.8532625734815,5846.570017188788,5848.362608253957
3500.0,5646.936796978117,6041.106010973454,5862.863792479039,5846.824740618468,5849.43283526227
6500.0,5661.8240777403125,6044.160185009242,5862.876829504968,5849.937581270934,5854.699668381364
6600.0,5643.935773894192,6043.653245270253,5862.857775390149,5849.775119870902,5850.055478606374
6000.0,5642.323194071651,6040.286684036256,5862.860783934594,5847.151669114829,5848.155582789333
2500.0,5644.043580070139,6038.663072884084,5862.857273966075,5846.928033977748,5848.122990224511
3000.0,5647.860670834781,6041.525201499463,5862.865296751262,5849.304784089328,5850.388988293708
6500.0,5616.339899972082,6033.5024163126955,5862.861285358668,5847.908318042756,5840.1529799215505
3000.0,5598.287881165744,6012.4250553548345,5862.85426542163,5843.91948953271,5829.37167286873
7000.0,5648.028647899629,6013.62496316433,5862.864293903113,5846.995726227761,5842.878407798708
6000.0,5644.334155321122,6007.405298948289,5862.858778238297,5845.626337081195,5840.056142397226
7300.0,5644.505893066526,6008.775189518929,5862.862288206817,5846.097675710917,5840.5602616257975
6500.0,5622.743336111308,6009.396955370904,5862.847245484591,5844.4745659828195,5834.865525737406
7400.0,5647.558312118054,6010.330606997014,5862.857775390149,5844.78344321251,5841.382534429432
2500.0,5655.599900707603,6008.732568472625,5862.854766845704,5844.228366762401,5842.853900697083
6000.0,5662.797091156245,6017.043171077968,5862.873820960523,5847.057902812959,5847.4429965019235
7200.0,5631.659157574178,6014.720073342324,5862.863792479039,5846.629185229541,5838.9680521562705
8000.0,5628.744880855084,6013.407345116139,5862.858778238297,5845.608787238599,5837.65494786203
6500.0,5618.470952287317,6013.072393834592,5862.85426542163,5845.148479938508,5834.886522870512
6000.0,5635.975666716696,6018.710907548667,5862.851758301259,5845.764228701592,5840.8256403170535
7000.0,5632.11846202612,6019.076445698739,5862.848749756814,5845.077277719975,5839.780233800412
7000.0,5629.781575128437,6015.033463388682,5862.84824833274,5843.757529556752,5837.855204101653
7000.0,5653.697999194265,6014.086774736644,5862.8532625734815,5844.937881827355,5843.8939795829365
7000.0,5645.941971614958,6012.744462490083,5862.859781086446,5844.464036077262,5841.502562817187
6000.0,5644.007978960873,6014.249236136676,5862.855268269778,5843.1061796844015,5841.054665762932
8000.0,5656.874019280077,6016.196265816689,5862.8417298197755,5843.403524160386,5844.828884769232
6000.0,5642.4131996929655,6010.809968411923,5862.849251180888,5843.112698197366,5839.796279370786
5500.0,5644.727773219348,6015.01641497016,5862.866801023484,5845.20163089037,5841.953155025841
6000.0,5644.492856040598,6021.679338067771,5862.853763997556,5846.223031729461,5843.812247458846
5000.0,5653.168244659902,6024.370481073857,5862.865296751262,5846.362929046155,5846.691737882794
7200.0,5653.812323883177,6027.800723165275,5862.873820960523,5847.4169224500665,5847.97594761476
7500.0,5638.91651891172,6031.994132697583,5862.862288206817,5847.399874031545,5845.293203461916
7200.0,5639.196313545109,6034.468159079553,5862.846242636443,5846.725960075856,5845.80916883424
7000.0,5642.281325161458,6033.412159979344,5862.856772542001,5846.108205616475,5846.1646158248195
8500.0,5623.108122125269,6030.514931678773,5862.859279662372,5845.095328986646,5840.394415613265
7400.0,5633.3572302013645,6027.071151137353,5862.846242636443,5844.543762505055,5841.954596620054
6800.0,5678.090776130558,6030.161929130555,5862.852761149407,5845.320468395949,5854.106483701617
8600.0,5665.622114390136,6032.964388281108,5862.857273966075,5843.980663269759,5851.356109976769
7000.0,5655.2900206297645,6025.7423773407945,5862.852259725333,5837.748964875937,5845.408405642957
2500.0,5637.5055115669975,6029.568243026734,5862.86028251052,5839.810820668937,5842.436214443297
6500.0,5637.500497326256,6046.46222293377,5862.8723166883,5845.502986758948,5848.084505926819
5000.0,5618.627145886422,6049.082163721324,5862.858276814223,5846.1443081498155,5844.177973642946
6800.0,5623.41348938644,6050.6375811994085,5862.859781086446,5846.467726677657,5845.844644587488
2500.0,5612.906147912146,6044.965472072364,5862.8532625734815,5843.598076701165,5841.080739814789
2000.0,5646.660261601211,6048.716124147178,5862.870310992003,5845.842952281238,5851.022412255407
7000.0,5646.955349668861,6044.529233127833,5862.869809567929,5846.545447409154,5850.224959943444
7000.0,5637.867038324476,6033.339453488589,5862.854766845704,5843.014419078828,5844.268919434399
6000.0,5668.93126256764,6030.418658256532,5862.859781086446,5842.748162895442,5851.239466201515
6500.0,5656.238965690137,6033.698974549771,5862.856271117927,5842.875023186208,5848.917308636011
6000.0,5663.810970634223,6035.156112909318,5862.8647953271875,5844.254440814258,5851.5215799212465
6000.0,5648.886584490539,6043.293724209071,5862.865296751262,5846.136285364629,5850.295472703875
6500.0,5650.504178553821,6044.8631815612325,5862.842732667924,5845.891590416432,5851.025420799852
7000.0,5642.623296380044,6042.69402101636,5862.863792479039,5844.784947484733,5848.241514340044
6400.0,5637.038435041905,6043.9876951277265,5862.856772542001,5844.649562984706,5847.133116424085
6800.0,5643.902679905296,6045.914166420699,5862.860783934594,5845.542599260808,5849.555057380349
3000.0,5646.5817887336025,6042.181064188481,5862.855268269778,5844.0744295716295,5848.923137690873
6000.0,5667.527275159956,6045.290394872428,5862.871313840152,5846.4747466146955,5855.540932621808
6000.0,5643.740719929338,6034.566939622165,5862.849251180888,5844.157665967942,5846.328644175083
7200.0,5648.096590861679,6027.287264913321,5862.862288206817,5844.682656973601,5845.732200238855
4000.0,5643.5612101107845,6024.739529192449,5862.857775390149,5844.549278169871,5843.926948215813
5000.0,5651.708348467947,6030.5485270917425,5862.873820960523,5847.378814220429,5848.12737768516
7200.0,5638.4208612144,6035.676089674235,5862.875325232745,5848.936237394811,5846.477128379048
7400.0,5634.165525808931,6033.993811905385,5862.863291054965,5847.553309798242,5844.643984641881
7000.0,5638.055072352291,6034.085572510959,5862.863792479039,5846.095670014621,5845.275026839227
8000.0,5649.981193244458,6035.810972750188,5862.864293903113,5846.07160165906,5848.682015389205
6500.0,5652.21754461527,6037.971609085799,5862.841228395701,5845.336012542249,5849.591598659755
2500.0,5662.627860531212,6035.841559618712,5862.859781086446,5845.581710338593,5851.727727893741
7500.0,5666.643515229226,6043.971649557353,5862.8678038716325,5848.432807624341,5855.478944070638
6500.0,5636.505922675134,6034.886848181487,5862.8502540290365,5845.075272023679,5844.829574227334
4000.0,5643.895409256221,6025.889796018601,5862.86028251052,5843.473222106696,5844.0296774730095
6500.0,5653.252985328437,6025.232429057361,5862.8647953271875,5844.727785140277,5846.519498713315
6500.0,5651.008611172439,6021.154347062112,5862.858778238297,5844.275500625373,5844.824309274555
5500.0,5661.743348464371,6020.535088330508,5862.857775390149,5844.746337831021,5847.470637504012
6500.0,5648.381399735809,6021.134290099145,5862.855268269778,5844.183238595725,5844.138549175114
6500.0,5642.583934590221,6017.937210202218,5862.860783934594,5842.852960526944,5841.558722313494
5000.0,5651.839220151306,6018.310771137477,5862.862789630891,5843.947569280864,5844.240087550134
7000.0,5658.24541412294,6024.901990592481,5862.860783934594,5846.05956748128,5848.016939032824
5500.0,5644.33089606464,6026.909191161395,5862.849251180888,5845.09583041072,5844.796292204411
6000.0,5656.929175928236,6025.028349459172,5862.871313840152,5845.446325838567,5847.568791266532
6800.0,5642.976549640299,6031.091569364072,5862.859279662372,5846.955110877753,5845.970627386124
5000.0,5650.093512237073,6029.5050635933885,5862.849251180888,5845.5877274274835,5847.008888609708
8000.0,5645.615544542671,6029.445895552636,5862.874322384597,5846.840786188842,5846.194137167186
7000.0,5619.691167771817,6026.499527692796,5862.859279662372,5845.481425523759,5838.632850162686
7300.0,5650.754138454796,6025.912861526013,5862.859279662372,5845.394679158927,5846.230239700527
6000.0,5670.083033666016,6030.7340539991865,5862.845239788295,5845.85047364235,5852.378200273962
6000.0,5674.8224940150985,6034.692295640708,5862.847746908666,5845.661938190461,5854.506118688733
6500.0,5655.879193916918,6035.2884888649,5862.866801023484,5845.4949639737615,5849.882361944766
5000.0,5649.268920347095,6038.335141539575,5862.860783934594,5846.145812422038,5849.1526645608255
7500.0,5657.486007362605,6038.296030461789,5862.846744060517,5845.308935642243,5850.984429381789
3000.0,5653.060438483954,6028.97054553032,5862.8532625734815,5842.696516215802,5846.8951907008895
7000.0,5670.841437578202,6035.622938722373,5862.8617867827425,5845.748183131219,5853.768586553634
7000.0,5623.767244070769,6027.083686739207,5862.849251180888,5842.849450558425,5839.137408137322
6000.0,5637.59652003646,6017.979831248523,5862.84824833274,5841.24589636922,5839.9176239967355
6500.0,5659.295396134258,6019.535750150681,5862.855268269778,5843.121222406627,5846.201909240336
7000.0,5651.950285583735,6022.393365949393,5862.845741212369,5842.977815121413,5845.041801966728
7500.0,5646.530392766,6020.1128892600545,5862.85426542163,5843.413051217795,5843.22764966637
5000.0,5630.217312648893,6014.403674751521,5862.856271117927,5841.009725630284,5837.121746037156
7000.0,5672.318382188679,6017.355056852103,5862.865798175336,5844.352218508721,5849.22286393121
8000.0,5662.5255700200805,6020.935726165772,5862.845239788295,5844.477574527265,5847.696027625353
5000.0,5654.4899985194215,6014.945714175702,5862.847746908666,5843.3990113437185,5843.920617736877
4000.0,5636.071188002826,6014.330968260766,5862.857775390149,5844.792970269919,5839.513225480915
6000.0,5627.267936244608,6017.166521400214,5862.8763280808935,5845.827909559012,5838.284673821182
6500.0,5614.877747371794,6015.807160735131,5862.865798175336,5845.051705092193,5834.650602843613
7000.0,5638.883926346899,6017.362076789142,5862.844738364221,5844.684662669898,5840.94385104254
6800.0,5634.914151951672,6011.967756599189,5862.844236940146,5842.825883626939,5838.138007279486
3000.0,5625.596940517426,6003.479649871589,5862.853763997556,5841.956915706397,5833.471817523242
6000.0,5629.871079325677,6003.6270685493955,5862.859781086446,5843.744993954898,5835.025730729104
7300.0,5621.232043951751,5996.716441959144,5862.842732667924,5842.089291661979,5830.720127560199
6800.0,5644.907533749939,5989.568140357734,5862.845239788295,5840.626136213542,5834.486762527377
7400.0,5652.988484129311,5989.863980561496,5862.852761149407,5839.594706892968,5836.324983183295
6500.0,5656.268048286439,5994.251942634583,5862.863291054965,5840.124210715295,5838.3768731728205
6500.0,5655.037553608418,6009.364362806083,5862.849251180888,5842.194590717555,5842.361439578236
6500.0,5666.5810879319915,6019.570849835874,5862.846744060517,5843.619637936355,5848.154579941184
7000.0,5653.016563877464,6027.159401774407,5862.842732667924,5843.767558038236,5846.696564089508
6000.0,5633.045595139266,6025.059437751771,5862.855268269778,5841.881702095271,5840.7105008140215
8500.0,5623.035917058588,6022.190289199353,5862.847245484591,5841.460505872966,5837.383489403875
7500.0,5632.498040050269,6017.47840717435,5862.845239788295,5841.053349524737,5838.468759134413
8000.0,5662.179587408901,6021.679338067771,5862.844738364221,5842.163001000882,5847.216666210444
8400.0,5649.885170534254,6023.461399227382,5862.855769693852,5842.253257334233,5844.61389919743
7000.0,5645.6020060926685,6026.283915340901,5862.848749756814,5842.451319843532,5844.296497758479
7000.0,5658.854142948986,6032.692115008832,5862.849251180888,5843.500800430776,5849.47407739237
6800.0,5674.491554126144,6036.783735454083,5862.846744060517,5844.132093340159,5854.563531745226
5000.0,5656.21289163828,6038.46551179886,5862.847245484591,5843.123228102923,5850.162219256164
8000.0,5646.989697217942,6039.714559167624,5862.873319536448,5844.758873432876,5848.584112338723
7000.0,5625.528746843339,6035.543713718654,5862.843234091998,5843.193427473308,5841.7772805318245
6700.0,5661.118574067951,6034.622096270324,5862.8502540290365,5843.19493174553,5850.44646402821
6000.0,5667.887548357249,6037.606572359801,5862.856772542001,5844.591397792102,5853.235572762788
7000.0,5643.240298703314,6037.240532785655,5862.847245484591,5843.886896967889,5846.803743485362
7500.0,5639.7869911044845,6034.8738111555585,5862.85426542163,5843.7149085104475,5845.30749404803
7000.0,5635.255621746183,6031.645141541959,5862.844236940146,5842.94020831585,5843.171302136035
2500.0,5651.65043398738,6033.067180216313,5862.840225547553,5843.360401690007,5847.729560360313
5000.0,5660.042768716813,6035.890197753907,5862.872818112374,5845.079283416272,5850.971266999842
7300.0,5620.63058577478,6026.581259816886,5862.85426542163,5842.913632839919,5838.244935963304
4000.0,5640.585508942605,6019.525220245124,5862.845239788295,5842.166510969401,5841.280619986356
7200.0,5663.173660635949,6021.296250075103,5862.8532625734815,5844.177221506835,5847.875098697842
3000.0,5635.209240019322,6017.625324428082,5862.8532625734815,5841.553269326688,5839.3102740868935
6500.0,5656.906110420824,6029.329565167428,5862.870310992003,5845.117391645909,5848.555844556541
8000.0,5631.303898617626,6028.3803693950185,5862.86028251052,5844.780434668065,5841.831246297807
7000.0,5636.084225028754,6027.762113511563,5862.849752604962,5843.99520456791,5842.6728239282975
7500.0,5635.585308074952,6028.340756893159,5862.858778238297,5843.211980164052,5842.499205842615
3000.0,5638.028246164323,6030.294305086137,5862.857273966075,5842.889063060285,5843.517222069205
6500.0,5658.015260472895,6042.71558225155,5862.862288206817,5846.970655024053,5852.640946488828
5000.0,5623.321979492904,6034.268090873958,5862.863291054965,5845.084799081088,5841.384540125729
6000.0,5629.643432796002,6033.090747147799,5862.874823808671,5846.219020336867,5842.957006022335
7000.0,5652.416108548642,6033.521470427514,5862.858276814223,5846.959623694421,5848.9388698712
8000.0,5669.860150665046,6031.967055797578,5862.844236940146,5845.8138696849355,5852.621328271926
6000.0,5643.7061216682205,6019.176229089499,5862.850755453111,5843.18289756775,5842.229000944645
8000.0,5637.0243951678285,6014.949725568295,5862.865798175336,5843.592059612275,5839.607994630934
7000.0,5634.511508420111,6011.505443602801,5862.839724123479,5842.499456554652,5837.839033175261
7000.0,5668.98892633617,6013.107994943858,5862.862789630891,5843.470213562251,5847.1074811182925
7000.0,5657.47698172927,6019.737322628499,5862.847746908666,5843.924503773452,5845.996638759972
7500.0,5666.003698110581,6025.815585255624,5862.843735516072,5843.59506815672,5849.564521759749
7000.0,5652.787663787604,6026.579254120589,5862.8532625734815,5842.763205617667,5846.2458465248355
7000.0,5633.13133865595,6023.949284851552,5862.836715579034,5841.405349224807,5840.3306720778355
6800.0,5647.027805447579,6018.1994549930105,5862.850755453111,5841.84910953045,5842.481781356038
4000.0,5653.582420945168,6013.501612842084,5862.864293903113,5842.239718884231,5843.047011643649
8000.0,5680.946135520936,6024.7189708054075,5862.868305295707,5847.326666116715,5853.965019434691
2500.0,5646.078108251096,6022.479610890151,5862.854766845704,5846.179909259082,5844.398098811508
6000.0,5670.33650353551,6032.533163577319,5862.865296751262,5848.972841352225,5853.676951304079
6000.0,5626.474683359266,6025.678696483375,5862.846744060517,5845.765231549741,5840.191338863225
6000.0,5631.898838281632,6017.24775210023,5862.8678038716325,5843.447148054839,5838.8653855770835
7000.0,5627.102717012168,6007.113971561194,5862.856271117927,5841.708710789681,5834.695417620243
4000.0,5649.1849318146715,6007.990962266923,5862.859279662372,5843.07960420847,5840.778694488109
6500.0,5671.289710700513,6012.925978004933,5862.8647953271875,5845.315955579282,5848.099109902979
7000.0,5653.971526026727,6013.762854784728,5862.847245484591,5845.12591585517,5843.926885537804
3000.0,5640.536118671299,6009.904396533967,5862.851758301259,5843.899432569743,5839.297926519067
6500.0,5639.169738069178,6015.921986848117,5862.862288206817,5846.218518912793,5841.043133009226
7200.0,5609.976327046753,6007.911737263204,5862.863291054965,5844.281517714263,5831.258218269796
7000.0,5636.915586143733,6003.680720925332,5862.857273966075,5843.044003099204,5836.624396033586
2500.0,5652.2955160588035,6005.780684947968,5862.866801023484,5843.527877330781,5841.117719840259
3000.0,5676.469672098757,6022.365787625314,5862.866801023484,5847.831098735333,5852.383339870722
4000.0,5661.180750653149,6025.933921337129,5862.875826656819,5849.401057511569,5849.847889039666
7000.0,5624.170389026404,6025.470605492593,5862.87833377719,5848.982368409635,5840.375424176455
7500.0,5608.1895023584375,6021.171896904708,5862.859781086446,5846.555475890637,5834.694164060057
7500.0,5624.771095067264,6016.627490520478,5862.857273966075,5843.476230651141,5836.933022551239
7200.0,5642.039889469744,6010.2217979729185,5862.84824833274,5836.947689205409,5838.014406245203
6000.0,5641.703935340048,6015.881371498109,5862.85426542163,5839.370068907739,5839.952410291881
7000.0,5622.380305081607,6024.085170775653,5862.846744060517,5841.273474693299,5837.646423652769
7500.0,5625.514957681299,6028.441543132068,5862.86028251052,5843.02545040846,5839.960558433087
4000.0,5628.953222557903,6025.482639670373,5862.8387212753305,5838.181693851949,5838.864069338889
6800.0,5629.251068457962,6027.661828696729,5862.868305295707,5841.219320893289,5840.2501308359215
7200.0,5619.145869091154,6027.324871718884,5862.843234091998,5842.469872534276,5837.945961859078
7500.0,5644.369255006314,6022.909331321717,5862.857775390149,5842.18556508422,5843.0804817006
6000.0,5642.848435789348,6021.351908147336,5862.855268269778,5842.663422226907,5842.429758608342
8000.0,5666.253908723594,6026.705111563207,5862.8617867827425,5845.058223605157,5850.219757668675
7000.0,5656.957757100464,6023.911176621915,5862.844738364221,5843.570498377086,5846.821042615921
7000.0,5671.930029243232,6018.082623183728,5862.84824833274,5842.945723980666,5848.951656185091
6000.0,5663.274196162821,6012.321260571481,5862.84824833274,5842.039650678636,5845.120838936419
5000.0,5669.8596492409715,6007.314039766789,5862.847746908666,5842.345519363881,5845.591738820077
7000.0,5658.552034944297,6007.045777887107,5862.85426542163,5843.429598212243,5842.970419116319
4000.0,5650.381580367685,6004.893164336682,5862.8387212753305,5842.025610804559,5840.034769196064
7000.0,5660.786882042886,6005.903032422067,5862.8617867827425,5842.67345070839,5843.056287989021
6000.0,5645.057960972191,6004.741232842208,5862.861285358668,5842.744652926923,5838.851283024997
5000.0,5648.061491176487,6013.000690191985,5862.867302447558,5844.855648279191,5842.196283023805
5000.0,5657.397756725551,6021.257138997317,5862.870310992003,5847.586403787137,5847.277902625502
4000.0,5641.161895915867,6028.062466531993,5862.867302447558,5847.551304101945,5844.910742249341
6500.0,5653.348757326604,6035.399303585292,5862.876829504968,5849.710937589408,5850.333957001568
6500.0,5619.965948164464,6037.605569511653,5862.854766845704,5848.206665366889,5842.1582374721775
6500.0,5628.161223232747,6038.676611334086,5862.869809567929,5846.466222405435,5844.043466635049
6500.0,5626.876324042679,6041.108518093825,5862.866801023484,5844.565323740245,5843.854241725058
6000.0,5633.692682906986,6045.5792151391515,5862.8502540290365,5844.366759806872,5846.622227970512
6000.0,5655.50814010203,6046.260149031878,5862.852761149407,5844.640537351371,5852.315396908672
7000.0,5644.428924471141,6043.15783828497,5862.870310992003,5844.720263779164,5848.79433438182
3000.0,5644.316856190563,6042.738647758962,5862.855268269778,5845.282861590386,5848.798408452422
6000.0,5672.842871770264,6048.753730952741,5862.8617867827425,5846.951600909234,5857.852497603745
7000.0,5634.78177599609,6036.006026715041,5862.869308143855,5844.487603008748,5844.5361784659335
6800.0,5625.152177363635,6024.70242381096,5862.840726971627,5841.783422976733,5838.619687780739
6000.0,5646.956101804973,6014.896574616433,5862.845239788295,5840.7610192894945,5841.364733874799
7000.0,5648.078038170935,6010.442424565555,5862.856271117927,5841.376768052579,5840.688375476749
7000.0,5637.070526182652,6006.46813735366,5862.857775390149,5841.117531806231,5836.878492683173
5000.0,5644.795716181398,6008.0882385373125,5862.85426542163,5840.593543648721,5839.082940947265
6800.0,5674.290984496475,6012.474696338178,5862.86629959941,5843.319284915925,5848.237816337497
5000.0,5652.128291130067,6013.452974706889,5862.844738364221,5842.793792486192,5842.804949171842
7000.0,5655.7074561715135,6007.937811315061,5862.846744060517,5841.638009995223,5842.032505385579
6600.0,5623.494469374419,5998.281386494637,5862.858778238297,5840.789600461722,5831.356058642269
6800.0,5637.687277793885,6003.722339123488,5862.865296751262,5843.308755010367,5836.895917169751
6600.0,5637.657192349435,6007.649993896485,5862.854766845704,5843.430099636317,5837.898013181985
7000.0,5648.751952126623,6012.192896008492,5862.858778238297,5843.3237977325925,5841.781856026501
7000.0,5639.661885797978,6015.206454694272,5862.844738364221,5842.502465099097,5840.053885988892
7000.0,5640.32175987959,6009.991142898799,5862.84824833274,5840.976631641389,5838.534445688129
7000.0,5645.427510514856,6006.614051759244,5862.847245484591,5839.917122572661,5838.701482582838
6000.0,5647.68091030419,6007.655008137227,5862.84824833274,5839.809817820788,5839.498496148736
7000.0,5647.289298102261,6011.334457993508,5862.869308143855,5841.510146856309,5840.750802773983
5000.0,5643.708628788591,6018.047523498536,5862.858778238297,5842.115365713836,5841.682574059815
7000.0,5658.237391337753,6021.435645967723,5862.853763997556,5842.206624895335,5846.183356549592
7000.0,5648.664955049754,6022.882755845786,5862.854766845704,5841.9062718749055,5844.077187404037
8000.0,5640.253064781428,6029.65900078416,5862.843735516072,5842.763707041741,5843.87987703085
6000.0,5623.381899669767,6026.795367896558,5862.84824833274,5842.004550993443,5838.757516723127
7000.0,5634.915405511857,6028.1512185931215,5862.844738364221,5842.113360017539,5842.0061806216845
4000.0,5641.66758209467,6022.3913602530965,5862.848749756814,5839.814330637456,5841.680505685509
7000.0,5665.906923264266,6021.838790923358,5862.8532625734815,5841.710716485978,5848.077423311771
6500.0,5639.94142971933,6013.775390386582,5862.8532625734815,5840.374421328307,5839.236126001925
5000.0,5662.600282207132,6011.1409083008775,5862.86629959941,5841.299047321082,5844.4766343571255
7000.0,5675.977273657919,6021.697389334441,5862.873820960523,5845.255784690381,5851.451067160816
7300.0,5674.01520125568,6028.795548528434,5862.837718427182,5844.512674212457,5852.540285605938
7000.0,5669.788447022439,6029.128494113685,5862.845741212369,5843.066065758468,5851.20718702674
7000.0,5640.515309572221,6027.255173772574,5862.849752604962,5842.745154350997,5843.341347575189
6000.0,5633.095737546683,6025.702263414861,5862.865296751262,5842.8188636899,5841.1205403506765
7500.0,5648.259302973748,6029.508573561908,5862.865296751262,5844.096993654967,5846.182541735471
6000.0,5668.31426024437,6031.843705475331,5862.855769693852,5843.666771799327,5851.67012680322
7000.0,5673.687269911171,6033.283795416356,5862.847245484591,5842.995364964009,5853.203418944032
7000.0,5657.175876572729,6032.979932427407,5862.847746908666,5842.714066058398,5848.9294054918
4000.0,5648.43555353582,6033.047624677421,5862.843735516072,5841.646534204484,5846.493361983449
5000.0,5653.887286782266,6036.185035109521,5862.875826656819,5844.011250138284,5849.239849671722
6500.0,5632.280171290041,6038.062868267299,5862.866801023484,5843.9731419086465,5844.295745622368
7000.0,5648.30819182098,6036.941182613374,5862.8502540290365,5843.401017040015,5847.875161375851
2500.0,5658.668866753579,6034.172820299865,5862.861285358668,5843.247581273318,5849.737638421358
7000.0,5652.508119866253,6041.636517643929,5862.873820960523,5845.515522360803,5850.633495207877
4000.0,5633.908295258881,6039.533545076848,5862.86028251052,5844.3702697753915,5845.16809815541
7500.0,5651.338297501207,6043.893928825856,5862.863792479039,5844.575853645802,5850.667968112976
4000.0,5633.414643257857,6037.5870168209085,5862.846242636443,5842.332482337953,5844.04509626329
7200.0,5648.075531050564,6037.40700557828,5862.868806719781,5845.154998451472,5848.376585450024
7200.0,5615.341313928367,6030.99880591035,5862.855268269778,5842.026112228633,5837.805375084282
8000.0,5647.606198117138,6027.986250072719,5862.864293903113,5841.000198572875,5844.864235166461
7000.0,5656.45558089018,6029.353633522988,5862.842732667924,5840.757007896901,5847.352238744498
6800.0,5684.94549393654,6034.489720314742,5862.862288206817,5843.445142358542,5856.43566120416
6000.0,5665.513054654003,6038.515152782203,5862.853763997556,5843.934030830861,5852.704000566156
7000.0,5663.522150367499,6039.512485265733,5862.84223124385,5843.741985410453,5852.404713071884
7000.0,5652.703424543143,6032.428365945817,5862.847746908666,5842.3700891435155,5847.587406635285
6000.0,5656.660161912442,6027.68840417266,5862.858778238297,5842.046670615674,5847.313503734768
3000.0,5647.89602123201,6028.874272108079,5862.855769693852,5841.716232150794,5845.335573796184
6500.0,5672.849139571191,6037.193398922683,5862.870812416078,5845.290884375573,5854.551058821381
8600.0,5652.8114814311275,6031.723865121604,5862.86629959941,5844.163181632758,5847.891206946225
8200.0,5656.391398608685,6025.042890757323,5862.853763997556,5837.969090044499,5845.564285852016
6000.0,5642.304892092944,6027.818774431945,5862.84223124385,5839.120861142875,5843.021689727903
7000.0,5643.157563731075,6035.818995535375,5862.866801023484,5842.163502424956,5846.001715678723
6500.0,5628.394636139275,6041.506648808719,5862.857273966075,5843.802156299354,5844.140178803355
2000.0,5636.969489231707,6039.603744447232,5862.855268269778,5843.48575770855,5845.728564914317
6500.0,5658.867932111026,6043.118225783111,5862.868806719781,5846.524889022113,5852.8449634090075
8000.0,5648.0920780450115,6035.699155181647,5862.847746908666,5844.448993355037,5847.77199337259
6000.0,5655.7189889252195,6024.934583157302,5862.852259725333,5842.465861141683,5846.492923237384
5500.0,5655.249154567719,6026.526103168727,5862.865296751262,5842.663422226907,5846.825994178654
6500.0,5647.42618687451,6028.58244329691,5862.85426542163,5842.695513367654,5845.389602240176
7000.0,5656.811090558768,6030.4587721824655,5862.86629959941,5842.034636437894,5848.042699694634
7200.0,5668.855296820403,6032.989960908891,5862.865798175336,5842.75518283248,5851.8665596842775
7200.0,5668.097645044328,6037.659221887589,5862.862288206817,5843.621142208577,5853.060074336828
8000.0,5662.860521301628,6042.366089671851,5862.857273966075,5843.970634788276,5853.013629931957
6000.0,5642.654384672643,6043.392003327609,5862.848749756814,5843.885392695666,5848.195132613183
6800.0,5632.9312704503545,6041.607936471702,5862.86629959941,5843.976651877166,5845.345539599658
7000.0,5632.8239656984815,6036.772202700377,5862.858276814223,5842.657405138017,5843.777962587775
4000.0,5655.523182824255,6034.168307483197,5862.856271117927,5841.925325989724,5848.618271853776
6000.0,5678.112337365747,6036.2101063132295,5862.868806719781,5844.537243992091,5855.432123597712
7000.0,5657.981414347888,6034.416010975839,5862.84223124385,5844.076936692,5849.829148314894
2500.0,5664.995083585382,6029.205211997033,5862.852761149407,5843.061051517726,5850.028527062387
8400.0,5666.914785653354,6034.238506853581,5862.869809567929,5845.022121071816,5852.26130578667
7500.0,5616.687136143447,6023.7828120589265,5862.851256877185,5841.3872979581365,5836.177125759424
6600.0,5652.736518532039,6022.259485721589,5862.8532625734815,5841.75183326006,5844.900275021792
7000.0,5656.453575193883,6027.908027917148,5862.86028251052,5843.383467197419,5847.651338204742
7300.0,5652.907504141332,6030.278259515763,5862.853763997556,5841.609930247069,5846.91236447543
8000.0,5655.702191218735,6030.99278882146,5862.845239788295,5841.055355221034,5847.648893762381
7500.0,5646.6254126280555,6026.56370997429,5862.839222699405,5839.8328833282,5843.965307157488
6500.0,5648.589992150665,6025.585431605578,5862.8532625734815,5839.578661322595,5844.15183691308
6000.0,5659.176809340716,6028.128654509784,5862.846242636443,5841.228847950698,5847.84513860941
8500.0,5656.507979705931,6027.599652111531,5862.851758301259,5841.716733574868,5847.169030923397
5000.0,5641.0653717815885,6020.73114514351,5862.845741212369,5840.542398393155,5841.296164132656
8000.0,5672.770165279509,6025.430491566659,5862.868305295707,5844.3181216716775,5851.346770953388
5000.0,5642.9437063634405,6026.862057298423,5862.857775390149,5843.829233199359,5844.123193062843
7200.0,5669.956925511361,6033.7721824646005,5862.874322384597,5846.490792185069,5853.273555636407
7500.0,5664.924884214998,6036.560100317002,5862.856772542001,5846.205983310939,5852.636935096235
6500.0,5663.943346589805,6030.085211247207,5862.848749756814,5839.007539302112,5848.971211723984
7000.0,5642.953985556961,6037.650196254254,5862.8417298197755,5840.746477991343,5846.048097405584
4000.0,5626.754728704692,6034.372387081386,5862.862288206817,5840.334808826447,5841.081053204835
6500.0,5643.456412479282,6036.22214049101,5862.865798175336,5843.248584121467,5846.448233816774
3000.0,5645.900102704764,6035.15761718154,5862.844738364221,5843.341347575189,5846.8109514564285
7500.0,5684.788046777249,6035.047805309297,5862.862288206817,5845.041175186635,5856.934828869999
7000.0,5632.840763404966,6020.444831997157,5862.848749756814,5841.191742569209,5839.331521932037
6500.0,5639.409920200706,6011.786742508412,5862.848749756814,5839.270786941052,5838.329049851746
7200.0,5671.4250952005395,6007.85958915949,5862.8617867827425,5840.76653495431,5845.7282515242705
6700.0,5677.818502858282,6010.341136902572,5862.855268269778,5841.962932795287,5848.24446020648
6500.0,5659.625082463027,6016.619969159366,5862.859279662372,5842.832903563977,5845.484308712185
6000.0,5639.250467345119,6017.2718204557905,5862.8532625734815,5842.2106362879285,5840.39654666558
6000.0,5636.581637710334,6016.07492119074,5862.862288206817,5843.06757003069,5839.646604284645
6000.0,5632.051521912218,6015.988174825908,5862.848749756814,5842.995364964009,5838.470952864737
7000.0,5635.345627367497,6010.426880419255,5862.847245484591,5841.718739271165,5837.584623135627
7300.0,5639.72456380725,6007.734233140946,5862.852259725333,5840.0770768523225,5837.597033381463
6500.0,5650.971004366876,6009.819655865432,5862.844236940146,5840.376427024604,5841.002831049264
7500.0,5656.527284532786,6016.395331174136,5862.856772542001,5842.096311599017,5844.468924961985
7000.0,5644.18548308313,6020.224706828595,5862.855769693852,5842.530544847251,5842.449126113207
7200.0,5653.712791204453,6026.750741153956,5862.857775390149,5843.638190627099,5846.7398745939145
6000.0,5653.420711681248,6030.31035065651,5862.863792479039,5843.043000251056,5847.409463766963
8000.0,5673.9788480103025,6034.973594546319,5862.857273966075,5844.57434937358,5854.096016474069
6000.0,5643.564720079304,6031.975580006839,5862.859279662372,5843.454669415952,5845.463562291116
6500.0,5647.898277640344,6032.156594097615,5862.852761149407,5843.684823065997,5846.648113988341
3000.0,5646.923759952188,6029.633929580451,5862.863792479039,5843.353381752969,5845.693715941162
7500.0,5645.377618819476,6033.293322473765,5862.859781086446,5845.021118223668,5846.637960150839
2500.0,5618.869584426285,6025.534787774087,5862.847245484591,5842.725598812104,5837.494304124267
6500.0,5652.444439008833,6029.0738388896,5862.86629959941,5844.744332134725,5847.282227408142
7500.0,5624.715687707067,6019.421926885844,5862.863291054965,5842.821872234345,5837.4556944705555
2500.0,5638.719208538533,6013.197248429061,5862.859279662372,5840.786090493203,5838.890456780792
7000.0,5670.87603583932,6023.05023148656,5862.872818112374,5844.259455054999,5850.264635123313
7200.0,5653.845919296146,6024.158880114556,5862.862789630891,5844.38330680132,5846.312723960728
7500.0,5651.970593258739,6026.4032542705545,5862.850755453111,5843.872857093812,5846.274365019054
6000.0,5653.054421395064,6022.461058199407,5862.8387212753305,5838.269944489003,5844.156036339701
4000.0,5628.109827265144,6025.85118636489,5862.86028251052,5840.353361517192,5839.2936644144365
6500.0,5609.665444120766,6034.765503555537,5862.8647953271875,5842.574670165778,5837.467603292317
6000.0,5621.02646008134,6031.11062347889,5862.857775390149,5842.87652745843,5839.467846602202
6800.0,5623.696292564274,6028.716323524714,5862.865296751262,5843.241564184428,5839.6298692561695
6500.0,5638.315311446787,6024.262173473836,5862.8502540290365,5842.471878230573,5841.974904295058
5000.0,5648.654174432159,6021.7129334807405,5862.860783934594,5842.750670015813,5843.994640465827
7200.0,5661.689445376397,6024.549489468337,5862.859781086446,5844.0167658031,5848.27887043357
7200.0,5654.791103675962,6019.64255347848,5862.857273966075,5842.677963525058,5844.992223661394
4000.0,5649.308031424881,6017.0226126909265,5862.859279662372,5841.991012543441,5842.795234080405
8000.0,5661.437730491162,6020.795327425004,5862.874322384597,5845.069756358863,5847.5442841649065
7000.0,5632.396250963212,6016.482077538968,5862.855769693852,5844.169700145722,5838.975949585439
7000.0,5647.291303798557,6011.708018928767,5862.859781086446,5843.32229346037,5841.295349318535
7000.0,5655.507137253881,6015.714397281409,5862.848749756814,5843.60108524561,5844.417842384429
4500.0,5654.789850115777,6016.395331174136,5862.850755453111,5841.9147960841665,5843.987683206798
3000.0,5671.628924086691,6022.206334769727,5862.871815264226,5844.51668560505,5850.305939931423
2000.0,5661.457787454129,6033.429208397866,5862.874823808671,5848.439326137305,5851.550286449493
6000.0,5654.929998144508,6043.307262659074,5862.871313840152,5849.531427770854,5852.660000603647
7000.0,5627.681861817838,6034.352330118419,5862.859781086446,5845.8369351923475,5842.682727053762
6800.0,5624.0317452698955,6023.319997638465,5862.863291054965,5842.642863839866,5838.214474450798
5000.0,5639.16096314788,6019.915829598905,5862.865798175336,5842.30690971017,5841.062375158072
6000.0,5677.514639869333,6028.925417363645,5862.861285358668,5845.1093688607225,5853.602677863092
4000.0,5686.8867572397,6034.184353053571,5862.849752604962,5844.84110698104,5857.190492469818
6500.0,5682.362909242512,6038.160144537688,5862.875826656819,5845.607282966376,5857.251540850849
3000.0,5617.864479869605,6034.772022068501,5862.8617867827425,5842.751672863961,5839.5624903962025
3000.0,5640.003606304527,6043.068083375693,5862.862789630891,5845.336012542249,5847.81762296334
6500.0,5631.850450858475,6040.480233728887,5862.8723166883,5844.925346225501,5845.032086875291
8500.0,5621.228784695269,6032.265403121711,5862.860783934594,5843.100664019586,5839.86390894279
6500.0,5626.795594766737,6026.320519298316,5862.8417298197755,5841.428916156293,5839.34669001028
7000.0,5647.197036072613,6026.1946618556985,5862.845741212369,5841.686146706344,5844.480896461756
2500.0,5642.287342250348,6025.352269411088,5862.843234091998,5841.074910759927,5842.88943912834
7000.0,5657.92274773121,6027.622717618943,5862.864293903113,5843.862327188254,5848.06802161038
6000.0,5618.695590272547,6019.500149041415,5862.842732667924,5841.338158398868,5835.594157595188
6500.0,5640.028176084162,6011.159962415696,5862.858778238297,5840.811161696912,5838.714519608767
6500.0,5642.122875154019,6009.409992396832,5862.869308143855,5840.583013743163,5838.7462973594675
5000.0,5655.248903855682,6015.111184120179,5862.86028251052,5840.93350917101,5843.538469914348
7000.0,5680.948141217233,6022.619006782771,5862.866801023484,5843.522361665965,5852.489077672363
7500.0,5649.639723449946,6024.067620933057,5862.854766845704,5841.480562835933,5844.51066851616
8000.0,5642.779239267112,6022.096021473409,5862.856271117927,5839.547573029996,5841.819776222111
6000.0,5626.315481215716,6022.3101295530805,5862.84824833274,5839.141419529916,5837.653819657863
2500.0,5648.508761450649,6030.560561269523,5862.857273966075,5842.813849449159,5846.185111533851
7000.0,5644.266463071109,6041.732791066171,5862.865296751262,5845.71107774973,5848.643907159568
6000.0,5611.240166425706,6034.909913688899,5862.86028251052,5841.337656974793,5837.58700489998
8000.0,5627.4203691631565,6028.361816704274,5862.843234091998,5839.57565277815,5839.550268184395
4000.0,5628.615764155985,6017.519022524358,5862.840225547553,5837.738936394454,5836.678487155587
7200.0,5670.55763155222,6020.271840691567,5862.8723166883,5841.894237697125,5848.899006657303
8000.0,5653.880517557264,6022.327177971602,5862.858778238297,5842.107844352723,5845.293579529972
6800.0,5658.91230814159,6025.181283801795,5862.849251180888,5841.997029632331,5847.234968189151
6500.0,5655.4958552122125,6025.0669591128835,5862.85426542163,5841.972459852696,5846.347384899856
7500.0,5639.87599387765,6022.160705178977,5862.848749756814,5840.889885276557,5841.4438335224995
6700.0,5636.693204566837,6010.728236287833,5862.839222699405,5835.055816173554,5836.329119931907
6500.0,5622.592658177019,6007.020205259324,5862.857775390149,5836.276783794166,5832.186855655164
5000.0,5626.858272776009,6009.98763293028,5862.845741212369,5838.249887526036,5834.485383611173
7500.0,5649.046789482237,6009.289650619031,5862.873319536448,5840.817680209876,5840.506859961898
6000.0,5634.905126318336,6011.617762595416,5862.856772542001,5841.693668067456,5837.768332380802
6600.0,5661.330175027252,6015.158317983151,5862.842732667924,5841.475047171117,5845.201568212361
7200.0,5659.96905937791,6012.108155339957,5862.857775390149,5841.5322095155725,5844.116799905897
7200.0,5649.621170759202,6011.148931086064,5862.862789630891,5840.929999202491,5841.140722669662
6500.0,5654.613098129631,6014.629315584899,5862.853763997556,5839.994341880084,5843.022629898042
7000.0,5678.516986593605,6021.494814008475,5862.845239788295,5841.084437817336,5850.985369551928
7000.0,5664.055414870382,6022.349240630866,5862.856271117927,5839.9782963097105,5847.309805732221
7500.0,5649.460715055467,6024.663312733174,5862.857273966075,5839.356530457736,5844.084458053113
6000.0,5653.3389795571575,6029.060300439597,5862.855268269778,5839.711037278176,5846.241396386177
7500.0,5667.425235360862,6034.834700077773,5862.847746908666,5841.141098737718,5851.5621952712545
7000.0,5654.2811553925285,6036.8494220078,5862.84824833274,5841.096471995116,5848.768824432046
6600.0,5642.01356470585,6036.239690333606,5862.861285358668,5840.9465461969385,5845.5152716487655
5000.0,5640.347332507373,6039.309408515693,5862.86028251052,5841.97647124529,5846.123373694719
6500.0,5651.566194742919,6040.442125499249,5862.861285358668,5842.868003249169,5849.4344022125015
7500.0,5657.370930537582,6039.017579704524,5862.844236940146,5842.246237397195,5850.369746144862
6500.0,5652.677601203323,6020.1916128397,5862.84824833274,5833.998814225198,5842.42906915024
8000.0,5635.4474164545545,6014.666420966388,5862.864293903113,5836.169479042293,5837.286902591587
6000.0,5626.285395771266,6017.081780731679,5862.858276814223,5838.764850050212,5836.247575841845
8000.0,5653.970272466541,6023.4804533422,5862.846744060517,5840.816677361728,5845.278536807747
7400.0,5642.080254107715,6025.079996138812,5862.856271117927,5841.272973269225,5842.82237365842
7300.0,5638.3173171430835,6028.854716569186,5862.848749756814,5842.250248789788,5843.067758064718
6000.0,5645.353550463916,6031.619568914176,5862.84824833274,5842.263285815717,5845.521163381637
3000.0,5664.794263243676,6031.539842486382,5862.8647953271875,5842.416721582414,5850.403905659915
7000.0,5686.76892258227,6041.5728367865095,5862.8617867827425,5845.434793084861,5859.159584809096
3000.0,5657.700867578388,6034.471669048072,5862.849752604962,5842.045667767526,5849.266989249737
7400.0,5681.035389006139,6037.367393076421,5862.869308143855,5843.448652327062,5856.180185638369
4000.0,5654.235275089742,6029.0582947433,5862.858276814223,5840.995184332133,5846.78675774485
2000.0,5665.7141257077465,6028.895331919194,5862.8647953271875,5842.247240245343,5849.930373299868
6500.0,5666.101726517082,6036.251724511386,5862.870310992003,5845.447328686715,5852.667772676797
2000.0,5628.4756161272535,6025.371824949981,5862.864293903113,5843.3438546955595,5840.013897418977
7500.0,5634.095326438547,6025.300121307374,5862.870310992003,5844.473563134671,5841.684830468149
7000.0,5610.451927781106,6015.45616388321,5862.849251180888,5841.762363165618,5832.6299265027055
4000.0,5630.714725330473,6009.590505063535,5862.849752604962,5839.725077152253,5835.720015037806
4000.0,5658.807009086014,6015.368916094304,5862.875325232745,5841.966442763806,5844.754423294217
6000.0,5647.32891060412,6023.158037662507,5862.870310992003,5844.169700145722,5844.381739851088
8500.0,5638.96816559136,6022.33770787716,5862.858276814223,5841.838579624892,5841.500682476909
6000.0,5657.135762646795,6016.357222944499,5862.841228395701,5840.13323634863,5844.116862583906
7300.0,5650.346229970456,6017.732127755881,5862.858276814223,5841.464015841485,5843.100162595511
6500.0,5623.35758060217,6015.82019776106,5862.846242636443,5840.463173389436,5835.621798597277
4000.0,5642.540310695768,6014.18003961444,5862.861285358668,5841.087947785855,5840.167395863683
7500.0,5665.361624583603,6018.433620035649,5862.869308143855,5843.232538551093,5847.47427282855
3000.0,5654.446876049043,6017.720093578101,5862.856271117927,5841.772391647101,5844.198908098043
6500.0,5694.886226207019,6028.531298041345,5862.874322384597,5845.823396742345,5858.028810843826
4000.0,5641.542476788164,6029.963365197183,5862.851256877185,5843.662258982659,5844.504839461298
5000.0,5651.1126566678295,6030.52295446396,5862.863291054965,5842.903102934361,5846.850501280279
6000.0,5651.784564927221,6027.738546580077,5862.874823808671,5843.157324939967,5846.388815063984
7200.0,5639.955469593407,6025.3798477351675,5862.849752604962,5841.825542598964,5842.502653133125
6800.0,5663.940588757397,6022.98655062914,5862.854766845704,5841.876186430455,5847.914523165674
5000.0,5639.044632762671,6024.16890859604,5862.849251180888,5841.099480539561,5841.79056826979
6500.0,5636.159940063954,6025.707779079677,5862.869809567929,5843.235045671464,5841.993143595756
3000.0,5629.796617850662,6025.648611038924,5862.861285358668,5843.018931895495,5840.3313615359375
8000.0,5664.306126907469,6035.015212744475,5862.872818112374,5845.354063808919,5851.887055393309
8000.0,5630.956662446261,6023.621353507043,5862.852259725333,5841.494101285935,5839.731094241143
7000.0,5650.687950477005,6016.612447798253,5862.849251180888,5840.985657274724,5842.7838266827175
7000.0,5645.644376426936,6016.023775935174,5862.839724123479,5840.374421328307,5841.220574453474
4000.0,5658.8874876499185,6011.900064349175,5862.854766845704,5839.586182683707,5843.307125382126
6500.0,5657.058543339373,6017.089803516866,5862.863792479039,5841.221828013659,5844.558491837234
4000.0,5651.808883994819,6015.5353888869295,5862.863291054965,5841.329132765532,5842.884174175561
6000.0,5667.031868174673,6020.85248976946,5862.855268269778,5842.8344078362,5848.393508512528
6000.0,5648.7532056868085,6012.856781482697,5862.849251180888,5840.447127819062,5841.226591542364
7200.0,5659.608786180616,6009.921444952489,5862.84824833274,5840.107162296773,5843.1214104406545
6000.0,5652.571299299599,6008.350483328105,5862.861285358668,5839.319425076247,5840.775623265655
6000.0,5658.8295731693515,6019.171214848758,5862.844738364221,5840.92749208212,5845.443254616112
2000.0,5655.5625446140775,6022.301103919745,5862.865296751262,5841.222329437734,5845.487818680705
5000.0,5662.263826653362,6033.369037508965,5862.874823808671,5844.426930695773,5850.733654666693
7200.0,5634.256784990431,6028.853713721038,5862.855268269778,5842.1379297971735,5842.025924194605
6000.0,5647.87019789219,6024.4201220572,5862.861285358668,5841.577337682248,5844.182235747577
6000.0,5649.117740988732,6034.218951314689,5862.8678038716325,5842.544083297254,5847.187144868077
5000.0,5641.1639016121635,6042.92467609048,5862.866801023484,5843.712902814151,5847.66707038507
7000.0,5648.233981058002,6048.313480615617,5862.874823808671,5845.285870134831,5851.17703890428
7000.0,5645.144456624986,6051.719654351474,5862.846744060517,5844.713243842126,5851.106024719776
8000.0,5651.938251405955,6042.244745045901,5862.8502540290365,5841.313588619233,5849.5867097750315
6000.0,5640.28214737773,6032.2328105568895,5862.8417298197755,5839.659390598536,5843.754019588233
6500.0,5648.282869905234,6030.998304486276,5862.856271117927,5841.032791137696,5845.792559161783
6600.0,5652.151105925442,6030.226111412049,5862.856772542001,5841.539730876685,5846.693430189044
6600.0,5660.976169630886,6026.823447644711,5862.855268269778,5840.655218809844,5847.827526088805
3000.0,5662.130949273706,6030.009997636081,5862.865296751262,5841.836072504521,5849.2105790413925
2500.0,5679.595299065114,6043.200459331275,5862.861285358668,5845.202633738519,5857.714919373394
7000.0,5658.380798622967,6042.3179529607305,5862.874823808671,5844.756867736579,5852.082610782237
6500.0,5621.347622200848,6031.603021919728,5862.859279662372,5841.377269476653,5839.2967983149
7000.0,5647.168454900385,6026.450889557601,5862.855268269778,5841.470534354449,5844.486286770553
6500.0,5644.909790158273,6023.788829147817,5862.851256877185,5840.1292249560365,5842.919775284828
7500.0,5660.202722996474,6025.722320377828,5862.850755453111,5840.486740320922,5847.315634787084
7000.0,5646.094404533506,6022.848659008742,5862.852761149407,5839.188051968814,5842.7459691651175
7500.0,5649.533922970296,6026.598809659482,5862.857775390149,5840.339321643115,5844.8324574157605
5000.0,5650.528999045492,6031.276594847442,5862.856271117927,5841.344175487758,5846.5015101246545
3000.0,5647.444739565254,6038.04381415248,5862.86629959941,5842.201109230519,5847.638990636916
3000.0,5653.991582989694,6044.866691529752,5862.871313840152,5844.259455054999,5851.497260853649
5000.0,5650.345728546382,6048.3997255563745,5862.8617867827425,5845.194610953332,5851.700462959708
7000.0,5610.879893228413,6036.6072341799745,5862.84824833274,5841.572323441506,5837.976924795658
6500.0,5610.6158934533605,6023.416271060706,5862.844236940146,5839.445282518865,5834.080420993269
7000.0,5639.860700443388,6017.907124757768,5862.868806719781,5838.725237548352,5839.840467367322
7000.0,5650.612486153842,6017.015592753888,5862.851758301259,5839.319926500321,5842.449940927328
7000.0,5671.613129228354,6018.434622883798,5862.849251180888,5839.692986011506,5848.1474973261365
6500.0,5669.663843140007,6023.742698132993,5862.8417298197755,5840.030945837499,5849.0698042325685
6000.0,5656.43577463925,6018.909972906114,5862.852259725333,5838.75983580947,5844.239460770042
7300.0,5641.999524831773,6012.9555620253095,5862.846744060517,5838.165146857501,5838.991744443775
7000.0,5647.517947480083,6009.391941130162,5862.844738364221,5838.415357470513,5839.542496111245
7000.0,5665.545396506787,6014.545577764512,5862.862789630891,5839.168496429921,5845.530565083028
7400.0,5654.560197889806,6024.651278555394,5862.8617867827425,5840.947549045087,5845.755203068257
6000.0,5649.745774641634,6030.617723613978,5862.864293903113,5841.2654519081125,5846.1233110167095
2500.0,5661.453274637462,6042.2758333385,5862.8678038716325,5844.165688753129,5852.690650150181
3000.0,5670.347033441068,6055.5976681411275,5862.866801023484,5847.320147603751,5859.032912552358
6800.0,5641.49634577334,6051.1826291680345,5862.861285358668,5845.7296304404745,5850.317472685129
7200.0,5600.6563577801,6034.6301190555105,5862.869308143855,5842.94020831585,5835.273998323829
6500.0,5643.334315717221,6027.95516178012,5862.858276814223,5842.299889773131,5844.111911021174
7200.0,5664.384098351003,6031.165780127049,5862.867302447558,5841.691160947085,5850.027085468174
7000.0,5677.061853930355,6034.697811305524,5862.858276814223,5841.663081198932,5854.070255812258
6000.0,5656.063467264176,6038.527186959983,5862.858276814223,5842.354043573142,5849.950743652881
7000.0,5650.925625488163,6040.865327417851,5862.859279662372,5843.354886025191,5849.501279648394
7000.0,5644.981493800879,6035.687622427941,5862.855769693852,5842.693006247283,5846.554473042489
6800.0,5635.340362414719,6028.61603870988,5862.863792479039,5841.2684604525575,5842.022163514049
6800.0,5646.673047915102,6029.259867221118,5862.8647953271875,5842.7872739732275,5845.396246109159
7400.0,5653.372574970127,6028.9068646729,5862.8617867827425,5843.243068456651,5847.096073720605
6000.0,5649.668555334211,6023.814401775599,5862.863792479039,5841.7292691767225,5844.519004691393
7000.0,5655.598897859455,6025.057432055474,5862.855268269778,5842.003548145295,5846.378786582501
4000.0,5669.520937278868,6025.3422409296045,5862.854766845704,5842.91613996029,5850.1585212536165
6000.0,5661.932385340334,6026.791857928039,5862.875325232745,5844.7643890976915,5849.090989399702
7000.0,5642.468105629087,6026.078832894565,5862.863291054965,5845.0863033533105,5844.124133232982
8000.0,5638.965407758952,6022.199314832688,5862.867302447558,5843.924503773452,5841.989132203163
7000.0,5642.2858379781255,6018.018942326308,5862.855268269778,5843.072584271432,5841.558158211411
6000.0,5654.482727870346,6016.142613440753,5862.859781086446,5842.435274273158,5843.980099167676
6800.0,5671.141790598632,6021.095680445434,5862.862288206817,5844.029802829028,5849.7823905199775
6800.0,5665.959322080017,6023.923210799695,5862.843234091998,5843.349370360375,5849.018784333021
7200.0,5660.937810689212,6022.435485571624,5862.843234091998,5841.681633889676,5846.974541060627
6000.0,5647.232637181879,6015.326295047999,5862.856271117927,5840.125714987517,5841.385229583831
8000.0,5648.984612897039,6018.383477628232,5862.855268269778,5841.359719634057,5842.895769607277
7000.0,5643.345096334816,6013.5266840457925,5862.844738364221,5839.747641235591,5839.866039995105
6500.0,5666.301794722677,6008.201560378076,5862.851256877185,5838.352679461242,5843.926822859795
7000.0,5671.87336832285,6003.128151595593,5862.85426542163,5838.536702096463,5844.098121859134
7500.0,5667.749406024815,6003.923410177232,5862.8357127308855,5839.02659341693,5843.3837805874655
5500.0,5662.805364653469,6001.800882071258,5862.863291054965,5839.906592667104,5841.844032611699
6000.0,5658.1047646701345,6010.003678500653,5862.8532625734815,5841.833063960076,5843.198692426086
8000.0,5662.021889537574,6014.431754499675,5862.867302447558,5843.758030980826,5845.769744366408
7000.0,5643.151045218111,6016.876698285342,5862.8532625734815,5843.34034472704,5841.555337700994
7000.0,5658.978245407344,6017.728617787362,5862.853763997556,5841.535719484092,5845.274086669088
7000.0,5664.735596626998,6020.801344513894,5862.847746908666,5840.693327039481,5847.26950377226
8200.0,5654.103901982308,6023.293923586608,5862.848749756814,5840.184381604196,5845.107739232481
6800.0,5640.387446433307,6016.159661859275,5862.849752604962,5833.508922904731,5838.226445950569
8000.0,5643.393483757974,6021.727976202966,5862.857273966075,5836.776202172042,5841.188734024764
6500.0,5637.223460525275,6025.21788775921,5862.842732667924,5837.353842705489,5840.659480914474
7000.0,5654.394727945329,6031.688264012338,5862.845239788295,5839.330957829953,5847.064797393979
7000.0,5646.546438336373,6032.2869643569,5862.862789630891,5840.089612454177,5845.446451194585
7000.0,5639.578649401666,6038.012725859881,5862.844236940146,5840.427572280169,5845.215796120466
4000.0,5647.658596932889,6040.353373438121,5862.843735516072,5840.190398693086,5847.761526145042
7000.0,5673.9991556853065,6039.855459332467,5862.875325232745,5842.699023336173,5854.857240896673
6500.0,5645.535818114878,6035.81598699093,5862.847245484591,5840.93350917101,5846.283139940352
6000.0,5655.6262254714975,6023.41677248478,5862.858276814223,5842.411707341672,5846.078245528043
6800.0,5648.662447929383,6022.8752344846735,5862.858778238297,5846.4862793684015,5845.220685005189
2500.0,5630.093962326647,6021.759565919639,5862.856772542001,5846.9114869833,5840.405446942897
7000.0,5650.910833477975,6034.51228439808,5862.866801023484,5851.591779291631,5849.970424547792
6000.0,5617.650371789933,6029.807923734189,5862.8647953271875,5849.750048667193,5840.018284879626
8000.0,5630.793448910118,6026.66951045394,5862.871815264226,5849.907495826484,5842.560567613692
6000.0,5633.840603008867,6027.279743552209,5862.861285358668,5849.156863987447,5843.284623976798
6000.0,5674.095679819585,6037.135735154153,5862.859781086446,5851.346081495286,5856.359319388867
6000.0,5662.946515530349,6041.461520642043,5862.860783934594,5851.616349071265,5854.721292294563
6500.0,5637.040440738202,6040.887891501189,5862.8678038716325,5851.135483384133,5847.982904873789
8000.0,5628.425473719836,6041.936870664359,5862.853763997556,5849.92504566908,5845.785288512708
7000.0,5637.754468619824,6037.2796438634405,5862.853763997556,5848.265833407641,5846.5384274721155
7500.0,5642.340242490173,6040.673783421517,5862.8647953271875,5847.815554589034,5848.423593956978
6000.0,5637.717363238336,6044.659603387118,5862.854766845704,5846.764068305493,5847.998950444163
4000.0,5646.306256204844,6049.665319919587,5862.846242636443,5847.575873881579,5851.5984231606135
7400.0,5647.096500545741,6051.186139136554,5862.874322384597,5850.524748861791,5852.9204277321705
6200.0,5615.00109769404,6048.904659599067,5862.86629959941,5848.9096619188795,5843.920429702849
7000.0,5642.513233795763,6057.039763778449,5862.8617867827425,5850.772452354432,5853.296809177847
4000.0,5636.705238744617,6058.2993410527715,5862.849251180888,5849.400556087495,5851.813596766443
7200.0,5656.568902730943,6056.988618522883,5862.877330929042,5851.820930093528,5857.063945569099
7000.0,5621.798402443529,6051.555187255145,5862.862789630891,5850.200828909875,5846.60430205986
7000.0,5627.885941416026,6052.7420580387125,5862.861285358668,5848.831941187383,5848.080306500197
6800.0,5637.2881442308435,6054.683070629836,5862.849251180888,5847.910825163127,5850.682822801174
6600.0,5632.8645810484895,6055.157919228078,5862.860783934594,5848.625354468823,5849.877159669996
7000.0,5613.486044853927,6055.912061035634,5862.859781086446,5848.773775994779,5845.257915742696
7000.0,5617.57064536214,6053.979071229697,5862.8532625734815,5846.904467046262,5845.326861552895
6000.0,5636.771176010371,6054.178638011218,5862.845741212369,5847.459543496371,5850.313774682582
5000.0,5642.452812194825,6047.74185717106,5862.865798175336,5847.912830859424,5850.243324600161
5000.0,5645.813356339932,6048.648431897164,5862.875325232745,5850.173250585795,5851.877591013909
7000.0,5635.897945985199,6048.342563211919,5862.856772542001,5849.819245189429,5849.229131732137
6000.0,5648.950516059996,6045.715101063252,5862.856772542001,5849.290744215251,5851.703283470125
6000.0,5644.9902687221775,6049.454721808434,5862.846242636443,5849.090676009656,5851.595477294178
7000.0,5628.2785564661035,6047.480615228415,5862.867302447558,5849.253137409688,5846.969902887941
6500.0,5608.618219941855,6047.819577902556,5862.846242636443,5848.365115374328,5841.912288963796
8000.0,5634.867018088699,6045.380651205779,5862.86629959941,5846.800672262908,5847.478660289199
7300.0,5651.087084040047,6044.604948163033,5862.8502540290365,5846.827749162913,5851.3425088487575
3000.0,5660.6672924011955,6048.957810550929,5862.856772542001,5848.337035626174,5855.204727780075
7500.0,5658.810017630459,6052.944131940604,5862.8723166883,5850.457056611777,5856.270880717785
6800.0,5622.641045600177,6045.949767529965,5862.855268269778,5847.56032973528,5844.7516027838
3000.0,5630.721995979548,6045.670975744725,5862.858778238297,5847.728306800128,5846.745014190675
6500.0,5643.7321957200775,6060.115499049426,5862.864293903113,5851.93776190281,5854.662437643857
8000.0,5606.644865497948,6053.5914704203615,5862.8502540290365,5848.410744965077,5842.874333728106
6500.0,5612.49874085188,6040.950068086387,5862.843735516072,5845.396684855224,5840.422307327391
6000.0,5628.72031107545,6036.169992387296,5862.860783934594,5846.1703822016725,5843.480367399753
6000.0,5635.790390521289,6035.586334764958,5862.848749756814,5846.264148503543,5845.122405886651
6800.0,5647.8862434625635,6033.30585807562,5862.843735516072,5846.432125568391,5847.6169906556615
8200.0,5632.68381766975,6027.481817454101,5862.866801023484,5846.693367511035,5842.4314509145925
7500.0,5624.082389101387,6030.645301938058,5862.844236940146,5847.326164692641,5841.224523168058
2500.0,5641.484060883523,6033.582644164563,5862.847746908666,5847.421936690808,5846.33409716189
6000.0,5653.196825832129,6043.60360428691,5862.874322384597,5850.4635751247415,5852.534581907094
6800.0,5626.642409712077,6043.567000329495,5862.854766845704,5850.214868783952,5845.819761417807
6000.0,5620.608523115517,6033.6533449590215,5862.850755453111,5847.556318342687,5841.167235467584
4000.0,5619.366997107864,6025.837647914887,5862.850755453111,5845.860502123834,5838.478975649924
6800.0,5641.923057660461,6022.180762141944,5862.869809567929,5848.132454603911,5843.7765209935615
5000.0,5625.520222634078,6024.618685990573,5862.861285358668,5849.704920500518,5840.676278620959
6000.0,5624.744268879295,6029.652482271195,5862.868305295707,5850.0228233635435,5841.821969952435
2000.0,5627.117759734393,6037.419541180135,5862.867302447558,5849.75205436349,5844.289164431394
4000.0,5630.300298333169,6046.501334011556,5862.871313840152,5851.814913004638,5847.8719647973785
8200.0,5615.937507152558,6049.764601886273,5862.87833377719,5852.526935189963,5845.276844501496
5000.0,5589.668652042747,6043.707900494338,5862.854766845704,5848.3415484428415,5836.143216956408
7000.0,5636.507176235319,6045.845972746612,5862.871313840152,5850.7303327322015,5848.988698888571
7500.0,5623.485193029047,6047.644079476596,5862.859279662372,5849.315313994885,5845.825966540725
7500.0,5637.839710712434,6050.3447495400915,5862.8387212753305,5848.070278018714,5849.773364886642
8000.0,5637.207665666939,6044.852651655675,5862.858778238297,5846.0485361516485,5847.74190792814
3000.0,5638.393784314395,6045.7471922039995,5862.847245484591,5846.864854544402,5848.463269136847
8500.0,5664.139654114843,6057.569267600776,5862.8617867827425,5850.547312945128,5858.7795053608725
7000.0,5641.352186352015,6043.006909638644,5862.853763997556,5841.258933395148,5847.117948345841
6800.0,5625.511698424817,6038.29853758216,5862.859279662372,5842.020095139743,5842.172402702273
6500.0,5633.437959477306,6048.171577602626,5862.858276814223,5846.451681107284,5847.72987375036
7000.0,5626.604050770403,6055.711491405965,5862.849251180888,5848.008602857591,5848.293349053712
4000.0,5619.905526563526,6056.634111702443,5862.844236940146,5847.372295707465,5846.689042728395
7000.0,5620.26830688119,6054.4554241001615,5862.855268269778,5848.522562533618,5846.525390446187
8000.0,5600.613736733795,6043.123240023852,5862.855769693852,5848.114904761315,5838.676912803204
7000.0,5610.240076109768,6029.464949667455,5862.842732667924,5844.885232299567,5836.858247686178
6500.0,5639.635811746121,6026.311995089055,5862.853763997556,5845.667955279351,5843.617381528021
6800.0,5654.180619865657,6024.016977101565,5862.849752604962,5846.069595962764,5846.779236383737
7200.0,5649.8806577175865,6026.171596348287,5862.859279662372,5847.08447828889,5846.499003004284
8000.0,5645.9903590381155,6027.482318878175,5862.855769693852,5847.191783040763,5845.880057662726
7200.0,5629.385700821877,6030.65633326769,5862.855769693852,5846.966142207385,5842.465986497701
6600.0,5638.0533173680315,6033.603703975678,5862.859279662372,5847.392854094506,5845.477288775147
6000.0,5629.7221563756475,6036.1840322613725,5862.856772542001,5846.944079548121,5843.9267601817855
6000.0,5633.445480838419,6037.443609535695,5862.866801023484,5848.14549162984,5845.4753457568595
7000.0,5628.430738672615,6041.81803315878,5862.863792479039,5850.043381750585,5845.788986515255
6000.0,5627.476528659464,6045.868035405875,5862.862789630891,5850.413934141398,5846.655321959407
8500.0,5631.610268726946,6052.523938566447,5862.857273966075,5851.308474689723,5849.574988987298
5000.0,5608.434698730708,6045.525562763215,5862.8502540290365,5847.993560135365,5841.201018914581
7000.0,5639.393623918296,6045.43480500579,5862.875325232745,5850.01279488206,5849.429137259723
7500.0,5636.073945835234,6045.888092368842,5862.850755453111,5849.679347872735,5848.62303538248
6500.0,5660.359418019653,6036.7927610874185,5862.849251180888,5842.327468097211,5850.582224596293
8000.0,5650.513204187156,6045.108879357577,5862.84223124385,5845.329494029284,5850.948452204467
7400.0,5623.508509248496,6041.609942167998,5862.857273966075,5845.053710788489,5843.257359042765
7000.0,5637.01737523079,6045.841961354018,5862.857273966075,5846.212501823903,5847.982278093697
3000.0,5646.508079394699,6052.77665629983,5862.852259725333,5848.004090040923,5852.535271365196
7200.0,5668.712140247227,6062.960077822209,5862.869308143855,5851.264349371196,5861.451468896122
7200.0,5648.205901309849,6054.042752087117,5862.858778238297,5848.799348622561,5853.476695064456
7500.0,5632.736216485501,6048.0547457933435,5862.863291054965,5847.222369909287,5847.719155810774
7500.0,5633.628249913455,6041.502135992051,5862.841228395701,5841.996528208257,5844.992035627366
6800.0,5619.9850022792825,6039.582684636117,5862.855769693852,5841.963935643435,5841.096848063172
7000.0,5620.8612408489,6045.9241949021825,5862.85426542163,5845.232719182969,5843.71810508892
6000.0,5606.538563594223,6047.760409861804,5862.849752604962,5846.108707040549,5840.814358275385
7000.0,5610.973408818246,6045.697049796582,5862.84223124385,5846.406051516534,5841.479685343803
4000.0,5613.917269557715,6038.84408697486,5862.852259725333,5845.768240094186,5840.345464088024
7000.0,5640.664733946324,6038.684132695199,5862.864293903113,5848.186106979848,5847.599816881121
7000.0,5644.542246311904,6036.998344957829,5862.854766845704,5848.270346224309,5848.166426084937
6000.0,5652.834296226502,6040.199937671424,5862.843735516072,5847.867702692748,5850.936418026687
7500.0,5648.120408505202,6038.675608485938,5862.856772542001,5847.195794433356,5849.212145991624
6800.0,5641.469770297409,6034.742939472199,5862.859279662372,5846.822233498097,5846.473555732519
6000.0,5628.540299832822,6034.050974249841,5862.847746908666,5846.66629061103,5843.026327900589
5000.0,5631.023602560163,6031.031899899245,5862.871313840152,5847.685685753823,5843.153125513346
7300.0,5634.738653525711,6033.750119805337,5862.875826656819,5850.475609302522,5845.460052322597
6000.0,5625.792495906354,6037.232008576394,5862.848749756814,5850.1446694135675,5844.004480913282
3000.0,5640.510044619442,6034.66973155737,5862.850755453111,5849.284225702287,5846.828689333052
3000.0,5625.492142885924,6034.016375988723,5862.861285358668,5850.389364361764,5843.18979214877
6500.0,5612.597019970418,6031.774508953095,5862.864293903113,5851.600303500892,5839.70903158188
7000.0,5596.775335446001,6021.6723181307325,5862.861285358668,5848.635884374381,5832.486205827446
7000.0,5614.105554297567,6013.644518703223,5862.856271117927,5845.062736421824,5833.917270135135
5000.0,5641.951137408615,6015.984664857388,5862.845741212369,5844.684161245824,5841.366426181049
7200.0,5657.915226370097,6022.969000786544,5862.867302447558,5847.479099035264,5847.807657159866
7000.0,5628.087513893844,6026.994433254004,5862.859781086446,5847.429458051921,5841.342796571554
7000.0,5626.523070782424,6032.504080981017,5862.846744060517,5847.535258531571,5842.352288588882
6000.0,5631.621049344541,6030.273746699096,5862.850755453111,5846.397527307273,5842.785769701005
6000.0,5617.516992986203,6026.227755844594,5862.857273966075,5845.263306051494,5837.966332212091
2500.0,5629.819934070111,6026.107414066792,5862.86629959941,5847.562836855651,5841.589121147991
6800.0,5642.367820814253,6037.799119204284,5862.8678038716325,5851.92572772503,5848.7401179038
3000.0,5616.487820073963,6034.28764641285,5862.862789630891,5850.30963793397,5840.986973512919
7000.0,5633.347201719881,6040.861316025258,5862.876829504968,5852.886456251145,5847.492950875313
2500.0,5603.635568916799,6041.032803058625,5862.865798175336,5851.571722328664,5839.776473119856
7500.0,5617.919887229801,6045.414748042823,5862.876829504968,5852.376507967711,5844.646993186326
7000.0,5608.890242502094,6037.7173870801935,5862.86629959941,5849.607644230128,5839.7703933529565
6500.0,5631.068730726839,6038.304053246976,5862.845239788295,5848.840966820718,5845.264747645707
7200.0,5633.7137427181015,6039.924655854703,5862.847746908666,5848.476431518794,5846.240644250066
7000.0,5620.113868266345,6034.399965405465,5862.859279662372,5846.82975485921,5841.050717048348
4000.0,5618.360889703036,6036.1434169113645,5862.860783934594,5847.497150301934,5841.215560212732
6000.0,5639.759914204479,6042.975821346045,5862.8647953271875,5849.126778542996,5848.681827355177
6500.0,5644.758109375835,6040.668267756701,5862.867302447558,5848.7156108021745,5849.252322595567
2500.0,5639.56360667944,6038.720736652614,5862.85426542163,5848.248283565045,5847.346723079682
7000.0,5656.2785781919965,6048.093856871129,5862.871815264226,5851.456896215678,5854.675286635757
4000.0,5617.219147086144,6044.947420805694,5862.86028251052,5848.167052865029,5843.298475816847
6500.0,5636.270504072309,6053.594980388881,5862.877330929042,5851.157044619323,5850.974965002389
3000.0,5609.8883271217355,6058.53350609541,5862.852259725333,5850.241945683957,5845.379009656609
5500.0,5639.408415928484,6065.0304578244695,5862.867302447558,5852.163402736188,5854.867394734175
6000.0,5605.666085705162,6055.203047394753,5862.856772542001,5849.394037574531,5843.279985804112
5000.0,5612.361601367594,6047.427965700627,5862.8678038716325,5849.415097385646,5843.018117081375
6000.0,5620.366585999728,6048.773286491633,5862.8647953271875,5850.5939453840265,5845.649653300644
6500.0,5624.6637903153905,6043.122738599778,5862.851256877185,5848.465400189162,5844.775796495379
6000.0,5635.029730200768,6039.885043352843,5862.866801023484,5848.594767600299,5846.594085544349
7000.0,5630.226839706303,6039.252246171237,5862.850755453111,5847.809537500144,5845.0348447076985
7000.0,5642.3349775373945,6038.817511498929,5862.859279662372,5848.186608403922,5848.049594275654
7300.0,5640.505281090737,6042.431776225568,5862.86028251052,5847.756386548282,5848.388431593777
7500.0,5641.421633586288,6045.166543126107,5862.847245484591,5847.400375455619,5849.2089494131515
8500.0,5647.740329056979,6044.87972855568,5862.861285358668,5847.333686053754,5850.70375725627
7500.0,5643.852788209916,6047.737344354392,5862.841228395701,5847.583896666766,5850.503814406694
4000.0,5652.534444630147,6049.719975143672,5862.849251180888,5847.790483385325,5853.223538585008
7000.0,5651.453625038267,6047.786985337735,5862.865296751262,5849.065103381873,5852.792752627284
7000.0,5620.633092895151,6042.243742197753,5862.864293903113,5848.288397490979,5843.507381621749
6500.0,5629.662486910821,6040.3814531862745,5862.8387212753305,5847.096011042596,5844.994668103755
4000.0,5638.2100123912105,6039.274810254575,5862.866801023484,5846.677823364736,5846.757361758501
7000.0,5653.22089418769,6047.786483913661,5862.869809567929,5850.564862787724,5853.610512614251
7400.0,5626.783059164883,6044.72829848528,5862.854766845704,5848.629867285491,5845.748997945339
6000.0,5642.6162764430055,6040.125225484372,5862.850755453111,5847.937902063132,5848.382539860905
7200.0,5647.819804772736,6042.834419757129,5862.859279662372,5849.679347872735,5850.798213016243
7400.0,5621.245080977679,6040.073578804732,5862.855769693852,5846.777105331422,5842.737883701921
8000.0,5630.921562761069,6038.821522891522,5862.862789630891,5846.151829510928,5844.689426198603
2800.0,5629.515569657088,6040.42658135295,5862.843735516072,5845.752695947886,5844.634645618499
7000.0,5665.603812411428,6053.419983386994,5862.872818112374,5849.433148652316,5857.832440640778
6700.0,5640.356859564782,6058.934645354749,5862.865296751262,5848.306950181724,5852.615937963129
7000.0,5631.938450783492,6065.89691862464,5862.864293903113,5849.232077598573,5852.482935227455
4000.0,5604.30321507156,6065.958593785764,5862.85426542163,5847.442495077849,5845.139642339201
4000.0,5634.32397581637,6062.5925339758405,5862.865296751262,5848.874060809613,5852.163966838271
7300.0,5628.854943439365,6062.726915627719,5862.8647953271875,5849.728487432004,5851.043785456569
6500.0,5619.520432874561,6053.38939651847,5862.850755453111,5847.204318642617,5845.74122587219
7400.0,5625.18878132105,6051.316509395839,5862.86629959941,5845.927692949773,5846.324820816518
7000.0,5634.9602829664955,6052.23712399602,5862.858778238297,5845.7732543349275,5848.957359883935
3000.0,5645.036399737001,6059.930473566056,5862.845741212369,5846.73247858882,5853.636273276062
7500.0,5665.519071742893,6065.381454676391,5862.863291054965,5849.518892169,5860.820677410812
6600.0,5618.96811425686,6051.310492306949,5862.856772542001,5846.239077299834,5844.843614101411
8000.0,5614.780220389367,6044.996058940888,5862.8678038716325,5845.71107774973,5842.0887902379045
2500.0,5630.0380535423765,6042.644380033017,5862.851256877185,5845.9848552942285,5845.379636436702
4000.0,5660.5629961937675,6049.171918630601,5862.8723166883,5849.634721130134,5855.5604881607005
7300.0,5637.757978588344,6045.745186507703,5862.866801023484,5849.359940737487,5848.932476714254
6000.0,5614.5814057439575,6035.533183813096,5862.851256877185,5846.068593114615,5839.758609887213
2600.0,5625.506182760001,6029.578271508218,5862.843234091998,5845.146474242211,5840.768540650607
6600.0,5630.1917400211105,6034.540865570308,5862.871313840152,5848.8750636577615,5844.119745772333
6000.0,5606.61026723683,6030.428185313941,5862.860783934594,5847.542779892684,5836.860504094512
3000.0,5619.757105037571,6029.23730313778,5862.851256877185,5846.447168290616,5839.573208335788
6800.0,5638.956883549691,6035.559759289027,5862.869809567929,5848.722129315139,5846.527145430447
7200.0,5626.018888875843,6030.054624378682,5862.867302447558,5846.612638235093,5841.388363484294
6500.0,5641.068380326034,6034.459634870292,5862.862789630891,5846.818723529578,5846.3023820891985
7400.0,5646.842278540135,6047.0082737505445,5862.86028251052,5848.839963972569,5851.387699693442
2500.0,5629.967854171992,6052.501374483109,5862.864293903113,5847.923862189055,5848.314346186818
4000.0,5637.634878978134,6064.147450029851,5862.875325232745,5851.062776893378,5853.930107783527
7500.0,5628.810567408801,6061.287327110768,5862.869809567929,5850.948953628541,5850.97916442901
6800.0,5609.7404070198545,6053.494695574046,5862.863291054965,5849.430641531945,5843.882258795203
7000.0,5634.152990207077,6056.008334457875,5862.86028251052,5849.987723678351,5850.752332713456
6500.0,5629.376424476505,6056.395433843137,5862.860783934594,5848.085822165013,5849.179616104812
8500.0,5644.581106677652,6058.725551515819,5862.861285358668,5848.444340378047,5853.6530709825465
7000.0,5634.9602829664955,6057.42435604334,5862.842732667924,5847.2950764000425,5850.63061201945
6500.0,5646.420580893756,6055.269736796618,5862.860783934594,5847.308614850045,5852.964929118753
6800.0,5640.380175784231,6053.781510144473,5862.854766845704,5846.610131114722,5850.906645972283
7500.0,5646.277925744654,6047.8807516396055,5862.84824833274,5845.959282666446,5850.741552095861
2500.0,5647.433708235622,6040.91797694564,5862.8502540290365,5845.637869834901,5849.2099522613
7200.0,5662.24076114595,6046.182929724456,5862.873820960523,5848.960305750371,5855.064454395325
5000.0,5643.371170386673,6042.280847579242,5862.859781086446,5847.710255533458,5849.0555136464545
5000.0,5648.5531374812135,6045.357084274293,5862.8647953271875,5848.879075050355,5851.413523033262
7000.0,5629.930498078466,6044.569848477841,5862.868305295707,5848.707086592914,5846.518934611232
6000.0,5622.038333863021,6044.638543576003,5862.863792479039,5848.762243241073,5844.575728289784
3000.0,5620.631588622929,6043.681325018407,5862.849752604962,5847.6545974612245,5843.704315926881
8000.0,5645.717082917691,6051.754754036666,5862.862288206817,5850.606480985881,5852.735151536764
7000.0,5601.567946746946,6038.442947715522,5862.861285358668,5846.400535851718,5837.318178918214
7500.0,5632.214484736324,6037.599050998689,5862.855268269778,5846.862347424031,5844.882787857206
3000.0,5638.953624293209,6040.1322454214105,5862.848749756814,5846.05956748128,5846.998546738178
2500.0,5663.401808589698,6048.73567968607,5862.862288206817,5848.539109528066,5855.884721502663
6800.0,5646.185914427043,6047.40189164877,5862.868806719781,5849.52490925789,5851.495380513371
6400.0,5608.956931903959,6030.759626626969,5862.852259725333,5845.367602258922,5836.984105128796
3000.0,5622.601433098317,6023.967336118222,5862.8617867827425,5845.4774141311655,5838.726992532612
7000.0,5634.272579848767,6028.109600394965,5862.868305295707,5848.189616948367,5843.3600256219515
3000.0,5616.208526864649,6021.8954518437395,5862.855268269778,5844.774417579175,5836.433416139335
7200.0,5640.731674060226,6027.571070939303,5862.8647953271875,5847.605457901956,5844.693249557168
7000.0,5608.516430854798,6020.105869323016,5862.860783934594,5845.578701794148,5834.265446476639
6800.0,5621.001138165594,6023.008111864329,5862.844738364221,5845.13795003295,5837.997984606774
6500.0,5627.98371911049,6020.750199258328,5862.86028251052,5844.501642882825,5839.023960940541
6000.0,5630.037050694228,6022.7824710309515,5862.8617867827425,5845.736650377513,5840.354489721359
7500.0,5628.73234525323,6022.048887610436,5862.851256877185,5845.430280268193,5839.765692502261
7500.0,5643.103409931065,6016.3617357611665,5862.839724123479,5840.3523586690435,5840.664307121188
7500.0,5625.2928268164405,6019.557311385871,5862.846242636443,5841.113018989564,5837.20234995708
6000.0,5615.753484517337,6023.719632625581,5862.836715579034,5842.1003229916105,5836.1025389283905
7000.0,5613.63546922803,6025.707277655602,5862.861285358668,5843.790623545648,5836.498663946987
8000.0,5613.264415413142,6031.333255767823,5862.851256877185,5845.553129166366,5838.250514306129
7200.0,5630.740297958256,6034.1547690331945,5862.85426542163,5845.979339629413,5843.432168010623
6000.0,5650.129364058376,6038.150617480279,5862.861285358668,5846.464216709138,5849.401370901615
7300.0,5656.234703585506,6045.736160874368,5862.864293903113,5848.481445759536,5853.329151030631
6000.0,5643.751500546933,6048.392705619336,5862.847746908666,5848.005092889071,5850.749261491002
7000.0,5655.702191218735,6047.352250665427,5862.857775390149,5848.509024083615,5853.605310339482
4000.0,5633.253686130048,6046.5675219893465,5862.846744060517,5847.571862488986,5847.559953667224
3000.0,5645.493949204684,6041.155150532723,5862.877330929042,5849.0335136652,5849.639986082912
7200.0,5647.331417724491,6045.715602487327,5862.8763280808935,5852.362468093635,5852.071454096586
7500.0,5621.987690031529,6039.910615980626,5862.862288206817,5849.4837924838075,5843.561096675695
7000.0,5616.231592372061,6038.600896298886,5862.861285358668,5847.397868335248,5841.272910591216
3000.0,5627.004939317704,6037.944532185794,5862.862789630891,5847.080968320371,5843.72330736369
8200.0,5634.973821416498,6047.04136773944,5862.873319536448,5849.622185528279,5848.627673555166
7000.0,5610.582298040391,6040.769555419684,5862.846242636443,5847.232398390771,5840.357623621822
8000.0,5623.787050321699,6034.910415112973,5862.860783934594,5845.98986953497,5841.887029726059
3000.0,5637.468907609583,6035.558756440879,5862.858276814223,5846.437641233207,5845.580895524473
6000.0,5672.09625132382,6046.2400920689115,5862.860783934594,5850.10656118393,5857.825922127814
5000.0,5645.719840750099,6040.1207126677045,5862.851256877185,5847.933389246465,5849.156299885363
7000.0,5648.273342847825,6037.530355900527,5862.875325232745,5849.168396741153,5849.461855180562
8500.0,5628.574396669866,6040.508814901114,5862.850755453111,5848.311462998391,5845.06135750562
6800.0,5644.051853567363,6038.569306582213,5862.848749756814,5846.401037275792,5847.9677367955455
6800.0,5662.434310838581,6043.91599148512,5862.859781086446,5848.235246539117,5854.361332487316
6000.0,5647.565081343056,6048.480454832316,5862.855769693852,5846.679327636958,5851.395158376546
6800.0,5655.860641226173,6055.292300879956,5862.853763997556,5847.978015989066,5855.496180523188
7000.0,5638.925043120981,6052.524439990521,5862.856772542001,5847.411908209325,5850.429540965707
7500.0,5631.853960826994,6048.227235674859,5862.858276814223,5845.421254634858,5847.090181987734
4000.0,5634.427770599724,6044.02179196477,5862.856271117927,5844.2078083753595,5846.378410514445
8000.0,5664.404406026007,6054.389737546445,5862.876829504968,5848.98537695408,5857.664087507875
7000.0,5631.268046796323,6052.4116195738325,5862.843234091998,5847.154677659274,5848.419394530357
6500.0,5644.640274718405,6051.474457979203,5862.857273966075,5846.426108479501,5851.349528785796
5000.0,5637.09309026599,6054.0683247149,5862.848749756814,5846.6487407684335,5850.164726376534
6500.0,5639.005020260812,6054.952335357667,5862.866801023484,5848.866038024426,5851.422548666597
6800.0,5615.399479120971,6054.24733310938,5862.868305295707,5847.648580372334,5845.040924474598
8000.0,5624.3042692542085,6055.401109904052,5862.845239788295,5846.952102333308,5847.375680319966
5000.0,5631.550097838045,6048.7853206694135,5862.849251180888,5846.159852296115,5847.336130496115
7500.0,5634.912898391486,6047.259988635779,5862.871313840152,5848.352579772473,5848.349195159973
6000.0,5622.241661325098,6041.731286793948,5862.8502540290365,5846.895942837001,5843.429786246271
6000.0,5647.179736942054,6041.282512247563,5862.860783934594,5847.789480537177,5849.778128415347
7000.0,5634.665445610882,6038.41988220811,5862.860783934594,5847.673651576043,5845.904940832407
7000.0,5623.942993208767,6030.3253933787355,5862.865296751262,5845.899111777545,5840.758198779077
7000.0,5632.485253736378,6030.393587052823,5862.845741212369,5845.499978214503,5842.806140054018
7600.0,5646.711156144739,6027.724506706,5862.8502540290365,5844.919830560685,5845.551436860115
6000.0,5648.07502962649,6027.2546723485,5862.864293903113,5844.4715574383745,5845.666388329119
6000.0,5667.474876344205,6036.308385431767,5862.866801023484,5848.102870583535,5853.688233345748
8000.0,5647.851143777371,6045.437312126161,5862.871313840152,5850.514218956233,5851.668497174979
5500.0,5628.4061688929805,6049.08166229725,5862.845239788295,5849.349912256003,5847.420745808632
7000.0,5636.66286841035,6047.0488891005525,5862.855268269778,5848.954288661481,5848.88032861054
6500.0,5614.6465908736,6043.385484814645,5862.858276814223,5848.452864587308,5842.335804272444
8000.0,5616.559774428607,6037.240031361581,5862.856772542001,5847.116068005563,5840.943161584438
6000.0,5626.557669043542,6033.969743549825,5862.853763997556,5847.331178933383,5842.678088881076
2000.0,5660.362677276135,6038.188725709916,5862.856271117927,5849.116248637439,5852.630980685354
6500.0,5658.414394035936,6039.576166123153,5862.870812416078,5850.615005195142,5852.869094442577
7000.0,5621.145548298956,6030.19853308797,5862.85426542163,5848.206665366889,5840.601253043861
6000.0,5633.69318433106,6022.423451393844,5862.846744060517,5845.6659495830545,5841.157332342119
7200.0,5651.826684549452,6022.517217695714,5862.86629959941,5845.27734592557,5845.621886942537
6800.0,5633.702460676433,6025.5016937851915,5862.855769693852,5843.59506815672,5841.413748078049
6500.0,5648.54310899973,6028.614033013583,5862.854766845704,5844.153654575349,5846.0413908585915
7500.0,5650.047130510212,6039.5726561546335,5862.846744060517,5846.420091390611,5849.721655528993
4000.0,5637.288394942881,6038.07740956545,5862.85426542163,5844.791967421771,5845.753009337933
8000.0,5650.360019132496,6046.242599189282,5862.869308143855,5848.713605105878,5852.046382892878
7500.0,5610.629431903363,6041.42391383648,5862.846242636443,5845.816878229381,5840.179116651417
7500.0,5636.205318942667,6039.379106462003,5862.856772542001,5844.642041623593,5845.770809892566
6000.0,5648.149992525578,6035.568283498288,5862.84824833274,5839.190559089185,5846.439270861448
8600.0,5637.854001298548,6044.702224433423,5862.865296751262,5843.333826214076,5847.188837174327
6000.0,5618.195921182633,6048.959816247226,5862.853763997556,5839.949715137483,5842.489804141224
8200.0,5608.839097246529,6059.7975961864,5862.869308143855,5845.070257782937,5844.14406483993
6000.0,5591.144092381001,6067.249760776759,5862.851758301259,5846.508843451739,5841.93861372769
8000.0,5618.433596193791,6073.2573226094255,5862.845741212369,5847.970996052028,5850.626914016903
7000.0,5614.502180740238,6065.370924770833,5862.862288206817,5847.054894268514,5847.4475719966
7000.0,5639.073464646936,6066.0769298672685,5862.843234091998,5847.652090340854,5853.911429736764
5000.0,5663.080145046116,6062.9199638962755,5862.856271117927,5846.99672907591,5858.963277284057
5000.0,5681.811844184996,6061.211612075568,5862.874823808671,5848.66697266698,5863.641313184054
6000.0,5671.25636599958,6057.274430245162,5862.856271117927,5848.11791330576,5859.876245167107
6000.0,5679.211960360409,6053.3392541110525,5862.856772542001,5847.392854094506,5860.700210276992
6500.0,5672.578370571137,6048.552158474923,5862.84824833274,5846.406552940608,5857.596332579852
5000.0,5660.9398163855085,6049.1709157824525,5862.843234091998,5847.240922600032,5855.048722214998
4000.0,5641.67359918356,6045.60428634286,5862.869809567929,5848.147998750211,5849.57392346114
4000.0,5628.6147613078365,6047.313139587642,5862.856772542001,5848.943758755923,5846.9321080483505
7000.0,5630.736035853625,6042.359571158887,5862.877832353116,5850.380338728429,5846.588444523514
7000.0,5628.005029633642,6039.1785368323335,5862.851758301259,5847.810038924218,5844.461340922863
7000.0,5643.543409556151,6034.756477922202,5862.851256877185,5845.7035563886175,5846.713675186039
7200.0,5638.030001148582,6036.541547626258,5862.846242636443,5845.891590416432,5845.827345456929
4000.0,5634.4097193330535,6030.52897155285,5862.855769693852,5845.016103982926,5843.2026411406705
7000.0,5637.62234337628,6039.362058043481,5862.877330929042,5847.339703142644,5846.800358872862
6000.0,5618.657732754947,6040.812677890063,5862.852761149407,5846.015943586827,5842.084778845311
6000.0,5629.92673739791,6039.997362345458,5862.868305295707,5846.966643631459,5844.9397621676335
7500.0,5623.466640338303,6040.628153830768,5862.868305295707,5848.427793383599,5843.847723212094
6800.0,5618.6629977077255,6038.293021917344,5862.865798175336,5847.933890670539,5841.938927117736
6000.0,5642.154464870692,6043.441142886878,5862.86028251052,5849.0199752151975,5849.368966370822
6000.0,5645.65264992416,6049.064112454654,5862.859279662372,5849.635723978282,5851.802941504867
6000.0,5635.162607580424,6049.059098213912,5862.869308143855,5850.064942985774,5849.288989230991
7000.0,5626.770523563028,6049.118767678739,5862.857775390149,5849.598618596793,5847.086421307177
7000.0,5627.168403565885,6042.977827042342,5862.85426542163,5847.342210263015,5845.085676573218
7000.0,5635.079371184112,6038.470526039601,5862.849251180888,5846.247100085021,5845.6615621224055
7200.0,5641.054340451957,6036.201080679894,5862.858778238297,5844.958440214396,5846.268159896136
6500.0,5657.483750954271,6039.886046200992,5862.856772542001,5845.609790086747,5851.459089946003
7000.0,5652.512381970883,6046.9897210598,5862.841228395701,5845.58973312378,5851.983266137541
6000.0,5658.025038242341,6047.784478217364,5862.845741212369,5845.0832948088655,5853.434638120235
6000.0,5642.154464870692,6046.904478967191,5862.86629959941,5845.296400040389,5849.3054108694205
7000.0,5626.854762807489,6049.37850534916,5862.846242636443,5846.392011642457,5846.367880608887
6600.0,5630.4757967591295,6046.252126246692,5862.855769693852,5846.935053914786,5846.629686653615
7000.0,5621.345616504551,6042.847456783057,5862.86028251052,5846.618153899909,5843.417877424509
7000.0,5623.197877034546,6037.248054146768,5862.839222699405,5844.679648429156,5841.991200577469
7000.0,5642.785256356002,6033.198553323747,5862.860783934594,5844.592902064324,5845.859373919667
8000.0,5645.604011788965,6034.626609086991,5862.861285358668,5844.98651996255,5847.019606549294
7500.0,5636.95971146226,6034.971087425948,5862.845239788295,5843.788617849351,5844.6411641314635
6500.0,5648.201639205218,6034.199395775796,5862.86028251052,5843.679307401181,5847.235156223179
6500.0,5647.190768271686,6040.359390527011,5862.869809567929,5845.104354619981,5848.881080746652
7000.0,5631.442291662098,6040.63567519188,5862.856772542001,5845.327488332988,5845.065556932242
6000.0,5629.041723906995,6047.819076478482,5862.865296751262,5846.26615419984,5846.498062834145
7000.0,5630.837824940682,6056.162271648646,5862.860783934594,5847.764409333468,5849.406322464348
4000.0,5616.28674902022,6055.651821941138,5862.851256877185,5846.3559091091165,5845.286434236915
7500.0,5642.677951604129,6056.781028956176,5862.869809567929,5849.038527905942,5852.841829508544
8000.0,5612.607800588013,6050.713797658683,5862.864293903113,5846.882905811072,5843.26719949022
4000.0,5631.895077601076,6048.625366389752,5862.845239788295,5845.63536271453,5847.250261623413
6500.0,5661.942413821817,6053.065977990628,5862.877330929042,5849.044544994832,5856.73256693408
7200.0,5645.287362486125,6051.307483762504,5862.857273966075,5848.499497026206,5851.987904310227
7500.0,5635.081627592445,6047.368797659875,5862.861285358668,5847.000239044429,5848.077987413854
7200.0,5631.676707416774,6037.021911889316,5862.851256877185,5839.7000059485445,5842.812470532955
4000.0,5638.2157787680635,6037.095621228219,5862.857273966075,5841.27598181367,5844.861163944007
6000.0,5631.199602410198,6041.837087273599,5862.870812416078,5845.3064285218725,5845.303482655437
6800.0,5612.183846533299,6044.557814300061,5862.8678038716325,5846.661276370288,5841.56768526882
6500.0,5610.370195657016,6047.504683583976,5862.84824833274,5846.128262579442,5841.712847538293
6400.0,5621.620647609235,6044.023296236993,5862.8678038716325,5844.517688453198,5843.257359042765
7500.0,5648.598767071963,6047.415430098773,5862.861285358668,5845.733641833068,5851.152281090618
6000.0,5667.434762418271,6040.687823295594,5862.84223124385,5839.990831911565,5852.73891221732
6000.0,5664.259494468571,6041.3466945290575,5862.851256877185,5841.000198572875,5852.364411111922
6000.0,5656.672446802259,6040.3929859399805,5862.859279662372,5843.305746465922,5850.807614717633
4000.0,5629.068800807,6036.998846381904,5862.850755453111,5843.481746315957,5843.100037239493
6500.0,5629.784834384919,6031.871785223485,5862.865798175336,5845.30492424965,5842.4568355083475
6000.0,5611.412154883147,6028.859730809928,5862.863792479039,5846.143806725741,5837.319871224464
3000.0,5633.8471215218315,6032.037255167962,5862.859781086446,5847.061914205552,5843.951517995448
7000.0,5656.120629608632,6037.460657954217,5862.864293903113,5849.24260750413,5851.422047242523
7400.0,5623.248771578074,6030.005986243487,5862.857273966075,5846.573527157308,5840.671389736236
6000.0,5616.4860650897035,6024.137318879367,5862.865296751262,5844.113039225341,5836.900429986418
8200.0,5645.048183202744,6031.287124752999,5862.852259725333,5845.593243092299,5846.195202693344
7000.0,5647.510927543045,6026.165077835322,5862.846242636443,5843.731455504895,5845.063425879926
8000.0,5654.058773815633,6021.885423362256,5862.86028251052,5842.67946779728,5845.370986871422
4000.0,5651.088839024306,6021.254631876946,5862.859279662372,5842.774236947299,5844.494246877731
7200.0,5673.438814282418,6038.305056095124,5862.8763280808935,5847.521720081569,5855.535479635001
4000.0,5647.866186499597,6045.106372237206,5862.86028251052,5847.139634937049,5850.743119046093
5000.0,5647.29707017541,6056.332755833865,5862.865296751262,5848.071782290936,5853.641726262868
8000.0,5639.075470343233,6057.1977123618135,5862.871815264226,5848.922698944808,5852.01692422852
3000.0,5599.07386340201,6052.111266553403,5862.856772542001,5847.120079398156,5840.290495473892
6800.0,5632.745994254948,6057.671558111907,5862.8763280808935,5850.692725926639,5850.996651593597
2500.0,5607.566482946278,6053.806581348182,5862.862789630891,5849.055576324464,5843.3228575624535
6000.0,5632.018427923323,6058.790736645461,5862.869308143855,5850.559848546983,5851.059580314905
6500.0,5602.585837617517,6048.012124747039,5862.86629959941,5847.801013290883,5840.316318813712
6500.0,5616.634737327696,6037.386447191239,5862.865798175336,5846.636205166579,5840.8807969652125
6800.0,5634.36183333397,6035.341138392688,5862.855268269778,5845.845459401608,5844.600924849511
8200.0,5658.894006162883,6036.208602041007,5862.856772542001,5846.304763853551,5851.06603614986
6000.0,5639.174000173808,6031.657175719739,5862.852761149407,5844.340184330941,5844.506030343474
5000.0,5647.569343447686,6031.266064941884,5862.849251180888,5844.328150153161,5846.503202430905
6800.0,5664.864713326097,6034.455122053624,5862.86629959941,5847.533252835275,5852.429846953602
8000.0,5649.960133433343,6038.466013222934,5862.845741212369,5846.739999949933,5849.502971954645
7000.0,5641.736277192832,6033.320900797845,5862.849752604962,5845.340023934842,5845.81173863262
6000.0,5629.850019514562,6030.440219491721,5862.858276814223,5843.789119273425,5841.734408773483
6000.0,5653.5362899303445,6031.891340762378,5862.870812416078,5845.801334083081,5848.52494429797
6000.0,5655.671102926136,6036.897558718921,5862.847746908666,5846.49931639433,5850.478931237013
6800.0,5661.48787289858,6030.770657956601,5862.850755453111,5844.938884675504,5850.012042745949
6000.0,5647.15341217816,6025.867733359338,5862.868305295707,5845.320468395949,5845.302479807288
5000.0,5638.087414205075,6032.294987142087,5862.866801023484,5847.305104881526,5845.138576813043
7000.0,5656.089039891959,6041.879708319903,5862.875826656819,5850.138150900603,5852.745681442321
7000.0,5648.2891377061615,6049.306300282479,5862.851256877185,5849.409080296756,5852.463943790645
7000.0,5652.2694420069465,6048.972853273154,5862.8678038716325,5848.472921550275,5853.145755175502
6500.0,5640.608574450017,6053.818114101888,5862.857273966075,5848.194129765035,5851.3695230707535
6000.0,5646.804671734572,6059.76751074195,5862.845239788295,5847.958460450173,5854.343970678748
6000.0,5638.318570703269,6055.10526970029,5862.867302447558,5846.477253735066,5850.692099146546
4000.0,5630.292776972056,6049.572055041791,5862.849251180888,5845.020616799594,5846.933674998582
7000.0,5656.460344418884,6049.677855521441,5862.855769693852,5846.65676355362,5853.91268329695
3000.0,5642.110590264202,6040.906945616008,5862.849251180888,5844.320628792048,5847.546853963287
3000.0,5656.569905579091,6042.859490960837,5862.8723166883,5845.837436616422,5852.0347874611625
7000.0,5639.477361738683,6042.668448388577,5862.8617867827425,5846.829253435136,5847.959212586285
6000.0,5621.826231479646,6031.651158630849,5862.840225547553,5843.727945536376,5840.011390298606
5000.0,5639.701999723912,6022.01930359006,5862.848749756814,5842.35504642129,5841.731274873019
7000.0,5634.213161095978,6016.175707429648,5862.854766845704,5842.282841354609,5838.881619181485
8500.0,5639.171994477511,6016.89926236868,5862.845239788295,5842.717074602843,5840.408392809332
7000.0,5621.6226533055315,6016.531217098237,5862.84824833274,5841.575331985951,5835.644362680615
6800.0,5632.326051592828,6023.414265364409,5862.853763997556,5842.012072354556,5840.151538327337
7200.0,5658.640787005425,6035.01220420003,5862.859781086446,5844.98651996255,5850.374823063613
7000.0,5647.915576770903,6044.27049830556,5862.863291054965,5845.476411283017,5850.131444353611
7600.0,5637.216942012311,6047.652102261783,5862.84824833274,5845.136445760728,5848.21343459189
6000.0,5635.730470344425,6048.085834085942,5862.865296751262,5844.821050018073,5847.8756627999255
7000.0,5658.1772204488525,6055.54150864482,5862.867302447558,5847.835611552001,5856.105410773308
5500.0,5643.976138532163,6059.218451380731,5862.859279662372,5848.830938339234,5853.721201978625
5000.0,5644.689163565637,6057.059820741416,5862.856271117927,5848.326004296542,5853.23281493038
7200.0,5638.165887072683,6053.729362040759,5862.875325232745,5849.422618746758,5851.0482982732365
6800.0,5621.401274576784,6049.381513893605,5862.856271117927,5846.880398690701,5845.129864569754
8600.0,5648.948510363699,6044.899284094573,5862.855769693852,5845.723613351584,5850.606794375927
7500.0,5645.388399437071,6037.802629172803,5862.854766845704,5839.973282068969,5846.504769381137
7500.0,5627.693394571544,6041.113532334567,5862.856271117927,5840.698341280223,5843.090384826065
6500.0,5628.039126470686,6049.237103760243,5862.8532625734815,5842.557120323182,5845.671653281898
7000.0,5628.133895620705,6060.911760479213,5862.846242636443,5845.299408584834,5849.297826830299
6000.0,5615.567957609893,6061.0416293144235,5862.849251180888,5844.469050318004,5845.981972105802
7000.0,5622.502401843668,6057.785381376744,5862.843234091998,5843.987683206798,5846.779675129802
7200.0,5633.42040963471,6053.80758419633,5862.843234091998,5844.03481706977,5848.526511248202
7000.0,5657.4323549866685,6044.089985638858,5862.858778238297,5843.191923201085,5851.893260516227
6500.0,5656.903352588416,6044.305096566678,5862.863792479039,5843.39800849557,5851.867562532426
7500.0,5668.818442150951,6050.494173914195,5862.852259725333,5844.968970119954,5856.783461477608
8000.0,5663.687118887902,6049.901992082597,5862.849251180888,5844.437962025405,5855.219081044198
7000.0,5636.945170164109,6041.063891351224,5862.844738364221,5842.212140560151,5845.766485109926
6000.0,5640.936255082489,6035.405320674182,5862.859279662372,5842.97982081771,5845.545169059188
8000.0,5664.305625483395,6044.147649407388,5862.858778238297,5846.956615149976,5854.567167069764
7300.0,5636.457535251976,6041.641531884671,5862.859279662372,5846.085140109063,5846.7608717270205
8000.0,5639.90181721747,6043.28519999981,5862.8502540290365,5846.351897716523,5848.09729224071
6500.0,5640.184620395304,6040.028952062131,5862.851256877185,5845.630348473788,5847.173794452102
7000.0,5649.6141508221635,6043.402533233167,5862.852761149407,5846.134279668332,5850.500931218267
7400.0,5637.86327764392,6040.450148284436,5862.851256877185,5844.353722780944,5846.379601396621
3000.0,5662.581228092314,6038.020748645068,5862.854766845704,5844.487603008748,5851.9860866479585
6000.0,5664.930650591851,6049.9130234122285,5862.862288206817,5848.008602857591,5856.428641267122
7000.0,5627.122021839024,6044.829586148263,5862.858276814223,5846.591578423978,5845.350365806372
3000.0,5621.621149033309,6033.367031812669,5862.854766845704,5842.9903507232675,5840.208324603737
7200.0,5648.822903633119,6036.8479177355775,5862.864293903113,5845.916661620141,5848.612944222988
7500.0,5624.6780809015045,6028.449565917254,5862.859781086446,5843.986680358649,5839.9935270659635
7000.0,5626.181350275875,6026.179619133473,5862.840726971627,5842.678966373206,5839.470165688545
7000.0,5640.835218131543,6024.142333120109,5862.843234091998,5842.815855145455,5842.659160122276
6000.0,5623.974833637477,6019.3677730858335,5862.851758301259,5842.472881078721,5837.166811525823
6000.0,5623.683004826308,6018.248093128205,5862.8502540290365,5843.005894869567,5836.946811713279
3000.0,5627.976699173451,6014.37709927559,5862.843234091998,5842.545587569476,5836.935655027629
5000.0,5644.120548665524,6018.299739807845,5862.86629959941,5845.833926647902,5842.7801286801705
7200.0,5622.6779002696285,6015.5875369906435,5862.862789630891,5845.5441035330305,5836.668082606048
6500.0,5615.173086151482,6011.244201660157,5862.852761149407,5844.339181482793,5833.40230761096
7500.0,5631.812844052912,6014.185555279256,5862.851256877185,5844.053369760514,5838.225756492467
6000.0,5631.637094914914,6016.716744005681,5862.84824833274,5843.434612452985,5838.65917492658
7000.0,5628.185542300344,6022.501673549415,5862.867302447558,5845.1063603162775,5839.665219653399
7000.0,5622.011006250978,6025.86322054267,5862.863792479039,5846.047031879426,5839.196262788028
6800.0,5633.144124969841,6032.576787471772,5862.846744060517,5846.200969070197,5843.692156393082
7300.0,5645.048183202744,6032.736240327359,5862.859781086446,5846.224034577609,5846.71705979854
7000.0,5626.087834686042,6032.61740282178,5862.84824833274,5844.921334832908,5841.618705168367
6800.0,5636.245432868601,6032.054303586484,5862.844236940146,5844.322634488345,5843.866651970894
7500.0,5637.6534316688785,6028.725850582124,5862.84824833274,5843.392994254828,5843.155131209643
6500.0,5640.0537487119445,6024.3594497442255,5862.861285358668,5843.117211014033,5842.597923707218
6500.0,5656.36607669294,6030.999808758498,5862.861285358668,5845.272833108903,5848.875000979752
7000.0,5654.018409177662,6039.425738900901,5862.8617867827425,5846.814210712911,5850.780036393554
8500.0,5641.902749985457,6042.836425453425,5862.859781086446,5845.779772847892,5848.344682343305
5000.0,5632.308501750232,6043.966133892537,5862.84223124385,5845.197619497777,5846.078621596099
6000.0,5635.078117623926,6046.411579102279,5862.866801023484,5846.324319392444,5847.670204285533
3500.0,5629.414031282068,6048.824933171273,5862.865296751262,5847.282540798188,5847.096700500698
6800.0,5651.709351316095,6053.907869011165,5862.877832353116,5850.671666115523,5854.791679698975
7400.0,5636.878982186318,6052.29478776455,5862.851758301259,5848.952784389258,5850.2445781603465
7000.0,5628.38385552168,6048.071794211865,5862.862789630891,5846.868364512921,5846.546700969339
3000.0,5622.11329676211,6048.72966259718,5862.855769693852,5845.049197971822,5844.686981756241
5000.0,5645.443806797267,6057.956868410111,5862.869308143855,5847.992055863143,5853.565509803594
7000.0,5643.900924921037,6055.704471468926,5862.875826656819,5848.524568229915,5852.751447819174
6000.0,5635.352647304536,6054.210227727891,5862.861285358668,5847.18426167965,5849.902105517686
2000.0,5645.969549939037,6054.555207490922,5862.857775390149,5846.2631456553945,5852.411419618876
2000.0,5663.475016504527,6063.347177207471,5862.875826656819,5849.368966370822,5859.76674668491
7000.0,5633.265971019865,6063.585855066777,5862.871313840152,5850.196316093207,5852.479864005
6500.0,5603.669415041805,6055.7425796985635,5862.857273966075,5848.877069354058,5842.7865845151255
7300.0,5607.749753445388,6053.37385237217,5862.86028251052,5847.302096337081,5842.82149616629
8000.0,5613.087412714959,6048.89663681388,5862.851256877185,5845.214166492225,5842.512368224562
2500.0,5638.892199844123,6043.45217421651,5862.850755453111,5844.6310102939615,5847.456534951926
6500.0,5660.34938953817,6049.026004225017,5862.874823808671,5847.594426572324,5854.961161036045
6600.0,5647.373537346722,6046.917515993119,5862.864293903113,5847.673651576043,5851.207249704749
3000.0,5643.93677674234,6046.4140862226495,5862.8678038716325,5847.542779892684,5850.1903616823265
7000.0,5659.857492521406,6057.656013965608,5862.8647953271875,5850.223894417287,5857.650549057872
6600.0,5621.491530910135,6051.090367138387,5862.852761149407,5846.5153619647035,5845.487505290658
7000.0,5628.107069432736,6043.727456033231,5862.86028251052,5845.181072503329,5844.968970119954
4000.0,5622.880224883557,6038.8596311211595,5862.853763997556,5843.683820217849,5842.06936005503
5000.0,5656.610771641136,6042.868516594172,5862.865296751262,5846.231054514647,5852.143909875304
3000.0,5661.233400180937,6043.073097616435,5862.875325232745,5848.019634187222,5853.800364304335
6600.0,5655.2145563066015,6055.786203593017,5862.874322384597,5850.995586067439,5856.2176670879135
7500.0,5623.940235376359,6054.923252761365,5862.861285358668,5848.726140707732,5847.612728551031
7500.0,5622.16318845749,6051.461922377349,5862.856772542001,5846.48728221655,5845.742291398347
7000.0,5609.789295867086,6049.994755536319,5862.856271117927,5844.320127367974,5841.7401124723265
6800.0,5624.985955283047,6053.56489494443,5862.845741212369,5844.615466147662,5846.503014396877
6000.0,5640.476699918509,6049.7766360640535,5862.863291054965,5845.737151801587,5849.713444709779
2500.0,5628.508710116149,6047.349743545056,5862.844236940146,5844.133096188308,5845.708946697415
7000.0,5652.256154268981,6047.143156826497,5862.874823808671,5846.074108779431,5852.087060920895
6000.0,5635.5923280119905,6037.687803059817,5862.861285358668,5843.886896967889,5845.007078349591
7000.0,5654.89539988339,6039.234194904567,5862.866801023484,5845.253778994084,5850.562543701381
7000.0,5663.224555179478,6044.830087572337,5862.856271117927,5846.693868935109,5854.401195701213
3000.0,5646.2977319955835,6048.733673989774,5862.861285358668,5845.139454305173,5850.7580364123
2500.0,5639.202079921962,6053.6320857703695,5862.861285358668,5846.6748148202905,5850.5925664678225
7200.0,5624.879904091359,6055.144882202149,5862.866801023484,5848.537605255843,5847.857298143209
6500.0,5599.739754572512,6040.142775326968,5862.858276814223,5844.583876430989,5836.831170786173
6800.0,5605.8152593672285,6028.784517198802,5862.858276814223,5842.24322885275,5834.925320558251
8000.0,5630.586611479522,6028.584950417281,5862.86028251052,5843.848788738252,5841.470158286394
6000.0,5640.44912159443,6026.143015176059,5862.859781086446,5843.452162295581,5843.226020038129
7000.0,5652.653532847763,6027.721498161555,5862.8502540290365,5843.6251536011705,5846.712609659881
7500.0,5651.693556457759,6025.849180668593,5862.847245484591,5843.304743617774,5845.923681557179
5000.0,5651.832701638342,6025.886787474156,5862.856772542001,5842.299388349057,5845.718912500889
7000.0,5666.4274014532575,6034.092091023923,5862.858276814223,5845.563659071923,5852.235357090832
6000.0,5649.169638380409,6036.372567713262,5862.843234091998,5844.531226903201,5848.2291667722175
8500.0,5650.093261525036,6030.810270458461,5862.846744060517,5843.043000251056,5846.698319073767
4000.0,5635.588567331434,6018.337346613408,5862.852259725333,5835.8475647866735,5838.156434614212
6000.0,5651.543379947544,6023.463404923678,5862.874823808671,5841.560289263726,5844.860474485905
5000.0,5628.563365340234,6032.199716567994,5862.858276814223,5843.09163838625,5841.678249277175
5000.0,5651.088337600232,6040.960597991944,5862.875325232745,5846.172889322043,5850.274287536741
6000.0,5639.315401762725,6051.7793238163,5862.875826656819,5848.955291509629,5850.731460936368
7500.0,5625.713521614672,6055.109281092883,5862.852259725333,5847.496147453786,5847.792802471668
7200.0,5631.792536377908,6053.406444936992,5862.8647953271875,5845.713584870101,5848.444340378047
7200.0,5644.044582918287,6056.822647154332,5862.851758301259,5845.899613201619,5852.404650393874
7000.0,5658.88222269714,6058.269757032395,5862.858276814223,5845.791305601598,5856.450390536339
6500.0,5649.087154120208,6060.620433092118,5862.845741212369,5845.104354619981,5854.414420761169
7000.0,5654.634408652783,6058.293323963881,5862.870310992003,5844.508161395789,5855.076551251114
7000.0,5636.009512841702,6056.124664843083,5862.850755453111,5843.323296308518,5849.577057361604
2500.0,5660.437890887261,6052.869419753552,5862.863792479039,5843.310760706664,5854.870465956629
7000.0,5678.004029765726,6064.6970108151445,5862.869308143855,5847.673150151969,5863.310874719174
6000.0,5647.081708535553,6058.508434891702,5862.852259725333,5845.237733423711,5853.420034144075
7000.0,5659.261800721289,6053.610023111106,5862.858276814223,5845.067750662566,5855.199462827296
7000.0,5633.954927697779,6045.400206744672,5862.865296751262,5844.498132914306,5846.679641027004
7000.0,5632.459931820632,6044.601939618588,5862.859781086446,5845.251773297788,5846.293356455863
6800.0,5652.117761224509,6046.547966450454,5862.857273966075,5846.303259581328,5851.9565653055915
7000.0,5642.01005473733,6046.236582100392,5862.852761149407,5845.833926647902,5849.233331158758
7500.0,5627.748551219703,6037.909432500602,5862.86629959941,5843.621142208577,5843.036356382073
7000.0,5615.495501831175,6034.970586001874,5862.840225547553,5841.983491182328,5838.8224511407325
6000.0,5639.512461423875,6031.013848632575,5862.844236940146,5841.590374708177,5843.740230426193
7000.0,5650.62727816403,6027.205031365157,5862.866801023484,5843.246077001096,5845.986296888442
6600.0,5647.48209565878,6027.767127752305,5862.846744060517,5843.515843153001,5845.402952656151
7500.0,5660.56625545025,6025.5713917315015,5862.859781086446,5843.667273223401,5848.1661753728995
6500.0,5646.494039520622,6024.2842361330995,5862.8647953271875,5843.312264978887,5844.238833989949
7500.0,5647.727041319014,6034.172318875791,5862.845239788295,5844.827568531037,5847.393042128534
4000.0,5637.421021610499,6030.43169528246,5862.855268269778,5842.646875232459,5843.338715098799
4000.0,5644.082440435887,6037.180863320828,5862.865296751262,5844.636024534703,5847.19115626067
8500.0,5642.295114323498,6036.19456216693,5862.870812416078,5845.860000699759,5846.805122401566
7000.0,5626.714113354684,6032.080377638341,5862.843735516072,5844.450999051333,5841.522306390108
5000.0,5645.930188149215,6031.657175719739,5862.855268269778,5842.629826813937,5845.768114738167
7500.0,5663.442423939706,6037.924976646901,5862.870310992003,5845.581208914519,5852.454730123282
6000.0,5631.776992231608,6040.366410464049,5862.8502540290365,5844.814030081035,5844.951921701432
8000.0,5637.603539973498,6043.278681486846,5862.860783934594,5845.4252660274515,5847.292067855597
6500.0,5614.512961357833,6038.942366093398,5862.845741212369,5843.008903414012,5839.827493019403
4000.0,5639.649600908161,6039.746148884297,5862.86028251052,5844.202292710544,5846.6145812533805
6800.0,5638.404815644027,6047.387350350619,5862.861285358668,5846.487783640624,5848.785308748485
7500.0,5618.01465637982,6040.275652706624,5862.861285358668,5844.602429121734,5841.438505891711
6500.0,5629.021917656065,6035.104466229678,5862.8647953271875,5842.904607206584,5842.473946604879
7200.0,5653.58919017017,6039.47487846017,5862.850755453111,5843.44965517521,5849.841119814665
6500.0,5662.011610344053,6037.712372839452,5862.862288206817,5843.116208165885,5851.425619889052
6000.0,5650.99732913077,6042.290374636651,5862.8617867827425,5844.522201269866,5850.167922955007
7000.0,5641.081918776036,6044.34621334076,5862.851256877185,5844.830577075482,5848.277491517366
7500.0,5634.868773072959,6042.868516594172,5862.861285358668,5844.703716784717,5846.325572952629
5000.0,5625.754638388754,6040.461179614068,5862.8647953271875,5844.273494929076,5843.338527064771
7000.0,5633.572842553259,6041.7729049921045,5862.856271117927,5844.348207116128,5845.637556444854
7000.0,5645.797060057522,6040.158820897342,5862.859781086446,5844.177221506835,5848.248220887036
6400.0,5653.706774115563,6042.30942875147,5862.850755453111,5844.234383851291,5850.775335542859
3000.0,5644.927841424943,6045.084309577943,5862.860783934594,5845.173551142217,5849.511621519924
7000.0,5644.893995299936,6056.039422750474,5862.863291054965,5847.504170238973,5852.825219836087
8000.0,5618.481231480838,6047.118085622788,5862.852259725333,5843.284686654807,5842.934065870942
5000.0,5622.393091395498,6032.800422608853,5862.845741212369,5839.606741070748,5839.411499071867
6000.0,5656.609518080951,6030.565575510264,5862.861285358668,5842.426248639823,5848.115656897427
7000.0,5649.808703362943,6032.924274355174,5862.867302447558,5844.48058307171,5847.520215809346
7000.0,5647.688431665302,6036.118345707656,5862.845239788295,5844.654075801373,5847.826523240657
5500.0,5643.649711459876,6031.848719716073,5862.858276814223,5842.796801030637,5845.288377255202
7500.0,5634.053457528354,6033.246188610793,5862.855268269778,5843.308755010367,5843.365917354823
6600.0,5631.869504973293,6034.216945618392,5862.84824833274,5842.974806576968,5842.977376375348
7000.0,5641.195491328836,6036.171496659518,5862.866801023484,5843.624652177096,5845.964610297234
6000.0,5634.921673312784,6039.476382732392,5862.850755453111,5843.5584641993055,5845.201818924398
7200.0,5653.032860159875,6042.745166271926,5862.851256877185,5844.068913906814,5850.67454930395
6000.0,5651.775037869812,6041.159161925317,5862.859279662372,5843.555957078935,5849.837359134109
8000.0,5643.294201791287,6047.844147682191,5862.867302447558,5844.173711538316,5849.544840864838
4000.0,5630.115272849799,6050.508213788272,5862.851758301259,5844.03481706977,5846.877515502275
8200.0,5648.902880772949,6055.580619722606,5862.8647953271875,5845.409220457078,5853.189379069955
6000.0,5621.6750521212825,6045.473414659501,5862.8532625734815,5842.768219858409,5843.1924873031685
6000.0,5633.656580373646,6044.040846079589,5862.866801023484,5844.190258532763,5846.188621502371
7000.0,5634.5776963979015,6047.785481065513,5862.8502540290365,5845.346041023732,5847.639868129046
7300.0,5643.202942609788,6047.302609682084,5862.85426542163,5843.321290612222,5849.170277081431
7200.0,5637.63863965869,6047.398381680251,5862.847245484591,5842.745154350997,5847.6573552936325
6500.0,5653.790010511876,6048.685035854579,5862.856271117927,5843.23454424739,5852.141465432943
5000.0,5651.629123464228,6053.3558011055,5862.856271117927,5844.601426273585,5853.11065549031
4000.0,5651.273864507676,6056.590989232064,5862.868305295707,5846.921515464784,5854.413668625058
6000.0,5639.418945834042,6057.393267750741,5862.87833377719,5849.198482185603,5852.222257386894
7000.0,5618.75902041793,6052.471289038659,5862.8678038716325,5848.7271435558805,5845.706314221025
7500.0,5631.879533454777,6047.820079326631,5862.848749756814,5846.159852296115,5847.177053708584
7000.0,5628.940686956049,6031.314703077079,5862.850755453111,5837.724896520377,5840.207760501654
6700.0,5611.450513824821,6028.629075735808,5862.850755453111,5838.211277872325,5835.285405721516
3000.0,5639.709270372988,6034.465150535108,5862.863792479039,5842.772231251002,5844.952611159534
4000.0,5647.595417499543,6048.105891048909,5862.865798175336,5846.919509768487,5851.371654123069
8200.0,5633.033310249449,6048.597286641599,5862.871313840152,5848.073286563159,5848.1437993235895
2000.0,5603.554087504745,6039.584690332414,5862.847746908666,5844.4048680365095,5837.5978481955835
7500.0,5643.400503695012,6036.155451089145,5862.870812416078,5846.027476340533,5847.113560885192
7500.0,5622.114550322295,6025.065454840661,5862.858276814223,5843.099661171437,5838.284485787154
7000.0,5662.9989143461,6024.047062546016,5862.855769693852,5843.043000251056,5848.236186709256
6800.0,5645.236467942596,6029.473473876716,5862.86028251052,5842.5380662083635,5845.027072634549
7000.0,5646.916990727187,6038.123540580274,5862.856772542001,5844.167694449426,5848.016249574722
7000.0,5638.842809572817,6042.56064221263,5862.862789630891,5844.588890671731,5847.213783022017
7000.0,5633.805252611638,6047.9359082877645,5862.846242636443,5844.47707310319,5847.266119159759
7500.0,5637.709089741112,6043.440641462804,5862.84824833274,5842.734123021365,5846.683025639505
5000.0,5644.422656670214,6029.486510902644,5862.839724123479,5837.047472596169,5843.4490910731265
4000.0,5627.125531807543,6029.951832443477,5862.874322384597,5840.4827289283285,5840.108603890986
6500.0,5615.906669571997,6043.120732903481,5862.877330929042,5845.975328236819,5841.970015410335
2500.0,5604.934257268907,6050.745387375356,5862.868806719781,5845.7732543349275,5841.080426424743
6600.0,5630.635751038791,6066.016758978368,5862.872818112374,5848.432306200267,5851.98940858245
8000.0,5614.377576857806,6063.885706663133,5862.8617867827425,5846.65676355362,5846.945458464325
8000.0,5619.503885880114,6057.558236271144,5862.855268269778,5844.888240844012,5846.201407816262
6000.0,5634.100591391326,6051.623882353307,5862.845239788295,5843.626156449319,5848.048967495562
7000.0,5661.945923790337,6053.241476416589,5862.859279662372,5845.168536901475,5855.803804192693
7000.0,5653.247971087695,6050.474618375302,5862.844236940146,5844.380298256875,5852.736781165005
6800.0,5647.606950253249,6043.125747144223,5862.863291054965,5843.608606606723,5849.30114876479
7000.0,5651.729157567025,6042.064733803273,5862.861285358668,5844.678144156934,5850.333330221475
7500.0,5657.831739261747,6042.569166421891,5862.854766845704,5844.51668560505,5851.943089533598
4000.0,5665.358365327121,6038.721238076688,5862.859279662372,5844.536241143943,5852.868781052531
8000.0,5665.257328376175,6042.599753290416,5862.856772542001,5845.910644531251,5854.156124684961
8500.0,5623.841705545784,6030.396094173194,5862.860783934594,5843.582031130792,5840.170153696091
6000.0,5631.42574466765,6025.147688388825,5862.848749756814,5842.59773567319,5840.50497962162
6500.0,5655.189234390856,6025.795026868583,5862.84824833274,5843.226521462203,5846.764757763595
5000.0,5652.421624213458,6026.120952516795,5862.850755453111,5843.253096938134,5846.1616072803745
7000.0,5654.587274789811,6031.39292523265,5862.86629959941,5844.575853645802,5848.355588316918
6000.0,5641.76912046969,6037.186378985644,5862.849752604962,5844.654075801373,5846.614831965418
6800.0,5645.332741364838,6042.913143336774,5862.863792479039,5845.562154799701,5849.167957995088
7000.0,5640.579491853715,6043.988196551801,5862.850755453111,5844.919329136611,5848.084443248809
3600.0,5640.626124292613,6045.491967350245,5862.857273966075,5844.3151131272325,5848.3226196840415
7300.0,5653.681702911855,6049.2722034454355,5862.881342321635,5847.072945535184,5853.227048553527
3000.0,5630.350440740586,6050.870241969825,5862.849251180888,5846.071100234986,5847.535258531571
8000.0,5670.40193937719,6056.696789711715,5862.875826656819,5849.420613050462,5859.848792199046
6500.0,5617.547830566765,6051.245307177306,5862.851758301259,5846.7124216258535,5844.589329417796
7000.0,5622.251439094544,6046.05606943369,5862.865296751262,5845.770747214557,5844.235888123513
7200.0,5625.961726531387,6041.53924137354,5862.85426542163,5844.375284016133,5843.682629335673
6000.0,5669.0465901047,6036.575644463302,5862.859279662372,5844.087968021632,5853.142370563001
7000.0,5655.169678851963,6036.354015022517,5862.8502540290365,5843.564481288196,5849.484607297928
6800.0,5656.393153592945,6034.839212894441,5862.852761149407,5842.60375276208,5849.172220099718
6500.0,5656.193336099387,6033.159943670035,5862.854766845704,5842.38864183426,5848.649172112347
6000.0,5648.6902769655,6038.683129847051,5862.861285358668,5844.265973567964,5848.625166434796
3000.0,5640.37340655923,6046.742518991233,5862.8678038716325,5846.595589816571,5849.144829809667
7300.0,5644.993026554585,6061.146426945926,5862.873319536448,5849.597114324571,5854.6524718403825
2000.0,5611.842376738788,6053.677213937045,5862.849752604962,5845.8920918405065,5843.565358780325
4000.0,5645.277083292604,6052.941624820233,5862.8763280808935,5847.2835436463365,5852.094644960017
7000.0,5633.347201719881,6044.910816848279,5862.866801023484,5846.729470044375,5846.963572409005
6000.0,5628.767444938422,6038.784417510034,5862.854766845704,5845.643385499717,5844.012503698469
8000.0,5638.462479412557,6037.571472674609,5862.871313840152,5846.132273972035,5846.259384974838
7200.0,5627.016722783447,6037.542390078307,5862.856271117927,5845.7035563886175,5843.279735092075
7000.0,5644.489095360042,6039.109841734172,5862.863792479039,5845.690519362689,5848.038312233985
6800.0,5646.321549639107,6043.809188157321,5862.868806719781,5846.313789486886,5849.828333500774
7200.0,5654.515571147204,6049.601639062167,5862.849251180888,5846.457196772099,5853.35591454059
3000.0,5668.5870349407205,6047.392364591361,5862.858276814223,5845.567169040442,5856.101211346687
3000.0,5662.265080213548,6057.076869159938,5862.8647953271875,5848.224716633559,5857.607865333558
7500.0,5635.060818493367,6054.540164768697,5862.873820960523,5847.632033377887,5850.026709400118
7000.0,5619.536979869009,6042.801827192307,5862.860783934594,5844.189255684615,5842.347211670131
6000.0,5632.04099200666,6034.1693103313455,5862.839724123479,5842.072744667531,5842.780692782254
4000.0,5648.611553385855,6031.523796916009,5862.870812416078,5843.962110579015,5846.742068324239
6000.0,5651.552907004953,6042.038659751416,5862.877330929042,5847.192284464837,5850.915295537562
6500.0,5635.912988707424,6049.248636513949,5862.849251180888,5846.197459101678,5848.552083875985
7200.0,5637.617579847575,6042.983342707158,5862.843234091998,5843.139775097371,5846.645982936026
5000.0,5628.820345178247,6033.6879432201395,5862.855268269778,5840.629646182061,5841.498300712557
2000.0,5645.550108700992,6035.5753034353265,5862.860783934594,5841.178204119206,5846.29110004753
6500.0,5664.10981938243,6041.814021766187,5862.869809567929,5844.524206966163,5853.329464420677
7000.0,5642.357541620732,6038.537215441466,5862.850755453111,5843.579022586347,5846.831133775414
6600.0,5647.287041693927,6036.860453337432,5862.846744060517,5841.8104998767385,5847.201184742154
6500.0,5647.266734018923,6038.287506252528,5862.86629959941,5842.199604958297,5847.655036207289
7200.0,5641.4188757538805,6044.43747252226,5862.864293903113,5843.640196323396,5848.090209625662
6800.0,5651.603300124408,6048.218711465598,5862.86028251052,5844.1787257790575,5851.715254969896
6600.0,5651.3302747160205,6053.85923087597,5862.860783934594,5845.007579773665,5853.2644673250625
3000.0,5640.242785587908,6058.345472067595,5862.860783934594,5845.090314745904,5851.634839084
7000.0,5649.214515835048,6063.555268198253,5862.8763280808935,5848.039189726115,5855.921325460077
7000.0,5609.082037210465,6055.639787763358,5862.8678038716325,5845.457858592273,5843.261871859432
6000.0,5626.002091169358,6053.9479829370985,5862.84824833274,5844.05888542533,5846.714301966132
7000.0,5643.965608626605,6047.656113654376,5862.855268269778,5843.81619617343,5849.573296681047
8200.0,5625.592176988722,6039.967778325082,5862.847746908666,5842.602749913932,5842.7526130341
6000.0,5622.737068310381,6025.0087939202795,5862.845741212369,5840.2305126190195,5837.705529015512
8000.0,5639.100541546942,6021.569526195527,5862.868305295707,5841.945884376765,5841.371064353735
7000.0,5638.440166041256,6016.77190065384,5862.845239788295,5840.427070856095,5839.6210943348715
8500.0,5671.091898903252,6019.744342565537,5862.856772542001,5841.062876582147,5848.688972648234
6500.0,5655.412117391826,6022.572875767947,5862.84824833274,5840.9350134432325,5845.442063733936
6400.0,5662.841968610884,6031.802588701249,5862.859781086446,5843.168857693673,5850.168299023063
7000.0,5659.867019578815,6042.691513895989,5862.86028251052,5845.100343227387,5852.629789803178
7000.0,5644.530964270235,6049.397058039905,5862.864293903113,5843.841267377139,5850.158395897598
7000.0,5635.835518687964,6053.05895805359,5862.851256877185,5843.016926199199,5848.690664954484
6500.0,5634.241992980243,6052.924074977637,5862.8502540290365,5841.942374408246,5847.989674098791
7500.0,5635.475997626782,6044.193780422212,5862.856772542001,5841.034295409919,5845.890211500228
5000.0,5639.150934666396,6041.4424665272245,5862.8387212753305,5841.233360767365,5846.166370809079
6500.0,5656.2988858670005,6035.949867218734,5862.854766845704,5840.76051786542,5848.966009449215
2500.0,5639.499424397946,6031.385905295611,5862.852761149407,5840.970614552499,5843.677176348866
6000.0,5658.751601725818,6040.027447789908,5862.866801023484,5845.1093688607225,5851.688804849983
7000.0,5621.534402668477,6036.980795115233,5862.86629959941,5844.480081647635,5841.465394757689
6000.0,5628.417952358724,6036.776715517045,5862.85426542163,5842.159491032363,5842.55210608244
4000.0,5650.229899585248,6039.5611234009275,5862.867302447558,5842.708550393582,5848.841718956829
4000.0,5671.088138222695,6047.656113654376,5862.877330929042,5846.358416229487,5856.9949997589
2500.0,5654.250819236041,6059.164799004794,5862.87833377719,5849.454208463431,5856.437040120364
7200.0,5638.740017637611,6070.824413001538,5862.873820960523,5850.253979861737,5855.673057865352
7200.0,5614.492152258755,6061.19255796075,5862.86028251052,5846.07511162758,5846.155026089401
6000.0,5610.593830794097,6056.012345850469,5862.859279662372,5843.832241743804,5843.324424512685
3000.0,5622.571347653867,6059.01888459921,5862.869809567929,5843.886395543815,5847.086609341205
6500.0,5638.64374421537,6066.24290123582,5862.868305295707,5845.870029181243,5853.406244982035
7000.0,5627.442933246494,6058.703488856555,5862.84824833274,5843.267136812211,5848.065451812
8000.0,5634.4297762960205,6041.793463379146,5862.8617867827425,5840.779070556165,5844.966024253518
6000.0,5646.820466592909,6035.243862122298,5862.844236940146,5840.715891122819,5846.406114194543
6000.0,5676.083074137569,6038.842582702638,5862.859279662372,5843.239057064057,5855.255998391659
7000.0,5668.115194886924,6039.344006776811,5862.871815264226,5844.569335132838,5853.7250880152
7000.0,5651.453625038267,6042.14847162366,5862.864293903113,5845.40821760893,5850.4686520434925
3500.0,5656.309165060521,6045.415750890971,5862.851758301259,5844.735807925464,5852.328120544554
7000.0,5672.08847925067,6054.192176461221,5862.873820960523,5847.207828611136,5859.0905763208875
7200.0,5612.012610211969,6045.798838883639,5862.849752604962,5843.278168141843,5840.984842460603
6000.0,5638.075380027295,6036.977285146714,5862.859781086446,5841.967947036029,5844.970098324121
7000.0,5642.562874779106,6041.931856423617,5862.860783934594,5843.484754860402,5847.71006749943
7500.0,5646.600592136384,6043.743501603604,5862.853763997556,5843.455170840026,5849.163257144392
6500.0,5654.540391638876,6034.692797064782,5862.8502540290365,5836.648840457202,5847.183070797474
3000.0,5644.006223976613,6039.340496808291,5862.861285358668,5839.721567183734,5846.482393331827
4000.0,5633.3893213421115,6049.214038252831,5862.8617867827425,5843.438623845578,5847.225942555816
7000.0,5616.2280824035415,6049.1969898343095,5862.868305295707,5844.891249388457,5843.296156730504
4000.0,5613.177919760347,6040.043493360282,5862.8678038716325,5843.539911508561,5839.907282125206
6000.0,5645.540832355619,6045.059739798308,5862.870812416078,5846.725458651782,5850.049210805447
7000.0,5636.511689051987,6044.259466975928,5862.86629959941,5846.164866536857,5847.450580541045
4000.0,5644.113027304412,6040.163835138083,5862.859279662372,5843.876367062331,5847.7531272917995
6800.0,5668.029952794314,6039.107334613801,5862.86629959941,5844.962953031064,5853.741635009647
7000.0,5641.065121069551,6037.408509850503,5862.862288206817,5845.536582171918,5846.718125324697
7000.0,5636.6909481585035,6036.448784172536,5862.8532625734815,5843.870349973441,5844.9658362194905
6800.0,5629.177860543133,6036.408670246602,5862.846744060517,5842.469371110202,5842.725661490113
4000.0,5631.576171889902,6031.604526191951,5862.857775390149,5842.0627161860475,5842.025297414512
3000.0,5640.106398239733,6033.498906344176,5862.8647953271875,5842.583695799113,5844.763448927552
7200.0,5654.473702237011,6036.255735903979,5862.864293903113,5844.637027382852,5849.557689856739
4000.0,5637.181090191008,6027.422147989274,5862.859279662372,5841.9323459267625,5842.348715942354
8000.0,5646.581287309528,6034.695805609227,5862.877832353116,5843.656241893769,5846.95279179141
6000.0,5615.869564190508,6032.035249471665,5862.862288206817,5841.841588169337,5838.152172509582
8000.0,5649.434891715647,6038.245386630298,5862.868305295707,5844.519192725421,5848.766944091768
6000.0,5637.238001823426,6041.376278549434,5862.856772542001,5844.517688453198,5846.497185342015
3000.0,5651.645670458675,6046.80469557643,5862.847746908666,5844.848628342153,5851.536685321481
6800.0,5648.414493724705,6048.445856571198,5862.8723166883,5845.633858442307,5851.341631356628
6500.0,5607.9548358917245,6041.536232829095,5862.849752604962,5842.938704043628,5838.819881342352
7300.0,5627.286990359426,6033.866951614619,5862.84223124385,5841.059868037702,5841.264010313899
5000.0,5631.824627518655,6027.895492315293,5862.847746908666,5840.208449959756,5840.694079175592
6500.0,5662.546880543233,6030.243159830571,5862.874823808671,5842.980823665858,5849.661421962083
7000.0,5654.513565450908,6037.471689283849,5862.847746908666,5843.874862790109,5849.676966108383
6500.0,5663.101706281305,6036.893547326327,5862.859279662372,5843.835250288249,5851.672445889563
7000.0,5657.52862840891,6038.191232830287,5862.856772542001,5844.025791436435,5850.650606304408
7200.0,5644.449482858182,6041.149133443833,5862.857273966075,5844.576856493951,5848.25818669051
3000.0,5629.362384602428,6036.451792716981,5862.866801023484,5842.692003399135,5842.843245435507
6000.0,5658.628502115608,6046.014451235534,5862.8647953271875,5846.049538999797,5853.3893219195315
7200.0,5642.8306352347145,6039.571151882411,5862.869308143855,5845.548114925624,5847.704802546651
6000.0,5628.289337083698,6033.192536234857,5862.866801023484,5844.190759956838,5842.134858574719
7000.0,5659.902369976045,6035.73676198721,5862.870310992003,5845.809858292342,5851.0798253119
4000.0,5650.888770818711,6036.464328318835,5862.863792479039,5844.995545595885,5848.803109303118
8500.0,5667.619787901641,6039.926661551,5862.871313840152,5846.555475890637,5854.243309795857
7000.0,5625.653601437808,6037.698834389449,5862.843735516072,5844.872195273639,5842.767091654242
5000.0,5638.926798105241,6034.455623477698,5862.855268269778,5842.48240813613,5844.680024497212
6000.0,5665.4418524354705,6037.7755522727975,5862.870812416078,5844.874200969935,5852.74060452357
6000.0,5645.71633078158,6043.661769479514,5862.859279662372,5845.76272442937,5849.500026088209
8000.0,5637.8911066800365,6039.924655854703,5862.851758301259,5843.1728690862665,5845.960097480566
7000.0,5633.894506096841,6033.468319475652,5862.858778238297,5841.9584199786195,5843.045005947352
6000.0,5643.5323782265195,6033.501914888621,5862.847746908666,5841.993519663812,5845.4688899219045
6800.0,5655.941871926189,6034.1693103313455,5862.846242636443,5842.620801180602,5848.894556518645
7300.0,5645.291624590755,6031.601517647506,5862.844738364221,5842.013576626779,5845.437864307315
2000.0,5638.180428370834,6027.112267911435,5862.847245484591,5840.700848400594,5842.210197541864
7200.0,5660.69787926972,6032.890678942204,5862.875325232745,5843.9149767160425,5850.094715040178
6000.0,5646.744500845672,6030.312356352807,5862.863792479039,5842.7932910621175,5845.678485184909
5000.0,5660.2498568594465,6031.05045258999,5862.8502540290365,5842.113360017539,5849.065980874003
6800.0,5659.450837597252,6034.526825696231,5862.867302447558,5843.299729377032,5850.036173779518
6800.0,5643.44889111817,6036.576145887376,5862.855769693852,5842.891570180655,5846.443094220013
7300.0,5639.842398464681,6037.965090572835,5862.8502540290365,5843.138772249223,5845.949128828944
6000.0,5626.040951535107,6039.840918034316,5862.847746908666,5842.467365413905,5842.799245472998
8000.0,5637.825670838357,6041.34218171239,5862.86629959941,5843.068071454764,5846.27555590123
6800.0,5635.93655563891,6040.945053845645,5862.849251180888,5843.500299006701,5845.807789918036
6000.0,5645.276832580567,6039.997362345458,5862.869308143855,5844.136606156827,5848.070027306677
7000.0,5648.155257478357,6042.7381463348875,5862.849752604962,5844.015762954951,5849.43972984329
6200.0,5664.074218273164,6042.141451686622,5862.8532625734815,5843.247079849244,5853.079003095628
4000.0,5677.589602768422,6041.988517343999,5862.860783934594,5844.275500625373,5856.678601168097
7500.0,5665.3548553586015,6047.4575497210035,5862.856271117927,5845.476411283017,5855.286271870137
7000.0,5633.61145220697,6038.601899147035,5862.856271117927,5843.497791886331,5844.6418535895655
7000.0,5634.739405661822,6035.74879616499,5862.86028251052,5841.3496911525735,5843.6745438724765
6000.0,5659.860501065851,6038.4364292025575,5862.862789630891,5842.281838506461,5850.86038960144
7500.0,5659.891840070487,6044.827580451966,5862.859781086446,5843.8252218067655,5852.851105853916
7000.0,5653.312654793263,6037.398982793094,5862.8417298197755,5837.9841327667245,5847.884375043214
6600.0,5621.269650757314,6035.823006927968,5862.858778238297,5837.41401359439,5839.341362379492
6500.0,5618.978644162417,6040.80264940858,5862.859279662372,5840.287674963475,5840.732062049211
7200.0,5624.311289191247,6046.8082055449495,5862.8678038716325,5841.38529226184,5843.843147717417
8000.0,5646.50883153081,6054.715663194657,5862.856772542001,5842.555114626885,5851.659095473588
7000.0,5634.212659671904,6056.269576400519,5862.855268269778,5842.818362265826,5849.038966652007
7000.0,5643.041985481978,6056.186340004207,5862.855268269778,5842.695513367654,5851.194776780904
7000.0,5647.640545666219,6055.5249616503725,5862.843735516072,5842.77072697878,5852.194992452861
6500.0,5635.726208239795,6044.869700074197,5862.8387212753305,5840.35436436534,5845.9472484886655
7200.0,5634.485183656217,6035.740271955729,5862.860783934594,5840.936517715455,5843.505689315499
7500.0,5643.7555119395265,6033.554564416409,5862.855268269778,5839.944199472667,5845.027386024595
6000.0,5674.834277480842,6026.335562020541,5862.851256877185,5834.644147008658,5849.6663108468065
5500.0,5665.843493118883,6031.232469528914,5862.848749756814,5837.384930998088,5849.327410850675
7000.0,5662.54713125527,6036.962743848563,5862.853763997556,5840.768039226533,5850.78291958198
8000.0,5633.817286789418,6039.743140339852,5862.851256877185,5840.891890972854,5844.325893744827
5000.0,5638.593351095916,6040.827219188214,5862.849251180888,5842.057701945306,5846.081880852581
7000.0,5640.343321114779,6048.236261308194,5862.854766845704,5843.68632733822,5848.780169151724
8200.0,5635.728966072203,6044.914326816798,5862.86028251052,5842.165006697179,5846.417145524175
7000.0,5637.0620019733915,6041.964448988439,5862.852259725333,5840.843754261733,5845.680616237224
7200.0,5669.05862428248,6045.111887902022,5862.849752604962,5842.131912708283,5854.788044374437
7000.0,5659.384148195387,6046.678838133813,5862.864293903113,5842.153975367547,5852.770313899965
7200.0,5650.849158316852,6052.582605183125,5862.854766845704,5841.690659523011,5851.994297467173
5000.0,5658.839852362872,6057.248356193305,5862.864293903113,5842.796299606563,5855.437200516463
7000.0,5674.824248999358,6065.764041244985,5862.867302447558,5846.399031579495,5862.463656067849
4000.0,5650.873226672412,6064.4854098558435,5862.851758301259,5845.268320292235,5855.869678780437
6000.0,5665.333795547486,6063.393809646369,5862.877330929042,5847.567349672318,5859.793071448804
7000.0,5623.398948088289,6058.050634711982,5862.852259725333,5845.982348173858,5847.571047674865
7000.0,5633.909548819066,6050.94896554947,5862.859279662372,5845.326485484839,5848.261069878937
7000.0,5620.978072658182,6044.278019666673,5862.85426542163,5843.612116575242,5842.930618580432
5000.0,5626.103378832341,6038.402833789588,5862.84824833274,5841.305064409972,5842.16488134116
7200.0,5648.076283186675,6033.759145438672,5862.875325232745,5842.486419528724,5846.799293346704
7000.0,5647.490369156004,6030.003980547191,5862.862789630891,5842.356550693513,5845.6784225069
6800.0,5666.744301468135,6034.423532336951,5862.855769693852,5843.342350423337,5851.841488480569
4000.0,5669.767637923361,6037.8507658839235,5862.859781086446,5844.242406636477,5853.680147882552
7000.0,5657.153563201428,6042.9527558386335,5862.875325232745,5846.744512766601,5852.431539259852
7000.0,5621.659257262946,6042.1294175088415,5862.862288206817,5844.694189727307,5842.836288176478
6000.0,5649.962891265751,6040.927504003049,5862.860783934594,5844.001723080874,5849.438225571067
6500.0,5643.473962321878,6043.354396522046,5862.845239788295,5843.082612752915,5848.189052846284
7000.0,5633.919828012587,6040.098148584367,5862.859781086446,5843.287695199252,5845.041363220663
6500.0,5620.537822321058,6036.724567413331,5862.845741212369,5842.127399891616,5840.5588827095935
5000.0,5634.217924624682,6035.600876063109,5862.845239788295,5841.904767602683,5843.642202019692
4000.0,5637.281375005842,6029.6093598008165,5862.8617867827425,5841.992516815663,5842.936259601266
7000.0,5647.311110049487,6032.353152334691,5862.8617867827425,5843.771068006755,5846.574279293419
2500.0,5634.9863570183525,6024.012965708972,5862.8617867827425,5840.863309800626,5840.681104827673
3000.0,5654.995935410262,6027.896495163442,5862.875325232745,5843.2686410844335,5847.259099222721
6500.0,5654.147024452687,6035.802949965001,5862.863291054965,5845.510508120061,5849.5809433981785
7400.0,5625.574627146126,6032.39025771618,5862.870310992003,5842.576174438001,5840.852842573077
7000.0,5608.788453415037,6033.115818351508,5862.8532625734815,5841.3757652044305,5836.533324886114
6500.0,5624.381488561631,6035.573799163104,5862.851256877185,5841.193748265506,5841.000073216856
8000.0,5652.408837899567,6033.255715668202,5862.856271117927,5840.956073254348,5847.369224485011
6000.0,5648.808362334968,6035.343645513059,5862.853763997556,5841.868665069343,5847.218609228731
7000.0,5658.419909700752,6043.3092683553705,5862.859781086446,5843.731455504895,5852.080103661866
5500.0,5637.145739793778,6042.519024014474,5862.863792479039,5842.529541999103,5846.2645245715985
8000.0,5635.491040349008,6045.784297585488,5862.856271117927,5842.644869536162,5846.694119647146
6600.0,5630.730520188809,6039.581180363894,5862.845741212369,5840.356370061637,5843.378452956677
8500.0,5659.532569721342,6040.246570110322,5862.859279662372,5841.718237847091,5851.089164335282
7000.0,5639.378581196071,6037.7755522727975,5862.849251180888,5840.524347126485,5845.13193294406
6000.0,5656.471375748516,6038.637500256301,5862.847245484591,5840.672267228366,5849.657097179444
6000.0,5657.029460743071,6035.135053098203,5862.847746908666,5840.309737622739,5848.830499593169
6800.0,5651.3648729771385,6037.461660802365,5862.857775390149,5841.71573072672,5848.350009974093
6000.0,5644.542246311904,6033.406644314528,5862.855268269778,5840.810158848763,5845.4035794362435
6500.0,5650.429717078806,6034.2736065387735,5862.849251180888,5840.5348770320425,5847.0218629576275
5000.0,5667.83840879798,6037.763016670943,5862.844236940146,5841.499115526677,5852.486194483937
7000.0,5655.196755751968,6035.881172120572,5862.8617867827425,5841.796961426736,5848.934169020505
6800.0,5632.452661171556,6034.17582884431,5862.862789630891,5841.305565834046,5842.699211370201
6800.0,5638.783390820027,6037.699335813523,5862.860783934594,5841.423901915551,5845.191853120924
7300.0,5661.713012307883,6041.7147397995,5862.856271117927,5842.0481748878965,5852.083049528302
7000.0,5654.138500243426,6042.836425453425,5862.851758301259,5841.431423276664,5850.314526818694
7000.0,5647.076945006848,6040.379948914052,5862.849251180888,5840.207948535682,5847.6285234093675
7000.0,5642.813085392118,6038.306058943273,5862.860783934594,5840.201931446792,5846.045464929194
7200.0,5636.933386698366,6039.4914254546175,5862.859781086446,5841.151127219201,5845.108930114658
6000.0,5651.125442981721,6040.207960456611,5862.860783934594,5841.625474393369,5848.954915441574
6600.0,5650.336702913047,6044.377301633359,5862.86629959941,5843.221005797387,5850.200327485801
6000.0,5642.08326265216,6045.9763430058965,5862.859781086446,5843.500299006701,5848.604921437801
7000.0,5640.662978962065,6045.991887152196,5862.865296751262,5843.806167691947,5848.331582639367
6800.0,5630.3484350442895,6043.850806355477,5862.851758301259,5842.59773567319,5844.912183843554
6500.0,5655.024265870453,6041.031298786403,5862.859781086446,5842.509485036136,5850.356207694859
6000.0,5645.341516286136,6043.073097616435,5862.86028251052,5842.935695499183,5848.552647978068
4000.0,5650.948440283538,6043.781609833241,5862.868305295707,5843.913973867894,5850.378082320095
7200.0,5651.296428591014,6044.0253019332895,5862.871815264226,5845.121403038503,5850.828737206758
6000.0,5641.161895915867,6039.554103463889,5862.8617867827425,5844.125073403121,5846.925714891405
4000.0,5640.365133062006,6039.237203449012,5862.868806719781,5843.898931145669,5846.592518594117
6000.0,5641.078910231591,6044.8862470686445,5862.86629959941,5845.109870284797,5848.485331796111
7000.0,5631.760946661235,6043.43061298132,5862.8617867827425,5844.547773897649,5845.650280080737
8000.0,5626.918443664909,6039.506969600917,5862.86028251052,5843.4772334992895,5843.190732318909
7000.0,5634.727872908116,6036.577148735524,5862.846242636443,5841.067389398814,5843.804663419724
6000.0,5665.592028945685,6033.908569812776,5862.860783934594,5840.640677511693,5850.750515051187
7000.0,5672.023544833065,6036.790755391122,5862.849752604962,5841.1581471562395,5853.205549996347
7000.0,5676.5704583376655,6037.60757520795,5862.849752604962,5841.370750963689,5854.599634278567
7500.0,5666.975708678366,6036.385103315116,5862.847245484591,5840.767537802459,5851.743898820133
6000.0,5654.6898160129795,6037.787586450578,5862.8502540290365,5841.148118674756,5849.118943791837
3000.0,5653.362797200681,6038.201762735845,5862.849752604962,5840.6597316265115,5848.768511042
5000.0,5672.812535613776,6045.970325917006,5862.865798175336,5843.935033679009,5856.395923346282
6000.0,5650.321910902859,6043.863843381406,5862.871815264226,5844.602930545808,5850.415125023575
7000.0,5638.504599034787,6043.472732603551,5862.852259725333,5843.029461801053,5846.964763291181
4000.0,5649.871882796288,6038.518161326648,5862.847245484591,5841.226842254401,5848.116032965482
7000.0,5657.684069871903,6038.960918784142,5862.876829504968,5842.495445162059,5850.504315830768
6500.0,5607.527121156455,6036.972270905972,5862.852259725333,5840.368905663491,5836.930139362813
3000.0,5642.514988780023,6037.359871715308,5862.862288206817,5841.121041774751,5845.9645476192245
7500.0,5655.512151494623,6044.064413011075,5862.862288206817,5843.408538401128,5851.461847778411
7200.0,5626.291663572193,6036.722561717034,5862.86028251052,5842.16400384903,5842.009627912194
7000.0,5642.585188150407,6034.819155931474,5862.863792479039,5841.778408735991,5845.511636324228
7300.0,5653.426728770138,6039.778741449119,5862.859279662372,5843.160333484412,5849.80627084151
8000.0,5644.942633435131,6040.84476903081,5862.849752604962,5841.939867287875,5847.644255589695
7000.0,5647.175976261497,6035.605890303851,5862.855769693852,5840.998192876578,5846.658957283945
6500.0,5647.959451377393,6033.910074084998,5862.8532625734815,5841.6219644248495,5846.58618811518
7000.0,5655.625222623349,6034.52431857586,5862.862789630891,5842.832402139903,5848.961183242501
6800.0,5645.634849369527,6035.430893301965,5862.861285358668,5841.35169684887,5846.3196812197575
7300.0,5649.489546939732,6035.418859124185,5862.849251180888,5840.73043242097,5847.1220224164435
3000.0,5645.751681178809,6033.374051749707,5862.84824833274,5840.091618150474,5845.516399852932
4000.0,5663.233330100776,6041.196267306806,5862.868305295707,5842.943216860295,5852.560279890896
6000.0,5655.488083139063,6041.440460830928,5862.8763280808935,5844.54426392913,5851.087283995003
6400.0,5635.097422450782,6044.311113655568,5862.868806719781,5845.160012692214,5846.859338879586
7000.0,5636.157182231546,6049.589103460313,5862.868305295707,5844.404366612435,5848.2547394
7400.0,5626.179344579578,6052.073158323766,5862.859279662372,5842.823376506568,5845.983789768071
7000.0,5621.675804257394,6051.050253212453,5862.866801023484,5841.350192576648,5844.235762767495
4000.0,5637.140474841,6056.9048807024965,5862.858276814223,5841.482568532229,5849.596550222487
6000.0,5662.644908949734,6065.673784911633,5862.864293903113,5843.318783491851,5858.625442814083
6500.0,5656.577426940204,6064.98482823372,5862.8678038716325,5843.592059612275,5857.005529664458
6500.0,5642.844424396754,6065.0419905781755,5862.852259725333,5843.573506921531,5853.578045405448
5000.0,5637.399711087347,6060.292000323535,5862.861285358668,5843.342350423337,5850.973836798222
5000.0,5629.342578351499,6052.7450665831575,5862.856772542001,5841.2539191544065,5846.549584157766
6500.0,5654.301964491607,6048.922209441663,5862.875325232745,5843.160834908486,5852.315083518625
6500.0,5658.966461941601,6046.917515993119,5862.843234091998,5842.268300056458,5852.748878020794
6500.0,5676.262333244086,6042.207138240338,5862.8502540290365,5841.601907461883,5855.730408243836
3000.0,5650.675916299225,6040.361897647382,5862.866801023484,5841.713725030423,5848.9045850001285
6500.0,5647.597924619914,6049.042551219464,5862.872818112374,5844.064401090146,5850.894423760475
2500.0,5655.677872151137,6045.820901542903,5862.857775390149,5843.690338730813,5852.011721953751
7500.0,5675.3906074911365,6052.831311523915,5862.868806719781,5845.957276970149,5859.262000676245
7000.0,5633.26296247542,6035.81598699093,5862.852259725333,5836.473342031241,5842.101137805731
6000.0,5624.795414134861,6034.413503855468,5862.846744060517,5837.366378307343,5839.855510089547
3000.0,5620.641617104412,6032.724707573653,5862.846744060517,5838.385272026063,5838.649585191161
7200.0,5627.905998378993,6035.881172120572,5862.864293903113,5841.32161140442,5841.993268951775
6500.0,5598.879310861231,6028.1542271375665,5862.859279662372,5839.38461020589,5832.319356966765
3000.0,5630.074156075717,6032.036252319814,5862.871313840152,5839.586684107781,5841.142101585866
2000.0,5662.9457633942375,6043.56750175357,5862.8647953271875,5842.936698347331,5853.078689705581
7000.0,5664.390115439893,6045.678998529912,5862.877330929042,5844.06490251422,5854.252836853267
8000.0,5634.755701944233,6035.739770531655,5862.868305295707,5841.912288963796,5843.819016683848
7200.0,5640.377919375897,6035.3376284241685,5862.84223124385,5840.6712643802175,5844.807260856033
6000.0,5677.754571288825,6035.318072885276,5862.858276814223,5841.168677061797,5854.27489951253
7200.0,5646.090393140913,6038.6104233562955,5862.857775390149,5840.896905213595,5847.113874275238
7000.0,5643.039729073645,6041.622477769853,5862.855268269778,5839.710535854102,5846.807002741844
7000.0,5637.5403605401525,6042.94272735715,5862.838219851256,5839.478877931834,5845.700046420098
4000.0,5637.727893143893,6040.995196253062,5862.865798175336,5841.007218509913,5845.649026520551
6800.0,5654.382192343474,6052.1072551608095,5862.869809567929,5845.452844351531,5853.703025355936
7000.0,5647.785457223655,6053.794045746327,5862.847245484591,5843.856811523438,5852.070889994503
7200.0,5650.6809305399665,6047.497663646937,5862.862789630891,5841.284506022931,5850.581472460181
2500.0,5651.3360410928735,6044.844628870488,5862.865296751262,5841.126557439567,5850.0431310385475
3000.0,5670.75644619763,6055.195526033641,5862.874823808671,5844.795978814364,5858.4056937135765
3000.0,5670.421494916082,6063.590869307519,5862.863291054965,5846.196957677604,5860.7681532390425
8000.0,5654.830214753748,6062.940522283317,5862.865798175336,5845.9718182683,5856.652088370175
8000.0,5596.443141996861,6045.404218137265,5862.853763997556,5841.3090758025655,5836.502549983562
5000.0,5612.631618231536,6031.955523043872,5862.8532625734815,5838.369727879764,5836.452532932163
7500.0,5679.4055100530395,6034.352831542493,5862.874823808671,5841.803981363774,5854.609286691994
5000.0,5687.588249519468,6030.404116958381,5862.852761149407,5836.671905964614,5854.3792583979675
7000.0,5685.881903395058,6038.840577006341,5862.867302447558,5841.217315196992,5857.201774511487
4000.0,5629.700093716384,6046.071112155915,5862.855769693852,5840.9495547413835,5844.894132576884
6000.0,5645.9239203482875,6053.933441638947,5862.874823808671,5844.305586069823,5851.759442966432
7000.0,5609.069501608611,6056.839695572854,5862.848749756814,5843.453666567803,5843.052903376521
8000.0,5630.553517490626,6050.513228029014,5862.847746908666,5841.31559431553,5846.307521685959
7000.0,5623.079290241004,6039.0306167304525,5862.859279662372,5839.344496279956,5841.078420728446
6800.0,5639.18327651918,6035.907246172429,5862.851758301259,5839.222148805858,5844.2911074496815
7400.0,5682.742988690735,6038.186720013619,5862.860783934594,5841.9323459267625,5856.430709641428
6000.0,5670.841688290239,6042.208141088487,5862.864293903113,5841.865155100823,5854.444819595666
6500.0,5661.295326054097,6049.08767938614,5862.844738364221,5842.015080899001,5853.810706175865
7000.0,5658.863419294358,6051.463928073646,5862.859781086446,5843.314270675183,5854.125349782408
6000.0,5635.929535701872,6046.759567409755,5862.85426542163,5841.796460002662,5846.8349571339795
7200.0,5635.232556238771,6038.873169571162,5862.851758301259,5840.369407087565,5844.3317227996895
7000.0,5634.961035102607,6029.89216297865,5862.8647953271875,5840.001863241197,5841.92996416241
8500.0,5653.177771717311,6031.288629025222,5862.855769693852,5839.426228404046,5846.687099710108
7000.0,5670.566657185555,6031.365848332644,5862.842732667924,5839.738114178182,5851.128338091076
6500.0,5662.537854909898,6033.175989240409,5862.857775390149,5839.835390448571,5849.601752497257
7500.0,5655.55201470852,6038.892725110055,5862.8532625734815,5840.950056165458,5849.5620146393785
7000.0,5643.1031592190275,6041.461520642043,5862.85426542163,5841.637508571149,5847.264113463462
7000.0,5636.318891495467,6039.443288743497,5862.858778238297,5840.322273224593,5844.735807925464
6500.0,5649.273934587837,6038.5146513581285,5862.864293903113,5840.446626394988,5847.774876561017
7000.0,5656.5044697374115,6047.22639322281,5862.84824833274,5841.879696398974,5852.114701922984
5000.0,5656.485917046667,6043.741495907308,5862.845239788295,5841.026272624732,5851.02473134175
7000.0,5654.522089660169,6041.236882656814,5862.873319536448,5842.4162201583395,5850.2621280029425
7500.0,5634.8559867590675,6040.739971399308,5862.86028251052,5841.535719484092,5844.997990038247
8000.0,5659.495464339853,6041.648050397635,5862.857273966075,5840.679788589478,5851.1701443232605
7000.0,5675.516464933754,6045.798838883639,5862.849752604962,5841.9062718749055,5856.517832074315
7200.0,5653.491161763669,6050.156214088202,5862.865296751262,5842.064721882344,5852.144348621369
7500.0,5638.501590490342,6052.271220833064,5862.86028251052,5842.015582323075,5848.91216903925
7000.0,5639.968005195261,6048.394711315633,5862.84223124385,5836.9201108813295,5847.031264659018
8000.0,5629.276891797782,6045.481938868762,5862.8532625734815,5836.339461803437,5843.487888760866
8000.0,5622.8162933141,6043.748014420272,5862.844236940146,5837.067529559136,5841.619018558414
7500.0,5616.545233130456,6042.880550771953,5862.845741212369,5838.364212214948,5840.158934332431
6000.0,5626.752723008395,6039.846935123206,5862.854766845704,5839.640837907792,5842.273815721274
6800.0,5632.723179459573,6041.109520941974,5862.866801023484,5841.049839556218,5844.437335245312
6000.0,5661.28304116428,6044.041848927737,5862.8617867827425,5842.95224249363,5852.7847298420975
8000.0,5670.827397704125,6045.834439992906,5862.871815264226,5844.195272773505,5855.9322314336905
7000.0,5649.077125638724,6043.22753623128,5862.861285358668,5843.459683656693,5849.656407721342
7500.0,5668.932265415789,6046.52590379119,5862.846242636443,5843.742988258601,5855.511850025506
7000.0,5654.685553908349,6041.087959706784,5862.838219851256,5841.489087045194,5850.025205127896
4000.0,5642.857962846757,6038.191232830287,5862.842732667924,5840.523845702411,5846.103943511845
7200.0,5651.548644900323,6036.862459033729,5862.876829504968,5842.543581873179,5848.45787882805
6000.0,5649.376475811006,6034.775532037021,5862.857775390149,5841.704197973014,5847.178495302797
4000.0,5670.261289924384,6038.643015921117,5862.858276814223,5842.588208615781,5853.587697818876
7000.0,5664.290081337095,6037.78307363391,5862.857775390149,5842.6674336195,5851.899590995164
6500.0,5624.713932722808,6024.543472379447,5862.8678038716325,5840.85177704692,5838.244246505202
7000.0,5634.568169340492,6023.601296544076,5862.854766845704,5840.896905213595,5840.480284485967
6500.0,5651.342058181764,6025.337728112937,5862.853763997556,5840.532369911672,5845.016480050982
3000.0,5667.904346063734,6027.871925383807,5862.866801023484,5840.644187480212,5849.821814987809
7500.0,5676.539370045067,6044.985027611257,5862.875826656819,5845.411727577449,5857.452987972648
3500.0,5630.892730876804,6048.650437593461,5862.851758301259,5843.300732225181,5846.423914749176
7000.0,5649.8691249638805,6057.377222180367,5862.874823808671,5845.1615169644365,5853.820671979339
7500.0,5608.609695732594,6049.360955506564,5862.852761149407,5841.789941489697,5840.653338469566
7000.0,5617.849938571454,6041.285019367934,5862.856271117927,5839.330456405879,5840.330421365798
5000.0,5634.254779294134,6038.663574308158,5862.849752604962,5839.417704194785,5843.79645260051
2000.0,5643.820446357132,6040.688324719668,5862.867302447558,5841.0914577543745,5847.116882819683
4000.0,5657.422075793148,6048.509537428618,5862.870310992003,5844.114042073489,5853.228991571815
7000.0,5641.938100382687,6044.739831238986,5862.866801023484,5844.548776745797,5848.5233773477385
8000.0,5634.560146555305,6039.596724510194,5862.856271117927,5841.380278021098,5844.598355051131
6000.0,5657.03898780048,6036.7752112448225,5862.8502540290365,5840.541896969081,5849.301587510855
5000.0,5641.1608930677185,6035.082904994489,5862.8502540290365,5839.432245492936,5844.631574396045
4000.0,5648.826915025712,6035.131543129683,5862.870812416078,5842.033132165671,5847.215600684286
6000.0,5649.519883096219,6038.400326669217,5862.875826656819,5844.490110129119,5848.821536637844
6000.0,5641.269702091814,6037.144259363414,5862.852761149407,5842.207126319409,5845.868462231011
6600.0,5663.750047609211,6033.559077233077,5862.847746908666,5840.791606158019,5850.237119477243
8000.0,5634.532568231226,6024.0260027349,5862.869308143855,5840.404005348683,5840.457971114666
7000.0,5631.508730351926,6024.760589003564,5862.860783934594,5840.468689054252,5839.899698086084
7500.0,5670.2073868364105,6031.773004680873,5862.8502540290365,5841.23636931181,5851.516753714533
7000.0,5686.581891402603,6037.965090572835,5862.851256877185,5841.406352072955,5857.2011477313945
7500.0,5674.888180568815,6040.517339110375,5862.844738364221,5841.008221358062,5854.814619850368
7000.0,5656.704287230969,6038.8826966285715,5862.859279662372,5839.0797443687925,5849.381501972676
5000.0,5663.3689653128395,6039.243220537902,5862.848749756814,5839.19356763363,5851.163625810296
8500.0,5667.657143995167,6042.307924479247,5862.874823808671,5841.986499726773,5853.7065980024645
6000.0,5651.936496421696,6039.56262767315,5862.853763997556,5836.29533648491,5847.662056144328
7000.0,5645.21290101111,6041.4279252290735,5862.848749756814,5837.19890266657,5846.672119665892
6000.0,5641.726499423386,6040.988677740098,5862.853763997556,5838.109990209342,5845.919732842595
5000.0,5631.797550618649,6042.872026562692,5862.849752604962,5838.7232318520555,5844.06064040959
7000.0,5643.556697294117,6045.3761383891115,5862.86629959941,5840.461669117213,5848.065201099963
6000.0,5641.357200592757,6046.2927415967,5862.84824833274,5840.0595270097265,5847.639429382981
8000.0,5659.828660637141,6048.092854022981,5862.86629959941,5841.258431971074,5853.0115615576515
7300.0,5656.907363981009,6047.633549571038,5862.858778238297,5841.216813772918,5852.154126390816
8500.0,5677.435164153577,6053.091049194337,5862.850755453111,5841.850112378598,5858.806770294906
7000.0,5673.382905498148,6052.5710724294195,5862.842732667924,5840.80614745617,5857.400714512915
4000.0,5665.368143096567,6052.5710724294195,5862.856772542001,5840.371914207936,5855.291975568981
8000.0,5655.590373650194,6053.17679271102,5862.856271117927,5841.2684604525575,5853.222974482925
7300.0,5632.100160047413,6043.391000479461,5862.855769693852,5839.625293761493,5844.493055995555
3000.0,5658.156411349774,6038.387289643289,5862.847746908666,5839.05417174101,5849.6114049106845
7500.0,5686.748113483191,6043.1934393942365,5862.863792479039,5842.137428373099,5858.735693432392
2000.0,5638.89245055616,6034.889355301858,5862.858276814223,5838.631972670556,5843.818013835699
6000.0,5664.59945999086,6042.052699625493,5862.875826656819,5841.550260782243,5852.769561763854
7200.0,5655.977473035456,6040.5002906918535,5862.873319536448,5842.130909860135,5850.370498280973
7600.0,5661.927371099592,6042.667946964503,5862.856772542001,5840.859298408032,5852.077847253532
7200.0,5668.745234236122,6048.2402727007875,5862.86028251052,5841.164665669204,5855.252613779158
6500.0,5636.6550963372,6053.834159672261,5862.863792479039,5841.49710983038,5848.71253957972
6500.0,5624.397784844042,6060.144581645728,5862.862789630891,5842.500960826875,5847.476529236884
6500.0,5640.332540497185,6062.484226375819,5862.857775390149,5842.947729676963,5852.155567985029
7400.0,5635.486026108266,6062.658220529557,5862.868806719781,5841.801975667478,5850.70375725627
7000.0,5650.048634782434,6059.450610727073,5862.857273966075,5840.996688604356,5853.338302019984
8000.0,5646.263885870577,6060.24937927723,5862.845741212369,5840.579503774644,5852.484627533705
7000.0,5639.188792183996,6048.733673989774,5862.855268269778,5839.065704494716,5847.460859734566
6800.0,5636.002242192627,6038.921807706357,5862.839222699405,5837.81415000558,5843.894355650992
4500.0,5650.516964867712,6033.521971851588,5862.861285358668,5839.126376807691,5846.506649721415
6000.0,5659.542096778751,6034.363862872125,5862.854766845704,5840.611594915391,5849.343080352993
7300.0,5645.948740839959,6029.095400124789,5862.859781086446,5840.060529857875,5844.491112977267
7400.0,5638.161374256016,6021.5128652751455,5862.849251180888,5838.219300657512,5840.18569784239
7500.0,5660.759554430843,6018.050532042981,5862.865296751262,5837.843734025956,5844.879779312761
6000.0,5678.001021221281,6026.920723915101,5862.8647953271875,5839.7727124392995,5851.889813225717
7000.0,5697.836605459453,6040.567982941867,5862.868305295707,5843.403022736312,5861.1689791083345
6800.0,5672.99981750548,6048.599292337895,5862.854766845704,5842.79479533434,5856.812168005855
7000.0,5666.738535091282,6050.790014117957,5862.845239788295,5841.712722182275,5855.521627794952
7000.0,5626.526580750943,6045.056731253863,5862.858778238297,5841.202773898841,5843.911216035486
7000.0,5621.4825052768,6046.367955207826,5862.856772542001,5841.801474243403,5843.1271768175075
7700.0,5628.620026260615,6044.347717612983,5862.860783934594,5841.393816471101,5844.305586069823
5000.0,5660.082130506636,6041.444973647595,5862.856772542001,5840.762022137643,5851.286474708469
6500.0,5663.201740384103,6043.846794962884,5862.8763280808935,5842.4628525972375,5853.096929006279
3000.0,5649.437649548055,6044.541768729688,5862.849251180888,5842.117371410132,5849.736510217191
7000.0,5666.00294597447,6045.057734102012,5862.872818112374,5842.998373508454,5854.232967924328
6800.0,5628.488151729108,6035.542209446431,5862.860783934594,5839.982809126378,5841.718488559128
6500.0,5635.756042972208,6033.195544779302,5862.849251180888,5839.292348176242,5842.77329677716
7000.0,5635.055804252625,6029.924755543471,5862.84223124385,5838.593363016845,5841.604038514198
7500.0,5634.3816395849,6023.196145892144,5862.855769693852,5838.354685157538,5839.697060082109
4000.0,5651.976359635592,6018.553460389377,5862.840225547553,5834.636124223472,5842.001542448998
6800.0,5654.416038468481,6021.915508806706,5862.869809567929,5837.746457755567,5844.236953649671
7500.0,5632.473971694709,6027.535971254111,5862.859781086446,5839.991834759713,5840.715389698745
6500.0,5637.500497326256,6032.788889855147,5862.849752604962,5839.6623991429815,5843.200384732337
7000.0,5636.076954379679,6039.291858673097,5862.870812416078,5839.684461802245,5844.4810218177745
7000.0,5636.055894568563,6044.311113655568,5862.86629959941,5839.284826815129,5845.629533659668
2000.0,5647.6979587227115,6051.572737097741,5862.847746908666,5839.467846602202,5850.39657233283
4000.0,5680.547001957894,6052.037557214499,5862.870310992003,5841.695172339679,5859.287510626019
7500.0,5655.584857985378,6051.26736983657,5862.877330929042,5842.87051036954,5853.1500172801325
7500.0,5620.985343307258,6044.698714464904,5862.841228395701,5839.617270976306,5842.035639286042
4000.0,5639.542546868325,6036.93115413189,5862.857775390149,5837.832702696324,5844.291044771672
7000.0,5642.258510366083,6041.814021766187,5862.865798175336,5839.993339031936,5846.732917334885
6000.0,5634.829661995173,6038.896736502648,5862.8617867827425,5839.246718585492,5843.958725966514
7500.0,5669.647296145559,6045.206155627967,5862.860783934594,5841.708209365607,5854.855611268432
8000.0,5669.043080136181,6047.9068256914625,5862.8502540290365,5840.956574678422,5855.189183633775
6500.0,5651.231744885446,6045.546121150256,5862.847245484591,5839.600222557784,5849.806333519519
6000.0,5645.739396288992,6046.588080376388,5862.847746908666,5839.77872952819,5848.738488275559
6000.0,5652.581829205156,6041.451993584634,5862.870812416078,5840.426068007947,5849.332675803454
8000.0,5649.355666711927,6040.696848928929,5862.8678038716325,5841.38529226184,5848.576402943582
7500.0,5668.288687616588,6040.324290841819,5862.841228395701,5840.223492681981,5852.919424884022
3000.0,5682.338840886951,6041.4539992809305,5862.847245484591,5839.443778246642,5856.520965974779
7400.0,5666.232347488404,6048.99993017316,5862.865798175336,5842.264288663865,5855.090591125191
7000.0,5622.868942841888,6043.020448088647,5862.859279662372,5840.57298526168,5842.330413963647
7200.0,5636.67916469276,6041.400848329068,5862.8532625734815,5838.467004150153,5844.850069936366
4000.0,5687.125936523081,6040.660746395589,5862.859781086446,5839.167995005847,5857.453614752741
3000.0,5678.920632973314,6050.374333560468,5862.864293903113,5841.155138611794,5858.328599762172
7000.0,5662.332521751524,6056.820140033961,5862.864293903113,5843.273153901101,5856.322527397425
2500.0,5604.083842039109,6048.56018126011,5862.865798175336,5840.422558039428,5838.983094878496
3000.0,5622.434709593655,6054.795389622451,5862.875826656819,5842.331479489804,5845.609351340682
4000.0,5628.8205958902845,6059.548889845611,5862.870310992003,5843.350874632598,5848.647667840124
6500.0,5641.668083518744,6052.387551218272,5862.867302447558,5842.539570480586,5849.86562691629
8500.0,5623.760976269842,6044.430452585221,5862.856271117927,5840.701851248742,5842.937387805433
7000.0,5635.953353345395,6035.053822398187,5862.8502540290365,5838.698160648347,5843.138897605241
7400.0,5652.104473486544,6035.61541736126,5862.8502540290365,5839.303379505874,5847.4683810956785
3000.0,5648.940487578512,6036.090265959502,5862.858778238297,5839.578661322595,5846.867048274727
6400.0,5654.138500243426,6049.5815820992,5862.875826656819,5843.909962475301,5852.626467868687
7000.0,5625.146160274745,6051.22775733471,5862.866801023484,5843.022441864015,5845.565790124238
6000.0,5645.140194520355,6047.974016517402,5862.855268269778,5840.743970870973,5849.178362544627
6800.0,5662.438322231174,6048.435828089715,5862.8647953271875,5841.21230095625,5853.737811651082
6800.0,5647.151155769826,6046.9821996986875,5862.856772542001,5841.519172489644,5849.6273251250395
7000.0,5643.711637333036,6048.464910686017,5862.862288206817,5842.069234699012,5849.27701773122
7000.0,5636.636292934419,6047.391863167287,5862.860783934594,5840.738956630231,5846.906974166633
7000.0,5643.593802675606,6046.409573405982,5862.846744060517,5840.130729228259,5848.245212342591
6000.0,5644.086702540518,6039.490422606469,5862.84824833274,5838.446947187186,5846.218080166728
8000.0,5651.69004648924,6037.512304633857,5862.859279662372,5839.696997404099,5847.939657047392
6800.0,5631.672445312143,6031.203888356687,5862.845239788295,5838.452964276076,5841.0436344333
3500.0,5658.94590355456,6031.61405324936,5862.859279662372,5839.533533155919,5848.238192405553
6000.0,5671.270907297731,6044.780948013068,5862.874322384597,5842.933188378812,5855.464841518552
7500.0,5653.138660639525,6042.330488562585,5862.8723166883,5842.54007190466,5850.220384448768
3000.0,5641.506624966861,6042.1208932995805,5862.860783934594,5842.061211913825,5847.137378528715
7200.0,5671.534405648709,6048.687041550876,5862.862288206817,5843.793130666018,5856.719216518105
7000.0,5633.377287164331,6040.788108110429,5862.859781086446,5841.87317788601,5844.724588561804
4000.0,5624.948599189521,6037.8507658839235,5862.854766845704,5840.873839706183,5841.631992906333
6400.0,5645.488433539868,6042.371605336667,5862.877832353116,5843.3207891881475,5848.51466510445
6000.0,5638.845316693188,6044.205313175918,5862.868305295707,5842.322453856469,5847.06034725532
6000.0,5652.797692269088,6047.825594991446,5862.864293903113,5843.249586969615,5851.684292033316
6500.0,5630.044321343304,6044.356241822244,5862.869308143855,5842.776242643596,5845.0115284882495
7000.0,5634.1921012848625,6040.3729289770135,5862.855769693852,5841.371753811837,5844.698138441891
7500.0,5641.6971661150465,6035.806961357594,5862.862288206817,5840.214467048646,5845.145220682026
7000.0,5638.79091218114,6034.784056246282,5862.865798175336,5839.833886176349,5844.0686631947765
6000.0,5662.630869075657,6037.481216341258,5862.865296751262,5840.546911209823,5850.8810733445
6000.0,5671.081619709731,6041.614454984666,5862.852259725333,5841.271970421077,5854.205076210202
5500.0,5667.398659884931,6039.29587006569,5862.844738364221,5840.331298857928,5852.467641793192
7400.0,5651.435573771597,6031.46864026785,5862.855769693852,5839.738114178182,5846.37452447787
7000.0,5634.123155474664,6025.3713235259065,5862.863792479039,5838.883186131717,5840.3103644028315
7000.0,5647.148899361492,6027.8644040226945,5862.853763997556,5838.748804479838,5844.153967965395
7000.0,5669.517928734423,6031.185335665942,5862.8502540290365,5839.2391972243795,5850.698178913445
7000.0,5670.456343889237,6034.978608787061,5862.859781086446,5838.984975218774,5851.819927245379
7000.0,5661.253707855941,6040.609601140023,5862.846242636443,5839.122365415097,5850.957979261876
4000.0,5651.235756278039,6044.399865716697,5862.854766845704,5837.671745568515,5849.040533602239
6000.0,5678.345750272275,6051.7131358385095,5862.875325232745,5841.496608406306,5858.607704937459
5000.0,5658.243408426643,6058.155933767558,5862.851758301259,5841.909781843425,5855.290220584721
8000.0,5675.0368528068075,6057.863603532315,5862.868305295707,5843.2540997862825,5859.755715355278
7000.0,5620.362825319172,6049.849843978883,5862.855268269778,5840.80013036728,5843.467016983778
6500.0,5639.801281690598,6046.136297285558,5862.850755453111,5840.188894420863,5847.2443072125325
8000.0,5655.099980905653,6047.034849226476,5862.859781086446,5841.2569276988515,5851.5628847293565
4000.0,5640.507788211108,6045.518041402102,5862.851758301259,5840.817680209876,5847.423817031086
7500.0,5653.556096181274,6052.601659297944,5862.861285358668,5842.828892171384,5852.961983252318
3000.0,5635.8212281018505,6041.425919532777,5862.858276814223,5839.904586970807,5845.002502854914
7500.0,5658.079192042352,6045.744183659554,5862.863291054965,5841.872175037862,5852.139710448683
6500.0,5622.189262509347,6033.4532767534265,5862.858276814223,5837.872315198184,5839.093282818795
4000.0,5640.285406634212,6030.148892104627,5862.845741212369,5838.119015842677,5842.849763948471
7500.0,5650.9532038122425,6029.592311382295,5862.870310992003,5840.878352522851,5846.073544677348
6800.0,5630.734280869366,6017.29338169098,5862.851758301259,5833.616729080678,5836.124037485571
6800.0,5642.525769397617,6022.06493318081,5862.8647953271875,5836.861945688725,5841.079360898585
2500.0,5633.711486309768,6029.425838589669,5862.860783934594,5839.163482189179,5841.290397755803
7000.0,5642.388128489257,6046.121755987407,5862.868305295707,5843.028960376979,5848.601787537337
6500.0,5601.318738982082,6040.689828991891,5862.859279662372,5841.522682458163,5836.597632523627
6500.0,5609.989364072681,6035.729742050172,5862.868305295707,5840.634660422803,5837.305517960341
5000.0,5640.03695100546,6034.715862572194,5862.851758301259,5840.04548713565,5844.412514753641
6800.0,5665.638661384583,6030.848378688098,5862.856772542001,5839.017066359521,5849.590219743551
5000.0,5661.512693390251,6026.701601594687,5862.859781086446,5839.53604027629,5847.652529086919
6000.0,5667.826123908163,6030.561062693597,5862.862288206817,5841.257429122926,5850.6267259828755
7000.0,5645.597994700075,6033.710507303477,5862.86629959941,5841.807992756368,5845.9956985898325
6500.0,5649.1703905165205,6034.869298338891,5862.8502540290365,5840.59705361724,5846.871749125422
7000.0,5659.888831526042,6038.47754597664,5862.861285358668,5841.213805228473,5850.610367022456
6000.0,5635.394516214729,6040.079595893622,5862.859279662372,5839.654877781869,5844.497067388148
7000.0,5649.6429827064285,6042.726112157107,5862.8678038716325,5841.41537770629,5849.163069110365
8000.0,5651.6953114420185,6048.105891048909,5862.84824833274,5841.591377556325,5851.060207094998
6000.0,5647.365514561535,6038.225831091405,5862.845741212369,5838.391289114953,5846.707093995065
6000.0,5661.274015530945,6036.508955061437,5862.869809567929,5840.520837157966,5850.293404329569
7600.0,5636.821819841863,6040.318775177003,5862.870812416078,5844.564822316171,5846.144057437778
8000.0,5638.390023633839,6044.288048148156,5862.868305295707,5846.239578723908,5847.946488950402
6500.0,5645.852467417718,6054.037236422301,5862.857775390149,5846.494302153588,5852.310445345939
7000.0,5673.924694210292,6064.070732146502,5862.857273966075,5848.966824263335,5862.454881146551
3000.0,5651.313727721573,6072.159705311061,5862.86028251052,5850.165729224683,5859.124861191959
7000.0,5648.5009893774995,6082.804436981679,5862.865296751262,5852.082673460246,5861.5633491426715
5800.0,5614.426967129112,6066.383801400662,5862.856271117927,5846.496307849885,5847.5408368743965
7500.0,5638.968917727471,6058.699978888036,5862.847245484591,5845.956274122001,5851.618104055525
8000.0,5632.1570716798315,6049.36045408249,5862.855268269778,5845.5992601811895,5847.493013553322
6000.0,5623.226959630848,6040.6772933900365,5862.862288206817,5844.3121045827875,5842.769661452622
7500.0,5654.4724486768255,6046.225049346686,5862.857775390149,5847.3356917500505,5852.722741290928
6500.0,5657.837756350637,6047.552820295096,5862.843234091998,5846.406051516534,5853.659965563566
6800.0,5652.972438558937,6043.67931932211,5862.865296751262,5846.452683955432,5851.492434646935
7200.0,5628.988071531058,6044.1586807370195,5862.8502540290365,5846.191943436862,5845.547237433494
7400.0,5629.173598438502,6042.654408514501,5862.857273966075,5844.669619947673,5844.838725216688
7000.0,5638.249374181033,6044.410395622254,5862.847746908666,5844.833585619927,5847.58527558297
5000.0,5642.3843678087005,6047.907828539611,5862.846744060517,5845.676980912686,5849.703980330379
6000.0,5629.099387675525,6046.061083674432,5862.856772542001,5844.930360466243,5845.73690108955
7000.0,5622.874709218741,6045.886086672545,5862.863792479039,5846.123749762774,5844.437084533275
6500.0,5630.282748490573,6049.662812799216,5862.869308143855,5847.572865337134,5847.596933692695
7000.0,5646.507577970625,6061.30437552929,5862.862288206817,5850.347244739533,5855.255371611566
7000.0,5638.3982971310625,6069.807524979115,5862.84824833274,5849.101707339288,5855.038944445551
4000.0,5625.006513670088,6066.2769980728635,5862.840726971627,5846.281698346139,5850.101484265179
7500.0,5626.639150455595,6063.061365485192,5862.86629959941,5847.7037370204935,5850.067638140173
8000.0,5614.2742834985265,6056.415490806104,5862.860783934594,5846.980182081462,5845.1326850801715
7000.0,5627.211526036263,6052.67687290907,5862.847245484591,5845.362086594106,5847.024432756008
6000.0,5649.117991700769,6052.930092066527,5862.859279662372,5845.213163644076,5852.530131768436
7000.0,5646.8487970531,6060.521652549506,5862.847746908666,5846.693367511035,5854.227891005577
5500.0,5635.248852521182,6059.199898689986,5862.843735516072,5845.881060510875,5850.793386809529
3000.0,5630.492845177651,6053.07700932026,5862.856271117927,5845.3470438718805,5847.94329237193
6000.0,5636.8331018835315,6055.070170015098,5862.873319536448,5847.835110127927,5850.652925390751
7000.0,5619.288273528219,6048.007110506297,5862.852259725333,5845.990370959044,5844.0345036797235
3000.0,5629.632652178408,6045.717608183623,5862.8617867827425,5845.5847188830385,5845.949191506953
7000.0,5641.857120394708,6057.1716383099565,5862.865296751262,5849.465741217137,5852.839949168266
6500.0,5610.133022069932,6056.871285289527,5862.85426542163,5847.170723229648,5844.257324002684
3000.0,5612.4566212296495,6055.898522585631,5862.868806719781,5846.4195899665365,5844.4108851254
7500.0,5627.078147232533,6061.591691523791,5862.868305295707,5848.431804776193,5849.992487207056
7000.0,5616.7237401008615,6056.739912182094,5862.858778238297,5847.995064407588,5846.07937373221
7500.0,5628.477371111513,6056.203889846803,5862.862288206817,5846.6196581721315,5848.540801834316
6500.0,5636.062663793565,6057.986452430488,5862.86028251052,5847.055395692588,5850.99119860679
6000.0,5644.408867508174,6065.743984282018,5862.862288206817,5849.1247728467,5855.534978210927
4000.0,5639.960233122111,6069.5758670568475,5862.870812416078,5850.233421474696,5855.660083517433
7400.0,5639.408666640521,6076.338072121144,5862.866801023484,5851.053249835969,5857.41669740528
7500.0,5638.592348247767,6070.12893781066,5862.86028251052,5848.587246239186,5855.0422037020335
6800.0,5634.152488783003,6059.642154723407,5862.844236940146,5841.970955580474,5849.652459006757
3000.0,5609.626583755017,6058.602201193572,5862.859279662372,5842.81284660101,5843.475227802993
7200.0,5614.267263561488,6067.078273743392,5862.878835201264,5846.8718744814405,5847.774061746896
6000.0,5597.4783319979915,6067.705555260182,5862.86629959941,5846.347384899856,5843.59939293936
7500.0,5612.568188086153,6072.220377624036,5862.859781086446,5847.504170238973,5848.788129258902
6500.0,5619.112524390222,6066.936370730401,5862.859781086446,5845.7446731627,5848.663337342442
7500.0,5637.541614100338,6068.672802299262,5862.868806719781,5845.911647379399,5853.748717624695
7000.0,5641.2335995584735,6066.053864359857,5862.852259725333,5840.132734924556,5852.568114642055
2500.0,5637.071529030801,6070.9688231349,5862.850755453111,5842.697017639876,5853.397031314672
5000.0,5651.762752979995,6085.029757022859,5862.8678038716325,5848.868043720723,5862.132089398802
3000.0,5615.854270756246,6082.219776511193,5862.874322384597,5849.6287040412435,5852.64426842332
7000.0,5618.076080828906,6086.557596176864,5862.871815264226,5851.332041621209,5854.709383472801
4000.0,5610.34487374127,6079.0723375976095,5862.847746908666,5848.482950031758,5850.186977069826
7000.0,5635.559986159206,6073.180103302003,5862.8723166883,5849.442675709725,5855.263770464809
6500.0,5611.391095072032,6065.253090113402,5862.865296751262,5847.468569129706,5846.744512766601
7500.0,5624.789898470045,6059.8241716623315,5862.845741212369,5845.566667616368,5848.256619740278
7000.0,5633.604181557895,6051.387711614371,5862.864293903113,5845.143465697766,5848.249913193286
7400.0,5640.335047617556,6052.338913083077,5862.856772542001,5844.786451756955,5850.079296249897
6000.0,5644.221334904433,6056.290636211635,5862.851758301259,5845.872536301614,5852.309066429735
8000.0,5644.6773800998935,6059.592513740064,5862.868305295707,5848.294414579869,5853.858153428883
8000.0,5622.779940068723,6057.946839928628,5862.855769693852,5847.1356235444555,5847.679543308915
6800.0,5641.0480726510295,6059.1572776436815,5862.851758301259,5847.829594463111,5852.72167576477
6800.0,5643.409780040384,6061.064193397761,5862.8502540290365,5847.4429965019235,5853.691805992276
7000.0,5639.766432717443,6062.817673385144,5862.865798175336,5848.708590865136,5853.539623785765
6000.0,5620.044421032072,6059.141733497382,5862.857273966075,5846.998734772206,5847.260540816934
8500.0,5637.739927321673,6061.95923537016,5862.8617867827425,5848.892112076283,5852.863265387715
3000.0,5624.8926904052505,6056.982100009919,5862.845741212369,5846.570017188788,5847.822637204082
6500.0,5649.995985254646,6060.96791997552,5862.863792479039,5848.949274420739,5855.694243032486
6800.0,5622.088726982475,6052.35846862197,5862.869308143855,5845.894097536803,5845.802650321276
8000.0,5625.329180061818,6052.0841896533975,5862.864293903113,5846.3183023035535,5846.648991480471
7000.0,5618.574245646597,6047.525241971017,5862.84824833274,5844.445984810592,5843.348430190236
8600.0,5645.785778015853,6049.027007073165,5862.8502540290365,5844.893255084754,5850.639073550702
6000.0,5632.92475193739,6044.172720611096,5862.856772542001,5839.132895320655,5844.7717851027855
6800.0,5610.614389181138,6052.988758683206,5862.85426542163,5843.387980014087,5842.461348325015
6000.0,5596.563985198737,6055.822807550431,5862.860783934594,5844.919329136611,5840.041726455093
7400.0,5601.283137872816,6059.889356791974,5862.848749756814,5845.551123470069,5842.393091972918
8000.0,5603.805050253869,6054.576768726111,5862.849251180888,5844.704218208791,5841.483822092415
3000.0,5627.503605559469,6050.0925332307825,5862.859781086446,5844.5121727883825,5846.24202316627
8000.0,5658.215830102564,6060.976945608855,5862.873319536448,5848.871052265168,5857.734286878259
7000.0,5649.009182676674,6060.893207788468,5862.857273966075,5848.2663348317155,5855.256499815733
7500.0,5661.425445601345,6064.149455726148,5862.856772542001,5846.873378753663,5858.826263155789
6000.0,5653.8491785526285,6063.152624666692,5862.856772542001,5846.468729525805,5856.581826321782
7000.0,5640.861793607474,6067.345532774926,5862.861285358668,5849.07914325595,5855.036938749255
6000.0,5627.860870212317,6069.487616419793,5862.852761149407,5848.297423124314,5852.124667726458
5000.0,5632.241812348367,6065.374936163426,5862.851758301259,5847.2574695944795,5851.931494101883
7000.0,5625.4236984998,6063.292521983386,5862.876829504968,5848.840465396644,5850.108378846199
7400.0,5620.642369240523,6064.351529628039,5862.865296751262,5849.452704191209,5849.327974952758
6500.0,5626.86930410564,6066.109021008016,5862.8647953271875,5848.223713785411,5851.016708556564
3000.0,5638.519140332938,6072.089505940677,5862.852259725333,5848.707086592914,5855.541998147965
5000.0,5645.852718129755,6075.49166828394,5862.869308143855,5850.632555037738,5858.711562398822
7400.0,5620.6458792090425,6065.079095959664,5862.870310992003,5849.8924531042585,5849.621934816242
7000.0,5606.161241978408,6054.599332809449,5862.86629959941,5847.207828611136,5842.708675749601
8000.0,5630.872673913837,6054.019686579705,5862.847746908666,5846.749025583268,5848.622283246369
7500.0,5641.866647452117,6050.804555416108,5862.8502540290365,5845.598758757115,5850.280053913594
7200.0,5628.622031956912,6046.003419905902,5862.86629959941,5845.063739269973,5845.638872683049
7000.0,5640.588266775013,6049.148853123189,5862.861285358668,5846.0139378905305,5849.65308578685
6000.0,5645.237220078708,6053.4234933555135,5862.855769693852,5846.209994703532,5851.931619457901
7000.0,5656.9743040949115,6052.35846862197,5862.8502540290365,5846.174393594266,5854.589355085046
6400.0,5648.056226223708,6052.827300131322,5862.847746908666,5845.919670164586,5852.41273585707
6000.0,5627.652027085424,6053.928427398206,5862.865798175336,5845.409721881152,5847.4639936350295
5000.0,5617.087523266674,6060.392786562444,5862.868806719781,5847.2168542444715,5846.8914926983425
6000.0,5625.181510671974,6066.2363827228555,5862.86629959941,5849.2546416819105,5850.8847086690375
7000.0,5630.679374933244,6068.039002269507,5862.862789630891,5849.6577866375455,5852.809738367797
7700.0,5621.658254414798,6062.458152323962,5862.856271117927,5848.1675542891035,5848.7850580364475
5000.0,5620.444056019188,6056.843706965447,5862.857775390149,5846.765071153642,5846.7276523821065
4000.0,5625.853168219329,6056.738909333945,5862.877330929042,5848.811884224416,5848.570323176683
6000.0,5633.105264604093,6060.86211949587,5862.877330929042,5851.741203665734,5852.146479673685
4000.0,5627.010705694557,6056.630601733924,5862.854766845704,5849.566527456046,5849.015650432558
8500.0,5647.793981432916,6049.071132391692,5862.8678038716325,5849.971678107978,5852.4261489510545
7400.0,5601.923456415535,6039.155471324922,5862.852259725333,5847.304102033378,5837.808822374792
7000.0,5630.068640410901,6036.600214242936,5862.856772542001,5847.0428600907335,5844.142121821643
5000.0,5620.787531509996,6040.130741149188,5862.852761149407,5846.4195899665365,5842.547655943782
7400.0,5647.269993275405,6045.518041402102,5862.875826656819,5848.887599259616,5851.137865148486
7000.0,5641.3727447390565,6048.361617326737,5862.86028251052,5848.593263328076,5850.2969769760975
7500.0,5648.127679154278,6050.029855221511,5862.851256877185,5847.366780042649,5852.093892823906
8000.0,5645.246997848154,6049.368978291751,5862.856772542001,5846.160855144263,5850.908400956542
8000.0,5638.507106155158,6049.708442389966,5862.855268269778,5846.358917653562,5849.357433617116
6800.0,5631.127648055554,6051.177614927293,5862.847746908666,5846.45368680358,5847.901674173773
6000.0,5636.455780267716,6054.703127592803,5862.861285358668,5847.53024429083,5850.387609377504
7000.0,5631.608012318612,6052.028531581164,5862.852259725333,5846.421094238759,5848.227474465967
5000.0,5644.1278193146,6047.591429948808,5862.8502540290365,5846.068593114615,5850.159524101765
7400.0,5643.46518740058,6048.271360993386,5862.868806719781,5847.183760255576,5850.447278842331
6000.0,5643.222748860718,6049.770618975163,5862.86028251052,5847.008261829616,5850.715478044004
7000.0,5637.01311312616,6055.261714011432,5862.868806719781,5848.2603177428255,5850.850987900049
2500.0,5632.529379054905,6063.066379725934,5862.867302447558,5848.362106829883,5851.70629201457
6800.0,5638.109476864339,6075.038882344962,5862.876829504968,5851.165568828584,5856.797689385713
7000.0,5617.011056095363,6074.099213629962,5862.862288206817,5850.300612300635,5851.068292558194
7000.0,5618.192160502077,6074.317834526301,5862.863291054965,5847.844637185336,5850.80448081717
7000.0,5622.42994606495,6073.79133924842,5862.855268269778,5845.982849597932,5851.26485079527
6800.0,5631.997368112207,6074.141333252192,5862.856772542001,5845.747681707145,5853.685788903386
7000.0,5635.371701419354,6077.767632156611,5862.862288206817,5847.470073401929,5855.867923796178
3000.0,5625.415425002576,6081.144723296166,5862.84824833274,5847.349731624127,5854.189532063902
6500.0,5649.264407530428,6081.864266842605,5862.876829504968,5850.58592259884,5861.14785661921
4000.0,5615.232504904271,6073.626370728017,5862.8647953271875,5848.780795931817,5850.126116722823
6000.0,5629.544150829316,6069.551297277213,5862.873319536448,5849.44919422269,5852.854490466417
4000.0,5622.046356648208,6060.580820590259,5862.847746908666,5848.0141185224065,5848.372260667385
4000.0,5638.754308223725,6052.469283342362,5862.859279662372,5848.050221055747,5850.533273071052
5000.0,5610.266400873662,6045.820400118829,5862.8793366253385,5849.818743765355,5842.196220345796
3000.0,5607.646460086108,6043.553963303567,5862.873820960523,5850.491153448821,5841.141349449755
7000.0,5622.030561789871,6050.246971845628,5862.874823808671,5852.070639282466,5846.805749181659
7000.0,5617.775727808476,6044.539261609317,5862.852761149407,5847.9424148798,5843.27754136175
6500.0,5626.314478367568,6038.681124150754,5862.865798175336,5847.183258831502,5843.76116488129
8000.0,5617.9326735436925,6040.527367591859,5862.857273966075,5846.806187927724,5842.0308757573375
3000.0,5629.398487135769,6039.345511049033,5862.846744060517,5845.752194523812,5844.335734192283
7000.0,5659.915908426047,6050.297114253045,5862.8647953271875,5849.5068579912195,5855.646168999375
6000.0,5616.499102115632,6042.942225933076,5862.863792479039,5846.559988707305,5842.216277308763
5000.0,5629.6143501997,6045.648913085462,5862.865798175336,5847.723292559386,5846.463088504971
8000.0,5647.7443404495725,6051.679039001466,5862.876829504968,5850.259996950627,5853.140051476658
8000.0,5643.128481134773,6057.1425557136545,5862.851758301259,5849.330356717111,5853.113287966699
4000.0,5644.193004444242,6058.653346449138,5862.843234091998,5846.688353270293,5853.094484563918
6500.0,5642.609256505967,6061.503440886737,5862.857273966075,5847.790483385325,5853.690113686026
7000.0,5605.569310858847,6052.867414057256,5862.852761149407,5845.968809723855,5841.814573947341
6800.0,5629.02918830514,6045.309950411321,5862.8678038716325,5845.845960825683,5845.763225853444
7000.0,5645.105846971274,6049.944111704827,5862.857775390149,5847.553309798242,5851.365260966123
8000.0,5647.885742038489,6055.773166567088,5862.86629959941,5847.439486533404,5853.491173684598
7500.0,5642.358043044806,6062.814664840699,5862.851758301259,5847.859178483487,5853.970911167563
7400.0,5633.3023242652425,6064.704030752183,5862.8617867827425,5847.372797131539,5852.060234732927
7000.0,5639.964745938779,6064.159985631705,5862.859279662372,5846.852820366622,5853.459207899869
6500.0,5627.925303205849,6063.577330857516,5862.868806719781,5847.130609303714,5850.375512521715
8000.0,5637.385169789196,6070.147991925479,5862.8502540290365,5848.923701792956,5854.826779384167
7000.0,5629.510053992272,6062.902915477754,5862.850755453111,5847.311121970416,5850.643711723388
8000.0,5625.190285593272,6056.929450482131,5862.854766845704,5846.179909259082,5847.788603045047
3000.0,5649.754298850895,6051.965853571893,5862.855268269778,5846.060570329429,5852.658997755499
7500.0,5669.723512604834,6063.00821453333,5862.8723166883,5849.482789635659,5861.271708365531
7000.0,5644.023773819209,6060.146085917951,5862.862288206817,5847.240922600032,5853.568267636002
5000.0,5633.863668516279,6058.992810547353,5862.851256877185,5845.545607805253,5850.313335936517
7400.0,5624.023722484709,6055.806761980058,5862.857775390149,5844.638030231,5846.831572521479
6000.0,5622.996555268765,6051.757261157037,5862.858276814223,5844.68967691064,5845.575442537666
7000.0,5621.9415590167055,6056.669712811709,5862.869308143855,5846.93906530738,5847.104911319912
6500.0,5615.95455557108,6060.572296380998,5862.857775390149,5845.568673312665,5846.238325163723
6400.0,5638.222798705102,6064.464350044728,5862.86028251052,5846.6833390295515,5853.057692572475
4000.0,5628.155707567931,6068.434124439956,5862.866801023484,5846.153333783151,5851.40249170363
7000.0,5638.017214834691,6074.706438183785,5862.8723166883,5848.973342776299,5856.142328120769
6500.0,5620.912386104465,6072.837129235269,5862.851256877185,5846.6341994702825,5850.8087429218
8000.0,5632.131499052049,6068.453679978848,5862.851256877185,5845.269323140384,5852.176439762116
8000.0,5614.8892801255,6053.547846525908,5862.857775390149,5843.538908660413,5843.7084526754925
6500.0,5618.595054745675,6047.100535780192,5862.846242636443,5842.993860691787,5842.883923463524
6500.0,5635.857079923154,6043.78862977028,5862.855268269778,5843.681814521552,5846.545698121191
8000.0,5644.841095060111,6044.290053844453,5862.852259725333,5844.192765653134,5849.044043570758
8000.0,5643.738964945079,6040.64770936966,5862.85426542163,5843.386977165938,5847.656979225577
4000.0,5646.689845621587,6043.170875310899,5862.851256877185,5845.018109679223,5849.432521872223
7400.0,5655.538476258517,6056.004323065282,5862.865296751262,5847.229389846326,5855.409371480347
6800.0,5647.161184251309,6055.718009918929,5862.859279662372,5845.962291210891,5852.925191260875
7000.0,5632.581777870656,6058.93965959549,5862.8617867827425,5845.9963880479345,5850.094903074206
7000.0,5624.547961354257,6062.464169412852,5862.855769693852,5844.79547739029,5848.665844462813
6000.0,5628.289086371661,6064.205615222455,5862.846744060517,5844.775420427323,5850.029216520489
6500.0,5623.141216114164,6065.362901985646,5862.860783934594,5845.968809723855,5849.333427939565
7200.0,5614.724813029171,6065.354377776385,5862.871815264226,5845.663943886758,5847.153737489135
7000.0,5627.778135240079,6064.814344048501,5862.865296751262,5845.183078199626,5850.160213559867
6800.0,5637.93899267912,6065.400007367135,5862.857775390149,5845.160514116288,5852.839322388173
7000.0,5645.825390517713,6070.128436386586,5862.863291054965,5847.258472442628,5856.518897600473
3000.0,5622.962207719685,6069.231388717891,5862.8647953271875,5847.319646179677,5850.59450948611
7500.0,5637.287141382695,6079.352633655072,5862.86629959941,5850.709272921086,5857.553836889566
5000.0,5602.339387685061,6065.928006917239,5862.862789630891,5847.1732303500185,5844.575853645802
7000.0,5633.403110504151,6066.267471015454,5862.859279662372,5847.5503012537965,5852.520040608943
6600.0,5620.917901769281,6056.221439689399,5862.849251180888,5845.079784840346,5846.267094369979
3000.0,5634.882562234999,6047.5242391228685,5862.863291054965,5844.62599605322,5847.474022116513
7000.0,5651.9946616143,6052.163916081191,5862.877330929042,5848.381160944701,5853.854267392308
7000.0,5623.221193253995,6047.562347352506,5862.870310992003,5847.247441112996,5845.225323177875
4000.0,5633.96946899593,6047.869720309974,5862.855769693852,5845.796821266414,5847.622945066542
7000.0,5669.001211225987,6056.067001074553,5862.878835201264,5849.402060359717,5859.337276965381
7000.0,5622.030812501908,6057.333598285914,5862.856271117927,5847.605457901956,5847.456534951926
7500.0,5617.670930176974,6057.699637860061,5862.855769693852,5845.775761455298,5846.000524796546
6500.0,5618.640182912351,6058.865448832513,5862.849752604962,5845.210155099631,5846.391384862364
7000.0,5619.125812128187,6061.269777268172,5862.863291054965,5845.719601958991,5847.244620602579
7500.0,5617.293107137085,6063.786424696446,5862.861285358668,5846.422097086907,5847.590728569777
7000.0,5624.045785143972,6065.671779215337,5862.86028251052,5845.717596262694,5849.573860783131
6600.0,5639.620769023896,6067.939720302821,5862.844236940146,5845.702052116395,5854.026694595815
8000.0,5646.491532400251,6064.784258604051,5862.8678038716325,5845.922678709031,5855.016568396241
6000.0,5631.027864664794,6062.931998074056,5862.848749756814,5845.32297551632,5850.532897002996
6800.0,5646.771577745677,6062.634152173997,5862.868806719781,5846.3443763554105,5854.654728248716
7400.0,5652.357692644001,6064.797295629979,5862.86028251052,5847.180250287057,5856.798880267889
7500.0,5661.054642498494,6064.813842624427,5862.860783934594,5846.696877479554,5858.856536634267
6000.0,5639.81406800449,6065.334320813418,5862.858276814223,5845.50800099969,5853.378666657955
4000.0,5640.081828460098,6069.513189047576,5862.8617867827425,5847.295577824117,5854.938095528633
7400.0,5633.858654275537,6073.089345544578,5862.8678038716325,5848.745194822551,5854.640249628575
6500.0,5613.780380785466,6064.86950069666,5862.849752604962,5846.137288212777,5846.909230574966
6800.0,5632.227020338179,6061.905582994224,5862.862288206817,5846.548455953599,5850.885836873204
8000.0,5618.806404992939,6059.62811484933,5862.851256877185,5845.226200670005,5846.627994347365
7000.0,5625.854672491551,6054.93829548359,5862.856772542001,5843.467205017806,5846.779236383737
6000.0,5647.164192795754,6056.123661994935,5862.86629959941,5843.851797282697,5852.501487918199
4000.0,5647.2226087003955,6061.678437888623,5862.865798175336,5845.501482486726,5854.31708181277
8000.0,5654.024175554515,6072.383841872216,5862.87833377719,5848.880579322577,5859.541732631625
7000.0,5613.50986249745,6073.981378972531,5862.839724123479,5846.212000399829,5849.135741498322
6000.0,5628.938430547715,6069.451513886453,5862.84824833274,5845.066246390344,5851.576109789313
6000.0,5620.3124321997175,6064.187563955785,5862.859781086446,5845.958279818297,5848.329514265061
3500.0,5609.536578133703,6057.956868410111,5862.873319536448,5846.359419077636,5844.181546289475
2500.0,5630.281494930387,6064.0070512890825,5862.871313840152,5848.923701792956,5851.5208904631445
6000.0,5649.543951451779,6067.15248450637,5862.870310992003,5850.317159295083,5857.470976561309
6000.0,5621.485513821245,6056.783034652472,5862.860783934594,5847.167714685203,5847.074261773379
7400.0,5619.3617321550855,6049.415610730649,5862.866801023484,5846.088650077582,5844.4331984967
6600.0,5626.456882804633,6046.72296345234,5862.861285358668,5845.159009844066,5845.300035364927
8400.0,5640.480711311103,6053.639105707408,5862.863291054965,5846.574028581382,5850.889284163714
7500.0,5624.119494482876,6055.210067331792,5862.8617867827425,5845.077277719975,5846.817156579346
7400.0,5634.318460151554,6053.029374033214,5862.852259725333,5839.427231252194,5847.406831290574
3000.0,5632.556957378984,6058.166463673116,5862.858276814223,5841.776904463769,5848.839650582523
7000.0,5631.01532906294,6074.116262048484,5862.868305295707,5847.394859790803,5853.848689049483
7500.0,5596.0811138153085,6071.028994023801,5862.855769693852,5846.435134112836,5844.100252911449
6000.0,5603.73610444367,6063.440943509341,5862.857775390149,5844.264469295741,5843.574823159725
5000.0,5622.851142287255,6061.269275844098,5862.852259725333,5844.552286714316,5847.881241142751
4000.0,5644.751590862871,6059.637140482665,5862.8763280808935,5847.095509618522,5853.590142261238
8000.0,5654.217725247146,6059.245528280736,5862.8678038716325,5848.856009542943,5856.296766735614
7000.0,5639.69096839428,6054.589304327966,5862.857775390149,5847.963976114989,5851.275506056846
6000.0,5643.6800476163635,6053.076006472112,5862.86629959941,5847.1647061407575,5851.696764957161
7500.0,5631.930929422379,6054.26538437605,5862.852259725333,5846.296741068364,5848.836328648032
8500.0,5635.2646473795185,6053.497704118491,5862.865296751262,5846.409561485053,5849.509302433581
7000.0,5637.488463148476,6054.3626606464395,5862.851256877185,5845.544604957105,5850.061746407301
8000.0,5670.484925061465,6058.927123993636,5862.852259725333,5846.306769549848,5859.6427695825705
7000.0,5655.831558629871,6059.434565156699,5862.8502540290365,5845.204639434815,5855.830254312606
7000.0,5647.468557208777,6060.950871556998,5862.852259725333,5844.419910758735,5853.922899812461
6700.0,5654.650704935194,6056.749439239503,5862.867302447558,5844.889243692161,5854.789172578604
5000.0,5654.902670532466,6063.236362487079,5862.86629959941,5847.788979113103,5857.198577933014
7000.0,5653.71479690075,6066.887231171132,5862.873820960523,5849.644749611617,5858.280149661005
7000.0,5634.597502648831,6067.61880889535,5862.853763997556,5848.279371857644,5853.337361849845
7000.0,5646.67580574751,6067.020108550788,5862.846242636443,5847.303099185229,5855.9613140299925
5000.0,5611.980017647148,6056.765986233951,5862.841228395701,5844.0368227660665,5843.906013760717
6000.0,5617.1760246157655,6050.549831986428,5862.871815264226,5846.180410683156,5844.194520637394
7200.0,5619.1704388707885,6048.2663467526445,5862.8532625734815,5845.903123170138,5844.048292841763
3000.0,5643.460674583913,6042.879547923804,5862.857775390149,5843.457677960397,5848.163918964566
6000.0,5664.589682221414,6045.387671142817,5862.867302447558,5845.821892470122,5854.666637070478
7400.0,5631.778747215868,6043.804675340653,5862.873820960523,5847.136626392604,5846.398467477412
2000.0,5624.704907089473,6050.3447495400915,5862.853763997556,5847.319646179677,5846.305766701699
7000.0,5651.633385568858,6062.91695535183,5862.877330929042,5850.296099483968,5856.9309428334245
5000.0,5612.1550146490345,6058.868958801032,5862.863792479039,5847.66011312604,5845.3869697637865
3000.0,5631.060707941652,6061.880511790515,5862.853763997556,5847.752876579762,5850.886965077371
8000.0,5632.16233663261,6067.930193245412,5862.86629959941,5850.010789185763,5853.242404665799
6000.0,5598.830672726036,6056.758966296912,5862.848749756814,5845.085801929236,5840.88104767725
5500.0,5629.395729303361,6053.571413457395,5862.848749756814,5844.5006400346765,5847.5791331380615
7000.0,5628.9685159921655,6048.672500252725,5862.857273966075,5844.010247290135,5846.127134375275
4000.0,5625.755139812828,6040.339834988118,5862.855769693852,5843.024948984385,5842.993923369796
6500.0,5646.69561199844,6042.298397421838,5862.871815264226,5846.499817818404,5849.591410625727
3000.0,5643.238293007017,6041.992528736592,5862.844738364221,5846.023966372014,5848.524881619961
7400.0,5665.9229688346395,6045.643397420646,5862.873820960523,5848.219702392817,5855.664972402156
6500.0,5623.501489311458,6042.073258012534,5862.863792479039,5845.990370959044,5843.607227690519
5000.0,5625.92537328601,6048.078814148904,5862.849752604962,5846.043020486833,5845.724240131677
7000.0,5634.428773447872,6051.575745642186,5862.877330929042,5847.684682905675,5849.141633231194
6500.0,5626.340050995351,6054.390238970519,5862.863291054965,5847.6806715130815,5847.818563133479
6500.0,5643.900674209,6057.626931369306,5862.859279662372,5847.832101583482,5853.05474670604
7000.0,5628.203844279052,6061.576648801566,5862.870310992003,5846.763566881419,5849.85359273851
7500.0,5614.145668223501,6064.3635638058195,5862.847746908666,5845.873539149762,5846.807629521937
6500.0,5619.166176766158,6057.996480911971,5862.861285358668,5844.147637486459,5846.042895130814
6600.0,5638.96039351821,6059.304696321488,5862.860783934594,5845.600764453412,5851.681659556926
8000.0,5638.011448457838,6055.709987133742,5862.849752604962,5844.287534803153,5850.214680749924
6000.0,5643.5815177857885,6051.11242979765,5862.861285358668,5844.2629650235185,5850.454549491406
6600.0,5654.555935785175,6056.726875156165,5862.8678038716325,5846.753538399936,5855.226038303227
7000.0,5650.0170450657615,6060.178678482772,5862.848749756814,5846.351897716523,5854.849092755468
7500.0,5650.803027302028,6058.435226976872,5862.848749756814,5845.841448009015,5854.482113011182
5000.0,5642.692743614317,6059.327260404826,5862.843735516072,5844.929859042169,5852.448399644346
2500.0,5649.404555559159,6062.42906972766,5862.867302447558,5845.848969370128,5855.137474276126
7500.0,5647.66536615789,6071.551477909089,5862.875826656819,5849.050060659648,5857.785682845862
6000.0,5629.326783493162,6070.097849518062,5862.853763997556,5847.606460750104,5852.471214439721
7000.0,5642.418464645744,6069.582385569812,5862.846242636443,5846.215008944274,5855.265525449068
8000.0,5631.555613502861,6062.176351994277,5862.854766845704,5845.431283116342,5850.504503864796
6600.0,5616.619945317508,6057.525142282248,5862.851758301259,5844.798987358809,5845.448958314956
8000.0,5623.744930699469,6051.886127144099,5862.868806719781,5844.857653975488,5845.839379634709
4000.0,5642.975045368076,6053.876279294492,5862.863792479039,5844.948913156987,5851.166007574649
7000.0,5680.967446044088,6066.63100346923,5862.858276814223,5848.351576924325,5864.7020758129665
7500.0,5656.518258899451,6061.27429008484,5862.856271117927,5846.625675261022,5856.81862384081
5000.0,5652.052826806904,6054.202706366778,5862.857273966075,5845.993880927564,5853.77667201683
7000.0,5652.317077293993,6057.283957302571,5862.874322384597,5848.499497026206,5855.243713501842
7700.0,5634.82389561832,6059.839214384557,5862.8532625734815,5847.594426572324,5851.277699787171
7000.0,5656.879534944893,6058.813300728799,5862.857273966075,5846.6632820665845,5856.303347926588
6800.0,5631.71832561493,6058.172480762006,5862.8617867827425,5845.209653675557,5849.490561708809
4000.0,5626.688290014864,6059.776536375285,5862.859279662372,5845.919168740512,5848.810818698258
7500.0,5645.7266099751005,6065.60007557273,5862.8763280808935,5849.166391044856,5855.842351168395
3000.0,5635.160601884128,6059.211431443692,5862.844738364221,5842.932185530663,5850.037239305676
6200.0,5643.905939161778,6066.229362785817,5862.865296751262,5846.106199920178,5854.776699654759
7500.0,5599.125259369613,6061.032102257014,5862.846242636443,5844.313107430936,5841.829177923501
7400.0,5594.037560001017,6046.947100013495,5862.866801023484,5842.593724280597,5836.611296329648
7000.0,5637.3345259577045,6043.618647009135,5862.857273966075,5843.285188078881,5846.773908752949
8000.0,5664.068451896311,6048.549651354552,5862.852259725333,5843.521358817817,5854.747930448503
7000.0,5663.459723070265,6042.994875460864,5862.847245484591,5841.833063960076,5852.783726993949
6000.0,5667.248483374716,6043.59758719802,5862.863792479039,5844.373779743911,5854.520910698921
8500.0,5647.914824634791,6047.82960638404,5862.849251180888,5845.651909708978,5851.061397977174
6800.0,5633.298062160612,6041.122056543828,5862.844738364221,5844.4454833865175,5845.4275851137945
7500.0,5630.779910460115,6038.17117586732,5862.849752604962,5843.829734623433,5843.907643388958
6400.0,5632.045003399254,6027.621714770795,5862.855268269778,5837.6913011074075,5840.053321886809
7000.0,5623.198629170657,6029.956846684218,5862.846744060517,5839.49041068554,5838.873157650233
8000.0,5637.342298030854,6037.565957009793,5862.86028251052,5841.592380404473,5844.84022948891
7500.0,5637.753465771676,6045.853995531798,5862.859279662372,5843.253096938134,5847.429959475995
8000.0,5651.230742037297,6059.988137334586,5862.85426542163,5846.521880477668,5855.148756317795
5000.0,5634.667952731253,6066.2885308265695,5862.859279662372,5845.324479788543,5852.285060752184
6000.0,5649.653763324023,6073.316490650178,5862.8647953271875,5847.785469144584,5858.405129611493
7000.0,5633.995543047787,6076.536134630443,5862.869308143855,5849.007941037417,5855.602231714875
7000.0,5635.329581797124,6076.268875598908,5862.860783934594,5849.105718731881,5855.891240015627
6500.0,5626.815651729704,6071.171398460866,5862.858778238297,5846.096171438695,5851.7354999668905
7400.0,5643.931762501598,6071.615660190583,5862.8617867827425,5847.133116424085,5856.385581474752
7000.0,5620.577685534955,6067.390660941602,5862.855769693852,5846.0254706442365,5849.212396703661
7200.0,5629.7309312969455,6061.606232821942,5862.855268269778,5843.91347244382,5849.5264762081215
7500.0,5657.755021378399,6055.943149328233,5862.863792479039,5843.645711988212,5855.051918793471
7000.0,5652.060849592091,6058.541528880597,5862.862288206817,5844.533734023572,5854.499600175769
6500.0,5642.165245488287,6065.736964344979,5862.8532625734815,5844.75335776806,5853.877207543702
7000.0,5636.041854694487,6063.586356490851,5862.855769693852,5844.105517864228,5851.647374685855
6000.0,5631.736126169563,6059.76149365306,5862.8678038716325,5844.80751156807,5849.7932338155815
6400.0,5637.176075950266,6066.372268646956,5862.872818112374,5847.553309798242,5853.4936181269595
4000.0,5643.84301044047,6073.1124110519895,5862.865296751262,5849.177923798562,5857.249660510571
5000.0,5650.960725173355,6079.403277486564,5862.859279662372,5849.1939693689355,5860.6043129228065
6000.0,5631.010064110161,6073.121436685325,5862.855769693852,5847.189777344466,5853.544261958451
7500.0,5616.108743473888,6061.907087266446,5862.862288206817,5845.054713636638,5846.483208145947
7000.0,5609.199621155859,6048.081822693349,5862.860783934594,5841.7438104748735,5840.471509564669
6000.0,5641.7783968150625,6049.00594726205,5862.845239788295,5842.154978215695,5848.946140520276
7000.0,5667.196084558965,6050.529775023461,5862.8678038716325,5842.921154201032,5855.8787044137725
3000.0,5643.464435264469,6053.755436092616,5862.859781086446,5843.403524160386,5850.870794150979
4000.0,5651.6316305845985,6066.4976246655,5862.865798175336,5846.961127966643,5856.989045348019
6500.0,5633.506654575468,6066.143117845059,5862.872818112374,5847.90280237794,5852.60634822771
7000.0,5612.415755167604,6059.629619121552,5862.863792479039,5846.157846599818,5845.2667533420035
7400.0,5614.151685312391,6052.697431296111,5862.857273966075,5843.168356269599,5843.218686711044
6500.0,5640.5233323574075,6048.35108742118,5862.859781086446,5842.60375276208,5848.584488406778
7500.0,5630.277984961868,6050.651621073485,5862.866801023484,5844.096492230893,5846.973224822433
7500.0,5625.8812479674825,6053.972051292659,5862.8617867827425,5845.0050726532945,5846.930039674045
8000.0,5641.701428219677,6051.31550654769,5862.843735516072,5840.268119424582,5849.0321974270055
7000.0,5608.312601968647,6047.652603685857,5862.846744060517,5839.2276644706735,5839.509903546424
7000.0,5612.125179916621,6048.720636963845,5862.852259725333,5840.265612304212,5840.990922227503
4000.0,5628.872994706036,6052.544496953488,5862.86028251052,5841.607924550773,5846.471424680204
7000.0,5641.904504969717,6064.862480759622,5862.8647953271875,5844.5934034883985,5853.556296136231
8000.0,5631.170018389822,6066.707219928504,5862.861285358668,5843.585541099311,5851.081016194076
8000.0,5638.439413905145,6069.493132084609,5862.86028251052,5843.908458203078,5853.675321675838
7500.0,5649.19019676745,6075.722824782134,5862.846242636443,5844.118554890157,5857.969454769046
8000.0,5675.165468081833,6080.247675627471,5862.856271117927,5844.997551292182,5865.816741529853
3000.0,5640.612335130573,6081.744426488877,5862.863792479039,5843.890908360482,5857.277865614743
8000.0,5652.117761224509,6097.460561245681,5862.865296751262,5848.634881526233,5865.269625186921
7400.0,5609.356817603112,6086.735100299121,5862.84824833274,5844.9093006551275,5850.962366722525
7000.0,5630.220321193338,6073.616342246533,5862.859279662372,5843.504310399295,5852.5500633753845
5000.0,5636.697717383505,6068.005908280612,5862.86629959941,5843.340846151114,5852.72769285366
7400.0,5662.610059976579,6073.249299824239,5862.8617867827425,5846.14480957389,5861.216489039362
7400.0,5647.7964885532865,6066.371265798808,5862.861285358668,5844.95041742921,5855.494864284993
6400.0,5634.99864190817,6059.8357044160375,5862.8617867827425,5844.009745866061,5850.426469743253
8000.0,5633.648557588459,6059.312719106675,5862.863792479039,5845.230713486672,5850.263945665211
7000.0,5624.255631119014,6054.61989119649,5862.8502540290365,5844.158167392016,5846.470985934139
6000.0,5629.615102335812,6045.300423353911,5862.850755453111,5843.025951832534,5845.198058243842
7000.0,5635.7633136212835,6040.169350802899,5862.868305295707,5844.162680208684,5845.740912482143
8500.0,5637.608804926277,6040.407025814057,5862.860783934594,5845.011591166259,5846.472051460297
7000.0,5637.382161244751,6041.347195953132,5862.851256877185,5843.918988108636,5846.374900545926
7500.0,5655.66132515669,6045.318474620582,5862.846242636443,5844.569335132838,5852.098844386638
5000.0,5646.042507141829,6047.388353198768,5862.858276814223,5843.566486984492,5849.963906034828
8000.0,5652.950375899673,6053.667185455562,5862.8763280808935,5846.114724129439,5853.902153391392
7000.0,5630.642018839718,6057.218772172929,5862.862789630891,5846.011932194234,5849.183878209443
6600.0,5659.409470111133,6061.471851170064,5862.86629959941,5847.230894118548,5857.744628749789
7400.0,5656.552606448532,6066.953920572997,5862.849752604962,5846.601105481387,5858.23934627697
7000.0,5658.220342919231,6067.619310319425,5862.856271117927,5846.382986009122,5858.769727591426
8000.0,5625.267504900695,6069.040346145631,5862.84824833274,5844.932867586614,5850.52224174142
6500.0,5628.686966374517,6064.320441335441,5862.855769693852,5844.086965173484,5849.9875356443235
8500.0,5645.87553292513,6063.681627064944,5862.863291054965,5845.043180882932,5854.365907981993
7000.0,5653.824859485031,6056.622578948737,5862.855769693852,5838.966422528029,5853.0674076639125
5000.0,5645.84970958531,6060.393287986518,5862.865798175336,5840.695332735778,5852.451032120735
6600.0,5629.560697823764,6069.253451377154,5862.868806719781,5843.656241893769,5851.334799453617
6500.0,5609.778515249492,6070.82341015339,5862.849251180888,5843.592561036349,5846.76093440503
7000.0,5624.208747968079,6075.670175254346,5862.871313840152,5844.917323440314,5851.916890125723
6800.0,5616.619694605471,6079.397260397674,5862.851758301259,5844.241403788329,5850.777529273183
8000.0,5633.573845401407,6080.219094455243,5862.86028251052,5844.358235597611,5855.252864491195
7500.0,5641.672596335412,6077.979233115912,5862.851758301259,5844.380298256875,5856.720971502365
7500.0,5649.64799694717,6074.593116343022,5862.858276814223,5844.543261080981,5857.910662796349
6800.0,5654.412528499962,6071.495318412782,5862.851758301259,5843.922498077155,5858.170525822789
6000.0,5654.8871263861665,6067.817874252797,5862.872818112374,5844.671124219895,5857.562235742808
7000.0,5647.821058332921,6067.378125339747,5862.849251180888,5845.258291810752,5855.826681666077
7000.0,5653.771708533169,6061.811315268279,5862.858778238297,5845.491454005242,5855.983314011247
6000.0,5647.114551812411,6055.948664993049,5862.855268269778,5844.512674212457,5852.607789821924
7500.0,5630.706201121212,6048.541127145291,5862.846744060517,5843.235547095538,5846.33240485564
7000.0,5634.460112452508,6038.852611184121,5862.857273966075,5841.578340530396,5844.437084533275
6000.0,5652.106228470803,6034.057994186879,5862.856271117927,5841.545747965575,5847.641560435296
7500.0,5653.60724143684,6039.333476871253,5862.865296751262,5844.212822616101,5850.004709418864
6500.0,5642.838908731938,6042.114374786616,5862.853763997556,5844.780936092139,5848.146995902062
7400.0,5652.798945829273,6046.164878457786,5862.859781086446,5846.076114475728,5851.974929962308
3000.0,5628.876253962518,6046.946097165347,5862.850755453111,5844.686668366195,5845.8399437367925
7500.0,5649.28145594895,6053.555869311095,5862.874322384597,5846.634700894357,5853.08658713475
7000.0,5619.3038176745185,6050.101558864118,5862.841228395701,5844.194771349431,5844.110344070942
7000.0,5635.254368185998,6044.868195801974,5862.851758301259,5842.686989158393,5846.415327861906
8000.0,5633.977491781116,6042.862499505282,5862.853763997556,5843.235045671464,5845.732200238855
7500.0,5636.109296232463,6043.99772360921,5862.852259725333,5843.692845851184,5846.6630313545475
7400.0,5640.6015545129785,6045.583727955819,5862.858778238297,5842.646875232459,5847.9227339848885
3000.0,5661.120579764248,6050.1767724752435,5862.862789630891,5843.151809275151,5854.327987786383
3000.0,5673.483691737057,6067.580700665713,5862.876829504968,5848.7301521003255,5863.167843502016
7500.0,5639.512461423875,6074.8187571764,5862.875325232745,5849.756065756083,5856.740652397276
7000.0,5606.3487745821485,6067.06724241376,5862.86629959941,5846.822233498097,5845.776137523354
8500.0,5619.309834763409,6066.4740577340135,5862.85426542163,5845.809356868268,5848.61187869683
6500.0,5610.5346627533445,6062.396477162839,5862.845741212369,5843.886896967889,5844.91594452411
7000.0,5617.783750593663,6057.740754634143,5862.844236940146,5842.63133108616,5845.250018313528
7400.0,5624.160109832884,6049.49383288622,5862.849752604962,5842.020095139743,5844.630947615952
7000.0,5634.223440289498,6041.589885205031,5862.84824833274,5841.487081348897,5845.037163794042
7000.0,5649.5096039026985,6040.522854775191,5862.855769693852,5840.876346826554,5848.441143799574
5000.0,5655.493097379805,6044.183250516654,5862.859279662372,5841.434431821109,5850.992514844985
5500.0,5657.701619714499,6052.06162557006,5862.852761149407,5843.659250438214,5854.068814218045
2500.0,5645.072000846268,6053.464610129596,5862.857273966075,5844.328651577235,5851.430634129793
7000.0,5650.6403151899585,6058.425699919463,5862.875826656819,5846.952603757382,5854.723611380906
7500.0,5621.180146560074,6057.173644006253,5862.847746908666,5845.200628042222,5846.600541379304
7000.0,5625.407402217389,6052.088702470065,5862.855769693852,5844.41690221429,5846.192194148899
7500.0,5610.033740103246,6047.826597839595,5862.860783934594,5842.654898017646,5840.84400497377
6000.0,5635.487530380488,6041.331150382758,5862.852259725333,5836.5284986794,5844.049859791995
6000.0,5651.677510887385,6050.590447336436,5862.860783934594,5840.877851098777,5851.501648314298
5000.0,5649.160362035037,6059.95253622532,5862.848749756814,5843.1528121233,5853.778615035118
6500.0,5636.175233498217,6062.826197594405,5862.862789630891,5843.952082097531,5851.454075705261
7000.0,5607.191167026759,6061.752147227527,5862.847245484591,5843.6828173697,5843.868344277144
8000.0,5606.609013676644,6051.132988184691,5862.853763997556,5841.146112978459,5840.435469709338
6800.0,5634.354813396932,6044.765403866769,5862.856271117927,5841.686146706344,5845.915658771993
7000.0,5663.53844664991,6048.004603385926,5862.846744060517,5843.057541549207,5854.36183391139
7500.0,5665.631140023471,6050.800544023515,5862.858778238297,5843.258111178876,5855.63714336604
7000.0,5647.835599631072,6052.762115001679,5862.852259725333,5843.050020188094,5851.624998636545
8400.0,5632.5484331697235,6046.897459030152,5862.858276814223,5842.374100536109,5846.169567387552
7400.0,5626.867298409344,6046.193459630013,5862.86028251052,5842.466863989831,5844.596976134927
6500.0,5661.364021152259,6054.45040985942,5862.86028251052,5843.985677510501,5855.665097758175
7000.0,5661.3514855504045,6062.839736044408,5862.849752604962,5845.20764797926,5858.062155544759
3000.0,5639.703754708172,6060.657538473607,5862.862288206817,5844.8807194829,5852.026075217874
4000.0,5631.8817898631105,6068.128757178784,5862.868806719781,5847.344215959311,5852.555892430247
6000.0,5620.43528109789,6060.254393517972,5862.873319536448,5846.840284764768,5847.6008197292695
7000.0,5620.067486539484,6047.666643559934,5862.8532625734815,5844.5934034883985,5843.795199040324
7000.0,5651.023904606701,6042.9788298904905,5862.84824833274,5844.006235897542,5850.214304681868
6000.0,5637.882081046701,6037.347837537528,5862.852259725333,5842.717576026917,5845.19993858412
5000.0,5626.55440978706,6034.769514948131,5862.851758301259,5842.514499276877,5841.672545578332
7000.0,5629.203683882953,6038.512645661832,5862.8763280808935,5845.015602558852,5843.9020650461325
6800.0,5638.305032253266,6045.493471622468,5862.849752604962,5844.795978814364,5847.861058823765
6000.0,5658.279260247947,6051.445876806975,5862.863291054965,5845.344035327435,5854.483115859331
7000.0,5634.177058562637,6056.446077674628,5862.869809567929,5846.272672712804,5849.9414046295
6000.0,5627.724984288217,6057.807444036008,5862.859279662372,5846.397527307273,5848.697308823467
7400.0,5627.10773125291,6057.994475215674,5862.870310992003,5846.11121416092,5848.520932905377
8000.0,5627.020984888078,6056.294146180154,5862.849752604962,5845.006075501443,5847.792739793659
5000.0,5635.42109169066,6050.183290988208,5862.855769693852,5843.495786190034,5847.988984640689
7000.0,5657.840263471008,6052.98926010728,5862.874322384597,5846.883908659221,5855.146938655526
5000.0,5639.951959624887,6055.45375943184,5862.851256877185,5846.363430470229,5851.155101601035
7000.0,5654.554932937027,6058.0295749008665,5862.864293903113,5847.0864839851865,5855.633821431548
3000.0,5626.169817522169,6053.594980388881,5862.8417298197755,5844.322634488345,5846.732290554793
3000.0,5648.099348694087,6055.001474916936,5862.866801023484,5846.718438714744,5853.171515837313
6600.0,5624.509602412582,6053.939960151912,5862.871815264226,5846.643726527692,5846.991276089103
7000.0,5615.650943294168,6044.727295637132,5862.869809567929,5844.732297956944,5841.995086614043
7000.0,5639.949452504517,6044.021290540696,5862.864293903113,5844.803500175477,5847.909634280951
7000.0,5649.771597981454,6049.34240281582,5862.867302447558,5846.206986159087,5852.04707235098
5000.0,5648.426778614522,6056.745929270984,5862.856772542001,5846.804683655501,5853.708541020752
3000.0,5656.775990873576,6061.3053783774385,5862.874322384597,5848.547132313252,5857.375705987216
7000.0,5637.189112976194,6068.328323960305,5862.873319536448,5850.249968469144,5854.660181235523
5000.0,5615.518567338587,6063.376259803773,5862.84824833274,5846.7560455203065,5847.1247802488515
6500.0,5629.09286916256,6054.9568481743345,5862.873319536448,5846.545948833228,5848.367246426643
6500.0,5610.680075734855,6051.968360692264,5862.859279662372,5845.8890832960615,5842.849199846388
7500.0,5627.50009559095,6050.775472819806,5862.870310992003,5844.045346975327,5846.297806594522
6800.0,5647.456773743034,6052.463266253472,5862.867302447558,5843.860321491958,5851.661915984006
7000.0,5664.124109968544,6062.634653598071,5862.867302447558,5846.684843301774,5859.077727328987
6800.0,5647.971986979247,6068.670295178891,5862.8502540290365,5846.2455958127985,5856.434532999993
7000.0,5635.39877831936,6061.828363686801,5862.850755453111,5844.286531955005,5851.091107353569
8000.0,5619.12380643189,6052.770137786866,5862.862789630891,5842.913632839919,5844.417591672392
7500.0,5629.837483912707,6051.86456590891,5862.846744060517,5842.6192969083795,5846.792022697628
3000.0,5664.426970109344,6053.84719669819,5862.857775390149,5844.143626093865,5856.318892072887
4000.0,5677.459232509137,6066.934365034104,5862.865296751262,5848.216192424298,5863.8687716797
6600.0,5644.808753207327,6068.378967791797,5862.879838049413,5849.111735820771,5856.294823717327
4000.0,5608.634265512229,6058.972252160312,5862.8502540290365,5845.1384514570245,5843.89880578965
7200.0,5642.478134110571,6060.64349859953,5862.87833377719,5846.813207864762,5853.203293588013
7000.0,5615.89689180255,6058.54554027319,5862.859279662372,5843.669780343772,5845.242873020471
6500.0,5631.088787689806,6060.77086031437,5862.847245484591,5842.906612902881,5849.403376597912
6000.0,5639.819082245232,6061.479873955251,5862.8617867827425,5844.472560286523,5852.158325817437
6000.0,5623.074526712299,6063.271963596345,5862.867302447558,5845.130428671838,5848.58605535701
4000.0,5627.798442915083,6066.0508558154115,5862.8678038716325,5846.45970389247,5850.794201623649
3000.0,5649.976179003716,6067.2828547656545,5862.868305295707,5847.768922150136,5856.974065303803
7000.0,5640.497759729625,6066.2218414247045,5862.868806719781,5848.544123768807,5854.533132910729
5000.0,5621.3039983063945,6055.618226528169,5862.858778238297,5845.131431519986,5846.228108648212
8000.0,5626.382922753693,6050.303632766009,5862.857775390149,5843.545928597451,5845.7725648768255
6500.0,5626.187367364765,6046.272684633733,5862.856772542001,5844.093985110522,5844.852702412755
6500.0,5628.063194826246,6050.2143792808065,5862.869809567929,5845.407716184855,5846.638774964959
6400.0,5643.104914203287,6059.005847573281,5862.855769693852,5845.6398755311975,5852.651601750405
6500.0,5672.388581559063,6064.991848170758,5862.863291054965,5846.595088392497,5861.709702294321
3000.0,5647.061651572586,6067.099333554507,5862.866801023484,5846.20247334242,5855.807564873249
4000.0,5658.545015007258,6075.276055932046,5862.877330929042,5849.413593113423,5861.527998745442
5000.0,5632.497538626195,6072.345733642579,5862.873820960523,5848.431804776193,5854.037224501372
7000.0,5626.871811226011,6067.782774567605,5862.874322384597,5848.752214759589,5851.5702807344505
6600.0,5620.495953410865,6059.300684928895,5862.8532625734815,5845.71107774973,5847.090244665743
7000.0,5625.616997480393,6049.123280495406,5862.850755453111,5842.591217160226,5845.045562647284
8500.0,5628.569883853198,6044.863682985307,5862.851256877185,5841.572323441506,5844.464286789299
8000.0,5621.787872537971,6039.185055345298,5862.851256877185,5840.014398843051,5840.959645900876
6000.0,5642.964264750482,6038.516155630351,5862.846242636443,5840.100643783809,5846.106826700271
4000.0,5670.790793746711,6044.189267605544,5862.8678038716325,5842.455331236125,5855.075799115003
7400.0,5672.631020098926,6058.460298180581,5862.866801023484,5845.600764453412,5859.889720939101
6000.0,5655.32913170755,6059.126189351083,5862.849251180888,5844.0513640642175,5855.338984075935
5500.0,5656.728606298567,6060.488057136537,5862.8617867827425,5844.693186879159,5856.192909274251
7400.0,5632.9631108790645,6060.369219630958,5862.857775390149,5844.076435267926,5850.066635292024
7000.0,5634.596499800683,6056.076528131963,5862.863792479039,5842.936196923257,5849.118254333735
3000.0,5644.457505643369,6061.402153223754,5862.8532625734815,5842.993860691787,5852.926695533098
7400.0,5669.487592577935,6069.215343147517,5862.868305295707,5845.846963673831,5861.8545511737475
7000.0,5627.654784917832,6061.999349296094,5862.8617867827425,5843.5033075511465,5849.004807136954
6800.0,5627.999513968826,6061.092774569989,5862.862789630891,5843.0685728788385,5848.755912762136
6500.0,5627.4900671094665,6061.959736794234,5862.851758301259,5842.483410984279,5848.69624329731
6000.0,5644.8135167360315,6063.022254407407,5862.847245484591,5842.901097238065,5853.396028466524
6400.0,5631.3542917370805,6055.839855968953,5862.868806719781,5843.329814821483,5848.348192311824
6000.0,5625.590672716499,6053.795048594476,5862.866801023484,5842.896584421397,5846.287276688964
6000.0,5644.622724875809,6055.6177251040945,5862.868305295707,5844.0483555197725,5851.789277698846
8000.0,5656.29462376237,6057.853073626758,5862.86028251052,5844.647557288409,5855.413884297014
6500.0,5642.24070981145,6052.729021012784,5862.848749756814,5842.279832810164,5850.024578347803
6400.0,5652.997509762646,6056.175308674575,5862.86629959941,5844.737312197686,5854.194107558579
7000.0,5629.787842929364,6059.390439838172,5862.864293903113,5845.431784540416,5849.368590302766
4000.0,5626.203914359213,6060.534689575435,5862.862288206817,5844.740822166205,5848.585428576917
6600.0,5650.937659665943,6067.159003019334,5862.878835201264,5846.584558486939,5856.89001409337
6000.0,5614.882761612535,6062.002357840539,5862.851758301259,5843.333826214076,5845.767675992102
8000.0,5640.027173236013,6058.9832834899435,5862.852761149407,5842.978316545487,5851.210383605213
6500.0,5631.476639211179,6052.1363377571115,5862.857273966075,5842.182556539775,5847.163201868535
7400.0,5640.389452129603,6052.84986421466,5862.863291054965,5843.48575770855,5849.897091276945
7000.0,5645.859738066793,6056.239490956069,5862.861285358668,5843.574509769679,5852.133756037802
7500.0,5644.092468917371,6057.865107804538,5862.851256877185,5842.910624295474,5851.929864473642
6000.0,5647.528978809715,6056.81763291359,5862.858276814223,5843.475227802993,5852.67002908513
7000.0,5648.193867132069,6059.01888459921,5862.856772542001,5844.676639884711,5853.686541039498
7500.0,5630.3599677979955,6054.285441339017,5862.8532625734815,5843.044003099204,5847.6356687024245
6000.0,5639.086752384902,6047.84765765071,5862.8532625734815,5842.369587719441,5848.039315082134
6800.0,5646.726198866964,6047.285561263562,5862.865798175336,5843.624150753022,5850.125427264721
7200.0,5647.212580218912,6048.543132841588,5862.857775390149,5844.180731475354,5850.698554981501
8000.0,5647.671132534743,6048.029674589635,5862.865296751262,5843.626657873393,5850.548190437258
7000.0,5633.729537576438,6049.104727804662,5862.8647953271875,5842.545587569476,5847.061162069441
6000.0,5644.316104054452,6057.840036600829,5862.850755453111,5843.28268095851,5852.0723942667255
6500.0,5661.165707930923,6062.783075124026,5862.860783934594,5844.918326288463,5857.931973319502
7500.0,5635.445912182332,6060.399806499482,5862.866801023484,5844.978497177363,5850.922754220665
7000.0,5625.211846828462,6060.9227918088445,5862.861285358668,5844.985015690328,5848.4952349215755
7500.0,5643.438611924649,6063.519667088986,5862.852761149407,5844.45300474763,5853.566011227668
6500.0,5653.087013959886,6062.45664805174,5862.852259725333,5844.092982262374,5855.622225999833
7400.0,5645.120137557388,6063.395815342666,5862.861285358668,5844.7528563439855,5854.032523650677
3000.0,5626.94852910936,6061.446779966355,5862.850755453111,5843.111695349217,5848.589439969511
5000.0,5656.899090483786,6066.77039936185,5862.871815264226,5845.670963823796,5858.053067233414
7000.0,5654.83522899449,6062.119691073895,5862.875325232745,5846.121744066478,5856.487997341902
4000.0,5648.945752531291,6060.6184273958215,5862.8502540290365,5844.799990206958,5854.303606040777
7000.0,5661.865695938469,6060.575304925443,5862.86629959941,5844.443979114295,5857.437819894404
7000.0,5634.52103547752,6053.099573403598,5862.863291054965,5843.388982862235,5848.468220699579
7000.0,5632.034473493696,6053.208382427693,5862.856271117927,5842.363570630551,5847.615674417467
7500.0,5636.66111342609,6055.914066731931,5862.863792479039,5841.904767602683,5849.335935059936
3000.0,5631.332479789854,6062.045480310918,5862.861285358668,5842.377610504628,5849.654213991017
7000.0,5641.815752908588,6076.0432347655305,5862.865798175336,5846.375966072083,5856.7751879803845
3000.0,5603.750896453858,6071.562509238721,5862.861285358668,5843.456173688174,5845.407716184855
6500.0,5622.271746769548,6071.2165266275415,5862.8678038716325,5844.487603008748,5850.210920069368
7000.0,5612.4769289046535,6064.531540870667,5862.870812416078,5844.348207116128,5846.056872326882
7500.0,5645.386644452811,6069.62901800871,5862.849752604962,5845.05020081997,5855.728903971613
6000.0,5651.107893139125,6065.3202809393415,5862.861285358668,5844.400856643916,5855.922579020263
7200.0,5637.90539726615,6065.282172709704,5862.868806719781,5845.111374557019,5852.791937813164
3000.0,5633.616466447712,6064.146948605777,5862.858276814223,5843.178384751082,5850.950019154699
6000.0,5678.767447918654,6074.91603344679,5862.863792479039,5846.215510368348,5865.690696053208
6500.0,5634.394676610828,6065.582525730134,5862.84824833274,5842.878533154727,5851.425995957107
7000.0,5632.147043198348,6057.9182587564,5862.862789630891,5842.851456254722,5848.94488696009
5000.0,5627.631468698383,6055.810271948577,5862.847245484591,5842.039149254561,5847.082033846528
6800.0,5641.164152324201,6046.348901093007,5862.857775390149,5840.331800282002,5847.67565727234
6500.0,5642.374590039254,6038.841579854489,5862.849752604962,5840.374922752381,5846.110211312772
7000.0,5647.267235442997,6040.904939919711,5862.868806719781,5840.623127669097,5847.916027437896
3000.0,5638.656781241299,6048.049731552602,5862.856271117927,5841.8596394360075,5847.855605836959
6600.0,5653.407423943282,6060.389778017999,5862.867302447558,5845.510508120061,5855.543753132225
7000.0,5620.333993434907,6057.585313171149,5862.869809567929,5844.418406486512,5846.301880665124
7500.0,5621.823222935201,6058.66086781025,5862.864293903113,5843.056538701058,5846.601230837406
7500.0,5640.914443135262,6054.969885200263,5862.844236940146,5838.0708791315565,5849.199861101807
7000.0,5630.308321118356,6049.226072430612,5862.851758301259,5832.883145660163,5843.817324377597
4000.0,5609.639370068909,6054.321543872357,5862.859781086446,5835.670060664416,5840.622688923032
7400.0,5631.799556314946,6071.1759112775335,5862.870310992003,5842.947729676963,5852.1983770653615
7500.0,5604.779567942024,6075.955986976624,5862.86028251052,5843.553951382638,5846.787447202952
6800.0,5609.970811381937,6079.315026849509,5862.862288206817,5843.987181782723,5849.033827055247
7000.0,5610.975915938617,6078.881796449424,5862.861285358668,5843.757028132678,5849.119006469847
7500.0,5629.200173914433,6072.401893138886,5862.856772542001,5842.486419528724,5851.736314781011
7400.0,5663.992736861111,6065.5840300023565,5862.8678038716325,5843.05553585291,5858.875026647002
6000.0,5678.346000984312,6062.727918475867,5862.859781086446,5843.655740469695,5861.89736025408
2500.0,5682.097405195237,6067.6248259842405,5862.849752604962,5844.263967871667,5864.208987914027
6000.0,5675.178254395724,6070.407228171826,5862.875826656819,5845.942234247924,5863.600885868073
7500.0,5624.651254713536,6060.592854768039,5862.8502540290365,5843.359900265933,5847.863565944136
6500.0,5636.000737920404,6042.020107060672,5862.85426542163,5835.7838839292535,5844.16474858299
6600.0,5640.736688300968,6044.97098773718,5862.856772542001,5838.831539452077,5846.848997008056
5000.0,5628.844664245845,6045.794827491046,5862.84824833274,5839.243208616973,5844.182737171651
7000.0,5641.305804625154,6049.806721508504,5862.875826656819,5843.07960420847,5849.266989249737
7000.0,5627.199241146446,6056.175308674575,5862.857775390149,5842.762704193593,5847.248757351191
7500.0,5652.14007459581,6063.08392956853,5862.847245484591,5843.06757003069,5855.284704919905
7000.0,5645.372353866697,6065.831232070924,5862.855268269778,5843.695352971555,5854.4385517947385
8500.0,5629.573985561729,6061.751645803452,5862.857273966075,5842.3264652490625,5849.12734264508
5000.0,5633.694437891246,6056.376379728318,5862.845239788295,5841.702192276717,5848.654562421144
6500.0,5667.0100562274465,6057.705153524877,5862.853763997556,5843.1091882288465,5857.669540494681
7500.0,5647.9268588125715,6053.346274048091,5862.868806719781,5841.4915941655645,5851.408383436502
8000.0,5634.99086983502,6052.7159839868555,5862.866801023484,5841.5322095155725,5848.026466090233
8000.0,5646.385230496527,6055.885485559703,5862.853763997556,5843.141780793668,5852.066565211863
7000.0,5648.054972663523,6056.294146180154,5862.856271117927,5842.695513367654,5852.475225832314
6500.0,5652.110490575434,6057.17564970255,5862.846242636443,5843.189416080714,5853.830449748785
7000.0,5640.466922149063,6057.322566956283,5862.850755453111,5843.272151052953,5850.978098902852
7000.0,5620.749924704433,6049.327861517669,5862.859781086446,5842.874521762134,5843.95302226767
7000.0,5628.127126395703,6045.96230313182,5862.857273966075,5841.483571380378,5844.607568718494
5000.0,5661.82257346809,6046.809709817172,5862.848749756814,5841.254922002555,5853.183988761158
7400.0,5666.712711751462,6050.612008571626,5862.876829504968,5843.481244891883,5855.9206986799845
7000.0,5630.072651803494,6054.022193700076,5862.8502540290365,5843.195433169604,5847.535133175553
3000.0,5643.574748560787,6052.437192201615,5862.853763997556,5842.123388499022,5850.247273314745
8400.0,5657.989437133075,6060.630962997676,5862.872818112374,5845.122405886651,5856.653906032444
6500.0,5622.521205246449,6058.126851171256,5862.861285358668,5843.212481588126,5846.680455841125
6000.0,5631.559624895454,6061.682449281217,5862.844236940146,5842.957758158446,5849.761017318816
7000.0,5629.089860618115,6059.32174474001,5862.851256877185,5842.321952432395,5848.396203666926
7000.0,5635.230299830438,6059.336286038161,5862.85426542163,5842.677462100984,5850.024578347803
6000.0,5623.324988037349,6051.462925225497,5862.855769693852,5841.3336455822,5844.744332134725
7200.0,5638.760325312615,6051.927745342256,5862.852259725333,5842.519513517619,5849.014960974456
8000.0,5646.546438336373,6052.228098362685,5862.863792479039,5843.154817819596,5851.1982867494235
6000.0,5633.8182896375665,6053.587459027768,5862.861285358668,5842.757188528777,5848.256055638195
7000.0,5647.570847719909,6056.685256958009,5862.858778238297,5843.2129830122,5852.581966482104
7000.0,5668.814180046321,6058.054646104575,5862.852259725333,5843.59506815672,5858.329038508237
4000.0,5645.739145576955,6055.602682381869,5862.862789630891,5843.209473043681,5851.853522658349
6000.0,5659.117390587927,6066.254433989526,5862.87833377719,5847.303099185229,5858.888314384968
5000.0,5639.311139658094,6069.38031166792,5862.873820960523,5848.230232298375,5854.948876146228
7000.0,5632.611612603069,6071.959135681392,5862.869809567929,5848.13947454095,5853.895008098335
7500.0,5639.388860389591,6072.699739038945,5862.857273966075,5846.822734922172,5855.442152079196
7000.0,5621.2806820869455,6068.8192181289205,5862.858276814223,5843.8106805086145,5849.192214384676
7400.0,5631.28810375929,6065.014412254096,5862.86629959941,5843.671786040069,5850.710150413216
3000.0,5650.65310150385,6067.987857013942,5862.86028251052,5844.4224178791055,5856.480914726854
8000.0,5673.985617235304,6080.182490497828,5862.871815264226,5847.185264527799,5866.056296881289
7000.0,5637.076041847468,6072.65110090375,5862.863291054965,5844.421415030957,5854.252962209285
8000.0,5641.031525656582,6070.625347644092,5862.859781086446,5843.620640784503,5854.5343237929055
7500.0,5639.953965321184,6068.768574297429,5862.848749756814,5843.288196623326,5853.714871499688
8000.0,5648.753707110883,6066.703709959985,5862.840225547553,5842.440789937974,5855.184608139099
7000.0,5644.920069351793,6060.733253508807,5862.845741212369,5841.102489084006,5852.400388289244
6000.0,5646.949583292008,6059.121175110341,5862.865798175336,5841.392312198878,5852.582217194141
7000.0,5647.255451977254,6062.518824636937,5862.868305295707,5842.817359417678,5853.864985331894
3000.0,5666.86088256538,6066.479071974755,5862.858276814223,5844.645050168038,5860.210820380599
7000.0,5676.584247499705,6075.649616867305,5862.86629959941,5847.356751561166,5865.614228881896
7000.0,5629.62212227285,6068.794648349286,5862.8502540290365,5844.012252986432,5851.319819409401
4000.0,5628.385610505939,6054.563731700183,5862.857775390149,5841.1902382969865,5846.7493389733145
8000.0,5629.1076611727485,6050.702264904977,5862.858276814223,5842.18556508422,5846.213441994042
3000.0,5615.412265434862,6040.498786419631,5862.857273966075,5841.298044472934,5840.016592573375
4000.0,5646.700375527144,6044.078954309226,5862.874322384597,5843.950577825309,5849.401057511569
7000.0,5659.512262046338,6042.757200449706,5862.869809567929,5845.210155099631,5852.587356790901
6000.0,5643.991933390499,6041.408871114255,5862.863792479039,5843.642202019692,5847.976699750871
8000.0,5651.314479857684,6045.01310735941,5862.872818112374,5844.673129916192,5850.968383811415
6500.0,5630.112013593317,6051.754252612592,5862.852761149407,5845.1790668070325,5847.474523540587
6800.0,5629.216219484807,6056.1146363616,5862.859279662372,5845.466382801534,5848.414129577578
7000.0,5610.206229984761,6057.668048143388,5862.862288206817,5845.0456880033025,5843.945563584567
7000.0,5613.634466379882,6054.610364139081,5862.849251180888,5843.1121967732915,5843.551569618286
6800.0,5631.433266028763,6052.430673688651,5862.845239788295,5842.071240395308,5847.195104975254
6600.0,5643.211466819049,6047.832614928485,5862.862789630891,5842.696014791728,5849.150721542538
7400.0,5640.8161640167245,6045.989881455899,5862.872818112374,5843.3583959937105,5848.259314894677
7000.0,5665.152029320599,6049.1157591342935,5862.858276814223,5844.118554890157,5855.311155039818
5000.0,5657.374440506102,6054.018182307483,5862.867302447558,5844.107022136451,5854.591736849398
6000.0,5649.826253205539,6059.9921487271795,5862.854766845704,5844.639534503222,5854.328175820411
3000.0,5625.696222484113,6052.439197897912,5862.846744060517,5843.168356269599,5846.037630178035
6800.0,5637.672987207771,6050.8115753531465,5862.873319536448,5843.974646180869,5848.833132069559
6500.0,5615.74370674789,6041.036814451219,5862.851256877185,5841.386796534062,5840.254643652589
6600.0,5639.694979786874,6036.987313628198,5862.849251180888,5840.714888274671,5845.0616082176575
7000.0,5622.374538704754,6031.64764866233,5862.849251180888,5838.796439766885,5838.916969578714
7000.0,5633.91782231629,6027.978227287532,5862.857273966075,5839.164485037328,5840.979452151806
5000.0,5641.8829437345275,6030.291296541692,5862.8617867827425,5840.690318495036,5843.931586388499
8000.0,5681.735878437758,6043.759547173978,5862.8763280808935,5844.840605556966,5858.303089812399
6600.0,5657.595819234849,6050.421968847514,5862.84824833274,5843.602589517833,5853.617156483234
6000.0,5667.101315408946,6054.709144681693,5862.847245484591,5842.6162883639345,5856.818498484791
4000.0,5647.471064329148,6055.437713861466,5862.858276814223,5843.2571083307275,5852.256040833891
7000.0,5637.213181331755,6058.754634112121,5862.871815264226,5844.660594314338,5850.87505625561
7000.0,5628.076231852175,6057.371205091477,5862.859279662372,5844.8947593569765,5848.30036899075
5000.0,5637.823414430023,6056.533325463534,5862.858778238297,5842.139434069396,5849.838738050313
7500.0,5647.7297991514215,6057.240834832192,5862.853763997556,5841.919810324908,5852.436052076519
8500.0,5624.205237999559,6050.6897293031225,5862.856271117927,5842.1409383416185,5844.973044190557
7500.0,5621.99195213616,6044.364766031505,5862.846242636443,5840.357874333859,5842.390208784492
4000.0,5642.97905676067,6040.375436097384,5862.8647953271875,5840.1638232171545,5846.595777850599
3000.0,5691.627721861006,6047.560341656209,5862.875826656819,5844.317620247603,5861.595377605409
6500.0,5694.365998730064,6059.65218320489,5862.86629959941,5847.096011042596,5865.99512314424
7000.0,5650.304110348226,6051.912201195956,5862.868806719781,5845.053710788489,5852.534707263113
7000.0,5630.732024461032,6045.754212141038,5862.848749756814,5842.578180134297,5845.478291623295
6000.0,5636.608213186265,6039.330468326808,5862.863291054965,5841.597394645215,5845.099841803313
3000.0,5629.954817146064,6038.319597393275,5862.847245484591,5840.547914057971,5842.917393520475
7000.0,5652.737521380187,6041.010740399362,5862.874322384597,5842.559627443553,5849.795552901925
7400.0,5631.88354484737,6036.017559468747,5862.853763997556,5840.842751413585,5842.899404931814
7000.0,5648.550630360843,6036.438755691052,5862.852259725333,5840.3147518634805,5847.039099410177
7000.0,5646.780854091049,6039.908108860255,5862.845239788295,5840.829212963582,5847.590853925795
6500.0,5632.454416155816,6040.19341915846,5862.852259725333,5839.658889174462,5843.789746053518
5000.0,5642.083764076234,6044.893768429757,5862.860783934594,5841.0017028450975,5847.710004821421
6500.0,5644.822542369367,6050.61852708459,5862.868806719781,5841.92482456565,5850.058675184847
3600.0,5660.457947850228,6056.969564408065,5862.862288206817,5843.89542117715,5856.046305410565
7000.0,5656.91588819027,6062.7605110406885,5862.882846593858,5846.130268275739,5857.172378525139
6400.0,5618.835236877204,6064.9722926318655,5862.8647953271875,5844.525209814311,5847.799383662642
7500.0,5638.559504970909,6068.271161615849,5862.845239788295,5843.700868636371,5853.344193752856
7000.0,5627.037030458451,6056.956025958062,5862.844738364221,5837.11967766285,5845.989368110896
7500.0,5595.784772187472,6051.985409110785,5862.860783934594,5836.062675714494,5836.673410236836
7000.0,5606.010313332082,6054.420825839044,5862.852761149407,5838.165146857501,5840.362261794508
8000.0,5629.236777871848,6056.30567893386,5862.852259725333,5839.57815989852,5846.99321910739
7500.0,5644.1265657544145,6057.76081159711,5862.851256877185,5840.946044772864,5851.421169750393
6500.0,5637.943004071713,6058.487375080586,5862.859279662372,5841.6886538267145,5850.2445781603465
7000.0,5637.396201118828,6059.628616273404,5862.858778238297,5842.283844202758,5850.541859958322
4000.0,5646.5682502836,6056.929951906205,5862.856772542001,5841.296038776637,5851.912753377111
6500.0,5674.458460137249,6055.129839479924,5862.857775390149,5842.415718734265,5858.715448435397
7400.0,5637.028406560422,6045.139967650176,5862.869308143855,5840.947549045087,5846.496307849885
5000.0,5632.2904504835615,6043.711911886931,5862.863291054965,5840.205942839385,5844.767899066211
7000.0,5653.156962618233,6052.346935868264,5862.875325232745,5843.945563584567,5853.081196825952
5500.0,5653.202090784908,6055.464790761472,5862.8532625734815,5843.802156299354,5853.830575104804
5000.0,5655.81275522709,6056.850726902486,5862.858778238297,5843.44363808632,5854.741474613548
6500.0,5636.110549792648,6054.875116050244,5862.869809567929,5844.338680058719,5849.548538867385
2500.0,5613.351412490011,6048.963827639819,5862.845741212369,5842.296379804612,5841.864340286703
6600.0,5644.442964345218,6049.813741445542,5862.875325232745,5844.239899516107,5850.342982634903
8000.0,5616.671090573073,6038.918297737838,5862.8502540290365,5840.9089393913755,5839.837145432831
8000.0,5638.3200749754915,6034.14223343134,5862.863792479039,5839.74513411522,5843.767808750273
6000.0,5660.529651492835,6042.191092669965,5862.8617867827425,5841.054352372886,5851.659220829607
3000.0,5690.471688658,6058.999830484391,5862.84824833274,5843.409541249276,5863.932327181102
3000.0,5690.006868541242,6063.76887485385,5862.867302447558,5844.61997896433,5865.315756201745
7000.0,5657.332571595908,6067.375116795302,5862.86629959941,5845.907635986806,5858.370405994357
6000.0,5628.8002882152805,6055.357486009599,5862.861285358668,5842.855969071389,5847.468757163734
6000.0,5628.186043724419,6051.874594390393,5862.85426542163,5841.107001900674,5846.005476359279
7000.0,5637.944508343936,6047.230404615403,5862.868806719781,5840.918466448785,5847.240546531976
8000.0,5636.815301328898,6047.27803990245,5862.848749756814,5840.421555191279,5846.84091154486
7500.0,5648.068761825562,6042.584209144116,5862.844738364221,5839.102809876204,5848.150129802526
6700.0,5649.536430090667,6044.410395622254,5862.857273966075,5840.67878574133,5849.3707213550815
7000.0,5649.207746610046,6050.940942764283,5862.859781086446,5840.592540800572,5850.900252815337
6800.0,5648.478425294162,6052.0841896533975,5862.840726971627,5840.04548713565,5850.862207263709
8000.0,5643.46694238484,6053.5944789648065,5862.860783934594,5841.41537770629,5850.334395747633
6600.0,5625.083231553436,6050.3592908382425,5862.854766845704,5840.255583822728,5844.638218265028
6800.0,5654.019161313773,6054.233293235303,5862.8678038716325,5842.444801330567,5853.391264937819
7000.0,5667.664163932205,6063.216806948186,5862.857775390149,5843.812184780837,5859.387732762844
7000.0,5667.813588306309,6067.534068226815,5862.856271117927,5843.445643782617,5860.412392858417
7000.0,5639.079983159901,6065.150799602271,5862.858778238297,5841.334648430348,5852.106052357704
7000.0,5634.50122922659,6067.792301625014,5862.849752604962,5841.519172489644,5851.665613986553
6000.0,5638.170650601388,6061.949708312751,5862.866801023484,5841.009725630284,5850.999221391977
7000.0,5653.92990782857,6062.037958949805,5862.872818112374,5842.958761006595,5855.449861474336
7000.0,5657.6482180506,6065.731448680163,5862.851256877185,5843.008903414012,5857.30995675549
6000.0,5683.171455562116,6064.251746237279,5862.861285358668,5843.023444712163,5863.326982967556
6000.0,5647.794232144953,6068.037999421359,5862.8617867827425,5843.8397631049165,5855.633445363493
4000.0,5627.943855896593,6063.610926270486,5862.859781086446,5842.106340080501,5849.130225833506
7000.0,5643.492515012623,6065.852793306113,5862.865798175336,5842.790783941747,5853.750472608955
7200.0,5645.057710260154,6059.615077823401,5862.863291054965,5842.501963675023,5852.509510703386
7300.0,5637.173067405821,6060.888694971801,5862.865296751262,5843.31627637148,5851.060833875091
7500.0,5638.592348247767,6063.477547466756,5862.861285358668,5843.151809275151,5852.020747587086
7200.0,5626.927469298244,6066.124063730241,5862.862288206817,5842.967285215856,5849.720276612789
6000.0,5632.39299170673,6067.581703513862,5862.853763997556,5842.9728008806715,5851.450315024705
7500.0,5644.94614340365,6065.789613872767,5862.8617867827425,5843.917483836413,5854.378756973893
2500.0,5637.742183730007,6054.49854657054,5862.85426542163,5837.156281620265,5848.062819335611
3000.0,5645.4743936657915,6061.848420649768,5862.868305295707,5841.684141010047,5852.968815155328
8000.0,5631.563887000085,6064.4999511539945,5862.872818112374,5843.556959927083,5850.623404048384
8000.0,5602.337883412839,6052.244645357133,5862.862789630891,5840.795617550612,5839.560233987869
7000.0,5627.8059642761955,6050.710287690164,5862.858276814223,5841.113520413638,5845.622012298555
7200.0,5650.62552317977,6057.146065682174,5862.848749756814,5841.973462700845,5853.148450329901
5000.0,5668.390476703645,6053.924416005612,5862.863792479039,5841.4625115692625,5856.66029918939
6000.0,5655.033792927862,6055.0235375761995,5862.857775390149,5841.195753961802,5853.527714964003
7500.0,5661.3254114985475,6056.701803952456,5862.865296751262,5842.78276115656,5855.918818339706
7000.0,5658.667863905431,6057.700640708209,5862.840726971627,5841.719742119313,5855.232243426145
6000.0,5658.631510660053,6057.2267949581155,5862.858276814223,5841.108004748822,5854.9561467953035
6500.0,5637.070275470615,6058.845391869546,5862.858276814223,5842.383627593518,5850.289392936976
6800.0,5626.57070606947,6057.243341952563,5862.86629959941,5842.4162201583395,5847.274141944946
3000.0,5651.3997219502935,6060.471510142089,5862.863792479039,5843.591056764127,5854.581520333887
4000.0,5674.983952566982,6067.739652097226,5862.877832353116,5846.839281916619,5863.110179733486
7000.0,5640.897645428778,6070.1700545847425,5862.880339473487,5847.461047768594,5855.3522718139
3000.0,5611.461043730379,6065.207460522653,5862.850755453111,5844.389825314284,5845.977271255107
8000.0,5637.0880760252485,6061.471851170064,5862.8723166883,5844.376286864282,5851.4521326869735
7000.0,5600.175492092968,6048.177093267442,5862.850755453111,5840.995184332133,5838.049631286413
8000.0,5621.696864068509,6041.389816999436,5862.8532625734815,5840.104153752328,5841.511024348439
6500.0,5629.696583747865,6038.087438046933,5862.856772542001,5840.149281919003,5842.6975190639505
5000.0,5645.3267242759475,6039.803812652827,5862.856271117927,5840.53938984871,5847.131549473853
7000.0,5669.992777332664,6043.2340547442445,5862.873319536448,5843.079102784396,5854.794813599438
4000.0,5659.530564025045,6049.163895845414,5862.8617867827425,5843.693347275258,5853.812398482115
8000.0,5659.300911799074,6056.0554683208475,5862.868305295707,5845.134440064431,5855.839781370015
6500.0,5620.91288752854,6053.129658848048,5862.855268269778,5843.241564184428,5845.0348447076985
6200.0,5639.530512690545,6052.240132540465,5862.8647953271875,5842.40067601204,5849.2590291425595
7000.0,5654.632653668524,6057.011684030295,5862.8678038716325,5844.188252836467,5854.67509860173
8000.0,5631.880536302925,6058.572115749122,5862.860783934594,5842.600242793561,5848.97841969505
7000.0,5633.078689128161,6057.324071228505,5862.849251180888,5841.614944487811,5848.716739006341
6500.0,5642.7178148180255,6059.283636510373,5862.866801023484,5841.573827713729,5851.610520016403
7000.0,5646.396011114121,6062.121696770192,5862.864293903113,5842.414715886117,5853.449179418386
6800.0,5649.230310693384,6065.705374628306,5862.863291054965,5842.731615900994,5855.132648069412
6800.0,5641.0420555621395,6070.296914875508,5862.863291054965,5843.400515615941,5854.400694277138
7000.0,5640.3157427907,6069.03182193637,5862.851758301259,5842.3490293324,5853.637088090182
7000.0,5634.8732858896265,6061.065697669984,5862.866801023484,5842.067229002715,5850.218253396452
7000.0,5637.7201210707435,6060.744786262513,5862.861285358668,5842.982327938081,5851.077130157501
6000.0,5660.529902204872,6063.454983383418,5862.855769693852,5843.197438865901,5857.509523537011
7400.0,5644.984251633287,6058.761654049159,5862.852761149407,5841.390807926656,5851.997368689627
8400.0,5645.232456550003,6050.934925675393,5862.86028251052,5840.991674363614,5850.0048347748825
5000.0,5638.221294432879,6047.813560813666,5862.861285358668,5840.263606607915,5847.289936803282
7000.0,5672.760387510062,6058.826337754727,5862.876829504968,5844.049859791995,5859.628353640438
6000.0,5662.3776499181995,6065.429089963437,5862.856772542001,5844.81102153659,5858.868633490057
7000.0,5665.550160035492,6069.562328606845,5862.870812416078,5844.7904631495485,5860.693441051991
6500.0,5618.613106012345,6066.654570400716,5862.856271117927,5842.289359867574,5847.60332684964
7400.0,5634.862003847958,6066.910798102618,5862.851758301259,5841.812004148961,5851.609141100199
7000.0,5626.550649106503,6063.832054287196,5862.850755453111,5840.379936993123,5848.403348959983
7000.0,5641.807980835439,6060.381253808738,5862.856271117927,5839.067208766938,5851.02817863226
6000.0,5650.398879498244,6062.121696770192,5862.846242636443,5839.803800731898,5853.792654909194
7000.0,5658.574849739672,6064.025102555753,5862.868305295707,5842.079764604569,5856.887005548925
8000.0,5642.936185002328,6062.064033001662,5862.857273966075,5841.580346226693,5852.3594595491895
5000.0,5658.010998368264,6060.680102556945,5862.855769693852,5842.054693400861,5855.9003910049805
7000.0,5673.421264439822,6067.787788808347,5862.854766845704,5843.625655025245,5861.922368779779
6500.0,5643.521848320962,6062.209947407247,5862.856271117927,5840.682295709849,5852.317590638996
7000.0,5639.772199094296,6058.715523034335,5862.864293903113,5841.441953182221,5850.698492303492
3000.0,5631.300890073181,6058.464810997249,5862.866801023484,5840.815674513579,5848.362044151873
8000.0,5650.951448827983,6069.7293028235445,5862.868806719781,5844.120059162379,5856.917404383422
3000.0,5630.157643184067,6063.372749835254,5862.854766845704,5842.554111778737,5849.73481791094
7500.0,5652.566786482931,6067.625327408315,5862.86629959941,5844.911807775498,5856.9925553165385
4000.0,5613.353167474271,6049.978709965945,5862.856271117927,5835.440408438445,5840.407139249147
6000.0,5621.0923973470935,6052.589625120164,5862.877832353116,5838.604895770551,5843.791187647731
7500.0,5590.063523501159,6054.099914431573,5862.850755453111,5839.198080450297,5836.553068459035
6000.0,5602.684116736055,6050.370322167874,5862.859279662372,5839.850433170796,5838.941037934274
4000.0,5623.4636317938575,6053.436028957368,5862.868806719781,5841.936357319356,5845.426206197591
6200.0,5641.689394041897,6060.657538473607,5862.8678038716325,5844.004731625319,5852.304867003114
7000.0,5656.429506838323,6062.660727649928,5862.868806719781,5844.807010143996,5856.691512838007
7000.0,5650.799517333508,6064.31191712618,5862.850755453111,5843.399512767793,5855.340425670148
6000.0,5646.616136282683,6055.883479863406,5862.860783934594,5840.731936693192,5851.523084193469
7000.0,5649.410572648049,6055.84186166525,5862.862288206817,5841.8947391212,5852.502365410329
6500.0,5645.21465599537,6053.149715811015,5862.860783934594,5840.960586071015,5850.546435452999
6500.0,5657.005893811584,6056.454601883889,5862.85426542163,5840.939024835826,5854.313446488232
7500.0,5653.047150745989,6059.888353943826,5862.855769693852,5841.019252687694,5854.20263176784
7000.0,5629.149028658868,6060.309048742057,5862.868305295707,5841.177201271058,5848.375895991922
6000.0,5625.159949436785,6061.769697070123,5862.864293903113,5841.131070256234,5847.731252666564
7000.0,5653.039378672839,6064.734116196633,5862.852761149407,5842.10383296013,5855.682522244752
7400.0,5653.773463517428,6065.864827483893,5862.852761149407,5841.770887374879,5856.065484881402
6500.0,5642.570145428182,6062.363884598018,5862.84824833274,5840.649703145028,5852.107995375992
6000.0,5646.114962920547,6061.133891344071,5862.8617867827425,5842.198100686074,5853.077185433359
7200.0,5632.0703253149995,6061.508455127479,5862.869308143855,5842.582191526891,5849.757570028306
8000.0,5633.250677585603,6060.220296680928,5862.867302447558,5844.690679758788,5850.257239118219
7000.0,5630.479557439686,6064.251746237279,5862.859279662372,5846.981686353684,5851.143067423255
7000.0,5632.602586969734,6068.1698739528665,5862.859279662372,5847.998072952033,5852.907453384251
7500.0,5626.844483613969,6068.130261451007,5862.858276814223,5847.59392514825,5851.356736756862
6500.0,5626.7040848732,6068.698876351119,5862.859781086446,5848.572203516961,5851.708736456932
7500.0,5638.716450706125,6073.44535663724,5862.8647953271875,5849.953626841308,5856.245057377965
6800.0,5636.170971393586,6077.235621213914,5862.86028251052,5850.132635235787,5856.599877588452
7400.0,5638.979949057103,6072.786986827851,5862.86028251052,5849.221547693015,5855.962191522122
6800.0,5639.475356042386,6070.033165812493,5862.853763997556,5849.43966716528,5855.450488254429
6500.0,5645.253014937044,6069.90780979395,5862.863792479039,5849.953626841308,5856.994561012835
6800.0,5629.177860543133,6064.9637684226045,5862.850755453111,5847.979520261289,5851.242976170034
7400.0,5633.801241219045,6061.955725401641,5862.851256877185,5847.469571977855,5851.519448868931
7400.0,5638.686615973712,6061.651862412692,5862.8617867827425,5847.334187477828,5852.633613161744
8000.0,5632.375692576171,6064.954742789269,5862.849752604962,5847.186768800021,5851.841739192606
8000.0,5639.118843525649,6065.672280639411,5862.843234091998,5846.001402288676,5853.408940136434
6000.0,5644.496616721154,6064.800805598498,5862.857273966075,5846.450176835061,5854.651218280197
6800.0,5642.1436842530975,6070.334521681071,5862.859279662372,5848.450357466937,5855.946960765869
3000.0,5636.945170164109,6073.038200289012,5862.8617867827425,5849.196977913381,5855.510533787311
7400.0,5639.853931218387,6077.061125636102,5862.870812416078,5851.190640032292,5857.7441273257145
6600.0,5610.319802537561,6070.299923419953,5862.851758301259,5848.874562233687,5848.086511623115
6500.0,5627.294511720539,6063.464009016753,5862.849251180888,5846.82373777032,5850.107877422125
4000.0,5624.9129980802545,6063.358208537103,5862.8647953271875,5846.792148053647,5849.482037499548
6500.0,5637.122423574329,6066.677134484054,5862.872818112374,5849.3734791874895,5854.011463839562
8000.0,5620.014084875585,6073.637903481723,5862.863291054965,5851.542138308288,5852.01435443014
6000.0,5599.840039387346,6072.366793453694,5862.863291054965,5849.517889320851,5846.147003304214
8500.0,5608.346197381617,6075.291600078345,5862.850755453111,5849.15485829115,5848.910852801056
5000.0,5610.02646945417,6065.057534724475,5862.857775390149,5842.101325839759,5845.010776352138
7000.0,5621.569251641632,6069.554807245732,5862.876829504968,5846.205481886865,5850.051592569799
2500.0,5611.302092298866,6079.927265644074,5862.852761149407,5848.917183279992,5850.749825593085
5000.0,5629.78558652103,6091.475563496352,5862.885353714229,5852.19850242138,5859.086251538248
8000.0,5599.502831697465,6096.516881138087,5862.857775390149,5851.159050315619,5852.50913463533
8000.0,5602.692139521242,6087.068547308446,5862.855769693852,5848.271349072457,5850.221951398999
7000.0,5608.7257754057655,6076.266869902612,5862.857775390149,5846.046029031278,5848.474112432451
7000.0,5655.993017181755,6071.854839473964,5862.860783934594,5847.600945085288,5859.5773964189
7000.0,5661.757889762522,6072.835624963046,5862.858778238297,5847.320147603751,5861.193110141904
7000.0,5666.017737984658,6074.974700063468,5862.849752604962,5847.212842851878,5862.763758376242
7000.0,5633.657833933831,6072.3527535796175,5862.856271117927,5846.06558457017,5853.733110800386
8400.0,5622.630014270545,6072.787989676,5862.852761149407,5846.577538549901,5851.212075911463
7000.0,5614.465075358749,6069.751866906882,5862.861285358668,5845.424764603377,5848.125748056919
4000.0,5628.573644533754,6076.752749830485,5862.864293903113,5846.55698016286,5853.686917107553
2500.0,5658.666610345245,6088.101480901242,5862.8723166883,5851.795357465745,5865.358941350133
6600.0,5650.961226597429,6097.113575786353,5862.871313840152,5854.584278166295,5866.382598597557
5000.0,5602.854851633311,6088.630483299495,5862.871313840152,5851.670001447202,5851.50666255504
6800.0,5596.249341592194,6079.363664984704,5862.860783934594,5849.100704491139,5846.893623750658
3000.0,5607.8329898417005,6072.4695853889,5862.851758301259,5847.997070103885,5847.787850908936
7000.0,5636.92962601781,6079.429351538421,5862.865296751262,5851.052246987821,5857.569130323828
6500.0,5604.405505582691,6069.396357238294,5862.86028251052,5846.550461649896,5845.80315174535
7000.0,5624.614650756122,6069.328163564206,5862.863792479039,5847.318643331529,5851.031312532724
7000.0,5619.394324719907,6069.185257703067,5862.862288206817,5846.471236646176,5849.478276818992
6500.0,5632.849789038301,6075.705776363612,5862.850755453111,5847.68167436123,5854.7719988040635
7000.0,5632.569242268802,6072.9644909501085,5862.856772542001,5847.3587572574625,5853.937315754593
7000.0,5611.116816103459,6070.19261866808,5862.863792479039,5846.123749762774,5847.574244253338
6000.0,5619.259943068028,6070.041690021754,5862.8678038716325,5846.949093788863,5849.77963268757
6000.0,5635.414071753622,6074.807725846768,5862.85426542163,5848.429297655822,5855.3763401694605
7500.0,5634.455348923803,6079.178639501334,5862.871815264226,5850.505694746972,5856.752874609084
8500.0,5615.395718440414,6079.664018005134,5862.857273966075,5850.653614848853,5852.142656315119
7500.0,5606.787269935013,6074.628717452289,5862.847746908666,5848.405730724336,5848.167366255076
4000.0,5612.0710261166105,6068.881394714118,5862.8678038716325,5847.874221205712,5847.923611477018
6600.0,5631.611020863057,6074.479293078185,5862.859781086446,5850.062435865403,5854.753132723273
8000.0,5625.85392035544,6065.675289183856,5862.870812416078,5849.155861139298,5850.888970773668
5000.0,5641.992254182697,6065.148793905974,5862.8532625734815,5849.489308148623,5854.870904702694
7000.0,5646.819965168835,6069.020289182664,5862.870812416078,5850.364293158055,5857.268839981408
6000.0,5642.657894641162,6067.047686874867,5862.8532625734815,5849.253137409688,5855.4529953748
7000.0,5633.880466222764,6067.616803199054,5862.870310992003,5849.797182530166,5853.541190735997
7200.0,5618.202941119672,6068.543434888125,5862.857273966075,5849.042037874461,5849.661421962083
3000.0,5642.685472965241,6066.930353641511,5862.858778238297,5848.877069354058,5855.337918549777
6000.0,5639.91986848414,6076.068807393313,5862.875826656819,5851.31649747491,5857.545250002296
3000.0,5610.530902072788,6074.50636997819,5862.84824833274,5849.185946583749,5849.267866741867
7000.0,5628.512972220779,6075.406426191331,5862.866801023484,5851.28290206194,5854.517275374384
7000.0,5590.999932959677,6064.378606528045,5862.865296751262,5847.710255533458,5841.48852294311
5000.0,5620.812352001668,6065.132246911527,5862.86028251052,5848.4894685447225,5849.323587492109
8000.0,5629.742965474726,6066.389818489552,5862.856772542001,5848.744693398477,5851.933562476189
7500.0,5611.6227529943,6059.335283190013,5862.864293903113,5847.363771498204,5845.296525396408
7500.0,5632.766803354026,6051.7507426440725,5862.8532625734815,5841.323115676642,5847.1734810620555
7500.0,5645.637105777861,6059.820160269738,5862.856772542001,5843.9701333642015,5853.07104298845
7000.0,5634.918915480376,6062.18638047576,5862.845741212369,5840.925486385823,5850.219130888582
5000.0,5605.39431385696,6069.5467844605455,5862.847245484591,5842.884550243617,5845.168223511429
6500.0,5602.622441574932,6070.811877399684,5862.877330929042,5846.65074646473,5845.740599092097
3500.0,5595.16451060772,6074.019487202168,5862.8532625734815,5848.335029929877,5845.093072578312
6500.0,5625.482615828515,6076.404761523009,5862.873820960523,5850.135142356158,5853.724085167051
2500.0,5616.89422428608,6066.457009315492,5862.846242636443,5847.5879080593595,5848.446346074344
7000.0,5647.6021867245445,6067.100336402656,5862.876829504968,5850.105056911708,5856.921102385969
6000.0,5623.167039453984,6061.844409257174,5862.863291054965,5847.560831159354,5848.858892731369
5500.0,5642.326202616096,6065.987676382066,5862.8502540290365,5848.128944635392,5854.823269415648
7200.0,5641.2624314427385,6068.896938860417,5862.876829504968,5849.355427920819,5855.597906932236
7000.0,5619.413629546762,6074.598130583764,5862.859279662372,5848.224215209485,5851.273813750596
6500.0,5634.20263119042,6076.628898084165,5862.84223124385,5847.3096176981935,5855.245844554157
7000.0,5631.236707791687,6078.798560053111,5862.869308143855,5847.263988107444,5855.042141024024
7000.0,5616.263683512808,6088.538722693921,5862.846744060517,5848.026152700187,5853.918825741858
3000.0,5619.809754565359,6087.196911871434,5862.864293903113,5846.73247858882,5854.150859732182
7200.0,5636.651335656644,6095.023138821126,5862.866801023484,5850.501683354379,5861.260739713908
4000.0,5623.663699999453,6085.756320506335,5862.862288206817,5848.386676609517,5855.16724633053
7000.0,5636.9404066354045,6087.910438328982,5862.868305295707,5849.09117743373,5859.202581923456
8000.0,5637.834696471692,6079.926262795926,5862.863291054965,5847.818061709405,5857.110578007997
7000.0,5618.798883631826,6073.99441599846,5862.8502540290365,5845.633858442307,5850.3193530254075
7000.0,5627.368722483517,6073.4428495168695,5862.852259725333,5846.108205616475,5852.443009335549
6200.0,5617.961004003883,6073.351088911296,5862.8617867827425,5846.868364512921,5850.260561052711
6800.0,5617.220149934293,6078.486172854901,5862.865296751262,5848.890607804061,5851.865556836129
6000.0,5612.525065615774,6082.847559452058,5862.867302447558,5850.48262923956,5852.180639188738
6000.0,5612.672484293581,6084.206418693067,5862.871313840152,5851.4548905193815,5852.801276836545
6000.0,5614.391616731883,6084.4556264579305,5862.865798175336,5851.643927395345,5853.3392421901235
3000.0,5617.591705173255,6081.077532470227,5862.870812416078,5850.601466745139,5853.035379201175
7000.0,5622.864931449295,6086.594200134278,5862.870812416078,5852.279231697322,5856.152293924243
4000.0,5602.86613367498,6077.2346183657655,5862.856271117927,5849.105217307807,5848.01556011662
6000.0,5623.903882130981,6073.7065985798845,5862.869308143855,5849.370972067119,5852.46269023046
4000.0,5617.004537582398,6069.288049638272,5862.864293903113,5849.263165891171,5849.605011753739
6000.0,5624.021215364338,6072.557836025954,5862.880339473487,5850.893796980382,5852.58829696104
7200.0,5603.4294836223135,6074.375999718905,5862.8723166883,5849.917022883893,5847.648705728353
7000.0,5616.50612205267,6075.400409102441,5862.863792479039,5849.253638833762,5851.005990616978
6500.0,5619.893743097783,6082.613895833493,5862.851256877185,5849.29425418377,5853.663287498058
7400.0,5621.219508349896,6080.8609172701845,5862.868305295707,5849.626196920873,5853.643731959165
5000.0,5616.802965104581,6078.838172554971,5862.865296751262,5848.485457152129,5851.747972890736
6600.0,5639.768187701703,6085.855101048947,5862.874322384597,5851.637910306455,5860.033880360425
6600.0,5628.744880855084,6082.484528422357,5862.852761149407,5849.714948982001,5855.949279852212
8000.0,5637.148497626186,6073.900148272515,5862.850755453111,5847.8110417723665,5855.427610781045
7000.0,5624.172394722701,6064.310914278031,5862.845239788295,5846.166872233153,5849.373855255545
7500.0,5624.8405423015365,6063.547245413066,5862.852259725333,5846.659270673991,5849.474829528482
7000.0,5627.52416394651,6064.4302532076845,5862.8532625734815,5847.330677509309,5850.534589309246
8400.0,5638.444929569961,6068.308266997338,5862.863291054965,5848.35458546877,5854.492768272758
6500.0,5628.691729903222,6071.654771268369,5862.863792479039,5847.022301703692,5852.558148838581
6400.0,5650.705500319601,6083.7771996855745,5862.863291054965,5850.004772096873,5861.837690789253
5000.0,5646.569253131748,6089.159485697747,5862.845741212369,5850.019814819098,5862.148573715241
6000.0,5641.657553613187,6084.74996238947,5862.875826656819,5850.917363911868,5860.050176642836
5500.0,5614.72406089306,6081.0900680720815,5862.854766845704,5849.942595511676,5852.15287283063
7000.0,5627.309303730727,6072.6195111870775,5862.859279662372,5848.85199815035,5852.910023182631
7000.0,5624.065089970828,6066.268473863603,5862.858276814223,5848.161537200213,5850.338344462217
7000.0,5625.809544324876,6062.210950255395,5862.853763997556,5847.170221805573,5849.51112009585
3500.0,5637.0213866233835,6059.905903786422,5862.863291054965,5847.89678528905,5851.921841688455
7500.0,5644.055363535882,6072.925379872323,5862.871815264226,5851.665990054608,5857.87963718176
5000.0,5619.385549798609,6070.922190696002,5862.863291054965,5849.916521459819,5850.771888252349
7000.0,5632.16409161687,6073.578234016896,5862.874823808671,5851.226241141559,5854.960847645999
4000.0,5624.380485713483,6078.476144373418,5862.864293903113,5851.160554587842,5854.220369644464
7000.0,5624.238081276418,6082.933302968741,5862.869809567929,5852.216052263976,5855.564311519266
7000.0,5593.12597103417,6075.706277787686,5862.868806719781,5851.262343674899,5845.740849804134
8000.0,5604.3393176049,6075.374836474658,5862.863792479039,5850.550822913648,5848.282192368061
8000.0,5612.87305392325,6074.037538468839,5862.850755453111,5849.323838204146,5849.771296512336
7000.0,5617.492673918606,6069.874715805055,5862.8502540290365,5848.228728026153,5849.611592944712
7000.0,5628.811570256949,6069.657599180938,5862.8678038716325,5847.859679907561,5852.29916330427
7000.0,5637.329010292889,6073.789834976197,5862.857273966075,5847.952944785357,5855.4822660051295
7000.0,5643.495523557068,6072.813562303782,5862.861285358668,5846.904968470336,5856.518834922464
7000.0,5648.76774698496,6073.533607274295,5862.866801023484,5847.110050916673,5858.069551549853
6000.0,5647.820556908847,6081.787548959256,5862.846744060517,5848.110391944648,5860.141310468317
6000.0,5647.8110298514375,6079.604849964381,5862.873319536448,5849.451199918986,5859.935099817813
7500.0,5629.595045372845,6080.311857908965,5862.860783934594,5849.3388809263715,5855.526642035694
7000.0,5638.899470493198,6079.780348390342,5862.841228395701,5848.3009330928335,5857.455495093019
3000.0,5640.538124367596,6076.847518980504,5862.853763997556,5847.958460450173,5857.049466948957
4000.0,5637.209671363235,6083.553564548493,5862.8723166883,5850.654617697001,5858.572542574258
6000.0,5625.802524387837,6082.369200885297,5862.877330929042,5851.419790834189,5855.617211759091
6500.0,5617.70402416587,6082.468482851983,5862.863792479039,5851.212201267482,5853.562125191093
6800.0,5617.990337312222,6080.5971682071695,5862.856271117927,5849.277707189322,5852.68037095666
6000.0,5623.19837845862,6077.591632306577,5862.859781086446,5848.832944035531,5853.120683971793
6000.0,5611.665374040605,6076.181627810002,5862.867302447558,5849.1648867726335,5849.9697977677
7000.0,5612.134205549956,6077.748076617719,5862.858276814223,5849.916521459819,5850.664270110429
7000.0,5609.547108039261,6073.442348092795,5862.864293903113,5848.702072352172,5848.638955596835
8500.0,5614.909838512541,6074.861879646779,5862.850755453111,5848.264329135419,5850.221700686962
6500.0,5612.752712145449,6065.0449991226205,5862.8532625734815,5845.894598960877,5846.636393200607
7000.0,5624.862855672837,6061.502939462663,5862.856772542001,5846.386997401715,5848.902391269804
3000.0,5634.326984360815,6058.862440288068,5862.850755453111,5846.568512916566,5850.65217325464
6500.0,5654.749736189843,6068.855320662261,5862.877330929042,5851.4809645712385,5859.490838088096
6500.0,5613.164632022382,6070.142977684737,5862.868305295707,5850.7794722914705,5849.238846823574
6400.0,5615.103638917209,6071.450190246106,5862.86028251052,5849.190459400416,5849.651142768563
6200.0,5632.869093865157,6074.485310167075,5862.8647953271875,5849.918025732041,5855.034306272865
6500.0,5622.284282371403,6079.251847416163,5862.866801023484,5850.647597759963,5853.762632142753
